country,year,ictskillverifrel_ag75orover_f
BGD,2021,0.1635899990797043
CZE,2021,0.773419976234436
FRA,2021,3.45497989654541
MEX,2017,4.219620227813721
MEX,2018,6.990560054779053
NOR,2021,13.19456958770752
