country,year,cr_3_dis_m
BGD,2011,5.275499820709229
BWA,2011,29.57745933532715
DOM,2010,33.28221130371094
KHM,2021,8.247440338134766
MDV,2017,20.58687019348145
MLI,2018,0.0
NER,2018,0.0
NGA,2018,0.0
NPL,2011,10.62417030334473
PAK,2018,15.59068965911865
PHL,2010,41.19598007202148
PRI,2010,65.90625
RWA,2012,3.960400104522705
TLS,2016,0.0
TZA,2012,6.157400131225586
ZAF,2016,29.2934398651123
ZAF,2020,0.0
ZAF,2021,0.0
ZMB,2010,10.22964954376221
