country,year,cr_mod_1_gpia
afg,1990,0.286432147026062
afg,1991,0.2843602001667023
afg,1992,0.286995530128479
afg,1993,0.2851063907146454
afg,1994,0.288617879152298
afg,1995,0.2906976640224457
afg,1996,0.2883895039558411
afg,1997,0.287272721529007
afg,1998,0.283687949180603
afg,1999,0.2817869484424591
afg,2000,0.2814569473266602
afg,2001,0.2888889014720917
afg,2002,0.2990936636924744
afg,2003,0.3162393271923065
afg,2004,0.3368983864784241
afg,2005,0.3600000143051147
afg,2006,0.3887587785720825
afg,2007,0.4207048416137695
afg,2008,0.4492753744125366
afg,2009,0.478515625
afg,2010,0.5064694881439209
afg,2011,0.5341506004333496
afg,2012,0.55759596824646
afg,2013,0.579872190952301
afg,2014,0.6030769348144531
afg,2015,0.625
afg,2016,0.6459537744522095
afg,2017,0.6671367883682251
afg,2018,0.6882758736610413
afg,2019,0.7075471878051758
afg,2020,0.7284768223762512
afg,2021,0.7457846999168396
afg,2022,0.7637292742729187
afg,2023,0.7818410992622375
afg,2024,0.799501895904541
ago,1990,0.4650456011295319
ago,1991,0.4851190447807312
ago,1992,0.5131195187568665
ago,1993,0.5342857241630554
ago,1994,0.5543175339698792
ago,1995,0.5722070932388306
ago,1996,0.5920000076293945
ago,1997,0.6145833134651184
ago,1998,0.6345177888870239
ago,1999,0.6526054739952087
ago,2000,0.6731234788894653
ago,2001,0.6926714181900024
ago,2002,0.7090069055557251
ago,2003,0.7313769459724426
ago,2004,0.7505518794059753
ago,2005,0.7705627679824829
ago,2006,0.7893617153167725
ago,2007,0.8092243075370789
ago,2008,0.8271604776382446
ago,2009,0.8461538553237915
ago,2010,0.8667991757392883
ago,2011,0.8810915946960449
ago,2012,0.8984674215316772
ago,2013,0.9132075309753418
ago,2014,0.927509307861328
ago,2015,0.9431192874908448
ago,2016,0.9566003680229188
ago,2017,0.9679715037345886
ago,2018,0.980701744556427
ago,2019,0.9948096871376038
ago,2020,1.006779670715332
ago,2021,1.01980197429657
ago,2022,1.030595779418945
ago,2023,1.042386174201965
ago,2024,1.053598761558533
alb,1990,0.9937952160835266
alb,1991,0.9937952160835266
alb,1992,0.99482399225235
alb,1993,0.996887981891632
alb,1994,0.9968847632408142
alb,1995,0.9989594221115112
alb,1996,0.9989594221115112
alb,1997,0.9989583492279052
alb,1998,0.9989583492279052
alb,1999,0.9989583492279052
alb,2000,1.0
alb,2001,1.001038432121277
alb,2002,1.002070426940918
alb,2003,1.003095984458923
alb,2004,1.003086447715759
alb,2005,1.00410258769989
alb,2006,1.004094123840332
alb,2007,1.005107283592224
alb,2008,1.006116151809692
alb,2009,1.007121086120605
alb,2010,1.006103754043579
alb,2011,1.007121086120605
alb,2012,1.008138298988342
alb,2013,1.009155631065369
alb,2014,1.009164929389954
alb,2015,1.010193705558777
alb,2016,1.012232422828674
alb,2017,1.012244939804077
alb,2018,1.01225745677948
alb,2019,1.01225745677948
alb,2020,1.013265252113342
alb,2021,1.013265252113342
alb,2022,1.014271140098572
alb,2023,1.013251781463623
alb,2024,1.013251781463623
arg,1990,1.007423162460327
arg,1991,1.009513735771179
arg,1992,1.01054847240448
arg,1993,1.011578917503357
arg,1994,1.011566758155823
arg,1995,1.011554598808289
arg,1996,1.01257860660553
arg,1997,1.012552261352539
arg,1998,1.012526154518127
arg,1999,1.012500047683716
arg,2000,1.013513565063477
arg,2001,1.013513565063477
arg,2002,1.014537930488586
arg,2003,1.015576362609863
arg,2004,1.01661479473114
arg,2005,1.018691539764404
arg,2006,1.019729971885681
arg,2007,1.020768404006958
arg,2008,1.020789980888367
arg,2009,1.019750475883484
arg,2010,1.018691539764404
arg,2011,1.017634868621826
arg,2012,1.017616629600525
arg,2013,1.016563177108765
arg,2014,1.018595099449158
arg,2015,1.01857590675354
arg,2016,1.018556714057922
arg,2017,1.018556714057922
arg,2018,1.018537640571594
arg,2019,1.018518567085266
arg,2020,1.019527196884155
arg,2021,1.019507169723511
arg,2022,1.019507169723511
arg,2023,1.019487142562866
arg,2024,1.019467234611511
arm,1990,1.002008080482483
arm,1991,1.002008080482483
arm,1992,1.002008080482483
arm,1993,1.002008080482483
arm,1994,1.00301206111908
arm,1995,1.00301206111908
arm,1996,1.00301206111908
arm,1997,1.004016041755676
arm,1998,1.003015041351318
arm,1999,1.004020094871521
arm,2000,1.004020094871521
arm,2001,1.004020094871521
arm,2002,1.004020094871521
arm,2003,1.003015041351318
arm,2004,1.003015041351318
arm,2005,1.003015041351318
arm,2006,1.003015041351318
arm,2007,1.003015041351318
arm,2008,1.003015041351318
arm,2009,1.003015041351318
arm,2010,1.003015041351318
arm,2011,1.00301206111908
arm,2012,1.00301206111908
arm,2013,1.00301206111908
arm,2014,1.002010107040405
arm,2015,1.002010107040405
arm,2016,1.002010107040405
arm,2017,1.002010107040405
arm,2018,1.002010107040405
arm,2019,1.002010107040405
arm,2020,1.002010107040405
arm,2021,1.001005053520203
arm,2022,1.002008080482483
arm,2023,1.002008080482483
arm,2024,1.002008080482483
aus,1990,1.00101113319397
aus,1991,1.00101113319397
aus,1992,1.002020239830017
aus,1993,1.002020239830017
aus,1994,1.002020239830017
aus,1995,1.001010060310364
aus,1996,1.002018213272095
aus,1997,1.002018213272095
aus,1998,1.002018213272095
aus,1999,1.003024220466614
aus,2000,1.002016186714172
aus,2001,1.002016186714172
aus,2002,1.003021121025085
aus,2003,1.003021121025085
aus,2004,1.00201404094696
aus,2005,1.00201404094696
aus,2006,1.00201404094696
aus,2007,1.00201404094696
aus,2008,1.003018140792847
aus,2009,1.003018140792847
aus,2010,1.003018140792847
aus,2011,1.002012014389038
aus,2012,1.002012014389038
aus,2013,1.003015041351318
aus,2014,1.003015041351318
aus,2015,1.003015041351318
aus,2016,1.003015041351318
aus,2017,1.004016041755676
aus,2018,1.004016041755676
aus,2019,1.00301206111908
aus,2020,1.00301206111908
aus,2021,1.00301206111908
aus,2022,1.00301206111908
aus,2023,1.004011988639832
aus,2024,1.004011988639832
aut,1990,1.0
aut,1991,1.0
aut,1992,1.0
aut,1993,1.0
aut,1994,1.0
aut,1995,1.0
aut,1996,1.0
aut,1997,1.0
aut,1998,1.0
aut,1999,1.0
aut,2000,1.0
aut,2001,1.0
aut,2002,1.0
aut,2003,1.0
aut,2004,1.0
aut,2005,1.0
aut,2006,0.9990000128746032
aut,2007,0.9990000128746032
aut,2008,0.9990000128746032
aut,2009,1.0
aut,2010,1.0
aut,2011,1.0
aut,2012,1.0
aut,2013,1.0
aut,2014,1.0
aut,2015,1.0
aut,2016,1.0
aut,2017,1.0
aut,2018,1.0
aut,2019,1.0
aut,2020,1.0
aut,2021,1.0
aut,2022,1.0
aut,2023,1.0
aut,2024,1.0
aze,1990,0.989837408065796
aze,1991,0.9908536672592164
aze,1992,0.9908536672592164
aze,1993,0.9908443689346312
aze,1994,0.9918533563613892
aze,1995,0.9908350110054016
aze,1996,0.9908257126808168
aze,1997,0.9918367266654968
aze,1998,0.9908163547515868
aze,1999,0.9908163547515868
aze,2000,0.9897959232330322
aze,2001,0.9897959232330322
aze,2002,0.9908163547515868
aze,2003,0.9908163547515868
aze,2004,0.9898062944412231
aze,2005,0.9908257126808168
aze,2006,0.9908257126808168
aze,2007,0.9918450713157654
aze,2008,0.992864429950714
aze,2009,0.9938837885856628
aze,2010,0.9928717017173768
aze,2011,0.9938900470733644
aze,2012,0.9938900470733644
aze,2013,0.994908332824707
aze,2014,0.9959266781806946
aze,2015,0.9959308505058287
aze,2016,0.9959308505058287
aze,2017,0.9969481229782104
aze,2018,0.9959349632263184
aze,2019,0.9969512224197388
aze,2020,0.9969512224197388
aze,2021,0.995939075946808
aze,2022,0.9969543218612672
aze,2023,0.9969543218612672
aze,2024,0.9969543218612672
bdi,1990,1.111111164093018
bdi,1991,1.112149477005005
bdi,1992,1.122807025909424
bdi,1993,1.117647051811218
bdi,1994,1.1147540807724
bdi,1995,1.120967745780945
bdi,1996,1.111999988555908
bdi,1997,1.095999956130981
bdi,1998,1.072000026702881
bdi,1999,1.039682507514954
bdi,2000,1.0
bdi,2001,0.964028775691986
bdi,2002,0.9276315569877625
bdi,2003,0.9036144614219666
bdi,2004,0.8839778900146484
bdi,2005,0.8737373948097229
bdi,2006,0.8842592835426331
bdi,2007,0.906382977962494
bdi,2008,0.9490196108818054
bdi,2009,1.0
bdi,2010,1.047770738601685
bdi,2011,1.088068127632141
bdi,2012,1.115979433059692
bdi,2013,1.135714292526245
bdi,2014,1.14922046661377
bdi,2015,1.1606764793396
bdi,2016,1.171370983123779
bdi,2017,1.176699042320251
bdi,2018,1.179439306259155
bdi,2019,1.183783769607544
bdi,2020,1.184347867965698
bdi,2021,1.184121608734131
bdi,2022,1.183006525039673
bdi,2023,1.178343892097473
bdi,2024,1.179566621780396
bel,1990,0.9958720207214355
bel,1991,0.9958720207214355
bel,1992,0.9958763122558594
bel,1993,0.9958763122558594
bel,1994,0.9958805441856384
bel,1995,0.9958805441856384
bel,1996,0.9958847761154176
bel,1997,0.9969135522842408
bel,1998,0.9979423880577089
bel,1999,0.9969167709350586
bel,2000,0.998972237110138
bel,2001,0.998973309993744
bel,2002,0.99897438287735
bel,2003,1.0
bel,2004,1.001023530960083
bel,2005,1.002042889595032
bel,2006,1.003061175346375
bel,2007,1.004073262214661
bel,2008,1.005086421966553
bel,2009,1.006097555160522
bel,2010,1.006091356277466
bel,2011,1.006085157394409
bel,2012,1.007092237472534
bel,2013,1.008097171783447
bel,2014,1.008088946342468
bel,2015,1.009090900421143
bel,2016,1.009090900421143
bel,2017,1.009081721305847
bel,2018,1.010080695152283
bel,2019,1.009072542190552
bel,2020,1.010070443153381
bel,2021,1.010070443153381
bel,2022,1.011066436767578
bel,2023,1.01006031036377
bel,2024,1.01105523109436
ben,1990,0.5524193644523621
ben,1991,0.5483871102333069
ben,1992,0.5415019989013672
ben,1993,0.5440613031387329
ben,1994,0.5441176295280457
ben,1995,0.5492957830429077
ben,1996,0.5536912679672241
ben,1997,0.5636942386627197
ben,1998,0.5744680762290955
ben,1999,0.586705207824707
ben,2000,0.5977961421012878
ben,2001,0.6099476218223572
ben,2002,0.6194030046463013
ben,2003,0.6335697174072266
ben,2004,0.6547085046768188
ben,2005,0.6787233948707581
ben,2006,0.705050528049469
ben,2007,0.732692301273346
ben,2008,0.7569060921669006
ben,2009,0.7815275192260742
ben,2010,0.8051724433898926
ben,2011,0.8232323527336121
ben,2012,0.8424543738365173
ben,2013,0.8559738397598267
ben,2014,0.8689320683479309
ben,2015,0.8784000277519226
ben,2016,0.8850393891334534
ben,2017,0.8913043737411499
ben,2018,0.8975535035133362
ben,2019,0.899550199508667
ben,2020,0.9029411673545836
ben,2021,0.9034582376480104
ben,2022,0.906647801399231
ben,2023,0.9083333611488342
ben,2024,0.9100817441940308
bfa,1990,0.5942857265472412
bfa,1991,0.6158192157745361
bfa,1992,0.6333333253860474
bfa,1993,0.6502732038497925
bfa,1994,0.6595744490623474
bfa,1995,0.6683937907218933
bfa,1996,0.6868686676025391
bfa,1997,0.7009803652763367
bfa,1998,0.723809540271759
bfa,1999,0.7419354915618896
bfa,2000,0.752212405204773
bfa,2001,0.7542372941970825
bfa,2002,0.7530364394187927
bfa,2003,0.7548637986183167
bfa,2004,0.7631579041481018
bfa,2005,0.778181791305542
bfa,2006,0.800000011920929
bfa,2007,0.8271186351776123
bfa,2008,0.8543689250946045
bfa,2009,0.8861538171768188
bfa,2010,0.915697693824768
bfa,2011,0.9452054500579834
bfa,2012,0.9768637418746948
bfa,2013,1.004796147346497
bfa,2014,1.034934520721436
bfa,2015,1.05811619758606
bfa,2016,1.07962965965271
bfa,2017,1.093425631523132
bfa,2018,1.102941155433655
bfa,2019,1.109204411506653
bfa,2020,1.115269422531128
bfa,2021,1.121387243270874
bfa,2022,1.125874161720276
bfa,2023,1.131436347961426
bfa,2024,1.134564638137817
bgd,1990,0.6153846383094788
bgd,1991,0.6496519446372986
bgd,1992,0.6860986351966858
bgd,1993,0.7217391133308411
bgd,1994,0.7573839426040649
bgd,1995,0.7930327653884888
bgd,1996,0.8310139179229736
bgd,1997,0.8711538314819336
bgd,1998,0.910614550113678
bgd,1999,0.9546279311180116
bgd,2000,0.9982206225395204
bgd,2001,1.035413146018982
bgd,2002,1.064308643341064
bgd,2003,1.082043290138245
bgd,2004,1.095808386802673
bgd,2005,1.106104612350464
bgd,2006,1.111898064613342
bgd,2007,1.113416314125061
bgd,2008,1.117726683616638
bgd,2009,1.121854305267334
bgd,2010,1.124675273895264
bgd,2011,1.129606127738953
bgd,2012,1.130922675132751
bgd,2013,1.135696768760681
bgd,2014,1.13925564289093
bgd,2015,1.142520666122437
bgd,2016,1.143352627754211
bgd,2017,1.143181800842285
bgd,2018,1.142058134078979
bgd,2019,1.140176653862
bgd,2020,1.138495087623596
bgd,2021,1.136706113815308
bgd,2022,1.134962797164917
bgd,2023,1.133403420448303
bgd,2024,1.131113409996033
bgr,1990,0.9928861856460572
bgr,1991,0.9928861856460572
bgr,1992,0.9918781518936156
bgr,1993,0.992893397808075
bgr,1994,0.992893397808075
bgr,1995,0.992893397808075
bgr,1996,0.9939086437225342
bgr,1997,0.9939086437225342
bgr,1998,0.9939086437225342
bgr,1999,0.9939086437225342
bgr,2000,0.993914783000946
bgr,2001,0.993914783000946
bgr,2002,0.9939209818840028
bgr,2003,0.9949341416358948
bgr,2004,0.9949392676353456
bgr,2005,0.9959514141082764
bgr,2006,0.994944393634796
bgr,2007,0.995955526828766
bgr,2008,0.9969666600227356
bgr,2009,0.9959595799446106
bgr,2010,0.9959595799446106
bgr,2011,0.9969696998596193
bgr,2012,0.9969696998596193
bgr,2013,0.9979798197746276
bgr,2014,0.9979798197746276
bgr,2015,0.9979798197746276
bgr,2016,0.9979798197746276
bgr,2017,0.99798184633255
bgr,2018,0.99798184633255
bgr,2019,0.99798184633255
bgr,2020,0.9989908933639526
bgr,2021,0.9989908933639526
bgr,2022,0.9989908933639526
bgr,2023,0.9979838728904724
bgr,2024,0.9989919066429138
bih,1990,0.9969635605812072
bih,1991,0.9979757070541382
bih,1992,0.9979757070541382
bih,1993,0.9989878535270692
bih,1994,0.9989878535270692
bih,1995,1.0
bih,1996,0.9989888668060304
bih,1997,1.0
bih,1998,1.0
bih,1999,1.001009106636047
bih,2000,1.001009106636047
bih,2001,1.001008033752441
bih,2002,1.00201404094696
bih,2003,1.001007080078125
bih,2004,1.001007080078125
bih,2005,1.002012014389038
bih,2006,1.001006007194519
bih,2007,1.002010107040405
bih,2008,1.002010107040405
bih,2009,1.00301206111908
bih,2010,1.002008080482483
bih,2011,1.002008080482483
bih,2012,1.003009080886841
bih,2013,1.003009080886841
bih,2014,1.003009080886841
bih,2015,1.003005981445313
bih,2016,1.003005981445313
bih,2017,1.003005981445313
bih,2018,1.004004001617432
bih,2019,1.004004001617432
bih,2020,1.004004001617432
bih,2021,1.003003001213074
bih,2022,1.003999948501587
bih,2023,1.003999948501587
bih,2024,1.003999948501587
blr,1990,1.001001954078674
blr,1991,1.001001954078674
blr,1992,1.001001954078674
blr,1993,1.0
blr,1994,1.0
blr,1995,1.0
blr,1996,1.0
blr,1997,1.0
blr,1998,1.0
blr,1999,1.0
blr,2000,1.0
blr,2001,1.0
blr,2002,1.0
blr,2003,1.0
blr,2004,1.0
blr,2005,1.0
blr,2006,1.0
blr,2007,1.0
blr,2008,1.0
blr,2009,1.0
blr,2010,1.0
blr,2011,1.0
blr,2012,1.0
blr,2013,1.0
blr,2014,1.0
blr,2015,1.0
blr,2016,1.001001954078674
blr,2017,1.001001954078674
blr,2018,1.001001954078674
blr,2019,1.001001954078674
blr,2020,1.001001954078674
blr,2021,1.001001954078674
blr,2022,1.001001954078674
blr,2023,1.0
blr,2024,1.0
blz,1990,0.9730586409568788
blz,1991,0.9827044010162354
blz,1992,0.9921875
blz,1993,1.004629611968994
blz,1994,1.015151500701904
blz,1995,1.023809552192688
blz,1996,1.032163739204407
blz,1997,1.043041586875916
blz,1998,1.050632953643799
blz,1999,1.055248618125916
blz,2000,1.061058402061462
blz,2001,1.064171075820923
blz,2002,1.067193627357483
blz,2003,1.070221066474915
blz,2004,1.074454426765442
blz,2005,1.076238870620728
blz,2006,1.077987432479858
blz,2007,1.079800486564636
blz,2008,1.081481456756592
blz,2009,1.084455370903015
blz,2010,1.088484883308411
blz,2011,1.090361475944519
blz,2012,1.09330141544342
blz,2013,1.096199512481689
blz,2014,1.096926689147949
blz,2015,1.099765300750732
blz,2016,1.101398587226868
blz,2017,1.102890133857727
blz,2018,1.104477643966675
blz,2019,1.107061505317688
blz,2020,1.108474612236023
blz,2021,1.109988808631897
blz,2022,1.110367894172668
blz,2023,1.111849427223206
blz,2024,1.111233472824097
bol,1990,0.8717579245567322
bol,1991,0.8827683329582214
bol,1992,0.8948824405670166
bol,1993,0.9077340364456176
bol,1994,0.918774962425232
bol,1995,0.9268929362297058
bol,1996,0.9333333373069764
bol,1997,0.943181812763214
bol,1998,0.9504337310791016
bol,1999,0.9573690891265868
bol,2000,0.9652694463729858
bol,2001,0.9705535769462584
bol,2002,0.9756944179534912
bol,2003,0.9783599376678468
bol,2004,0.98202246427536
bol,2005,0.9844789505004884
bol,2006,0.9868420958518982
bol,2007,0.990227997303009
bol,2008,0.9935345053672792
bol,2009,0.996791422367096
bol,2010,0.9989373087882996
bol,2011,1.001054883003235
bol,2012,1.003141403198242
bol,2013,1.003124952316284
bol,2014,1.003108859062195
bol,2015,1.004127979278564
bol,2016,1.004115223884583
bol,2017,1.00410258769989
bol,2018,1.004094123840332
bol,2019,1.004085779190063
bol,2020,1.004077434539795
bol,2021,1.00305187702179
bol,2022,1.002032518386841
bol,2023,1.002028346061707
bol,2024,1.002024292945862
bra,1990,1.075418949127197
bra,1991,1.076071977615356
bra,1992,1.076294302940369
bra,1993,1.079088449478149
bra,1994,1.083113431930542
bra,1995,1.088426470756531
bra,1996,1.091142535209656
bra,1997,1.089873433113098
bra,1998,1.089887619018555
bra,1999,1.089901447296143
bra,2000,1.089133143424988
bra,2001,1.085956454277039
bra,2002,1.084033608436584
bra,2003,1.083333373069763
bra,2004,1.085005879402161
bra,2005,1.086752653121948
bra,2006,1.087514638900757
bra,2007,1.087108016014099
bra,2008,1.085351824760437
bra,2009,1.082379817962646
bra,2010,1.080498814582825
bra,2011,1.077615261077881
bra,2012,1.074944019317627
bra,2013,1.073414921760559
bra,2014,1.070874810218811
bra,2015,1.069383263587952
bra,2016,1.066739559173584
bra,2017,1.063043475151062
bra,2018,1.05939519405365
bra,2019,1.057939887046814
bra,2020,1.056563496589661
bra,2021,1.055260419845581
bra,2022,1.055026412010193
bra,2023,1.053797483444214
bra,2024,1.052576184272766
brb,1990,1.013078451156616
brb,1991,1.013078451156616
brb,1992,1.013078451156616
brb,1993,1.013078451156616
brb,1994,1.013078451156616
brb,1995,1.013078451156616
brb,1996,1.013078451156616
brb,1997,1.013078451156616
brb,1998,1.012072443962097
brb,1999,1.012072443962097
brb,2000,1.012072443962097
brb,2001,1.011077523231506
brb,2002,1.011077523231506
brb,2003,1.011077523231506
brb,2004,1.010070443153381
brb,2005,1.010070443153381
brb,2006,1.010070443153381
brb,2007,1.010070443153381
brb,2008,1.010070443153381
brb,2009,1.010070443153381
brb,2010,1.010070443153381
brb,2011,1.010070443153381
brb,2012,1.010070443153381
brb,2013,1.009063482284546
brb,2014,1.009063482284546
brb,2015,1.01006031036377
brb,2016,1.01006031036377
brb,2017,1.01006031036377
brb,2018,1.01006031036377
brb,2019,1.00905430316925
brb,2020,1.00905430316925
brb,2021,1.00905430316925
brb,2022,1.00905430316925
brb,2023,1.00905430316925
brb,2024,1.00905430316925
btn,1990,0.3192488253116608
btn,1991,0.3620689511299133
btn,1992,0.4040000140666962
btn,1993,0.4481481611728668
btn,1994,0.4878892600536346
btn,1995,0.5275080800056458
btn,1996,0.5683890581130981
btn,1997,0.6057142615318298
btn,1998,0.6459459662437439
btn,1999,0.688946008682251
btn,2000,0.7261613607406616
btn,2001,0.764018714427948
btn,2002,0.8035714030265808
btn,2003,0.8422175049781799
btn,2004,0.880081295967102
btn,2005,0.9166666865348816
btn,2006,0.9556376934051514
btn,2007,0.9876543283462524
btn,2008,1.018302798271179
btn,2009,1.042187452316284
btn,2010,1.060561299324036
btn,2011,1.077355861663818
btn,2012,1.088948845863342
btn,2013,1.099611878395081
btn,2014,1.107365846633911
btn,2015,1.112590789794922
btn,2016,1.115429878234863
btn,2017,1.117241382598877
btn,2018,1.118110179901123
btn,2019,1.116868853569031
btn,2020,1.114842891693115
btn,2021,1.110992550849915
btn,2022,1.107368469238281
btn,2023,1.102083325386047
btn,2024,1.097938179969788
bwa,1990,1.103850603103638
bwa,1991,1.101499438285828
bwa,1992,1.099315047264099
bwa,1993,1.096153855323792
bwa,1994,1.092238426208496
bwa,1995,1.0872483253479
bwa,1996,1.083425998687744
bwa,1997,1.08075225353241
bwa,1998,1.077007651329041
bwa,1999,1.074479699134827
bwa,2000,1.071038246154785
bwa,2001,1.069792747497559
bwa,2002,1.06644880771637
bwa,2003,1.062023997306824
bwa,2004,1.058631896972656
bwa,2005,1.054171204566956
bwa,2006,1.051779985427856
bwa,2007,1.048283219337463
bwa,2008,1.044776082038879
bwa,2009,1.041269898414612
bwa,2010,1.036764740943909
bwa,2011,1.034410834312439
bwa,2012,1.032124400138855
bwa,2013,1.029927730560303
bwa,2014,1.027777791023254
bwa,2015,1.026666641235352
bwa,2016,1.024564981460571
bwa,2017,1.024489760398865
bwa,2018,1.021406769752502
bwa,2019,1.02034592628479
bwa,2020,1.019289374351501
bwa,2021,1.018255591392517
bwa,2022,1.017206430435181
bwa,2023,1.016178011894226
bwa,2024,1.014141440391541
caf,1990,0.6516854166984558
caf,1991,0.6716980934143066
caf,1992,0.689393937587738
caf,1993,0.7007575631141663
caf,1994,0.7110266089439392
caf,1995,0.7213740348815918
caf,1996,0.7346153855323792
caf,1997,0.7461538314819336
caf,1998,0.7576923370361328
caf,1999,0.7722007632255554
caf,2000,0.7799227833747864
caf,2001,0.7837837934494019
caf,2002,0.7846153974533081
caf,2003,0.7862595319747925
caf,2004,0.7849056720733643
caf,2005,0.7822878360748291
caf,2006,0.781361997127533
caf,2007,0.7785466909408569
caf,2008,0.7674418687820435
caf,2009,0.7635782957077026
caf,2010,0.760869562625885
caf,2011,0.7629179358482361
caf,2012,0.7687687873840332
caf,2013,0.7767857313156128
caf,2014,0.7863501310348511
caf,2015,0.7982195615768433
caf,2016,0.8100889921188354
caf,2017,0.824404776096344
caf,2018,0.8358209133148193
caf,2019,0.8498498201370239
caf,2020,0.8644578456878662
caf,2021,0.8738738894462585
caf,2022,0.8832335472106934
caf,2023,0.8925372958183289
caf,2024,0.904477596282959
can,1990,1.001005053520203
can,1991,1.001005053520203
can,1992,1.002008080482483
can,1993,1.002008080482483
can,1994,1.002008080482483
can,1995,1.001003980636597
can,1996,1.001003980636597
can,1997,1.002006053924561
can,1998,1.002006053924561
can,1999,1.002006053924561
can,2000,1.002006053924561
can,2001,1.00100302696228
can,2002,1.00100302696228
can,2003,1.002004027366638
can,2004,1.002004027366638
can,2005,1.002004027366638
can,2006,1.002004027366638
can,2007,1.001001954078674
can,2008,1.001001954078674
can,2009,1.001001954078674
can,2010,1.002002000808716
can,2011,1.002002000808716
can,2012,1.002002000808716
can,2013,1.002002000808716
can,2014,1.002002000808716
can,2015,1.001001000404358
can,2016,1.001001000404358
can,2017,1.001001000404358
can,2018,1.001001000404358
can,2019,1.001001000404358
can,2020,1.001999974250793
can,2021,1.001999974250793
can,2022,1.001999974250793
can,2023,1.001999974250793
can,2024,1.001999974250793
che,1990,1.0
che,1991,1.0
che,1992,1.0
che,1993,1.0
che,1994,1.0
che,1995,1.0
che,1996,1.0
che,1997,1.0
che,1998,1.0
che,1999,1.0
che,2000,1.0
che,2001,1.0
che,2002,1.0
che,2003,1.0
che,2004,1.0
che,2005,1.0
che,2006,1.0
che,2007,1.0
che,2008,1.0
che,2009,1.0
che,2010,1.0
che,2011,1.0
che,2012,1.0
che,2013,1.0
che,2014,1.0
che,2015,1.0
che,2016,1.0
che,2017,1.0
che,2018,1.0
che,2019,1.0
che,2020,1.0
che,2021,0.9989979863166808
che,2022,0.9989979863166808
che,2023,0.9989979863166808
che,2024,0.9989979863166808
chl,1990,1.006335854530334
chl,1991,1.006322503089905
chl,1992,1.00631582736969
chl,1993,1.007352948188782
chl,1994,1.00733757019043
chl,1995,1.007314562797546
chl,1996,1.00832462310791
chl,1997,1.00829017162323
chl,1998,1.010309219360352
chl,1999,1.010266900062561
chl,2000,1.01023542881012
chl,2001,1.010204076766968
chl,2002,1.010183334350586
chl,2003,1.009146332740784
chl,2004,1.009137034416199
chl,2005,1.008113622665405
chl,2006,1.008105397224426
chl,2007,1.007092237472534
chl,2008,1.007092237472534
chl,2009,1.006079077720642
chl,2010,1.00506579875946
chl,2011,1.004056811332703
chl,2012,1.004056811332703
chl,2013,1.002032518386841
chl,2014,1.002034544944763
chl,2015,1.002038717269897
chl,2016,1.002042889595032
chl,2017,1.001024603843689
chl,2018,1.001027703285217
chl,2019,1.0
chl,2020,0.9989680051803588
chl,2021,0.998965859413147
chl,2022,0.997931718826294
chl,2023,0.997931718826294
chl,2024,0.9968976378440856
chn,1990,0.9032967090606688
chn,1991,0.9121844172477722
chn,1992,0.9190372228622437
chn,1993,0.9280261993408204
chn,1994,0.9348534345626832
chn,1995,0.9415584206581116
chn,1996,0.9470842480659484
chn,1997,0.954692542552948
chn,1998,0.9590517282485962
chn,1999,0.9645161032676696
chn,2000,0.966844916343689
chn,2001,0.9691817164421082
chn,2002,0.972515881061554
chn,2003,0.9768421053886414
chn,2004,0.98111230134964
chn,2005,0.9843096137046814
chn,2006,0.9895615577697754
chn,2007,0.9927083253860474
chn,2008,0.9968814849853516
chn,2009,0.9989626407623292
chn,2010,1.002068281173706
chn,2011,1.004123687744141
chn,2012,1.00719428062439
chn,2013,1.00820517539978
chn,2014,1.011247396469116
chn,2015,1.011224508285522
chn,2016,1.013224840164185
chn,2017,1.013198018074036
chn,2018,1.013171195983887
chn,2019,1.014141440391541
chn,2020,1.014127135276794
chn,2021,1.014098644256592
chn,2022,1.014084458351135
chn,2023,1.015060186386108
chn,2024,1.015045166015625
civ,1990,0.5
civ,1991,0.511864423751831
civ,1992,0.5264900922775269
civ,1993,0.548701286315918
civ,1994,0.5732483863830566
civ,1995,0.6000000238418579
civ,1996,0.6246153712272644
civ,1997,0.6454545259475708
civ,1998,0.6666666865348816
civ,1999,0.6745561957359314
civ,2000,0.6793003082275391
civ,2001,0.6837607026100159
civ,2002,0.6888889074325562
civ,2003,0.699999988079071
civ,2004,0.7157894968986511
civ,2005,0.7307692170143127
civ,2006,0.7425000071525574
civ,2007,0.7487804889678955
civ,2008,0.7529691457748413
civ,2009,0.7534562349319458
civ,2010,0.7527839541435242
civ,2011,0.7558886408805847
civ,2012,0.7622950673103333
civ,2013,0.7764706015586853
civ,2014,0.7977527976036072
civ,2015,0.8232142925262451
civ,2016,0.8500851988792419
civ,2017,0.8747967481613159
civ,2018,0.9018691778182985
civ,2019,0.9281437397003174
civ,2020,0.9537572264671326
civ,2021,0.977591037750244
civ,2022,1.0
civ,2023,1.015686273574829
civ,2024,1.030264854431152
cmr,1990,0.9471890926361084
cmr,1991,0.9558573961257936
cmr,1992,0.9644067883491516
cmr,1993,0.9729272127151488
cmr,1994,0.9830795526504515
cmr,1995,0.9898989796638488
cmr,1996,0.9932998418807985
cmr,1997,0.9916943311691284
cmr,1998,0.9917762875556946
cmr,1999,0.990243911743164
cmr,2000,0.9887640476226808
cmr,2001,0.9904761910438538
cmr,2002,0.9890282154083252
cmr,2003,0.9937888383865356
cmr,2004,0.9969183206558228
cmr,2005,1.003048777580261
cmr,2006,1.006024122238159
cmr,2007,1.008915305137634
cmr,2008,1.013157844543457
cmr,2009,1.018705010414124
cmr,2010,1.025495767593384
cmr,2011,1.030726313591003
cmr,2012,1.037190079689026
cmr,2013,1.042176842689514
cmr,2014,1.047106385231018
cmr,2015,1.050599217414856
cmr,2016,1.055263161659241
cmr,2017,1.057366371154785
cmr,2018,1.059431552886963
cmr,2019,1.062740087509155
cmr,2020,1.064803004264832
cmr,2021,1.066834807395935
cmr,2022,1.070087552070618
cmr,2023,1.072049736976624
cmr,2024,1.075215816497803
cod,1990,0.6399999856948853
cod,1991,0.6642686128616333
cod,1992,0.688725471496582
cod,1993,0.713567852973938
cod,1994,0.7357512712478638
cod,1995,0.7506631016731262
cod,1996,0.7588075995445251
cod,1997,0.7582417726516724
cod,1998,0.7569060921669006
cod,1999,0.75
cod,2000,0.7465940117835999
cod,2001,0.75
cod,2002,0.7671957612037659
cod,2003,0.7881137132644653
cod,2004,0.8085642457008362
cod,2005,0.8312958478927612
cod,2006,0.8527315855026245
cod,2007,0.8712643384933472
cod,2008,0.8953229188919067
cod,2009,0.9224137663841248
cod,2010,0.9518828392028807
cod,2011,0.977642297744751
cod,2012,1.005940556526184
cod,2013,1.022944569587708
cod,2014,1.03903341293335
cod,2015,1.056159377098083
cod,2016,1.068904638290405
cod,2017,1.082758665084839
cod,2018,1.094276070594788
cod,2019,1.105436563491821
cod,2020,1.111650466918945
cod,2021,1.120826721191406
cod,2022,1.128124952316284
cod,2023,1.133846163749695
cod,2024,1.142640352249146
cog,1990,0.9013656973838806
cog,1991,0.9076923131942748
cog,1992,0.9173166751861572
cog,1993,0.930269420146942
cog,1994,0.9421221613883972
cog,1995,0.9558101296424866
cog,1996,0.9683859944343568
cog,1997,0.9830220937728882
cog,1998,0.99481862783432
cog,1999,1.010398626327515
cog,2000,1.022413849830627
cog,2001,1.037478685379028
cog,2002,1.048821568489075
cog,2003,1.061258316040039
cog,2004,1.068403959274292
cog,2005,1.073482394218445
cog,2006,1.070422530174255
cog,2007,1.064318537712097
cog,2008,1.050974488258362
cog,2009,1.033773899078369
cog,2010,1.018651366233826
cog,2011,1.008391618728638
cog,2012,1.001360535621643
cog,2013,1.0
cog,2014,1.0
cog,2015,0.9987499713897704
cog,2016,0.9927007555961608
cog,2017,0.9869203567504884
cog,2018,0.9813519716262816
cog,2019,0.9760000109672546
cog,2020,0.9696288108825684
cog,2021,0.9678491950035096
cog,2022,0.9638554453849792
cog,2023,0.9610389471054076
cog,2024,0.958199381828308
col,1990,1.017808198928833
col,1991,1.020215630531311
col,1992,1.022546410560608
col,1993,1.026075601577759
col,1994,1.030808687210083
col,1995,1.034220576286316
col,1996,1.036340832710266
col,1997,1.035935521125793
col,1998,1.039119839668274
col,1999,1.043583512306213
col,2000,1.046818733215332
col,2001,1.048693537712097
col,2002,1.048065662384033
col,2003,1.047289490699768
col,2004,1.046590924263
col,2005,1.044893383979797
col,2006,1.042222261428833
col,2007,1.041850209236145
col,2008,1.041484713554382
col,2009,1.039087891578674
col,2010,1.036796569824219
col,2011,1.035598754882813
col,2012,1.033369183540344
col,2013,1.034334778785706
col,2014,1.034224629402161
col,2015,1.034115195274353
col,2016,1.034006357192993
col,2017,1.03389835357666
col,2018,1.032734990119934
col,2019,1.032597303390503
col,2020,1.032494783401489
col,2021,1.031347990036011
col,2022,1.030208349227905
col,2023,1.029075860977173
col,2024,1.028985500335693
com,1990,0.6704225540161133
com,1991,0.6849315166473389
com,1992,0.7013333439826965
com,1993,0.71875
com,1994,0.7397959232330322
com,1995,0.7605984807014465
com,1996,0.7823960781097412
com,1997,0.8057553768157959
com,1998,0.8266978859901428
com,1999,0.8515982031822205
com,2000,0.8755555748939514
com,2001,0.8984881043434143
com,2002,0.918410062789917
com,2003,0.9430894255638124
com,2004,0.962598443031311
com,2005,0.9809160232543944
com,2006,0.9944547414779664
com,2007,1.010619521141052
com,2008,1.02529513835907
com,2009,1.04019296169281
com,2010,1.050769209861755
com,2011,1.063515543937683
com,2012,1.069900155067444
com,2013,1.07724142074585
com,2014,1.081660032272339
com,2015,1.084635376930237
com,2016,1.086404085159302
com,2017,1.089440941810608
com,2018,1.090243935585022
com,2019,1.092326164245605
com,2020,1.092198610305786
com,2021,1.093131542205811
com,2022,1.092996597290039
com,2023,1.092970490455627
com,2024,1.094064950942993
cri,1990,1.027673006057739
cri,1991,1.026348829269409
cri,1992,1.024999976158142
cri,1993,1.024813890457153
cri,1994,1.022194862365723
cri,1995,1.023255825042725
cri,1996,1.021924495697021
cri,1997,1.024213075637817
cri,1998,1.025240421295166
cri,1999,1.026190519332886
cri,2000,1.027090668678284
cri,2001,1.026775360107422
cri,2002,1.027554512023926
cri,2003,1.026047587394714
cri,2004,1.024608492851257
cri,2005,1.023255825042725
cri,2006,1.022002220153809
cri,2007,1.019715189933777
cri,2008,1.020697116851807
cri,2009,1.018438220024109
cri,2010,1.02045214176178
cri,2011,1.02136754989624
cri,2012,1.023305058479309
cri,2013,1.026232957839966
cri,2014,1.027055144309998
cri,2015,1.027863740921021
cri,2016,1.027663946151733
cri,2017,1.028513193130493
cri,2018,1.027383327484131
cri,2019,1.026262640953064
cri,2020,1.027163028717041
cri,2021,1.02610445022583
cri,2022,1.026052117347717
cri,2023,1.025025010108948
cri,2024,1.023000001907349
cub,1990,1.013171195983887
cub,1991,1.013171195983887
cub,1992,1.013157844543457
cub,1993,1.012145757675171
cub,1994,1.012145757675171
cub,1995,1.011133551597595
cub,1996,1.010121464729309
cub,1997,1.011122345924377
cub,1998,1.010111212730408
cub,1999,1.009090900421143
cub,2000,1.009081721305847
cub,2001,1.0080726146698
cub,2002,1.00806450843811
cub,2003,1.00806450843811
cub,2004,1.007056474685669
cub,2005,1.007049322128296
cub,2006,1.006042242050171
cub,2007,1.006042242050171
cub,2008,1.005035281181335
cub,2009,1.005035281181335
cub,2010,1.00402820110321
cub,2011,1.00402820110321
cub,2012,1.003021121025085
cub,2013,1.00201404094696
cub,2014,1.00201404094696
cub,2015,1.001007080078125
cub,2016,1.001007080078125
cub,2017,1.001006007194519
cub,2018,1.001006007194519
cub,2019,1.0
cub,2020,1.0
cub,2021,1.001005053520203
cub,2022,1.0
cub,2023,1.0
cub,2024,1.0
cyp,1990,1.0
cyp,1991,1.0
cyp,1992,1.0
cyp,1993,1.0
cyp,1994,1.0
cyp,1995,0.9989888668060304
cyp,1996,0.9989888668060304
cyp,1997,0.9989888668060304
cyp,1998,0.9989888668060304
cyp,1999,0.9989888668060304
cyp,2000,0.9989888668060304
cyp,2001,0.9989888668060304
cyp,2002,0.9989888668060304
cyp,2003,0.9989888668060304
cyp,2004,0.9989888668060304
cyp,2005,0.9989888668060304
cyp,2006,0.9989888668060304
cyp,2007,0.9989888668060304
cyp,2008,0.9989888668060304
cyp,2009,0.9989888668060304
cyp,2010,0.9989888668060304
cyp,2011,0.9989888668060304
cyp,2012,1.0
cyp,2013,0.9989888668060304
cyp,2014,1.0
cyp,2015,1.0
cyp,2016,1.0
cyp,2017,1.0
cyp,2018,0.9989898800849916
cyp,2019,0.9989898800849916
cyp,2020,0.9989898800849916
cyp,2021,0.9989898800849916
cyp,2022,0.9989898800849916
cyp,2023,0.9989898800849916
cyp,2024,1.0
cze,1990,1.001001000404358
cze,1991,1.001001000404358
cze,1992,1.001001000404358
cze,1993,1.001001000404358
cze,1994,1.001001000404358
cze,1995,1.001001000404358
cze,1996,1.001001000404358
cze,1997,1.001001000404358
cze,1998,1.001001000404358
cze,1999,1.001001000404358
cze,2000,1.001001000404358
cze,2001,1.001001000404358
cze,2002,1.001001000404358
cze,2003,1.001001000404358
cze,2004,1.001001000404358
cze,2005,1.001001000404358
cze,2006,1.001001000404358
cze,2007,1.001001000404358
cze,2008,1.001001000404358
cze,2009,1.001001000404358
cze,2010,1.001001000404358
cze,2011,1.001001000404358
cze,2012,1.001001000404358
cze,2013,1.001001000404358
cze,2014,1.001001000404358
cze,2015,1.001001000404358
cze,2016,1.001001000404358
cze,2017,1.0
cze,2018,1.0
cze,2019,1.0
cze,2020,1.0
cze,2021,1.0
cze,2022,1.0
cze,2023,1.0
cze,2024,1.0
deu,1990,1.0
deu,1991,1.0
deu,1992,1.0
deu,1993,1.0
deu,1994,1.0
deu,1995,1.0
deu,1996,1.0
deu,1997,1.0
deu,1998,1.0
deu,1999,1.0
deu,2000,1.0
deu,2001,1.0
deu,2002,1.0
deu,2003,1.0
deu,2004,1.0
deu,2005,1.0
deu,2006,1.0
deu,2007,1.0
deu,2008,1.0
deu,2009,1.0
deu,2010,1.0
deu,2011,1.0
deu,2012,1.0
deu,2013,1.0
deu,2014,1.0
deu,2015,1.0
deu,2016,1.0
deu,2017,1.0
deu,2018,1.0
deu,2019,1.0
deu,2020,1.0
deu,2021,1.0
deu,2022,1.0
deu,2023,1.0
deu,2024,1.0
dji,1990,0.5529595017433167
dji,1991,0.5745007395744324
dji,1992,0.5951661467552185
dji,1993,0.6121842265129089
dji,1994,0.6325036883354187
dji,1995,0.6507936716079712
dji,1996,0.6685633063316345
dji,1997,0.687237024307251
dji,1998,0.7049861550331116
dji,1999,0.7232876420021057
dji,2000,0.7388362884521484
dji,2001,0.7560321688652039
dji,2002,0.7752659320831299
dji,2003,0.7934210300445557
dji,2004,0.8109517693519592
dji,2005,0.8268733620643616
dji,2006,0.8414322137832642
dji,2007,0.8578680157661438
dji,2008,0.8727959990501404
dji,2009,0.8838951587677002
dji,2010,0.897149920463562
dji,2011,0.9089791178703308
dji,2012,0.920634925365448
dji,2013,0.9309090971946716
dji,2014,0.9411057829856871
dji,2015,0.9498806595802308
dji,2016,0.9585307836532592
dji,2017,0.9681978821754456
dji,2018,0.9765533208847046
dji,2019,0.9837020039558412
dji,2020,0.9907407164573668
dji,2021,0.9965477585792542
dji,2022,1.002283096313477
dji,2023,1.007909655570984
dji,2024,1.011198163032532
dnk,1990,1.0
dnk,1991,1.0
dnk,1992,1.0
dnk,1993,1.0
dnk,1994,1.0
dnk,1995,1.0
dnk,1996,1.0
dnk,1997,1.0
dnk,1998,1.0
dnk,1999,1.0
dnk,2000,1.0
dnk,2001,1.0
dnk,2002,1.0
dnk,2003,1.0
dnk,2004,1.0
dnk,2005,1.0
dnk,2006,1.0
dnk,2007,1.0
dnk,2008,1.0
dnk,2009,1.0
dnk,2010,1.0
dnk,2011,1.0
dnk,2012,1.0
dnk,2013,1.0
dnk,2014,1.0
dnk,2015,1.0
dnk,2016,1.0
dnk,2017,1.0
dnk,2018,1.0
dnk,2019,1.0
dnk,2020,1.0
dnk,2021,1.0
dnk,2022,1.0
dnk,2023,1.0
dnk,2024,1.0
dom,1990,1.124633431434631
dom,1991,1.125
dom,1992,1.128755331039429
dom,1993,1.127988696098328
dom,1994,1.128275871276855
dom,1995,1.124492526054382
dom,1996,1.121010661125183
dom,1997,1.119109988212585
dom,1998,1.117571115493774
dom,1999,1.117197394371033
dom,2000,1.116981148719788
dom,2001,1.117866039276123
dom,2002,1.116421580314636
dom,2003,1.1138014793396
dom,2004,1.111377239227295
dom,2005,1.109929084777832
dom,2006,1.107351183891296
dom,2007,1.104959607124329
dom,2008,1.101482272148132
dom,2009,1.097972989082336
dom,2010,1.09465479850769
dom,2011,1.091510415077209
dom,2012,1.088621497154236
dom,2013,1.085776329040527
dom,2014,1.081896543502808
dom,2015,1.079144358634949
dom,2016,1.07446813583374
dom,2017,1.070824503898621
dom,2018,1.066246032714844
dom,2019,1.063807487487793
dom,2020,1.061458349227905
dom,2021,1.060166001319885
dom,2022,1.057911038398743
dom,2023,1.055670142173767
dom,2024,1.054470658302307
dza,1990,0.8188494443893433
dza,1991,0.8331303000450134
dza,1992,0.8460606336593628
dza,1993,0.8562802076339722
dza,1994,0.8650602698326111
dza,1995,0.8748495578765869
dza,1996,0.8847538828849792
dza,1997,0.89737468957901
dza,1998,0.9099525809288024
dza,1999,0.9247058629989624
dza,2000,0.937062919139862
dza,2001,0.9515011310577391
dza,2002,0.964530885219574
dza,2003,0.9750849604606628
dza,2004,0.9820828437805176
dza,2005,0.9900110960006714
dza,2006,0.9955947399139404
dza,2007,1.001092910766602
dza,2008,1.005411267280579
dza,2009,1.006451606750488
dza,2010,1.009615421295166
dza,2011,1.012766003608704
dza,2012,1.013800382614136
dza,2013,1.015873074531555
dza,2014,1.016895413398743
dza,2015,1.019999980926514
dza,2016,1.022035717964172
dza,2017,1.025078415870667
dza,2018,1.026041626930237
dza,2019,1.029045701026917
dza,2020,1.028955578804016
dza,2021,1.030895948410034
dza,2022,1.030800819396973
dza,2023,1.030706286430359
dza,2024,1.030612230300903
ecu,1990,0.9801242351531982
ecu,1991,0.981389582157135
ecu,1992,0.9826517701148988
ecu,1993,0.9826732873916626
ecu,1994,0.9839506149291992
ecu,1995,0.9852216839790344
ecu,1996,0.9877150058746338
ecu,1997,0.990208089351654
ecu,1998,0.9914737939834596
ecu,1999,0.9927448630332948
ecu,2000,0.9940119981765748
ecu,2001,0.9952550530433656
ecu,2002,0.9976470470428468
ecu,2003,0.9988331198692322
ecu,2004,1.001158714294434
ecu,2005,1.003448247909546
ecu,2006,1.006841540336609
ecu,2007,1.010169506072998
ecu,2008,1.013452887535095
ecu,2009,1.015590190887451
ecu,2010,1.017679572105408
ecu,2011,1.018619894981384
ecu,2012,1.017334818840027
ecu,2013,1.016059994697571
ecu,2014,1.012698411941528
ecu,2015,1.010471224784851
ecu,2016,1.008298754692078
ecu,2017,1.006179213523865
ecu,2018,1.005117654800415
ecu,2019,1.004073262214661
ecu,2020,1.002030491828918
ecu,2021,1.001012086868286
ecu,2022,1.001010060310364
ecu,2023,1.0
ecu,2024,0.998993992805481
egy,1990,0.8025974035263062
egy,1991,0.8144329786300659
egy,1992,0.8256410360336304
egy,1993,0.8375958800315857
egy,1994,0.8516623973846436
egy,1995,0.8622449040412903
egy,1996,0.8716645240783691
egy,1997,0.8787878751754761
egy,1998,0.8897243142127991
egy,1999,0.8996282815933228
egy,2000,0.9107579588890076
egy,2001,0.9215922951698304
egy,2002,0.9322235584259032
egy,2003,0.9447059035301208
egy,2004,0.9558139443397522
egy,2005,0.9654377698898317
egy,2006,0.9748571515083312
egy,2007,0.9829738736152648
egy,2008,0.9909706711769104
egy,2009,0.996632993221283
egy,2010,1.002229690551758
egy,2011,1.006629824638367
egy,2012,1.009857654571533
egy,2013,1.013043522834778
egy,2014,1.015102505683899
egy,2015,1.018201231956482
egy,2016,1.019169330596924
egy,2017,1.021164059638977
egy,2018,1.02210521697998
egy,2019,1.023036599159241
egy,2020,1.023983359336853
egy,2021,1.024922132492065
egy,2022,1.025853157043457
egy,2023,1.024742245674133
egy,2024,1.025667309761047
esp,1990,1.0
esp,1991,1.0
esp,1992,1.0
esp,1993,1.0
esp,1994,1.0
esp,1995,1.0
esp,1996,1.0
esp,1997,1.0
esp,1998,1.0
esp,1999,1.0
esp,2000,1.001017332077026
esp,2001,1.0
esp,2002,1.0
esp,2003,1.0
esp,2004,1.0
esp,2005,1.0
esp,2006,1.0
esp,2007,1.0
esp,2008,1.0
esp,2009,1.0
esp,2010,1.0
esp,2011,1.0
esp,2012,1.0
esp,2013,1.0
esp,2014,1.0
esp,2015,0.9989847540855408
esp,2016,1.0
esp,2017,1.0
esp,2018,1.0
esp,2019,1.0
esp,2020,0.9989858269691468
esp,2021,1.0
esp,2022,1.0
esp,2023,1.0
esp,2024,1.0
est,1990,0.9989949464797974
est,1991,0.9989949464797974
est,1992,0.9989949464797974
est,1993,0.9989949464797974
est,1994,0.9989949464797974
est,1995,0.9989949464797974
est,1996,0.9989949464797974
est,1997,0.9989949464797974
est,1998,0.9989949464797974
est,1999,0.9989949464797974
est,2000,0.9989949464797974
est,2001,0.9989949464797974
est,2002,0.9989949464797974
est,2003,0.9989949464797974
est,2004,0.997991979122162
est,2005,0.997991979122162
est,2006,0.9989949464797974
est,2007,0.9989949464797974
est,2008,0.9989949464797974
est,2009,0.9989949464797974
est,2010,0.9989949464797974
est,2011,0.9989949464797974
est,2012,0.9989949464797974
est,2013,0.9989949464797974
est,2014,0.9989949464797974
est,2015,0.9989949464797974
est,2016,0.9989949464797974
est,2017,0.9989949464797974
est,2018,0.9989949464797974
est,2019,0.9989949464797974
est,2020,0.997991979122162
est,2021,0.997991979122162
est,2022,0.997991979122162
est,2023,0.997991979122162
est,2024,0.997991979122162
eth,1990,0.546012282371521
eth,1991,0.5679012537002563
eth,1992,0.5802469253540039
eth,1993,0.5792682766914368
eth,1994,0.5808383226394653
eth,1995,0.5872092843055725
eth,1996,0.5888888835906982
eth,1997,0.5894736647605896
eth,1998,0.5920398235321045
eth,1999,0.591549277305603
eth,2000,0.6044444441795349
eth,2001,0.6192468404769897
eth,2002,0.6431372761726379
eth,2003,0.6801470518112183
eth,2004,0.7231833934783936
eth,2005,0.7712418437004089
eth,2006,0.831250011920929
eth,2007,0.891566276550293
eth,2008,0.9533527493476868
eth,2009,1.011204481124878
eth,2010,1.061855673789978
eth,2011,1.105263113975525
eth,2012,1.136160731315613
eth,2013,1.157894730567932
eth,2014,1.173306822776794
eth,2015,1.18595826625824
eth,2016,1.19565212726593
eth,2017,1.204861164093018
eth,2018,1.216666698455811
eth,2019,1.227929353713989
eth,2020,1.239938139915466
eth,2021,1.248502969741821
eth,2022,1.256893992424011
eth,2023,1.265449404716492
eth,2024,1.272229790687561
fin,1990,1.00100302696228
fin,1991,1.00100302696228
fin,1992,1.00100302696228
fin,1993,1.00100302696228
fin,1994,1.00100302696228
fin,1995,1.00100302696228
fin,1996,1.00100302696228
fin,1997,1.00100302696228
fin,1998,1.00100302696228
fin,1999,1.00100302696228
fin,2000,1.00100302696228
fin,2001,1.00100302696228
fin,2002,1.00100302696228
fin,2003,1.00100302696228
fin,2004,1.00100302696228
fin,2005,1.00100302696228
fin,2006,1.00100302696228
fin,2007,1.00100302696228
fin,2008,1.00100302696228
fin,2009,1.00100302696228
fin,2010,1.00100302696228
fin,2011,1.00100302696228
fin,2012,1.00100302696228
fin,2013,1.00100302696228
fin,2014,1.00100302696228
fin,2015,1.0
fin,2016,1.00100302696228
fin,2017,1.0
fin,2018,1.00100302696228
fin,2019,1.0
fin,2020,1.00100302696228
fin,2021,1.00100302696228
fin,2022,1.00100302696228
fin,2023,1.00100302696228
fin,2024,1.0
fji,1990,1.037190079689026
fji,1991,1.03608250617981
fji,1992,1.033985614776611
fji,1993,1.032887935638428
fji,1994,1.031794905662537
fji,1995,1.029682755470276
fji,1996,1.028600573539734
fji,1997,1.026530623435974
fji,1998,1.025484204292297
fji,1999,1.025432348251343
fji,2000,1.02439022064209
fji,2001,1.023350238800049
fji,2002,1.02231240272522
fji,2003,1.021298170089722
fji,2004,1.020263433456421
fji,2005,1.019250273704529
fji,2006,1.018237113952637
fji,2007,1.017223954200745
fji,2008,1.016210794448853
fji,2009,1.015197515487671
fji,2010,1.015197515487671
fji,2011,1.013184547424316
fji,2012,1.013184547424316
fji,2013,1.012170433998108
fji,2014,1.01115620136261
fji,2015,1.010141968727112
fji,2016,1.01013171672821
fji,2017,1.009118556976318
fji,2018,1.009109258651733
fji,2019,1.008097171783447
fji,2020,1.007077813148499
fji,2021,1.006066679954529
fji,2022,1.006060600280762
fji,2023,1.005050539970398
fji,2024,1.005045413970947
fra,1990,1.003021121025085
fra,1991,1.003021121025085
fra,1992,1.003021121025085
fra,1993,1.00201404094696
fra,1994,1.00201404094696
fra,1995,1.00201404094696
fra,1996,1.00201404094696
fra,1997,1.003018140792847
fra,1998,1.003018140792847
fra,1999,1.002012014389038
fra,2000,1.002012014389038
fra,2001,1.002012014389038
fra,2002,1.002012014389038
fra,2003,1.002012014389038
fra,2004,1.003015041351318
fra,2005,1.003015041351318
fra,2006,1.003015041351318
fra,2007,1.003015041351318
fra,2008,1.002010107040405
fra,2009,1.002010107040405
fra,2010,1.00301206111908
fra,2011,1.00301206111908
fra,2012,1.00301206111908
fra,2013,1.00301206111908
fra,2014,1.00301206111908
fra,2015,1.00301206111908
fra,2016,1.00301206111908
fra,2017,1.002008080482483
fra,2018,1.002008080482483
fra,2019,1.002008080482483
fra,2020,1.003009080886841
fra,2021,1.003009080886841
fra,2022,1.003009080886841
fra,2023,1.003009080886841
fra,2024,1.003009080886841
gab,1990,1.220136523246765
gab,1991,1.217317461967468
gab,1992,1.214165210723877
gab,1993,1.209380269050598
gab,1994,1.205980062484741
gab,1995,1.202970266342163
gab,1996,1.201639294624329
gab,1997,1.200325727462769
gab,1998,1.198707580566406
gab,1999,1.20095694065094
gab,2000,1.204402565956116
gab,2001,1.206201553344727
gab,2002,1.206106901168823
gab,2003,1.208708763122559
gab,2004,1.206231474876404
gab,2005,1.204411745071411
gab,2006,1.202623963356018
gab,2007,1.20260488986969
gab,2008,1.200000047683716
gab,2009,1.194563627243042
gab,2010,1.187766671180725
gab,2011,1.177053809165955
gab,2012,1.163841843605042
gab,2013,1.151898741722107
gab,2014,1.137254953384399
gab,2015,1.121169924736023
gab,2016,1.105117559432983
gab,2017,1.093278408050537
gab,2018,1.081743836402893
gab,2019,1.078272581100464
gab,2020,1.073529362678528
gab,2021,1.067819118499756
gab,2022,1.063492059707642
gab,2023,1.05672824382782
gab,2024,1.053805828094482
gbr,1990,1.0
gbr,1991,1.0
gbr,1992,1.0
gbr,1993,1.0
gbr,1994,1.0
gbr,1995,1.0
gbr,1996,1.0
gbr,1997,1.0
gbr,1998,1.0
gbr,1999,1.0
gbr,2000,1.001001954078674
gbr,2001,1.001001954078674
gbr,2002,1.001001954078674
gbr,2003,1.001001954078674
gbr,2004,1.001001954078674
gbr,2005,1.001001954078674
gbr,2006,1.001001954078674
gbr,2007,1.001001954078674
gbr,2008,1.001001954078674
gbr,2009,1.001001954078674
gbr,2010,1.001001954078674
gbr,2011,1.0
gbr,2012,1.001001000404358
gbr,2013,1.001001000404358
gbr,2014,1.001001000404358
gbr,2015,1.001001000404358
gbr,2016,1.001001000404358
gbr,2017,1.001001000404358
gbr,2018,1.001001000404358
gbr,2019,1.001001000404358
gbr,2020,1.001001000404358
gbr,2021,1.001001000404358
gbr,2022,1.001001000404358
gbr,2023,1.001001000404358
gbr,2024,1.001001000404358
geo,1990,0.9989888668060304
geo,1991,0.9989888668060304
geo,1992,1.0
geo,1993,1.0
geo,1994,1.0
geo,1995,1.0
geo,1996,1.0
geo,1997,1.0
geo,1998,1.0
geo,1999,0.9989908933639526
geo,2000,0.9989908933639526
geo,2001,0.9989908933639526
geo,2002,1.0
geo,2003,1.0
geo,2004,1.0
geo,2005,1.0
geo,2006,1.001007080078125
geo,2007,1.0
geo,2008,1.001006007194519
geo,2009,1.0
geo,2010,1.0
geo,2011,1.001005053520203
geo,2012,1.0
geo,2013,1.0
geo,2014,1.001003980636597
geo,2015,1.0
geo,2016,1.0
geo,2017,1.00100302696228
geo,2018,1.0
geo,2019,1.0
geo,2020,1.0
geo,2021,1.0
geo,2022,1.001001954078674
geo,2023,1.001001954078674
geo,2024,1.001001954078674
gha,1990,0.807692289352417
gha,1991,0.817460298538208
gha,1992,0.8317025303840637
gha,1993,0.8474903702735901
gha,1994,0.864503800868988
gha,1995,0.8832391500473022
gha,1996,0.9033457040786744
gha,1997,0.919708013534546
gha,1998,0.9370503425598145
gha,1999,0.957446813583374
gha,2000,0.9772329330444336
gha,2001,0.9930796027183532
gha,2002,1.00170361995697
gha,2003,1.006688952445984
gha,2004,1.014729976654053
gha,2005,1.020799994468689
gha,2006,1.029641151428223
gha,2007,1.039453744888306
gha,2008,1.048888921737671
gha,2009,1.057971000671387
gha,2010,1.062678098678589
gha,2011,1.068723678588867
gha,2012,1.075966835021973
gha,2013,1.081632614135742
gha,2014,1.087131381034851
gha,2015,1.089947104454041
gha,2016,1.092689275741577
gha,2017,1.094193577766418
gha,2018,1.098214268684387
gha,2019,1.099873542785645
gha,2020,1.10037636756897
gha,2021,1.101863384246826
gha,2022,1.103575825691223
gha,2023,1.106227159500122
gha,2024,1.108827114105225
gin,1990,0.3013698756694794
gin,1991,0.3121019005775452
gin,1992,0.3233532905578613
gin,1993,0.3351955413818359
gin,1994,0.3507853448390961
gin,1995,0.3658536672592163
gin,1996,0.3835616409778595
gin,1997,0.4034334719181061
gin,1998,0.4233871102333069
gin,1999,0.4448669254779816
gin,2000,0.4676258862018585
gin,2001,0.4948805570602417
gin,2002,0.5227272510528564
gin,2003,0.5496894121170044
gin,2004,0.575667679309845
gin,2005,0.597733736038208
gin,2006,0.6222826242446899
gin,2007,0.6441558599472046
gin,2008,0.6633416414260864
gin,2009,0.6810551285743713
gin,2010,0.6967592835426331
gin,2011,0.7098214030265808
gin,2012,0.7225806713104248
gin,2013,0.7365145087242126
gin,2014,0.7485029697418213
gin,2015,0.7620889544487
gin,2016,0.7740113139152527
gin,2017,0.7863720059394836
gin,2018,0.798561155796051
gin,2019,0.8119508028030396
gin,2020,0.8239316344261169
gin,2021,0.8383333086967468
gin,2022,0.8520325422286987
gin,2023,0.8639240264892578
gin,2024,0.874806821346283
gmb,1990,0.5427873134613037
gmb,1991,0.5690072774887085
gmb,1992,0.5933014154434204
gmb,1993,0.6141176223754883
gmb,1994,0.6380510330200195
gmb,1995,0.6628701686859131
gmb,1996,0.6852678656578064
gmb,1997,0.7089715600013733
gmb,1998,0.727078914642334
gmb,1999,0.7479166388511658
gmb,2000,0.7662601470947266
gmb,2001,0.790099024772644
gmb,2002,0.8150289058685303
gmb,2003,0.8373831510543823
gmb,2004,0.8597449660301208
gmb,2005,0.8805704116821289
gmb,2006,0.9017543792724608
gmb,2007,0.920415222644806
gmb,2008,0.94017094373703
gmb,2009,0.9593220353126526
gmb,2010,0.9781879186630248
gmb,2011,0.9933554530143738
gmb,2012,1.009771943092346
gmb,2013,1.022257566452026
gmb,2014,1.032659411430359
gmb,2015,1.044072985649109
gmb,2016,1.053571462631226
gmb,2017,1.06413996219635
gmb,2018,1.071633219718933
gmb,2019,1.07887327671051
gmb,2020,1.084370732307434
gmb,2021,1.090909123420715
gmb,2022,1.098535299301147
gmb,2023,1.105882406234741
gmb,2024,1.111681699752808
gnb,1990,0.5
gnb,1991,0.5228758454322815
gnb,1992,0.5414012670516968
gnb,1993,0.5625
gnb,1994,0.5792682766914368
gnb,1995,0.598802387714386
gnb,1996,0.6176470518112183
gnb,1997,0.6379310488700867
gnb,1998,0.6516854166984558
gnb,1999,0.6740331649780273
gnb,2000,0.7032967209815979
gnb,2001,0.7228260636329651
gnb,2002,0.7379679083824158
gnb,2003,0.75789475440979
gnb,2004,0.78125
gnb,2005,0.8051282167434692
gnb,2006,0.8333333134651184
gnb,2007,0.8600000143051147
gnb,2008,0.8910890817642212
gnb,2009,0.9166666865348816
gnb,2010,0.9512194991111756
gnb,2011,0.9805825352668762
gnb,2012,1.009523868560791
gnb,2013,1.036866307258606
gnb,2014,1.066666722297668
gnb,2015,1.090128779411316
gnb,2016,1.107883810997009
gnb,2017,1.128000020980835
gnb,2018,1.135658860206604
gnb,2019,1.147169828414917
gnb,2020,1.161172151565552
gnb,2021,1.17793595790863
gnb,2022,1.190311431884766
gnb,2023,1.208053708076477
gnb,2024,1.218954205513
gnq,1990,0.7283531427383423
gnq,1991,0.7593220472335815
gnq,1992,0.7864406704902649
gnq,1993,0.8132427930831909
gnq,1994,0.8384353518486023
gnq,1995,0.8639456033706665
gnq,1996,0.8873720169067383
gnq,1997,0.9126712083816528
gnq,1998,0.9349315166473388
gnq,1999,0.9554794430732728
gnq,2000,0.9760273694992064
gnq,2001,1.005119442939758
gnq,2002,1.026666641235352
gnq,2003,1.045676946640015
gnq,2004,1.065495252609253
gnq,2005,1.084243416786194
gnq,2006,1.101071953773499
gnq,2007,1.118263483047485
gnq,2008,1.13382351398468
gnq,2009,1.147398829460144
gnq,2010,1.16028368473053
gnq,2011,1.174094676971436
gnq,2012,1.186301350593567
gnq,2013,1.198113203048706
gnq,2014,1.210596084594727
gnq,2015,1.219035148620605
gnq,2016,1.231065511703491
gnq,2017,1.237974643707275
gnq,2018,1.24594259262085
gnq,2019,1.252774357795715
gnq,2020,1.259439706802368
gnq,2021,1.266265034675598
gnq,2022,1.272619009017944
gnq,2023,1.27967095375061
gnq,2024,1.283391356468201
grc,1990,1.001009106636047
grc,1991,1.001009106636047
grc,1992,1.001009106636047
grc,1993,1.001009106636047
grc,1994,1.0
grc,1995,1.0
grc,1996,1.0
grc,1997,1.0
grc,1998,1.0
grc,1999,1.0
grc,2000,1.0
grc,2001,1.0
grc,2002,1.0
grc,2003,1.0
grc,2004,1.0
grc,2005,1.0
grc,2006,1.0
grc,2007,0.9989919066429138
grc,2008,1.0
grc,2009,1.0
grc,2010,1.0
grc,2011,0.9989919066429138
grc,2012,0.9989919066429138
grc,2013,0.9989919066429138
grc,2014,1.0
grc,2015,1.0
grc,2016,0.9989929795265198
grc,2017,0.9989929795265198
grc,2018,0.9989929795265198
grc,2019,1.0
grc,2020,1.0
grc,2021,1.0
grc,2022,1.0
grc,2023,1.0
grc,2024,0.998993992805481
gtm,1990,0.7665953040122986
gtm,1991,0.7733050584793091
gtm,1992,0.780793309211731
gtm,1993,0.7843942642211914
gtm,1994,0.788306474685669
gtm,1995,0.7924901247024536
gtm,1996,0.7988394498825073
gtm,1997,0.8034026622772217
gtm,1998,0.8126159310340881
gtm,1999,0.8199999928474426
gtm,2000,0.832442045211792
gtm,2001,0.8414633870124817
gtm,2002,0.8505942225456238
gtm,2003,0.860927164554596
gtm,2004,0.8739902973175049
gtm,2005,0.8881889581680298
gtm,2006,0.8989280462265015
gtm,2007,0.9077380895614624
gtm,2008,0.9187228083610536
gtm,2009,0.9278641939163208
gtm,2010,0.9365517497062684
gtm,2011,0.9448183178901672
gtm,2012,0.949999988079071
gtm,2013,0.9561290144920348
gtm,2014,0.9619289636611938
gtm,2015,0.9685929417610168
gtm,2016,0.9739130139350892
gtm,2017,0.9790382385253906
gtm,2018,0.9829059839248656
gtm,2019,0.9854897260665894
gtm,2020,0.9880239367485046
gtm,2021,0.9893238544464112
gtm,2022,0.9905882477760316
gtm,2023,0.9941588640213012
gtm,2024,0.995365023612976
guy,1990,1.031578898429871
guy,1991,1.0301274061203
guy,1992,1.03096330165863
guy,1993,1.029579043388367
guy,1994,1.030474066734314
guy,1995,1.029147982597351
guy,1996,1.027839660644531
guy,1997,1.026519298553467
guy,1998,1.025219321250916
guy,1999,1.02393901348114
guy,2000,1.022702693939209
guy,2001,1.02255642414093
guy,2002,1.022411942481995
guy,2003,1.021231412887573
guy,2004,1.020063400268555
guy,2005,1.017875909805298
guy,2006,1.01778244972229
guy,2007,1.015625
guy,2008,1.014522790908813
guy,2009,1.013429760932922
guy,2010,1.013374447822571
guy,2011,1.012307643890381
guy,2012,1.012269973754883
guy,2013,1.010204076766968
guy,2014,1.010172963142395
guy,2015,1.009137034416199
guy,2016,1.008105397224426
guy,2017,1.007084965705872
guy,2018,1.006066679954529
guy,2019,1.007063627243042
guy,2020,1.006048440933228
guy,2021,1.006042242050171
guy,2022,1.00402820110321
guy,2023,1.004024147987366
guy,2024,1.004020094871521
hnd,1990,1.029595017433167
hnd,1991,1.04153847694397
hnd,1992,1.050075888633728
hnd,1993,1.052395224571228
hnd,1994,1.056047201156616
hnd,1995,1.059420347213745
hnd,1996,1.065527081489563
hnd,1997,1.068917036056519
hnd,1998,1.073508977890015
hnd,1999,1.075136661529541
hnd,2000,1.074024200439453
hnd,2001,1.072944283485413
hnd,2002,1.069190621376038
hnd,2003,1.067861676216125
hnd,2004,1.066416025161743
hnd,2005,1.065110564231873
hnd,2006,1.06408703327179
hnd,2007,1.063321352005005
hnd,2008,1.061538457870483
hnd,2009,1.059788942337036
hnd,2010,1.058071970939636
hnd,2011,1.056451559066772
hnd,2012,1.053775787353516
hnd,2013,1.053469896316528
hnd,2014,1.052095174789429
hnd,2015,1.051801800727844
hnd,2016,1.051396608352661
hnd,2017,1.048726439476013
hnd,2018,1.045005440711975
hnd,2019,1.042437434196472
hnd,2020,1.04103672504425
hnd,2021,1.039742231369019
hnd,2022,1.03850269317627
hnd,2023,1.038338661193848
hnd,2024,1.037115573883057
hrv,1990,1.0
hrv,1991,1.0
hrv,1992,1.0
hrv,1993,0.9989969730377196
hrv,1994,0.9989969730377196
hrv,1995,0.9989969730377196
hrv,1996,0.9989969730377196
hrv,1997,0.9989969730377196
hrv,1998,0.9989969730377196
hrv,1999,0.9989969730377196
hrv,2000,0.9989969730377196
hrv,2001,0.9989969730377196
hrv,2002,0.9989969730377196
hrv,2003,0.9989969730377196
hrv,2004,1.0
hrv,2005,1.0
hrv,2006,1.0
hrv,2007,1.0
hrv,2008,1.0
hrv,2009,1.0
hrv,2010,1.0
hrv,2011,1.0
hrv,2012,1.0
hrv,2013,1.0
hrv,2014,1.0
hrv,2015,1.0
hrv,2016,1.0
hrv,2017,1.0
hrv,2018,1.0
hrv,2019,1.0
hrv,2020,1.0
hrv,2021,1.0
hrv,2022,1.0
hrv,2023,1.0
hrv,2024,0.9989979863166808
hti,1990,0.7609561681747437
hti,1991,0.7898832559585571
hti,1992,0.8212927579879761
hti,1993,0.8513011336326599
hti,1994,0.8763636350631714
hti,1995,0.9107142686843872
hti,1996,0.9368420839309692
hti,1997,0.9655172228813172
hti,1998,0.9965986609458924
hti,1999,1.022875785827637
hti,2000,1.053125023841858
hti,2001,1.075075030326843
hti,2002,1.098265886306763
hti,2003,1.122562646865845
hti,2004,1.145552515983582
hti,2005,1.165354371070862
hti,2006,1.185089945793152
hti,2007,1.201511383056641
hti,2008,1.21921181678772
hti,2009,1.228915691375732
hti,2010,1.242352962493896
hti,2011,1.252873539924622
hti,2012,1.266219258308411
hti,2013,1.278867125511169
hti,2014,1.288747310638428
hti,2015,1.300411581993103
hti,2016,1.307385206222534
hti,2017,1.314563155174255
hti,2018,1.323863625526428
hti,2019,1.330868721008301
hti,2020,1.338738679885864
hti,2021,1.34683096408844
hti,2022,1.35456109046936
hti,2023,1.36026930809021
hti,2024,1.366776347160339
hun,1990,0.9989908933639526
hun,1991,0.9989908933639526
hun,1992,0.9989908933639526
hun,1993,0.9989908933639526
hun,1994,0.9989908933639526
hun,1995,0.9989908933639526
hun,1996,0.9989908933639526
hun,1997,0.9989908933639526
hun,1998,0.9989908933639526
hun,1999,0.9989908933639526
hun,2000,0.9989908933639526
hun,2001,0.9989908933639526
hun,2002,0.9989908933639526
hun,2003,0.9989908933639526
hun,2004,0.9989908933639526
hun,2005,0.9989908933639526
hun,2006,0.9989908933639526
hun,2007,0.9989908933639526
hun,2008,0.9989908933639526
hun,2009,0.9989908933639526
hun,2010,0.9989908933639526
hun,2011,0.9989908933639526
hun,2012,0.9989908933639526
hun,2013,0.9989908933639526
hun,2014,0.9989908933639526
hun,2015,0.9989908933639526
hun,2016,0.9989908933639526
hun,2017,0.9989908933639526
hun,2018,1.0
hun,2019,1.0
hun,2020,1.0
hun,2021,0.9989919066429138
hun,2022,0.9989919066429138
hun,2023,0.9989919066429138
hun,2024,0.9989919066429138
idn,1990,0.9614949226379396
idn,1991,0.9684329032897948
idn,1992,0.9719416499137878
idn,1993,0.9764837622642516
idn,1994,0.981005609035492
idn,1995,0.9843924045562744
idn,1996,0.9877777695655824
idn,1997,0.992239475250244
idn,1998,0.9955801367759703
idn,1999,1.0
idn,2000,1.003289461135864
idn,2001,1.005452513694763
idn,2002,1.006507635116577
idn,2003,1.008630037307739
idn,2004,1.010741114616394
idn,2005,1.013903737068176
idn,2006,1.019128561019897
idn,2007,1.022175312042236
idn,2008,1.02518367767334
idn,2009,1.027139902114868
idn,2010,1.027027010917664
idn,2011,1.02688729763031
idn,2012,1.023711323738098
idn,2013,1.022610425949097
idn,2014,1.020512819290161
idn,2015,1.018423795700073
idn,2016,1.018367290496826
idn,2017,1.017311573028564
idn,2018,1.015243887901306
idn,2019,1.013184547424316
idn,2020,1.011144876480103
idn,2021,1.010111212730408
idn,2022,1.009090900421143
idn,2023,1.0080726146698
idn,2024,1.00806450843811
ind,1990,0.6335311532020569
ind,1991,0.6535087823867798
ind,1992,0.6719424724578857
ind,1993,0.6893616914749146
ind,1994,0.7067039012908936
ind,1995,0.7245178818702698
ind,1996,0.7411924004554749
ind,1997,0.7610146999359131
ind,1998,0.7789473533630371
ind,1999,0.7963683605194092
ind,2000,0.815621018409729
ind,2001,0.8343868255615234
ind,2002,0.852867841720581
ind,2003,0.8696187138557434
ind,2004,0.8859223127365112
ind,2005,0.9016786813735962
ind,2006,0.9157769680023192
ind,2007,0.9295774698257446
ind,2008,0.9407665729522704
ind,2009,0.9528735876083374
ind,2010,0.9635119438171388
ind,2011,0.9739524126052856
ind,2012,0.983146071434021
ind,2013,0.9910714030265808
ind,2014,0.9966740608215332
ind,2015,1.002200245857239
ind,2016,1.007616996765137
ind,2017,1.010775804519653
ind,2018,1.013874053955078
ind,2019,1.016931176185608
ind,2020,1.017857193946838
ind,2021,1.019832968711853
ind,2022,1.02178418636322
ind,2023,1.022703766822815
ind,2024,1.022610425949097
irl,1990,1.001001954078674
irl,1991,1.001001954078674
irl,1992,1.001001954078674
irl,1993,1.001001954078674
irl,1994,1.001001954078674
irl,1995,1.001001954078674
irl,1996,1.001001954078674
irl,1997,1.001001954078674
irl,1998,1.001001954078674
irl,1999,1.0
irl,2000,1.0
irl,2001,1.001001954078674
irl,2002,1.001001954078674
irl,2003,1.001001954078674
irl,2004,1.0
irl,2005,1.0
irl,2006,1.0
irl,2007,1.0
irl,2008,1.001001954078674
irl,2009,1.001001954078674
irl,2010,1.001001954078674
irl,2011,1.001001954078674
irl,2012,1.001001954078674
irl,2013,1.001001954078674
irl,2014,1.001001954078674
irl,2015,1.001001954078674
irl,2016,1.001001954078674
irl,2017,1.0
irl,2018,1.0
irl,2019,1.0
irl,2020,1.0
irl,2021,1.0
irl,2022,1.0
irl,2023,1.0
irl,2024,1.0
irn,1990,0.8644067645072937
irn,1991,0.8824188113212585
irn,1992,0.8998887538909912
irn,1993,0.9161148071289064
irn,1994,0.9309210777282716
irn,1995,0.9423286318778992
irn,1996,0.9523809552192688
irn,1997,0.9601293206214904
irn,1998,0.9656283855438232
irn,1999,0.9689174890518188
irn,2000,0.9721627235412598
irn,2001,0.9732620120048524
irn,2002,0.9743589758872986
irn,2003,0.976520836353302
irn,2004,0.9797441363334656
irn,2005,0.98296058177948
irn,2006,0.9850904941558838
irn,2007,0.9882729053497314
irn,2008,0.9882729053497314
irn,2009,0.9872204661369324
irn,2010,0.9861848950386048
irn,2011,0.987261176109314
irn,2012,0.9872881174087524
irn,2013,0.9894179701805116
irn,2014,0.9904962778091432
irn,2015,0.992623805999756
irn,2016,0.9947368502616882
irn,2017,0.99684876203537
irn,2018,0.99790358543396
irn,2019,1.0
irn,2020,1.001043796539307
irn,2021,1.002081155776978
irn,2022,1.004149436950684
irn,2023,1.005170583724976
irn,2024,1.006191968917847
irq,1990,0.843137264251709
irq,1991,0.8510638475418091
irq,1992,0.8626543283462524
irq,1993,0.8710691928863525
irq,1994,0.8794212341308594
irq,1995,0.8865131735801697
irq,1996,0.8907563090324402
irq,1997,0.8890784978866577
irq,1998,0.8842832446098328
irq,1999,0.8769497275352478
irq,2000,0.8685120940208435
irq,2001,0.8644940257072449
irq,2002,0.8661016821861267
irq,2003,0.8731218576431274
irq,2004,0.8832237124443054
irq,2005,0.8972267508506775
irq,2006,0.9092382788658142
irq,2007,0.9193548560142516
irq,2008,0.9281150102615356
irq,2009,0.9369085431098938
irq,2010,0.945820450782776
irq,2011,0.9560605883598328
irq,2012,0.9644444584846495
irq,2013,0.9667630195617676
irq,2014,0.9689703583717346
irq,2015,0.9710344672203064
irq,2016,0.9716216325759888
irq,2017,0.9734042286872864
irq,2018,0.9776609539985656
irq,2019,0.9791666865348816
irq,2020,0.9818887710571288
irq,2021,0.9807692170143129
irq,2022,0.9821656346321106
irq,2023,0.9847715497016908
irq,2024,0.9861111044883728
isl,1990,0.9969356656074524
isl,1991,0.9969356656074524
isl,1992,0.9979550242424012
isl,1993,0.9969356656074524
isl,1994,0.9969356656074524
isl,1995,0.9969356656074524
isl,1996,0.9979550242424012
isl,1997,0.9979550242424012
isl,1998,0.9979550242424012
isl,1999,0.9979550242424012
isl,2000,0.9979550242424012
isl,2001,0.9969356656074524
isl,2002,0.9969356656074524
isl,2003,0.9969356656074524
isl,2004,0.9969356656074524
isl,2005,0.9969356656074524
isl,2006,0.9969356656074524
isl,2007,0.9969356656074524
isl,2008,0.9979550242424012
isl,2009,0.9979550242424012
isl,2010,0.9969325065612792
isl,2011,0.9969325065612792
isl,2012,0.9969325065612792
isl,2013,0.9969293475151062
isl,2014,0.996926248073578
isl,2015,0.9969230890274048
isl,2016,0.9969199299812316
isl,2017,0.99589741230011
isl,2018,0.9969199299812316
isl,2019,0.9969199299812316
isl,2020,0.9969230890274048
isl,2021,0.9969230890274048
isl,2022,0.9969230890274048
isl,2023,0.9969230890274048
isl,2024,0.9969230890274048
isr,1990,0.9919354915618896
isr,1991,0.9939516186714172
isr,1992,0.9949596524238586
isr,1993,0.9949647784233092
isr,1994,0.9959717988967896
isr,1995,0.9959717988967896
isr,1996,0.9959758520126344
isr,1997,0.996981918811798
isr,1998,0.9979879260063172
isr,1999,0.9979879260063172
isr,2000,0.9979899525642396
isr,2001,0.9979899525642396
isr,2002,0.9989949464797974
isr,2003,0.9989959597587584
isr,2004,0.9989959597587584
isr,2005,1.0
isr,2006,1.0
isr,2007,1.0
isr,2008,1.0
isr,2009,1.0
isr,2010,1.001001954078674
isr,2011,1.0
isr,2012,1.0
isr,2013,1.001001000404358
isr,2014,1.001001000404358
isr,2015,1.001001000404358
isr,2016,1.001000046730042
isr,2017,1.001000046730042
isr,2018,1.001000046730042
isr,2019,1.001000046730042
isr,2020,1.001000046730042
isr,2021,1.0
isr,2022,1.0
isr,2023,1.0
isr,2024,1.0
ita,1990,1.00100302696228
ita,1991,1.0
ita,1992,1.0
ita,1993,1.001001954078674
ita,1994,1.001001954078674
ita,1995,1.001001954078674
ita,1996,1.001001954078674
ita,1997,1.001001954078674
ita,1998,1.001001954078674
ita,1999,1.001001954078674
ita,2000,1.001001954078674
ita,2001,1.001001954078674
ita,2002,1.001001954078674
ita,2003,1.001001954078674
ita,2004,1.001001954078674
ita,2005,1.001001954078674
ita,2006,1.001001954078674
ita,2007,1.001001954078674
ita,2008,1.001001954078674
ita,2009,1.001001954078674
ita,2010,1.001001954078674
ita,2011,1.0
ita,2012,1.0
ita,2013,1.0
ita,2014,1.001001000404358
ita,2015,1.001001000404358
ita,2016,1.0
ita,2017,1.0
ita,2018,1.0
ita,2019,1.0
ita,2020,1.0
ita,2021,1.0
ita,2022,1.0
ita,2023,1.0
ita,2024,1.0
jam,1990,1.006091356277466
jam,1991,1.005076169967651
jam,1992,1.005071043968201
jam,1993,1.005071043968201
jam,1994,1.00506579875946
jam,1995,1.00506579875946
jam,1996,1.00506067276001
jam,1997,1.00506067276001
jam,1998,1.006066679954529
jam,1999,1.006060600280762
jam,2000,1.005050539970398
jam,2001,1.005045413970947
jam,2002,1.005040287971497
jam,2003,1.004032254219055
jam,2004,1.004032254219055
jam,2005,1.00402820110321
jam,2006,1.00402820110321
jam,2007,1.00402820110321
jam,2008,1.00402820110321
jam,2009,1.005030155181885
jam,2010,1.004024147987366
jam,2011,1.004024147987366
jam,2012,1.004024147987366
jam,2013,1.004024147987366
jam,2014,1.005025148391724
jam,2015,1.005025148391724
jam,2016,1.004020094871521
jam,2017,1.004020094871521
jam,2018,1.004020094871521
jam,2019,1.004020094871521
jam,2020,1.004020094871521
jam,2021,1.004020094871521
jam,2022,1.004016041755676
jam,2023,1.004016041755676
jam,2024,1.004016041755676
jor,1990,0.9892818927764891
jor,1991,0.9925053715705872
jor,1992,0.9935897588729858
jor,1993,0.994669497013092
jor,1994,0.9936237931251526
jor,1995,0.9936440587043762
jor,1996,0.9926160573959352
jor,1997,0.9915966391563416
jor,1998,0.9916230440139772
jor,1999,0.990625023841858
jor,2000,0.99169260263443
jor,2001,0.9917269945144652
jor,2002,0.991752564907074
jor,2003,0.9917780160903932
jor,2004,0.9917948842048644
jor,2005,0.9928278923034668
jor,2006,0.9938587546348572
jor,2007,0.9948875308036804
jor,2008,0.9959100484848022
jor,2009,0.9969325065612792
jor,2010,1.0
jor,2011,1.0
jor,2012,1.003064393997192
jor,2013,1.004081606864929
jor,2014,1.006116151809692
jor,2015,1.007128357887268
jor,2016,1.009155631065369
jor,2017,1.010162591934204
jor,2018,1.011167526245117
jor,2019,1.012170433998108
jor,2020,1.012158036231995
jor,2021,1.013157844543457
jor,2022,1.013144612312317
jor,2023,1.014141440391541
jor,2024,1.014127135276794
jpn,1990,1.0
jpn,1991,1.0
jpn,1992,1.0
jpn,1993,1.0
jpn,1994,1.0
jpn,1995,1.0
jpn,1996,1.0
jpn,1997,1.0
jpn,1998,1.0
jpn,1999,1.0
jpn,2000,1.0
jpn,2001,1.0
jpn,2002,1.0
jpn,2003,1.0
jpn,2004,1.0
jpn,2005,1.0
jpn,2006,1.0
jpn,2007,1.0
jpn,2008,1.0
jpn,2009,1.0
jpn,2010,1.0
jpn,2011,1.0
jpn,2012,1.0
jpn,2013,1.0
jpn,2014,1.0
jpn,2015,1.0
jpn,2016,1.0
jpn,2017,1.0
jpn,2018,1.0
jpn,2019,1.0
jpn,2020,1.0
jpn,2021,1.0
jpn,2022,1.0
jpn,2023,1.0
jpn,2024,1.0
kaz,1990,1.001006007194519
kaz,1991,1.001006007194519
kaz,1992,1.001006007194519
kaz,1993,1.001006007194519
kaz,1994,1.0
kaz,1995,1.001005053520203
kaz,1996,1.001005053520203
kaz,1997,1.001005053520203
kaz,1998,1.001005053520203
kaz,1999,1.001005053520203
kaz,2000,1.002008080482483
kaz,2001,1.001003980636597
kaz,2002,1.001003980636597
kaz,2003,1.001003980636597
kaz,2004,1.001003980636597
kaz,2005,1.002006053924561
kaz,2006,1.00100302696228
kaz,2007,1.00100302696228
kaz,2008,1.00100302696228
kaz,2009,1.002004027366638
kaz,2010,1.001001954078674
kaz,2011,1.001001954078674
kaz,2012,1.001001954078674
kaz,2013,1.001001954078674
kaz,2014,1.001001954078674
kaz,2015,1.001001000404358
kaz,2016,1.001001000404358
kaz,2017,1.001001000404358
kaz,2018,1.001001000404358
kaz,2019,1.001001000404358
kaz,2020,1.001001000404358
kaz,2021,1.001001000404358
kaz,2022,1.001999974250793
kaz,2023,1.001999974250793
kaz,2024,1.001000046730042
ken,1990,0.9507042169570924
ken,1991,0.982206404209137
ken,1992,1.016042828559875
ken,1993,1.044014096260071
ken,1994,1.06491231918335
ken,1995,1.08070170879364
ken,1996,1.091549277305603
ken,1997,1.094138503074646
ken,1998,1.089605689048767
ken,1999,1.086021542549133
ken,2000,1.081705093383789
ken,2001,1.081881523132324
ken,2002,1.078498244285583
ken,2003,1.076794624328613
ken,2004,1.081300854682922
ken,2005,1.082408905029297
ken,2006,1.086153864860535
ken,2007,1.089552283287048
ken,2008,1.096820831298828
ken,2009,1.103932619094849
ken,2010,1.110958933830261
ken,2011,1.116621971130371
ken,2012,1.121212124824524
ken,2013,1.124675273895264
ken,2014,1.128369688987732
ken,2015,1.129441618919373
ken,2016,1.130162715911865
ken,2017,1.130381345748901
ken,2018,1.130120515823364
ken,2019,1.129564166069031
ken,2020,1.127732992172241
ken,2021,1.124013543128967
ken,2022,1.119601368904114
ken,2023,1.115720510482788
ken,2024,1.113390922546387
kgz,1990,1.001006007194519
kgz,1991,1.001006007194519
kgz,1992,1.001006007194519
kgz,1993,1.001006007194519
kgz,1994,1.001006007194519
kgz,1995,1.002012014389038
kgz,1996,1.002012014389038
kgz,1997,1.002012014389038
kgz,1998,1.002012014389038
kgz,1999,1.002012014389038
kgz,2000,1.002012014389038
kgz,2001,1.002012014389038
kgz,2002,1.002012014389038
kgz,2003,1.002012014389038
kgz,2004,1.003018140792847
kgz,2005,1.003018140792847
kgz,2006,1.003018140792847
kgz,2007,1.004024147987366
kgz,2008,1.004024147987366
kgz,2009,1.004024147987366
kgz,2010,1.004024147987366
kgz,2011,1.003018140792847
kgz,2012,1.004020094871521
kgz,2013,1.004020094871521
kgz,2014,1.004020094871521
kgz,2015,1.003015041351318
kgz,2016,1.003015041351318
kgz,2017,1.003015041351318
kgz,2018,1.003015041351318
kgz,2019,1.003015041351318
kgz,2020,1.003015041351318
kgz,2021,1.003015041351318
kgz,2022,1.00301206111908
kgz,2023,1.00301206111908
kgz,2024,1.00301206111908
khm,1990,0.625
khm,1991,0.6274999976158142
khm,1992,0.6299999952316284
khm,1993,0.6379310488700867
khm,1994,0.6515513062477112
khm,1995,0.6705336570739746
khm,1996,0.685520350933075
khm,1997,0.6997792720794678
khm,1998,0.7152034044265747
khm,1999,0.7334710955619812
khm,2000,0.7594433426856995
khm,2001,0.7969348430633545
khm,2002,0.8370370268821716
khm,2003,0.8810811042785645
khm,2004,0.9260563254356384
khm,2005,0.9671847820281982
khm,2006,1.001700639724731
khm,2007,1.027868866920471
khm,2008,1.047770738601685
khm,2009,1.062402486801147
khm,2010,1.073732733726501
khm,2011,1.087745785713196
khm,2012,1.096726179122925
khm,2013,1.103498578071594
khm,2014,1.102272748947144
khm,2015,1.099173545837402
khm,2016,1.096128225326538
khm,2017,1.094559550285339
khm,2018,1.094696998596191
khm,2019,1.097651362419128
khm,2020,1.103280663490295
khm,2021,1.10991632938385
khm,2022,1.114252090454102
khm,2023,1.118466854095459
khm,2024,1.121699213981628
kir,1990,1.089473724365234
kir,1991,1.088421106338501
kir,1992,1.089285731315613
kir,1993,1.088235259056091
kir,1994,1.086134433746338
kir,1995,1.086044073104858
kir,1996,1.086044073104858
kir,1997,1.085953831672668
kir,1998,1.084905624389648
kir,1999,1.084816813468933
kir,2000,1.083682060241699
kir,2001,1.083594560623169
kir,2002,1.082463502883911
kir,2003,1.082377433776855
kir,2004,1.082291722297668
kir,2005,1.082206010818481
kir,2006,1.082206010818481
kir,2007,1.081081032752991
kir,2008,1.081081032752991
kir,2009,1.080996870994568
kir,2010,1.079958438873291
kir,2011,1.079958438873291
kir,2012,1.078838229179382
kir,2013,1.077800869941711
kir,2014,1.077720165252686
kir,2015,1.076604604721069
kir,2016,1.074534177780151
kir,2017,1.073422908782959
kir,2018,1.072388887405396
kir,2019,1.072388887405396
kir,2020,1.072314023971558
kir,2021,1.072239398956299
kir,2022,1.070247888565063
kir,2023,1.071207404136658
kir,2024,1.071133971214294
kor,1990,1.0
kor,1991,1.0
kor,1992,1.0
kor,1993,0.998998999595642
kor,1994,1.0
kor,1995,1.0
kor,1996,1.0
kor,1997,1.0
kor,1998,1.0
kor,1999,1.0
kor,2000,1.0
kor,2001,1.0
kor,2002,1.0
kor,2003,1.0
kor,2004,1.0
kor,2005,1.0
kor,2006,1.0
kor,2007,1.0
kor,2008,1.0
kor,2009,1.001000046730042
kor,2010,1.0
kor,2011,1.0
kor,2012,1.0
kor,2013,1.0
kor,2014,1.0
kor,2015,1.0
kor,2016,1.0
kor,2017,1.0
kor,2018,1.0
kor,2019,1.0
kor,2020,1.0
kor,2021,1.0
kor,2022,1.0
kor,2023,1.0
kor,2024,1.0
lao,1990,0.8525798320770264
lao,1991,0.8457831144332886
lao,1992,0.8463357090950012
lao,1993,0.8564814925193787
lao,1994,0.8668171763420105
lao,1995,0.8830022215843201
lao,1996,0.8965517282485962
lao,1997,0.9113923907279968
lao,1998,0.92164945602417
lao,1999,0.9314516186714172
lao,2000,0.9404761791229248
lao,2001,0.949317753314972
lao,2002,0.9616122841835022
lao,2003,0.9754253029823304
lao,2004,0.9906716346740724
lao,2005,1.003669738769531
lao,2006,1.012589931488037
lao,2007,1.017667889595032
lao,2008,1.019163727760315
lao,2009,1.022298455238342
lao,2010,1.023648619651794
lao,2011,1.028286218643188
lao,2012,1.031147599220276
lao,2013,1.033925652503967
lao,2014,1.039808869361877
lao,2015,1.046948313713074
lao,2016,1.050925970077515
lao,2017,1.051750421524048
lao,2018,1.052631616592407
lao,2019,1.054896116256714
lao,2020,1.058650970458984
lao,2021,1.060781478881836
lao,2022,1.061516404151917
lao,2023,1.06506359577179
lao,2024,1.065826296806335
lbr,1990,0.5666666626930237
lbr,1991,0.575630247592926
lbr,1992,0.5822784900665283
lbr,1993,0.5932203531265259
lbr,1994,0.6101694703102112
lbr,1995,0.6329113841056824
lbr,1996,0.6458333134651184
lbr,1997,0.6680327653884888
lbr,1998,0.6935483813285828
lbr,1999,0.7222222089767456
lbr,2000,0.75
lbr,2001,0.7790697813034058
lbr,2002,0.80694979429245
lbr,2003,0.8307692408561707
lbr,2004,0.855513334274292
lbr,2005,0.8805969953536987
lbr,2006,0.9090909361839294
lbr,2007,0.9399293065071106
lbr,2008,0.9756944179534912
lbr,2009,1.010273933410645
lbr,2010,1.040133833885193
lbr,2011,1.065789461135864
lbr,2012,1.088235259056091
lbr,2013,1.116504907608032
lbr,2014,1.138263702392578
lbr,2015,1.165605068206787
lbr,2016,1.185534596443176
lbr,2017,1.200000047683716
lbr,2018,1.214953303337097
lbr,2019,1.22910213470459
lbr,2020,1.241590261459351
lbr,2021,1.262048244476318
lbr,2022,1.277286171913147
lbr,2023,1.287790656089783
lbr,2024,1.302857160568237
lca,1990,1.015353083610535
lca,1991,1.014314889907837
lca,1992,1.014300346374512
lca,1993,1.013265252113342
lca,1994,1.013251781463623
lca,1995,1.013238310813904
lca,1996,1.012207508087158
lca,1997,1.012195110321045
lca,1998,1.011167526245117
lca,1999,1.01115620136261
lca,2000,1.011144876480103
lca,2001,1.010121464729309
lca,2002,1.010111212730408
lca,2003,1.009100079536438
lca,2004,1.009090900421143
lca,2005,1.009081721305847
lca,2006,1.0080726146698
lca,2007,1.00806450843811
lca,2008,1.006048440933228
lca,2009,1.006042242050171
lca,2010,1.005035281181335
lca,2011,1.005030155181885
lca,2012,1.005030155181885
lca,2013,1.004024147987366
lca,2014,1.004020094871521
lca,2015,1.004020094871521
lca,2016,1.003015041351318
lca,2017,1.003015041351318
lca,2018,1.00301206111908
lca,2019,1.00301206111908
lca,2020,1.002008080482483
lca,2021,1.003009080886841
lca,2022,1.002006053924561
lca,2023,1.002006053924561
lca,2024,1.00100302696228
lso,1990,1.456647396087646
lso,1991,1.445506691932678
lso,1992,1.433712124824524
lso,1993,1.420262694358826
lso,1994,1.410018563270569
lso,1995,1.395563721656799
lso,1996,1.388170003890991
lso,1997,1.382189273834229
lso,1998,1.378026127815247
lso,1999,1.373831748962402
lso,2000,1.373605966567993
lso,2001,1.370165705680847
lso,2002,1.371171116828918
lso,2003,1.374125838279724
lso,2004,1.374789953231812
lso,2005,1.375806450843811
lso,2006,1.379844903945923
lso,2007,1.382882833480835
lso,2008,1.383601784706116
lso,2009,1.378766179084778
lso,2010,1.371468901634216
lso,2011,1.362116932868958
lso,2012,1.353424668312073
lso,2013,1.344966411590576
lso,2014,1.339425563812256
lso,2015,1.336696147918701
lso,2016,1.334951400756836
lso,2017,1.334112167358398
lso,2018,1.333333373069763
lso,2019,1.333696842193604
lso,2020,1.331562161445618
lso,2021,1.328125
lso,2022,1.32482123374939
lso,2023,1.320241689682007
lso,2024,1.312999963760376
ltu,1990,1.001003980636597
ltu,1991,1.001003980636597
ltu,1992,1.001003980636597
ltu,1993,1.001003980636597
ltu,1994,1.001003980636597
ltu,1995,1.001003980636597
ltu,1996,1.001003980636597
ltu,1997,1.001003980636597
ltu,1998,1.001003980636597
ltu,1999,1.001003980636597
ltu,2000,1.001003980636597
ltu,2001,1.001003980636597
ltu,2002,1.001003980636597
ltu,2003,1.001003980636597
ltu,2004,1.001003980636597
ltu,2005,1.001003980636597
ltu,2006,1.001003980636597
ltu,2007,1.001003980636597
ltu,2008,1.001003980636597
ltu,2009,1.001003980636597
ltu,2010,1.001003980636597
ltu,2011,1.001003980636597
ltu,2012,1.001003980636597
ltu,2013,1.001003980636597
ltu,2014,1.0
ltu,2015,1.00100302696228
ltu,2016,1.00100302696228
ltu,2017,1.00100302696228
ltu,2018,1.00100302696228
ltu,2019,1.00100302696228
ltu,2020,1.00100302696228
ltu,2021,1.00100302696228
ltu,2022,1.00100302696228
ltu,2023,1.00100302696228
ltu,2024,1.00100302696228
lux,1990,1.0
lux,1991,0.998986840248108
lux,1992,0.998986840248108
lux,1993,0.998986840248108
lux,1994,0.998986840248108
lux,1995,0.998986840248108
lux,1996,1.0
lux,1997,0.9989858269691468
lux,1998,0.998986840248108
lux,1999,0.998986840248108
lux,2000,0.998986840248108
lux,2001,0.9989858269691468
lux,2002,0.9989858269691468
lux,2003,0.9989858269691468
lux,2004,0.9989858269691468
lux,2005,0.9989858269691468
lux,2006,0.9989858269691468
lux,2007,0.9989858269691468
lux,2008,0.9989858269691468
lux,2009,1.0
lux,2010,1.0
lux,2011,1.0
lux,2012,1.0
lux,2013,1.0
lux,2014,1.0
lux,2015,1.0
lux,2016,1.0
lux,2017,1.0
lux,2018,1.0
lux,2019,1.0
lux,2020,1.0
lux,2021,1.0
lux,2022,1.0
lux,2023,1.0
lux,2024,1.001013159751892
lva,1990,1.0
lva,1991,1.0
lva,1992,1.0
lva,1993,1.0
lva,1994,1.0
lva,1995,1.0
lva,1996,1.0
lva,1997,1.0
lva,1998,1.0
lva,1999,1.0
lva,2000,1.0
lva,2001,1.0
lva,2002,1.0
lva,2003,1.0
lva,2004,1.0
lva,2005,1.0
lva,2006,1.0
lva,2007,1.0
lva,2008,1.0
lva,2009,1.0
lva,2010,1.0
lva,2011,1.0
lva,2012,1.0
lva,2013,1.0
lva,2014,1.0
lva,2015,1.0
lva,2016,1.0
lva,2017,0.9989959597587584
lva,2018,0.9989959597587584
lva,2019,1.0
lva,2020,1.0
lva,2021,1.0
lva,2022,1.0
lva,2023,1.0
lva,2024,1.0
mar,1990,0.756892204284668
mar,1991,0.7572815418243408
mar,1992,0.7599999904632568
mar,1993,0.7630979418754578
mar,1994,0.7682119011878967
mar,1995,0.7723404169082642
mar,1996,0.7750511169433594
mar,1997,0.7779960632324219
mar,1998,0.7840909361839294
mar,1999,0.7934186458587646
mar,2000,0.8056536912918091
mar,2001,0.8174061179161072
mar,2002,0.8311258554458618
mar,2003,0.8438003063201904
mar,2004,0.8537735939025879
mar,2005,0.8597843050956726
mar,2006,0.865558922290802
mar,2007,0.8698225021362305
mar,2008,0.8751814365386963
mar,2009,0.8776671290397644
mar,2010,0.8826815485954285
mar,2011,0.8887362480163574
mar,2012,0.8918918967247009
mar,2013,0.8988016247749329
mar,2014,0.9017037749290466
mar,2015,0.907096803188324
mar,2016,0.9097840189933776
mar,2017,0.9134253263473512
mar,2018,0.9169764518737792
mar,2019,0.9217603802680968
mar,2020,0.9239130616188048
mar,2021,0.9271206855773926
mar,2022,0.9291617274284364
mar,2023,0.9321637153625488
mar,2024,0.935110092163086
mda,1990,1.0080726146698
mda,1991,1.009081721305847
mda,1992,1.008080840110779
mda,1993,1.008080840110779
mda,1994,1.008080840110779
mda,1995,1.008080840110779
mda,1996,1.009090900421143
mda,1997,1.009090900421143
mda,1998,1.009090900421143
mda,1999,1.009090900421143
mda,2000,1.009090900421143
mda,2001,1.009090900421143
mda,2002,1.009090900421143
mda,2003,1.009090900421143
mda,2004,1.009090900421143
mda,2005,1.009090900421143
mda,2006,1.010090827941895
mda,2007,1.009081721305847
mda,2008,1.009081721305847
mda,2009,1.010080695152283
mda,2010,1.010080695152283
mda,2011,1.009072542190552
mda,2012,1.009072542190552
mda,2013,1.010070443153381
mda,2014,1.010070443153381
mda,2015,1.010070443153381
mda,2016,1.010070443153381
mda,2017,1.010070443153381
mda,2018,1.009063482284546
mda,2019,1.009063482284546
mda,2020,1.009063482284546
mda,2021,1.01006031036377
mda,2022,1.01006031036377
mda,2023,1.01006031036377
mda,2024,1.01006031036377
mdg,1990,1.087837815284729
mdg,1991,1.096885800361633
mdg,1992,1.11307418346405
mdg,1993,1.125447988510132
mdg,1994,1.137681126594543
mdg,1995,1.141818165779114
mdg,1996,1.149090886116028
mdg,1997,1.15162456035614
mdg,1998,1.149999976158142
mdg,1999,1.147368431091309
mdg,2000,1.143344759941101
mdg,2001,1.135313510894775
mdg,2002,1.123417735099792
mdg,2003,1.114457845687866
mdg,2004,1.10541307926178
mdg,2005,1.094594597816467
mdg,2006,1.08695650100708
mdg,2007,1.084541082382202
mdg,2008,1.089655160903931
mdg,2009,1.097130298614502
mdg,2010,1.10897433757782
mdg,2011,1.118749976158142
mdg,2012,1.129098415374756
mdg,2013,1.139393925666809
mdg,2014,1.149105310440063
mdg,2015,1.15490198135376
mdg,2016,1.162162184715271
mdg,2017,1.172348499298096
mdg,2018,1.176908731460571
mdg,2019,1.182815313339233
mdg,2020,1.187050342559814
mdg,2021,1.189045906066895
mdg,2022,1.189565181732178
mdg,2023,1.189003467559814
mdg,2024,1.189509272575378
mdv,1990,0.8844301700592041
mdv,1991,0.9123076796531676
mdv,1992,0.9408283829689026
mdv,1993,0.9700854420661926
mdv,1994,1.0
mdv,1995,1.024611353874207
mdv,1996,1.047852754592896
mdv,1997,1.063231825828552
mdv,1998,1.075365543365479
mdv,1999,1.081788420677185
mdv,2000,1.083067059516907
mdv,2001,1.083594560623169
mdv,2002,1.079381465911865
mdv,2003,1.075587391853333
mdv,2004,1.068089485168457
mdv,2005,1.061803460121155
mdv,2006,1.055611729621887
mdv,2007,1.049494981765747
mdv,2008,1.044444441795349
mdv,2009,1.038422703742981
mdv,2010,1.033400774002075
mdv,2011,1.028368830680847
mdv,2012,1.023350238800049
mdv,2013,1.020304560661316
mdv,2014,1.016260147094727
mdv,2015,1.013211369514465
mdv,2016,1.010152339935303
mdv,2017,1.00710654258728
mdv,2018,1.006085157394409
mdv,2019,1.004052639007568
mdv,2020,1.003036379814148
mdv,2021,1.003030300140381
mdv,2022,1.002018213272095
mdv,2023,1.002016186714172
mdv,2024,1.001007080078125
mex,1990,0.996483027935028
mex,1991,0.9988290667533876
mex,1992,1.0
mex,1993,1.001160144805908
mex,1994,1.001153349876404
mex,1995,1.002290964126587
mex,1996,1.002275347709656
mex,1997,1.003382205963135
mex,1998,1.004464268684387
mex,1999,1.006629824638367
mex,2000,1.008762359619141
mex,2001,1.009782552719116
mex,2002,1.009719252586365
mex,2003,1.00964629650116
mex,2004,1.009584665298462
mex,2005,1.011640191078186
mex,2006,1.013698577880859
mex,2007,1.014690399169922
mex,2008,1.014644384384155
mex,2009,1.014598488807678
mex,2010,1.013527631759644
mex,2011,1.012461066246033
mex,2012,1.011398911476135
mex,2013,1.012396693229675
mex,2014,1.010319948196411
mex,2015,1.009278297424316
mex,2016,1.008238911628723
mex,2017,1.007201671600342
mex,2018,1.007186889648438
mex,2019,1.007172107696533
mex,2020,1.006134986877441
mex,2021,1.005107283592224
mex,2022,1.005096793174744
mex,2023,1.005091667175293
mex,2024,1.005081295967102
mkd,1990,0.9876922965049744
mkd,1991,0.9897435903549194
mkd,1992,0.9897540807724
mkd,1993,0.9918032884597778
mkd,1994,0.9918116927146912
mkd,1995,0.9938587546348572
mkd,1996,0.9938650131225586
mkd,1997,0.99387127161026
mkd,1998,0.9938775300979614
mkd,1999,0.9938837885856628
mkd,2000,0.9938900470733644
mkd,2001,0.9949135184288024
mkd,2002,0.994918704032898
mkd,2003,0.9949238300323486
mkd,2004,0.995939075946808
mkd,2005,0.9959431886672974
mkd,2006,0.9969574213027954
mkd,2007,0.996960461139679
mkd,2008,0.9969635605812072
mkd,2009,0.9979757070541382
mkd,2010,0.9979757070541382
mkd,2011,0.9979777336120604
mkd,2012,0.9989888668060304
mkd,2013,0.9989898800849916
mkd,2014,1.0
mkd,2015,1.0
mkd,2016,1.0
mkd,2017,1.001008033752441
mkd,2018,1.001007080078125
mkd,2019,1.001007080078125
mkd,2020,1.001006007194519
mkd,2021,1.001006007194519
mkd,2022,1.002010107040405
mkd,2023,1.002010107040405
mkd,2024,1.002008080482483
mli,1990,0.550632894039154
mli,1991,0.550000011920929
mli,1992,0.5555555820465088
mli,1993,0.5515151619911194
mli,1994,0.5502958297729492
mli,1995,0.5454545617103577
mli,1996,0.5405405163764954
mli,1997,0.545918345451355
mli,1998,0.559808611869812
mli,1999,0.5733333230018616
mli,2000,0.5843621492385864
mli,2001,0.6030534505844116
mli,2002,0.6170212626457214
mli,2003,0.6333333253860474
mli,2004,0.643750011920929
mli,2005,0.6499999761581421
mli,2006,0.6583333611488342
mli,2007,0.6710526347160339
mli,2008,0.6882793307304382
mli,2009,0.7190476059913635
mli,2010,0.752860426902771
mli,2011,0.7876105904579163
mli,2012,0.8154506683349609
mli,2013,0.8371607661247253
mli,2014,0.8565573692321777
mli,2015,0.8692153096199036
mli,2016,0.8814229369163513
mli,2017,0.8914728760719299
mli,2018,0.9049429893493652
mli,2019,0.9143389463424684
mli,2020,0.9233576655387878
mli,2021,0.9321428537368774
mli,2022,0.9456140398979188
mli,2023,0.9550949931144714
mli,2024,0.9659863710403442
mlt,1990,0.9969574213027954
mlt,1991,0.9979715943336488
mlt,1992,0.9979715943336488
mlt,1993,0.9979715943336488
mlt,1994,0.9979715943336488
mlt,1995,0.9979715943336488
mlt,1996,0.9979715943336488
mlt,1997,0.9979715943336488
mlt,1998,0.9979715943336488
mlt,1999,0.9979715943336488
mlt,2000,0.9979715943336488
mlt,2001,0.9979715943336488
mlt,2002,0.9979715943336488
mlt,2003,0.9979715943336488
mlt,2004,0.9979715943336488
mlt,2005,0.9979715943336488
mlt,2006,0.9989847540855408
mlt,2007,0.9979695677757264
mlt,2008,0.9979695677757264
mlt,2009,0.9979674816131592
mlt,2010,0.9969512224197388
mlt,2011,0.9969481229782104
mlt,2012,0.9979633688926696
mlt,2013,0.9979612827301024
mlt,2014,0.9979612827301024
mlt,2015,0.9969419240951538
mlt,2016,0.9979612827301024
mlt,2017,0.9979612827301024
mlt,2018,0.9979612827301024
mlt,2019,0.996945023536682
mlt,2020,0.996945023536682
mlt,2021,0.996945023536682
mlt,2022,0.9979633688926696
mlt,2023,0.9979633688926696
mlt,2024,0.9979633688926696
mmr,1990,0.9191489219665528
mmr,1991,0.9322034120559692
mmr,1992,0.9473684430122375
mmr,1993,0.9603340029716492
mmr,1994,0.9752577543258668
mmr,1995,0.9837067127227784
mmr,1996,0.9939637780189514
mmr,1997,1.001984119415283
mmr,1998,1.007797241210938
mmr,1999,1.015325665473938
mmr,2000,1.02255642414093
mmr,2001,1.02935779094696
mmr,2002,1.03743314743042
mmr,2003,1.044982671737671
mmr,2004,1.050505042076111
mmr,2005,1.059016346931458
mmr,2006,1.065916419029236
mmr,2007,1.072900176048279
mmr,2008,1.075353264808655
mmr,2009,1.080495357513428
mmr,2010,1.081942319869995
mmr,2011,1.078171133995056
mmr,2012,1.071326732635498
mmr,2013,1.063186764717102
mmr,2014,1.05695366859436
mmr,2015,1.05377721786499
mmr,2016,1.049751281738281
mmr,2017,1.048543691635132
mmr,2018,1.046428561210632
mmr,2019,1.0467289686203
mmr,2020,1.043829321861267
mmr,2021,1.044368624687195
mmr,2022,1.042792797088623
mmr,2023,1.041294693946838
mmr,2024,1.041988968849182
mne,1990,1.003061175346375
mne,1991,1.003061175346375
mne,1992,1.003058075904846
mne,1993,1.002040863037109
mne,1994,1.002040863037109
mne,1995,1.002040863037109
mne,1996,1.003058075904846
mne,1997,1.002038717269897
mne,1998,1.002038717269897
mne,1999,1.002038717269897
mne,2000,1.002036690711975
mne,2001,1.002036690711975
mne,2002,1.002036690711975
mne,2003,1.002034544944763
mne,2004,1.002034544944763
mne,2005,1.002034544944763
mne,2006,1.002032518386841
mne,2007,1.002032518386841
mne,2008,1.002032518386841
mne,2009,1.00101625919342
mne,2010,1.002030491828918
mne,2011,1.001015186309814
mne,2012,1.001015186309814
mne,2013,1.001014232635498
mne,2014,1.001014232635498
mne,2015,1.001014232635498
mne,2016,1.001014232635498
mne,2017,1.001014232635498
mne,2018,1.001013159751892
mne,2019,1.001013159751892
mne,2020,1.001013159751892
mne,2021,1.001013159751892
mne,2022,1.002024292945862
mne,2023,1.001012086868286
mne,2024,1.001012086868286
mng,1990,1.071725606918335
mng,1991,1.083945393562317
mng,1992,1.096705675125122
mng,1993,1.109071254730225
mng,1994,1.120879173278809
mng,1995,1.129608988761902
mng,1996,1.135746598243713
mng,1997,1.13683009147644
mng,1998,1.132420063018799
mng,1999,1.121452927589417
mng,2000,1.108866453170776
mng,2001,1.0951327085495
mng,2002,1.080697894096375
mng,2003,1.067887902259827
mng,2004,1.057630777359009
mng,2005,1.048728823661804
mng,2006,1.041052579879761
mng,2007,1.033507823944092
mng,2008,1.027055144309998
mng,2009,1.020703911781311
mng,2010,1.01646089553833
mng,2011,1.012295126914978
mng,2012,1.009183645248413
mng,2013,1.007121086120605
mng,2014,1.006085157394409
mng,2015,1.00506067276001
mng,2016,1.004040360450745
mng,2017,1.004032254219055
mng,2018,1.00402820110321
mng,2019,1.004020094871521
mng,2020,1.004016041755676
mng,2021,1.004011988639832
mng,2022,1.004008054733276
mng,2023,1.003005981445313
mng,2024,1.004004001617432
moz,1990,0.6990291476249695
moz,1991,0.7211538553237915
moz,1992,0.7358490824699402
moz,1993,0.7431192398071289
moz,1994,0.7433628439903259
moz,1995,0.7394958138465881
moz,1996,0.738095223903656
moz,1997,0.746268630027771
moz,1998,0.75
moz,1999,0.7419354915618896
moz,2000,0.742514967918396
moz,2001,0.7374301552772522
moz,2002,0.7434554696083069
moz,2003,0.75
moz,2004,0.7695852518081665
moz,2005,0.7974137663841248
moz,2006,0.8266128897666931
moz,2007,0.8620689511299133
moz,2008,0.8937729001045227
moz,2009,0.925795078277588
moz,2010,0.948630154132843
moz,2011,0.9633333086967468
moz,2012,0.9740259647369384
moz,2013,0.9841269850730896
moz,2014,0.99071204662323
moz,2015,1.0
moz,2016,1.008720874786377
moz,2017,1.01396644115448
moz,2018,1.021276593208313
moz,2019,1.022727251052856
moz,2020,1.021479725837708
moz,2021,1.020224690437317
moz,2022,1.025370001792908
moz,2023,1.030060172080994
moz,2024,1.032567024230957
mrt,1990,0.5502958297729492
mrt,1991,0.5634218454360962
mrt,1992,0.5852941274642944
mrt,1993,0.6017699241638184
mrt,1994,0.6205882430076599
mrt,1995,0.6382352709770203
mrt,1996,0.6617646813392639
mrt,1997,0.6852940917015076
mrt,1998,0.7096773982048035
mrt,1999,0.7280701994895935
mrt,2000,0.7420290112495422
mrt,2001,0.7492795586585999
mrt,2002,0.7557471394538879
mrt,2003,0.7636887431144714
mrt,2004,0.7716763019561768
mrt,2005,0.7919074892997742
mrt,2006,0.811965823173523
mrt,2007,0.8328690528869629
mrt,2008,0.859078586101532
mrt,2009,0.8868421316146851
mrt,2010,0.910941481590271
mrt,2011,0.935960590839386
mrt,2012,0.952267289161682
mrt,2013,0.9651162624359132
mrt,2014,0.9794520735740662
mrt,2015,0.9954954981803894
mrt,2016,1.011013269424438
mrt,2017,1.021459221839905
mrt,2018,1.039583325386047
mrt,2019,1.052631616592407
mrt,2020,1.070866107940674
mrt,2021,1.088122606277466
mrt,2022,1.099437117576599
mrt,2023,1.111926555633545
mrt,2024,1.125899314880371
mus,1990,0.9977728128433228
mus,1991,1.0
mus,1992,1.003314971923828
mus,1993,1.005494475364685
mus,1994,1.008733630180359
mus,1995,1.013015151023865
mus,1996,1.014023780822754
mus,1997,1.018201231956482
mus,1998,1.020212769508362
mus,1999,1.021164059638977
mus,2000,1.022081971168518
mus,2001,1.020920515060425
mus,2002,1.019750475883484
mus,2003,1.016563177108765
mus,2004,1.013388276100159
mus,2005,1.0102459192276
mus,2006,1.008163213729858
mus,2007,1.005086421966553
mus,2008,1.003045678138733
mus,2009,1.001013159751892
mus,2010,1.0
mus,2011,0.9989908933639526
mus,2012,0.9989929795265198
mus,2013,0.998993992805481
mus,2014,0.9969879388809204
mus,2015,0.997991979122162
mus,2016,0.9979940056800842
mus,2017,0.9979959726333618
mus,2018,0.9979959726333618
mus,2019,0.9989979863166808
mus,2020,0.9979979991912842
mus,2021,0.998998999595642
mus,2022,0.998998999595642
mus,2023,0.9980000257492064
mus,2024,0.998998999595642
mwi,1990,0.7096773982048035
mwi,1991,0.7282230257987976
mwi,1992,0.7551020383834839
mwi,1993,0.7840531468391418
mwi,1994,0.826797366142273
mwi,1995,0.8677419424057007
mwi,1996,0.9131832718849182
mwi,1997,0.9615384340286256
mwi,1998,1.0
mwi,1999,1.033846139907837
mwi,2000,1.059523820877075
mwi,2001,1.074927926063538
mwi,2002,1.089385509490967
mwi,2003,1.105691075325012
mwi,2004,1.121371984481812
mwi,2005,1.14102566242218
mwi,2006,1.159600973129272
mwi,2007,1.176328539848328
mwi,2008,1.189695596694946
mwi,2009,1.19772732257843
mwi,2010,1.207505464553833
mwi,2011,1.218415379524231
mwi,2012,1.22594141960144
mwi,2013,1.231557369232178
mwi,2014,1.238383889198303
mwi,2015,1.243027925491333
mwi,2016,1.252446174621582
mwi,2017,1.259117126464844
mwi,2018,1.265037536621094
mwi,2019,1.270718216896057
mwi,2020,1.277978301048279
mwi,2021,1.281415939331055
mwi,2022,1.289428114891052
mwi,2023,1.29711377620697
mwi,2024,1.304492473602295
mys,1990,1.019207715988159
mys,1991,1.022511839866638
mys,1992,1.025730967521667
mys,1993,1.026589632034302
mys,1994,1.02625572681427
mys,1995,1.024802684783936
mys,1996,1.022222280502319
mys,1997,1.018640398979187
mys,1998,1.014084458351135
mys,1999,1.00964629650116
mys,2000,1.005313515663147
mys,2001,1.001054883003235
mys,2002,0.998952865600586
mys,2003,0.9968782663345336
mys,2004,0.9958634972572328
mys,2005,0.9948559403419496
mys,2006,0.993852436542511
mys,2007,0.99387127161026
mys,2008,0.9938900470733644
mys,2009,0.994918704032898
mys,2010,0.994929015636444
mys,2011,0.9949392676353456
mys,2012,0.9949495196342468
mys,2013,0.9949545860290528
mys,2014,0.9949647784233092
mys,2015,0.9959717988967896
mys,2016,0.996981918811798
mys,2017,0.9969848990440368
mys,2018,0.9969879388809204
mys,2019,0.996990978717804
mys,2020,0.9979940056800842
mys,2021,0.9979959726333618
mys,2022,0.9979959726333618
mys,2023,0.9989979863166808
mys,2024,0.9979979991912842
nam,1990,1.074875235557556
nam,1991,1.086038947105408
nam,1992,1.098101258277893
nam,1993,1.109567880630493
nam,1994,1.117469906806946
nam,1995,1.126656889915466
nam,1996,1.131884098052979
nam,1997,1.139800310134888
nam,1998,1.146478891372681
nam,1999,1.151388883590698
nam,2000,1.154582738876343
nam,2001,1.154777884483337
nam,2002,1.156291365623474
nam,2003,1.156453728675842
nam,2004,1.159178376197815
nam,2005,1.160556316375732
nam,2006,1.160847902297974
nam,2007,1.161131620407104
nam,2008,1.160583972930908
nam,2009,1.159227967262268
nam,2010,1.160287022590637
nam,2011,1.160332560539246
nam,2012,1.161556601524353
nam,2013,1.162573099136353
nam,2014,1.163383603096008
nam,2015,1.164179086685181
nam,2016,1.164960145950317
nam,2017,1.166854619979858
nam,2018,1.166480422019958
nam,2019,1.168327808380127
nam,2020,1.167032957077026
nam,2021,1.166848421096802
nam,2022,1.166666626930237
nam,2023,1.165769696235657
nam,2024,1.164882183074951
ner,1990,0.6153846383094788
ner,1991,0.6060606241226196
ner,1992,0.6090225577354431
ner,1993,0.611940324306488
ner,1994,0.6131386756896973
ner,1995,0.6043165326118469
ner,1996,0.6056337952613831
ner,1997,0.6027397513389587
ner,1998,0.6066666841506958
ner,1999,0.6103895902633667
ner,2000,0.6111111044883728
ner,2001,0.6104651093482971
ner,2002,0.60326087474823
ner,2003,0.5989847779273987
ner,2004,0.5971564054489136
ner,2005,0.6017699241638184
ner,2006,0.6115702390670776
ner,2007,0.6279069781303406
ner,2008,0.6425992846488953
ner,2009,0.662162184715271
ner,2010,0.6781250238418579
ner,2011,0.6974063515663147
ner,2012,0.7188329100608826
ner,2013,0.7390244007110596
ner,2014,0.7556053996086121
ner,2015,0.7701863646507263
ner,2016,0.7854406237602234
ner,2017,0.8007117509841919
ner,2018,0.808264434337616
ner,2019,0.8173374533653259
ner,2020,0.8262773752212524
ner,2021,0.8377254009246826
ner,2022,0.8435013294219971
ner,2023,0.8520408272743225
ner,2024,0.860837459564209
nga,1990,0.903930127620697
nga,1991,0.905933439731598
nga,1992,0.9064748287200928
nga,1993,0.9071428775787354
nga,1994,0.9079319834709167
nga,1995,0.9075630307197572
nga,1996,0.908713698387146
nga,1997,0.9110807180404664
nga,1998,0.9148648381233216
nga,1999,0.918340027332306
nga,2000,0.9242021441459656
nga,2001,0.9299867749214172
nga,2002,0.9355263113975524
nga,2003,0.9448094367980956
nga,2004,0.9528177976608276
nga,2005,0.9659239649772644
nga,2006,0.9751634001731871
nga,2007,0.9817470908164978
nga,2008,0.9818181991577148
nga,2009,0.9818652868270874
nga,2010,0.9805951118469238
nga,2011,0.9793548583984376
nga,2012,0.9794079661369324
nga,2013,0.9807445406913756
nga,2014,0.98207426071167
nga,2015,0.983418345451355
nga,2016,0.9835025668144226
nga,2017,0.9848484992980956
nga,2018,0.984924614429474
nga,2019,0.987484335899353
nga,2020,0.9887780547142028
nga,2021,0.9900621175765992
nga,2022,0.9913366436958312
nga,2023,0.992601752281189
nga,2024,0.9938650131225586
nic,1990,1.150980353355408
nic,1991,1.149805426597595
nic,1992,1.149712085723877
nic,1993,1.147169828414917
nic,1994,1.14760148525238
nic,1995,1.149549603462219
nic,1996,1.154929518699646
nic,1997,1.158620715141296
nic,1998,1.160472989082336
nic,1999,1.158940434455872
nic,2000,1.155844211578369
nic,2001,1.15445864200592
nic,2002,1.154446125030518
nic,2003,1.153139352798462
nic,2004,1.151424288749695
nic,2005,1.151248216629028
nic,2006,1.153179168701172
nic,2007,1.15527069568634
nic,2008,1.154711723327637
nic,2009,1.156944394111633
nic,2010,1.157750368118286
nic,2011,1.159891605377197
nic,2012,1.158389210700989
nic,2013,1.159362554550171
nic,2014,1.159001350402832
nic,2015,1.159740209579468
nic,2016,1.160462141036987
nic,2017,1.159033060073853
nic,2018,1.158690214157104
nic,2019,1.158354163169861
nic,2020,1.158024668693542
nic,2021,1.156862735748291
nic,2022,1.157766938209534
nic,2023,1.155421733856201
nic,2024,1.156324625015259
nld,1990,1.0
nld,1991,1.0
nld,1992,1.0
nld,1993,1.0
nld,1994,1.0
nld,1995,1.0
nld,1996,1.0
nld,1997,1.0
nld,1998,1.0
nld,1999,1.0
nld,2000,1.0
nld,2001,1.0
nld,2002,1.0
nld,2003,1.0
nld,2004,1.0
nld,2005,1.0
nld,2006,1.0
nld,2007,1.0
nld,2008,1.0
nld,2009,1.0
nld,2010,1.0
nld,2011,1.0
nld,2012,1.0
nld,2013,1.0
nld,2014,1.0
nld,2015,1.0
nld,2016,1.0
nld,2017,1.0
nld,2018,1.001001954078674
nld,2019,1.001001954078674
nld,2020,1.001001954078674
nld,2021,1.001001954078674
nld,2022,1.0
nld,2023,1.0
nld,2024,1.0
nor,1990,1.0
nor,1991,1.0
nor,1992,1.0
nor,1993,1.0
nor,1994,1.0
nor,1995,1.0
nor,1996,1.0
nor,1997,1.0
nor,1998,1.0
nor,1999,1.0
nor,2000,1.0
nor,2001,1.0
nor,2002,1.0
nor,2003,1.0
nor,2004,1.0
nor,2005,1.0
nor,2006,1.0
nor,2007,1.0
nor,2008,1.0
nor,2009,1.0
nor,2010,1.0
nor,2011,1.0
nor,2012,1.0
nor,2013,1.0
nor,2014,1.0
nor,2015,1.0
nor,2016,1.0
nor,2017,1.0
nor,2018,1.0
nor,2019,1.0
nor,2020,1.0
nor,2021,0.9989979863166808
nor,2022,0.9989979863166808
nor,2023,1.0
nor,2024,1.0
npl,1990,0.4027303755283356
npl,1991,0.4318181872367859
npl,1992,0.4643962979316711
npl,1993,0.4955489635467529
npl,1994,0.5257142782211304
npl,1995,0.5494505763053894
npl,1996,0.5729442834854126
npl,1997,0.5974358916282654
npl,1998,0.6216216087341309
npl,1999,0.6502347588539124
npl,2000,0.6778523325920105
npl,2001,0.7063829898834229
npl,2002,0.7368420958518982
npl,2003,0.7664092779159546
npl,2004,0.7948244214057922
npl,2005,0.8241562843322754
npl,2006,0.8512820601463318
npl,2007,0.871921181678772
npl,2008,0.8934817314147949
npl,2009,0.9106317162513732
npl,2010,0.9250375032424928
npl,2011,0.9413489699363708
npl,2012,0.9568345546722412
npl,2013,0.9689703583717346
npl,2014,0.9805825352668762
npl,2015,0.9904631972312928
npl,2016,1.0
npl,2017,1.006476640701294
npl,2018,1.012562870979309
npl,2019,1.017073154449463
npl,2020,1.020166039466858
npl,2021,1.025433540344238
npl,2022,1.02828049659729
npl,2023,1.032222270965576
npl,2024,1.035049319267273
nru,1990,1.061433434486389
nru,1991,1.061503410339355
nru,1992,1.061155200004578
nru,1993,1.062146902084351
nru,1994,1.058690786361694
nru,1995,1.058890104293823
nru,1996,1.059751987457275
nru,1997,1.061936974525452
nru,1998,1.061728358268738
nru,1999,1.062850713729858
nru,2000,1.061728358268738
nru,2001,1.062709927558899
nru,2002,1.0625
nru,2003,1.061383962631226
nru,2004,1.060133576393127
nru,2005,1.061111092567444
nru,2006,1.062015533447266
nru,2007,1.063122868537903
nru,2008,1.063053131103516
nru,2009,1.063947081565857
nru,2010,1.064906477928162
nru,2011,1.064978003501892
nru,2012,1.065934062004089
nru,2013,1.0671067237854
nru,2014,1.066812753677368
nru,2015,1.070098519325256
nru,2016,1.070021867752075
nru,2017,1.069945335388184
nru,2018,1.069716811180115
nru,2019,1.069716811180115
nru,2020,1.069414258003235
nru,2021,1.070422530174255
nru,2022,1.071351408958435
nru,2023,1.071274280548096
nru,2024,1.071351408958435
pak,1990,0.513189435005188
pak,1991,0.5402843356132507
pak,1992,0.5667447447776794
pak,1993,0.5949074029922485
pak,1994,0.6238532066345215
pak,1995,0.6485260725021362
pak,1996,0.6741573214530945
pak,1997,0.6986607313156128
pak,1998,0.7228381633758545
pak,1999,0.7428571581840515
pak,2000,0.7620087265968323
pak,2001,0.7792207598686218
pak,2002,0.7982832789421082
pak,2003,0.8187633156776428
pak,2004,0.8312236070632935
pak,2005,0.8430962562561035
pak,2006,0.850931704044342
pak,2007,0.8629856705665588
pak,2008,0.8767676949501038
pak,2009,0.8884462118148804
pak,2010,0.9013806581497192
pak,2011,0.91015625
pak,2012,0.9166666865348816
pak,2013,0.91938579082489
pak,2014,0.9201520681381226
pak,2015,0.9246704578399658
pak,2016,0.932584285736084
pak,2017,0.9441340565681458
pak,2018,0.9572490453720092
pak,2019,0.970370352268219
pak,2020,0.9852670431137084
pak,2021,1.0
pak,2022,1.012544751167297
pak,2023,1.024647831916809
pak,2024,1.037931084632874
pan,1990,1.006952524185181
pan,1991,1.00808310508728
pan,1992,1.009205937385559
pan,1993,1.009184837341309
pan,1994,1.006888628005981
pan,1995,1.006872892379761
pan,1996,1.00684928894043
pan,1997,1.007945537567139
pan,1998,1.006779670715332
pan,1999,1.006741523742676
pan,2000,1.005592823028564
pan,2001,1.005567908287048
pan,2002,1.006651878356934
pan,2003,1.007717728614807
pan,2004,1.010964870452881
pan,2005,1.010928988456726
pan,2006,1.013057708740234
pan,2007,1.013015151023865
pan,2008,1.012972950935364
pan,2009,1.013993501663208
pan,2010,1.015005350112915
pan,2011,1.014957308769226
pan,2012,1.015974402427673
pan,2013,1.017003178596497
pan,2014,1.016967177391052
pan,2015,1.01798939704895
pan,2016,1.016913294792175
pan,2017,1.017932534217834
pan,2018,1.016859889030457
pan,2019,1.017875909805298
pan,2020,1.016806721687317
pan,2021,1.01677143573761
pan,2022,1.016753911972046
pan,2023,1.016736388206482
pan,2024,1.016701459884644
per,1990,0.9082914590835572
per,1991,0.9161452054977416
per,1992,0.9228855967521667
per,1993,0.9295426607131958
per,1994,0.9350489974021912
per,1995,0.9404617547988892
per,1996,0.9447115659713744
per,1997,0.949999988079071
per,1998,0.9551357626914978
per,1999,0.9578947424888612
per,2000,0.9617169499397278
per,2001,0.9666283130645752
per,2002,0.9726027250289916
per,2003,0.9773499369621276
per,2004,0.98087739944458
per,2005,0.9843575358390808
per,2006,0.9877913594245912
per,2007,0.9911699891090392
per,2008,0.994499444961548
per,2009,0.998903512954712
per,2010,1.003268003463745
per,2011,1.006493449211121
per,2012,1.007534980773926
per,2013,1.008556127548218
per,2014,1.007438898086548
per,2015,1.00632905960083
per,2016,1.005230069160461
per,2017,1.003121733665466
per,2018,1.003105640411377
per,2019,1.003095984458923
per,2020,1.003086447715759
per,2021,1.00410258769989
per,2022,1.005112528800964
per,2023,1.005102038383484
per,2024,1.005091667175293
phl,1990,1.076463580131531
phl,1991,1.080568671226501
phl,1992,1.083529353141785
phl,1993,1.084210515022278
phl,1994,1.083818435668945
phl,1995,1.083526730537415
phl,1996,1.083333373069763
phl,1997,1.084101438522339
phl,1998,1.08600914478302
phl,1999,1.087799310684204
phl,2000,1.089670777320862
phl,2001,1.091525435447693
phl,2002,1.092446446418762
phl,2003,1.095505595207214
phl,2004,1.096520781517029
phl,2005,1.097424387931824
phl,2006,1.098324060440063
phl,2007,1.09810483455658
phl,2008,1.097669243812561
phl,2009,1.097023129463196
phl,2010,1.095394730567932
phl,2011,1.093681931495667
phl,2012,1.091991305351257
phl,2013,1.088172078132629
phl,2014,1.084401726722717
phl,2015,1.078556299209595
phl,2016,1.070749759674072
phl,2017,1.064075589179993
phl,2018,1.058516144752502
phl,2019,1.053069710731506
phl,2020,1.048654198646545
phl,2021,1.043343663215637
phl,2022,1.040123462677002
phl,2023,1.037948727607727
phl,2024,1.034836053848267
png,1990,0.8055555820465088
png,1991,0.8280632495880127
png,1992,0.848126232624054
png,1993,0.867850124835968
png,1994,0.8856015801429749
png,1995,0.9029703140258788
png,1996,0.9264413714408876
png,1997,0.9405940771102904
png,1998,0.9527559280395508
png,1999,0.9610136747360228
png,2000,0.9691119790077208
png,2001,0.9788867831230164
png,2002,0.990439772605896
png,2003,0.9981024861335754
png,2004,1.003759384155273
png,2005,1.009242177009583
png,2006,1.016393423080444
png,2007,1.028622508049011
png,2008,1.036971807479858
png,2009,1.044982671737671
png,2010,1.05752956867218
png,2011,1.066225171089172
png,2012,1.076175093650818
png,2013,1.081339716911316
png,2014,1.088050365447998
png,2015,1.096124053001404
png,2016,1.102603316307068
png,2017,1.111951589584351
png,2018,1.116941571235657
png,2019,1.123145341873169
png,2020,1.129221677780151
png,2021,1.133720874786377
png,2022,1.142037272453308
png,2023,1.147727251052856
png,2024,1.154277682304382
pol,1990,1.002006053924561
pol,1991,1.002006053924561
pol,1992,1.002006053924561
pol,1993,1.002006053924561
pol,1994,1.002006053924561
pol,1995,1.001003980636597
pol,1996,1.002006053924561
pol,1997,1.002006053924561
pol,1998,1.002006053924561
pol,1999,1.002006053924561
pol,2000,1.001003980636597
pol,2001,1.001003980636597
pol,2002,1.001003980636597
pol,2003,1.002006053924561
pol,2004,1.002006053924561
pol,2005,1.002006053924561
pol,2006,1.002006053924561
pol,2007,1.002006053924561
pol,2008,1.001003980636597
pol,2009,1.001003980636597
pol,2010,1.001003980636597
pol,2011,1.001003980636597
pol,2012,1.001003980636597
pol,2013,1.002006053924561
pol,2014,1.001003980636597
pol,2015,1.002006053924561
pol,2016,1.002006053924561
pol,2017,1.002006053924561
pol,2018,1.002006053924561
pol,2019,1.002006053924561
pol,2020,1.002006053924561
pol,2021,1.00100302696228
pol,2022,1.00100302696228
pol,2023,1.00100302696228
pol,2024,1.00100302696228
prt,1990,1.002016186714172
prt,1991,1.002016186714172
prt,1992,1.002016186714172
prt,1993,1.002016186714172
prt,1994,1.002016186714172
prt,1995,1.002016186714172
prt,1996,1.003021121025085
prt,1997,1.003021121025085
prt,1998,1.003021121025085
prt,1999,1.003021121025085
prt,2000,1.003021121025085
prt,2001,1.003021121025085
prt,2002,1.003021121025085
prt,2003,1.003021121025085
prt,2004,1.003021121025085
prt,2005,1.003021121025085
prt,2006,1.00201404094696
prt,2007,1.00201404094696
prt,2008,1.00201404094696
prt,2009,1.00201404094696
prt,2010,1.00201404094696
prt,2011,1.001007080078125
prt,2012,1.001007080078125
prt,2013,1.002012014389038
prt,2014,1.001006007194519
prt,2015,1.001006007194519
prt,2016,1.0
prt,2017,1.0
prt,2018,1.0
prt,2019,1.001005053520203
prt,2020,1.001005053520203
prt,2021,1.0
prt,2022,1.0
prt,2023,1.0
prt,2024,1.0
pry,1990,1.002713680267334
pry,1991,1.009358286857605
pry,1992,1.011873364448547
pry,1993,1.015584468841553
pry,1994,1.019206166267395
pry,1995,1.020202040672302
pry,1996,1.021196961402893
pry,1997,1.02466094493866
pry,1998,1.028083086013794
pry,1999,1.030229687690735
pry,2000,1.029940128326416
pry,2001,1.031990528106689
pry,2002,1.032863855361938
pry,2003,1.034883737564087
pry,2004,1.038062334060669
pry,2005,1.041189908981323
pry,2006,1.043181777000427
pry,2007,1.046223282814026
pry,2008,1.04809844493866
pry,2009,1.048888921737671
pry,2010,1.050716638565063
pry,2011,1.051422357559204
pry,2012,1.052117228507996
pry,2013,1.050755977630615
pry,2014,1.051502108573914
pry,2015,1.050213694572449
pry,2016,1.048936128616333
pry,2017,1.047669529914856
pry,2018,1.045406579971313
pry,2019,1.04421055316925
pry,2020,1.043022036552429
pry,2021,1.042886972427368
pry,2022,1.042708277702332
pry,2023,1.042575240135193
pry,2024,1.040414452552795
pse,1990,0.9989690780639648
pse,1991,1.0
pse,1992,1.0
pse,1993,1.001026749610901
pse,1994,1.001025676727295
pse,1995,1.002047061920166
pse,1996,1.003064393997192
pse,1997,1.003061175346375
pse,1998,1.003054976463318
pse,1999,1.004065036773682
pse,2000,1.004060864448547
pse,2001,1.004056811332703
pse,2002,1.004052639007568
pse,2003,1.004048585891724
pse,2004,1.004044532775879
pse,2005,1.004044532775879
pse,2006,1.004040360450745
pse,2007,1.004040360450745
pse,2008,1.003030300140381
pse,2009,1.0040363073349
pse,2010,1.0040363073349
pse,2011,1.005040287971497
pse,2012,1.004032254219055
pse,2013,1.005035281181335
pse,2014,1.005035281181335
pse,2015,1.005030155181885
pse,2016,1.005030155181885
pse,2017,1.005025148391724
pse,2018,1.005025148391724
pse,2019,1.005020022392273
pse,2020,1.004016041755676
pse,2021,1.005015015602112
pse,2022,1.004011988639832
pse,2023,1.005010008811951
pse,2024,1.005010008811951
qat,1990,0.9618239402770996
qat,1991,0.9651162624359132
qat,1992,0.9663158059120178
qat,1993,0.9675052165985109
qat,1994,0.9686520099639891
qat,1995,0.9708333611488342
qat,1996,0.9719334840774536
qat,1997,0.9740663766860962
qat,1998,0.976190447807312
qat,1999,0.9772727489471436
qat,2000,0.9793814420700072
qat,2001,0.9804526567459106
qat,2002,0.980512797832489
qat,2003,0.9815762639045716
qat,2004,0.9836400747299194
qat,2005,0.9836734533309937
qat,2006,0.984725058078766
qat,2007,0.9857578873634338
qat,2008,0.9878048896789552
qat,2009,0.98884379863739
qat,2010,0.9898682832717896
qat,2011,0.9898785352706908
qat,2012,0.9898887872695924
qat,2013,0.9909090995788574
qat,2014,0.9929292798042296
qat,2015,0.9929364323616028
qat,2016,0.9929435253143312
qat,2017,0.9939516186714172
qat,2018,0.9939576983451844
qat,2019,0.9939637780189514
qat,2020,0.9949698448181152
qat,2021,0.9959758520126344
qat,2022,0.995979905128479
qat,2023,0.9969848990440368
qat,2024,0.9979899525642396
rou,1990,1.0
rou,1991,1.0
rou,1992,1.0
rou,1993,0.9989888668060304
rou,1994,0.9989888668060304
rou,1995,0.9989888668060304
rou,1996,1.0
rou,1997,1.0
rou,1998,1.0
rou,1999,1.0
rou,2000,1.0
rou,2001,0.9989888668060304
rou,2002,0.9989888668060304
rou,2003,0.9989888668060304
rou,2004,0.9989888668060304
rou,2005,0.9989888668060304
rou,2006,1.0
rou,2007,1.0
rou,2008,1.0
rou,2009,0.9989898800849916
rou,2010,0.9989898800849916
rou,2011,0.9989898800849916
rou,2012,0.9989898800849916
rou,2013,0.9989898800849916
rou,2014,0.9989898800849916
rou,2015,0.99798184633255
rou,2016,0.99798184633255
rou,2017,0.99798184633255
rou,2018,0.99798184633255
rou,2019,0.99798184633255
rou,2020,0.9989908933639526
rou,2021,0.9989908933639526
rou,2022,0.9989908933639526
rou,2023,0.9989908933639526
rou,2024,0.9989908933639526
rus,1990,1.0
rus,1991,1.0
rus,1992,1.00100302696228
rus,1993,1.0
rus,1994,1.0
rus,1995,1.0
rus,1996,1.0
rus,1997,1.0
rus,1998,1.0
rus,1999,1.0
rus,2000,1.0
rus,2001,1.0
rus,2002,1.0
rus,2003,1.0
rus,2004,1.0
rus,2005,1.0
rus,2006,1.00100302696228
rus,2007,1.00100302696228
rus,2008,1.00100302696228
rus,2009,0.9989969730377196
rus,2010,0.9989969730377196
rus,2011,0.9989969730377196
rus,2012,0.9989969730377196
rus,2013,0.9989969730377196
rus,2014,0.9989969730377196
rus,2015,1.0
rus,2016,1.0
rus,2017,1.0
rus,2018,1.0
rus,2019,1.0
rus,2020,1.00100302696228
rus,2021,1.0
rus,2022,1.0
rus,2023,1.0
rus,2024,1.0
rwa,1990,0.9396825432777404
rwa,1991,0.9622641801834106
rwa,1992,0.9779179692268372
rwa,1993,0.987055003643036
rwa,1994,0.9931740760803224
rwa,1995,0.9925925731658936
rwa,1996,0.9878048896789552
rwa,1997,0.9733333587646484
rwa,1998,0.9666666388511658
rwa,1999,0.9653465151786804
rwa,2000,0.9700000286102296
rwa,2001,0.9803921580314636
rwa,2002,0.990654230117798
rwa,2003,1.013157844543457
rwa,2004,1.036290287971497
rwa,2005,1.065934062004089
rwa,2006,1.093023300170898
rwa,2007,1.112462043762207
rwa,2008,1.132394313812256
rwa,2009,1.151193618774414
rwa,2010,1.171284675598145
rwa,2011,1.192307710647583
rwa,2012,1.203703761100769
rwa,2013,1.215077638626099
rwa,2014,1.225053071975708
rwa,2015,1.227642297744751
rwa,2016,1.227184414863586
rwa,2017,1.223659873008728
rwa,2018,1.214035034179688
rwa,2019,1.19933557510376
rwa,2020,1.181674599647522
rwa,2021,1.164404273033142
rwa,2022,1.14761221408844
rwa,2023,1.132681608200073
rwa,2024,1.121457457542419
sdn,1990,0.8823529481887817
sdn,1991,0.884393036365509
sdn,1992,0.8882575631141663
sdn,1993,0.8970037698745728
sdn,1994,0.905730128288269
sdn,1995,0.9124087691307068
sdn,1996,0.9207206964492798
sdn,1997,0.930481255054474
sdn,1998,0.9383803009986876
sdn,1999,0.9445407390594482
sdn,2000,0.9488054513931274
sdn,2001,0.956302523612976
sdn,2002,0.9603960514068604
sdn,2003,0.9659643173217772
sdn,2004,0.9697933197021484
sdn,2005,0.975000023841858
sdn,2006,0.981538474559784
sdn,2007,0.9893778562545776
sdn,2008,0.9970015287399292
sdn,2009,1.005908370018005
sdn,2010,1.015988349914551
sdn,2011,1.021520853042603
sdn,2012,1.028328657150269
sdn,2013,1.032258033752441
sdn,2014,1.037500023841858
sdn,2015,1.041208744049072
sdn,2016,1.0448979139328
sdn,2017,1.047169804573059
sdn,2018,1.052000045776367
sdn,2019,1.055482149124146
sdn,2020,1.060130715370178
sdn,2021,1.059662818908691
sdn,2022,1.062901139259338
sdn,2023,1.066073656082153
sdn,2024,1.068010091781616
sen,1990,0.5592417120933533
sen,1991,0.5829383730888367
sen,1992,0.6047618985176086
sen,1993,0.6142857074737549
sen,1994,0.6172248721122742
sen,1995,0.6213592290878296
sen,1996,0.6176470518112183
sen,1997,0.6127451062202454
sen,1998,0.6165048480033875
sen,1999,0.6255924105644226
sen,2000,0.6347032189369202
sen,2001,0.6550218462944031
sen,2002,0.6748971343040466
sen,2003,0.7015503644943237
sen,2004,0.7318840622901917
sen,2005,0.7635135054588318
sen,2006,0.7981072664260864
sen,2007,0.8377581238746643
sen,2008,0.8753462433815002
sen,2009,0.9160104990005492
sen,2010,0.9501246809959412
sen,2011,0.9785714149475098
sen,2012,1.006818175315857
sen,2013,1.030042886734009
sen,2014,1.049180269241333
sen,2015,1.06903350353241
sen,2016,1.087954163551331
sen,2017,1.104089260101318
sen,2018,1.119349002838135
sen,2019,1.131810188293457
sen,2020,1.142857193946838
sen,2021,1.150819659233093
sen,2022,1.159055113792419
sen,2023,1.167173266410828
sen,2024,1.173529386520386
sle,1990,0.8102564215660095
sle,1991,0.8062826991081238
sle,1992,0.7947368621826172
sle,1993,0.765625
sle,1994,0.7360405921936035
sle,1995,0.7038834691047668
sle,1996,0.6834862232208252
sle,1997,0.6681034564971924
sle,1998,0.6626505851745605
sle,1999,0.6641790866851807
sle,2000,0.6701388955116272
sle,2001,0.6838709712028503
sle,2002,0.7027027010917664
sle,2003,0.733146071434021
sle,2004,0.7716535329818726
sle,2005,0.8177340030670166
sle,2006,0.8680555820465088
sle,2007,0.912663757801056
sle,2008,0.9563409686088562
sle,2009,1.0
sle,2010,1.037453174591064
sle,2011,1.069271802902222
sle,2012,1.088888883590698
sle,2013,1.09966778755188
sle,2014,1.102439045906067
sle,2015,1.100478410720825
sle,2016,1.095611333847046
sle,2017,1.090909123420715
sle,2018,1.083713889122009
sle,2019,1.078195452690125
sle,2020,1.075892806053162
sle,2021,1.073637723922729
sle,2022,1.069869041442871
sle,2023,1.070402264595032
sle,2024,1.069503545761108
slv,1990,0.8963317275047302
slv,1991,0.9023622274398804
slv,1992,0.9107981324195862
slv,1993,0.9133126735687256
slv,1994,0.915773332118988
slv,1995,0.9183055758476256
slv,1996,0.9252615571022034
slv,1997,0.9365781545639038
slv,1998,0.9489796161651612
slv,1999,0.9569584131240844
slv,2000,0.9633286595344543
slv,2001,0.9681440591812134
slv,2002,0.9741848111152648
slv,2003,0.9800000190734864
slv,2004,0.9881889820098876
slv,2005,0.9987063407897948
slv,2006,1.00759494304657
slv,2007,1.012406945228577
slv,2008,1.017031669616699
slv,2009,1.022700071334839
slv,2010,1.027058839797974
slv,2011,1.030197501182556
slv,2012,1.031034469604492
slv,2013,1.030786752700806
slv,2014,1.031638383865356
slv,2015,1.031425356864929
slv,2016,1.031180381774902
slv,2017,1.030939221382141
slv,2018,1.031763434410095
slv,2019,1.031521797180176
slv,2020,1.032362461090088
slv,2021,1.033226132392883
slv,2022,1.031982898712158
slv,2023,1.031813383102417
slv,2024,1.032700419425964
som,1990,0.455882340669632
som,1991,0.4578754603862762
som,1992,0.4615384638309479
som,1993,0.4652014672756195
som,1994,0.4690909087657928
som,1995,0.4729241728782654
som,1996,0.4802867472171783
som,1997,0.4839857518672943
som,1998,0.4912280738353729
som,1999,0.503496527671814
som,2000,0.512110710144043
som,2001,0.5205479264259338
som,2002,0.5340136289596558
som,2003,0.5472972989082336
som,2004,0.563758373260498
som,2005,0.5733333230018616
som,2006,0.5880398750305176
som,2007,0.594059407711029
som,2008,0.6019737124443054
som,2009,0.6098360419273376
som,2010,0.6156351566314697
som,2011,0.6245954632759094
som,2012,0.6270096302032471
som,2013,0.6378205418586731
som,2014,0.6433120965957642
som,2015,0.6539682745933533
som,2016,0.6645569801330566
som,2017,0.6719242930412292
som,2018,0.6792452931404114
som,2019,0.6865203976631165
som,2020,0.6937500238418579
som,2021,0.704049825668335
som,2022,0.7120742797851562
som,2023,0.7222222089767456
som,2024,0.7292307615280151
srb,1990,0.9989959597587584
srb,1991,0.9989959597587584
srb,1992,0.9989959597587584
srb,1993,0.9989959597587584
srb,1994,0.9989959597587584
srb,1995,0.997991979122162
srb,1996,0.997991979122162
srb,1997,0.9989959597587584
srb,1998,0.9989959597587584
srb,1999,0.9989959597587584
srb,2000,0.9989959597587584
srb,2001,0.9989959597587584
srb,2002,0.997991979122162
srb,2003,0.997991979122162
srb,2004,0.9989949464797974
srb,2005,0.997991979122162
srb,2006,0.9989959597587584
srb,2007,0.9989959597587584
srb,2008,0.9989959597587584
srb,2009,0.9989959597587584
srb,2010,0.9989959597587584
srb,2011,0.9989959597587584
srb,2012,1.0
srb,2013,0.9989969730377196
srb,2014,0.9989969730377196
srb,2015,0.9989969730377196
srb,2016,0.9989969730377196
srb,2017,0.9989969730377196
srb,2018,1.0
srb,2019,1.0
srb,2020,1.0
srb,2021,0.9989979863166808
srb,2022,0.9989979863166808
srb,2023,0.9989979863166808
srb,2024,0.9989979863166808
ssd,1990,0.2183908075094223
ssd,1991,0.2272727340459824
ssd,1992,0.2359550595283508
ssd,1993,0.2555555701255798
ssd,1994,0.2637362778186798
ssd,1995,0.282608687877655
ssd,1996,0.3118279576301575
ssd,1997,0.3297872245311737
ssd,1998,0.3473684191703796
ssd,1999,0.3684210479259491
ssd,2000,0.3829787373542786
ssd,2001,0.4086021482944489
ssd,2002,0.4175824224948883
ssd,2003,0.4269662797451019
ssd,2004,0.4318181872367859
ssd,2005,0.4534883797168732
ssd,2006,0.4651162922382355
ssd,2007,0.4823529422283173
ssd,2008,0.5
ssd,2009,0.5116279125213623
ssd,2010,0.5287356376647949
ssd,2011,0.5517241358757019
ssd,2012,0.5632184147834778
ssd,2013,0.5747126340866089
ssd,2014,0.5977011322975159
ssd,2015,0.6206896305084229
ssd,2016,0.6511628031730652
ssd,2017,0.6627907156944275
ssd,2018,0.6860465407371521
ssd,2019,0.7093023061752319
ssd,2020,0.7209302186965942
ssd,2021,0.7441860437393188
ssd,2022,0.7764706015586853
ssd,2023,0.800000011920929
ssd,2024,0.8333333134651184
stp,1990,0.7264367938041687
stp,1991,0.7534246444702148
stp,1992,0.7823129296302795
stp,1993,0.8058691024780273
stp,1994,0.8310810923576355
stp,1995,0.8501118421554565
stp,1996,0.8727678656578064
stp,1997,0.8911111354827881
stp,1998,0.909890115261078
stp,1999,0.9242424368858336
stp,2000,0.9385592937469482
stp,2001,0.9506173133850098
stp,2002,0.9660678505897522
stp,2003,0.990328848361969
stp,2004,1.012915134429932
stp,2005,1.03986132144928
stp,2006,1.060358881950378
stp,2007,1.075268864631653
stp,2008,1.085507273674011
stp,2009,1.090784072875977
stp,2010,1.09461236000061
stp,2011,1.097099661827087
stp,2012,1.09768009185791
stp,2013,1.099762439727783
stp,2014,1.102206707000732
stp,2015,1.106043338775635
stp,2016,1.110862255096436
stp,2017,1.116740107536316
stp,2018,1.123778462409973
stp,2019,1.128755331039429
stp,2020,1.132555723190308
stp,2021,1.134453773498535
stp,2022,1.136316299438477
stp,2023,1.135330557823181
stp,2024,1.133470177650452
sur,1990,1.021439552307129
sur,1991,1.029230713844299
sur,1992,1.037037014961243
sur,1993,1.044753074645996
sur,1994,1.050847411155701
sur,1995,1.056661605834961
sur,1996,1.060514330863953
sur,1997,1.060921192169189
sur,1998,1.061135411262512
sur,1999,1.0625
sur,2000,1.065277814865112
sur,2001,1.069387793540955
sur,2002,1.073627829551697
sur,2003,1.079051375389099
sur,2004,1.083009123802185
sur,2005,1.084398984909058
sur,2006,1.084489226341248
sur,2007,1.08695650100708
sur,2008,1.088127255439758
sur,2009,1.091456055641174
sur,2010,1.094674587249756
sur,2011,1.099883913993835
sur,2012,1.103999972343445
sur,2013,1.107223510742188
sur,2014,1.111731886863708
sur,2015,1.112222194671631
sur,2016,1.111849427223206
sur,2017,1.110497236251831
sur,2018,1.109151005744934
sur,2019,1.108910918235779
sur,2020,1.107574105262756
sur,2021,1.106243133544922
sur,2022,1.106986880302429
sur,2023,1.106637597084045
sur,2024,1.106290698051453
svk,1990,1.0
svk,1991,1.001001954078674
svk,1992,1.001001954078674
svk,1993,1.0
svk,1994,1.0
svk,1995,1.001001954078674
svk,1996,1.0
svk,1997,1.0
svk,1998,1.0
svk,1999,1.0
svk,2000,1.0
svk,2001,1.0
svk,2002,1.0
svk,2003,1.0
svk,2004,1.0
svk,2005,1.0
svk,2006,1.0
svk,2007,1.0
svk,2008,1.0
svk,2009,1.0
svk,2010,1.0
svk,2011,1.0
svk,2012,1.0
svk,2013,1.001001954078674
svk,2014,1.001001954078674
svk,2015,1.001001954078674
svk,2016,1.0
svk,2017,1.0
svk,2018,1.0
svk,2019,1.0
svk,2020,1.0
svk,2021,1.0
svk,2022,1.0
svk,2023,1.0
svk,2024,1.0
svn,1990,1.001005053520203
svn,1991,1.001005053520203
svn,1992,1.001005053520203
svn,1993,1.001005053520203
svn,1994,1.001005053520203
svn,1995,1.001005053520203
svn,1996,1.001005053520203
svn,1997,1.001005053520203
svn,1998,1.001005053520203
svn,1999,1.001005053520203
svn,2000,1.001005053520203
svn,2001,1.001005053520203
svn,2002,1.001005053520203
svn,2003,1.001005053520203
svn,2004,1.001005053520203
svn,2005,1.001005053520203
svn,2006,1.001005053520203
svn,2007,1.001005053520203
svn,2008,1.001005053520203
svn,2009,1.001005053520203
svn,2010,1.001005053520203
svn,2011,1.001005053520203
svn,2012,1.001005053520203
svn,2013,1.001005053520203
svn,2014,1.001005053520203
svn,2015,1.001005053520203
svn,2016,1.001005053520203
svn,2017,1.001005053520203
svn,2018,1.001005053520203
svn,2019,1.001005053520203
svn,2020,1.001005053520203
svn,2021,1.001005053520203
svn,2022,1.0
svn,2023,1.0
svn,2024,1.0
swe,1990,1.0
swe,1991,1.0
swe,1992,1.0
swe,1993,1.0
swe,1994,1.0
swe,1995,1.0
swe,1996,1.0
swe,1997,1.0
swe,1998,1.0
swe,1999,1.0
swe,2000,1.0
swe,2001,1.0
swe,2002,1.0
swe,2003,1.0
swe,2004,1.0
swe,2005,1.0
swe,2006,1.0
swe,2007,1.0
swe,2008,1.0
swe,2009,1.0
swe,2010,1.0
swe,2011,1.0
swe,2012,1.0
swe,2013,1.0
swe,2014,1.0
swe,2015,1.0
swe,2016,1.0
swe,2017,1.0
swe,2018,1.0
swe,2019,1.0
swe,2020,1.0
swe,2021,1.0
swe,2022,1.0
swe,2023,0.9990000128746032
swe,2024,1.0
swz,1990,1.25806450843811
swz,1991,1.252941131591797
swz,1992,1.249042153358459
swz,1993,1.245778560638428
swz,1994,1.243542432785034
swz,1995,1.240437150001526
swz,1996,1.237318873405457
swz,1997,1.237410068511963
swz,1998,1.236983895301819
swz,1999,1.234767079353333
swz,2000,1.235294103622437
swz,2001,1.230496406555176
swz,2002,1.226713538169861
swz,2003,1.223570227622986
swz,2004,1.225423693656921
swz,2005,1.224422454833984
swz,2006,1.223114013671875
swz,2007,1.217527389526367
swz,2008,1.211656451225281
swz,2009,1.203619956970215
swz,2010,1.19732940196991
swz,2011,1.192139744758606
swz,2012,1.188034176826477
swz,2013,1.18497908115387
swz,2014,1.181571841239929
swz,2015,1.178335547447205
swz,2016,1.172903180122375
swz,2017,1.166666626930237
swz,2018,1.161090493202209
swz,2019,1.155907392501831
swz,2020,1.152095794677734
swz,2021,1.146399021148682
swz,2022,1.143523931503296
swz,2023,1.139884352684021
swz,2024,1.136311531066895
syr,1990,0.8974359035491943
syr,1991,0.9049145579338074
syr,1992,0.9123931527137756
syr,1993,0.9188900589942932
syr,1994,0.9263607263565063
syr,1995,0.9317697286605836
syr,1996,0.937167227268219
syr,1997,0.9435569643974304
syr,1998,0.947927713394165
syr,1999,0.95329087972641
syr,2000,0.9566137790679932
syr,2001,0.9619852304458618
syr,2002,0.9652265310287476
syr,2003,0.9695377945899964
syr,2004,0.9727463126182556
syr,2005,0.9759665727615356
syr,2006,0.978102207183838
syr,2007,0.9812695384025574
syr,2008,0.9833679795265198
syr,2009,0.9865005016326904
syr,2010,0.9896265268325806
syr,2011,0.99170982837677
syr,2012,0.99481862783432
syr,2013,0.9958634972572328
syr,2014,0.998965859413147
syr,2015,1.0
syr,2016,1.002059698104858
syr,2017,1.003083229064941
syr,2018,1.00410258769989
syr,2019,1.005117654800415
syr,2020,1.007150173187256
syr,2021,1.008154988288879
syr,2022,1.009155631065369
syr,2023,1.010152339935303
syr,2024,1.010141968727112
tcd,1990,0.3617021143436432
tcd,1991,0.3741496503353119
tcd,1992,0.3986928164958954
tcd,1993,0.4150943458080292
tcd,1994,0.4363636374473572
tcd,1995,0.4502924084663391
tcd,1996,0.4659090936183929
tcd,1997,0.4861878454685211
tcd,1998,0.5026738047599792
tcd,1999,0.5181347131729126
tcd,2000,0.5323383212089539
tcd,2001,0.5432692170143127
tcd,2002,0.5529953837394714
tcd,2003,0.5707964897155762
tcd,2004,0.5957446694374084
tcd,2005,0.618852436542511
tcd,2006,0.6428571343421936
tcd,2007,0.6653845906257629
tcd,2008,0.6877323389053345
tcd,2009,0.7111913561820984
tcd,2010,0.73758864402771
tcd,2011,0.7569444179534912
tcd,2012,0.784246563911438
tcd,2013,0.8040540814399719
tcd,2014,0.829431414604187
tcd,2015,0.8504983186721802
tcd,2016,0.8712871074676514
tcd,2017,0.8888888955116272
tcd,2018,0.9096774458885192
tcd,2019,0.9299362897872924
tcd,2020,0.9498432874679564
tcd,2021,0.9692307710647584
tcd,2022,0.9849397540092468
tcd,2023,1.0
tcd,2024,1.025495767593384
tgo,1990,0.5029239654541016
tgo,1991,0.5239436626434326
tgo,1992,0.5437158346176147
tgo,1993,0.5649867653846741
tgo,1994,0.5824742317199707
tgo,1995,0.6040100455284119
tgo,1996,0.6253041625022888
tgo,1997,0.6470588445663452
tgo,1998,0.6674208045005798
tgo,1999,0.6943231225013733
tgo,2000,0.7172995805740356
tgo,2001,0.7423312664031982
tgo,2002,0.7684630751609802
tgo,2003,0.7894737124443054
tgo,2004,0.8095238208770752
tgo,2005,0.8252788186073303
tgo,2006,0.8405796885490417
tgo,2007,0.8506151437759399
tgo,2008,0.8603066205978394
tgo,2009,0.8712871074676514
tgo,2010,0.884984016418457
tgo,2011,0.895061731338501
tgo,2012,0.908955216407776
tgo,2013,0.9219653010368348
tgo,2014,0.9328671097755432
tgo,2015,0.9430894255638124
tgo,2016,0.9526315927505492
tgo,2017,0.9615384340286256
tgo,2018,0.9698492288589478
tgo,2019,0.9753086566925048
tgo,2020,0.9829476475715636
tgo,2021,0.989182710647583
tgo,2022,0.9964285492897034
tgo,2023,1.002350211143494
tgo,2024,1.005787014961243
tha,1990,1.002209901809692
tha,1991,1.00438117980957
tha,1992,1.00543475151062
tha,1993,1.005399584770203
tha,1994,1.005370616912842
tha,1995,1.004278063774109
tha,1996,1.004259824752808
tha,1997,1.00530219078064
tha,1998,1.005285382270813
tha,1999,1.005268692970276
tha,2000,1.005252122879028
tha,2001,1.00419282913208
tha,2002,1.004179716110229
tha,2003,1.004166722297668
tha,2004,1.005192160606384
tha,2005,1.0062175989151
tha,2006,1.006204724311829
tha,2007,1.007216453552246
tha,2008,1.008230447769165
tha,2009,1.009230732917786
tha,2010,1.009211897850037
tha,2011,1.009193062782288
tha,2012,1.009174346923828
tha,2013,1.008146643638611
tha,2014,1.008138298988342
tha,2015,1.007113814353943
tha,2016,1.007099390029907
tha,2017,1.006079077720642
tha,2018,1.006072878837585
tha,2019,1.006060600280762
tha,2020,1.006054520606995
tha,2021,1.006048440933228
tha,2022,1.007042288780212
tha,2023,1.007035136222839
tha,2024,1.008032083511353
tjk,1990,0.9929006099700928
tjk,1991,0.9939086437225342
tjk,1992,0.9939024448394777
tjk,1993,0.9928861856460572
tjk,1994,0.9918533563613892
tjk,1995,0.9898062944412231
tjk,1996,0.9856997132301332
tjk,1997,0.9815762639045716
tjk,1998,0.9764102697372437
tjk,1999,0.9702258706092834
tjk,2000,0.965056538581848
tjk,2001,0.9599589109420776
tjk,2002,0.9589743614196776
tjk,2003,0.9590583443641664
tjk,2004,0.9622063040733336
tjk,2005,0.966360867023468
tjk,2006,0.970498502254486
tjk,2007,0.9756097793579102
tjk,2008,0.979695439338684
tjk,2009,0.9837728142738342
tjk,2010,0.9858155846595764
tjk,2011,0.9878542423248292
tjk,2012,0.9898785352706908
tjk,2013,0.990899920463562
tjk,2014,0.991910994052887
tjk,2015,0.991919219493866
tjk,2016,0.9929292798042296
tjk,2017,0.9929364323616028
tjk,2018,0.99394553899765
tjk,2019,0.99394553899765
tjk,2020,0.9949545860290528
tjk,2021,0.9959636926651
tjk,2022,0.9969727396965028
tjk,2023,0.9969757795333862
tjk,2024,0.9979838728904724
tkm,1990,0.997991979122162
tkm,1991,0.997991979122162
tkm,1992,0.9989959597587584
tkm,1993,0.9989959597587584
tkm,1994,0.9989959597587584
tkm,1995,0.9989959597587584
tkm,1996,0.9989959597587584
tkm,1997,0.9989959597587584
tkm,1998,0.9989959597587584
tkm,1999,1.0
tkm,2000,1.0
tkm,2001,1.0
tkm,2002,1.0
tkm,2003,1.0
tkm,2004,1.0
tkm,2005,1.0
tkm,2006,1.0
tkm,2007,1.0
tkm,2008,1.0
tkm,2009,1.0
tkm,2010,0.9989969730377196
tkm,2011,0.9989969730377196
tkm,2012,0.9989969730377196
tkm,2013,0.9989969730377196
tkm,2014,0.9989969730377196
tkm,2015,1.0
tkm,2016,1.0
tkm,2017,1.0
tkm,2018,0.9989979863166808
tkm,2019,0.9989979863166808
tkm,2020,0.9989979863166808
tkm,2021,0.9989979863166808
tkm,2022,0.9989979863166808
tkm,2023,0.9989979863166808
tkm,2024,0.9989979863166808
tls,1990,0.9529085755348206
tls,1991,0.9650537371635436
tls,1992,0.971204161643982
tls,1993,0.9820972084999084
tls,1994,0.9900000095367432
tls,1995,1.002439022064209
tls,1996,1.016431927680969
tls,1997,1.029345393180847
tls,1998,1.039045572280884
tls,1999,1.047916650772095
tls,2000,1.056112170219421
tls,2001,1.059961318969727
tls,2002,1.065420508384705
tls,2003,1.07065212726593
tls,2004,1.078947424888611
tls,2005,1.085178852081299
tls,2006,1.091059565544128
tls,2007,1.096618413925171
tls,2008,1.104851365089417
tls,2009,1.109422445297241
tls,2010,1.113569378852844
tls,2011,1.116212368011475
tls,2012,1.120111703872681
tls,2013,1.124147295951843
tls,2014,1.128170847892761
tls,2015,1.131061553955078
tls,2016,1.13144326210022
tls,2017,1.133079886436462
tls,2018,1.133416414260864
tls,2019,1.132678151130676
tls,2020,1.131961226463318
tls,2021,1.131421685218811
tls,2022,1.129870176315308
tls,2023,1.1293705701828
tls,2024,1.129032254219055
ton,1990,1.009155631065369
ton,1991,1.009146332740784
ton,1992,1.009146332740784
ton,1993,1.009146332740784
ton,1994,1.009146332740784
ton,1995,1.008130073547363
ton,1996,1.009137034416199
ton,1997,1.009137034416199
ton,1998,1.008121848106384
ton,1999,1.008121848106384
ton,2000,1.009127736091614
ton,2001,1.009127736091614
ton,2002,1.009127736091614
ton,2003,1.009127736091614
ton,2004,1.009118556976318
ton,2005,1.009118556976318
ton,2006,1.009118556976318
ton,2007,1.009109258651733
ton,2008,1.009109258651733
ton,2009,1.009109258651733
ton,2010,1.009109258651733
ton,2011,1.009109258651733
ton,2012,1.009109258651733
ton,2013,1.008097171783447
ton,2014,1.007084965705872
ton,2015,1.007084965705872
ton,2016,1.008088946342468
ton,2017,1.008088946342468
ton,2018,1.007084965705872
ton,2019,1.008088946342468
ton,2020,1.008088946342468
ton,2021,1.008080840110779
ton,2022,1.008080840110779
ton,2023,1.008080840110779
ton,2024,1.0080726146698
tto,1990,1.011494278907776
tto,1991,1.012539148330688
tto,1992,1.013598322868347
tto,1993,1.014644384384155
tto,1994,1.014659643173218
tto,1995,1.014659643173218
tto,1996,1.015690326690674
tto,1997,1.014644384384155
tto,1998,1.014613747596741
tto,1999,1.013541698455811
tto,2000,1.012461066246033
tto,2001,1.01138710975647
tto,2002,1.010330557823181
tto,2003,1.00928795337677
tto,2004,1.009278297424316
tto,2005,1.010298609733582
tto,2006,1.0113285779953
tto,2007,1.011340260505676
tto,2008,1.012371182441711
tto,2009,1.013415932655334
tto,2010,1.013415932655334
tto,2011,1.013415932655334
tto,2012,1.013402104377747
tto,2013,1.013374447822571
tto,2014,1.013360738754272
tto,2015,1.013333320617676
tto,2016,1.012295126914978
tto,2017,1.012269973754883
tto,2018,1.012244939804077
tto,2019,1.011213064193726
tto,2020,1.012207508087158
tto,2021,1.011178851127625
tto,2022,1.011167526245117
tto,2023,1.01115620136261
tto,2024,1.010141968727112
tun,1990,0.787106454372406
tun,1991,0.8055964708328247
tun,1992,0.8222543597221375
tun,1993,0.8409090638160706
tun,1994,0.8603351712226868
tun,1995,0.8779149651527405
tun,1996,0.8948786854743958
tun,1997,0.9139072895050048
tun,1998,0.9321148991584778
tun,1999,0.9473007917404176
tun,2000,0.9620253443717957
tun,2001,0.9725343585014344
tun,2002,0.9803197979927064
tun,2003,0.9866666793823242
tun,2004,0.995209574699402
tun,2005,1.001183390617371
tun,2006,1.005820751190186
tun,2007,1.011467933654785
tun,2008,1.014722585678101
tun,2009,1.019037008285522
tun,2010,1.021064281463623
tun,2011,1.024149298667908
tun,2012,1.026115298271179
tun,2013,1.028077721595764
tun,2014,1.028970003128052
tun,2015,1.029850721359253
tun,2016,1.029692411422729
tun,2017,1.029504776000977
tun,2018,1.030366539955139
tun,2019,1.030208349227905
tun,2020,1.030051827430725
tun,2021,1.029927730560303
tun,2022,1.028806567192078
tun,2023,1.029713153839111
tun,2024,1.028600573539734
tur,1990,0.8840262293815613
tur,1991,0.8893756866455078
tur,1992,0.8914473652839661
tur,1993,0.892307698726654
tur,1994,0.8897464275360107
tur,1995,0.8850829005241394
tur,1996,0.8791574239730835
tur,1997,0.8731924295425415
tur,1998,0.8674833178520203
tur,1999,0.86429363489151
tur,2000,0.8666666746139526
tur,2001,0.8726467490196228
tur,2002,0.8820286393165588
tur,2003,0.8957189917564392
tur,2004,0.9104803204536438
tur,2005,0.9261671900749208
tur,2006,0.941747546195984
tur,2007,0.9549839496612548
tur,2008,0.9669509530067444
tur,2009,0.9766454100608826
tur,2010,0.985185205936432
tur,2011,0.9915522933006288
tur,2012,0.996835470199585
tur,2013,1.0
tur,2014,1.003141403198242
tur,2015,1.005213737487793
tur,2016,1.006230473518372
tur,2017,1.007238864898682
tur,2018,1.007216453552246
tur,2019,1.008221983909607
tur,2020,1.009221315383911
tur,2021,1.010214447975159
tur,2022,1.010193705558777
tur,2023,1.011190176010132
tur,2024,1.012170433998108
tuv,1990,1.0
tuv,1991,1.001029849052429
tuv,1992,1.001029849052429
tuv,1993,1.001028776168823
tuv,1994,1.001028776168823
tuv,1995,1.001027703285217
tuv,1996,1.001027703285217
tuv,1997,1.001026749610901
tuv,1998,1.001026749610901
tuv,1999,1.001025676727295
tuv,2000,1.001025676727295
tuv,2001,1.001024603843689
tuv,2002,1.001024603843689
tuv,2003,1.001023530960083
tuv,2004,1.001023530960083
tuv,2005,1.002045035362244
tuv,2006,1.002045035362244
tuv,2007,1.001022458076477
tuv,2008,1.002042889595032
tuv,2009,1.002042889595032
tuv,2010,1.001021504402161
tuv,2011,1.002040863037109
tuv,2012,1.001020431518555
tuv,2013,1.001020431518555
tuv,2014,1.0
tuv,2015,1.001019358634949
tuv,2016,1.0
tuv,2017,1.001018285751343
tuv,2018,1.0
tuv,2019,1.0
tuv,2020,0.9989827275276184
tuv,2021,1.0
tuv,2022,1.0
tuv,2023,1.0
tuv,2024,1.0
tza,1990,0.942307710647583
tza,1991,0.9488950371742249
tza,1992,0.956944465637207
tza,1993,0.966527223587036
tza,1994,0.976190447807312
tza,1995,0.98591548204422
tza,1996,0.9900850057601928
tza,1997,0.9914529919624328
tza,1998,0.988555073738098
tza,1999,0.9827833771705629
tza,2000,0.9784482717514038
tza,2001,0.9756097793579102
tza,2002,0.9757142663002014
tza,2003,0.9800570011138916
tza,2004,0.98305082321167
tza,2005,0.9888424277305604
tza,2006,0.9958791136741638
tza,2007,1.00806450843811
tza,2008,1.020997405052185
tza,2009,1.035943508148193
tza,2010,1.052896738052368
tza,2011,1.071693420410156
tza,2012,1.088915944099426
tza,2013,1.105199575424194
tza,2014,1.116082191467285
tza,2015,1.124087572097778
tza,2016,1.128834366798401
tza,2017,1.130864143371582
tza,2018,1.132589817047119
tza,2019,1.13490104675293
tza,2020,1.136138558387756
tza,2021,1.137206435203552
tza,2022,1.139506220817566
tza,2023,1.141800284385681
tza,2024,1.14514148235321
uga,1990,0.7039711475372314
uga,1991,0.7092198729515076
uga,1992,0.71875
uga,1993,0.7244898080825806
uga,1994,0.7366666793823242
uga,1995,0.7524430155754089
uga,1996,0.7665615081787109
uga,1997,0.7933130860328674
uga,1998,0.8226743936538696
uga,1999,0.8607242107391357
uga,2000,0.897849440574646
uga,2001,0.9422572255134584
uga,2002,0.9844961166381836
uga,2003,1.027568936347961
uga,2004,1.065375328063965
uga,2005,1.103286385536194
uga,2006,1.135011434555054
uga,2007,1.156950712203979
uga,2008,1.174392938613892
uga,2009,1.18461537361145
uga,2010,1.193406581878662
uga,2011,1.199115037918091
uga,2012,1.205357193946838
uga,2013,1.207674980163574
uga,2014,1.210526347160339
uga,2015,1.214452266693115
uga,2016,1.218527317047119
uga,2017,1.225181579589844
uga,2018,1.235294103622437
uga,2019,1.246913552284241
uga,2020,1.254950523376465
uga,2021,1.26913583278656
uga,2022,1.275184273719788
uga,2023,1.281173586845398
uga,2024,1.296385526657104
ukr,1990,0.9989959597587584
ukr,1991,1.0
ukr,1992,1.0
ukr,1993,1.0
ukr,1994,1.0
ukr,1995,1.0
ukr,1996,1.0
ukr,1997,1.0
ukr,1998,1.0
ukr,1999,1.0
ukr,2000,1.0
ukr,2001,1.0
ukr,2002,1.0
ukr,2003,1.0
ukr,2004,1.0
ukr,2005,1.0
ukr,2006,1.0
ukr,2007,1.001005053520203
ukr,2008,1.001005053520203
ukr,2009,1.001005053520203
ukr,2010,1.001005053520203
ukr,2011,1.0
ukr,2012,1.0
ukr,2013,1.0
ukr,2014,1.0
ukr,2015,1.001003980636597
ukr,2016,1.001003980636597
ukr,2017,1.001003980636597
ukr,2018,1.001003980636597
ukr,2019,1.001003980636597
ukr,2020,1.001003980636597
ukr,2021,1.001003980636597
ukr,2022,1.001003980636597
ukr,2023,1.001003980636597
ukr,2024,1.001003980636597
ury,1990,0.9989626407623292
ury,1991,1.0
ury,1992,1.0
ury,1993,1.0
ury,1994,1.001035213470459
ury,1995,1.001034140586853
ury,1996,1.001034140586853
ury,1997,1.001033067703247
ury,1998,1.002063989639282
ury,1999,1.003092765808105
ury,2000,1.003089547157288
ury,2001,1.003086447715759
ury,2002,1.004106760025024
ury,2003,1.005128264427185
ury,2004,1.005122900009155
ury,2005,1.005117654800415
ury,2006,1.006128668785095
ury,2007,1.006128668785095
ury,2008,1.007142901420593
ury,2009,1.007142901420593
ury,2010,1.007135629653931
ury,2011,1.007135629653931
ury,2012,1.008146643638611
ury,2013,1.008146643638611
ury,2014,1.007128357887268
ury,2015,1.008138298988342
ury,2016,1.008138298988342
ury,2017,1.008138298988342
ury,2018,1.009146332740784
ury,2019,1.009146332740784
ury,2020,1.010152339935303
ury,2021,1.009137034416199
ury,2022,1.009137034416199
ury,2023,1.010141968727112
ury,2024,1.009127736091614
usa,1990,1.004052639007568
usa,1991,1.004048585891724
usa,1992,1.003036379814148
usa,1993,1.003033399581909
usa,1994,1.003030300140381
usa,1995,1.002020239830017
usa,1996,1.002018213272095
usa,1997,1.002018213272095
usa,1998,1.002016186714172
usa,1999,1.00201404094696
usa,2000,1.001007080078125
usa,2001,1.002012014389038
usa,2002,1.001006007194519
usa,2003,1.001006007194519
usa,2004,1.001005053520203
usa,2005,1.0
usa,2006,1.001003980636597
usa,2007,1.0
usa,2008,1.0
usa,2009,1.0
usa,2010,1.0
usa,2011,1.0
usa,2012,1.0
usa,2013,1.0
usa,2014,1.0
usa,2015,1.0
usa,2016,1.0
usa,2017,1.0
usa,2018,1.0
usa,2019,1.0
usa,2020,1.0
usa,2021,1.0
usa,2022,1.001000046730042
usa,2023,1.0
usa,2024,1.0
uzb,1990,1.00100302696228
uzb,1991,1.00100302696228
uzb,1992,1.00100302696228
uzb,1993,1.00100302696228
uzb,1994,1.00100302696228
uzb,1995,1.00100302696228
uzb,1996,1.0
uzb,1997,1.0
uzb,1998,1.0
uzb,1999,1.0
uzb,2000,1.0
uzb,2001,1.0
uzb,2002,1.0
uzb,2003,1.0
uzb,2004,1.0
uzb,2005,1.001001954078674
uzb,2006,1.001001954078674
uzb,2007,1.001001954078674
uzb,2008,1.001001954078674
uzb,2009,1.001001954078674
uzb,2010,1.001001954078674
uzb,2011,1.001001954078674
uzb,2012,1.001001954078674
uzb,2013,1.001001954078674
uzb,2014,1.001001954078674
uzb,2015,1.001001954078674
uzb,2016,1.001001954078674
uzb,2017,1.001001954078674
uzb,2018,1.001001954078674
uzb,2019,1.001001954078674
uzb,2020,1.001001954078674
uzb,2021,1.001001954078674
uzb,2022,1.001001954078674
uzb,2023,1.001001954078674
uzb,2024,1.001001954078674
ven,1990,1.043010711669922
ven,1991,1.045238137245178
ven,1992,1.048520684242249
ven,1993,1.050647854804993
ven,1994,1.051522254943848
ven,1995,1.053613066673279
ven,1996,1.056844592094421
ven,1997,1.060115575790405
ven,1998,1.062211990356445
ven,1999,1.062140345573425
ven,2000,1.063073396682739
ven,2001,1.063001155853271
ven,2002,1.065142869949341
ven,2003,1.066134572029114
ven,2004,1.067121744155884
ven,2005,1.068104386329651
ven,2006,1.070135712623596
ven,2007,1.07110607624054
ven,2008,1.07207202911377
ven,2009,1.075196385383606
ven,2010,1.075027942657471
ven,2011,1.077094912528992
ven,2012,1.076923131942749
ven,2013,1.078976631164551
ven,2014,1.078801274299622
ven,2015,1.08075225353241
ven,2016,1.081677675247192
ven,2017,1.082508206367493
ven,2018,1.083424806594849
ven,2019,1.085339188575745
ven,2020,1.085245847702026
ven,2021,1.086150527000427
ven,2022,1.086056590080261
ven,2023,1.087051153182983
ven,2024,1.087852478027344
vnm,1990,0.9723684191703796
vnm,1991,0.97089946269989
vnm,1992,0.96556293964386
vnm,1993,0.9578392505645752
vnm,1994,0.953246772289276
vnm,1995,0.9541984796524048
vnm,1996,0.9565756916999816
vnm,1997,0.9623786211013794
vnm,1998,0.9677804112434388
vnm,1999,0.9716981053352356
vnm,2000,0.9743290543556212
vnm,2001,0.976931929588318
vnm,2002,0.9794988632202148
vnm,2003,0.9842519760131836
vnm,2004,0.9888765215873718
vnm,2005,0.994499444961548
vnm,2006,0.9989094734191896
vnm,2007,1.002159833908081
vnm,2008,1.004287242889404
vnm,2009,1.006389737129211
vnm,2010,1.007415294647217
vnm,2011,1.009483695030212
vnm,2012,1.01153039932251
vnm,2013,1.013569951057434
vnm,2014,1.014553070068359
vnm,2015,1.015544056892395
vnm,2016,1.017543911933899
vnm,2017,1.018518567085266
vnm,2018,1.0204918384552
vnm,2019,1.022449016571045
vnm,2020,1.02339780330658
vnm,2021,1.025354981422424
vnm,2022,1.024291515350342
vnm,2023,1.026236176490784
vnm,2024,1.025201559066772
vut,1990,1.045395612716675
vut,1991,1.046511650085449
vut,1992,1.046391725540161
vut,1993,1.047557830810547
vut,1994,1.048717975616455
vut,1995,1.04865562915802
vut,1996,1.048531293869019
vut,1997,1.050890564918518
vut,1998,1.049618363380432
vut,1999,1.050825953483582
vut,2000,1.050825953483582
vut,2001,1.050825953483582
vut,2002,1.052096605300903
vut,2003,1.052030444145203
vut,2004,1.053164601325989
vut,2005,1.053097367286682
vut,2006,1.054292917251587
vut,2007,1.054156184196472
vut,2008,1.054087996482849
vut,2009,1.055207014083862
vut,2010,1.055068850517273
vut,2011,1.056179761886597
vut,2012,1.054862856864929
vut,2013,1.054794549942017
vut,2014,1.05465841293335
vut,2015,1.054590582847595
vut,2016,1.055693030357361
vut,2017,1.054388165473938
vut,2018,1.054320931434631
vut,2019,1.055418729782104
vut,2020,1.056511044502258
vut,2021,1.055214762687683
vut,2022,1.05630350112915
vut,2023,1.057457208633423
vut,2024,1.057317018508911
wsm,1990,1.033570647239685
wsm,1991,1.033570647239685
wsm,1992,1.034552812576294
wsm,1993,1.033536553382874
wsm,1994,1.032520294189453
wsm,1995,1.032487273216248
wsm,1996,1.031472086906433
wsm,1997,1.030456900596619
wsm,1998,1.030425906181335
wsm,1999,1.030425906181335
wsm,2000,1.029411792755127
wsm,2001,1.028397560119629
wsm,2002,1.029381990432739
wsm,2003,1.028368830680847
wsm,2004,1.027355670928955
wsm,2005,1.026342511177063
wsm,2006,1.02732789516449
wsm,2007,1.026315808296204
wsm,2008,1.025303602218628
wsm,2009,1.024291515350342
wsm,2010,1.024291515350342
wsm,2011,1.024266958236694
wsm,2012,1.023255825042725
wsm,2013,1.022244691848755
wsm,2014,1.022222280502319
wsm,2015,1.022222280502319
wsm,2016,1.021212100982666
wsm,2017,1.020202040672302
wsm,2018,1.020202040672302
wsm,2019,1.020181655883789
wsm,2020,1.020181655883789
wsm,2021,1.019172549247742
wsm,2022,1.018163442611694
wsm,2023,1.019153237342834
wsm,2024,1.018145203590393
yem,1990,0.2577854692935944
yem,1991,0.2793866991996765
yem,1992,0.2986577153205872
yem,1993,0.3190082609653473
yem,1994,0.3420195579528809
yem,1995,0.3611556887626648
yem,1996,0.382539689540863
yem,1997,0.4028213024139404
yem,1998,0.421705424785614
yem,1999,0.441717803478241
yem,2000,0.4611872136592865
yem,2001,0.479638010263443
yem,2002,0.5
yem,2003,0.5207715034484863
yem,2004,0.5411764979362488
yem,2005,0.5626822113990784
yem,2006,0.5844155550003052
yem,2007,0.6094420552253723
yem,2008,0.6317280530929565
yem,2009,0.6535764336585999
yem,2010,0.6731571555137634
yem,2011,0.6933701634407043
yem,2012,0.7129120826721191
yem,2013,0.732876718044281
yem,2014,0.752043604850769
yem,2015,0.772048830986023
yem,2016,0.7932432293891907
yem,2017,0.8088828921318054
yem,2018,0.8259705305099487
yem,2019,0.8437917232513428
yem,2020,0.8605577945709229
yem,2021,0.8796296119689941
yem,2022,0.8960526585578918
yem,2023,0.9109947681427002
yem,2024,0.9231770634651184
zaf,1990,1.028968691825867
zaf,1991,1.03096330165863
zaf,1992,1.031818151473999
zaf,1993,1.032731413841248
zaf,1994,1.032474756240845
zaf,1995,1.032258033752441
zaf,1996,1.03200888633728
zaf,1997,1.031798243522644
zaf,1998,1.032644152641296
zaf,1999,1.03351354598999
zaf,2000,1.033369183540344
zaf,2001,1.035369753837585
zaf,2002,1.034188032150269
zaf,2003,1.03407883644104
zaf,2004,1.032873749732971
zaf,2005,1.032700419425964
zaf,2006,1.030462145805359
zaf,2007,1.028242707252502
zaf,2008,1.026068806648254
zaf,2009,1.023908495903015
zaf,2010,1.02279794216156
zaf,2011,1.020703911781311
zaf,2012,1.021671772003174
zaf,2013,1.020597338676453
zaf,2014,1.019507169723511
zaf,2015,1.018442630767822
zaf,2016,1.017382383346558
zaf,2017,1.015321731567383
zaf,2018,1.015290498733521
zaf,2019,1.015259385108948
zaf,2020,1.014227628707886
zaf,2021,1.014198780059814
zaf,2022,1.013171195983887
zaf,2023,1.012145757675171
zaf,2024,1.012133479118347
zmb,1990,0.8902027010917664
zmb,1991,0.9058219194412231
zmb,1992,0.9237434864044188
zmb,1993,0.9406631588935852
zmb,1994,0.9510489702224731
zmb,1995,0.9597197771072388
zmb,1996,0.9682539701461792
zmb,1997,0.9733096361160278
zmb,1998,0.9819819927215576
zmb,1999,0.9836660623550416
zmb,2000,0.985454559326172
zmb,2001,0.9855855703353882
zmb,2002,0.98758864402771
zmb,2003,0.9862068891525269
zmb,2004,0.9866443872451782
zmb,2005,0.9887096881866456
zmb,2006,0.9921875
zmb,2007,0.9969696998596193
zmb,2008,1.0
zmb,2009,1.007142901420593
zmb,2010,1.016736388206482
zmb,2011,1.03292179107666
zmb,2012,1.049046277999878
zmb,2013,1.0638587474823
zmb,2014,1.077551007270813
zmb,2015,1.08979594707489
zmb,2016,1.100817441940308
zmb,2017,1.10792350769043
zmb,2018,1.114911079406738
zmb,2019,1.119178056716919
zmb,2020,1.122950792312622
zmb,2021,1.127891182899475
zmb,2022,1.132611632347107
zmb,2023,1.13477087020874
zmb,2024,1.139037489891052
zwe,1990,0.9522700905799866
zwe,1991,0.9569266438484192
zwe,1992,0.9650349617004396
zwe,1993,0.9731621742248536
zwe,1994,0.9812646508216858
zwe,1995,0.98710435628891
zwe,1996,0.9941245317459106
zwe,1997,0.9988235235214232
zwe,1998,1.003521084785461
zwe,1999,1.007025718688965
zwe,2000,1.012835502624512
zwe,2001,1.0197674036026
zwe,2002,1.026651263237
zwe,2003,1.033564805984497
zwe,2004,1.039260983467102
zwe,2005,1.044930934906006
zwe,2006,1.051724195480347
zwe,2007,1.057405233383179
zwe,2008,1.060779809951782
zwe,2009,1.065292119979858
zwe,2010,1.066437602043152
zwe,2011,1.068649888038635
zwe,2012,1.072000026702881
zwe,2013,1.074116349220276
zwe,2014,1.076136350631714
zwe,2015,1.076923131942749
zwe,2016,1.077702760696411
zwe,2017,1.07847535610199
zwe,2018,1.079241037368774
zwe,2019,1.078976631164551
zwe,2020,1.079911231994629
zwe,2021,1.079822659492493
zwe,2022,1.08075225353241
zwe,2023,1.081767916679382
zwe,2024,1.083792686462402
