country,year,ger_5t8
abw,1999,26.34359931945801
abw,2000,27.9737606048584
abw,2001,29.2280101776123
abw,2002,28.92441940307617
abw,2003,29.78269004821777
abw,2004,29.29344940185547
abw,2005,34.42301177978516
abw,2006,32.73920822143555
abw,2007,34.94050979614258
abw,2008,35.1520881652832
abw,2009,33.98854827880859
abw,2010,35.2336311340332
abw,2011,37.12929916381836
abw,2012,38.00754165649414
abw,2013,16.97570991516113
abw,2014,17.72134017944336
abw,2015,16.78181076049805
abw,2016,17.56377983093262
afg,1970,0.7695599794387817
afg,1971,0.9282699823379515
afg,1972,0.9595400094985962
afg,1973,1.104439973831177
afg,1974,1.031919956207275
afg,1975,1.123059988021851
afg,1976,1.269189953804016
afg,1977,1.409029960632324
afg,1978,1.800009965896606
afg,1979,1.918460011482239
afg,1982,2.016949892044067
afg,1986,2.19022011756897
afg,1987,1.714599967002869
afg,1990,2.215199947357178
afg,2003,1.37434995174408
afg,2004,1.390640020370483
afg,2009,3.938159942626953
afg,2011,3.686860084533691
afg,2014,8.397640228271484
afg,2018,9.995920181274414
afg,2020,10.85435962677002
ago,1988,0.5818099975585938
ago,1989,0.5659099817276001
ago,1990,0.5949199795722961
ago,1991,0.6050599813461304
ago,1992,0.5733299851417542
ago,1998,0.6136500239372253
ago,1999,0.5546299815177917
ago,2002,0.7836400270462036
ago,2003,2.87620997428894
ago,2004,2.145970106124878
ago,2005,2.638560056686401
ago,2006,2.559770107269287
ago,2011,6.440040111541748
ago,2013,9.223400115966797
ago,2015,8.783209800720215
ago,2016,9.782879829406738
ago,2017,9.78754081358132
ago,2018,9.486665267228524
ago,2019,11.22583226452455
ago,2023,10.04936027526855
aia,1998,0.0
aia,1999,0.0
aia,2000,0.0
aia,2001,0.0
aia,2002,0.0
aia,2003,1.204820036888123
aia,2004,2.042799949645996
aia,2005,3.148849964141846
aia,2006,4.467679977416992
aia,2007,5.242720127105713
aia,2008,5.357140064239502
alb,1971,12.8983097076416
alb,1972,13.9605598449707
alb,1978,5.397729873657227
alb,1981,4.822420120239258
alb,1983,5.629909992218018
alb,1984,6.342810153961182
alb,1985,6.890379905700684
alb,1986,7.062849998474121
alb,1987,7.123459815979004
alb,1988,7.464600086212158
alb,1989,7.763589859008789
alb,1990,8.011730194091797
alb,1991,8.638310432434082
alb,1992,9.12522029876709
alb,1993,11.01739978790283
alb,1994,10.44344043731689
alb,1995,10.07948017120361
alb,1996,11.02620983123779
alb,1997,12.80836963653564
alb,1998,13.63146018981934
alb,1999,14.77005958557129
alb,2002,16.38956069946289
alb,2003,16.36623954772949
alb,2004,19.12957954406738
alb,2005,22.38900947570801
alb,2006,26.2101001739502
alb,2007,30.23192977905273
alb,2008,31.6839599609375
alb,2009,32.92398834228516
alb,2010,43.32793045043945
alb,2011,49.39970016479492
alb,2012,58.62142181396484
alb,2013,63.84405899047852
alb,2014,65.55071258544922
alb,2015,61.96084976196289
alb,2016,58.48847961425781
alb,2017,58.01778030395508
alb,2018,56.08029937744141
alb,2019,61.40850830078125
alb,2020,61.58530044555664
alb,2021,59.96987152099609
alb,2022,62.64791870117188
alb,2023,64.7293472290039
and,2002,7.309060096740723
and,2003,8.826069831848145
and,2004,8.740429878234863
and,2005,8.45697021484375
and,2006,9.935580253601074
and,2008,11.02305030822754
and,2012,12.87024974822998
and,2013,14.54053974151611
and,2014,13.53997039794922
and,2015,13.8206901550293
and,2016,15.20110988616943
and,2017,15.66648960113525
and,2018,15.71321964263916
and,2019,15.43525981903076
and,2020,15.26056957244873
and,2021,15.4117603302002
and,2022,34.64144134521484
and,2023,62.41069030761719
are,2018,53.21133041381836
are,2019,53.8814697265625
are,2020,54.97470092773438
are,2021,56.45203018188477
are,2022,60.41881942749023
are,2023,61.34561157226563
arg,1970,13.28044986724854
arg,1971,15.31064033508301
arg,1972,16.47291946411133
arg,1973,19.5783805847168
arg,1974,22.70216941833496
arg,1975,26.91427040100098
arg,1976,26.94388008117676
arg,1977,23.9531192779541
arg,1978,21.20259094238281
arg,1979,22.01058959960938
arg,1980,21.56502914428711
arg,1981,22.96342086791992
arg,1982,23.69570922851563
arg,1983,24.77869987487793
arg,1984,28.72756004333496
arg,1985,35.66659164428711
arg,1986,37.80253982543945
arg,1987,39.75735855102539
arg,1991,38.32966995239258
arg,1994,37.38990020751953
arg,1998,47.98622894287109
arg,1999,49.51070022583008
arg,2000,54.0843505859375
arg,2001,58.46976089477539
arg,2002,61.72288131713867
arg,2003,64.03048706054688
arg,2004,64.58914184570312
arg,2005,63.48931121826172
arg,2006,66.94447326660156
arg,2007,66.66722106933594
arg,2008,68.56107330322266
arg,2009,70.69319152832031
arg,2010,73.80367279052734
arg,2011,77.01011657714844
arg,2012,78.14652252197266
arg,2013,78.56816101074219
arg,2014,81.07259368896484
arg,2015,83.75569152832031
arg,2016,86.67437744140625
arg,2017,89.32972717285156
arg,2018,91.08464813232422
arg,2019,95.19281768798828
arg,2020,99.36972808837892
arg,2021,107.2195587158203
arg,2022,107.1038970947266
arm,1986,18.55617904663086
arm,1988,19.5468807220459
arm,1989,20.9915599822998
arm,1990,22.02383041381836
arm,1991,23.57785034179688
arm,1992,22.93404006958008
arm,1993,22.56438064575195
arm,1994,19.16312980651855
arm,1995,19.50588989257813
arm,1996,16.68888092041016
arm,1997,21.8644905090332
arm,1998,31.58304023742676
arm,1999,32.28538131713867
arm,2000,32.53052139282227
arm,2001,31.34091949462891
arm,2002,33.96189117431641
arm,2003,35.06570816040039
arm,2004,35.83609008789063
arm,2005,37.70944976806641
arm,2006,41.59035873413086
arm,2007,44.45584106445313
arm,2008,46.52449035644531
arm,2009,49.0897102355957
arm,2010,50.58398818969727
arm,2011,51.29492950439453
arm,2012,44.48556900024414
arm,2013,44.83478164672852
arm,2014,47.71508026123047
arm,2015,48.73136901855469
arm,2016,54.34328842163086
arm,2017,55.50654983520508
arm,2018,57.45854187011719
arm,2019,53.59442138671875
arm,2020,52.33314895629883
arm,2021,56.62350845336914
arm,2022,57.18183898925781
arm,2023,56.27701187133789
asm,1971,0.0
asm,1989,19.62011909484863
atg,2009,14.89301013946533
atg,2010,16.69520950317383
atg,2011,15.10608005523682
atg,2012,25.11562919616699
aus,1970,16.59646034240723
aus,1971,17.61741065979004
aus,1972,18.51346015930176
aus,1973,19.62808990478516
aus,1974,21.8330192565918
aus,1975,23.37673950195313
aus,1976,24.4340991973877
aus,1977,24.86712074279785
aus,1978,25.03799057006836
aus,1979,25.04635047912598
aus,1980,24.9746208190918
aus,1981,25.30964088439941
aus,1982,25.25913047790527
aus,1983,25.99687004089355
aus,1984,26.8978099822998
aus,1985,28.08086967468262
aus,1986,29.85478973388672
aus,1987,30.02290916442871
aus,1988,31.66579055786133
aus,1989,32.33182907104492
aus,1990,34.45584869384766
aus,1991,37.18019866943359
aus,1992,38.70402908325195
aus,1993,64.34586334228516
aus,1994,66.52532196044922
aus,1995,70.79415893554688
aus,1996,75.074462890625
aus,1997,79.33936309814453
aus,2015,119.6793899536133
aus,2016,119.6827774047852
aus,2017,109.9933090209961
aus,2018,103.3220901489258
aus,2019,109.7595596313477
aus,2020,110.1392211914063
aus,2021,112.6882934570313
aus,2022,106.2407608032227
aus,2023,104.6483535766602
aut,1971,11.67280960083008
aut,1972,13.0326099395752
aut,1973,14.30986976623535
aut,1974,15.09282970428467
aut,1975,15.82952976226807
aut,1976,17.85987091064453
aut,1977,18.70396041870117
aut,1978,19.11310958862305
aut,1979,19.84444999694824
aut,1980,20.78786087036133
aut,1981,21.67695999145508
aut,1982,21.6218204498291
aut,1983,22.16949081420898
aut,1984,23.20951080322266
aut,1985,25.02161026000977
aut,1986,26.38312911987305
aut,1987,27.68082046508789
aut,1988,29.60721015930176
aut,1989,31.06682014465332
aut,1990,32.90354919433594
aut,1991,34.83148956298828
aut,1992,38.06842041015625
aut,1993,40.23601150512695
aut,1994,42.86721038818359
aut,1995,46.17298889160156
aut,1996,49.19207000732422
aut,1997,50.94908142089844
aut,1998,53.56206893920898
aut,2007,63.80212020874023
aut,2008,66.1983871459961
aut,2009,67.9915771484375
aut,2010,75.04025268554688
aut,2011,77.26251220703125
aut,2012,79.54712677001953
aut,2013,80.96160125732422
aut,2014,81.01956939697266
aut,2015,82.25630950927734
aut,2016,82.84969329833984
aut,2017,83.8392562866211
aut,2018,85.86988830566406
aut,2019,86.32343292236328
aut,2020,88.70719909667969
aut,2021,93.94007110595705
aut,2022,94.51168823242188
aut,2023,91.68182373046876
aze,2006,19.78945922851563
aze,2007,19.36459922790527
aze,2008,19.04788970947266
aze,2009,19.05771064758301
aze,2010,19.26004028320313
aze,2011,19.64731025695801
aze,2012,20.4384593963623
aze,2013,21.4404296875
aze,2014,23.15973091125488
aze,2015,25.48320007324219
aze,2016,27.23686027526855
aze,2017,28.46706008911133
aze,2018,28.97249031066895
aze,2019,32.92218017578125
aze,2020,36.38547134399414
aze,2021,39.00960159301758
aze,2022,41.00178146362305
aze,2023,41.3907585144043
bdi,1971,0.153439998626709
bdi,1972,0.1527599990367889
bdi,1973,0.1553899943828583
bdi,1974,0.2268600016832352
bdi,1975,0.2278999984264374
bdi,1976,0.2811999917030334
bdi,1979,0.4472100138664246
bdi,1980,0.4626800119876862
bdi,1981,0.4430800080299377
bdi,1982,0.4909699857234955
bdi,1984,0.5584099888801575
bdi,1985,0.5786100029945374
bdi,1986,0.6394299864768982
bdi,1987,0.6233400106430054
bdi,1988,0.7278000116348267
bdi,1989,0.7269300222396851
bdi,1990,0.6813799738883972
bdi,1991,0.7556999921798706
bdi,1992,0.7863399982452393
bdi,1993,0.8289200067520142
bdi,1998,0.8645099997520447
bdi,1999,0.9169099926948548
bdi,2000,1.054749965667725
bdi,2001,1.03059995174408
bdi,2002,1.601119995117188
bdi,2004,2.101099967956543
bdi,2005,2.135030031204224
bdi,2006,2.165549993515015
bdi,2007,2.266259908676147
bdi,2008,2.49793004989624
bdi,2009,2.677910089492798
bdi,2010,3.05528998374939
bdi,2012,3.755065856129685
bdi,2013,4.521439745194956
bdi,2014,3.770511715148751
bdi,2015,5.258565379186449
bdi,2016,3.979089121089621
bdi,2017,4.305279977336114
bdi,2018,4.552819183408944
bdi,2019,4.072743245139367
bdi,2020,5.063220951532254
bdi,2021,6.09035479379711
bdi,2023,6.025459766387939
bel,1971,17.44178009033203
bel,1972,17.76346015930176
bel,1973,19.48179054260254
bel,1974,20.27619934082031
bel,1975,20.42907905578613
bel,1978,24.00745010375977
bel,1979,25.41383934020996
bel,1980,25.00172996520996
bel,1981,24.60564041137695
bel,1982,26.66286087036133
bel,1983,27.42731094360352
bel,1984,28.41510009765625
bel,1985,31.09733963012695
bel,1986,31.80035972595215
bel,1987,33.20589828491211
bel,1988,34.41138076782227
bel,1989,35.99303817749023
bel,1990,37.96253967285156
bel,1991,39.23905181884766
bel,1993,45.24581909179688
bel,1994,48.98984909057617
bel,1995,55.10705184936523
bel,1996,57.14900970458984
bel,1999,56.05244827270508
bel,2000,56.20183181762695
bel,2001,56.71488952636719
bel,2002,58.11008071899414
bel,2003,59.61246109008789
bel,2004,62.0411491394043
bel,2005,62.82033157348633
bel,2006,63.37173843383789
bel,2007,62.46184158325195
bel,2008,62.76420974731445
bel,2009,64.97984313964844
bel,2010,66.8578872680664
bel,2011,67.70340728759766
bel,2012,69.74906158447266
bel,2013,71.78411102294922
bel,2014,74.03972625732422
bel,2015,76.42394256591797
bel,2016,77.2435073852539
bel,2017,80.77381896972656
bel,2018,79.12374877929688
bel,2019,79.30448150634766
bel,2020,79.49960327148438
bel,2021,82.68820190429688
bel,2022,83.57364654541016
ben,1971,0.1215000003576279
ben,1972,0.2228599935770035
ben,1973,0.4086300134658813
ben,1974,0.673799991607666
ben,1975,0.6504499912261963
ben,1976,0.7025799751281738
ben,1977,0.9282699823379515
ben,1978,1.02020001411438
ben,1979,0.9007999897003174
ben,1980,0.9748499989509584
ben,1981,1.333989977836609
ben,1982,1.582200050354004
ben,1983,1.707260012626648
ben,1984,1.760519981384277
ben,1985,1.819519996643066
ben,1986,2.185760021209717
ben,1987,2.074510097503662
ben,1988,2.016510009765625
ben,1989,2.151070117950439
ben,1990,1.967939972877502
ben,1991,2.255919933319092
ben,1992,2.133780002593994
ben,1993,1.942430019378662
ben,1994,1.898419976234436
ben,1995,1.973970055580139
ben,1996,1.991140007972717
ben,1997,2.433300018310547
ben,1999,3.096580028533936
ben,2000,3.496049880981445
ben,2001,4.200389862060547
ben,2002,4.928339958190918
ben,2003,5.432030200958252
ben,2004,5.479380130767822
ben,2005,5.411200046539307
ben,2006,6.202950000762939
ben,2007,7.430860042572021
ben,2008,7.342160224914551
ben,2009,9.3462495803833
ben,2010,12.60818958282471
ben,2011,11.80885982513428
ben,2012,12.86054039001465
ben,2013,14.77521991729736
ben,2014,14.69161987304688
ben,2015,12.48517990112305
ben,2016,11.95298957824707
ben,2017,11.33792972564697
ben,2018,11.57390975952148
ben,2019,10.39068031311035
ben,2020,10.38080024719238
ben,2021,9.827969551086426
ben,2022,10.23501014709473
bfa,1971,0.0391299985349178
bfa,1972,0.0499299988150597
bfa,1973,0.0592299997806549
bfa,1974,0.0918599963188171
bfa,1975,0.1068900004029274
bfa,1976,0.2117300033569336
bfa,1977,0.1896499991416931
bfa,1978,0.2274100035429001
bfa,1979,0.2316399961709976
bfa,1980,0.213699996471405
bfa,1981,0.2772899866104126
bfa,1982,0.4197799861431122
bfa,1983,0.4889299869537354
bfa,1984,0.5230600237846375
bfa,1985,0.5728099942207336
bfa,1986,0.5914099812507629
bfa,1987,0.6181700229644775
bfa,1988,0.6594899892807007
bfa,1989,0.7373899817466736
bfa,1990,0.7444900274276733
bfa,1991,0.695360004901886
bfa,1992,0.9287700057029724
bfa,1993,1.083729982376099
bfa,1994,1.05731999874115
bfa,1995,1.100020051002502
bfa,1996,1.056859970092773
bfa,1997,0.9689499735832214
bfa,1999,0.9836400151252748
bfa,2001,1.114349961280823
bfa,2002,1.341070055961609
bfa,2003,1.505089998245239
bfa,2005,2.143140077590942
bfa,2006,2.257879972457886
bfa,2007,2.405499935150146
bfa,2008,2.929680109024048
bfa,2009,3.266829967498779
bfa,2010,3.34945011138916
bfa,2011,3.91907000541687
bfa,2012,4.337930202484131
bfa,2013,4.573379993438721
bfa,2014,4.895400047302246
bfa,2015,4.903570175170898
bfa,2016,5.405409812927246
bfa,2017,5.834189891815186
bfa,2018,6.318260192871094
bfa,2019,6.905330181121826
bfa,2020,7.642769813537598
bfa,2021,9.305130004882812
bfa,2022,9.670689582824709
bfa,2023,10.10787963867188
bgd,1970,1.999369978904724
bgd,1972,2.14808988571167
bgd,1973,2.139849901199341
bgd,1974,2.678750038146973
bgd,1976,2.151170015335083
bgd,1977,2.39165997505188
bgd,1978,1.977370023727417
bgd,1979,2.905390024185181
bgd,1980,2.932199954986572
bgd,1981,2.924740076065063
bgd,1982,3.590859889984131
bgd,1983,4.553279876708984
bgd,1984,5.038010120391846
bgd,1985,5.207550048828125
bgd,1986,5.140639781951904
bgd,1987,4.479259967803955
bgd,1988,3.86227011680603
bgd,1989,3.817950010299683
bgd,1990,4.360000133514404
bgd,1999,5.28646993637085
bgd,2000,5.251659870147705
bgd,2001,6.172440052032471
bgd,2002,5.915599822998047
bgd,2003,5.991280078887939
bgd,2004,5.556670188903809
bgd,2005,6.13484001159668
bgd,2006,7.070400238037109
bgd,2007,7.663050174713135
bgd,2008,8.622659683227539
bgd,2009,10.49392986297607
bgd,2011,13.26632453483672
bgd,2012,13.42115986495287
bgd,2013,13.49005780637041
bgd,2014,13.57773927035591
bgd,2015,15.57399261809017
bgd,2016,17.39852074110417
bgd,2017,18.51756043998343
bgd,2018,19.57104924537793
bgd,2019,22.70946424734051
bgd,2020,22.69230195645006
bgd,2021,23.9006822335243
bgd,2022,23.50050598886535
bgd,2023,24.20034427086211
bgr,1971,14.30852031707764
bgr,1972,15.5109395980835
bgr,1973,17.14554023742676
bgr,1974,18.21648979187012
bgr,1975,18.8846492767334
bgr,1976,19.58902931213379
bgr,1977,19.92086982727051
bgr,1978,22.21623039245605
bgr,1979,18.60053062438965
bgr,1980,17.34548950195313
bgr,1981,16.19890975952148
bgr,1982,15.65203952789307
bgr,1983,15.34337043762207
bgr,1984,15.98960018157959
bgr,1985,17.24147987365723
bgr,1986,19.81221008300781
bgr,1987,21.60403060913086
bgr,1988,22.75985908508301
bgr,1989,24.58135032653809
bgr,1990,25.51070022583008
bgr,1991,30.51144981384277
bgr,1992,30.63046073913574
bgr,1993,32.47312927246094
bgr,1994,34.03715133666992
bgr,1995,36.39939117431641
bgr,1996,40.37371063232422
bgr,1997,42.49454879760742
bgr,1998,43.00893020629883
bgr,1999,44.98239898681641
bgr,2000,42.33982849121094
bgr,2001,41.04077911376953
bgr,2002,41.42900848388672
bgr,2003,42.85361099243164
bgr,2004,43.69356918334961
bgr,2005,46.22526931762695
bgr,2006,47.79483032226563
bgr,2007,51.24034118652344
bgr,2008,52.65040969848633
bgr,2009,55.00836944580078
bgr,2010,58.35485076904297
bgr,2011,59.82468032836914
bgr,2012,62.16165161132813
bgr,2013,68.20133972167969
bgr,2014,72.98155975341797
bgr,2015,78.29995727539062
bgr,2016,80.63996124267578
bgr,2017,81.2245864868164
bgr,2018,83.13488006591797
bgr,2019,84.75031280517578
bgr,2020,85.53311157226562
bgr,2021,85.30175018310547
bgr,2022,84.12935638427734
bgr,2023,79.85323333740234
bhr,1971,1.392699956893921
bhr,1972,1.334929943084717
bhr,1973,1.327950000762939
bhr,1974,2.066240072250366
bhr,1975,2.060679912567139
bhr,1976,2.012190103530884
bhr,1977,3.317369937896729
bhr,1978,3.138079881668091
bhr,1979,2.718719959259033
bhr,1980,3.250139951705933
bhr,1981,4.716700077056885
bhr,1982,5.673140048980713
bhr,1985,9.247529983520508
bhr,1986,8.917140007019043
bhr,1987,7.040860176086426
bhr,1988,10.39463043212891
bhr,1991,16.27642059326172
bhr,1992,17.68008995056152
bhr,1993,18.32494926452637
bhr,1994,16.90748977661133
bhr,1995,15.66485977172852
bhr,1996,15.31274032592773
bhr,1999,19.25308990478516
bhr,2003,25.12014007568359
bhr,2005,19.01363945007324
bhr,2006,17.53585052490234
bhr,2011,46.30749893188477
bhr,2012,47.68117141723633
bhr,2013,44.12747955322266
bhr,2014,44.78665924072266
bhr,2015,45.64398956298828
bhr,2016,46.76317977905273
bhr,2017,48.72809982299805
bhr,2018,50.2628288269043
bhr,2019,52.90457916259766
bhr,2020,54.40779113769531
bhr,2021,47.50154876708984
bhr,2022,50.30738067626953
bhr,2023,57.05622100830078
bhs,1977,28.84663963317871
bhs,1978,26.98212051391602
bhs,1979,25.90675926208496
bhs,1980,19.31373977661133
bhs,1981,17.09905052185059
bhs,1982,15.81151962280273
bhs,1983,11.86271953582764
bhs,1984,13.41337013244629
bhs,1985,14.30014038085938
bhs,1986,16.02475929260254
bhs,1987,17.25923919677734
bhs,1988,18.49463081359863
bhs,1995,14.84257984161377
bih,2000,15.39453983306885
bih,2001,16.782470703125
bih,2002,17.03573989868164
bih,2003,18.85902976989746
bih,2004,21.12730026245117
bih,2005,24.1594295501709
bih,2006,27.03783988952637
bih,2007,30.71714019775391
bih,2008,34.47394943237305
bih,2009,36.95756912231445
bih,2010,38.5334587097168
bih,2011,41.97695922851563
bih,2012,44.7015495300293
bih,2013,51.36008834838867
bih,2014,54.16558074951172
bih,2015,55.53366088867188
bih,2016,56.95460891723633
bih,2017,54.52867889404297
bih,2018,49.79875183105469
bih,2019,46.66778945922852
bih,2020,43.80392074584961
bih,2021,45.0589485168457
bih,2022,45.60634994506836
bih,2023,45.50276184082031
blr,1971,38.1856689453125
blr,1976,36.54473114013672
blr,1980,37.88864135742188
blr,1981,39.14791870117188
blr,1982,39.61351013183594
blr,1983,41.56570816040039
blr,1984,43.17533111572266
blr,1985,45.11993026733398
blr,1986,46.27690124511719
blr,1987,47.32519149780273
blr,1988,47.88949966430664
blr,1989,48.53461074829102
blr,1990,48.92113876342773
blr,1991,47.97933959960938
blr,1992,44.38925170898438
blr,1993,43.46348190307617
blr,1994,41.38199996948242
blr,1995,40.5794792175293
blr,1996,44.46709823608398
blr,1997,44.79059982299805
blr,1998,48.63890838623047
blr,1999,51.91741180419922
blr,2000,54.51084136962891
blr,2001,56.58856964111328
blr,2002,58.97198867797852
blr,2003,61.65845108032227
blr,2004,62.95851135253906
blr,2005,65.46012115478516
blr,2006,68.3140869140625
blr,2007,71.10508728027344
blr,2008,71.31635284423828
blr,2009,75.36785125732422
blr,2010,80.1169662475586
blr,2011,87.3373794555664
blr,2012,93.47296142578124
blr,2013,95.49749755859376
blr,2014,94.3163604736328
blr,2015,93.78883361816406
blr,2016,91.52068328857422
blr,2017,89.47064971923828
blr,2018,84.70977783203125
blr,2019,81.29219818115234
blr,2020,79.90016174316406
blr,2021,78.60270690917969
blr,2022,77.09773254394531
blr,2023,72.82501983642578
blz,1971,1.079380035400391
blz,1972,0.8687800168991089
blz,1974,0.9147599935531616
blz,1975,0.9709500074386596
blz,2001,15.19622039794922
blz,2002,17.09461975097656
blz,2003,16.29381942749023
blz,2004,15.69062042236328
blz,2005,16.14225006103516
blz,2006,16.94152069091797
blz,2007,17.92531967163086
blz,2008,18.78537940979004
blz,2009,22.05631065368652
blz,2010,21.56572914123535
blz,2011,21.54640007019043
blz,2012,24.02716064453125
blz,2013,24.00452995300293
blz,2014,24.01545906066895
blz,2015,23.43506050109863
blz,2016,24.47600936889648
blz,2017,24.731689453125
blz,2018,24.58834075927734
blz,2019,25.13874053955078
blz,2020,25.94216918945313
blz,2021,23.6813907623291
blz,2022,23.97677040100098
blz,2023,22.37340927124023
bmu,1979,8.890259742736816
bmu,1980,12.17521953582764
bmu,1981,13.14595031738281
bmu,2006,32.5518684387207
bmu,2007,29.23201942443848
bmu,2008,29.99176025390625
bmu,2009,38.37078857421875
bmu,2010,36.54954147338867
bmu,2011,37.82772064208984
bmu,2012,36.91508102416992
bmu,2013,35.19977188110352
bmu,2014,33.33332824707031
bmu,2015,30.61673927307129
bmu,2017,21.80937004089355
bmu,2018,22.34075927734375
bmu,2023,17.3357105255127
bra,1970,4.783629894256592
bra,1971,6.060269832611084
bra,1972,7.129590034484863
bra,1973,7.782289981842041
bra,1974,9.15233039855957
bra,1975,10.1143798828125
bra,1976,10.06795024871826
bra,1977,10.3041296005249
bra,1978,10.5776195526123
bra,1979,11.01480007171631
bra,1980,11.27153968811035
bra,1981,11.0729398727417
bra,1982,10.95608997344971
bra,1983,11.0787296295166
bra,1986,10.52783012390137
bra,1987,10.64083003997803
bra,1988,10.8447904586792
bra,1989,10.89212989807129
bra,1990,10.93855953216553
bra,1991,11.34010982513428
bra,1992,10.9536304473877
bra,1993,11.16876029968262
bra,1994,11.38910007476807
bra,1996,11.91611957550049
bra,1998,13.45318984985352
bra,1999,14.66201972961426
bra,2012,43.23085021972656
bra,2013,44.33937072753906
bra,2014,47.1568717956543
bra,2015,48.43404006958008
bra,2016,48.33333969116211
bra,2017,50.02674865722656
bra,2018,51.19168853759766
bra,2019,52.62406158447266
bra,2020,54.57279968261719
bra,2021,56.83061981201172
bra,2022,60.39062118530273
brb,1971,3.272010087966919
brb,1972,4.377449989318848
brb,1973,5.373539924621582
brb,1974,6.002200126647949
brb,1981,15.1553897857666
brb,1982,18.32146072387695
brb,1984,19.06901931762695
brb,1985,19.98546981811523
brb,1989,18.08881950378418
brb,1990,18.15535926818848
brb,1991,28.3673095703125
brb,1992,29.5495491027832
brb,1993,27.23945999145508
brb,1999,36.05693817138672
brb,2000,41.92543029785156
brb,2001,41.20745849609375
brb,2007,60.23873901367188
brb,2009,74.2060775756836
brb,2010,68.3859634399414
brb,2011,65.14737701416016
brn,1977,1.761199951171875
brn,1979,2.115269899368286
brn,1983,0.9261599779129028
brn,1984,2.523699998855591
brn,1986,2.42632007598877
brn,1987,3.750740051269531
brn,1992,5.496809959411621
brn,1993,5.810649871826172
brn,1994,6.156740188598633
brn,1998,10.63317966461182
brn,1999,13.02513980865479
brn,2000,13.49592971801758
brn,2001,14.6684103012085
brn,2002,14.11546993255615
brn,2003,14.25749015808105
brn,2004,15.17078018188477
brn,2005,15.24985980987549
brn,2006,15.20687961578369
brn,2007,15.48470020294189
brn,2008,15.73851013183594
brn,2009,16.56584930419922
brn,2010,15.33316040039063
brn,2011,17.42445945739746
brn,2012,22.07335090637207
brn,2013,23.46492004394531
brn,2014,30.07991027832031
brn,2015,28.66412925720215
brn,2016,28.66440963745117
brn,2017,31.2433910195239
brn,2018,27.92859894696289
brn,2019,27.77150192554557
brn,2020,29.19611930847168
brn,2021,27.42589375032907
brn,2022,31.19253687077031
brn,2023,36.41827254431671
btn,1978,0.399619996547699
btn,1979,0.7298700213432312
btn,1980,0.8620200157165527
btn,1983,0.6961899995803833
btn,1999,2.690459966659546
btn,2005,4.872330188751221
btn,2006,5.122220039367676
btn,2007,5.546219825744629
btn,2008,6.58204984664917
btn,2009,6.296820163726807
btn,2010,6.577181208053691
btn,2011,7.705025231027378
btn,2012,7.608060036060621
btn,2013,10.36293983459473
btn,2017,14.83549867494021
btn,2018,14.93038058612916
btn,2019,15.94202898550724
btn,2020,16.86507392270346
btn,2021,14.73824455011141
btn,2022,14.57806973218797
btn,2023,15.00749969482422
btn,2024,13.01125952219059
bwa,1970,0.0
bwa,1971,0.0
bwa,1972,0.3745700120925903
bwa,1973,0.4327000081539154
bwa,1974,0.475739985704422
bwa,1975,0.7198699712753296
bwa,1976,0.7526599764823914
bwa,1977,0.829509973526001
bwa,1978,0.9519500136375428
bwa,1979,0.9982399940490724
bwa,1980,1.187729954719543
bwa,1981,1.27292001247406
bwa,1982,1.419039964675903
bwa,1983,1.501000046730042
bwa,1984,1.719849944114685
bwa,1985,1.908480048179626
bwa,1986,2.26826000213623
bwa,1987,2.521630048751831
bwa,1991,4.356870174407959
bwa,1993,5.165870189666748
bwa,1994,5.62313985824585
bwa,1995,5.286479949951172
bwa,1996,5.661459922790527
bwa,1998,5.961130142211914
bwa,1999,6.252810001373291
bwa,2000,6.980830192565918
bwa,2001,7.486780166625977
bwa,2002,7.803410053253174
bwa,2003,9.07960033416748
bwa,2004,9.568779945373535
bwa,2005,9.230779647827148
bwa,2006,10.06980991363525
bwa,2007,10.22327995300293
bwa,2008,14.26593971252441
bwa,2009,21.98710060119629
bwa,2010,19.53989059948897
bwa,2011,17.5134500002313
bwa,2012,21.66635679092684
bwa,2013,26.33709575375249
bwa,2014,24.8355598449707
bwa,2015,26.86929255387563
bwa,2016,22.66058921813965
bwa,2017,21.47628974914551
bwa,2018,22.93853588196417
bwa,2019,22.80039402868968
bwa,2020,23.57193963293899
bwa,2021,21.20329093933105
bwa,2022,20.70956137153021
bwa,2023,20.56582324751855
caf,1971,0.0844599977135658
caf,1974,0.1860699951648712
caf,1975,0.1997800022363663
caf,1976,0.3168599903583527
caf,1977,0.3448300063610077
caf,1978,0.4601800143718719
caf,1979,0.6640599966049194
caf,1980,0.9198799729347228
caf,1981,0.7435700297355652
caf,1982,1.086750030517578
caf,1983,0.909179985523224
caf,1984,1.001559972763062
caf,1985,1.033169984817505
caf,1986,1.071290016174316
caf,1987,0.9764000177383424
caf,1988,1.08144998550415
caf,1989,1.188740015029907
caf,1990,1.321140050888062
caf,1991,1.430989980697632
caf,1992,1.349740028381348
caf,1999,2.015880107879639
caf,2000,1.943699955940247
caf,2004,1.66786003112793
caf,2006,1.086750030517578
caf,2008,2.164959907531738
caf,2009,2.30814003944397
caf,2010,2.538810014724731
caf,2011,2.95497989654541
caf,2012,2.775199890136719
can,1976,46.8438606262207
can,1986,71.0212631225586
can,1989,83.2220687866211
can,1990,89.20391845703125
can,1991,93.63745880126952
can,1992,95.85083770751952
can,1993,87.07675170898438
can,1994,89.44577026367188
can,1995,89.97074890136719
can,1996,88.31598663330078
can,1998,58.58739852905273
can,1999,59.27053070068359
can,2000,58.51911926269531
can,2002,58.41315078735352
can,2007,63.82981109619141
can,2008,64.30741119384766
can,2009,63.62369918823242
can,2010,61.88459014892578
can,2011,63.15869903564453
can,2012,63.603271484375
can,2013,65.74771881103516
can,2014,67.1677017211914
can,2015,67.26909637451172
can,2016,69.24594116210938
can,2017,70.26870727539062
can,2018,69.35072326660156
can,2019,73.11287689208984
can,2020,75.23890686035156
can,2021,79.76573181152344
can,2022,78.89849853515625
che,1971,10.4795503616333
che,1972,11.14470958709717
che,1973,11.76086044311523
che,1974,12.70123958587646
che,1975,13.37318992614746
che,1976,14.17123031616211
che,1977,15.98412990570068
che,1978,16.48700904846191
che,1979,17.1417293548584
che,1980,17.67564964294434
che,1981,18.17053985595703
che,1982,18.46250915527344
che,1983,18.49394989013672
che,1984,19.13900947570801
che,1985,20.70655059814453
che,1986,21.17658042907715
che,1987,22.24407958984375
che,1988,23.09678077697754
che,1989,23.9467601776123
che,1990,25.85257911682129
che,1991,27.1706600189209
che,1992,28.70203018188477
che,1993,30.08510971069336
che,1994,31.52433013916016
che,1995,32.36365127563477
che,1996,33.36481094360352
che,1998,36.51890182495117
che,1999,37.89720153808594
che,2000,38.11275863647461
che,2001,39.22380065917969
che,2002,39.96028900146484
che,2003,43.05054092407227
che,2004,44.88051986694336
che,2005,45.24652862548828
che,2006,46.2847785949707
che,2007,47.8155517578125
che,2008,49.68888092041016
che,2009,50.30345153808594
che,2010,52.80406188964844
che,2011,53.13528060913086
che,2012,54.83562088012695
che,2013,56.18124008178711
che,2014,58.06505966186523
che,2015,60.81856155395508
che,2016,61.19398880004883
che,2017,62.45972061157227
che,2018,64.3533935546875
che,2019,66.30934143066406
che,2020,68.06764221191406
che,2021,71.89392852783203
che,2022,74.15267944335938
che,2023,74.00608825683594
chl,1970,8.267970085144043
chl,1971,10.37038993835449
chl,1972,12.75666046142578
chl,1973,14.36758041381836
chl,1974,13.94211006164551
chl,1975,14.07761001586914
chl,1976,12.34881019592285
chl,1977,11.88191032409668
chl,1978,11.57522964477539
chl,1979,11.05902004241943
chl,1980,12.45322036743164
chl,1982,13.19662952423096
chl,1983,14.73558044433594
chl,1984,15.44528961181641
chl,1985,16.02940940856934
chl,1986,17.27124977111816
chl,1987,17.98213958740234
chl,1988,18.74225997924805
chl,1991,20.72612953186035
chl,1992,23.52010917663574
chl,1993,25.71767044067383
chl,1994,26.5590991973877
chl,1995,27.20766067504883
chl,1996,29.13344955444336
chl,1997,30.1767692565918
chl,1998,32.17301177978516
chl,1999,35.54019165039063
chl,2000,35.43132019042969
chl,2002,40.26649856567383
chl,2003,43.5181999206543
chl,2004,44.32846069335938
chl,2005,50.2735595703125
chl,2006,49.32168960571289
chl,2007,54.72304916381836
chl,2008,56.77439880371094
chl,2009,59.99129104614258
chl,2010,66.34452056884766
chl,2011,70.82418060302734
chl,2012,75.07707214355469
chl,2013,79.8703384399414
chl,2014,83.66297912597656
chl,2015,86.4181137084961
chl,2016,88.84588623046875
chl,2017,89.92198944091797
chl,2018,91.19747924804688
chl,2019,92.06597137451172
chl,2020,89.11248779296875
chl,2021,96.22279357910156
chl,2022,99.3372802734375
chl,2023,104.7340621948242
chn,1970,0.127020001411438
chn,1973,0.2035499960184097
chn,1974,0.3256900012493134
chn,1975,0.4493100047111511
chn,1976,0.5523599982261658
chn,1977,0.6239399909973145
chn,1978,0.6922199726104736
chn,1979,1.009649991989136
chn,1980,1.282119989395142
chn,1981,2.042939901351929
chn,1984,1.911190032958984
chn,1985,2.197020053863525
chn,1986,2.783080101013184
chn,1987,3.055939912796021
chn,1988,3.090790033340454
chn,1989,3.017220020294189
chn,1990,3.002029895782471
chn,1991,2.883140087127686
chn,1992,2.817140102386475
chn,1993,2.933510065078735
chn,1994,3.77007007598877
chn,1995,4.658050060272217
chn,1996,5.275040149688721
chn,1997,5.79580020904541
chn,1998,6.258780002593994
chn,1999,6.610469818115234
chn,2000,7.577779769897461
chn,2001,9.28069019317627
chn,2002,11.80508041381836
chn,2003,14.51397037506104
chn,2004,16.90044021606445
chn,2005,18.65652084350586
chn,2006,20.56677055358887
chn,2007,21.47155952453613
chn,2008,21.86673927307129
chn,2009,23.28862953186035
chn,2010,25.28830909729004
chn,2011,26.78750038146973
chn,2012,29.30818939208984
chn,2013,32.71915817260742
chn,2014,43.71100997924805
chn,2015,47.11925888061523
chn,2016,49.30907821655273
chn,2017,51.06787872314453
chn,2018,53.39879989624023
chn,2019,56.6050910949707
chn,2020,61.61246871948242
chn,2021,66.81861114501953
chn,2022,71.57994842529297
chn,2023,74.59329986572266
civ,1971,1.014520049095154
civ,1972,1.01679003238678
civ,1973,1.177330017089844
civ,1974,1.204259991645813
civ,1976,1.276399970054626
civ,1977,1.5035799741745
civ,1978,1.697199940681458
civ,1979,1.982380032539368
civ,1980,2.171780109405518
civ,1981,2.790070056915283
civ,1982,2.507410049438477
civ,1984,2.249819993972778
civ,1985,2.225019931793213
civ,1987,2.437220096588135
civ,1992,2.470289945602417
civ,1993,2.935640096664429
civ,1994,3.646059989929199
civ,1995,3.597539901733398
civ,1997,5.418069839477539
civ,1999,5.491340160369873
civ,2007,7.937069892883301
civ,2008,7.483660221099854
civ,2009,7.18858003616333
civ,2010,6.530990123748779
civ,2011,2.921020030975342
civ,2013,7.354269981384277
civ,2014,7.738979816436768
civ,2015,8.464329719543457
civ,2016,8.895580291748047
civ,2017,9.524889945983888
civ,2019,10.32569980621338
civ,2020,10.2664098739624
civ,2021,10.77258014678955
civ,2022,11.11349010467529
civ,2023,11.57242965698242
cmr,1971,0.5051400065422058
cmr,1972,0.6287299990653992
cmr,1973,0.7900199890136719
cmr,1974,0.9385200142860411
cmr,1975,1.059180021286011
cmr,1979,1.600980043411255
cmr,1980,1.794649958610535
cmr,1981,1.571339964866638
cmr,1982,1.62293004989624
cmr,1983,1.759860038757324
cmr,1984,1.987120032310486
cmr,1985,2.194099903106689
cmr,1987,2.46875
cmr,1988,2.630079984664917
cmr,1989,2.604809999465942
cmr,1990,2.952270030975342
cmr,1991,3.237730026245117
cmr,1999,4.943220138549805
cmr,2000,4.690100193023682
cmr,2001,4.716020107269287
cmr,2002,5.155879974365234
cmr,2003,5.220310211181641
cmr,2004,5.227250099182129
cmr,2005,6.039040088653564
cmr,2006,7.076930046081543
cmr,2007,7.573969841003418
cmr,2008,8.208749771118164
cmr,2009,9.404009819030762
cmr,2010,11.57456970214844
cmr,2011,12.51023960113525
cmr,2012,13.5363302230835
cmr,2013,15.77128028869629
cmr,2014,16.75358963012695
cmr,2015,17.29707908630371
cmr,2016,12.70466041564941
cmr,2017,12.98182010650635
cmr,2018,14.54494953155518
cmr,2019,15.08308982849121
cmr,2020,15.5523796081543
cmr,2021,17.15818023681641
cmr,2022,16.43714904785156
cmr,2023,16.04043960571289
cod,1971,0.6783900260925293
cod,1972,0.811240017414093
cod,1973,0.8499600291252136
cod,1974,0.9478899836540222
cod,1975,1.057410001754761
cod,1976,1.217460036277771
cod,1977,1.223780035972595
cod,1978,1.262799978256226
cod,1979,1.257019996643066
cod,1980,1.131539940834045
cod,1981,1.169729948043823
cod,1982,1.34798002243042
cod,1983,1.257030010223389
cod,1984,1.417529940605164
cod,1985,1.370820045471191
cod,1986,1.399639964103699
cod,1987,1.516999959945679
cod,1988,1.694599986076355
cod,1989,1.910140037536621
cod,1990,2.012079954147339
cod,1991,2.340640068054199
cod,1995,2.310899972915649
cod,1999,1.452579975128174
cod,2006,4.208730220794678
cod,2007,4.203030109405518
cod,2008,5.279329776763916
cod,2009,6.261549949645996
cod,2011,7.558839797973633
cod,2012,7.639790058135986
cod,2013,6.372799873352051
cod,2016,5.900370121002197
cod,2020,6.379879951477051
cog,1971,1.461640000343323
cog,1972,1.157789945602417
cog,1973,1.578680038452148
cog,1974,1.86175000667572
cog,1975,2.110660076141357
cog,1976,2.23813009262085
cog,1977,2.549319982528687
cog,1978,2.994790077209473
cog,1979,3.474430084228516
cog,1980,4.229509830474854
cog,1981,4.339630126953125
cog,1982,5.14447021484375
cog,1983,5.280280113220215
cog,1984,5.374239921569824
cog,1985,5.392509937286377
cog,1986,5.303339958190918
cog,1987,5.27370023727417
cog,1988,5.575540065765381
cog,1989,4.617909908294678
cog,1990,4.573699951171875
cog,1991,4.543290138244629
cog,1992,4.983570098876953
cog,1993,5.574530124664307
cog,1999,3.671390056610107
cog,2000,5.243500232696533
cog,2001,4.201749801635742
cog,2002,3.761640071868896
cog,2003,3.796190023422241
cog,2009,5.879680156707764
cog,2011,7.958879947662354
cog,2012,9.095450401306152
cog,2013,8.566320419311523
cog,2015,11.51382032887497
cog,2017,12.14618968963623
cog,2023,10.38121032714844
cok,1970,0.0
cok,1971,0.0
cok,1972,0.0
cok,1973,0.0
cok,1974,0.0
cok,1975,0.0
cok,1976,0.0
cok,1977,0.0
cok,1978,0.0
cok,1979,0.0
cok,1980,0.0
cok,1981,0.0
cok,1982,0.0
cok,1983,0.0
cok,1984,0.0
cok,1985,0.0
cok,1986,0.0
cok,1987,0.0
cok,1988,0.0
cok,1989,0.0
cok,1990,0.0
cok,1991,0.0
cok,1992,0.0
cok,1993,0.0
cok,1994,0.0
cok,1995,0.0
cok,1996,0.0
cok,1997,0.0
cok,1998,0.0
cok,1999,0.0
cok,2000,0.0
cok,2001,0.0
cok,2002,0.0
cok,2003,0.0
cok,2004,0.0
cok,2005,0.0
cok,2006,0.0
cok,2007,0.0
cok,2008,0.0
cok,2009,0.0
cok,2010,0.0
cok,2011,0.0
cok,2012,37.97375869750977
cok,2023,1.52672004699707
col,1970,4.318600177764893
col,1971,4.805429935455322
col,1972,5.415850162506104
col,1973,5.848229885101318
col,1974,6.407859802246094
col,1975,7.315959930419922
col,1976,7.766839981079102
col,1977,8.809419631958008
col,1978,9.089130401611328
col,1979,9.297650337219238
col,1980,9.14805030822754
col,1981,10.42113018035889
col,1982,10.72840023040771
col,1983,11.1325798034668
col,1984,11.62709045410156
col,1985,11.86433029174805
col,1986,12.55838012695313
col,1987,13.0221004486084
col,1988,13.70398044586182
col,1989,14.21409034729004
col,1990,14.6033296585083
col,1991,15.28213977813721
col,1992,15.99769973754883
col,1993,16.25307083129883
col,1994,16.94153022766113
col,1995,17.04425048828125
col,1996,18.41167068481445
col,1997,21.73467063903809
col,1998,24.34798049926758
col,1999,23.87984085083008
col,2000,25.50968933105469
col,2001,26.38125991821289
col,2002,26.51309967041016
col,2004,29.50345993041992
col,2005,32.25397872924805
col,2006,34.3662109375
col,2007,35.47853088378906
col,2008,37.94480133056641
col,2009,39.5088005065918
col,2010,41.52967071533203
col,2011,45.28733062744141
col,2012,47.46699142456055
col,2013,50.74748992919922
col,2014,53.17943954467773
col,2015,54.7961311340332
col,2016,57.14374923706055
col,2017,58.39604187011719
col,2018,57.32054138183594
col,2019,56.66630172729492
col,2020,55.73310852050781
col,2021,58.31592178344727
col,2022,59.29013824462891
com,1990,0.6171500086784363
com,1992,0.5555599927902222
com,1993,0.5780100226402283
com,1996,0.9014400243759156
com,1999,1.517699956893921
com,2000,1.603670001029968
com,2003,3.420700073242188
com,2007,4.39438009262085
com,2009,6.195040225982666
com,2010,6.062719821929932
com,2011,8.392539978027344
com,2012,9.091719627380373
com,2013,9.132479667663574
com,2014,9.548649787902832
cpv,1999,1.546890020370483
cpv,2000,1.777469992637634
cpv,2001,1.544620037078857
cpv,2002,3.767139911651611
cpv,2003,4.452620029449463
cpv,2004,5.890570163726807
cpv,2005,7.338449954986572
cpv,2006,8.332269668579102
cpv,2007,9.427639961242676
cpv,2008,11.64515018463135
cpv,2009,14.58452033996582
cpv,2010,17.23967933654785
cpv,2011,19.81747055053711
cpv,2012,19.8951301574707
cpv,2013,22.24681091308594
cpv,2014,23.27039909362793
cpv,2015,22.5240306854248
cpv,2016,23.69350051879883
cpv,2017,24.5594596862793
cpv,2018,24.29059982299805
cri,1970,8.600700378417969
cri,1971,9.380769729614258
cri,1972,10.04158973693848
cri,1973,11.09716033935547
cri,1978,20.88995933532715
cri,1979,21.21176910400391
cri,1980,20.6288890838623
cri,1981,21.33370018005371
cri,1982,20.94507026672363
cri,1983,20.67461967468262
cri,1984,21.01996994018555
cri,1985,22.20663070678711
cri,1986,23.31545066833496
cri,1987,25.21780014038086
cri,1988,25.13130950927734
cri,1989,26.60022926330566
cri,1990,26.65484046936035
cri,1991,28.50148010253906
cri,1992,30.92663955688477
cri,2004,25.80567932128906
cri,2011,44.67118835449219
cri,2012,46.68854141235352
cri,2013,47.50571060180664
cri,2014,50.33427810668945
cri,2015,51.28458023071289
cri,2016,51.65164184570313
cri,2017,54.4492301940918
cri,2018,52.61408996582031
cri,2019,55.02029037475586
cub,1971,3.588069915771484
cub,1972,4.911870002746582
cub,1973,6.366950035095215
cub,1974,7.155109882354736
cub,1975,8.715789794921875
cub,1976,10.52237987518311
cub,1977,13.54625034332275
cub,1978,14.98663997650146
cub,1979,15.80813980102539
cub,1980,16.58271980285645
cub,1981,16.17490005493164
cub,1982,16.41095924377441
cub,1983,16.12269973754883
cub,1984,17.05710983276367
cub,1985,18.14607048034668
cub,1986,19.79750061035156
cub,1987,21.52161026000977
cub,1988,22.07185935974121
cub,1989,21.23138046264648
cub,1990,20.67046928405762
cub,1991,20.87483024597168
cub,1992,19.68795013427734
cub,1993,17.94838905334473
cub,1994,16.7040901184082
cub,1995,14.26210021972656
cub,1996,13.40590000152588
cub,1997,13.29271030426025
cub,1998,13.47749996185303
cub,1999,21.15401077270508
cub,2000,22.99567031860352
cub,2001,26.07193946838379
cub,2002,27.42346954345703
cub,2003,32.56879043579102
cub,2004,52.44115829467773
cub,2005,60.11511993408203
cub,2006,84.7447280883789
cub,2007,105.017448425293
cub,2008,117.1630706787109
cub,2009,113.8270874023438
cub,2010,93.54473876953124
cub,2011,78.47915649414062
cub,2012,61.35198974609375
cub,2013,47.99383926391602
cub,2014,40.80572128295898
cub,2015,36.75102996826172
cub,2016,35.05239868164063
cub,2017,41.17023849487305
cub,2018,42.35063934326172
cub,2019,44.77917861938477
cub,2020,46.7357292175293
cub,2021,51.8885612487793
cub,2022,42.07277204102189
cub,2023,49.72856903076172
cuw,2010,25.35449020931803
cuw,2011,23.13610749891634
cuw,2012,23.91581632653061
cuw,2013,23.08419990539551
cuw,2014,23.67406481192039
cuw,2015,19.00264066626041
cuw,2016,18.32068791097623
cuw,2017,16.51016406975544
cuw,2018,15.87489251934652
cuw,2019,15.28120098588394
cuw,2020,14.87856637585475
cuw,2021,15.74531095755182
cuw,2022,15.90087764584409
cym,1999,15.839599609375
cym,2000,21.13579940795898
cym,2001,21.80257987976074
cym,2002,19.21899032592773
cym,2003,19.80898094177246
cym,2006,19.45779037475586
cym,2007,22.10452079772949
cym,2008,33.01955032348633
cym,2010,43.1422351233672
cym,2011,39.21161825726141
cym,2012,34.99688084840923
cym,2013,33.41101077774542
cym,2014,32.9646017699115
cym,2015,30.15873015873016
cym,2016,31.05206655931293
cym,2017,33.01604568942073
cym,2018,32.65590200445434
cym,2019,38.97864974033468
cym,2020,46.07990387503754
cym,2021,45.86815227483751
cym,2022,40.05400540054006
cym,2023,41.05597230236584
cyp,2000,19.56232070922852
cyp,2001,21.61252021789551
cyp,2002,25.1022891998291
cyp,2003,31.95523071289063
cyp,2004,36.02045822143555
cyp,2005,34.10218048095703
cyp,2006,34.30194854736328
cyp,2007,36.23160171508789
cyp,2008,40.84917068481445
cyp,2009,47.69644927978516
cyp,2010,48.31158065795898
cyp,2011,46.53973007202148
cyp,2012,45.86359024047852
cyp,2013,47.52524185180664
cyp,2014,53.10435104370117
cyp,2015,60.10123062133789
cyp,2016,67.17111206054688
cyp,2017,75.94081115722656
cyp,2018,81.33708190917969
cyp,2019,88.4853286743164
cyp,2020,92.93775939941406
cyp,2021,96.53778839111328
cyp,2022,98.30458068847656
cze,1971,9.205940246582031
cze,1972,8.72506046295166
cze,1973,8.727919578552246
cze,1974,9.391169548034668
cze,1975,10.32108020782471
cze,1976,11.45497035980225
cze,1977,13.07756042480469
cze,1978,14.79121017456055
cze,1979,15.84440040588379
cze,1980,17.23246955871582
cze,1981,18.26532936096191
cze,1982,18.30312919616699
cze,1983,17.45025062561035
cze,1984,16.34295082092285
cze,1985,15.68004989624023
cze,1986,15.27083015441895
cze,1987,15.6981897354126
cze,1988,16.04984092712402
cze,1989,16.13249015808105
cze,1990,16.21442985534668
cze,1991,16.28829002380371
cze,1992,14.64853954315186
cze,1993,14.24180030822754
cze,1994,18.95997047424316
cze,1995,20.04231071472168
cze,1996,21.07951927185059
cze,1997,22.80468940734863
cze,1998,23.75927925109863
cze,1999,26.08748054504395
cze,2000,29.75839042663574
cze,2001,32.02677917480469
cze,2002,36.88766098022461
cze,2003,39.20788955688477
cze,2004,45.42427825927734
cze,2005,49.11814117431641
cze,2006,49.88113021850586
cze,2007,54.18090057373047
cze,2008,57.91717147827148
cze,2009,61.41157150268555
cze,2010,64.93276977539062
cze,2011,66.79682159423828
cze,2012,66.92877197265625
cze,2013,66.3243179321289
cze,2014,67.3959732055664
cze,2015,67.23036193847656
cze,2016,67.5056381225586
cze,2017,67.71421813964844
cze,2018,66.79022216796875
cze,2019,66.88021850585938
cze,2020,67.18437194824219
cze,2021,69.83692932128906
cze,2022,70.81459045410156
deu,1991,34.09449005126953
deu,1992,35.72552871704102
deu,1993,39.33877182006836
deu,1994,42.42694091796875
deu,1995,45.52838134765625
deu,1996,47.14038848876953
deu,1997,47.57754135131836
deu,2013,60.8984489440918
deu,2014,65.18447875976562
deu,2015,68.23291015625
deu,2016,67.9464111328125
deu,2017,68.46923065185547
deu,2018,69.1634292602539
deu,2019,72.705078125
deu,2020,72.38941955566406
deu,2021,75.66554260253906
deu,2022,77.3656997680664
deu,2023,76.31568145751953
dji,1976,0.0
dji,1981,0.0
dji,1986,0.0
dji,1991,0.0
dji,1992,0.0858300030231476
dji,1993,0.1059599965810776
dji,1994,0.1244200021028519
dji,1996,0.2096599936485291
dji,1997,0.251010000705719
dji,1999,0.2449100017547607
dji,2000,0.2573600113391876
dji,2001,0.6548200249671936
dji,2002,0.934469997882843
dji,2003,1.140079975128174
dji,2004,1.434949994087219
dji,2005,2.151870012283325
dji,2006,2.436399936676025
dji,2007,2.708209991455078
dji,2008,2.896960020065308
dji,2009,3.633869886398315
dji,2010,3.618550062179565
dji,2011,5.160120010375977
dma,1981,0.7478600144386292
dma,1984,0.6691300272941589
dma,1985,0.6916400194168091
dma,1989,0.8501099944114685
dma,1991,5.678820133209229
dma,1992,8.956040382385254
dma,1993,6.9480299949646
dnk,1971,19.81019020080566
dnk,1972,22.9488697052002
dnk,1973,25.80209922790527
dnk,1974,27.6013298034668
dnk,1975,28.07080078125
dnk,1976,29.61455917358398
dnk,1977,29.83367919921875
dnk,1978,31.76501083374023
dnk,1979,28.27355003356934
dnk,1980,28.62425994873047
dnk,1981,28.56715965270996
dnk,1982,28.5235595703125
dnk,1983,29.03696060180664
dnk,1984,28.93663024902344
dnk,1985,28.57324981689453
dnk,1986,28.05105018615723
dnk,1987,28.19562911987305
dnk,1988,29.53293037414551
dnk,1989,31.55513954162598
dnk,1990,34.71965026855469
dnk,1991,37.96736145019531
dnk,1992,40.35686111450195
dnk,1993,44.36825942993164
dnk,1994,45.61869812011719
dnk,1995,45.43698120117188
dnk,1996,47.70323944091797
dnk,1998,52.74906921386719
dnk,1999,56.37477111816406
dnk,2000,58.36640167236328
dnk,2001,61.3673095703125
dnk,2002,64.22347259521484
dnk,2003,68.17124938964844
dnk,2004,74.96650695800781
dnk,2005,80.81246185302734
dnk,2006,78.50576782226562
dnk,2007,78.24329376220703
dnk,2008,74.86062622070312
dnk,2009,73.11062622070312
dnk,2010,72.49514770507812
dnk,2011,75.93002319335938
dnk,2012,77.74655151367188
dnk,2013,80.4186782836914
dnk,2014,81.31436157226562
dnk,2015,83.30040740966797
dnk,2016,82.17149353027344
dnk,2017,81.32200622558594
dnk,2018,81.14054870605469
dnk,2019,81.69458770751953
dnk,2020,82.6643295288086
dnk,2021,83.98229217529297
dnk,2022,84.58660888671875
dnk,2023,81.23081970214844
dom,1971,5.769299983978271
dom,1972,7.075789928436279
dom,1973,7.670279979705811
dom,1975,8.306429862976074
dom,1986,17.90571022033691
dom,1997,21.46652984619141
dom,2003,33.67510986328125
dom,2010,48.59687833602139
dom,2011,47.6470626880576
dom,2012,48.62900161743164
dom,2013,46.35719220191259
dom,2014,49.31927108764648
dom,2015,51.74710845947266
dom,2016,54.49900054931641
dom,2017,59.91558837890625
dom,2018,63.1462388663924
dom,2019,64.3841304228567
dom,2020,58.72640991210938
dom,2021,56.46908187866211
dom,2022,55.16653060913086
dza,1987,8.849320411682129
dza,1988,8.637539863586426
dza,1990,10.07104969024658
dza,1991,10.80183982849121
dza,1992,10.945969581604
dza,1993,10.86343002319336
dza,1994,10.43091011047363
dza,1995,10.23548030853271
dza,1996,11.60389041900635
dza,1999,13.6004695892334
dza,2001,15.29477977752686
dza,2002,16.97541999816895
dza,2003,18.21182060241699
dza,2004,18.87092971801758
dza,2005,20.70986938476563
dza,2006,21.34580039978027
dza,2007,23.59563064575195
dza,2009,30.5014705657959
dza,2010,30.73443984985352
dza,2011,32.38660049438477
dza,2012,33.55709838867188
dza,2013,35.43862915039063
dza,2014,36.04280090332031
dza,2015,38.24446868896484
dza,2016,43.90406036376953
dza,2017,49.17768859863281
dza,2018,52.88193893432617
dza,2019,53.86449813842773
dza,2020,53.37522125244141
dza,2021,54.22225952148438
dza,2022,53.38758087158203
dza,2023,55.53202056884766
ecu,1971,6.453139781951904
ecu,1972,7.060200214385986
ecu,1973,9.055330276489258
ecu,1975,20.21331977844238
ecu,1976,24.41114044189453
ecu,1979,30.55814933776855
ecu,1980,32.37601852416992
ecu,1981,33.13644027709961
ecu,1982,31.08332061767578
ecu,1983,29.33223915100098
ecu,1984,29.78548049926758
ecu,1985,30.45248031616211
ecu,1988,27.11911964416504
ecu,1989,23.80793952941895
ecu,1990,18.78787040710449
ecu,1991,19.23311996459961
ecu,1995,17.69243049621582
ecu,1997,18.11506080627441
ecu,2008,38.18717956542969
ecu,2012,39.25246810913086
ecu,2013,39.77344131469727
ecu,2015,44.53715133666992
ecu,2018,47.33118057250977
ecu,2019,47.26277923583984
ecu,2020,56.90663146972656
ecu,2022,59.87977981567383
egy,1971,7.207429885864258
egy,1972,7.869269847869873
egy,1973,8.841859817504883
egy,1974,9.827190399169922
egy,1975,11.07194995880127
egy,1976,12.6753101348877
egy,1977,14.61917018890381
egy,1978,15.35595035552979
egy,1979,15.53427028656006
egy,1980,15.99577045440674
egy,1981,16.92823028564453
egy,1982,17.93499946594238
egy,1983,18.54697036743164
egy,1984,19.09259986877441
egy,1985,17.85722923278809
egy,1986,17.76848030090332
egy,1987,17.88468933105469
egy,1988,17.41287040710449
egy,1989,14.77373027801514
egy,1990,13.51564979553223
egy,1991,11.17294979095459
egy,1999,28.60166931152344
egy,2001,27.89225006103516
egy,2002,28.91823959350586
egy,2003,26.02450942993164
egy,2004,27.28620910644531
egy,2005,28.41270065307617
egy,2006,28.36959075927734
egy,2007,28.83992004394531
egy,2008,28.68610954284668
egy,2009,29.26930999755859
egy,2010,30.07274055480957
egy,2011,25.59017944335938
egy,2012,26.22715950012207
egy,2013,28.34798049926758
egy,2014,29.11343002319336
egy,2015,32.8848991394043
egy,2016,31.87313079833984
egy,2017,32.87379837036133
egy,2018,36.12300109863281
egy,2020,38.77399826049805
egy,2022,36.46223068237305
egy,2023,37.90055847167969
egy,2024,38.95429992675781
eri,1995,1.730209946632385
eri,1996,1.42960000038147
eri,1998,1.499750018119812
eri,1999,1.95580005645752
eri,2000,2.009880065917969
eri,2001,2.693049907684326
eri,2002,2.544420003890991
eri,2004,1.97107994556427
eri,2009,3.677619934082031
eri,2010,4.355160236358643
eri,2014,4.128719806671143
eri,2015,3.515749931335449
eri,2016,3.202620029449463
esp,1971,8.567299842834473
esp,1972,9.616140365600586
esp,1973,14.12590026855469
esp,1974,15.45065975189209
esp,1975,16.85288047790527
esp,1976,19.70412063598633
esp,1977,20.68345069885254
esp,1978,22.96095085144043
esp,1979,21.3387393951416
esp,1980,22.61101913452148
esp,1981,22.8038501739502
esp,1982,23.0988597869873
esp,1983,23.48356056213379
esp,1984,24.93181991577148
esp,1985,25.85098075866699
esp,1986,27.96722030639648
esp,1987,29.34095001220703
esp,1988,31.38647079467773
esp,1989,33.47267150878906
esp,1990,35.65195083618164
esp,1991,37.33293914794922
esp,1992,39.44990921020508
esp,1993,41.10998153686523
esp,1994,43.65301895141602
esp,1995,45.05537033081055
esp,1996,46.98217010498047
esp,1997,49.90122985839844
esp,1998,52.56047058105469
esp,1999,54.83319091796875
esp,2000,58.40753936767578
esp,2001,61.00421905517578
esp,2002,63.74008178710938
esp,2003,65.53221130371094
esp,2004,67.47357177734375
esp,2005,68.13583374023438
esp,2006,68.9646224975586
esp,2007,69.22976684570312
esp,2008,69.40193939208984
esp,2009,71.43116760253906
esp,2010,76.3829116821289
esp,2011,80.72409057617188
esp,2012,82.89208984375
esp,2013,85.18263244628906
esp,2014,87.93585205078125
esp,2015,88.53053283691406
esp,2016,89.810791015625
esp,2017,92.07018280029295
esp,2018,92.51949310302734
esp,2019,91.5387725830078
esp,2020,91.59912109375
esp,2021,95.37689971923828
esp,2022,95.02716064453124
esp,2023,93.7303466796875
est,1981,22.95993995666504
est,1986,22.81419944763184
est,1988,22.42646980285645
est,1989,22.87101936340332
est,1990,24.2411994934082
est,1991,23.36890983581543
est,1992,23.63268089294434
est,1993,23.19961929321289
est,1994,24.06856918334961
est,1995,25.39311027526855
est,1996,40.37276840209961
est,1997,44.73904037475586
est,1998,47.9970703125
est,1999,50.2264518737793
est,2000,54.40182876586914
est,2001,58.71747970581055
est,2002,61.74710083007813
est,2003,64.2222671508789
est,2004,65.77739715576172
est,2005,67.9843521118164
est,2006,68.79508209228516
est,2007,68.82205963134766
est,2008,67.83560943603516
est,2009,67.84941864013672
est,2010,68.71015930175781
est,2011,71.02352905273438
est,2012,72.93647003173828
est,2013,75.45231628417969
est,2014,76.20245361328125
est,2015,74.58328247070312
est,2016,73.03343200683594
est,2017,72.13697814941406
est,2018,72.06596374511719
est,2019,72.7060317993164
est,2020,72.04435729980469
est,2021,73.15020751953125
est,2022,71.4251937866211
est,2023,67.61792755126953
eth,1971,0.1845200061798096
eth,1972,0.2031500041484833
eth,1973,0.159950003027916
eth,1974,0.2602300047874451
eth,1977,0.2617799937725067
eth,1978,0.4007900059223175
eth,1979,0.4792099893093109
eth,1980,0.5245299935340881
eth,1981,0.4937900006771088
eth,1982,0.4826300144195557
eth,1983,0.4959500133991241
eth,1984,0.4747200012207031
eth,1986,0.7484899759292603
eth,1987,0.7956900000572205
eth,1988,0.7407799959182739
eth,1989,0.758679986000061
eth,1990,0.7873200178146362
eth,1991,0.7760000228881836
eth,1994,0.6022300124168396
eth,1995,0.6603800058364868
eth,1996,0.6865299940109253
eth,1997,0.8017100095748901
eth,1998,0.8379999995231628
eth,1999,0.9318100214004515
eth,2000,1.171149969100952
eth,2001,1.476050019264221
eth,2002,1.683740019798279
eth,2003,2.401679992675781
eth,2004,2.729820013046265
eth,2005,2.941679954528809
eth,2008,3.532119989395142
eth,2009,5.092160224914551
eth,2010,6.964831936111955
eth,2011,7.275663569019819
eth,2012,7.624166101505914
eth,2013,7.997009433558401
eth,2014,8.029606387948673
eth,2015,9.099451897942238
eth,2016,9.735969927858104
eth,2017,10.09357572184476
eth,2018,10.10403045279288
fin,1971,13.60628032684326
fin,1972,14.13551998138428
fin,1973,14.71335029602051
fin,1974,15.98456001281738
fin,1975,17.05331039428711
fin,1976,27.41164016723633
fin,1977,29.28384971618652
fin,1978,30.77964973449707
fin,1979,31.4577808380127
fin,1980,32.03149032592773
fin,1981,32.61793899536133
fin,1982,33.18217086791992
fin,1983,33.61906814575195
fin,1984,31.60823059082031
fin,1985,32.06111145019531
fin,1986,34.10546875
fin,1987,36.04428863525391
fin,1988,38.2359504699707
fin,1989,41.55817031860352
fin,1990,45.25899124145508
fin,1991,50.02505874633789
fin,1992,54.51013946533203
fin,1993,61.56830978393555
fin,1994,65.08070373535156
fin,1995,67.25369262695312
fin,1996,68.90528106689453
fin,1997,71.29010009765625
fin,1998,76.72953796386719
fin,1999,80.09396362304688
fin,2000,82.5875015258789
fin,2001,85.9510498046875
fin,2002,86.78893280029297
fin,2003,88.28697967529297
fin,2004,90.13793182373048
fin,2005,91.9409408569336
fin,2006,93.43099212646484
fin,2007,95.08348083496094
fin,2008,95.86685180664064
fin,2009,92.01547241210938
fin,2010,93.18675994873048
fin,2011,93.28842926025392
fin,2012,91.55338287353516
fin,2013,91.2365264892578
fin,2014,89.99388122558594
fin,2015,89.65737915039062
fin,2016,89.3280029296875
fin,2017,90.69838714599608
fin,2018,92.38500213623048
fin,2019,94.58911895751952
fin,2020,96.4726333618164
fin,2021,100.8680725097656
fin,2022,104.944221496582
fin,2023,108.1304092407227
fji,1970,0.697130024433136
fji,1971,1.04355001449585
fji,1972,1.290380001068115
fji,1973,1.606289982795715
fji,1974,2.121059894561768
fji,1975,2.816689968109131
fji,1980,2.383169889450073
fji,1981,2.461460113525391
fji,1982,2.71577000617981
fji,1984,2.508510112762451
fji,1985,2.970180034637451
fji,1986,2.836179971694946
fji,1989,4.64109992980957
fji,1991,10.7947301864624
fji,2003,14.77186965942383
fji,2004,14.57266998291016
fji,2005,14.45590019226074
fji,2014,69.43276419907177
fji,2015,68.41679535259945
fji,2016,77.56012340631156
fji,2017,82.343551650893
fji,2018,79.14642254385517
fji,2019,77.55620061700273
fji,2020,83.76136544903493
fji,2021,76.70301561658589
fji,2022,68.77948551576841
fji,2023,60.96790667670143
fra,1971,18.72714996337891
fra,1972,19.85436058044434
fra,1973,21.53549003601074
fra,1974,22.31545066833496
fra,1975,23.45323944091797
fra,1976,24.62660980224609
fra,1977,24.69227027893066
fra,1978,25.6773796081543
fra,1979,24.11128997802734
fra,1980,24.94426918029785
fra,1981,25.30698013305664
fra,1982,26.77886962890625
fra,1983,27.27252006530762
fra,1985,28.80545997619629
fra,1986,29.31851959228516
fra,1987,29.69548988342285
fra,1988,30.65822982788086
fra,1989,34.03078079223633
fra,1990,36.31148910522461
fra,1991,38.70912933349609
fra,1992,41.89262008666992
fra,1993,45.18584823608398
fra,1994,49.55482864379883
fra,1995,51.15679168701172
fra,1996,53.28092956542969
fra,1997,53.95951080322266
fra,1998,53.48833847045898
fra,1999,51.65866851806641
fra,2000,50.60308074951172
fra,2001,50.44728851318359
fra,2002,50.25168991088867
fra,2003,52.31697845458984
fra,2004,53.4576301574707
fra,2005,53.88233184814453
fra,2006,53.87541961669922
fra,2007,52.94754028320313
fra,2008,52.47552108764648
fra,2009,52.77310180664063
fra,2010,54.88172149658203
fra,2011,55.62572860717773
fra,2012,57.90901184082031
fra,2013,59.84875869750977
fra,2014,61.51047897338867
fra,2015,62.78593063354492
fra,2016,64.72767639160156
fra,2017,65.80223083496094
fra,2018,67.54351806640625
fra,2019,67.7331314086914
fra,2020,68.87094116210938
fra,2021,69.93978881835938
fra,2022,71.4203109741211
fsm,1978,8.078390121459961
fsm,1979,23.24279975891113
fsm,1980,17.58633995056152
fsm,1981,27.36503982543945
fsm,1982,20.00749015808105
fsm,1999,13.36046981811523
fsm,2000,13.35822010040283
gab,1971,0.3768100142478943
gab,1972,0.6555799841880798
gab,1973,0.7400000095367432
gab,1974,1.333739995956421
gab,1975,1.95166003704071
gab,1976,1.962039947509766
gab,1977,2.350430011749268
gab,1978,2.358910083770752
gab,1979,2.270620107650757
gab,1980,2.874629974365234
gab,1983,4.683559894561768
gab,1984,4.893799781799316
gab,1987,5.634950160980225
gab,1988,5.40330982208252
gab,1989,5.171589851379395
gab,1990,5.094279766082764
gab,1999,6.658229827880859
gab,2001,7.457469940185547
gab,2003,7.65526008605957
gab,2019,19.59982398467631
gab,2021,14.70478963751381
gbr,1971,15.05809020996094
gbr,1972,15.68609046936035
gbr,1973,15.99295043945313
gbr,1974,16.4313793182373
gbr,1975,18.02605056762695
gbr,1976,18.5169792175293
gbr,1977,18.67030906677246
gbr,1978,18.50886917114258
gbr,1979,18.5694694519043
gbr,1980,18.35457992553711
gbr,1981,18.59822082519531
gbr,1982,18.84872055053711
gbr,1983,21.06671905517578
gbr,1984,21.14812088012695
gbr,1985,21.33774948120117
gbr,1986,22.00897026062012
gbr,1987,23.04087066650391
gbr,1988,23.79067993164063
gbr,1989,25.18740081787109
gbr,1990,26.82843971252441
gbr,1991,29.03030967712402
gbr,1992,32.79336166381836
gbr,1993,37.79383087158203
gbr,1994,42.51493835449219
gbr,1995,48.55292892456055
gbr,1996,50.91432189941406
gbr,1997,54.12417984008789
gbr,1998,55.42699813842773
gbr,1999,58.59315872192383
gbr,2000,57.36511993408203
gbr,2001,57.48730087280273
gbr,2002,61.12821960449219
gbr,2003,61.45597076416016
gbr,2004,59.45267105102539
gbr,2005,59.27450180053711
gbr,2006,59.19071960449219
gbr,2007,58.84508895874023
gbr,2008,57.43098831176758
gbr,2009,59.10113143920898
gbr,2010,59.84672927856445
gbr,2011,59.34267044067383
gbr,2012,59.16817855834961
gbr,2013,56.81505966186523
gbr,2014,56.56710052490234
gbr,2015,56.48588943481445
gbr,2016,58.11048889160156
gbr,2017,59.63352966308594
gbr,2018,61.1251106262207
gbr,2019,65.48406982421875
gbr,2020,69.37014770507812
gbr,2021,76.71752166748047
gbr,2022,79.72506713867188
geo,1981,28.70825004577637
geo,1991,37.08819961547852
geo,1995,46.40124130249023
geo,1996,43.82297897338867
geo,1997,47.18144989013672
geo,1999,38.48262023925781
geo,2000,40.65970993041992
geo,2001,41.77146911621094
geo,2002,44.09445953369141
geo,2003,45.27260971069336
geo,2004,44.49884033203125
geo,2005,49.78969955444336
geo,2006,42.33203125
geo,2007,41.55395889282227
geo,2008,38.64073944091797
geo,2009,28.66686058044434
geo,2010,32.73609161376953
geo,2011,35.92055130004883
geo,2012,33.61647033691406
geo,2013,40.58707046508789
geo,2014,46.32904815673828
geo,2015,51.90507125854492
geo,2016,58.19881057739258
geo,2017,63.53504180908203
geo,2018,66.74781036376953
geo,2019,69.64639282226562
geo,2020,71.80644989013672
geo,2021,77.23030853271484
geo,2022,79.3253402709961
geo,2023,78.26522064208984
gha,1971,0.74235999584198
gha,1972,0.7666900157928467
gha,1973,0.8211600184440613
gha,1974,0.9292700290679932
gha,1975,0.9616299867630004
gha,1976,1.042520046234131
gha,1982,1.35178005695343
gha,1991,0.9109299778938292
gha,1992,1.052340030670166
gha,1993,1.253759980201721
gha,1994,1.28396999835968
gha,2005,5.35099983215332
gha,2006,4.772809982299805
gha,2007,5.923810005187988
gha,2008,7.913650035858154
gha,2009,8.297800064086914
gha,2011,11.28244972229004
gha,2012,11.49388980865479
gha,2013,11.69971136712732
gha,2014,15.0809497833252
gha,2015,15.5618896484375
gha,2016,14.05718599701348
gha,2017,16.20656967163086
gha,2018,15.90456008911133
gha,2019,17.3607292175293
gha,2020,18.61399078369141
gha,2021,19.20051956176758
gha,2022,20.44558906555176
gha,2023,22.0958309173584
gib,1970,0.0
gib,1971,0.0
gib,1972,0.0
gib,1973,0.0
gib,1974,0.0
gib,1975,0.0
gib,1976,0.0
gib,1977,0.0
gib,1978,0.0
gib,1979,0.0
gib,1980,0.0
gib,1981,0.0
gib,1982,0.0
gib,1983,0.0
gib,1984,0.0
gib,1985,0.0
gib,1986,0.0
gib,1987,0.0
gib,1988,0.0
gib,1989,0.0
gib,1990,0.0
gib,1991,0.0
gib,1992,0.0
gib,1993,0.0
gib,1994,0.0
gib,1995,0.0
gib,1996,0.0
gib,1997,0.0
gib,1999,0.0
gib,2000,0.0
gib,2001,0.0
gib,2002,0.0
gib,2003,0.0
gib,2004,0.0
gib,2005,0.0
gib,2006,0.0
gib,2007,0.0
gib,2008,0.0
gib,2009,0.0
gib,2010,0.0
gin,1971,0.5264599919319153
gin,1975,2.453289985656738
gin,1976,3.062249898910522
gin,1977,3.467900037765503
gin,1978,4.731490135192871
gin,1979,4.900680065155029
gin,1981,4.146999835968018
gin,1982,2.915780067443848
gin,1983,2.844939947128296
gin,1984,2.583980083465576
gin,1985,2.176409959793091
gin,1986,1.743600010871887
gin,1987,1.297899961471558
gin,1988,1.10450005531311
gin,1989,1.131189942359924
gin,1990,1.041960000991821
gin,1991,0.9053999781608582
gin,1992,0.8477699756622314
gin,1993,1.172829985618591
gin,1994,1.094380021095276
gin,1995,1.214789986610413
gin,1996,1.127230048179626
gin,1997,1.161319971084595
gin,1998,1.22133994102478
gin,2004,2.298480033874512
gin,2005,3.08171010017395
gin,2006,5.374159812927246
gin,2007,8.272049903869629
gin,2008,9.325599670410156
gin,2009,9.348790168762209
gin,2010,10.54397964477539
gin,2011,10.61845970153809
gin,2012,10.00856971740723
gin,2013,10.43640041351318
gin,2014,10.85472011566162
gin,2015,8.665527756706066
gin,2016,8.588049006666994
gin,2017,8.468574997954047
gin,2018,7.538812021699984
gin,2019,6.779839838807557
gin,2020,5.716372410071608
gin,2021,6.656792274299693
gmb,1995,1.442639946937561
gmb,1999,1.00466001033783
gmb,2004,1.073930025100708
gmb,2010,1.797819972038269
gmb,2011,2.796819925308228
gmb,2012,2.514110088348389
gmb,2024,13.47659015655518
gnb,1989,0.5003399848937988
gnb,2005,2.264209985733032
gnb,2006,2.620310068130493
gnq,1982,4.135379791259766
gnq,1991,1.392670035362244
gnq,2000,1.844529986381531
gnq,2018,5.979331854081648
gnq,2019,5.147529490657481
grc,1971,13.3323802947998
grc,1972,13.08376026153564
grc,1973,13.87934017181396
grc,1974,15.00189971923828
grc,1975,16.83695983886719
grc,1976,17.52220916748047
grc,1977,18.05143928527832
grc,1978,16.99897956848145
grc,1979,16.96981048583984
grc,1980,16.36384963989258
grc,1981,16.98829078674316
grc,1982,17.46294975280762
grc,1983,19.15691947937012
grc,1984,20.59552955627441
grc,1985,22.92130088806152
grc,1986,24.15308952331543
grc,1987,25.56847953796387
grc,1988,24.11899948120117
grc,1989,23.80644035339355
grc,1990,24.6503791809082
grc,1991,36.27976989746094
grc,1992,34.94311141967773
grc,1993,38.08715057373047
grc,1994,39.81840896606445
grc,1995,37.3279914855957
grc,1996,41.353759765625
grc,1997,45.22692108154297
grc,1998,46.50188064575195
grc,1999,47.94865036010742
grc,2000,52.67263031005859
grc,2001,59.92491149902344
grc,2002,66.89083862304688
grc,2003,72.91166687011719
grc,2004,80.41484069824219
grc,2005,90.34747314453124
grc,2006,95.07753753662108
grc,2007,90.54042816162108
grc,2010,101.6940536499023
grc,2011,105.8126907348633
grc,2012,110.1229782104492
grc,2013,112.7058334350586
grc,2014,119.1042098999023
grc,2016,131.4032135009766
grc,2017,135.3339233398438
grc,2018,140.9503173828125
grc,2019,143.9627227783203
grc,2020,143.6933441162109
grc,2021,150.6054840087891
grc,2022,166.6656494140625
grd,1979,1.379119992256165
grd,1980,5.445680141448975
grd,1982,7.988959789276123
grd,1983,4.444630146026611
grd,1984,4.611269950866699
grd,2009,56.85507965087891
grd,2015,96.79312896728516
grd,2016,96.7951431274414
grd,2017,98.6993408203125
grd,2018,99.98919677734376
gtm,1970,3.218410015106201
gtm,1971,3.393840074539185
gtm,1972,3.713680028915405
gtm,1973,4.058119773864746
gtm,1974,3.609509944915771
gtm,1975,3.980370044708252
gtm,1976,4.376749992370605
gtm,1977,4.820559978485107
gtm,1978,5.521039962768555
gtm,1981,5.441559791564941
gtm,1983,6.474639892578125
gtm,1984,6.589869976043701
gtm,1985,6.821849822998047
gtm,1986,7.147019863128662
gtm,1993,8.24779987335205
gtm,1994,8.60204029083252
gtm,1995,8.658149719238281
gtm,2002,9.502019882202148
gtm,2007,17.29775047302246
gtm,2009,15.09726047515869
gtm,2010,15.75230979919434
gtm,2011,16.43444061279297
gtm,2012,16.87537002563477
gtm,2013,19.57369995117188
gtm,2014,18.25528907775879
gtm,2015,21.95737075805664
gtm,2016,16.04324428587475
gtm,2017,17.00728447098197
gtm,2018,17.43746422968175
gtm,2019,22.55949974060059
gtm,2020,18.64185955081592
gtm,2023,27.29488945007324
guy,1971,1.521559953689575
guy,1972,1.625890016555786
guy,1973,1.772979974746704
guy,1976,3.470599889755249
guy,1979,3.063889980316162
guy,1980,2.897350072860718
guy,1981,2.855720043182373
guy,1982,3.158430099487305
guy,1983,2.354769945144653
guy,1984,2.430399894714355
guy,1985,2.652820110321045
guy,1986,2.701420068740845
guy,1988,4.354479789733887
guy,1990,5.645989894866943
guy,1994,9.562100410461426
guy,1995,8.956210136413574
guy,1996,10.04170989990234
guy,1997,11.91567993164063
guy,2003,7.176589965820313
guy,2004,10.32849025726318
guy,2005,10.87242031097412
guy,2006,10.99425983428955
guy,2007,11.1278600692749
guy,2008,10.61487007141113
guy,2009,10.0790901184082
guy,2010,10.95170021057129
guy,2011,11.26869010925293
guy,2012,11.70275974273682
hkg,1971,7.252349853515625
hkg,1972,7.15949010848999
hkg,1973,7.299399852752686
hkg,1974,7.837600231170654
hkg,1975,8.367369651794434
hkg,1976,9.218379974365234
hkg,1977,8.678380012512207
hkg,1979,9.382989883422852
hkg,1980,9.649909973144531
hkg,1982,10.5221700668335
hkg,1983,11.75815963745117
hkg,1984,12.39214038848877
hkg,1992,19.55121994018555
hkg,1993,19.95145988464355
hkg,1994,21.35457038879395
hkg,2003,32.21685028076172
hkg,2004,32.29645919799805
hkg,2005,32.98548889160156
hkg,2006,33.72209930419922
hkg,2007,42.61429977416992
hkg,2008,55.80186080932617
hkg,2009,56.58055114746094
hkg,2010,59.03255081176758
hkg,2011,60.22084045410156
hkg,2012,60.95278930664063
hkg,2013,68.08590698242188
hkg,2014,69.68817901611328
hkg,2015,68.70086669921875
hkg,2016,70.3316421508789
hkg,2017,72.9228515625
hkg,2018,78.24632263183594
hkg,2019,83.85420989990234
hkg,2020,89.9478988647461
hkg,2021,97.38133239746094
hkg,2022,97.34902191162108
hkg,2023,100.4610824584961
hnd,1974,3.42278003692627
hnd,1975,3.801909923553467
hnd,1976,4.808380126953125
hnd,1977,6.103819847106934
hnd,1978,6.871140003204346
hnd,1980,7.263130187988281
hnd,1981,8.425919532775879
hnd,1982,8.938369750976562
hnd,1983,9.038649559020996
hnd,1984,9.150059700012209
hnd,1985,9.124959945678713
hnd,1987,8.832659721374512
hnd,1988,9.844479560852053
hnd,1989,9.752429962158203
hnd,1990,9.242480278015137
hnd,1991,9.165450096130373
hnd,1992,9.416390419006348
hnd,1993,9.123760223388672
hnd,1994,9.964799880981444
hnd,1995,9.814419746398926
hnd,1996,10.38733005523682
hnd,1997,11.05475044250488
hnd,1998,12.71514987945557
hnd,1999,12.40826988220215
hnd,2000,12.86946964263916
hnd,2003,15.88897037506104
hnd,2004,15.94163990020752
hnd,2008,17.53042984008789
hnd,2010,19.27576065063477
hnd,2012,18.94429016113281
hnd,2013,19.44767951965332
hnd,2014,19.72418975830078
hnd,2015,20.31525993347168
hnd,2016,21.00254058837891
hnd,2017,24.55855941772461
hnd,2018,26.38381958007813
hnd,2019,25.32313919067383
hnd,2020,22.95200189528548
hnd,2021,22.59716288971696
hnd,2022,22.26246982992234
hnd,2023,22.47261354666186
hrv,1981,17.55890083312988
hrv,1986,16.05600929260254
hrv,1990,20.58889961242676
hrv,1991,21.80039978027344
hrv,1992,21.42922973632813
hrv,1993,24.27008056640625
hrv,1994,26.08325004577637
hrv,1995,26.30928993225098
hrv,1996,28.13728904724121
hrv,1997,28.413330078125
hrv,1998,30.26292037963867
hrv,1999,32.57297897338867
hrv,2001,36.37405014038086
hrv,2002,39.16183090209961
hrv,2003,42.3809814453125
hrv,2004,44.07622146606445
hrv,2005,47.29471969604492
hrv,2006,48.59751129150391
hrv,2007,50.53059005737305
hrv,2008,52.3514518737793
hrv,2009,51.95830154418945
hrv,2010,57.06859970092773
hrv,2011,59.33885955810547
hrv,2012,62.02566146850586
hrv,2013,66.71111297607422
hrv,2014,68.63925170898438
hrv,2015,68.44139862060547
hrv,2016,69.58895111083984
hrv,2017,71.3775863647461
hrv,2018,72.86254119873047
hrv,2019,74.05011749267578
hrv,2020,74.738037109375
hrv,2021,78.00679016113281
hrv,2022,80.7626724243164
hti,1976,0.6262400150299072
hti,1977,0.6039100289344788
hti,1978,0.7731000185012817
hti,1979,0.8008400201797485
hti,1980,0.804639995098114
hti,1981,0.8614000082015991
hti,1983,0.9397900104522704
hti,1984,1.093050003051758
hti,1986,1.051409959793091
hun,1971,9.615260124206545
hun,1972,10.19760990142822
hun,1973,10.4639196395874
hun,1974,10.83594036102295
hun,1975,11.18385028839111
hun,1976,11.54977989196777
hun,1977,12.04685020446777
hun,1978,12.37487983703613
hun,1979,12.99594020843506
hun,1980,13.61028957366943
hun,1981,14.2015495300293
hun,1982,15.12380027770996
hun,1983,15.35721969604492
hun,1984,15.6370096206665
hun,1985,15.97611045837402
hun,1986,15.93723964691162
hun,1987,15.37905025482178
hun,1988,14.97928047180176
hun,1989,14.54994964599609
hun,1990,14.41714954376221
hun,1991,14.33969974517822
hun,1992,14.83662033081055
hun,1993,16.16657066345215
hun,1994,18.99504089355469
hun,1995,21.27265930175781
hun,1996,23.39127922058105
hun,1997,25.21639060974121
hun,1998,29.44765090942383
hun,1999,33.06243133544922
hun,2000,37.82468032836914
hun,2001,42.3478889465332
hun,2002,47.357421875
hun,2003,54.63463973999023
hun,2004,61.50714111328125
hun,2005,64.97740173339844
hun,2006,66.39866638183594
hun,2007,66.26529693603516
hun,2008,63.97383880615234
hun,2009,61.97716903686523
hun,2010,60.74876022338867
hun,2011,59.99848937988281
hun,2012,60.67580032348633
hun,2013,57.20668029785156
hun,2014,52.81649017333984
hun,2015,50.06565093994141
hun,2016,49.47705078125
hun,2017,49.91027069091797
hun,2018,50.8998908996582
hun,2019,52.36103820800781
hun,2020,54.6020393371582
hun,2021,56.52500915527344
hun,2022,58.07025146484375
hun,2023,56.59244155883789
idn,1970,2.799540042877197
idn,1972,2.725630044937134
idn,1973,2.657140016555786
idn,1974,2.556829929351807
idn,1975,2.556839942932129
idn,1976,2.593820095062256
idn,1977,2.298909902572632
idn,1978,2.438420057296753
idn,1979,2.341660022735596
idn,1980,3.368900060653687
idn,1981,3.84965991973877
idn,1982,3.867150068283081
idn,1983,4.074999809265137
idn,1984,5.330140113830566
idn,1985,6.095670223236084
idn,1986,6.333620071411133
idn,1987,7.506440162658691
idn,1988,6.790209770202637
idn,1989,7.847089767456055
idn,1990,8.295060157775879
idn,1991,8.55126953125
idn,1992,9.378439903259276
idn,1993,9.339670181274414
idn,1994,10.49641036987305
idn,1995,11.30173969268799
idn,1996,11.52229022979736
idn,1997,13.36384010314941
idn,1998,13.33479976654053
idn,1999,14.68638038635254
idn,2000,14.81064033508301
idn,2001,14.12298011779785
idn,2002,14.68245983123779
idn,2003,15.77227973937988
idn,2004,16.1766300201416
idn,2005,16.69671058654785
idn,2006,16.76724052429199
idn,2007,17.57659912109375
idn,2008,20.52095031738281
idn,2009,22.69333076477051
idn,2010,23.41590861843251
idn,2011,25.02744396376263
idn,2012,29.04253946306105
idn,2013,29.89453000033788
idn,2014,29.99049146045729
idn,2015,32.45902056337849
idn,2016,34.8307172103975
idn,2017,35.96701181558661
idn,2018,36.14948813452336
idn,2019,37.32308647584662
idn,2020,38.16505979186911
idn,2021,40.62932309169467
idn,2022,42.32603886848079
idn,2023,44.88130322509051
ind,1971,4.996970176696777
ind,1973,5.089960098266602
ind,1976,5.107940196990967
ind,1977,4.924449920654297
ind,1978,5.050350189208984
ind,1979,5.012700080871582
ind,1980,5.013899803161621
ind,1981,5.304999828338623
ind,1982,4.994170188903809
ind,1983,5.613530158996582
ind,1984,5.910210132598877
ind,1985,5.881070137023926
ind,1986,6.042699813842773
ind,1987,6.375170230865479
ind,1988,5.564680099487305
ind,1989,5.784200191497803
ind,1990,5.98130989074707
ind,1991,6.061039924621582
ind,1995,5.540080070495605
ind,1996,6.269499778747559
ind,1997,6.557610034942627
ind,2002,10.78454971313477
ind,2003,11.27581024169922
ind,2004,11.60379981994629
ind,2005,11.31997013092041
ind,2006,12.1438102722168
ind,2007,13.83390998840332
ind,2008,15.81412029266357
ind,2009,16.82058906555176
ind,2010,18.69717979431152
ind,2011,23.82536842200966
ind,2012,24.94021034240723
ind,2013,24.39063844312304
ind,2014,25.99132470678803
ind,2015,27.28456770759782
ind,2016,27.30435738576427
ind,2017,27.90905190493345
ind,2018,28.53168652919463
ind,2019,29.0233593907143
ind,2020,29.81963977084244
ind,2021,31.57417659845009
ind,2022,32.6703053423023
ind,2023,34.23943449912246
ind,2024,34.41846597489517
irl,1971,11.63506031036377
irl,1972,11.63479042053223
irl,1973,11.50020027160645
irl,1974,11.87131023406982
irl,1975,13.99709987640381
irl,1976,16.87091064453125
irl,1977,16.78586959838867
irl,1978,16.38458061218262
irl,1979,16.1318302154541
irl,1980,16.47946929931641
irl,1981,17.88010025024414
irl,1982,19.25885963439941
irl,1983,20.63863945007324
irl,1984,20.7807502746582
irl,1985,21.69174003601074
irl,1986,22.50410079956055
irl,1987,23.57575035095215
irl,1988,25.02724075317383
irl,1989,26.86247062683105
irl,1990,28.07592964172363
irl,1991,28.8754997253418
irl,1992,31.78947067260742
irl,1993,34.05318069458008
irl,1994,37.25740051269531
irl,1995,38.69971084594727
irl,1996,40.45283126831055
irl,1997,41.68801879882813
irl,1998,45.2205696105957
irl,1999,47.30599975585938
irl,2000,49.44981002807617
irl,2001,50.67480087280273
irl,2002,53.5348014831543
irl,2003,55.84616851806641
irl,2004,58.92190933227539
irl,2005,58.86931991577148
irl,2006,58.44118118286133
irl,2007,58.3019905090332
irl,2008,54.01747131347656
irl,2009,56.50397872924805
irl,2010,63.12643814086914
irl,2011,67.79859161376953
irl,2012,68.19725036621094
irl,2013,71.69954681396484
irl,2014,73.813232421875
irl,2015,77.23214721679688
irl,2016,77.55713653564453
irl,2017,77.7806167602539
irl,2018,77.28288269042969
irl,2019,75.17993927001953
irl,2020,74.68031311035156
irl,2021,78.77760314941406
irl,2022,76.60494995117188
irn,1971,2.805740118026733
irn,1972,3.300859928131104
irn,1973,3.76117992401123
irn,1974,3.855000019073486
irn,1975,4.066239833831787
irn,1976,4.375679969787598
irn,1977,4.275199890136719
irn,1978,4.31859016418457
irn,1995,17.33695983886719
irn,1996,18.9632396697998
irn,1999,18.79256057739258
irn,2000,18.78017997741699
irn,2001,19.49188041687012
irn,2002,18.27586936950684
irn,2003,19.40579032897949
irn,2004,21.37067985534668
irn,2005,22.68419075012207
irn,2006,25.30703926086426
irn,2007,29.82138061523438
irn,2008,36.19393920898438
irn,2009,36.48331832885742
irn,2010,42.54822158813477
irn,2011,48.05960845947266
irn,2012,53.90024948120117
irn,2013,56.4632682800293
irn,2014,64.49990844726562
irn,2015,70.68585205078125
irn,2016,67.9112319946289
irn,2017,66.35144805908203
irn,2018,60.86114883422852
irn,2019,58.11695098876953
irn,2020,55.63666915893555
irn,2021,54.28340148925781
irn,2022,58.66777038574219
irq,1971,4.891809940338135
irq,1972,5.344520092010498
irq,1973,5.830830097198486
irq,1974,6.55295991897583
irq,1975,7.714509963989258
irq,1976,8.710989952087402
irq,1977,9.56842041015625
irq,1978,9.721030235290527
irq,1979,9.441490173339844
irq,1980,10.21199989318848
irq,1981,9.654890060424805
irq,1982,9.48904037475586
irq,1983,9.218449592590332
irq,1984,8.763879776000977
irq,1985,9.385339736938477
irq,1986,10.75012969970703
irq,1987,10.41362953186035
irq,1988,10.87001037597656
irq,1989,12.05307960510254
irq,1999,11.62049961090088
irq,2000,12.05020046234131
irq,2002,12.6159200668335
irq,2004,15.51049041748047
irq,2005,15.5580997467041
isl,1971,9.827759742736816
isl,1972,10.96821022033691
isl,1973,12.28660011291504
isl,1974,12.83961963653564
isl,1975,13.85960006713867
isl,1976,14.95092010498047
isl,1977,15.29354000091553
isl,1978,15.71222019195557
isl,1980,19.55606079101563
isl,1981,20.27570915222168
isl,1982,21.35309028625488
isl,1983,23.03519058227539
isl,1984,23.40999031066895
isl,1985,20.88713073730469
isl,1986,21.40267944335938
isl,1987,21.39797019958496
isl,1988,21.32123947143555
isl,1989,22.71282958984375
isl,1990,25.32196998596191
isl,1991,25.37146949768066
isl,1992,30.09622955322266
isl,1993,27.50193977355957
isl,1994,33.68968963623047
isl,1995,35.51676177978516
isl,1996,35.73543167114258
isl,1997,37.47689819335938
isl,1998,39.21379089355469
isl,1999,41.3102912902832
isl,2000,45.91744995117188
isl,2001,46.93735885620117
isl,2002,52.60911178588867
isl,2003,60.02698135375977
isl,2004,66.5821762084961
isl,2005,69.83242797851562
isl,2006,72.96820831298828
isl,2007,73.13701629638672
isl,2008,73.57546997070312
isl,2009,72.4675521850586
isl,2010,78.50308990478516
isl,2011,79.91941833496094
isl,2012,79.58248138427734
isl,2013,78.37239074707031
isl,2014,80.39508819580078
isl,2015,75.64199829101562
isl,2016,74.70063018798828
isl,2017,71.33724975585938
isl,2018,69.3402328491211
isl,2019,70.6093521118164
isl,2020,74.59060668945312
isl,2021,86.52320861816406
isl,2022,84.98523712158203
isr,1971,18.71063041687012
isr,1972,19.90556907653809
isr,1973,22.34676933288574
isr,1975,23.89248085021973
isr,1977,27.27873039245605
isr,1978,26.83009910583496
isr,1979,30.40214920043945
isr,1980,31.12364959716797
isr,1981,30.74995994567871
isr,1982,33.64682006835938
isr,1983,33.78313064575195
isr,1984,34.03461837768555
isr,1986,33.65071868896484
isr,1987,33.7315788269043
isr,1988,32.24040985107422
isr,1989,31.9179801940918
isr,1990,32.17633056640625
isr,1991,33.38637924194336
isr,1993,36.39408874511719
isr,1995,38.25252914428711
isr,1996,40.67338943481445
isr,1998,46.07355880737305
isr,1999,48.19197082519531
isr,2000,48.26866149902344
isr,2001,50.48223114013672
isr,2002,54.91234970092773
isr,2003,54.52058029174805
isr,2004,53.90750122070313
isr,2005,54.89609909057617
isr,2006,54.31494903564453
isr,2007,57.10395050048828
isr,2008,56.49702072143555
isr,2009,59.08211898803711
isr,2010,61.85303115844727
isr,2011,61.94562149047852
isr,2012,63.59127044677734
isr,2013,62.06241989135742
isr,2014,62.10562896728516
isr,2015,60.82278823852539
isr,2016,60.44744110107422
isr,2017,59.06586837768555
isr,2018,57.39342880249023
isr,2019,55.94453811645508
isr,2020,56.42721939086914
isr,2021,58.99428176879883
isr,2022,57.63792037963867
ita,1971,17.1528205871582
ita,1972,20.20162010192871
ita,1973,21.22591018676758
ita,1974,22.42837905883789
ita,1975,24.68866920471191
ita,1976,25.69671058654785
ita,1977,26.48835945129395
ita,1978,26.93449020385742
ita,1979,27.46014976501465
ita,1980,27.14080047607422
ita,1981,26.8073902130127
ita,1983,24.77845001220703
ita,1984,24.84679985046387
ita,1985,25.69778060913086
ita,1986,25.35684967041016
ita,1987,24.59329032897949
ita,1988,26.2215690612793
ita,1989,28.02639007568359
ita,1990,29.77590942382813
ita,1991,32.01755905151367
ita,1992,33.77579116821289
ita,1993,36.13188934326172
ita,1994,40.06734085083008
ita,1995,41.33026123046875
ita,1996,42.23453903198242
ita,1997,46.6303596496582
ita,1998,48.01715850830078
ita,1999,48.3284912109375
ita,2000,50.27291870117188
ita,2001,53.45318984985352
ita,2002,56.31539154052734
ita,2003,60.00558853149414
ita,2004,63.33272933959961
ita,2005,65.3270263671875
ita,2006,67.28350830078125
ita,2007,68.87259674072266
ita,2008,67.57998657226562
ita,2009,66.95162963867188
ita,2010,65.37904357910156
ita,2011,64.24925231933594
ita,2012,62.34474182128906
ita,2013,60.89252853393555
ita,2014,60.88314819335938
ita,2015,60.94129180908203
ita,2016,61.35710144042969
ita,2017,62.69580078125
ita,2018,64.47532653808594
ita,2019,65.68950653076172
ita,2020,68.72310638427734
ita,2021,71.27452087402344
ita,2022,73.89620971679688
ita,2023,75.94965362548828
jam,1971,4.934279918670654
jam,1972,5.283679962158203
jam,1973,5.634389877319336
jam,1974,5.447949886322021
jam,1977,6.886519908905029
jam,1981,6.52338981628418
jam,1987,5.0242600440979
jam,1989,5.178120136260986
jam,1991,6.825779914855957
jam,1992,6.778739929199219
jam,1999,8.557889938354492
jam,2000,13.86940956115723
jam,2001,16.05484962463379
jam,2002,16.84878921508789
jam,2003,18.80191993713379
jam,2004,18.99831962585449
jam,2005,17.27659034729004
jam,2006,17.2686595916748
jam,2008,22.31929016113281
jam,2009,22.23213958740234
jam,2010,25.37709045410156
jam,2011,24.76845932006836
jam,2012,27.06867980957031
jam,2013,25.6212100982666
jam,2015,26.2334098815918
jor,1971,3.324870109558105
jor,1972,3.585760116577148
jor,1973,4.384140014648438
jor,1974,5.180590152740479
jor,1975,5.624450206756592
jor,1976,6.868289947509766
jor,1977,9.09902000427246
jor,1978,9.13053035736084
jor,1979,10.32919025421143
jor,1980,14.5134801864624
jor,1981,16.72409057617188
jor,1982,19.56019973754883
jor,1983,20.20121002197266
jor,1984,21.83040046691895
jor,1985,19.77326965332031
jor,1986,18.71739959716797
jor,1987,20.01798057556152
jor,1988,17.70758056640625
jor,1989,19.70540046691895
jor,1990,19.66189956665039
jor,1991,19.51921081542969
jor,1992,19.44660949707031
jor,1993,19.50527954101563
jor,1994,18.21450042724609
jor,1995,18.07410049438477
jor,1996,20.21092987060547
jor,1997,23.02358055114746
jor,2000,28.79681015014648
jor,2002,32.27840042114258
jor,2003,36.05582046508789
jor,2004,40.46783065795898
jor,2005,39.70748901367188
jor,2006,37.86640167236328
jor,2007,38.73384094238281
jor,2008,41.36846923828125
jor,2009,42.06301879882813
jor,2010,37.75812911987305
jor,2011,37.42163848876953
jor,2012,43.9161491394043
jor,2015,36.6284294128418
jor,2016,34.06126022338867
jor,2017,28.62105941772461
jor,2018,31.55629920959473
jor,2019,30.11083984375
jor,2020,30.2879695892334
jor,2021,30.45130920410156
jor,2022,32.51197814941406
jor,2023,33.05670166015625
jpn,1971,16.86084938049316
jpn,1972,19.16517066955566
jpn,1973,20.82640075683594
jpn,1974,22.93601989746094
jpn,1975,25.06374931335449
jpn,1976,27.35251045227051
jpn,1977,28.46257972717285
jpn,1978,30.3588695526123
jpn,1979,30.61347007751465
jpn,1980,30.68431091308594
jpn,1981,30.33638954162598
jpn,1982,30.45265960693359
jpn,1983,30.26193046569824
jpn,1984,30.09666061401367
jpn,1985,30.88960075378418
jpn,1986,29.23201942443848
jpn,1987,29.09922027587891
jpn,1988,29.46701049804688
jpn,1989,29.45673942565918
jpn,1990,28.30936050415039
jpn,1991,28.38224029541016
jpn,1992,28.84376907348633
jpn,1994,37.98530960083008
jpn,1995,39.64585113525391
jpn,1998,45.4886589050293
jpn,1999,47.14662170410156
jpn,2013,62.83818817138672
jpn,2014,62.72698974609375
jpn,2015,62.47266006469727
jpn,2016,63.18722915649414
jpn,2017,62.46297836303711
jpn,2018,62.20893859863281
jpn,2019,62.11849975585938
jpn,2020,62.13584136962891
jpn,2021,63.17026901245117
jpn,2022,64.62882995605469
kaz,1981,32.94321060180664
kaz,1986,37.1260986328125
kaz,1988,38.47111892700195
kaz,1989,38.13240814208984
kaz,1990,37.29985046386719
kaz,1991,36.37149810791016
kaz,1992,35.25563049316406
kaz,1994,32.86656188964844
kaz,1995,33.14545822143555
kaz,1996,29.14631080627441
kaz,1999,24.02783012390137
kaz,2000,30.79925918579102
kaz,2006,54.5240592956543
kaz,2010,46.72293304765869
kaz,2011,50.42750949213686
kaz,2012,53.98371887207031
kaz,2013,52.88798141479492
kaz,2014,51.08777336556574
kaz,2015,48.3464575023644
kaz,2016,47.89054870605469
kaz,2017,49.97120922835947
kaz,2018,51.96626395870641
kaz,2019,57.34211237813509
kaz,2020,62.29213736723192
kaz,2021,59.38494158698093
kaz,2022,57.24592642229247
kaz,2023,54.65639820455817
kaz,2024,53.45642044141332
ken,1970,0.8238199949264526
ken,1971,0.8867599964141846
ken,1972,0.8466200232505798
ken,1973,0.9766499996185304
ken,1974,1.094740033149719
ken,1976,0.8131399750709534
ken,1977,0.7503499984741211
ken,1978,0.7676699757575989
ken,1979,0.8619099855422974
ken,1980,0.90378999710083
ken,1981,0.8839499950408936
ken,1983,1.102830052375793
ken,1984,1.142040014266968
ken,1985,1.180390000343323
ken,1987,1.338350057601929
ken,1989,1.388059973716736
ken,2000,2.815010070800781
ken,2001,2.882999897003174
ken,2002,2.876719951629639
ken,2004,2.962670087814331
ken,2005,3.000999927520752
ken,2009,3.992300033569336
ken,2015,9.25319004058838
ken,2016,11.63479042053223
ken,2017,11.8049201965332
ken,2019,10.49755954742432
kgz,1986,27.05336952209473
kgz,1988,27.56756019592285
kgz,1989,27.11749076843262
kgz,1990,26.28767013549805
kgz,1991,24.89640998840332
kgz,1992,23.96273040771484
kgz,1993,22.09659957885742
kgz,1994,21.56086921691895
kgz,1995,20.6899299621582
kgz,1996,21.92033004760742
kgz,1997,23.8372802734375
kgz,1998,27.40049934387207
kgz,1999,28.0213508605957
kgz,2000,33.69287109375
kgz,2001,39.26720809936523
kgz,2002,42.22811889648438
kgz,2003,39.49113845825195
kgz,2004,39.11100006103516
kgz,2005,40.61577987670898
kgz,2006,41.64268112182617
kgz,2007,41.45373916625977
kgz,2008,45.58422088623047
kgz,2009,43.43286895751953
kgz,2010,42.21820426454363
kgz,2011,42.43747141398129
kgz,2012,45.23306291157812
kgz,2013,48.57278903901982
kgz,2014,46.36032032780304
kgz,2015,46.54958902379558
kgz,2016,44.58860367873762
kgz,2017,41.57603026967925
kgz,2018,39.56795565047485
kgz,2019,40.82570006385433
kgz,2020,45.33278408303433
kgz,2021,51.62392566377852
kgz,2022,54.21845270975268
kgz,2023,53.58882209977202
kgz,2024,53.17435905037912
khm,1971,1.49796998500824
khm,1972,1.666550040245056
khm,1973,1.55952000617981
khm,1980,0.1156900003552437
khm,1981,0.0988700017333031
khm,1982,0.0956400036811829
khm,1983,0.1180600002408028
khm,1984,0.2002100050449371
khm,1985,0.2813799977302551
khm,1986,0.3071599900722504
khm,1989,0.6493600010871887
khm,1990,0.6859800219535828
khm,1991,0.8202900290489197
khm,1992,1.077309966087341
khm,1993,1.305349946022034
khm,1994,1.517879962921143
khm,1995,1.533990025520325
khm,1996,1.795300006866455
khm,1997,1.227300047874451
khm,2000,1.865579962730408
khm,2001,1.979130029678345
khm,2002,2.336610078811646
khm,2003,3.014600038528442
khm,2004,3.073440074920654
khm,2005,3.770359992980957
khm,2006,6.20005989074707
khm,2007,7.674170017242432
khm,2008,8.929949760437012
khm,2009,10.67473983764648
khm,2010,12.19985961914063
khm,2011,13.79578018188477
khm,2015,13.61548042297363
khm,2017,13.97741031646729
khm,2018,14.91547966003418
khm,2019,16.0900707244873
khm,2020,13.87675762089889
khm,2021,13.50056347630219
khm,2022,14.60695099763414
khm,2023,17.43623614993246
kir,1970,0.0
kir,1971,0.0
kir,1972,0.0
kir,1973,0.0
kir,1974,0.0
kir,1975,0.0
kir,1976,0.0
kir,1977,0.0
kir,1978,0.0
kir,1979,0.0
kir,1980,0.0
kir,1981,0.0
kir,1982,0.0
kir,1983,0.0
kir,1984,0.0
kir,1985,0.0
kir,1986,0.0
kir,1987,0.0
kir,1988,0.0
kir,1989,0.0
kir,1990,0.0
kir,1991,0.0
kir,1992,0.0
kir,1993,0.0
kir,1994,0.0
kir,1995,0.0
kir,1996,0.0
kir,1997,0.0
kir,1999,0.0
kir,2000,0.0
kir,2001,0.0
kir,2002,0.0
kir,2003,0.0
kir,2004,0.0
kir,2005,0.0
kir,2006,0.0
kir,2007,0.0
kir,2008,0.0
kir,2009,0.0
kir,2012,0.0
kna,1979,1.247519969940186
kna,1980,0.7949100136756897
kna,1984,1.368460059165955
kna,1985,1.244199991226196
kna,1986,4.664470195770264
kna,1987,6.141769886016846
kna,1988,4.723639965057373
kna,1992,6.120779991149902
kna,1993,10.48151016235352
kna,2008,19.8842601776123
kna,2014,90.95999908447266
kna,2015,93.92236328125
kor,1971,7.04217004776001
kor,1972,7.286159992218018
kor,1973,7.407410144805908
kor,1974,7.493169784545898
kor,1975,7.799260139465332
kor,1976,8.766500473022461
kor,1977,8.848770141601562
kor,1978,9.348210334777832
kor,1979,10.42119979858398
kor,1980,12.33699035644531
kor,1981,14.75996971130371
kor,1982,18.79892921447754
kor,1983,23.41222953796387
kor,1984,27.49031066894531
kor,1985,31.19713973999023
kor,1986,34.41207122802734
kor,1987,35.58705902099609
kor,1988,35.26020050048828
kor,1989,34.70370864868164
kor,1990,34.93051147460938
kor,1991,35.70119094848633
kor,1992,37.73435974121094
kor,1993,41.70589828491211
kor,1994,43.57761001586914
kor,1995,47.89410018920898
kor,1996,53.67192077636719
kor,1997,70.13977813720703
kor,1998,67.19111633300781
kor,1999,71.01457214355469
kor,2000,74.68985748291016
kor,2001,77.34335327148438
kor,2002,80.71604919433594
kor,2003,84.45639038085938
kor,2004,89.8009033203125
kor,2005,95.37001037597656
kor,2006,99.94931030273438
kor,2007,102.9492721557617
kor,2008,103.1361770629883
kor,2009,102.658447265625
kor,2010,101.6732864379883
kor,2011,100.8196792602539
kor,2012,98.28697967529295
kor,2013,96.33750152587892
kor,2014,94.44216918945312
kor,2015,93.9676513671875
kor,2016,93.65772247314452
kor,2017,93.7230224609375
kor,2018,93.32817840576172
kor,2019,93.99891662597656
kor,2020,96.87677001953124
kor,2021,100.3598785400391
kor,2022,102.8130569458008
kwt,1971,3.457550048828125
kwt,1972,4.327600002288818
kwt,1973,4.907209873199463
kwt,1974,5.678030014038086
kwt,1975,5.758419990539551
kwt,1976,7.332610130310059
kwt,1977,8.206390380859375
kwt,1978,9.445079803466797
kwt,1979,8.26846981048584
kwt,1980,8.41646957397461
kwt,1981,8.934309959411621
kwt,1982,9.937439918518066
kwt,1983,10.97344970703125
kwt,1984,11.42848968505859
kwt,1985,13.05597972869873
kwt,1986,13.84451961517334
kwt,1987,14.55665969848633
kwt,1988,15.29211044311523
kwt,1989,15.43980979919434
kwt,1990,12.65001010894775
kwt,1992,16.09300994873047
kwt,1993,15.53849983215332
kwt,1994,17.94146919250488
kwt,1995,22.52605056762695
kwt,1996,23.08588981628418
kwt,1997,21.09896087646484
kwt,1999,19.7340202331543
kwt,2001,18.32073974609375
kwt,2002,19.2795295715332
kwt,2003,19.58905982971191
kwt,2004,19.97463989257813
kwt,2014,55.89313125610352
kwt,2015,58.94345855712891
kwt,2016,59.22134017944336
kwt,2017,54.91595840454102
kwt,2018,52.106689453125
kwt,2019,50.44005966186523
kwt,2020,53.73188018798828
kwt,2021,51.89672088623047
lao,1971,0.1752700060606003
lao,1972,0.1827600002288818
lao,1973,0.1509799957275391
lao,1974,0.3261500000953674
lao,1975,0.3031100034713745
lao,1980,0.3702400028705597
lao,1981,0.4391100108623505
lao,1982,0.8763800263404846
lao,1983,1.150670051574707
lao,1984,1.360299944877625
lao,1985,1.422670006752014
lao,1986,1.434280037879944
lao,1988,1.332299947738647
lao,1990,1.115919947624207
lao,1993,1.31793999671936
lao,1994,1.307350039482117
lao,1995,1.633659958839417
lao,1996,2.369829893112183
lao,1997,2.521990060806274
lao,1998,2.005830049514771
lao,1999,2.309770107269287
lao,2000,2.646919965744019
lao,2001,3.047139883041382
lao,2002,4.059160232543945
lao,2003,4.79725980758667
lao,2004,5.579430103302002
lao,2005,7.601280212402344
lao,2006,8.786259651184082
lao,2007,11.26266002655029
lao,2008,13.07830047607422
lao,2009,16.21235084533691
lao,2010,16.6638298034668
lao,2011,17.49546964231611
lao,2012,17.33076692685599
lao,2013,18.92244487726212
lao,2014,18.49549526439848
lao,2015,18.15748462730626
lao,2016,17.08807194617715
lao,2017,15.4112577339384
lao,2018,14.49697490983374
lao,2019,13.7404020217342
lao,2020,12.56191177786805
lao,2021,12.43966491910107
lao,2022,13.67781155015198
lao,2023,14.88416957855225
lbn,1971,18.58555030822754
lbn,1972,18.00131034851074
lbn,1975,20.43754959106445
lbn,1979,25.99753952026367
lbn,1980,27.41390037536621
lbn,1981,24.8079891204834
lbn,1982,21.5360107421875
lbn,1983,22.14731025695801
lbn,1985,20.89543914794922
lbn,1986,23.34705924987793
lbn,1987,24.22208023071289
lbn,1992,23.67547988891602
lbn,1996,21.61947059631348
lbn,1999,28.09185981750488
lbn,2000,28.1094799041748
lbn,2001,31.80846977233887
lbn,2002,33.23994064331055
lbn,2003,33.00077056884766
lbn,2004,34.89773178100586
lbn,2005,36.91551971435547
lbn,2006,38.10554122924805
lbn,2007,40.49169158935547
lbn,2008,41.77462005615234
lbn,2009,41.89638900756836
lbn,2010,42.17770004272461
lbn,2011,45.53511810302734
lbn,2012,44.93260955810547
lbn,2013,48.30892181396484
lbn,2014,42.93534088134766
lbn,2015,39.29051971435547
lbn,2016,42.50748062133789
lbn,2017,44.18788146972656
lbn,2018,47.22962951660156
lbn,2019,50.14839172363281
lbn,2020,51.56772994995117
lbn,2021,56.86579132080078
lbn,2022,58.17610931396484
lbn,2023,54.40126037597656
lbr,1970,0.89860999584198
lbr,1971,0.9498199820518494
lbr,1972,1.067540049552917
lbr,1973,1.266800045967102
lbr,1975,1.66963005065918
lbr,1978,1.69556999206543
lbr,1979,2.30364990234375
lbr,1987,2.436409950256348
lbr,1999,7.764949798583984
lbr,2000,18.52714920043945
lbr,2010,9.007530212402344
lbr,2012,10.83852005004883
lby,1971,3.201250076293945
lby,1972,3.656260013580322
lby,1973,4.561319828033447
lby,1974,4.862120151519775
lby,1975,5.490819931030273
lby,1976,5.530930042266846
lby,1977,5.109029769897461
lby,1978,5.23838996887207
lby,1979,4.911890029907227
lby,1980,4.660079956054688
lby,1981,5.620069980621338
lby,1982,6.373250007629395
lby,1983,7.602849960327148
lby,1985,8.863459587097168
lby,1990,11.2165002822876
lby,1992,14.90246963500977
lby,1999,50.36186981201172
lby,2000,46.53939056396484
lby,2001,51.0642204284668
lby,2002,56.24029159545898
lby,2003,58.543701171875
lca,1977,2.288079977035522
lca,1978,2.266180038452148
lca,1979,2.096630096435547
lca,1980,1.915089964866638
lca,1981,2.220089912414551
lca,1982,2.592910051345825
lca,1983,2.777400016784668
lca,1984,2.608190059661865
lca,1985,2.177059888839722
lca,1987,2.262639999389648
lca,1988,2.404799938201904
lca,1993,5.706789970397949
lca,1996,17.30516052246094
lca,2004,13.34228992462158
lca,2005,12.79185009002686
lca,2006,9.52157974243164
lca,2007,8.462309837341309
lca,2008,15.72492027282715
lca,2009,17.46953964233398
lca,2010,12.46840000152588
lca,2011,16.26939964294434
lca,2012,10.27346992492676
lca,2013,14.01920032501221
lca,2014,17.08317947387695
lca,2015,17.03010940551758
lca,2016,19.7992000579834
lca,2017,20.74712944030762
lca,2018,14.65635967254639
lca,2019,15.94670963287354
lca,2020,16.81996917724609
lca,2022,16.18087959289551
lca,2023,15.03964042663574
lie,2003,20.75472068786621
lie,2004,24.60684967041016
lie,2005,24.47747039794922
lie,2006,29.81715965270996
lie,2007,31.59623908996582
lie,2008,36.73094940185547
lie,2009,34.49222183227539
lie,2010,36.018310546875
lie,2011,43.67509841918945
lie,2012,42.49668121337891
lie,2014,37.48870849609375
lie,2015,33.54204177856445
lie,2016,35.02262115478516
lie,2017,35.62192916870117
lie,2018,38.30027008056641
lie,2019,41.16584014892578
lie,2020,42.59860992431641
lie,2021,46.01895904541016
lka,1970,1.059880018234253
lka,1971,1.190719962120056
lka,1973,1.146080017089844
lka,1974,1.153859972953796
lka,1975,1.194769978523254
lka,1977,1.228440046310425
lka,1978,1.246260046958923
lka,1979,2.903939962387085
lka,1981,2.934689998626709
lka,1982,3.757550001144409
lka,1983,4.164120197296143
lka,1984,4.309040069580078
lka,1985,3.894850015640259
lka,1986,3.964159965515137
lka,1994,4.750380039215088
lka,2010,15.84405612487427
lka,2011,14.67271903711114
lka,2012,16.3228052786026
lka,2013,17.76550384475185
lka,2014,17.87019156724994
lka,2015,18.17264603756664
lka,2016,17.15104865625696
lka,2017,17.19413010113637
lka,2018,17.88697560769655
lka,2019,19.45631601258605
lka,2020,20.16148770217303
lka,2021,20.7824290147645
lka,2022,22.36799233518085
lka,2023,26.41199389257816
lso,1970,0.4927400052547455
lso,1971,0.4079799950122833
lso,1972,0.3657000064849854
lso,1973,0.4880299866199493
lso,1974,0.5504000186920166
lso,1975,0.4876300096511841
lso,1976,0.6190199851989746
lso,1977,0.7903900146484375
lso,1978,0.8580600023269653
lso,1979,0.9704700112342834
lso,1980,0.8881400227546692
lso,1981,0.9613500237464904
lso,1982,0.997349977493286
lso,1983,1.00220000743866
lso,1984,0.9412400126457214
lso,1985,1.18792998790741
lso,1986,1.224509954452515
lso,1987,1.371780037879944
lso,1988,1.471609950065613
lso,1989,1.443279981613159
lso,1990,1.209509968757629
lso,1991,1.241989970207214
lso,1992,2.1456298828125
lso,1993,2.273220062255859
lso,1994,2.420860052108765
lso,1995,2.362499952316284
lso,1996,2.408699989318848
lso,1999,1.932760000228882
lso,2000,2.085510015487671
lso,2001,2.273129940032959
lso,2002,2.245009899139404
lso,2003,2.702790021896362
lso,2005,3.448019981384277
lso,2006,3.67536997795105
lso,2012,10.85326729808617
lso,2013,10.45583859969162
lso,2014,10.41689968109131
lso,2015,9.561774449861286
lso,2016,9.782382104757502
lso,2017,9.677979421386407
lso,2018,10.49830338356423
lso,2019,11.03134156332884
lso,2020,10.98270440251572
ltu,1981,23.63316917419434
ltu,1986,32.33811950683594
ltu,1989,33.10324859619141
ltu,1990,33.14665985107422
ltu,1991,31.54030990600586
ltu,1992,27.9422492980957
ltu,1993,25.75453948974609
ltu,1994,25.61520004272461
ltu,1995,26.6692008972168
ltu,1996,29.34296035766602
ltu,1997,33.56325149536133
ltu,1998,39.50878143310547
ltu,1999,44.62627029418945
ltu,2000,50.89682006835938
ltu,2001,57.34761047363281
ltu,2002,63.0700798034668
ltu,2003,69.63041687011719
ltu,2004,74.90138244628906
ltu,2005,79.72981262207031
ltu,2006,82.45317840576172
ltu,2007,82.51583099365234
ltu,2008,85.74508666992188
ltu,2009,89.25216674804688
ltu,2010,86.57257080078125
ltu,2011,84.05558776855469
ltu,2012,79.75163269042969
ltu,2013,73.533203125
ltu,2014,68.89988708496094
ltu,2015,67.7426528930664
ltu,2016,67.74185180664062
ltu,2017,68.38633728027344
ltu,2018,69.71880340576172
ltu,2019,70.18486785888672
ltu,2020,69.14547729492188
ltu,2021,70.66387939453125
ltu,2022,76.91545867919922
lux,1971,1.589040040969849
lux,1972,1.521639943122864
lux,1973,1.921550035476685
lux,1974,1.739989995956421
lux,1975,1.931900024414063
lux,1976,1.745700001716614
lux,1977,1.59171998500824
lux,1978,1.06754994392395
lux,1979,1.40327000617981
lux,1980,1.429110050201416
lux,1981,2.588320016860962
lux,1982,2.416429996490479
lux,1983,3.230570077896118
lux,1984,3.366009950637817
lux,1985,2.874680042266846
lux,1986,2.607800006866455
lux,1987,2.4444899559021
lux,1991,4.79817008972168
lux,1992,5.280149936676025
lux,1993,4.937980175018311
lux,1994,7.142570018768311
lux,1995,7.484169960021973
lux,1996,8.240090370178223
lux,1997,8.836219787597656
lux,1998,9.389060020446776
lux,1999,10.34097003936768
lux,2000,9.96280002593994
lux,2001,9.918160438537598
lux,2002,11.63109970092773
lux,2003,12.06099033355713
lux,2006,9.854310035705566
lux,2008,10.67162990570068
lux,2010,18.20212936401367
lux,2012,19.11779022216797
lux,2015,20.29071044921875
lux,2016,19.92036056518555
lux,2017,19.59902000427246
lux,2018,19.39151954650879
lux,2019,19.39694976806641
lux,2020,19.96138954162598
lux,2021,20.73414993286133
lux,2022,21.03260040283203
lva,1981,23.25284004211426
lva,1982,23.36407089233398
lva,1983,23.35688018798828
lva,1984,23.46129989624023
lva,1985,23.85026931762695
lva,1986,23.7525806427002
lva,1987,23.83562088012695
lva,1988,23.9761905670166
lva,1989,24.20038032531738
lva,1990,24.91493034362793
lva,1991,25.16593933105469
lva,1992,24.95013046264648
lva,1993,24.27943992614746
lva,1994,22.8423900604248
lva,1995,23.63109016418457
lva,1996,28.18240928649902
lva,1997,34.42831039428711
lva,1998,43.27463150024414
lva,1999,50.73215103149414
lva,2000,56.24380111694336
lva,2001,63.49176025390625
lva,2002,67.8093032836914
lva,2003,71.03424072265625
lva,2004,74.60855865478516
lva,2005,75.41919708251953
lva,2006,74.59651184082031
lva,2007,73.04329681396484
lva,2008,72.36354064941406
lva,2009,73.05489349365234
lva,2010,69.05104064941406
lva,2011,67.9534683227539
lva,2012,66.64354705810547
lva,2013,69.07659912109375
lva,2014,70.89794158935547
lva,2015,74.29988098144531
lva,2016,80.60481262207031
lva,2017,88.05742645263672
lva,2018,93.02448272705078
lva,2019,94.86453247070312
lva,2020,94.51083374023438
lva,2021,93.4839324951172
lva,2022,91.3303680419922
lva,2023,85.7360610961914
mac,1988,26.33260917663574
mac,1989,26.78964042663574
mac,1990,29.02441024780273
mac,1991,24.08367919921875
mac,1992,20.56996917724609
mac,1993,20.77963066101074
mac,1994,19.43400955200195
mac,1997,28.36408996582031
mac,1999,26.7878303527832
mac,2000,25.85300064086914
mac,2001,50.43058013916016
mac,2002,66.03755187988281
mac,2003,80.22720336914062
mac,2004,69.07254028320312
mac,2005,57.06071853637695
mac,2006,49.77560043334961
mac,2007,46.43217849731445
mac,2008,48.17041015625
mac,2009,56.21474838256836
mac,2010,63.40425109863281
mac,2011,70.34620666503906
mac,2012,53.93473815917969
mac,2013,61.86191940307617
mac,2014,69.2981185913086
mac,2015,76.16584014892578
mac,2016,79.92500305175781
mac,2017,81.26551055908203
mac,2018,76.79350280761719
mac,2019,80.09111785888672
mac,2020,86.79566955566406
mac,2021,98.96961975097656
mac,2022,116.2321929931641
mac,2023,129.1510467529297
mar,1971,1.285019993782043
mar,1972,1.278040051460266
mar,1973,1.604150056838989
mar,1974,1.775789976119995
mar,1975,2.285989999771118
mar,1976,2.929349899291992
mar,1977,2.813329935073853
mar,1978,4.046070098876953
mar,1979,3.590349912643433
mar,1981,5.995039939880371
mar,1982,6.439350128173828
mar,1983,5.621669769287109
mar,1984,6.337920188903809
mar,1986,8.166740417480469
mar,1987,8.550860404968262
mar,1988,9.297869682312012
mar,1989,9.931119918823242
mar,1990,10.67276000976563
mar,1991,10.54825973510742
mar,1992,10.27834033966064
mar,1993,10.64260959625244
mar,1994,10.77954959869385
mar,1995,11.26445007324219
mar,1997,11.55300998687744
mar,1998,9.103520393371582
mar,1999,9.544830322265623
mar,2000,10.14612007141113
mar,2001,10.50712966918945
mar,2002,10.61684036254883
mar,2003,11.04150009155273
mar,2004,11.1358003616333
mar,2005,11.69873046875
mar,2006,12.16536998748779
mar,2007,11.60391998291016
mar,2008,12.63737010955811
mar,2009,13.0986795425415
mar,2010,13.98964023590088
mar,2011,15.85400009155273
mar,2012,19.0472297668457
mar,2013,22.40689086914063
mar,2014,25.31123924255371
mar,2015,28.55191040039063
mar,2016,32.09526062011719
mar,2017,33.47354125976563
mar,2018,35.31919097900391
mar,2019,37.72119903564453
mar,2020,39.68579864501953
mar,2021,42.5319709777832
mar,2022,45.94002151489258
mar,2023,47.46870040893555
mco,1970,0.0
mco,1971,0.0
mco,1972,0.0
mco,1973,0.0
mco,1974,0.0
mco,1975,0.0
mco,1976,0.0
mco,1977,0.0
mco,1978,0.0
mco,1979,0.0
mco,1980,0.0
mco,1981,0.0
mco,1982,0.0
mco,1983,0.0
mco,1984,0.0
mco,1985,0.0
mco,1986,0.0
mco,1987,0.0
mco,1988,0.0
mco,1989,0.0
mco,1990,0.0
mco,1991,0.0
mco,1992,0.0
mco,1993,0.0
mco,1994,0.0
mco,1995,0.0
mco,1996,0.0
mco,1997,0.0
mco,2016,53.56679916381836
mco,2024,77.4806900024414
mda,2013,41.27716827392578
mda,2014,52.15151977539063
mda,2015,52.10005187988281
mda,2016,52.84357833862305
mda,2017,51.94903182983398
mda,2018,52.84231185913086
mda,2019,54.78120040893555
mda,2020,56.24982070922852
mda,2021,61.30140369810231
mda,2022,68.05723465213718
mdg,1971,0.9692400097846984
mdg,1972,1.048709988594055
mdg,1973,1.188820004463196
mdg,1975,1.296190023422241
mdg,1976,1.130020022392273
mdg,1977,1.483129978179932
mdg,1978,1.740489959716797
mdg,1979,1.94868004322052
mdg,1980,2.67795991897583
mdg,1981,2.589960098266602
mdg,1982,3.358010053634644
mdg,1983,3.568680047988892
mdg,1984,3.653209924697876
mdg,1985,3.93228006362915
mdg,1986,3.875010013580322
mdg,1987,3.435090065002441
mdg,1988,3.422889947891235
mdg,1989,3.354330062866211
mdg,1990,3.233190059661865
mdg,1991,3.005620002746582
mdg,1993,3.325649976730347
mdg,1994,2.706300020217896
mdg,1995,2.187609910964966
mdg,1996,2.037070035934448
mdg,1997,1.831740021705627
mdg,1998,2.0486900806427
mdg,1999,1.993980050086975
mdg,2000,2.023730039596558
mdg,2001,1.894659996032715
mdg,2002,1.928599953651428
mdg,2003,2.099889993667603
mdg,2004,2.440680027008057
mdg,2005,2.546289920806885
mdg,2006,2.746320009231567
mdg,2007,3.134530067443848
mdg,2008,3.235729932785034
mdg,2009,3.448899984359741
mdg,2010,3.610330104827881
mdg,2011,3.992470026016235
mdg,2012,4.049880027770996
mdg,2013,4.18671989440918
mdg,2014,4.685329914093018
mdg,2015,4.659049987792969
mdg,2016,4.658390045166016
mdg,2017,5.075250148773193
mdg,2018,5.118780136108398
mdg,2019,5.285860061645508
mdg,2020,5.40516996383667
mdg,2022,5.875629901885986
mdg,2023,6.146659851074219
mdv,1998,0.0
mdv,1999,0.0
mdv,2000,0.0
mdv,2001,0.0
mdv,2002,0.0
mdv,2003,0.2135699987411499
mdv,2007,10.32705020904541
mdv,2008,11.39262962341309
mdv,2014,13.68437957763672
mdv,2017,33.32949829101563
mdv,2019,48.71597391032275
mdv,2020,27.08058124174372
mdv,2021,23.79464043050497
mdv,2022,48.49686543227876
mex,1971,5.024360179901123
mex,1972,5.534629821777344
mex,1974,7.520679950714111
mex,1975,8.866490364074707
mex,1976,9.66726016998291
mex,1977,9.467399597167969
mex,1978,10.53332042694092
mex,1979,11.5644702911377
mex,1980,12.79961013793945
mex,1981,13.4494800567627
mex,1982,13.9951000213623
mex,1983,14.20726013183594
mex,1984,14.65799045562744
mex,1986,15.32608032226563
mex,1987,15.19633007049561
mex,1988,15.97811985015869
mex,1989,15.6230001449585
mex,1990,15.28689956665039
mex,1991,14.80527973175049
mex,1993,14.11093997955322
mex,1994,14.50813961029053
mex,1995,15.05107021331787
mex,1996,16.19681930541992
mex,1997,17.02108001708984
mex,1998,18.1927604675293
mex,1999,19.25702095031738
mex,2000,20.52597045898438
mex,2001,21.37763977050781
mex,2002,22.31535911560059
mex,2003,23.04779052734375
mex,2004,23.70314979553223
mex,2005,24.13098907470703
mex,2006,24.5689697265625
mex,2007,25.14743041992188
mex,2008,25.77894020080566
mex,2009,26.21059036254883
mex,2010,27.16702079772949
mex,2011,28.03615951538086
mex,2012,29.34964942932129
mex,2013,30.33016014099121
mex,2014,31.20528984069824
mex,2015,31.97186088562012
mex,2016,38.58977127075195
mex,2017,40.33906936645508
mex,2018,41.63827896118164
mex,2019,43.04413986206055
mex,2020,45.16545104980469
mex,2021,45.65061950683594
mex,2022,46.40613174438477
mhl,2002,16.04763031005859
mhl,2012,29.36631011962891
mhl,2019,37.36264038085938
mhl,2022,41.33504104614258
mkd,1971,17.57821083068848
mkd,1976,19.78996086120605
mkd,1981,25.25497055053711
mkd,1982,24.75124931335449
mkd,1983,24.07452011108398
mkd,1984,23.35469055175781
mkd,1985,22.55331039428711
mkd,1986,21.79589080810547
mkd,1987,20.40340042114258
mkd,1988,19.78194046020508
mkd,1989,18.60751914978027
mkd,1990,17.01104927062988
mkd,1991,15.43050003051758
mkd,1992,15.93332004547119
mkd,1993,15.90662956237793
mkd,1994,16.9034595489502
mkd,1995,18.17584991455078
mkd,1996,18.34137916564941
mkd,1997,18.96661949157715
mkd,1998,19.63327980041504
mkd,1999,21.36153030395508
mkd,2000,22.40847969055176
mkd,2001,24.36286926269531
mkd,2002,26.80728912353516
mkd,2003,27.82205963134766
mkd,2004,28.25046920776367
mkd,2005,29.7906494140625
mkd,2006,29.25259971618652
mkd,2007,35.24328994750977
mkd,2008,39.63885116577148
mkd,2009,39.83771896362305
mkd,2010,38.14759063720703
mkd,2012,39.79610824584961
mkd,2013,38.94990158081055
mkd,2014,39.32149124145508
mkd,2015,42.08118057250977
mkd,2017,43.50976943969727
mkd,2018,43.85478973388672
mkd,2019,43.19910049438477
mkd,2020,43.78216934204102
mkd,2021,44.30202102661133
mkd,2022,53.16011810302734
mli,1971,0.1325500011444092
mli,1974,0.3174900114536285
mli,1975,0.4127300083637238
mli,1976,0.4885100126266479
mli,1977,0.5872700214385986
mli,1978,0.6815299987792969
mli,1979,0.7617200016975403
mli,1980,0.8252599835395813
mli,1982,0.6758099794387817
mli,1983,0.8523100018501282
mli,1984,1.025580048561096
mli,1985,1.04269003868103
mli,1986,0.9384899735450744
mli,1987,0.7559599876403809
mli,1989,0.6016700267791748
mli,1990,0.6152099967002869
mli,1991,0.5958899855613708
mli,1992,0.7594900131225586
mli,1993,0.8798099756240845
mli,1995,0.9001700282096863
mli,1996,1.00970995426178
mli,1997,1.388810038566589
mli,1998,1.354419946670532
mli,1999,1.750069975852966
mli,2000,1.776919960975647
mli,2001,1.890239953994751
mli,2002,1.885220050811768
mli,2008,4.79010009765625
mli,2009,5.296259880065918
mli,2010,5.505889892578125
mli,2011,4.968969821929932
mli,2012,6.418620109558105
mli,2013,5.941239833831787
mli,2014,5.535049915313721
mli,2015,5.127510070800781
mli,2016,3.543580521531469
mli,2017,4.041367928467519
mli,2018,4.817673615661676
mli,2019,4.591672898549304
mlt,1970,6.55010986328125
mlt,1971,6.891310214996338
mlt,1972,7.95619010925293
mlt,1973,7.580719947814941
mlt,1974,6.357699871063232
mlt,1975,7.328259944915771
mlt,1976,7.325210094451904
mlt,1977,7.658820152282715
mlt,1978,7.178770065307617
mlt,1979,5.002359867095947
mlt,1980,2.740679979324341
mlt,1981,3.067500114440918
mlt,1982,3.104120016098022
mlt,1983,3.461390018463135
mlt,1984,4.743490219116211
mlt,1985,5.186190128326416
mlt,1986,5.629179954528809
mlt,1987,5.714849948883057
mlt,1988,5.844810009002686
mlt,1989,6.866710186004639
mlt,1990,10.16763973236084
mlt,1991,12.39039993286133
mlt,1992,13.93262004852295
mlt,1993,17.47442054748535
mlt,1994,18.74027061462402
mlt,1995,20.33987045288086
mlt,1996,21.50016975402832
mlt,1997,21.47867965698242
mlt,1998,23.66539001464844
mlt,1999,22.88522911071777
mlt,2000,21.90958976745605
mlt,2001,24.99494934082031
mlt,2002,24.25568962097168
mlt,2003,30.08676910400391
mlt,2004,26.62356948852539
mlt,2005,32.20536041259766
mlt,2006,31.22528076171875
mlt,2007,34.66907119750977
mlt,2008,33.32160949707031
mlt,2009,35.78786849975586
mlt,2010,36.83441925048828
mlt,2011,39.44866180419922
mlt,2012,42.54732894897461
mlt,2013,44.48139190673828
mlt,2014,45.41035079956055
mlt,2015,48.03897094726563
mlt,2016,49.21718978881836
mlt,2017,54.08901977539063
mlt,2018,57.84075927734375
mlt,2019,58.49850845336914
mlt,2020,61.47671127319336
mlt,2021,70.23135375976562
mlt,2022,74.59013366699219
mlt,2023,80.52500915527344
mmr,1971,1.683789968490601
mmr,1972,1.755529999732971
mmr,1973,1.783259987831116
mmr,1974,1.741719961166382
mmr,1975,1.762069940567017
mmr,1976,1.802389979362488
mmr,1977,2.634720087051392
mmr,1979,3.669329881668091
mmr,1981,4.718170166015625
mmr,1982,4.666999816894531
mmr,1984,4.858650207519531
mmr,1985,4.99931001663208
mmr,1986,4.662000179290771
mmr,1987,6.562049865722656
mmr,1988,5.57742977142334
mmr,1989,5.484389781951904
mmr,1990,5.357029914855957
mmr,1992,4.656000137329102
mmr,1993,5.730169773101807
mmr,1994,5.468269824981689
mmr,1995,5.635159969329834
mmr,1998,7.360620021820068
mmr,2001,11.68478965759277
mmr,2007,11.05080986022949
mmr,2011,14.32460021972656
mmr,2012,13.73770046234131
mmr,2018,20.37232971191406
mne,2000,18.11127090454102
mne,2001,18.93153953552246
mne,2002,17.7185001373291
mne,2003,18.68008995056152
mne,2004,22.10969924926758
mne,2005,24.92925071716309
mne,2006,29.19429016113281
mne,2007,36.32749176025391
mne,2008,43.55712890625
mne,2009,51.66014099121094
mne,2010,55.29634857177734
mne,2011,59.01150894165039
mne,2012,60.30924987792969
mne,2013,60.43476867675781
mne,2014,63.21963882446289
mne,2015,63.93727111816406
mne,2016,59.18392181396484
mne,2017,60.91022109985352
mne,2018,58.18315124511719
mne,2019,56.26332092285156
mne,2020,58.0944709777832
mne,2021,57.96139144897461
mne,2022,57.43178939819336
mne,2023,55.17430114746094
mng,1970,24.03459930419922
mng,1971,22.21035957336426
mng,1972,20.73247909545898
mng,1973,19.59165000915527
mng,1974,19.45494079589844
mng,1975,20.4505500793457
mng,1976,21.30178070068359
mng,1977,22.59893989562988
mng,1978,22.70432090759277
mng,1979,23.03313064575195
mng,1980,22.8759708404541
mng,1981,23.13937950134277
mng,1982,23.1253604888916
mng,1983,23.43972969055176
mng,1984,23.7430305480957
mng,1985,23.20705032348633
mng,1986,23.26156044006348
mng,1987,22.60054969787598
mng,1988,22.27502059936523
mng,1989,20.37751960754395
mng,1990,18.55286026000977
mng,1991,16.26092910766602
mng,1992,14.43739032745361
mng,1993,12.40176963806152
mng,1994,12.82279014587402
mng,1995,14.13763999938965
mng,1996,15.70195960998535
mng,1997,17.72032928466797
mng,1998,20.34550094604492
mng,1999,25.94514083862305
mng,2000,29.27602005004883
mng,2001,33.28659057617188
mng,2002,34.79811096191406
mng,2003,36.87884902954102
mng,2004,39.59999084472656
mng,2005,43.4830207824707
mng,2006,46.8148307800293
mng,2007,46.97723007202148
mng,2008,49.17459869384766
mng,2009,53.18067169189453
mng,2010,56.07767868041992
mng,2011,56.74821367812181
mng,2012,61.30670166015625
mng,2013,64.81716918945312
mng,2014,66.67922973632812
mng,2015,70.35872650146484
mng,2016,65.24771118164062
mng,2017,64.40557098388672
mng,2018,65.1030502319336
mng,2019,67.97081756591797
mng,2020,66.25574648515956
mng,2021,67.42610470998073
mng,2022,67.69987183968308
mng,2023,67.9414005712229
mng,2024,66.77586364746094
moz,1971,0.2938700020313263
moz,1973,0.3608199954032898
moz,1977,0.1016499996185303
moz,1978,0.0835099965333939
moz,1979,0.0776500031352043
moz,1980,0.0808100029826164
moz,1981,0.1008000001311302
moz,1982,0.1227800026535988
moz,1985,0.1399700045585632
moz,1987,0.2236000001430511
moz,1992,0.3684299886226654
moz,1993,0.4083499908447266
moz,1994,0.4532899856567383
moz,1995,0.450109988451004
moz,1996,0.4703499972820282
moz,1999,0.6023499965667725
moz,2000,0.6134899854660034
moz,2001,0.6025800108909607
moz,2002,0.6820799708366394
moz,2003,0.928529977798462
moz,2004,1.155509948730469
moz,2005,1.432029962539673
moz,2006,2.127700090408325
moz,2007,3.039469957351685
moz,2008,3.519399881362915
moz,2009,3.821460008621216
moz,2010,4.602930068969727
moz,2011,4.90369987487793
moz,2012,5.199510097503662
moz,2013,5.59345006942749
moz,2014,6.250490188598633
moz,2015,6.731820106506348
moz,2016,7.341969966888428
moz,2017,7.245729923248291
moz,2018,7.46304988861084
moz,2019,7.319125325951684
mrt,1978,0.4228000044822693
mrt,1985,1.773720026016235
mrt,1986,2.729840040206909
mrt,1987,3.118930101394653
mrt,1988,3.020649909973145
mrt,1989,3.133820056915283
mrt,1990,3.077379941940308
mrt,1991,2.740479946136475
mrt,1992,2.912650108337402
mrt,1993,3.517549991607666
mrt,1994,3.485549926757813
mrt,1995,3.424609899520874
mrt,1996,3.706559896469116
mrt,1997,3.994869947433472
mrt,1998,3.903609991073608
mrt,1999,4.196340084075928
mrt,2001,3.479140043258667
mrt,2002,3.0836501121521
mrt,2003,3.292819976806641
mrt,2004,3.341530084609985
mrt,2005,3.079080104827881
mrt,2006,3.486989974975586
mrt,2007,3.95002007484436
mrt,2008,4.071790218353271
mrt,2009,4.124090194702148
mrt,2010,4.667699813842773
mrt,2011,5.066470146179199
mrt,2012,5.493350028991699
mrt,2013,5.79601001739502
mrt,2015,5.884250164031982
mrt,2016,5.562459945678711
mrt,2017,5.156139850616455
mrt,2018,5.132750034332275
mrt,2019,5.888239860534668
mrt,2020,5.971940040588379
msr,1998,0.0
msr,1999,0.0
msr,2000,0.0
msr,2001,0.0
msr,2002,0.0
msr,2003,0.0
msr,2004,0.0
msr,2005,0.0
msr,2006,0.0
msr,2007,0.0
msr,2008,17.64706039428711
msr,2009,19.8581600189209
msr,2010,21.4788703918457
msr,2012,13.60544217687075
msr,2015,10.63829787234043
msr,2016,16.20795107033639
msr,2017,20.84690553745929
msr,2018,22.82608695652174
msr,2019,0.0
mus,1970,2.390520095825195
mus,1971,1.543849945068359
mus,1972,1.407950043678284
mus,1973,1.419870018959045
mus,1974,1.348590016365051
mus,1975,1.09932005405426
mus,1976,1.390779972076416
mus,1977,1.490079998970032
mus,1978,1.335170030593872
mus,1979,1.144619941711426
mus,1980,0.9636300206184388
mus,1981,0.8189200162887573
mus,1982,0.8202199935913086
mus,1983,0.6066300272941589
mus,1984,0.67535001039505
mus,1985,0.987089991569519
mus,1986,0.95388001203537
mus,1987,1.406309962272644
mus,1988,1.936300039291382
mus,1989,2.060770034790039
mus,1990,3.396749973297119
mus,1991,4.017139911651611
mus,1993,5.995560169219971
mus,1994,5.463640213012695
mus,1995,5.957220077514648
mus,1996,6.694270133972168
mus,1997,6.51308012008667
mus,1999,9.554960250854492
mus,2000,10.67603015899658
mus,2001,16.44857025146484
mus,2002,15.12411022186279
mus,2003,15.75772953033447
mus,2004,17.28510093688965
mus,2005,21.05295944213867
mus,2006,23.60545921325684
mus,2007,24.52384948730469
mus,2008,27.02720069885254
mus,2009,31.39937973022461
mus,2010,33.07999038696289
mus,2011,34.22650909423828
mus,2012,40.37495040893555
mus,2013,41.40240097045898
mus,2014,40.03820037841797
mus,2015,37.76073837280273
mus,2016,38.41077041625977
mus,2017,39.66188049316406
mus,2018,40.40781021118164
mus,2019,42.98786926269531
mus,2020,42.537841796875
mus,2021,43.95772171020508
mus,2022,44.20267868041992
mwi,1973,0.4651400148868561
mwi,1974,0.4708899855613708
mwi,1975,0.4742400050163269
mwi,1976,0.4159899950027466
mwi,1977,0.4240399897098541
mwi,1978,0.3928000032901764
mwi,1979,0.4188199937343597
mwi,1980,0.461899995803833
mwi,1981,0.4502600133419037
mwi,1982,0.4426900148391724
mwi,1983,0.4271900057792664
mwi,1984,0.4255500137805939
mwi,1985,0.4287500083446503
mwi,1986,0.4246200025081635
mwi,1987,0.4402599930763245
mwi,1988,0.4127799868583679
mwi,1989,0.4339799880981445
mwi,1990,0.5169500112533569
mwi,1991,0.53711998462677
mwi,1992,0.5404300093650818
mwi,1993,0.5398100018501282
mwi,1994,0.5744600296020508
mwi,1995,0.5893499851226807
mwi,1996,0.5976999998092651
mwi,1999,0.3091399967670441
mwi,2000,0.3315399885177612
mwi,2001,0.3647800087928772
mwi,2002,0.3852899968624115
mwi,2003,0.3915199935436249
mwi,2004,0.4627099931240082
mwi,2005,0.4532999992370605
mwi,2006,0.4794099926948547
mwi,2007,0.4771200120449066
mwi,2010,1.262258898321085
mwi,2011,1.551830371747535
mwi,2012,0.8388202811704153
mwi,2014,0.8277778672211605
mwi,2015,0.8098010022492463
mwi,2018,1.694240348573201
mwi,2020,2.402173807321345
mwi,2021,2.397980418852261
mwi,2022,2.708136845468232
mys,1979,3.99015998840332
mys,1980,4.229499816894531
mys,1982,4.618360042572021
mys,1983,4.581630229949951
mys,1984,5.073560237884521
mys,1985,5.986760139465332
mys,1986,6.948369979858398
mys,1987,7.50098991394043
mys,1988,7.472219944000244
mys,1989,6.66064977645874
mys,1990,7.25777006149292
mys,1991,8.060150146484375
mys,1992,9.163769721984863
mys,1993,9.457159996032717
mys,1994,10.39803981781006
mys,1995,11.26132965087891
mys,1998,22.9279899597168
mys,1999,24.18534088134766
mys,2000,27.55229949951172
mys,2001,26.96088027954102
mys,2002,28.92991065979004
mys,2003,31.26416969299316
mys,2004,29.77989959716797
mys,2005,27.11630058288574
mys,2006,27.67036056518555
mys,2007,29.37578964233398
mys,2008,32.90370178222656
mys,2009,35.06021118164063
mys,2010,36.67742919921875
mys,2011,35.56617905709751
mys,2012,36.82551680735502
mys,2013,38.07009709002646
mys,2014,38.39191420293248
mys,2015,44.28990923924302
mys,2016,45.40346595699724
mys,2017,42.29321169514598
mys,2018,43.31002793007975
mys,2019,40.80829668139444
mys,2020,39.74456673676326
mys,2021,38.18999930083666
mys,2022,36.98530992972906
mys,2023,37.27458124917569
nam,1991,2.849329948425293
nam,1994,6.219110012054443
nam,1995,7.098030090332031
nam,1997,5.321000099182129
nam,1998,6.53711986541748
nam,2001,7.402699947357178
nam,2002,6.050169944763184
nam,2003,6.391029834747314
nam,2005,7.107049942016602
nam,2006,6.752779960632324
nam,2008,9.49368953704834
nam,2014,18.46530914306641
nam,2015,19.65514945983887
nam,2016,21.43670082092285
nam,2017,22.48018074035645
nam,2018,23.70017051696777
nam,2019,25.89665031433105
nam,2020,25.9870491027832
nam,2022,26.10946083068848
ner,1971,0.0
ner,1972,0.0
ner,1973,0.048760000616312
ner,1974,0.0614099986851215
ner,1975,0.0756900012493134
ner,1976,0.1113099977374077
ner,1977,0.1528300046920776
ner,1978,0.1521299928426743
ner,1979,0.1768999993801117
ner,1980,0.1732300072908401
ner,1981,0.2549499869346619
ner,1982,0.3199799954891205
ner,1983,0.3557200133800507
ner,1984,0.4005100131034851
ner,1985,0.4559299945831299
ner,1987,0.5015699863433838
ner,1989,0.5421500205993652
ner,1990,0.6309800148010254
ner,1992,0.5994499921798706
ner,2003,0.8278599977493286
ner,2004,0.7960299849510193
ner,2005,0.9515799880027772
ner,2006,0.9601699709892272
ner,2007,0.9055100083351136
ner,2008,1.037700057029724
ner,2009,1.256350040435791
ner,2010,1.301519989967346
ner,2011,1.348170042037964
ner,2012,1.542840003967285
ner,2013,2.236608323924379
ner,2014,2.665420929896923
ner,2015,3.242579936981201
ner,2016,3.450439929962158
ner,2017,3.667419910430908
ner,2018,4.338019847869873
ner,2019,4.151710033416748
ner,2020,4.593422199168485
nga,1975,0.7416499853134155
nga,1976,0.8197500109672546
nga,1977,1.044610023498535
nga,1978,1.176159977912903
nga,1979,1.630149960517883
nga,1980,1.86968994140625
nga,1981,2.36316990852356
nga,1982,2.708899974822998
nga,1983,2.885410070419312
nga,1984,3.039469957351685
nga,1985,3.419049978256226
nga,1986,3.560570001602173
nga,1987,3.47396993637085
nga,1988,3.829619884490967
nga,1989,4.086329936981201
nga,1999,5.802259922027588
nga,2003,9.282919883728027
nga,2004,9.520079612731934
nga,2005,10.09689998626709
nga,2010,9.211879730224608
nga,2011,9.741530418395996
nga,2017,11.13178998682158
nga,2018,11.34335007184868
nic,1970,4.086080074310303
nic,1971,3.875679969787598
nic,1972,4.952610015869141
nic,1973,4.394859790802002
nic,1974,4.897069931030273
nic,1975,6.640490055084229
nic,1976,7.427639961242676
nic,1977,7.267670154571533
nic,1979,8.784310340881348
nic,1980,11.14542007446289
nic,1982,9.824999809265137
nic,1983,10.37199974060059
nic,1984,9.020910263061523
nic,1985,8.0418701171875
nic,1986,7.231009960174561
nic,1987,7.05286979675293
nic,1990,7.320099830627441
nic,1991,7.248260021209717
nic,1992,7.94035005569458
nic,1995,10.23336982727051
nic,1997,10.46131038665771
nic,2002,17.96549987792969
nic,2010,15.94494404172149
nic,2011,16.48080921107007
nic,2012,17.21173904798028
nic,2013,17.14220868159043
nic,2014,18.02104785837096
nic,2015,18.23543879896697
nic,2016,18.67368277959468
nic,2018,20.14459581852241
nic,2019,18.49833537760645
nic,2020,19.44529341075906
nic,2021,20.6690175225735
nic,2022,20.0000319616971
nic,2023,30.36351013183594
niu,1970,0.0
niu,1971,0.0
niu,1972,0.0
niu,1973,0.0
niu,1974,0.0
niu,1975,0.0
niu,1976,0.0
niu,1977,0.0
niu,1978,0.0
niu,1979,0.0
niu,1980,0.0
niu,1981,0.0
niu,1982,0.0
niu,1983,0.0
niu,1984,0.0
niu,1985,0.0
niu,1986,0.0
niu,1987,0.0
niu,1988,0.0
niu,1989,0.0
niu,1990,0.0
niu,1998,0.0
niu,1999,0.0
niu,2000,0.0
niu,2001,0.0
niu,2002,0.0
niu,2003,0.0
niu,2004,0.0
niu,2005,0.0
niu,2006,0.0
niu,2007,0.0
niu,2008,0.0
niu,2009,0.0
niu,2016,0.0
nld,1971,20.42263031005859
nld,1972,22.13520050048828
nld,1975,23.28717041015625
nld,1976,25.0447998046875
nld,1977,26.26094055175781
nld,1978,27.1799201965332
nld,1979,27.54372978210449
nld,1980,28.80912971496582
nld,1981,29.06250953674316
nld,1982,29.60432052612305
nld,1983,29.7525806427002
nld,1984,29.83130073547363
nld,1985,30.35676002502441
nld,1986,31.69512939453125
nld,1987,31.55250930786133
nld,1988,32.6784782409668
nld,1989,32.94964981079102
nld,1990,34.88066864013672
nld,1991,38.68817138671875
nld,1992,41.13343811035156
nld,1993,44.39949035644531
nld,1994,49.36491012573242
nld,1995,49.28902816772461
nld,1996,50.45959854125977
nld,1997,49.17869186401367
nld,1998,48.94747161865234
nld,1999,49.47106170654297
nld,2000,51.44557189941406
nld,2001,52.97898101806641
nld,2002,54.25122833251953
nld,2003,54.99592971801758
nld,2004,56.77098846435547
nld,2005,58.78950119018555
nld,2006,59.82651138305664
nld,2007,60.39403915405273
nld,2008,61.01705932617188
nld,2009,61.42800903320313
nld,2010,63.70497894287109
nld,2011,75.518798828125
nld,2012,75.81416320800781
nld,2015,80.16014862060547
nld,2016,79.84548950195312
nld,2017,83.20098876953125
nld,2018,83.65247344970703
nld,2020,85.33708190917969
nld,2021,89.38986206054688
nor,1971,16.41740989685059
nor,1972,17.77569961547852
nor,1973,19.26959991455078
nor,1974,21.22160911560059
nor,1975,21.31884002685547
nor,1976,21.7109203338623
nor,1977,23.82438087463379
nor,1978,23.66577911376953
nor,1979,24.441650390625
nor,1980,25.37660026550293
nor,1981,25.67900085449219
nor,1982,26.73624992370605
nor,1983,28.53623962402344
nor,1984,29.1606502532959
nor,1985,29.5923900604248
nor,1986,29.24964904785156
nor,1987,31.64752960205078
nor,1988,31.78780937194824
nor,1989,33.77640914916992
nor,1990,38.42404174804688
nor,1991,42.50880813598633
nor,1992,46.06388854980469
nor,1993,50.49066162109375
nor,1994,54.70050048828125
nor,1995,54.8373908996582
nor,1996,59.34061050415039
nor,1997,63.63071060180664
nor,1998,64.7428207397461
nor,1999,67.80419921875
nor,2000,69.8772201538086
nor,2001,69.96308135986328
nor,2002,72.31732940673828
nor,2003,77.97058868408203
nor,2004,78.612548828125
nor,2005,78.44503021240234
nor,2006,77.93106842041016
nor,2007,77.03736114501953
nor,2008,73.59146881103516
nor,2009,73.06745147705078
nor,2010,72.11708068847656
nor,2011,71.06141662597656
nor,2012,71.70475769042969
nor,2013,75.86357879638672
nor,2014,78.10997772216797
nor,2015,79.20642852783203
nor,2016,81.88272857666016
nor,2017,83.73533630371094
nor,2018,85.38835144042969
nor,2019,85.76338195800781
nor,2020,87.16853332519531
nor,2021,93.92430114746094
nor,2022,97.64198303222656
nor,2023,95.05738067626952
npl,1981,3.358819961547852
npl,1982,3.322200059890747
npl,1983,3.00206995010376
npl,1984,3.370650053024292
npl,1985,3.221630096435547
npl,1986,4.534979820251465
npl,1987,4.703869819641113
npl,1988,5.254700183868408
npl,1989,5.50629997253418
npl,1990,4.943319797515869
npl,1991,5.650209903717041
npl,1992,5.171720027923584
npl,1993,4.959149837493896
npl,1994,4.64684009552002
npl,1995,4.264339923858643
npl,1996,4.729889869689941
npl,2000,4.12185001373291
npl,2001,4.409570217132568
npl,2002,4.987750053405762
npl,2003,4.911349773406982
npl,2004,5.694779872894287
npl,2005,7.154220104217529
npl,2006,7.626719951629639
npl,2007,9.503740310668944
npl,2008,10.4749002456665
npl,2009,10.44674015045166
npl,2010,13.32365036010742
npl,2011,13.28674030303955
npl,2013,15.47196006774902
npl,2014,14.49995994567871
npl,2015,12.28288681470399
npl,2016,11.09327485362151
npl,2017,11.43578247908382
npl,2018,12.61369586356496
npl,2019,13.80728219539118
npl,2020,14.20023918885345
npl,2021,15.24313928448398
npl,2022,14.84358743597292
npl,2023,19.03576120475809
nru,1970,0.0
nru,1971,0.0
nru,1972,0.0
nru,1973,0.0
nru,1974,0.0
nru,1975,0.0
nru,1976,0.0
nru,1977,0.0
nru,1978,0.0
nru,1979,0.0
nru,1980,0.0
nru,1981,0.0
nru,1982,0.0
nru,1983,0.0
nru,1984,0.0
nru,1985,0.0
nru,1986,0.0
nru,1987,0.0
nru,1988,0.0
nru,1989,0.0
nru,1990,0.0
nru,1991,0.0
nru,1992,0.0
nru,1993,0.0
nru,1994,0.0
nru,1995,0.0
nru,1996,0.0
nru,1997,0.0
nru,1998,0.0
nru,1999,0.0
nru,2000,0.0
nru,2001,0.0
nru,2002,0.0
nru,2003,0.0
nru,2004,0.0
nru,2005,0.0
nru,2006,0.0
nru,2007,0.0
nru,2008,0.0
nzl,1970,16.67552947998047
nzl,1971,17.42741012573242
nzl,1972,25.61383056640625
nzl,1973,25.93729972839355
nzl,1974,25.82938957214355
nzl,1975,24.80620956420898
nzl,1976,25.19836044311523
nzl,1977,25.2159595489502
nzl,1978,26.62812042236328
nzl,1979,26.21640014648438
nzl,1980,26.4824104309082
nzl,1981,27.35814094543457
nzl,1982,27.76645088195801
nzl,1983,28.18308067321777
nzl,1984,31.78323936462402
nzl,1985,32.1409912109375
nzl,1986,35.38790130615234
nzl,1987,37.09970092773438
nzl,1988,40.00540161132813
nzl,1989,42.16373062133789
nzl,1990,38.79951858520508
nzl,1991,43.46916961669922
nzl,1992,49.03499984741211
nzl,1993,55.20124816894531
nzl,1994,58.53083038330078
nzl,1995,57.98273849487305
nzl,1996,58.64949035644531
nzl,2013,80.38854217529297
nzl,2014,80.71000671386719
nzl,2015,82.18184661865234
nzl,2016,81.86335754394531
nzl,2017,81.26985931396484
nzl,2018,81.25131225585938
nzl,2019,77.5843734741211
nzl,2020,75.73483276367188
nzl,2021,79.41288757324219
nzl,2022,77.01046752929688
nzl,2023,76.38114166259766
omn,1977,0.0273599997162819
omn,1978,0.0270199999213219
omn,1979,0.0157399997115135
omn,1980,0.0171399991959333
omn,1981,0.0194899998605251
omn,1982,0.0143699999898672
omn,1983,0.0282700005918741
omn,1984,0.0844699963927269
omn,1985,0.326310008764267
omn,1986,0.8141499757766724
omn,1987,1.647340059280396
omn,1988,2.38621997833252
omn,1989,2.967890024185181
omn,1990,3.608799934387207
omn,1991,3.753350019454956
omn,1992,4.221489906311035
omn,1993,4.197450160980225
omn,1994,4.311069965362549
omn,1995,5.001309871673584
omn,1996,4.774630069732666
omn,1997,5.804540157318115
omn,1998,7.217299938201904
omn,2003,14.33135986328125
omn,2004,15.15001010894775
omn,2005,17.11776924133301
omn,2006,19.23295974731445
omn,2007,20.40864944458008
omn,2008,20.44621086120605
omn,2009,21.96789932250977
omn,2010,27.85268974304199
omn,2011,31.55635070800781
omn,2013,35.14962005615234
omn,2014,41.18186187744141
omn,2015,45.18989181518555
omn,2016,46.82350921630859
omn,2017,43.57677841186523
omn,2018,44.95402145385742
omn,2019,45.17232131958008
omn,2020,48.37543869018555
omn,2021,43.84336090087891
pak,1971,2.19047999382019
pak,1972,1.900609970092773
pak,1973,1.870229959487915
pak,1974,1.853360056877136
pak,1975,1.820080041885376
pak,1976,1.937399983406067
pak,1977,1.933040022850037
pak,1978,2.057679891586304
pak,1979,2.039560079574585
pak,1980,1.98511004447937
pak,1986,2.804409980773926
pak,1987,2.776410102844238
pak,1988,3.141469955444336
pak,1990,2.877300024032593
pak,1992,1.96153998374939
pak,2003,2.374350070953369
pak,2004,2.978869915008545
pak,2005,4.328080177307129
pak,2006,4.395649909973145
pak,2007,4.957920074462891
pak,2008,4.87824010848999
pak,2009,5.972730159759521
pak,2011,7.317399978637695
pak,2012,8.333040237426758
pak,2013,8.71835994720459
pak,2014,8.74569034576416
pak,2015,8.435569763183594
pak,2016,8.319740295410156
pak,2017,8.62228012084961
pak,2018,8.206830024719238
pak,2019,11.10363960266113
pak,2020,11.72459983825684
pak,2021,12.38099956512451
pak,2022,10.5057201385498
pak,2023,11.22449970245361
pan,1970,6.383780002593994
pan,1971,10.37689971923828
pan,1972,12.12234020233154
pan,1973,13.93453979492188
pan,1974,15.08660984039307
pan,1975,15.81007957458496
pan,1976,17.75877952575684
pan,1977,19.62491035461426
pan,1978,18.77791976928711
pan,1979,19.60287094116211
pan,1980,20.63179969787598
pan,1981,20.92324066162109
pan,1982,21.44029998779297
pan,1983,20.50856971740723
pan,1984,23.31386947631836
pan,1985,24.0265007019043
pan,1986,26.36026000976563
pan,1987,23.1174201965332
pan,1988,21.06229019165039
pan,1989,20.3271598815918
pan,1990,20.96814918518066
pan,1991,22.73397064208984
pan,1992,24.42857933044434
pan,1993,26.2708797454834
pan,1994,26.04928970336914
pan,1995,28.64249992370605
pan,1996,30.06196022033691
pan,1998,37.60588836669922
pan,1999,39.53242874145508
pan,2000,42.537109375
pan,2001,41.646728515625
pan,2002,40.78411865234375
pan,2003,44.27291107177734
pan,2004,43.04507827758789
pan,2005,41.66498947143555
pan,2006,42.69250106811523
pan,2007,42.92147827148438
pan,2008,43.09926986694336
pan,2009,43.02785110473633
pan,2010,43.96395111083984
pan,2011,41.88587951660156
pan,2012,43.66265106201172
pan,2014,44.62535095214844
pan,2015,47.58193969726563
pan,2016,48.38000106811523
pan,2020,44.93729019165039
pan,2021,52.71477890014648
pan,2022,57.81628036499023
per,1970,9.831279754638672
per,1971,9.796910285949709
per,1972,10.19791984558105
per,1973,11.45388984680176
per,1974,12.53110027313232
per,1975,13.22002029418945
per,1976,13.33390045166016
per,1977,14.9394998550415
per,1979,16.47938919067383
per,1980,17.94710922241211
per,1981,20.64311981201172
per,1982,20.94928932189941
per,1983,21.55196952819824
per,1984,22.15261077880859
per,1985,22.87042045593262
per,1986,26.08956909179688
per,1987,27.09590911865234
per,1988,28.60172080993652
per,1989,29.6706600189209
per,1990,29.88574028015137
per,1991,31.33023071289063
per,1992,30.83649063110352
per,1993,27.47075080871582
per,1994,26.3175106048584
per,1995,26.71305084228516
per,1996,25.35578918457031
per,1997,25.38665008544922
per,1999,38.01248931884766
per,2000,33.41376876831055
per,2001,29.9192008972168
per,2002,30.25580978393555
per,2003,30.319580078125
per,2004,32.16588973999023
per,2005,32.46089172363281
per,2006,33.91841888427734
per,2016,73.22232055664062
per,2017,71.24047088623047
phl,1971,16.33575057983398
phl,1972,16.83621978759766
phl,1973,16.71656036376953
phl,1974,16.79841995239258
phl,1975,15.8722095489502
phl,1976,16.26679992675781
phl,1977,16.4902400970459
phl,1978,18.81973075866699
phl,1979,21.09375953674316
phl,1980,21.34571075439453
phl,1981,22.37200927734375
phl,1982,22.82419013977051
phl,1983,23.55297088623047
phl,1984,25.78508949279785
phl,1985,24.8644905090332
phl,1986,22.36878967285156
phl,1987,21.49127960205078
phl,1988,22.83452033996582
phl,1989,24.43667984008789
phl,1990,23.27426910400391
phl,1991,25.92233085632324
phl,1992,25.01415061950684
phl,1995,27.07126045227051
phl,1996,28.52301025390625
phl,1998,26.64954948425293
phl,1999,27.52179908752441
phl,2001,28.64768028259277
phl,2002,28.3481502532959
phl,2003,27.23011016845703
phl,2004,26.5457592010498
phl,2005,25.82342910766602
phl,2006,26.24681091308594
phl,2008,27.12899017333984
phl,2009,26.6055793762207
phl,2010,27.75492351951775
phl,2011,29.07091514631525
phl,2012,29.62989422768457
phl,2013,31.87041833283663
phl,2014,33.87419232147989
phl,2015,35.8745887819664
phl,2016,38.34474145255133
phl,2017,33.68410186823494
phl,2018,28.11662285923079
phl,2019,30.05486801103647
phl,2020,31.63175985070853
phl,2021,33.61661738481261
phl,2022,38.40113927067683
phl,2023,44.2394203278519
plw,2000,45.78221130371094
plw,2001,36.33610916137695
plw,2002,36.33634185791016
plw,2013,67.31668853759766
plw,2022,51.5274949083503
plw,2023,41.13060428849902
png,1972,2.423890113830566
png,1973,2.484319925308228
png,1980,1.796910047531128
png,1983,1.538840055465698
png,1984,1.863340020179749
png,1985,1.51298999786377
png,1986,1.860749959945679
png,1995,3.218660116195679
png,1996,3.521039962768555
png,1998,2.000979900360107
png,1999,1.949810028076172
pol,1971,12.7273998260498
pol,1972,12.3177604675293
pol,1973,12.95491981506348
pol,1974,14.20576000213623
pol,1975,15.18873023986816
pol,1976,16.66552925109863
pol,1977,17.76670074462891
pol,1978,18.08341026306152
pol,1979,18.46916961669922
pol,1980,18.4726390838623
pol,1981,18.50242042541504
pol,1982,17.85639953613281
pol,1983,16.97574043273926
pol,1984,16.95643043518066
pol,1985,16.89455032348633
pol,1986,17.27396965026855
pol,1987,17.55600929260254
pol,1988,18.22534942626953
pol,1989,20.13540077209473
pol,1990,20.45952033996582
pol,1991,21.63549995422363
pol,1992,21.18487930297852
pol,1993,23.44556045532227
pol,1994,26.9998893737793
pol,1995,30.69547080993652
pol,1996,34.70172119140625
pol,1997,39.33327102661133
pol,1998,38.94791030883789
pol,1999,45.02259063720703
pol,2000,50.40362930297852
pol,2001,56.3456916809082
pol,2002,59.53614044189453
pol,2003,60.6214714050293
pol,2004,61.74369812011719
pol,2005,63.77914047241211
pol,2006,65.09007263183594
pol,2007,66.94246673583984
pol,2008,70.29463195800781
pol,2009,72.67935943603516
pol,2010,76.55712127685547
pol,2011,75.8021011352539
pol,2012,75.03829193115234
pol,2013,73.31726837158203
pol,2014,70.23896789550781
pol,2015,69.37319946289062
pol,2016,69.85037994384766
pol,2017,70.61746215820312
pol,2018,71.02174377441406
pol,2019,70.90650177001953
pol,2020,70.97303771972656
pol,2021,72.20606231689453
pol,2022,75.29110717773438
pol,2023,76.87940979003906
pri,2007,78.60920715332031
pri,2008,84.45709991455078
pri,2009,86.69725799560547
pri,2010,90.73088073730467
pri,2011,91.79773712158205
pri,2012,94.00747680664064
pri,2013,95.37156677246094
pri,2014,97.20166015625
pri,2015,100.7065582275391
pri,2016,100.6434097290039
pri,2018,107.5023803710938
pri,2023,77.92636108398438
prk,2009,30.12537956237793
prk,2011,29.81805992126465
prk,2015,27.93935012817383
prk,2018,26.72061920166016
prt,1971,7.157660007476807
prt,1972,7.444049835205078
prt,1973,7.648890018463135
prt,1974,8.137479782104492
prt,1975,8.75331974029541
prt,1976,10.57081031799316
prt,1977,12.55016994476318
prt,1978,10.94509029388428
prt,1979,11.56725025177002
prt,1980,11.24851989746094
prt,1981,11.39124965667725
prt,1982,11.59811019897461
prt,1983,12.00642013549805
prt,1984,12.2896203994751
prt,1985,13.78005981445313
prt,1986,12.79012012481689
prt,1987,16.14131927490234
prt,1990,19.77890968322754
prt,1991,23.17329978942871
prt,1992,23.54435920715332
prt,1993,30.23834991455078
prt,1994,33.45199966430664
prt,1995,36.19417190551758
prt,1996,38.65678024291992
prt,1998,44.0265998840332
prt,1999,45.7169303894043
prt,2015,61.85820007324219
prt,2016,63.26557159423828
prt,2017,64.1698226928711
prt,2018,65.02790832519531
prt,2019,65.93405151367188
prt,2020,67.79801940917969
prt,2021,71.87429809570312
prt,2022,75.55724334716797
pry,1970,3.951339960098267
pry,1971,4.833980083465576
pry,1972,5.108069896697998
pry,1973,5.430089950561523
pry,1974,6.050020217895508
pry,1975,7.615520000457764
pry,1980,9.385410308837892
pry,1981,9.675189971923828
pry,1982,9.3462495803833
pry,1983,10.61979007720947
pry,1984,9.923489570617676
pry,1985,9.27097988128662
pry,1986,8.948619842529297
pry,1987,8.493240356445312
pry,1988,8.435839653015137
pry,1989,8.341150283813477
pry,1990,8.722410202026367
pry,1993,10.94769954681396
pry,1995,9.946439743041992
pry,1996,10.04903030395508
pry,1999,14.31297969818115
pry,2000,17.29183959960938
pry,2001,19.33654022216797
pry,2002,28.31645965576172
pry,2003,26.9151496887207
pry,2004,27.13203048706055
pry,2005,27.77619934082031
pry,2007,31.08776092529297
pry,2008,36.88518905639648
pry,2009,39.77246856689453
pry,2010,37.6179313659668
pse,1996,15.83265018463135
pse,1997,18.39670944213867
pse,1998,20.16867065429688
pse,1999,22.77113914489746
pse,2000,23.62487030029297
pse,2001,25.77276992797852
pse,2002,27.50373077392578
pse,2003,31.26012992858887
pse,2004,35.17190933227539
pse,2005,38.40074920654297
pse,2006,40.14374923706055
pse,2007,43.54497909545898
pse,2008,44.70156860351563
pse,2009,43.40914916992188
pse,2010,45.0943717956543
pse,2011,47.50944137573242
pse,2012,47.04169845581055
pse,2013,45.23548126220703
pse,2014,44.84511947631836
pse,2015,46.08718109130859
pse,2016,45.39249038696289
pse,2017,45.50440979003906
pse,2018,46.48522186279297
pse,2019,45.63304901123047
pse,2020,45.38954162597656
pse,2021,44.2081184387207
pse,2022,45.79827880859375
pse,2023,44.49045944213867
pyf,1992,1.456779956817627
qat,1971,0.0
qat,1976,3.120120048522949
qat,1977,3.253370046615601
qat,1980,5.914309978485107
qat,1981,6.477119922637939
qat,1982,8.474530220031738
qat,1983,11.55494976043701
qat,1984,12.90161037445068
qat,1985,15.19633007049561
qat,1986,17.34502029418945
qat,1987,16.97797966003418
qat,1988,16.49443054199219
qat,1989,17.25359916687012
qat,1990,17.96845054626465
qat,1991,17.25651931762695
qat,1992,16.9536304473877
qat,1993,18.66909027099609
qat,1994,18.96982955932617
qat,1995,20.53429985046387
qat,1996,22.48164939880371
qat,1997,23.9278392791748
qat,1998,21.57369995117188
qat,1999,19.7645206451416
qat,2001,18.68746948242188
qat,2002,17.2873592376709
qat,2003,15.75123023986816
qat,2004,16.89159965515137
qat,2005,14.72422981262207
qat,2006,12.83553981781006
qat,2007,11.81966972351074
qat,2008,11.34216022491455
qat,2009,10.16549015045166
qat,2010,9.642729759216309
qat,2011,12.60085964202881
qat,2012,12.28668975830078
qat,2013,14.87073040008545
qat,2014,17.30636024475098
qat,2015,15.93398952484131
qat,2016,14.81636047363281
qat,2017,16.77743911743164
qat,2018,17.44582939147949
qat,2019,21.0931396484375
qat,2020,23.76491928100586
qat,2021,31.28140068054199
qat,2022,35.08549118041992
rou,1971,9.374589920043944
rou,1972,8.745940208435059
rou,1973,8.282679557800293
rou,1974,8.294039726257324
rou,1975,8.84237003326416
rou,1976,9.516850471496582
rou,1977,10.40600967407227
rou,1978,11.12246036529541
rou,1979,12.13006019592285
rou,1980,12.90250968933105
rou,1981,13.73978042602539
rou,1982,13.93951988220215
rou,1983,13.41415977478027
rou,1984,12.95936012268066
rou,1985,12.51181030273438
rou,1986,12.05683040618896
rou,1987,10.29002952575684
rou,1988,9.041319847106934
rou,1989,8.414170265197754
rou,1990,8.116459846496582
rou,1991,9.067390441894531
rou,1992,10.72000026702881
rou,1993,12.54506015777588
rou,1994,13.53573989868164
rou,1995,13.88107013702393
rou,1996,18.09697914123535
rou,1997,18.93658065795898
rou,1998,19.13508987426758
rou,1999,21.89028930664063
rou,2000,23.28701019287109
rou,2001,28.05443000793457
rou,2002,33.70169067382813
rou,2003,38.90639877319336
rou,2004,41.79973983764648
rou,2005,45.46372985839844
rou,2006,54.13893127441406
rou,2007,60.28311920166016
rou,2008,73.44706726074219
rou,2009,81.53314971923828
rou,2010,75.2290267944336
rou,2011,66.78658294677734
rou,2012,54.9534912109375
rou,2013,51.38261032104492
rou,2014,51.09503936767578
rou,2015,49.36098861694336
rou,2016,49.91131973266602
rou,2017,50.51081848144531
rou,2018,51.99435043334961
rou,2019,52.4439697265625
rou,2020,53.49111175537109
rou,2021,55.26560974121094
rou,2022,58.23904037475586
rou,2023,55.16828918457031
rus,1970,43.61075973510742
rus,1971,43.49877166748047
rus,1972,43.35697174072266
rus,1973,43.23614120483398
rus,1974,43.34255981445313
rus,1975,43.46678161621094
rus,1976,43.23577880859375
rus,1977,43.70473861694336
rus,1978,43.76211166381836
rus,1979,43.82221984863281
rus,1980,44.43856811523438
rus,1981,45.9019889831543
rus,1982,46.95663070678711
rus,1983,49.39852142333984
rus,1984,51.72908020019531
rus,1985,54.22555160522461
rus,1986,55.59371185302734
rus,1987,56.2717399597168
rus,1988,54.9752197265625
rus,1989,53.54814147949219
rus,1990,52.37425994873047
rus,1991,50.46633148193359
rus,1992,48.44638824462891
rus,1993,46.18376922607422
rus,1994,44.21004104614258
rus,1995,42.86083984375
rus,1996,43.89723968505859
rus,1997,45.28582000732422
rus,1998,47.27941131591797
rus,1999,52.12623977661133
rus,2000,55.21366119384766
rus,2001,60.38669967651367
rus,2002,65.01042175292969
rus,2003,69.03520965576172
rus,2004,69.81871795654297
rus,2005,72.2228012084961
rus,2006,73.43988800048828
rus,2007,76.13054656982422
rus,2008,77.53397369384766
rus,2009,77.86856079101562
rus,2011,80.16297149658203
rus,2012,80.5323486328125
rus,2013,82.80095672607422
rus,2014,84.51814270019531
rus,2015,84.2355728149414
rus,2016,83.86003875732422
rus,2017,81.7051010131836
rus,2018,81.56810760498047
rus,2019,80.95207214355469
rus,2020,57.22328948974609
rus,2021,54.95425033569336
rus,2022,53.91519165039063
rus,2023,93.72776794433594
rwa,1971,0.1495800018310547
rwa,1973,0.1724500060081482
rwa,1974,0.1623499989509583
rwa,1975,0.2175499945878983
rwa,1976,0.2286999970674515
rwa,1977,0.2242400050163269
rwa,1978,0.2219800055027008
rwa,1979,0.2327399998903275
rwa,1980,0.2449299991130829
rwa,1981,0.2433899939060211
rwa,1984,0.3149699866771698
rwa,1985,0.3427599966526031
rwa,1986,0.3584400117397308
rwa,1987,0.362390011548996
rwa,1988,0.4002499878406525
rwa,1989,0.4592500030994415
rwa,1990,0.5768899917602539
rwa,1999,0.7052099704742432
rwa,2000,1.11942994594574
rwa,2001,1.543089985847473
rwa,2002,1.871860027313232
rwa,2003,2.341439962387085
rwa,2004,2.731489896774292
rwa,2005,2.851119995117188
rwa,2006,3.642299890518188
rwa,2007,3.885459899902344
rwa,2008,4.183000087738037
rwa,2009,5.071919918060303
rwa,2010,5.773169994354248
rwa,2011,6.837230205535889
rwa,2012,6.709390163421631
rwa,2013,6.231490135192871
rwa,2014,7.358620166778564
rwa,2015,7.53125
rwa,2016,7.578070163726807
rwa,2017,7.344880104064941
rwa,2018,6.760950088500977
rwa,2019,6.314290046691895
rwa,2020,7.567100048065186
rwa,2021,7.359584359219077
rwa,2022,7.413259983062744
rwa,2023,8.886240005493164
sau,1971,2.791970014572144
sau,1972,2.898999929428101
sau,1973,3.251689910888672
sau,1974,4.000770092010498
sau,1975,4.996580123901367
sau,1976,6.300159931182861
sau,1977,7.355869770050049
sau,1978,9.305950164794922
sau,1979,9.459369659423828
sau,1980,9.967960357666016
sau,1981,11.14628982543945
sau,1982,11.99077987670898
sau,1983,13.17364025115967
sau,1984,13.36196994781494
sau,1985,14.94279003143311
sau,1986,15.77484035491943
sau,1987,15.39358043670654
sau,1989,15.0839900970459
sau,1990,16.32625961303711
sau,1991,17.20998001098633
sau,1992,17.46796989440918
sau,1993,19.59485054016113
sau,1994,19.47999000549316
sau,1995,21.51111030578613
sau,1996,22.00518035888672
sau,1997,22.67201995849609
sau,1998,23.2514591217041
sau,1999,27.5408992767334
sau,2000,28.37594985961914
sau,2001,27.23773002624512
sau,2002,25.10497093200684
sau,2003,26.6230297088623
sau,2004,26.26313018798828
sau,2005,25.1983699798584
sau,2006,24.51376914978027
sau,2007,24.30003929138184
sau,2008,24.46598052978516
sau,2009,25.03531074523926
sau,2010,29.3244800567627
sau,2011,28.94194984436035
sau,2012,36.04441070556641
sau,2013,43.16350173950195
sau,2014,51.2110710144043
sau,2015,56.55057144165039
sau,2016,64.65511322021484
sau,2017,72.4816665649414
sau,2018,74.52581787109375
sau,2019,79.61306762695312
sau,2020,74.78057098388672
sau,2021,74.39248657226562
sau,2022,73.74920654296875
sdn,1999,6.568640232086182
sdn,2000,6.694809913635254
sdn,2001,8.257269859313965
sdn,2002,9.31309986114502
sdn,2003,8.657380104064941
sdn,2004,10.54905986785889
sdn,2005,11.82332038879395
sdn,2006,13.33740997314453
sdn,2007,13.01655006408691
sdn,2008,14.39218997955322
sdn,2009,14.60982036590576
sdn,2010,14.80352973937988
sdn,2011,14.51206970214844
sdn,2012,14.81814002990723
sdn,2013,16.66762924194336
sdn,2014,15.95858955383301
sdn,2015,15.86456966400146
sen,1971,1.238219976425171
sen,1972,1.359089970588684
sen,1977,1.919600009918213
sen,1978,1.994609951972961
sen,1980,2.522799968719482
sen,1981,2.717609882354736
sen,1982,2.461950063705444
sen,1983,2.570219993591309
sen,1984,2.19625997543335
sen,1985,2.250649929046631
sen,1986,2.397439956665039
sen,1992,3.050169944763184
sen,1997,3.11023998260498
sen,1999,3.20563006401062
sen,2004,4.752029895782471
sen,2005,5.261410236358643
sen,2006,5.465750217437744
sen,2007,6.122320175170898
sen,2008,7.755370140075684
sen,2009,7.915080070495605
sen,2010,7.629799842834473
sen,2011,10.12110996246338
sen,2012,10.2635498046875
sen,2013,10.57254028320313
sen,2014,10.87876033782959
sen,2015,10.84094047546387
sen,2016,10.88759994506836
sen,2017,11.34943962097168
sen,2018,12.41784000396729
sen,2019,12.60824966430664
sen,2020,13.31365966796875
sen,2021,14.68235969543457
sen,2022,15.64789962768555
sen,2023,16.07101058959961
sgp,2016,83.94097900390625
sgp,2017,84.79290771484375
sgp,2018,88.8864517211914
sgp,2019,91.0889892578125
sgp,2020,93.13477325439452
sgp,2021,97.09890747070312
sgp,2022,98.02223205566406
slb,1970,0.0
slb,1971,0.0
slb,1972,0.0
slb,1973,0.0
slb,1974,0.0
slb,1975,0.0
slb,1976,0.0
slb,1977,0.0
slb,1978,0.0
slb,1979,0.0
slb,1980,0.0
slb,1981,0.0
slb,1982,0.0
slb,1983,0.0
slb,1984,0.0
slb,1985,0.0
slb,1986,0.0
slb,1987,0.0
slb,1988,0.0
slb,1989,0.0
slb,1990,0.0
slb,1991,0.0
slb,1992,0.0
slb,1993,0.0
slb,1994,0.0
slb,1995,0.0
slb,1996,0.0
slb,1998,0.0
slb,1999,0.0
slb,2000,0.0
slb,2001,0.0
slb,2002,0.0
slb,2003,0.0
slb,2004,0.0
slb,2005,0.0
slb,2006,0.0
slb,2007,0.0
slb,2008,0.0
slb,2009,0.0
sle,1971,0.522409975528717
sle,1972,0.5713499784469604
sle,1973,0.6052299737930298
sle,1974,0.6312000155448914
sle,1975,0.6882100105285645
sle,1976,0.6700299978256226
sle,1977,0.6375200152397156
sle,1978,0.6170700192451477
sle,1981,0.7734799981117249
sle,1984,0.6558600068092346
sle,1985,0.6639900207519531
sle,1986,1.772519946098328
sle,1988,1.610620021820068
sle,1989,1.484109997749329
sle,1990,1.408139944076538
sle,1991,1.24685001373291
sle,2000,1.674530029296875
sle,2001,2.113009929656982
sle,2002,1.98783004283905
slv,1970,2.921329975128174
slv,1971,3.825330018997192
slv,1973,5.760900020599365
slv,1974,7.259270191192627
slv,1975,7.64946985244751
slv,1977,7.799290180206299
slv,1978,7.842110157012939
slv,1982,10.33860015869141
slv,1983,12.23478031158447
slv,1984,13.08545970916748
slv,1985,14.12166023254395
slv,1986,14.42813968658447
slv,1988,14.53304004669189
slv,1989,15.11894035339355
slv,1990,14.69229030609131
slv,1991,16.12099075317383
slv,1993,17.64098930358887
slv,1994,19.53355026245117
slv,1995,20.68008041381836
slv,1996,19.89665031433105
slv,1998,20.47991943359375
slv,1999,20.48241996765137
slv,2000,19.75534057617188
slv,2001,18.96633911132813
slv,2002,19.71878051757813
slv,2003,20.57649993896484
slv,2004,21.64255905151367
slv,2005,22.45426940917969
slv,2006,23.25419998168945
slv,2007,24.74370956420898
slv,2008,25.54417991638184
slv,2009,25.92168045043945
slv,2010,26.31517028808594
slv,2011,27.32485961914063
slv,2012,28.09790992736816
slv,2013,28.27313041687012
slv,2014,27.54409980773926
slv,2015,27.39292907714844
slv,2016,27.17947959899902
slv,2017,27.64150047302246
slv,2018,28.20587921142578
slv,2019,28.52984046936035
slv,2020,30.9986400604248
slv,2021,30.30433082580566
slv,2022,31.45388984680176
slv,2023,32.3802604675293
smr,2000,57.61468124389648
smr,2008,65.98011016845703
smr,2010,66.40679931640625
smr,2011,64.29557800292969
smr,2012,59.8489990234375
smr,2013,60.90225563909775
smr,2014,62.457798784605
smr,2015,62.81879194630873
smr,2018,45.4210205078125
smr,2019,50.23556900024414
smr,2020,55.09609985351563
smr,2021,57.67044830322266
smr,2022,53.79888153076172
smr,2023,51.1357307434082
som,1971,0.2676399946212769
som,1972,0.2538999915122986
som,1975,0.3815799951553345
som,1976,0.4885599911212921
som,1987,2.410330057144165
srb,2001,37.81563186645508
srb,2002,35.66830825805664
srb,2003,39.58126831054688
srb,2004,41.05379104614258
srb,2005,44.41347885131836
srb,2006,47.07580947875977
srb,2007,48.42488861083984
srb,2008,49.42041015625
srb,2009,50.45129013061523
srb,2010,49.52738189697266
srb,2011,52.13710021972656
srb,2012,54.01483917236328
srb,2013,56.69686889648438
srb,2014,58.36849975585938
srb,2015,58.95254135131836
srb,2016,62.91427993774414
srb,2017,67.58305358886719
srb,2018,68.32183074951172
srb,2019,69.0413818359375
srb,2020,68.57550811767578
srb,2021,69.29070281982422
srb,2022,72.03343200683594
srb,2023,73.20600128173828
ssd,2016,0.6771176364927167
ssd,2018,1.047875875466489
stp,1970,0.0
stp,1971,0.0
stp,1972,0.0
stp,1973,0.0
stp,1974,0.0
stp,1975,0.0
stp,1976,0.0
stp,1977,0.0
stp,1978,0.0
stp,1979,0.0
stp,1980,0.0
stp,1981,0.0
stp,1982,0.0
stp,1983,0.0
stp,1984,0.0
stp,1985,0.0
stp,1986,0.0
stp,1987,0.0
stp,1988,0.0
stp,1989,0.0
stp,1990,0.0
stp,1991,0.0
stp,1992,0.0
stp,1993,0.0
stp,1994,0.0
stp,1995,0.0
stp,1996,0.0
stp,1997,0.0
stp,1998,0.0
stp,1999,0.0
stp,2000,0.0
stp,2001,0.0
stp,2002,0.0
stp,2003,0.0
stp,2004,0.0
stp,2005,0.0
stp,2006,0.0
stp,2007,0.0
stp,2008,0.0
stp,2009,3.926820039749146
stp,2010,4.229010105133057
stp,2011,3.738683357550017
stp,2012,7.83568000793457
stp,2014,9.243969917297363
stp,2015,12.82108020782471
stp,2016,17.54988550866863
stp,2017,17.22856527358897
stp,2018,10.00740505659579
stp,2019,10.15846797088732
stp,2021,16.49484536082474
sur,1981,5.969620227813721
sur,1982,6.343949794769287
sur,1983,6.715980052947998
sur,1984,6.511509895324707
sur,1985,6.1905198097229
sur,1986,5.803430080413818
sur,1987,7.216340065002441
sur,1988,7.903989791870117
sur,1989,8.750410079956055
sur,1990,9.561659812927246
sur,2002,11.26045036315918
sur,2021,8.4541597366333
sur,2022,5.735300064086914
svk,1993,15.69604015350342
svk,1994,16.65525054931641
svk,1995,18.17296028137207
svk,1996,19.7438907623291
svk,1997,21.60951995849609
svk,1998,23.99398994445801
svk,1999,25.93807029724121
svk,2000,28.71072959899902
svk,2001,30.81649017333984
svk,2002,32.74224090576172
svk,2003,34.55059051513672
svk,2004,36.65996170043945
svk,2005,40.77106094360352
svk,2006,45.03268814086914
svk,2007,50.55635833740234
svk,2008,54.16371154785156
svk,2009,56.77009963989258
svk,2010,58.04423904418945
svk,2011,57.15248870849609
svk,2012,57.0384407043457
svk,2013,55.25397872924805
svk,2014,53.88430023193359
svk,2015,52.72066879272461
svk,2016,50.30144882202148
svk,2017,49.1256103515625
svk,2018,47.8138313293457
svk,2019,48.19023895263672
svk,2020,48.37900161743164
svk,2021,50.73424911499023
svk,2022,52.49591064453125
svk,2023,53.41761016845703
svn,1981,18.31189918518066
svn,1982,17.64080047607422
svn,1983,17.77610015869141
svn,1984,18.55076026916504
svn,1985,18.53840065002441
svn,1986,19.63804054260254
svn,1987,20.34538078308105
svn,1988,20.43412971496582
svn,1989,20.68444061279297
svn,1990,23.31925010681152
svn,1991,23.28655052185059
svn,1992,26.90855026245117
svn,1993,27.57245063781738
svn,1994,29.46670913696289
svn,1995,29.84728050231934
svn,1996,32.46260833740234
svn,1997,36.05992889404297
svn,1998,45.56008911132813
svn,1999,52.73097991943359
svn,2000,55.37051010131836
svn,2001,60.84550857543945
svn,2002,66.65457153320312
svn,2003,69.60476684570312
svn,2004,73.348876953125
svn,2005,81.27281188964844
svn,2006,85.27388763427734
svn,2007,87.26516723632812
svn,2008,88.59870910644531
svn,2009,87.96533203125
svn,2010,90.2514877319336
svn,2011,87.18871307373047
svn,2012,89.02156066894531
svn,2013,87.85720825195312
svn,2014,84.3780288696289
svn,2015,82.19978332519531
svn,2016,79.47474670410156
svn,2017,79.27034759521484
svn,2018,77.30159759521484
svn,2019,76.47200775146484
svn,2020,75.81668090820312
svn,2021,82.24004364013672
svn,2022,82.39225769042969
svn,2023,80.0806884765625
swe,1971,22.35285949707031
swe,1972,23.21709060668945
swe,1973,22.73259925842285
swe,1974,23.2763500213623
swe,1975,23.1284294128418
swe,1976,29.24411964416504
swe,1977,30.82088088989258
swe,1978,34.37311935424805
swe,1979,35.92198181152344
swe,1980,36.56575012207031
swe,1981,31.327880859375
swe,1982,32.29973983764648
swe,1983,32.90198135375977
swe,1984,32.55826187133789
swe,1985,30.6773796081543
swe,1986,29.30518913269043
swe,1987,28.47629928588867
swe,1988,28.9032096862793
swe,1989,29.99070930480957
swe,1990,31.04059982299805
swe,1991,32.76554870605469
swe,1992,35.82336044311523
swe,1993,38.77135848999023
swe,1994,40.45090866088867
swe,1995,42.55511856079102
swe,1996,46.31612014770508
swe,1997,50.211181640625
swe,1998,52.79796981811523
swe,1999,64.70787048339844
swe,2000,67.64483642578125
swe,2001,70.01152038574219
swe,2002,74.7414321899414
swe,2003,80.49028778076172
swe,2004,83.03498077392578
swe,2005,81.73908996582031
swe,2006,79.3352279663086
swe,2007,75.39437103271484
swe,2008,71.15807342529297
swe,2009,71.01158142089844
swe,2010,73.08183288574219
swe,2011,71.91841125488281
swe,2012,68.74230194091797
swe,2013,65.78208923339844
swe,2014,64.95419311523438
swe,2015,66.4283218383789
swe,2016,68.30603790283203
swe,2017,70.43424987792969
swe,2018,73.40837860107422
swe,2019,75.11485290527344
swe,2020,79.11963653564453
swe,2021,85.94261932373047
swe,2022,83.89761352539062
swe,2023,81.39981842041016
swz,1970,0.4812099933624268
swz,1971,0.5979099869728088
swz,1972,0.6234700083732605
swz,1973,0.6389600038528442
swz,1974,1.244799971580505
swz,1975,2.134929895401001
swz,1976,2.131740093231201
swz,1977,2.654230117797852
swz,1979,2.72586989402771
swz,1980,3.542350053787231
swz,1981,3.103369951248169
swz,1984,4.763790130615234
swz,1985,4.3749098777771
swz,1986,3.92165994644165
swz,1987,3.689169883728027
swz,1988,4.426770210266113
swz,1990,3.925270080566406
swz,1991,3.751630067825317
swz,1992,3.347170114517212
swz,1993,4.433489799499512
swz,1996,5.941470146179199
swz,1999,4.545539855957031
swz,2000,4.265820026397705
swz,2002,4.417319774627686
swz,2004,5.391880035400391
swz,2005,4.782450199127197
swz,2006,4.6042799949646
swz,2011,7.02839994430542
swz,2013,6.435460090637207
sxm,2015,7.93455982208252
sxm,2017,9.856080055236816
sxm,2022,8.25944995880127
sxm,2023,7.652840137481689
syc,1970,0.0
syc,1971,0.0
syc,1972,0.0
syc,1973,0.0
syc,1974,0.0
syc,1975,0.0
syc,1976,0.0
syc,1977,0.0
syc,1978,0.0
syc,1979,0.0
syc,1980,0.0
syc,1981,0.0
syc,1982,0.0
syc,1983,0.0
syc,1984,0.0
syc,1985,0.0
syc,1986,0.0
syc,1987,0.0
syc,1988,0.0
syc,1989,0.0
syc,1990,0.0
syc,1991,0.0
syc,1992,0.0
syc,1993,0.0
syc,1994,0.0
syc,1995,0.0
syc,1996,0.0
syc,1997,0.0
syc,1998,0.0
syc,1999,0.0
syc,2000,0.0
syc,2001,0.0
syc,2002,0.0
syc,2003,0.0
syc,2004,0.0
syc,2005,0.0
syc,2006,0.0
syc,2007,0.0
syc,2008,0.0
syc,2009,0.0
syc,2010,0.0
syc,2011,2.917570114135742
syc,2012,1.55594003200531
syc,2013,3.501539945602417
syc,2014,7.245719909667969
syc,2015,16.43379020690918
syc,2016,25.63588905334473
syc,2017,42.20819854736328
syc,2018,38.85813140869141
syc,2019,41.29703903198242
syc,2020,26.93425941467285
syc,2021,26.87014961242676
syc,2022,13.93041038513184
syc,2023,14.03413963317871
syr,1971,7.44881010055542
syr,1972,9.051670074462892
syr,1973,8.765810012817383
syr,1974,9.251179695129396
syr,1975,10.0957202911377
syr,1976,10.57250022888184
syr,1977,12.51494979858398
syr,1978,13.64564037322998
syr,1979,14.89266014099121
syr,1980,14.26315021514893
syr,1981,16.71655082702637
syr,1982,16.69462966918945
syr,1983,16.39205932617188
syr,1984,16.3762092590332
syr,1985,17.08320999145508
syr,1986,17.19590950012207
syr,1987,16.79070091247559
syr,1988,18.11584091186523
syr,1989,17.166259765625
syr,1990,17.38627052307129
syr,1991,17.31624031066895
syr,1992,16.54080963134766
syr,1993,16.54763031005859
syr,1994,15.12821960449219
syr,1995,14.57297039031982
syr,2002,12.64826965332031
syr,2003,13.23200035095215
syr,2004,15.2420597076416
syr,2005,18.29763984680176
syr,2006,20.84999084472656
syr,2007,21.33540916442871
syr,2008,21.80330085754395
syr,2009,22.90303993225098
syr,2010,24.73450088500977
syr,2011,24.52825927734375
syr,2012,28.83593940734863
syr,2013,31.4127197265625
syr,2014,44.46097946166992
syr,2015,47.83589935302734
syr,2016,43.76065826416016
tca,2008,0.1164800003170967
tca,2010,0.3097899854183197
tca,2014,13.51606805293006
tca,2015,12.38095238095238
tca,2016,11.06194690265487
tca,2017,11.81712514529252
tca,2018,11.30007558578987
tca,2019,11.73831775700935
tca,2022,16.97318077087402
tcd,1971,0.0
tcd,1972,0.0136900003999472
tcd,1973,0.0694900006055832
tcd,1974,0.1687600016593933
tcd,1975,0.1147800013422966
tcd,1976,0.1475799977779388
tcd,1977,0.2020100057125092
tcd,1985,0.3725399971008301
tcd,1989,0.5745599865913391
tcd,1996,0.503790020942688
tcd,1997,0.5433200001716614
tcd,1998,0.6728799939155579
tcd,2000,0.7929700016975403
tcd,2001,0.8161100149154663
tcd,2003,0.9421399831771852
tcd,2004,1.209759950637817
tcd,2005,1.415969967842102
tcd,2008,1.95048999786377
tcd,2009,2.016510009765625
tcd,2010,2.096270084381104
tcd,2011,2.213129997253418
tcd,2014,3.38821005821228
tcd,2015,3.22750997543335
tcd,2020,4.396659851074219
tgo,1971,0.4363200068473816
tgo,1972,0.6738799810409546
tgo,1973,0.6815999746322632
tgo,1974,0.6628100275993347
tgo,1975,0.714460015296936
tgo,1976,1.016950011253357
tgo,1977,1.175770044326782
tgo,1978,1.306270003318787
tgo,1979,1.281769990921021
tgo,1980,1.436210036277771
tgo,1981,1.819980025291443
tgo,1982,1.594720005989075
tgo,1983,1.438689947128296
tgo,1984,1.453520059585571
tgo,1987,1.91431999206543
tgo,1988,2.105690002441406
tgo,1989,2.137840032577515
tgo,1990,2.165689945220947
tgo,1991,2.394350051879883
tgo,1992,2.632550001144409
tgo,1993,2.216120004653931
tgo,1994,2.389790058135986
tgo,1995,2.710319995880127
tgo,1996,2.695240020751953
tgo,1998,3.072870016098022
tgo,2006,4.950709819793701
tgo,2007,5.562839984893799
tgo,2010,8.906780242919922
tgo,2011,9.669679641723633
tgo,2012,10.70790958404541
tgo,2013,10.83979034423828
tgo,2014,10.53849029541016
tgo,2015,10.81464958190918
tgo,2016,12.09132957458496
tgo,2017,12.30687046051025
tgo,2018,12.90316009521484
tgo,2019,13.15515041351318
tgo,2020,14.90299034118652
tha,1971,2.806159973144531
tha,1972,2.953969955444336
tha,1973,2.938990116119385
tha,1974,2.950439929962158
tha,1975,3.504400014877319
tha,1976,3.249490022659302
tha,1977,4.212419986724854
tha,1978,5.035369873046875
tha,1979,8.435359954833984
tha,1980,10.29650020599365
tha,1981,7.617969989776611
tha,1982,18.59923934936523
tha,1983,20.86727905273438
tha,1984,21.38311958312988
tha,1985,19.85005950927734
tha,1986,18.43567085266113
tha,1988,14.97239017486572
tha,1990,15.92811965942383
tha,1993,19.8854808807373
tha,1995,21.10483932495117
tha,1996,22.21349906921387
tha,1997,24.7779598236084
tha,1998,28.78759956359863
tha,1999,34.5813102722168
tha,2000,35.30387115478516
tha,2001,39.01539993286133
tha,2002,40.21755981445313
tha,2003,41.28593063354492
tha,2004,42.3131217956543
tha,2005,44.56446838378906
tha,2006,44.42010116577148
tha,2007,47.75458908081055
tha,2008,46.44670104980469
tha,2009,46.20034027099609
tha,2010,51.23940957349428
tha,2011,52.13596185402148
tha,2012,50.21190274909574
tha,2013,49.33420181274414
tha,2014,49.75573446321907
tha,2016,49.50847083786685
tha,2017,47.72287723786487
tha,2018,46.5399523743358
tha,2019,45.44074035576028
tha,2020,43.11454010009766
tha,2021,44.08308603290072
tha,2022,43.9606133777913
tha,2023,46.17520904541016
tjk,1981,24.2309398651123
tjk,1986,20.72109985351563
tjk,1988,20.37051010131836
tjk,1989,20.27367973327637
tjk,1990,21.24533081054688
tjk,1991,21.27903938293457
tjk,1992,21.03630065917969
tjk,1993,20.7430591583252
tjk,1994,20.41268920898438
tjk,1995,20.39158058166504
tjk,1999,16.64286041259766
tjk,2000,17.19971084594727
tjk,2001,16.72389984130859
tjk,2002,16.9350700378418
tjk,2003,18.30574035644531
tjk,2004,19.58406066894531
tjk,2005,20.15195083618164
tjk,2006,21.302490234375
tjk,2007,22.28644943237305
tjk,2008,22.75123023986816
tjk,2009,22.52392959594727
tjk,2010,22.83089065551758
tjk,2011,22.3199405670166
tjk,2012,22.69235992431641
tjk,2013,22.61643981933594
tjk,2014,24.22600936889648
tjk,2015,26.06690979003906
tjk,2016,28.51791000366211
tjk,2017,30.23747062683105
tjk,2020,34.66764581959107
tjk,2021,37.42207138718376
tjk,2022,37.28343928844457
tjk,2023,34.96896259477289
tjk,2024,35.6398418742497
tkl,1970,0.0
tkl,1971,0.0
tkl,1972,0.0
tkl,1973,0.0
tkl,1974,0.0
tkl,1975,0.0
tkl,1976,0.0
tkl,1977,0.0
tkl,1978,0.0
tkl,1979,0.0
tkl,1980,0.0
tkl,1981,0.0
tkl,1982,0.0
tkl,1983,0.0
tkl,1984,0.0
tkl,1985,0.0
tkl,1986,0.0
tkl,1987,0.0
tkl,1988,0.0
tkl,1989,0.0
tkl,1990,0.0
tkl,1991,0.0
tkl,1992,0.0
tkl,1993,0.0
tkl,1994,0.0
tkl,1995,0.0
tkl,1996,0.0
tkl,1997,0.0
tkl,1998,0.0
tkl,1999,0.0
tkl,2000,0.0
tkl,2001,0.0
tkl,2002,0.0
tkl,2003,0.0
tkl,2004,0.0
tkl,2005,0.0
tkl,2006,0.0
tkl,2007,0.0
tkl,2008,0.0
tkl,2009,0.0
tkm,1981,22.27249908447266
tkm,1986,22.1329402923584
tkm,1988,11.66553020477295
tkm,1989,11.31083011627197
tkm,1990,11.79920959472656
tkm,1991,21.02490997314453
tkm,2014,7.000939846038818
tkm,2019,11.0507698059082
tkm,2020,12.40857028961182
tkm,2021,14.54259967803955
tkm,2022,16.73159980773926
tkm,2023,18.80842018127441
tls,2002,8.403929710388184
tls,2009,16.51560020446777
tls,2010,17.70290946960449
tls,2023,30.96111081696405
ton,1970,0.0
ton,1978,2.073369979858398
ton,1979,1.810570001602173
ton,1981,7.142119884490967
ton,1984,6.823880195617676
ton,1985,6.889480113983154
ton,1999,3.424920082092285
ton,2000,5.373929977416992
ton,2001,4.626699924468994
ton,2002,6.128699779510498
ton,2003,6.823989868164063
ton,2020,21.2782986508118
ton,2023,51.21950912475586
tto,1971,2.253340005874634
tto,1972,2.356970071792603
tto,1973,2.363749980926514
tto,1974,2.410429954528809
tto,1975,2.478100061416626
tto,1976,4.074230194091797
tto,1977,4.174970149993896
tto,1978,4.190030097961426
tto,1979,3.994379997253418
tto,1980,4.30334997177124
tto,1981,4.244239807128906
tto,1982,4.328660011291504
tto,1983,3.982239961624146
tto,1984,3.919600009918213
tto,1985,4.666959762573242
tto,1986,5.650800228118896
tto,1987,5.821199893951416
tto,1988,5.738920211791992
tto,1989,6.584459781646729
tto,1991,6.57351016998291
tto,1992,6.72268009185791
tto,1993,7.216549873352051
tto,1999,5.810359954833984
tto,2000,5.758150100708008
tto,2001,6.253680229187012
tto,2002,8.586959838867188
tto,2003,8.704319953918457
tto,2004,11.83080005645752
tun,1971,2.302629947662354
tun,1972,2.367439985275269
tun,1973,2.221859931945801
tun,1974,2.414609909057617
tun,1975,2.644320011138916
tun,1976,3.732660055160522
tun,1977,4.07420015335083
tun,1978,4.556379795074463
tun,1979,4.766059875488281
tun,1980,4.812369823455811
tun,1981,4.910170078277588
tun,1982,4.878550052642822
tun,1983,4.864130020141602
tun,1984,4.844560146331787
tun,1985,5.077499866485596
tun,1986,5.26846981048584
tun,1987,5.068170070648193
tun,1988,5.370719909667969
tun,1989,6.636300086975098
tun,1990,7.636670112609863
tun,1991,8.362759590148926
tun,1992,9.211529731750488
tun,1993,10.39853954315186
tun,1994,11.02460956573486
tun,1995,11.47889041900635
tun,1996,12.3348503112793
tun,1997,13.08724021911621
tun,1998,14.46642971038818
tun,1999,16.05459976196289
tun,2000,18.24727058410645
tun,2001,20.59634017944336
tun,2002,22.05709075927734
tun,2003,25.97429084777832
tun,2004,28.32205009460449
tun,2005,30.42634963989258
tun,2006,31.58846092224121
tun,2007,32.14168167114258
tun,2008,33.58274841308594
tun,2009,35.30818176269531
tun,2010,36.04253005981445
tun,2011,35.94279861450195
tun,2012,36.06930923461914
tun,2013,34.21300888061523
tun,2014,33.7252311706543
tun,2015,33.37385177612305
tun,2016,31.21281051635742
tun,2017,30.92774963378906
tun,2018,30.95947074890137
tun,2019,31.44108963012695
tun,2020,32.5181999206543
tun,2021,33.27402877807617
tun,2022,37.12768936157227
tun,2023,38.1219482421875
tur,1971,4.939229965209961
tur,1972,4.778289794921875
tur,1973,4.693339824676514
tur,1974,4.904359817504883
tur,1975,6.808800220489502
tur,1976,8.240150451660156
tur,1977,8.813799858093262
tur,1978,8.528559684753418
tur,1979,7.799459934234619
tur,1980,6.262249946594238
tur,1981,5.356579780578613
tur,1982,5.395090103149414
tur,1983,5.78888988494873
tur,1984,6.687550067901611
tur,1985,8.119460105895996
tur,1986,8.93927001953125
tur,1987,9.412489891052246
tur,1988,9.764900207519531
tur,1989,10.63910007476807
tur,1990,12.02000045776367
tur,1991,12.90680980682373
tur,1992,13.75321006774902
tur,1993,15.48983001708984
tur,1994,18.94960975646973
tur,1995,19.24971008300781
tur,1997,22.79952049255371
tur,1998,22.00106048583984
tur,1999,22.47719955444336
tur,2001,25.03845024108887
tur,2002,25.93342971801758
tur,2003,29.72105026245117
tur,2004,30.76625061035156
tur,2005,33.22251892089844
tur,2006,37.31024169921875
tur,2007,39.38740158081055
tur,2008,40.7729606628418
tur,2009,46.94046020507813
tur,2010,56.7506217956543
tur,2011,61.51630020141602
tur,2012,70.10449981689453
tur,2013,79.64695739746094
tur,2014,86.9976806640625
tur,2015,95.56450653076172
tur,2016,103.7155838012695
tur,2017,110.5340728759766
tur,2018,115.4624633789063
tur,2019,117.0054702758789
tur,2020,118.8836822509766
tur,2021,125.763786315918
tur,2022,127.5779724121094
tuv,1970,0.0
tuv,1971,0.0
tuv,1972,0.0
tuv,1973,0.0
tuv,1974,0.0
tuv,1975,0.0
tuv,1976,0.0
tuv,1977,0.0
tuv,1978,0.0
tuv,1979,0.0
tuv,1980,0.0
tuv,1981,0.0
tuv,1982,0.0
tuv,1983,0.0
tuv,1984,0.0
tuv,1985,0.0
tuv,1986,0.0
tuv,1987,0.0
tuv,1988,0.0
tuv,1989,0.0
tuv,1990,0.0
tuv,1991,0.0
tuv,1992,0.0
tuv,1993,0.0
tuv,1994,0.0
tuv,1995,0.0
tuv,1996,0.0
tuv,1997,0.0
tuv,1998,0.0
tuv,1999,0.0
tuv,2000,0.0
tuv,2001,0.0
tuv,2002,0.0
tuv,2003,0.0
tuv,2004,0.0
tuv,2005,0.0
tuv,2006,0.0
tuv,2007,0.0
tuv,2008,0.0
tuv,2009,0.0
tuv,2010,0.0
tuv,2011,0.0
tuv,2012,0.0
tuv,2013,0.0
tuv,2014,0.0
tuv,2015,0.0
tuv,2016,0.0
tuv,2017,0.0
tuv,2018,0.0
tuv,2019,0.0
tuv,2020,0.0
tuv,2021,0.0
tuv,2022,0.0
tuv,2023,0.0
tuv,2024,0.0
tuv,2025,0.0
tza,1970,0.1695400029420853
tza,1971,0.182339996099472
tza,1972,0.2164800018072128
tza,1973,0.2367800027132034
tza,1974,0.2633500099182129
tza,1975,0.2279299944639206
tza,1976,0.22223000228405
tza,1977,0.1756599992513657
tza,1978,0.328029990196228
tza,1979,0.2631500065326691
tza,1982,0.266510009765625
tza,1983,0.2686200141906738
tza,1984,0.2773999869823456
tza,1985,0.2739300131797791
tza,1986,0.2742500007152557
tza,1987,0.3213399946689606
tza,1989,0.2566800117492676
tza,1991,0.3318600058555603
tza,1992,0.3385300040245056
tza,1993,0.3789699971675873
tza,1994,0.3940899968147278
tza,1995,0.4484699964523315
tza,1996,0.5059400200843811
tza,1997,0.6035699844360352
tza,1998,0.5217999815940857
tza,1999,0.6027100086212158
tza,2000,0.6434100270271301
tza,2001,0.6624600291252136
tza,2002,0.6974200010299683
tza,2003,0.8979600071907043
tza,2004,1.215240001678467
tza,2005,1.427719950675964
tza,2007,1.463109970092773
tza,2010,2.139136217534267
tza,2012,3.96461947161333
tza,2013,3.673374176454819
tza,2014,4.838884146401925
tza,2015,3.983610771325009
tza,2016,3.964015540622928
tza,2019,2.855888988266076
tza,2020,7.181882657751866
tza,2021,3.591643197624607
tza,2022,5.321590188744089
tza,2023,5.168877849403013
tza,2024,4.018805160371684
uga,1970,0.4723300039768219
uga,1971,0.470660001039505
uga,1972,0.5378699898719788
uga,1974,0.5419300198554993
uga,1975,0.5151299834251404
uga,1976,0.4719699919223785
uga,1977,0.5633599758148193
uga,1978,0.592270016670227
uga,1979,0.5227599740028381
uga,1980,0.4856399893760681
uga,1981,0.5353800058364868
uga,1982,0.5836399793624878
uga,1985,0.735010027885437
uga,1986,0.7758299708366394
uga,1987,0.8472499847412109
uga,1988,0.9214000105857848
uga,1989,0.9241399765014648
uga,1990,1.055590033531189
uga,1991,1.233319997787476
uga,1992,1.203230023384094
uga,1993,1.307819962501526
uga,1994,1.453160047531128
uga,1995,1.556660056114197
uga,1996,1.78656005859375
uga,1999,1.9514000415802
uga,2000,2.612319946289063
uga,2001,2.851160049438477
uga,2002,3.543750047683716
uga,2003,3.779040098190308
uga,2004,3.659480094909668
uga,2006,3.561470031738281
uga,2008,3.805429935455322
uga,2009,4.191939830780029
uga,2010,3.9166100025177
uga,2011,4.376580238342285
uga,2012,3.74987006187439
uga,2013,4.064503140041682
uga,2014,4.61899995803833
uga,2015,4.964881597292551
uga,2016,4.804799541408314
ukr,1971,41.98276901245117
ukr,1976,38.91485977172852
ukr,1981,41.19200897216797
ukr,1982,42.13129043579102
ukr,1983,43.46852874755859
ukr,1984,43.47798919677734
ukr,1985,45.14482879638672
ukr,1986,46.0389289855957
ukr,1988,48.80780029296875
ukr,1989,45.80546188354492
ukr,1990,46.61474990844727
ukr,1991,45.60675811767578
ukr,1992,45.64646148681641
ukr,1993,43.97204971313477
ukr,1994,41.64654922485352
ukr,1995,43.58486938476563
ukr,1996,43.07638931274414
ukr,1998,46.25608062744141
ukr,1999,48.15697860717773
ukr,2000,50.50711822509766
ukr,2001,52.91011047363281
ukr,2002,56.64567947387695
ukr,2003,60.25532150268555
ukr,2004,63.44075012207031
ukr,2005,66.88986206054688
ukr,2006,71.93981170654297
ukr,2007,76.26275634765625
ukr,2008,79.7325210571289
ukr,2009,82.49925231933594
ukr,2010,81.90824890136719
ukr,2011,84.79811096191406
ukr,2012,83.87989807128906
ukr,2013,81.53201293945312
ukr,2014,83.78421783447266
ukr,2015,76.86466217041016
ukr,2016,77.03984069824219
ukr,2017,80.19902038574219
ukr,2018,81.49466705322266
ukr,2019,84.48136138916016
ukr,2020,82.13459777832031
ukr,2021,75.90794372558594
ury,1974,12.00899028778076
ury,1975,14.70604991912842
ury,1977,17.31859016418457
ury,1979,16.4293098449707
ury,1980,15.51972961425781
ury,1981,17.25128936767578
ury,1982,22.47282028198242
ury,1983,23.95788955688477
ury,1989,29.25181007385254
ury,1990,30.11083984375
ury,1991,30.75419998168945
ury,1992,28.08596992492676
ury,1996,29.96431922912598
ury,1998,35.43840026855469
ury,1999,33.61978912353516
ury,2000,33.84144973754883
ury,2001,37.77915954589844
ury,2002,39.58322906494141
ury,2003,41.76296997070313
ury,2004,42.76560974121094
ury,2005,44.38367080688477
ury,2006,45.33998107910156
ury,2007,50.39213180541992
ury,2008,51.06275939941406
ury,2009,50.94380950927734
ury,2010,51.88843154907227
ury,2011,52.55582046508789
ury,2012,54.7069091796875
ury,2013,59.95125961303711
ury,2014,59.82669830322266
ury,2015,57.78971862792969
ury,2016,59.64628982543945
ury,2017,59.75188827514648
ury,2018,60.27812957763672
ury,2019,61.96443176269531
ury,2020,64.93321990966797
ury,2021,75.17138671875
ury,2022,76.39774322509766
usa,1971,46.75178146362305
usa,1972,47.98797988891602
usa,1973,48.31674957275391
usa,1974,48.3928108215332
usa,1975,50.14085006713867
usa,1976,53.6102409362793
usa,1977,51.78696060180664
usa,1978,52.43584060668945
usa,1979,51.81013107299805
usa,1980,52.87823867797852
usa,1981,55.34801864624023
usa,1982,56.88193130493164
usa,1983,57.54935073852539
usa,1984,58.75490951538086
usa,1985,59.24206924438477
usa,1986,60.9534912109375
usa,1987,64.01673889160156
usa,1988,66.82405853271484
usa,1989,68.58267974853516
usa,1990,71.4957275390625
usa,1991,72.81279754638672
usa,1992,77.06266021728516
usa,1993,78.71441650390625
usa,1994,79.47643280029297
usa,1995,80.342529296875
usa,1996,79.33733367919922
usa,1998,70.89962005615234
usa,1999,71.37548828125
usa,2005,80.63482666015625
usa,2013,88.7264175415039
usa,2014,88.62686920166016
usa,2015,88.88941192626953
usa,2016,88.83505249023438
usa,2017,88.16738891601562
usa,2018,88.29917907714844
usa,2019,87.88871002197266
usa,2020,87.56765747070312
usa,2021,84.85508728027344
usa,2022,79.36193084716797
uzb,1986,15.16388034820557
uzb,1988,15.76346969604492
uzb,1989,15.98439025878906
uzb,1990,16.85454940795898
uzb,1991,17.00469970703125
uzb,1992,16.43744087219238
uzb,1999,12.97968006134033
uzb,2000,13.00811004638672
uzb,2001,13.29786968231201
uzb,2002,13.73799991607666
uzb,2003,13.83506011962891
uzb,2004,13.85278987884521
uzb,2005,9.844449996948242
uzb,2006,9.960530281066896
uzb,2007,9.831430435180664
uzb,2008,9.89933967590332
uzb,2009,9.816109657287598
uzb,2010,8.856532370122528
uzb,2011,8.584979475732078
uzb,2012,7.84954008903504
uzb,2013,7.976769634160952
uzb,2014,7.992318694054694
uzb,2015,8.053208146395745
uzb,2016,8.339583779980925
uzb,2017,8.647503070193817
uzb,2018,9.958555223517108
uzb,2019,13.03166674324465
uzb,2020,15.97209570848918
uzb,2021,22.09390116753088
uzb,2022,31.70193617959904
uzb,2023,45.75917686862928
uzb,2024,56.18802188883107
vct,1979,3.020529985427856
vct,1980,2.426909923553467
vct,1986,6.108389854431152
vct,1987,6.696990013122559
vct,1990,6.062510013580322
vct,1999,0.0
vct,2000,0.0
vct,2001,0.0
vct,2002,0.0
vct,2003,0.0
vct,2004,0.0
vct,2011,20.6017072662919
vct,2012,19.80167338084908
vct,2013,19.76551151691222
vct,2014,23.9405403137207
vct,2015,23.61862945556641
vct,2016,23.66830796777082
vct,2017,25.7215423689679
vct,2018,26.01403592244558
vct,2019,29.68539600930347
vct,2020,33.66922786245119
vct,2021,35.70322580645161
ven,1971,9.166729927062988
ven,1972,10.608229637146
ven,1973,11.82619953155518
ven,1974,12.68838024139404
ven,1975,14.14566040039063
ven,1976,15.42675971984863
ven,1978,17.81868934631348
ven,1979,18.34263038635254
ven,1980,18.96913909912109
ven,1981,18.97220039367676
ven,1982,20.01556015014648
ven,1983,20.67620086669922
ven,1984,21.8267993927002
ven,1985,21.60807991027832
ven,1986,24.58148002624512
ven,1987,23.57509994506836
ven,1988,24.52080917358398
ven,1989,25.82839965820313
ven,1990,26.87697982788086
ven,1991,27.49103927612305
ven,1992,27.04346084594727
ven,2000,27.81148910522461
ven,2002,37.51897048950195
ven,2003,39.20634078979492
ven,2004,41.20582962036133
ven,2008,78.25150299072266
ven,2009,78.2699203491211
vgb,1999,57.79877853393555
vgb,2000,49.80080032348633
vgb,2001,43.8400993347168
vgb,2002,47.82334136962891
vgb,2004,65.43778991699219
vgb,2009,70.48893737792969
vgb,2015,40.34146118164063
vgb,2016,39.17332077026367
vgb,2018,17.75510025024414
vgb,2019,24.25322914123535
vgb,2020,30.47575950622559
vgb,2021,30.36672973632813
vgb,2022,29.04096984863281
vgb,2023,26.6493091583252
vir,1982,30.10157012939453
vir,1983,29.60086059570313
vir,1986,27.96946907043457
vir,1987,28.98633003234863
vir,1991,29.53647041320801
vir,1992,31.27172088623047
vir,1993,33.55134963989258
vnm,1976,1.6805100440979
vnm,1977,1.981969952583313
vnm,1978,2.333009958267212
vnm,1979,2.503360033035278
vnm,1980,2.451989889144897
vnm,1981,2.073329925537109
vnm,1986,2.085239887237549
vnm,1989,2.971090078353882
vnm,1990,3.053960084915161
vnm,1991,2.049890041351318
vnm,1992,1.626449942588806
vnm,1993,2.016020059585571
vnm,1994,2.24714994430542
vnm,1995,2.832000017166138
vnm,1996,4.063630104064941
vnm,1997,6.840879917144775
vnm,1998,9.538100242614746
vnm,1999,10.41742038726807
vnm,2000,9.24740982055664
vnm,2001,9.301030158996582
vnm,2002,9.55722999572754
vnm,2003,9.917929649353027
vnm,2005,15.87602043151855
vnm,2006,16.80525016784668
vnm,2007,18.9504508972168
vnm,2008,20.05520057678223
vnm,2009,21.50071907043457
vnm,2010,23.92509754293292
vnm,2011,25.86747348185251
vnm,2012,25.74871063232422
vnm,2013,25.62494127695921
vnm,2014,31.33063892938874
vnm,2015,29.72507974029993
vnm,2016,29.08119808394089
vnm,2019,30.22411918640137
vnm,2021,41.9554971195048
vnm,2022,44.75368540274217
vut,1999,4.556729793548584
vut,2000,4.54419994354248
vut,2001,4.506309986114502
vut,2002,5.417019844055176
vut,2003,4.864029884338379
vut,2004,4.877920150756836
wsm,1970,0.9601600170135498
wsm,1971,1.045469999313354
wsm,1973,1.734240055084229
wsm,1975,1.770230054855347
wsm,1977,2.539659976959229
wsm,1978,2.536400079727173
wsm,1981,3.542939901351929
wsm,1983,2.99478006362915
wsm,1998,8.555100440979004
wsm,1999,11.03248977661133
wsm,2000,7.187600135803223
wsm,2017,13.25969948418928
wsm,2018,14.16335441975032
wsm,2019,13.57921207041073
wsm,2020,17.330345342757
wsm,2021,19.14096787407104
wsm,2022,18.55084037780762
wsm,2023,14.6106595993042
yem,1992,3.990250110626221
yem,1997,3.972069978713989
yem,1999,9.011429786682127
yem,2002,9.183759689331056
yem,2003,8.781169891357422
yem,2004,8.358610153198242
yem,2005,8.337200164794922
yem,2006,8.007430076599121
yem,2007,9.048640251159668
yem,2008,9.208600044250488
yem,2009,9.697790145874023
yem,2010,9.261540412902832
yem,2011,8.806900024414062
zaf,1970,3.988379955291748
zaf,1973,4.391849994659424
zaf,1988,10.52101039886475
zaf,1989,11.32592964172363
zaf,1990,11.43630027770996
zaf,1991,11.84506988525391
zaf,1992,12.32732009887695
zaf,1993,13.62329959869385
zaf,1994,15.70450019836426
zaf,2010,17.1276241775083
zaf,2011,18.32882668872432
zaf,2012,17.9447193145752
zaf,2013,18.60881996154785
zaf,2014,18.4813404083252
zaf,2015,19.03329086303711
zaf,2016,18.92930030822754
zaf,2017,21.09029006958008
zaf,2018,22.35153961181641
zaf,2019,22.24424934387207
zaf,2020,22.61487007141113
zaf,2021,22.34310913085938
zaf,2022,23.72710037231445
zmb,1970,0.3925800025463104
zmb,1974,1.122310042381287
zmb,1975,1.95813000202179
zmb,1976,1.98497998714447
zmb,1977,1.543069958686829
zmb,1978,1.545330047607422
zmb,1979,1.497849941253662
zmb,1981,1.426120042800903
zmb,1982,1.462579965591431
zmb,1983,1.523069977760315
zmb,1984,1.461349964141846
zmb,1986,2.248349905014038
zmb,1987,1.956349968910217
zmb,1988,2.153450012207031
zmb,1989,2.030080080032349
zmb,1990,2.084880113601685
zmb,1998,2.398999929428101
zmb,1999,2.382659912109375
zmb,2011,3.990619897842407
zmb,2012,3.961600065231323
zwe,1971,1.583150029182434
zwe,1972,1.554309964179993
zwe,1973,1.580520033836365
zwe,1974,1.463670015335083
zwe,1975,1.540429949760437
zwe,1976,1.599220037460327
zwe,1977,1.502830028533936
zwe,1978,1.499989986419678
zwe,1979,1.50475001335144
zwe,1980,1.481629967689514
zwe,1981,1.860249996185303
zwe,1982,2.194700002670288
zwe,1983,1.424520015716553
zwe,1984,1.628020048141479
zwe,1985,1.89549994468689
zwe,1986,2.298840045928955
zwe,1989,6.103270053863525
zwe,1990,5.23507022857666
zwe,1991,5.298759937286377
zwe,1992,6.015180110931396
zwe,2010,6.945769786834717
zwe,2011,7.11122989654541
zwe,2012,6.01035018218277
zwe,2013,7.318739891052246
zwe,2015,11.04889965057373
zwe,2016,8.587642801800168
zwe,2017,9.500180847250917
zwe,2018,9.427847851495525
zwe,2019,11.13013958600921
zwe,2020,10.70036228606383
