country,year,rofst_h_3_abl
ben,2013,47.01633834838867
ben,2019,60.69826126098633
civ,2019,60.09947967529297
khm,2020,52.92465972900391
mdv,2017,28.18601036071777
mli,2018,69.17188262939453
ner,2019,81.97174835205078
nga,2018,40.2907600402832
pak,2018,45.18915176391602
pri,2010,0.3445500135421753
tgo,2010,41.31156921386719
tls,2016,21.26786041259766
tza,2022,80.68952941894531
zaf,2016,20.65545082092285
zaf,2020,21.83403968811035
zaf,2021,28.85246086120605
