country,year,air_2_gpv_glast_m
abw,1999,87.68769073486328
abw,2000,95.59748077392578
abw,2001,95.64565277099608
abw,2002,87.51715087890625
abw,2003,85.85858917236328
abw,2004,84.19580078125
abw,2005,87.08827209472656
abw,2007,91.9736785888672
abw,2009,97.85523223876952
abw,2013,92.356689453125
abw,2014,94.83444213867188
abw,2018,81.17489624023438
abw,2019,84.3537368774414
abw,2020,90.67568206787108
abw,2021,100.2958602905273
abw,2022,116.6167678833008
afg,1973,17.15409088134766
afg,1974,14.99615001678467
afg,1977,11.58574962615967
afg,1978,15.23188972473145
afg,1980,20.90950965881348
afg,1981,26.00320053100586
afg,1982,16.49794960021973
afg,1984,18.37253952026367
afg,1985,17.58223915100098
afg,1993,29.44488906860352
afg,2005,24.8300895690918
afg,2016,65.91165924072266
afg,2017,69.04084777832031
afg,2018,72.00554656982422
afg,2019,75.42620086669922
ago,2008,18.77022933959961
ago,2009,22.99799919128418
ago,2011,26.41872978210449
ago,2021,46.68854904174805
aia,1999,109.2783508300781
aia,2000,123.6559066772461
aia,2001,108.4905700683594
aia,2002,100.9174270629883
aia,2003,119.6261672973633
aia,2005,92.52336120605467
aia,2006,102.0
aia,2007,113.8297882080078
aia,2008,110.638298034668
aia,2009,110.638298034668
aia,2011,99.02912902832033
alb,1996,91.29795837402344
alb,2003,92.36476135253906
alb,2007,104.9312362670898
alb,2008,98.80552673339844
alb,2009,95.8647918701172
alb,2010,92.12653350830078
alb,2011,100.1496429443359
alb,2012,104.3685302734375
alb,2013,106.6206283569336
alb,2014,99.58103942871094
alb,2015,100.6560211181641
alb,2017,91.5535125732422
alb,2018,101.0412521362305
alb,2019,95.95465850830078
alb,2020,94.7345962524414
alb,2021,103.7257537841797
alb,2022,99.24449920654295
alb,2023,95.89972686767578
and,2007,67.19577026367188
and,2008,54.60673904418945
and,2009,74.21687316894531
and,2010,67.39129638671875
and,2011,73.91304016113281
and,2012,78.57142639160156
and,2013,73.56828308105469
and,2014,81.66259002685547
and,2015,85.7476577758789
and,2016,86.61972045898438
and,2017,92.91139221191406
and,2018,85.0
and,2019,85.8227767944336
and,2020,95.85366058349608
and,2021,88.34081268310547
and,2023,100.2392272949219
are,1974,13.65046977996826
are,1975,14.18105983734131
are,1976,23.41128921508789
are,1977,26.24654960632324
are,1978,27.41044044494629
are,1980,35.59083938598633
are,1982,54.31280899047852
are,1983,56.59986114501953
are,1984,58.1859016418457
are,1985,62.35919952392578
are,1986,58.60366821289063
are,1987,46.09222030639648
are,1988,44.02452850341797
are,1989,46.08549880981445
are,1990,47.64400863647461
are,1991,51.4864501953125
are,1992,54.92597961425781
are,1993,60.29167175292969
are,1994,69.68540954589844
are,1995,72.52507019042969
are,1997,58.75276184082031
are,2000,53.16363906860352
are,2001,120.1209335327148
are,2002,118.4912185668945
are,2003,111.8120574951172
are,2004,106.9046020507813
are,2005,100.3920593261719
are,2006,96.4453125
are,2018,102.5217590332031
are,2019,105.5822830200195
are,2020,100.6949310302734
are,2022,111.1997375488281
are,2023,100.6570816040039
arg,1970,12.266770362854
arg,1971,12.12275981903076
arg,1999,77.04901123046875
arg,2000,83.20320892333984
arg,2001,83.67938995361328
arg,2002,83.56311798095703
arg,2003,78.46916961669922
arg,2004,76.509521484375
arg,2005,76.57687377929688
arg,2006,73.52996826171875
arg,2007,71.75038146972656
arg,2008,72.91487121582031
arg,2009,73.43653869628906
arg,2010,77.78032684326172
arg,2011,81.90534973144531
arg,2012,83.27778625488281
arg,2013,85.85945129394531
arg,2014,86.20468139648438
arg,2015,88.19148254394531
arg,2016,86.17945098876953
arg,2017,87.49620056152344
arg,2018,89.46238708496094
arg,2019,92.10115814208984
arg,2020,91.90852355957033
arg,2021,107.816650390625
arg,2022,96.71283721923828
arm,2002,88.49382019042969
arm,2003,89.81812286376953
arm,2004,92.56365966796876
arm,2005,93.59513092041016
arm,2006,96.11479949951172
arm,2007,96.32869720458984
arm,2008,99.47080993652344
arm,2009,120.5274429321289
arm,2010,105.3934097290039
arm,2016,90.51402282714844
arm,2017,90.24874114990234
arm,2018,92.57652282714844
arm,2019,93.08821105957033
arm,2020,92.92137145996094
arm,2021,93.2661590576172
arm,2022,95.88115692138672
arm,2023,93.80348205566406
atg,1992,100.6441192626953
atg,2008,84.25656127929688
atg,2009,90.92179107666016
atg,2010,83.64362335205078
atg,2012,104.0376892089844
atg,2013,84.25302826379543
atg,2014,98.36065673828124
atg,2015,91.44385026737967
atg,2016,117.3913043478261
atg,2017,122.1385498046875
atg,2018,104.4753112792969
atg,2019,115.6985871271585
atg,2022,100.4636785162288
aut,2002,101.1155700683594
aut,2003,102.7382965087891
aut,2006,102.7133331298828
aut,2007,102.9863815307617
aut,2008,103.0426406860352
aut,2009,102.6087875366211
aut,2010,100.7221298217773
aut,2011,101.7474899291992
aut,2012,100.1213302612305
aut,2013,99.29544830322266
aut,2014,98.3859405517578
aut,2015,99.5614013671875
aut,2016,94.91813659667967
aut,2017,98.64530181884766
aut,2018,95.3183822631836
aut,2019,97.58931732177734
aut,2020,96.00969696044922
aut,2021,99.35047149658205
aut,2022,95.51319885253906
aut,2023,97.41976928710938
aze,2000,39.66572952270508
aze,2001,75.0
aze,2002,91.78801727294922
aze,2003,88.00773620605469
aze,2004,84.86737823486328
aze,2005,87.69402313232422
aze,2006,90.1208724975586
aze,2007,91.25955963134766
aze,2008,89.61963653564453
aze,2009,91.99375152587892
aze,2010,91.82676696777344
aze,2011,92.05323028564452
aze,2012,95.3719482421875
aze,2013,89.04798889160156
aze,2014,87.05841064453125
aze,2015,87.75389099121094
aze,2016,89.88736724853516
aze,2017,89.1889877319336
aze,2018,85.77120971679688
aze,2020,85.84532165527344
aze,2021,88.22930908203125
aze,2022,86.22036743164062
aze,2023,87.55787658691406
bdi,1971,1.632109999656677
bdi,1972,1.429679989814758
bdi,1977,1.663529992103577
bdi,1978,1.851559996604919
bdi,1979,1.707419991493225
bdi,1980,1.5764000415802
bdi,1981,1.884289979934692
bdi,1982,2.425240039825439
bdi,1983,2.047359943389893
bdi,1984,1.818600058555603
bdi,1985,1.729519963264465
bdi,1986,1.754799962043762
bdi,1987,2.579859972000122
bdi,1988,2.737329959869385
bdi,1989,3.088860034942627
bdi,1990,3.441080093383789
bdi,1992,5.411890029907227
bdi,1993,5.649779796600342
bdi,2004,9.104439735412598
bdi,2005,9.518930435180664
bdi,2006,12.22521018981934
bdi,2008,14.85894012451172
bdi,2009,21.61539077758789
bdi,2010,19.2431697845459
bdi,2011,25.92708015441895
bdi,2012,23.26333999633789
bdi,2013,26.16239929199219
bdi,2014,30.03384971618652
bdi,2015,36.51216888427734
bdi,2016,43.40309906005859
bdi,2017,35.46009826660156
bdi,2018,27.3964900970459
bdi,2019,24.13577079772949
bdi,2020,24.41774940490723
bel,1974,39.75482177734375
bel,1975,43.64070892333984
bel,1976,47.16011810302734
bel,1977,50.65670013427734
bel,1993,105.0046081542969
bel,1994,105.8987731933594
bel,2006,86.65544891357422
bel,2007,86.86763763427734
bel,2008,86.6087875366211
bel,2009,85.99497985839844
bel,2010,89.46601867675781
bel,2011,90.3110580444336
bel,2012,90.88545989990234
bel,2013,91.74745941162108
bel,2014,90.89167022705078
bel,2015,93.94801330566406
bel,2016,94.87793731689452
bel,2017,93.53961181640624
bel,2018,90.90754699707033
bel,2019,91.23226165771484
bel,2020,92.0871124267578
bel,2021,92.71176910400392
bel,2022,91.46411895751952
ben,1971,5.277729988098145
ben,1972,5.882900238037109
ben,1973,5.991990089416504
ben,1974,7.174160003662109
ben,1975,7.422959804534912
ben,1976,11.35429954528809
ben,1977,11.36977958679199
ben,1978,11.40112972259521
ben,1979,12.42821979522705
ben,1980,12.2610502243042
ben,1981,17.05064010620117
ben,1983,24.5406494140625
ben,1984,22.43074989318848
ben,1990,9.768440246582031
ben,2000,19.04645919799805
ben,2001,20.5359992980957
ben,2002,25.09671020507813
ben,2006,30.77857971191406
ben,2011,42.57963180541992
ben,2013,52.25056076049805
ben,2014,47.72462844848633
ben,2015,48.25743865966797
ben,2016,47.99571990966797
ben,2020,32.61363983154297
ben,2021,35.68561935424805
ben,2022,29.11376953125
bfa,1971,1.823930025100708
bfa,1972,1.746050000190735
bfa,1973,1.821269989013672
bfa,1974,1.871829986572266
bfa,1975,1.904549956321716
bfa,1976,2.046299934387207
bfa,1977,1.950850009918213
bfa,1979,2.10290002822876
bfa,1980,2.557460069656372
bfa,1994,7.665729999542236
bfa,2000,7.679940223693848
bfa,2001,8.420109748840332
bfa,2003,8.794650077819824
bfa,2005,10.84298038482666
bfa,2006,11.86544036865234
bfa,2007,12.87687015533447
bfa,2008,16.05121040344238
bfa,2009,16.84181022644043
bfa,2010,17.80419921875
bfa,2011,19.64752960205078
bfa,2012,21.74624061584473
bfa,2013,22.44359016418457
bfa,2014,25.85848999023438
bfa,2015,27.86565971374512
bfa,2016,29.81403923034668
bfa,2017,36.15330123901367
bfa,2018,40.76314163208008
bfa,2019,37.82075119018555
bfa,2020,37.18621826171875
bfa,2021,33.94593811035156
bfa,2022,26.46322059631348
bfa,2023,23.4229793548584
bgd,1998,45.85636901855469
bgd,1999,46.95579147338867
bgd,2000,48.67507171630859
bgd,2001,49.86135101318359
bgd,2002,50.11476135253906
bgd,2003,50.38463973999023
bgd,2004,50.2852783203125
bgd,2005,48.87673187255859
bgd,2006,49.27978897094727
bgd,2007,50.72570037841797
bgd,2009,50.08044052124023
bgd,2010,47.3753247400053
bgd,2011,50.5483661364655
bgd,2013,59.14711656903277
bgd,2016,64.39096502720976
bgd,2021,62.03371111189792
bgd,2022,67.79032299131202
bgr,1986,88.4085922241211
bgr,1987,90.89729309082033
bgr,1988,91.52182006835938
bgr,1989,93.46421813964844
bgr,1990,87.0594482421875
bgr,1991,84.36495971679688
bgr,1992,83.51821899414062
bgr,1993,78.8490219116211
bgr,1994,79.4033203125
bgr,1995,78.08174896240234
bgr,1996,88.10694122314453
bgr,1997,87.45897674560547
bgr,1999,87.04239654541016
bgr,2001,92.30538177490234
bgr,2002,93.06601715087892
bgr,2003,92.27201080322266
bgr,2004,96.45858001708984
bgr,2005,94.10447692871094
bgr,2006,96.01663970947266
bgr,2007,96.0425033569336
bgr,2008,96.40270233154295
bgr,2009,98.42330169677734
bgr,2010,96.58917999267578
bgr,2011,98.54548645019533
bgr,2012,98.26486206054688
bgr,2013,99.49918365478516
bgr,2014,96.45416259765624
bgr,2015,100.2633666992188
bgr,2016,103.3987731933594
bgr,2017,98.79875183105467
bgr,2018,100.648063659668
bgr,2019,98.91645050048828
bgr,2020,100.979736328125
bgr,2021,98.81021118164064
bgr,2022,96.78160858154295
bgr,2023,94.05172729492188
bhr,1971,56.82349014282227
bhr,1972,46.66667175292969
bhr,1973,44.13068008422852
bhr,1974,43.60374069213867
bhr,1975,46.98825836181641
bhr,1976,38.97697830200195
bhr,1977,49.45819854736328
bhr,1978,54.10350036621094
bhr,1979,61.8972282409668
bhr,1980,45.84429168701172
bhr,1981,58.95404052734375
bhr,1982,60.94268035888672
bhr,1983,64.53546142578125
bhr,1984,71.21662139892578
bhr,1986,69.10111999511719
bhr,1988,77.04759979248047
bhr,1991,78.50926208496094
bhr,1992,82.56453704833984
bhr,1993,78.0478286743164
bhr,1999,76.76902770996094
bhr,2000,80.15267181396484
bhr,2001,77.1990737915039
bhr,2002,76.02056121826172
bhr,2003,70.8141098022461
bhr,2004,73.42144012451172
bhr,2005,76.77892303466797
bhr,2006,83.34248352050781
bhr,2008,86.59960174560547
bhr,2009,85.68209075927734
bhr,2011,88.34496307373047
bhr,2012,97.4133071899414
bhr,2013,105.5459289550781
bhr,2014,99.6027374267578
bhr,2015,97.53701019287108
bhr,2016,96.29995727539064
bhr,2017,96.83191680908205
bhr,2018,100.5640869140625
bhr,2019,100.8285980224609
bhr,2022,102.0131225585938
bhr,2023,103.8253784179688
bhs,1999,87.76654815673828
bhs,2004,94.05973052978516
bhs,2005,90.4485321044922
bhs,2006,79.81813049316406
bhs,2007,84.67283630371094
bhs,2008,97.14286041259766
bhs,2010,94.93952941894533
bih,2010,109.9887008666992
bih,2011,111.5561676025391
bih,2012,86.25968933105469
bih,2013,71.66124725341797
bih,2014,87.63126373291016
bih,2015,91.50382232666016
bih,2016,90.36963653564452
bih,2017,84.65341186523438
bih,2018,80.4830093383789
bih,2019,86.1647720336914
bih,2020,87.44051361083984
bih,2021,87.518310546875
bih,2022,89.54225158691406
bih,2023,92.29425048828124
blr,1993,88.4451904296875
blr,1994,89.25086975097656
blr,1995,81.95146942138672
blr,1996,92.72267150878906
blr,1997,90.6761474609375
blr,1999,95.33332824707033
blr,2000,94.21278381347656
blr,2001,92.55613708496094
blr,2002,99.00308227539064
blr,2003,99.98674011230467
blr,2004,108.1837768554688
blr,2005,113.8698883056641
blr,2006,121.1556625366211
blr,2007,145.5665740966797
blr,2008,107.155158996582
blr,2011,105.7550811767578
blr,2012,104.1966094970703
blr,2013,97.76080322265624
blr,2014,100.5934295654297
blr,2015,100.4785919189453
blr,2016,103.4627227783203
blr,2017,100.7287826538086
blr,2018,99.24514770507812
blr,2019,99.4204330444336
blr,2020,98.54202270507812
blr,2021,97.791259765625
blr,2022,98.18074035644533
blr,2023,95.80638122558594
blz,1994,47.4134407043457
blz,1995,44.57546997070313
blz,1999,46.82286071777344
blz,2000,48.58032989501953
blz,2001,50.0169792175293
blz,2003,55.93658828735352
blz,2004,57.54806137084961
blz,2005,57.30614852905273
blz,2006,58.79698944091797
blz,2007,54.53739166259766
blz,2008,50.9576301574707
blz,2009,56.05585861206055
blz,2010,56.55805969238281
blz,2011,59.13594055175781
blz,2012,61.04177856445313
blz,2013,62.33526992797852
blz,2014,59.01976013183594
blz,2015,62.63624954223633
blz,2016,64.60376739501953
blz,2017,62.34878921508789
blz,2018,65.02926635742188
blz,2019,65.93630981445312
blz,2020,63.79442977905273
blz,2021,74.08262634277344
blz,2022,56.461181640625
blz,2023,64.2967529296875
bmu,2001,94.34446716308594
bmu,2002,96.38243103027344
bmu,2003,82.42574310302734
bmu,2004,86.42857360839844
bmu,2005,86.46080780029297
bmu,2011,83.24021911621094
bmu,2012,78.4313735961914
bol,1990,52.77500915527344
bol,1991,54.49850845336914
bol,1992,52.43289184570313
bol,1993,62.67259979248047
bol,1994,63.92285919189453
bol,1995,65.71977233886719
bol,1996,67.20709991455078
bol,1997,70.50370788574219
bol,1998,66.14385223388672
bol,1999,76.95281982421875
bol,2000,82.9836196899414
bol,2001,87.63495635986328
bol,2002,92.274169921875
bol,2003,94.0265884399414
bol,2004,99.2055206298828
bol,2005,98.69618225097656
bol,2006,95.8285903930664
bol,2007,90.47006225585938
bol,2008,93.91470336914064
bol,2009,87.41461944580078
bol,2010,86.29888916015625
bol,2011,83.71478271484375
bol,2012,84.51879119873047
bol,2013,87.96607971191406
bol,2014,93.64241027832033
bol,2015,89.42030334472656
bol,2016,86.14359283447266
bol,2017,82.77024841308594
bol,2018,82.41899108886719
bol,2019,85.14238739013672
bol,2020,87.4457778930664
bol,2022,80.71333312988281
bol,2023,87.05413055419922
bra,1971,20.64191055297852
bra,1972,23.42230033874512
bra,1973,24.61128997802734
bra,1974,30.32294082641602
brb,1999,107.584831237793
brb,2000,106.9538116455078
brb,2001,109.9786605834961
brb,2002,103.0414276123047
brb,2003,105.3393173217773
brb,2004,108.4070816040039
brb,2005,104.0686264038086
brb,2006,110.7559585571289
brb,2007,113.1891937255859
brb,2008,109.4360733032227
brb,2009,116.0724411010742
brb,2020,89.57158660888672
brb,2021,100.7380065917969
brb,2022,86.12773895263672
brb,2023,86.05277252197266
brn,1973,37.22344970703125
brn,1975,25.83132934570313
brn,1976,32.31734848022461
brn,1977,31.81237030029297
brn,1978,32.29296875
brn,1979,33.72140884399414
brn,1980,28.75210952758789
brn,1981,34.19023132324219
brn,1982,35.04753875732422
brn,1983,44.99568939208984
brn,1984,45.17081069946289
brn,2004,101.1568832397461
brn,2005,100.9730987548828
brn,2006,104.9428634643555
brn,2007,106.4164962768555
brn,2008,100.7445602416992
brn,2009,124.5384826660156
brn,2010,105.2732240437158
brn,2011,101.7486338797814
brn,2012,105.045871559633
brn,2013,108.8235294117647
brn,2014,99.60978147762746
brn,2015,97.55514217379752
brn,2016,96.91678035470667
brn,2017,97.14844842046408
brn,2018,99.97172745264348
brn,2019,102.4016203703704
brn,2020,107.1843490600586
brn,2021,101.1428571428571
brn,2022,103.1697653154526
brn,2023,98.62090101133926
btn,1978,5.591710090637207
btn,1979,5.67786979675293
btn,1993,6.923590183258057
btn,1994,8.427430152893066
btn,1997,0.0
btn,1998,22.05997085571289
btn,1999,23.60041999816895
btn,2000,27.06382942199707
btn,2001,34.79721069335938
btn,2006,42.69475173950195
btn,2008,46.64347839355469
btn,2009,50.93585968017578
btn,2010,61.71415116552861
btn,2011,59.77160348481281
btn,2012,62.68172836303711
btn,2013,63.79161834716797
btn,2014,68.19335174560547
btn,2016,74.2541732788086
btn,2017,75.82606397039386
btn,2018,72.052575677111
btn,2019,71.44754316069057
btn,2020,75.13621262458472
btn,2021,71.84041535728925
btn,2022,54.53904708204116
bwa,1985,37.18255996704102
bwa,1986,36.4405403137207
bwa,1987,36.96829986572266
bwa,1988,21.0748291015625
bwa,1989,54.5377311706543
bwa,1990,51.8831787109375
bwa,1991,66.89353942871094
bwa,1992,70.60281372070312
bwa,1993,82.6406021118164
bwa,1994,79.44603729248047
bwa,1995,77.97528076171875
bwa,1998,85.23713684082031
bwa,1999,84.2016372680664
bwa,2000,83.98866271972656
bwa,2001,84.17133331298828
bwa,2002,80.69409942626953
bwa,2003,80.44709777832031
bwa,2004,81.95948791503906
bwa,2005,82.52033233642578
bwa,2006,87.02658081054688
bwa,2007,85.78704071044922
bwa,2008,85.73464965820312
bwa,2012,94.09597673291324
bwa,2013,92.7435773145904
bwa,2014,91.74735260009766
bwa,2015,93.64844903988184
bwa,2017,85.90790470578331
bwa,2018,83.0736807306087
bwa,2019,82.9298317603611
bwa,2022,89.50346696421455
caf,1971,4.259749889373779
caf,1972,5.595210075378418
caf,1973,5.262939929962158
caf,1974,7.635149955749512
caf,1978,9.608389854431152
caf,1981,12.22572040557861
caf,1982,15.28582954406738
caf,1983,14.58617973327637
caf,1986,20.38471984863281
caf,1987,13.5797700881958
caf,1988,11.70320987701416
caf,1989,12.16442966461182
caf,1990,10.4341402053833
caf,1991,11.3198299407959
caf,2005,8.606080055236816
caf,2009,10.34605979919434
caf,2012,15.18908977508545
caf,2016,10.77007961273193
caf,2017,13.94602665311244
can,2023,0.0
che,1999,94.42830657958984
che,2004,91.47875213623048
che,2005,93.13369750976564
che,2008,93.16404724121094
che,2009,93.12921142578124
che,2010,93.43506622314452
che,2011,95.09844207763672
che,2012,94.63671112060548
che,2013,93.54190826416016
che,2014,93.63909912109376
che,2015,93.29725646972656
che,2016,99.28282165527344
che,2017,96.61440277099608
che,2018,95.95352172851564
che,2019,94.33406066894533
che,2020,93.77799224853516
che,2021,94.59358978271484
che,2022,93.3653564453125
che,2023,94.18038940429688
chl,1970,53.78606033325195
chl,1971,61.65465927124023
chl,1972,65.48606872558594
chl,1973,66.07978820800781
chl,1974,64.96430206298828
chl,1975,65.28047180175781
chl,1976,65.63726043701172
chl,1977,67.59839630126953
chl,1983,76.294677734375
chl,1997,85.22718048095703
chl,2011,94.43708038330078
chl,2012,94.03363800048828
chl,2013,90.76344299316406
chl,2014,94.8582763671875
chl,2015,93.69261932373048
chl,2016,94.5028076171875
chl,2017,94.29946899414064
chl,2018,96.19761657714844
chl,2019,97.32669067382812
chl,2020,100.1425933837891
chl,2021,103.0431365966797
chl,2022,102.4249420166016
chl,2023,103.762580871582
chn,1995,66.84977722167969
chn,1996,66.53260803222656
chn,1997,67.61856842041016
chn,2007,102.0680923461914
chn,2008,101.0337982177734
chn,2009,99.90843200683594
chn,2010,99.20240020751952
chn,2011,101.9056701660156
chn,2012,101.5624465942383
civ,1971,13.33854007720947
civ,1973,16.26642036437988
civ,1974,15.46735954284668
civ,1975,16.82113075256348
civ,1976,15.59451007843018
civ,1977,16.76055908203125
civ,1978,17.69524955749512
civ,1979,18.19042015075684
civ,1980,19.73008918762207
civ,1981,22.12470054626465
civ,1983,24.18585968017578
civ,1984,23.64952087402344
civ,1985,22.77755928039551
civ,1986,22.40984916687012
civ,1987,20.10132026672363
civ,1988,20.15456008911133
civ,1994,22.76638984680176
civ,1996,21.26478958129883
civ,1997,25.64594078063965
civ,1998,26.73092079162598
civ,2000,18.99646949768066
civ,2001,26.02169036865234
civ,2002,27.76601982116699
civ,2006,27.94198036193848
civ,2007,28.26515007019043
civ,2008,37.95272064208984
civ,2009,35.15533828735352
civ,2011,31.9573802947998
civ,2012,36.2286491394043
civ,2013,41.40480075318448
civ,2014,37.40129089355469
civ,2015,39.01287841796875
civ,2016,44.30310821533203
civ,2017,51.91511917114258
civ,2018,54.02114105224609
civ,2019,55.91286087036133
civ,2020,60.48574829101563
civ,2021,60.88748471512721
civ,2022,58.14936828613281
civ,2023,75.20220947265625
cmr,1971,8.241909980773926
cmr,1972,9.244600296020508
cmr,1973,9.531649589538574
cmr,1974,10.90867042541504
cmr,1975,12.33603000640869
cmr,1976,12.30010032653809
cmr,1977,13.11851024627686
cmr,1978,14.54413032531738
cmr,1979,14.88619041442871
cmr,1980,15.08006000518799
cmr,1981,16.08550071716309
cmr,1982,16.45889091491699
cmr,1983,17.13299942016602
cmr,1984,18.35979080200195
cmr,1985,17.58786010742188
cmr,1986,18.86672019958496
cmr,1987,20.12850952148438
cmr,1988,20.92193031311035
cmr,1990,29.79055976867676
cmr,1991,25.13142967224121
cmr,2003,24.61322021484375
cmr,2006,21.47966003417969
cmr,2007,22.94665908813477
cmr,2008,30.3717098236084
cmr,2009,27.55234909057617
cmr,2010,34.37609545488834
cmr,2011,43.39221954345703
cmr,2012,44.43730353387633
cmr,2013,44.72188186645508
cmr,2014,38.27746963500977
cmr,2015,47.9034309387207
cmr,2016,48.97438812255859
cmr,2017,43.69497226259598
cmr,2018,42.29819493256298
cmr,2019,39.12951122628884
cmr,2020,37.25067532538404
cmr,2021,36.23804092407227
cmr,2022,35.48923110961914
cmr,2023,34.63933181762695
cod,1971,19.66732978820801
cod,1972,21.71002006530762
cod,1974,20.93470001220703
cod,1992,13.99783992767334
cod,1993,15.51418972015381
cod,1994,21.39633941650391
cod,2012,46.36425018310547
cod,2013,46.37934112548828
cod,2014,59.03926086425781
cod,2020,61.78318023681641
cog,1971,17.49225997924805
cog,1972,20.44589042663574
cog,1973,25.76857948303223
cog,1974,29.99357032775879
cog,1975,34.07789993286133
cog,1976,37.94741058349609
cog,1977,47.77080154418945
cog,1978,51.62585067749023
cog,1979,56.7834587097168
cog,1981,57.14353179931641
cog,1982,54.01943969726563
cog,1983,42.85078811645508
cog,1984,47.13771057128906
cog,1987,43.8494987487793
cog,1989,33.97478866577148
cog,1993,38.85882186889648
cog,1994,27.87590980529785
cog,1996,29.19124031066895
cog,2000,32.11452102661133
cog,2001,39.30762100219727
cog,2002,27.26259994506836
cog,2003,33.13404846191406
cog,2004,46.99990081787109
cog,2008,41.17485809326172
cog,2009,44.95476913452148
cog,2010,44.85139846801758
cog,2011,44.68338012695313
cog,2012,48.57220077514648
cok,1998,78.53106689453125
cok,2000,61.21212005615234
cok,2001,75.4385986328125
cok,2002,91.42857360839844
cok,2003,89.94412994384766
cok,2007,93.25843048095705
cok,2010,82.20858764648438
cok,2011,90.0621109008789
cok,2012,95.54139709472656
cok,2013,99.35064697265624
cok,2014,96.64430236816406
cok,2015,92.25351715087892
cok,2016,95.74468231201172
cok,2017,102.1276626586914
cok,2018,111.4285736083984
cok,2019,96.2406005859375
cok,2020,111.6788330078125
cok,2021,114.814811706543
cok,2022,108.8235321044922
cok,2023,126.2411270141602
col,1984,36.12374114990234
col,1985,37.10746002197266
col,1986,40.96300888061523
col,1987,42.0030403137207
col,1988,42.65393829345703
col,1989,43.11737823486328
col,1998,67.09519958496094
col,2001,59.32024002075195
col,2002,64.26619720458984
col,2004,69.79811096191406
col,2005,74.83112335205078
col,2006,77.50907897949219
col,2007,79.28334045410156
col,2008,80.9061279296875
col,2009,87.00694274902344
col,2010,89.23970794677734
col,2011,87.10659790039062
col,2012,83.33576965332031
col,2013,70.33854675292969
col,2014,71.5333480834961
col,2015,71.88623046875
col,2016,72.5739517211914
col,2017,72.34590911865234
col,2018,74.37610626220703
col,2019,75.36200714111328
col,2020,75.12924194335938
col,2021,80.98477935791016
col,2022,78.8188705444336
com,1981,35.73778915405273
com,1990,22.16526985168457
com,1992,23.92523002624512
com,2002,30.7635498046875
com,2003,34.59701919555664
com,2004,39.01388931274414
com,2013,41.187671069856
com,2014,47.07220692132679
com,2017,40.86045725870031
com,2021,46.31271747670895
cpv,1980,5.064209938049316
cpv,1981,6.845310211181641
cpv,1982,6.747869968414307
cpv,1983,8.77614974975586
cpv,1984,7.379199981689453
cpv,1985,7.644969940185547
cpv,1986,9.230039596557615
cpv,1988,15.02346992492676
cpv,1990,10.87563991546631
cpv,1994,20.54007911682129
cpv,1998,0.0
cpv,1999,0.0
cpv,2003,44.46348190307617
cpv,2004,45.29610824584961
cpv,2005,46.75563812255859
cpv,2006,61.23759078979492
cpv,2007,57.25400161743164
cpv,2008,65.43134307861328
cpv,2009,62.63240051269531
cpv,2010,58.85258865356445
cpv,2011,66.70540618896484
cpv,2012,66.73578643798828
cpv,2013,68.0938720703125
cpv,2014,66.7530517578125
cpv,2015,70.47601318359375
cpv,2016,75.90239715576172
cpv,2017,79.39605712890625
cpv,2018,62.23989868164063
cpv,2019,66.55269622802734
cpv,2020,65.83814239501953
cpv,2021,93.57724761962892
cri,1970,17.61751937866211
cri,1971,19.05797958374023
cri,1972,23.91082954406738
cri,1981,28.67185974121094
cri,1982,28.2419605255127
cri,1985,25.35028076171875
cri,1986,25.88310050964355
cri,1987,24.65728950500488
cri,1988,25.66674995422363
cri,1989,24.57789993286133
cri,1991,27.34347915649414
cri,1992,29.40818023681641
cri,1993,27.90683937072754
cri,1994,29.03853988647461
cri,1995,29.25567054748535
cri,1996,28.6525993347168
cri,1999,35.01290130615234
cri,2000,37.55826187133789
cri,2001,38.01247024536133
cri,2002,40.91357040405273
cri,2004,46.02750015258789
cri,2005,51.15451049804688
cri,2006,50.83850860595703
cri,2007,51.10895919799805
cri,2008,52.41107177734375
cri,2009,48.427978515625
cri,2010,49.38476181030273
cri,2011,47.36793899536133
cri,2012,54.00363159179688
cri,2013,50.01068878173828
cri,2014,51.85408020019531
cri,2015,51.20038986206055
cri,2016,51.9261589050293
cri,2017,53.95819091796875
cri,2018,62.68888854980469
cri,2019,70.06700897216797
cri,2020,64.01094818115234
cri,2021,66.38583374023438
cri,2022,64.3560562133789
cri,2023,60.40658950805664
cub,1971,7.158699989318848
cub,1972,7.838230133056641
cub,1999,76.48815155029297
cub,2000,88.3814697265625
cub,2001,81.97855377197266
cub,2002,87.08708190917969
cub,2003,90.72714233398438
cub,2004,90.021240234375
cub,2005,96.01889038085938
cub,2006,92.62789916992188
cub,2007,91.66252899169922
cub,2008,94.59195709228516
cub,2009,95.96166229248048
cub,2010,95.1269989013672
cub,2011,86.69954681396484
cub,2012,92.27385711669922
cub,2013,90.34977722167967
cub,2014,90.48973083496094
cub,2015,86.98857879638672
cub,2016,85.22691345214844
cub,2017,88.32356262207031
cub,2018,90.30547332763672
cub,2019,90.43789672851564
cub,2021,87.93035125732422
cub,2022,87.70559692382812
cub,2023,88.73303985595703
cym,2001,84.33180236816406
cym,2002,90.82968902587892
cym,2004,99.22779846191406
cym,2005,105.8823471069336
cym,2006,95.40635681152344
cym,2007,97.21253967285156
cym,2008,98.22064208984376
cym,2011,100.9677429199219
cym,2012,87.22740936279297
cym,2013,95.10703277587892
cym,2018,98.73816680908205
cym,2019,97.91045379638672
cym,2020,98.591552734375
cym,2021,84.33419799804688
cym,2022,87.22358703613281
cym,2023,96.1165008544922
cyp,2000,89.2386703491211
cyp,2001,89.50086212158203
cyp,2002,99.90821075439452
cyp,2003,93.44149017333984
cyp,2004,94.20693969726564
cyp,2005,95.64466094970705
cyp,2006,92.78368377685548
cyp,2007,81.92594909667969
cyp,2008,93.88572692871094
cyp,2009,93.81146240234376
cyp,2010,93.98314666748048
cyp,2011,93.16374969482422
cyp,2012,95.05587768554688
cyp,2013,95.23345947265624
cyp,2014,100.4490966796875
cyp,2015,97.69995880126952
cyp,2016,99.87299346923828
cyp,2017,99.11051940917967
cyp,2018,94.70050811767578
cyp,2019,98.73893737792967
cyp,2020,82.06107330322266
cyp,2021,103.9595565795898
cyp,2022,104.9545669555664
cze,1996,103.1166000366211
cze,2002,91.39759826660156
cze,2003,89.8966064453125
cze,2004,91.44876098632812
cze,2005,88.58291625976562
cze,2006,95.40339660644533
cze,2007,96.66116333007812
cze,2008,94.98908996582033
cze,2009,101.8569793701172
cze,2010,96.77660369873048
cze,2011,97.4030990600586
cze,2012,93.04723358154295
cze,2013,92.38392639160156
cze,2014,93.86553955078124
cze,2015,94.74253082275392
cze,2016,94.8798370361328
cze,2017,93.15235900878906
cze,2018,93.97191619873048
cze,2019,91.84868621826172
cze,2020,92.50380706787108
cze,2021,95.790771484375
cze,2022,93.0097198486328
deu,1993,66.36556243896484
deu,1994,68.10025787353516
deu,1995,68.20600891113281
deu,1996,66.73145294189453
deu,1997,68.81358337402344
deu,2021,62.7027587890625
deu,2022,61.35472106933594
deu,2023,62.67089080810547
dma,1988,81.55785369873047
dma,2003,105.3882675170898
dma,2004,107.1656112670898
dma,2005,109.1331329345703
dma,2006,109.7305374145508
dma,2007,87.40849304199219
dma,2008,82.47422790527344
dma,2009,102.7522888183594
dma,2010,94.84702301025392
dma,2011,95.71917724609376
dma,2012,99.65457916259766
dma,2013,93.64791107177734
dma,2014,88.79598999023438
dma,2015,90.5723876953125
dma,2022,102.200488997555
dma,2023,100.0
dnk,2008,97.80265045166016
dnk,2009,98.04691314697266
dnk,2010,94.52838134765624
dnk,2011,96.43557739257812
dnk,2012,97.46349334716795
dnk,2013,99.42592620849608
dnk,2014,98.93392181396484
dnk,2015,100.1899719238281
dnk,2016,99.24999237060548
dnk,2017,100.6146926879883
dnk,2018,99.73149871826172
dnk,2019,102.2134094238281
dnk,2020,102.5575180053711
dnk,2021,101.2147521972656
dnk,2022,100.2258911132813
dnk,2023,99.01492309570312
dom,1999,51.03192138671875
dom,2000,54.49961853027344
dom,2002,58.62089920043945
dom,2004,66.11859893798828
dom,2005,68.27519226074219
dom,2007,74.99720764160156
dom,2008,79.9515380859375
dom,2009,77.86459350585938
dom,2010,81.12674713134766
dom,2011,72.2599868774414
dom,2012,71.92063903808594
dom,2013,73.223876953125
dom,2014,73.07855224609375
dom,2015,74.27232360839844
dom,2016,81.07505798339844
dom,2017,82.41844177246094
dom,2018,88.33779907226562
dom,2019,80.83531951904297
dom,2020,82.38619232177734
dom,2021,64.74516296386719
dom,2022,74.0167465209961
dom,2023,71.44730377197266
dza,1971,13.33734035491943
dza,1972,12.84673023223877
dza,1973,15.51333045959473
dza,1974,18.16877937316895
dza,1975,22.94141006469727
dza,1976,23.16669082641602
dza,1977,27.07859992980957
dza,1978,31.94557952880859
dza,1979,37.24483108520508
dza,1980,37.6020393371582
dza,1982,39.70774078369141
dza,1984,47.39244079589844
dza,1985,49.02772903442383
dza,1989,69.98877716064453
dza,1990,64.48178100585938
dza,1991,62.69382095336914
dza,1992,67.06977081298828
dza,1993,64.137939453125
dza,1994,61.40481948852539
dza,1995,59.07468032836914
dza,1996,57.72135162353516
dza,1997,50.0348014831543
dza,1999,50.85461044311523
dza,2000,45.95083999633789
dza,2001,49.944091796875
dza,2002,56.60929107666016
dza,2003,56.36537170410156
dza,2004,56.46512985229492
dza,2005,68.89945220947266
dza,2006,60.74454879760742
dza,2007,53.42404174804688
dza,2008,48.07912826538086
dza,2009,54.78105926513672
dza,2010,50.96046829223633
dza,2011,60.85886001586914
dza,2012,95.06453704833984
dza,2013,82.76483154296875
dza,2014,74.27217102050781
dza,2015,67.63578796386719
dza,2016,69.20452117919922
dza,2018,69.40550231933594
dza,2019,68.72537994384766
dza,2021,75.3064193725586
dza,2022,59.78012847900391
dza,2023,73.35418701171875
dza,2024,68.09422302246094
ecu,1971,24.57583999633789
ecu,1972,25.71121978759766
ecu,1975,31.45706939697266
ecu,1976,35.38140869140625
ecu,1977,36.54434967041016
ecu,1978,39.51956176757813
ecu,1979,38.47615051269531
ecu,1994,45.63069915771484
ecu,1999,53.60911178588867
ecu,2000,54.71265029907227
ecu,2001,54.04788970947266
ecu,2002,55.08612823486328
ecu,2003,55.00197982788086
ecu,2004,56.08172988891602
ecu,2005,58.00397109985352
ecu,2006,59.35636901855469
ecu,2007,61.15787124633789
ecu,2009,76.8547592163086
ecu,2010,83.917236328125
ecu,2011,81.66793823242188
ecu,2012,82.91265106201172
ecu,2013,89.77459716796875
ecu,2014,94.7251205444336
ecu,2015,96.58377075195312
ecu,2016,94.32391357421876
ecu,2017,90.49230194091795
ecu,2018,88.85955810546875
ecu,2019,87.82936096191406
ecu,2020,93.57898712158205
ecu,2021,98.45574188232422
ecu,2022,92.25081634521484
ecu,2023,89.21790313720703
egy,1977,52.19551086425781
egy,1978,60.52206039428711
egy,1979,58.29668045043945
egy,1980,60.92288970947266
egy,1994,69.5899429321289
egy,2003,77.37339782714844
egy,2004,73.97248840332031
egy,2009,63.12823867797852
egy,2013,69.54313659667969
egy,2014,67.72358703613281
egy,2016,71.90682983398438
egy,2017,69.69473266601562
egy,2018,71.6836166381836
egy,2019,75.36078643798828
egy,2020,75.1570816040039
egy,2021,81.82749938964844
egy,2023,82.4120864868164
eri,1994,33.81396865844727
eri,1995,35.70705032348633
eri,1996,39.925048828125
eri,1997,39.85779190063477
eri,1999,60.38055038452148
eri,2000,58.03395843505859
eri,2001,51.97761917114258
eri,2002,61.24417114257813
eri,2003,56.76980972290039
eri,2004,59.80099868774414
eri,2006,63.17512130737305
eri,2007,61.70705032348633
eri,2008,62.76865005493164
eri,2009,63.20280838012695
eri,2010,61.20426940917969
eri,2014,59.00499333350761
eri,2015,50.79711151123047
eri,2017,46.11930084228516
eri,2018,49.04431915283203
eri,2019,50.59119090971949
eri,2022,54.5954704284668
esp,1981,76.628662109375
esp,1982,78.14753723144531
esp,1983,76.96063232421875
esp,1984,78.49150848388672
esp,1985,81.87210083007812
esp,1986,84.0216293334961
esp,1987,85.660400390625
esp,1988,90.83772277832033
esp,1989,83.65361022949219
esp,1990,91.40003204345705
esp,1993,93.84156799316406
esp,1994,94.06974792480467
esp,2009,75.73976135253906
esp,2010,76.82180786132812
esp,2014,86.11324310302734
esp,2015,86.01946258544922
esp,2016,86.62960815429688
esp,2017,88.53146362304688
esp,2018,87.7593002319336
esp,2019,88.54094696044922
esp,2020,89.06781768798828
esp,2021,94.15747833251952
esp,2022,89.83155822753906
esp,2023,89.51773071289062
est,1995,85.8908462524414
est,1996,88.70845031738281
est,1999,83.64540100097656
est,2000,86.89784240722656
est,2001,90.63931274414064
est,2002,95.71700286865234
est,2004,99.19487762451172
est,2005,100.9740295410156
est,2006,104.1276168823242
est,2008,105.4191284179688
est,2009,108.9537963867188
est,2010,109.3693695068359
est,2011,105.8487701416016
est,2012,102.8879165649414
est,2013,105.6988906860352
est,2014,104.0515289306641
est,2015,104.6403732299805
est,2016,100.0931091308594
est,2017,101.87744140625
est,2018,100.7931518554688
est,2019,101.1743392944336
est,2020,99.06157684326172
est,2021,98.7165298461914
est,2022,100.1813125610352
est,2023,96.46202850341795
eth,1987,21.89808082580566
eth,1988,23.77877998352051
eth,1994,12.53458976745605
eth,1995,13.03524017333984
eth,1996,13.22830963134766
eth,1999,10.95283031463623
eth,2005,22.97746086120605
eth,2008,33.24290084838867
eth,2009,30.08942985534668
eth,2010,29.07629718857247
eth,2012,26.62326049804688
eth,2014,29.67155348747595
eth,2015,29.37273319715271
eth,2023,21.72803750741423
fin,1987,107.6295471191406
fin,1988,107.1527786254883
fin,1989,106.4711303710938
fin,1990,104.9002227783203
fin,1991,104.6663665771484
fin,1992,105.3172836303711
fin,1993,106.060432434082
fin,1994,105.3287887573242
fin,2004,100.9433975219727
fin,2005,101.5018692016602
fin,2007,99.11002349853516
fin,2009,99.41145324707033
fin,2010,98.82453918457033
fin,2011,99.7985382080078
fin,2012,99.0734634399414
fin,2013,99.177978515625
fin,2014,99.71209716796876
fin,2015,98.91265106201172
fin,2016,99.63954925537108
fin,2017,99.8154525756836
fin,2018,99.92270660400392
fin,2019,100.285758972168
fin,2020,99.50386810302734
fin,2021,99.74996948242188
fin,2022,100.0756530761719
fin,2023,99.7964096069336
fji,1980,61.40042877197266
fji,1981,59.67905044555664
fji,1983,57.89070892333984
fji,1984,58.95341110229492
fji,1985,58.0418701171875
fji,1986,56.08974075317383
fji,2003,77.96224212646484
fji,2004,77.66663360595703
fji,2008,80.81829833984375
fji,2009,79.7628402709961
fji,2010,81.48443735035914
fji,2011,85.86250142515107
fji,2012,82.80713653564453
fji,2013,85.40379775795013
fji,2014,89.98787878787876
fji,2015,91.2892848304875
fji,2016,94.66129438428608
fji,2017,93.1160332242638
fji,2018,93.05468652233763
fji,2019,94.61894631460392
fji,2020,91.67189025878906
fji,2021,100.8199776369735
fji,2022,99.03399364147714
fji,2023,96.6217840827122
fra,1996,73.60964965820312
fra,2007,96.66011810302734
fra,2008,98.47152709960938
fra,2009,96.85382080078124
fra,2010,95.54383087158205
fra,2011,96.32752227783205
fra,2012,97.9084930419922
fra,2013,96.6108627319336
fra,2014,96.4638214111328
fra,2015,95.3430404663086
fra,2016,97.872802734375
fra,2017,99.41709899902344
fra,2018,99.3591766357422
fra,2019,99.46278381347656
fra,2020,100.1526489257813
fra,2021,99.42902374267578
fra,2022,100.330322265625
fsm,2013,80.13595166163142
fsm,2014,87.52800597460791
fsm,2015,82.16039279869068
fsm,2016,76.6611328125
fsm,2017,80.0990916597853
fsm,2018,80.42588042588042
fsm,2019,73.55573637103336
fsm,2020,70.44079515989628
fsm,2021,73.13182199832073
fsm,2022,74.07101568951279
fsm,2023,76.86746987951807
fsm,2024,73.51778656126481
gab,1971,14.25852012634277
gab,1972,15.73388004302979
gab,1973,17.3544807434082
gab,1974,20.55080986022949
gab,1986,18.04878044128418
gab,1995,22.8380298614502
gab,2019,51.78244134897361
gab,2021,48.0186279160019
gbr,2017,97.4140396118164
gbr,2018,97.55184936523438
gbr,2019,97.83553314208984
gbr,2020,97.85260009765624
gbr,2021,97.81894683837892
gbr,2022,99.46166229248048
geo,2000,88.6570816040039
geo,2001,88.7114028930664
geo,2002,96.23738861083984
geo,2003,104.75537109375
geo,2004,93.2517318725586
geo,2005,103.3788604736328
geo,2008,117.8603973388672
geo,2009,114.5041809082031
geo,2010,118.7792663574219
geo,2012,117.0613327026367
geo,2013,116.4737701416016
geo,2014,110.539306640625
geo,2015,112.4271697998047
geo,2016,112.2836990356445
geo,2017,109.6617889404297
geo,2018,107.7098999023438
geo,2019,121.7559661865234
geo,2020,121.6542587280273
geo,2021,104.1940078735352
geo,2022,99.5778579711914
geo,2023,96.70023345947266
gha,1971,59.54975128173828
gha,1972,58.40707015991211
gha,1974,59.02687072753906
gha,1975,57.69934844970703
gha,1991,65.81951141357422
gha,1992,67.01038360595703
gha,1999,53.87932968139648
gha,2000,54.5235595703125
gha,2001,50.05929183959961
gha,2002,54.72924041748047
gha,2003,52.38637161254883
gha,2004,54.45167922973633
gha,2005,57.84812927246094
gha,2008,66.46206665039062
gha,2009,74.17463684082031
gha,2011,70.93250274658203
gha,2012,69.1250991821289
gha,2013,71.34210968017578
gha,2014,68.65460205078125
gha,2015,74.90438079833984
gha,2017,72.29872131347656
gha,2018,75.85930633544922
gha,2019,75.32420349121094
gib,2016,96.65071868896484
gib,2017,118.3168334960938
gib,2019,100.4291763305664
gib,2020,103.3333282470703
gib,2021,108.3700408935547
gib,2022,100.4328994750977
gib,2023,104.5454483032227
gin,1985,12.40312957763672
gin,1986,10.63490962982178
gin,1987,10.1712703704834
gin,1988,8.152449607849121
gin,1989,8.779330253601074
gin,1990,10.09628963470459
gin,1991,11.63374996185303
gin,1992,11.36832046508789
gin,1993,12.62401008605957
gin,1994,15.38148021697998
gin,1998,14.3093900680542
gin,2000,16.29110908508301
gin,2001,17.62574005126953
gin,2003,21.71772956848145
gin,2004,30.03095054626465
gin,2005,30.96482086181641
gin,2006,32.0476188659668
gin,2007,37.82035827636719
gin,2009,40.75101089477539
gin,2010,41.86999130249023
gin,2011,36.1338996887207
gin,2012,41.07522964477539
gin,2013,42.32619094848633
gin,2014,41.11574935913086
gin,2016,32.16730637030247
gin,2018,39.08801385649034
gin,2019,38.60546926395535
gin,2020,39.09796905517578
gin,2021,38.99535557824698
gin,2023,45.42406889289074
gmb,1974,15.12135028839111
gmb,1976,15.05272006988525
gmb,1977,16.03041076660156
gmb,1978,15.26815986633301
gmb,1979,17.80186080932617
gmb,1980,17.55248069763184
gmb,1981,17.71281051635742
gmb,1982,19.33876991271973
gmb,1983,20.10419082641602
gmb,1984,22.03586959838867
gmb,1985,25.48343086242676
gmb,1986,26.91492080688477
gmb,1987,27.04508972167969
gmb,1999,39.28044128417969
gmb,2000,41.54497146606445
gmb,2001,41.555908203125
gmb,2002,40.72518920898438
gmb,2003,49.90150833129883
gmb,2004,55.27993011474609
gmb,2005,59.32931900024414
gmb,2006,55.17525863647461
gmb,2007,52.22837066650391
gmb,2008,47.29232025146484
gmb,2009,48.54455184936523
gmb,2010,48.62451934814453
gmb,2011,50.78580109802606
gmb,2012,51.91369761097793
gmb,2013,54.47218318591386
gmb,2014,53.89133040351578
gmb,2015,54.6537221916516
gmb,2016,51.00707465109986
gmb,2017,48.67384055774477
gmb,2018,49.14788549363235
gmb,2019,48.37962124778216
gmb,2020,49.09906751735259
gmb,2021,51.7774762550882
gmb,2022,48.61460135113084
gmb,2023,49.42689760570556
gmb,2024,50.92814278162992
gnb,1978,5.182419776916504
gnb,1979,4.171279907226563
gnb,1981,4.449699878692627
gnb,1982,8.487939834594727
gnb,1983,4.074029922485352
gnb,1984,11.11231994628906
gnb,1985,9.316710472106934
gnb,1987,4.74183988571167
gnb,1989,4.377039909362793
gnb,2000,16.84283065795898
gnb,2010,43.80635833740234
gnq,2000,15.03036022186279
gnq,2005,14.92343044281006
gnq,2011,20.0
gnq,2012,23.06497955322266
gnq,2015,19.02496910095215
grc,1971,50.20867919921875
grc,1972,50.96442031860352
grc,1973,55.73712921142578
grc,1974,55.27048873901367
grc,1975,55.83155059814453
grc,1976,63.02587890625
grc,1977,61.97037124633789
grc,1978,62.70222854614258
grc,1979,66.7171401977539
grc,1980,70.0377426147461
grc,1982,77.56594848632812
grc,1983,78.65158081054688
grc,1984,77.01284790039062
grc,1985,81.00343322753906
grc,1986,81.17405700683594
grc,1987,84.52764892578125
grc,1988,85.88568878173828
grc,1989,86.05986022949219
grc,1990,83.09954071044922
grc,1991,83.80274963378906
grc,1992,84.92109680175781
grc,2005,84.99089050292969
grc,2006,80.5168685913086
grc,2007,94.67527770996094
grc,2010,103.2430419921875
grc,2011,98.51229858398438
grc,2012,98.4408721923828
grc,2013,95.52329254150392
grc,2014,91.06588745117188
grc,2015,95.40386199951172
grc,2016,93.97525787353516
grc,2017,93.38662719726564
grc,2018,93.43247985839844
grc,2019,93.90654754638672
grc,2020,92.43498992919922
grc,2021,94.06578063964844
grc,2022,95.09092712402344
grd,1983,40.74074172973633
grd,1993,57.34548950195313
grd,2002,84.54141998291016
grd,2003,87.0177993774414
grd,2005,73.99842834472656
grd,2007,71.42857360839844
grd,2009,101.25
grd,2013,102.7835051546392
grd,2014,94.40994262695312
grd,2015,85.49382781982422
grd,2016,95.60440063476564
grd,2018,89.69194312796208
grd,2021,93.63636363636364
grd,2022,92.70482603815935
grd,2023,86.04910714285714
gtm,1971,8.860389709472656
gtm,1975,11.99691963195801
gtm,1976,14.47012042999268
gtm,1999,30.00255012512207
gtm,2000,31.34573936462402
gtm,2001,34.48477935791016
gtm,2002,37.96760940551758
gtm,2004,40.25141906738281
gtm,2005,41.81457138061523
gtm,2006,46.32867813110352
gtm,2007,48.17879104614258
gtm,2008,50.45726013183594
gtm,2009,53.44063186645508
gtm,2010,57.02457046508789
gtm,2011,60.94020080566406
gtm,2012,60.48321914672852
gtm,2013,58.72238922119141
gtm,2014,61.02373886108398
gtm,2015,64.29351043701172
gtm,2016,65.79032897949219
gtm,2017,59.90726852416992
gtm,2018,60.01266098022461
gtm,2019,59.51910018920898
gtm,2020,58.65937042236328
gtm,2021,56.51914978027344
gtm,2022,49.45431900024414
gtm,2023,48.27740097045898
guy,1971,49.32038879394531
guy,1972,44.74845886230469
guy,1973,46.85263061523438
guy,1974,44.7310905456543
guy,1976,46.76652145385742
guy,1978,69.64035034179688
guy,1979,71.8173599243164
guy,1980,74.88287353515625
guy,1987,75.29122924804688
guy,1991,81.82560729980469
guy,1992,75.7593765258789
guy,1993,74.50247192382812
guy,1996,76.94915008544922
guy,1997,78.82682037353516
guy,1999,78.41661071777344
guy,2000,85.53730010986328
guy,2001,70.39019012451172
guy,2008,68.64901733398438
guy,2009,77.79163360595703
guy,2010,75.30570983886719
hkg,1980,48.84737014770508
hkg,1981,52.14760971069336
hkg,1982,58.9323616027832
hkg,1983,63.68738174438477
hkg,1984,60.00167846679688
hkg,1985,55.67277145385742
hkg,2003,89.8851089477539
hkg,2004,94.0810775756836
hkg,2005,91.46103668212892
hkg,2006,101.7207565307617
hkg,2007,98.50113677978516
hkg,2008,103.7403793334961
hkg,2009,98.9953384399414
hkg,2010,96.81394958496094
hkg,2011,98.66252899169922
hkg,2012,97.44185638427734
hkg,2013,105.602409362793
hkg,2014,106.5723724365234
hkg,2015,103.9483871459961
hkg,2016,114.1064605712891
hkg,2017,104.4317321777344
hkg,2018,98.74819946289064
hkg,2019,97.89605712890624
hkg,2020,112.3453826904297
hnd,2005,38.06275939941406
hnd,2007,40.70233917236328
hnd,2012,38.24737930297852
hnd,2013,33.5836296081543
hnd,2014,41.83890914916992
hnd,2016,40.38618087768555
hnd,2019,38.94039154052734
hnd,2020,38.38977813720703
hnd,2021,33.37871170043945
hnd,2023,32.49365997314453
hrv,1995,89.57015991210938
hrv,1996,90.12718963623048
hrv,1997,87.69206237792969
hrv,1999,90.61564636230467
hrv,2001,102.083251953125
hrv,2002,103.251106262207
hrv,2003,98.7484130859375
hrv,2005,100.7180480957031
hrv,2006,98.45587921142578
hrv,2007,100.2813491821289
hrv,2008,95.29387664794922
hrv,2009,98.9633331298828
hrv,2010,98.38052368164064
hrv,2011,97.8332290649414
hrv,2012,95.97590637207033
hrv,2016,100.447883605957
hrv,2017,98.05995941162108
hrv,2018,99.11784362792967
hrv,2019,100.2320938110352
hrv,2020,98.10230255126952
hrv,2021,100.035400390625
hrv,2022,101.3181991577148
hti,1977,8.046930313110352
hti,1978,9.02101993560791
hti,1979,10.52929973602295
hti,1980,11.511549949646
hti,1981,12.45860958099365
hti,1982,12.6074104309082
hti,1983,13.55562019348145
hti,1985,17.8642406463623
hti,1986,15.86112976074219
hti,1987,16.94300079345703
hti,1988,16.05653953552246
hti,1989,17.04417037963867
hti,1990,17.4218692779541
hti,1991,17.81900024414063
hti,1997,28.59296035766602
hun,1976,86.12313079833984
hun,1977,91.29212188720705
hun,1978,90.29621124267578
hun,1979,90.66033172607422
hun,1980,92.16381072998048
hun,1981,94.16928100585938
hun,1982,95.4224090576172
hun,1983,91.41182708740234
hun,1984,90.51461791992188
hun,1985,89.87954711914062
hun,1986,90.09493255615234
hun,1987,89.41361999511719
hun,1988,96.5259017944336
hun,1989,92.39736938476564
hun,1990,85.46672058105469
hun,1997,92.98158264160156
hun,2013,95.14115142822266
hun,2014,94.79701995849608
hun,2015,92.6853485107422
hun,2016,93.02204895019533
hun,2017,93.02165985107422
hun,2018,94.64998626708984
hun,2019,94.91515350341795
hun,2020,92.89972686767578
hun,2021,98.03441619873048
hun,2022,95.00554656982422
hun,2023,93.01113128662108
idn,1995,55.79595184326172
idn,2002,69.4809799194336
idn,2003,72.28591918945312
idn,2004,72.32852935791016
idn,2005,69.19761657714844
idn,2006,70.8924331665039
idn,2007,77.37787628173828
idn,2008,75.94877624511719
idn,2009,80.2114028930664
idn,2010,81.97643394048382
idn,2011,87.95099079096494
idn,2012,79.52506455016128
idn,2013,79.82377233776738
idn,2014,86.25012916187669
idn,2015,91.42318290099128
idn,2016,98.151185150762
idn,2017,92.67704281528756
idn,2018,99.9701279789532
idn,2019,99.09854832926422
idn,2020,99.19421917238512
idn,2021,98.618197798935
idn,2022,101.1767883919449
idn,2023,98.15991185560202
ind,1987,54.31607818603516
ind,1988,55.02988815307617
ind,1989,55.47613906860352
ind,2002,62.94808959960938
ind,2003,64.46286010742188
ind,2006,69.59506225585938
ind,2008,73.67292022705078
ind,2011,80.04914724149913
ind,2013,81.13285415910806
ind,2014,85.35535072091814
ind,2015,84.51806821751042
ind,2016,84.6118176178778
ind,2017,84.52854914401581
ind,2019,84.73880767822266
ind,2020,86.93737030029297
ind,2021,89.03532156289978
ind,2022,88.90068919354556
ind,2023,84.51074799792046
ind,2024,86.34992820224274
irl,1996,96.37416076660156
irl,1997,96.60299682617188
irl,1998,94.97634887695312
irl,1999,95.19557189941406
irl,2000,96.10601806640624
irl,2001,95.67373657226564
irl,2002,95.83029174804688
irl,2003,96.80532073974608
irl,2004,95.58162689208984
irl,2005,98.06468963623048
irl,2006,96.95970916748048
irl,2007,97.16281127929688
irl,2008,96.41127014160156
irl,2009,97.27091217041016
irl,2010,98.34153747558594
irl,2011,99.61589050292967
irl,2014,99.50408172607422
irl,2015,98.32199096679688
irl,2016,98.15293121337892
irl,2017,99.17858123779295
irl,2018,99.13426971435548
irl,2019,100.1936264038086
irl,2020,99.39128112792967
irl,2021,100.1081085205078
irl,2022,101.7659072875977
irn,1987,53.427490234375
irn,1988,58.07151031494141
irn,1989,59.98448181152344
irn,1990,65.65376281738281
irn,1991,61.26242065429688
irn,1993,69.41194915771484
irn,1994,73.84745788574219
irn,2000,76.1299819946289
irn,2001,74.92321014404297
irn,2002,74.37474822998047
irn,2003,83.45511627197266
irn,2006,81.17717742919922
irn,2008,85.80355072021484
irn,2009,90.4553680419922
irn,2010,87.32720947265625
irn,2011,88.16045379638672
irn,2012,89.4093017578125
irn,2016,86.5054702758789
irn,2017,87.82450103759766
irn,2020,86.376953125
irq,1971,25.36886978149414
irq,1972,36.89669036865234
irq,1973,36.61534118652344
irq,1974,32.42578887939453
irq,1975,46.87110900878906
irq,1976,43.66416168212891
irq,1977,36.14189910888672
irq,1978,42.47634124755859
irq,1979,47.21681976318359
irq,1980,47.55345153808594
irq,1983,42.64569854736328
irq,1985,42.86238098144531
irq,1986,42.76258087158203
irq,1987,35.64413070678711
irq,1988,39.75004959106445
irq,1989,35.54925918579102
irq,1993,32.7607307434082
irq,1999,28.42024993896484
irq,2000,32.48133850097656
irq,2004,55.00788879394531
irq,2007,48.82707977294922
isl,1998,100.8837814331055
isl,1999,98.55139923095705
isl,2000,99.66506958007812
isl,2001,99.10948181152344
isl,2002,99.8991928100586
isl,2003,99.4555435180664
isl,2004,99.50269317626952
isl,2005,98.9925537109375
isl,2006,99.069580078125
isl,2007,98.81305694580078
isl,2008,99.30213165283205
isl,2009,98.3830795288086
isl,2010,98.39459228515624
isl,2011,98.33843231201172
isl,2012,98.57328033447266
isl,2013,98.84187316894533
isl,2014,99.18772888183594
isl,2015,98.71183013916016
isl,2016,98.9276123046875
isl,2017,99.3981475830078
isl,2018,98.20246124267578
isl,2019,98.57798004150392
isl,2020,98.34710693359376
isl,2021,98.75589752197266
isr,2002,92.4985580444336
isr,2003,92.84554290771484
isr,2004,96.34033966064452
isr,2005,93.43473052978516
isr,2006,89.43887329101562
isr,2007,89.56871795654297
isr,2008,86.1185531616211
isr,2009,87.34471893310547
isr,2010,92.64032745361328
isr,2011,90.46498107910156
isr,2012,92.38887786865234
isr,2013,95.17870330810548
isr,2014,94.84741973876952
isr,2015,97.73548889160156
isr,2016,94.56462097167967
isr,2017,93.39386749267578
isr,2018,95.10726165771484
isr,2019,93.76463317871094
isr,2020,96.17575073242188
isr,2021,93.24793243408205
isr,2022,93.6834716796875
ita,1971,73.95614624023438
ita,1972,77.29277801513672
ita,1973,80.37117767333984
ita,1974,80.18435668945312
ita,1975,84.59413146972656
ita,1976,88.54158782958984
ita,1977,89.16780853271484
ita,1978,90.77068328857422
ita,1979,89.71804809570312
ita,1980,89.5096206665039
ita,1981,89.38227844238281
ita,1982,87.26476287841797
ita,1983,91.01165771484376
ita,1984,90.74044036865234
ita,1985,90.93592071533205
ita,1986,93.06912231445312
ita,1987,93.39202880859376
ita,1988,96.22297668457033
ita,1989,96.16494750976564
ita,1990,95.78910064697266
ita,1991,96.73348236083984
ita,1992,99.55702209472656
ita,1993,103.4329299926758
ita,1994,99.0964813232422
ita,1995,97.51859283447266
ita,1996,102.0256881713867
ita,1997,102.6604919433594
ita,1999,97.18856811523438
ita,2001,102.248893737793
ita,2002,101.9515686035156
ita,2003,101.355583190918
ita,2004,100.5100936889648
ita,2005,100.5821075439453
ita,2006,102.0881271362305
ita,2007,102.3855972290039
ita,2008,100.4648590087891
ita,2009,100.1848068237305
ita,2010,99.39241790771484
ita,2011,101.396240234375
ita,2012,99.96090698242188
ita,2013,100.3218078613281
ita,2014,99.67353057861328
ita,2015,98.8356475830078
ita,2016,99.13231658935548
ita,2017,99.57449340820312
ita,2018,99.2126235961914
ita,2019,99.39910125732422
ita,2020,99.6044921875
ita,2021,100.1156768798828
ita,2022,96.02713012695312
ita,2023,96.02108764648438
jam,1976,74.68354034423828
jam,1977,74.68570709228516
jam,1980,87.69693756103516
jam,1981,87.0698013305664
jam,1983,85.9775390625
jam,1984,86.67681884765625
jam,1985,87.41307830810547
jam,1986,84.74787139892578
jam,1990,92.10240936279295
jam,1991,95.75993347167967
jam,1993,92.13661193847656
jam,2000,89.62135314941406
jam,2001,89.1141586303711
jam,2002,85.89747619628906
jam,2003,87.92510986328125
jam,2004,95.5941162109375
jam,2009,94.60101318359376
jam,2010,97.88658905029295
jam,2011,94.7580108642578
jam,2013,95.00273895263672
jam,2014,88.77838134765625
jam,2015,93.3285675048828
jam,2016,93.77395795504984
jam,2017,86.73995208740234
jam,2018,82.32463073730469
jam,2019,83.5215835571289
jam,2020,82.52632141113281
jam,2023,83.17681121826172
jor,1988,40.60411834716797
jor,1989,55.42453002929688
jor,2002,83.18733978271484
jor,2003,83.04326629638672
jor,2004,81.92389678955078
jor,2006,80.60724639892578
jor,2007,82.5262680053711
jor,2008,84.0608901977539
jor,2011,89.60871887207031
jor,2012,89.2154769897461
jor,2013,85.81584167480469
jor,2014,88.29192352294922
jor,2017,79.86358642578125
jor,2018,83.57270050048828
jor,2019,86.29113006591797
jor,2020,88.90474700927734
jor,2021,88.8909912109375
jor,2022,85.64753723144531
jor,2023,94.02877044677734
jpn,1972,102.8444900512695
jpn,1973,94.0964584350586
jpn,1978,101.7230377197266
jpn,1979,99.5683135986328
jpn,1980,100.8771209716797
jpn,1981,122.7319869995117
jpn,1982,86.07731628417969
jpn,1983,102.4377593994141
jpn,1984,101.1106262207031
jpn,1985,96.20433807373048
jpn,1986,94.6088409423828
jpn,1987,95.71182250976564
jpn,1988,95.27498626708984
jpn,1989,98.47936248779295
jpn,1990,102.8493576049805
jpn,1991,101.9066696166992
jpn,1992,102.2422637939453
jpn,1994,104.3133392333984
kaz,2000,86.48416900634766
kaz,2001,92.71217346191406
kaz,2002,92.88630676269533
kaz,2003,91.26297760009766
kaz,2004,96.49584197998048
kaz,2005,97.29866790771484
kaz,2006,97.83441162109376
kaz,2007,97.98159027099608
kaz,2008,99.39584350585938
kaz,2009,105.2825622558594
kaz,2010,111.6945325848182
kaz,2011,102.1357090554064
kaz,2012,101.1074025412318
kaz,2013,99.59033450574918
kaz,2014,98.49559281595864
kaz,2015,97.5862211733532
kaz,2016,103.3353015466877
kaz,2017,95.49492744836506
kaz,2018,94.5054516830464
kaz,2019,95.89986448267736
kaz,2020,90.83506306881684
kaz,2021,90.5147546157488
kaz,2022,91.43548291934628
kaz,2023,93.65803397382344
kaz,2024,94.689303246921
ken,1971,18.4569091796875
ken,1972,20.37002944946289
ken,2014,79.23030098316713
ken,2015,81.37696838378906
ken,2016,81.84289079575123
kgz,2001,93.74942779541016
kgz,2002,92.0164031982422
kgz,2003,90.00084686279297
kgz,2004,88.84349060058594
kgz,2005,89.61763000488281
kgz,2006,89.72440338134766
kgz,2007,88.40518951416016
kgz,2008,85.08531188964844
kgz,2009,86.11856079101562
kgz,2010,90.44482173174872
kgz,2011,90.5195246179966
kgz,2012,88.84728014908156
kgz,2013,85.80708137368
kgz,2014,89.87126865671642
kgz,2015,87.92265089646108
kgz,2016,88.8799153927507
kgz,2017,92.44553409475972
kgz,2018,92.72560212699406
kgz,2019,92.56309842792632
kgz,2020,94.70496839577667
kgz,2021,90.93156320766133
kgz,2022,91.26010176593834
kgz,2023,91.45849994511612
kgz,2024,95.07094514367134
khm,1997,21.98500061035156
khm,1999,30.82144927978516
khm,2001,22.93855094909668
khm,2002,30.47611999511719
khm,2003,34.85165023803711
khm,2004,36.61489868164063
khm,2005,39.31269836425781
khm,2006,41.18305969238281
khm,2007,46.11801910400391
khm,2008,50.19269180297852
khm,2010,50.87577819824219
khm,2011,47.93502647401957
khm,2012,46.78160188307145
khm,2013,43.82021757109231
khm,2014,44.71606858106772
khm,2015,48.51636123657227
khm,2016,45.15447391431069
khm,2017,48.45551251470071
khm,2018,51.54455947875977
khm,2019,46.89604187011719
khm,2020,49.06837844848633
khm,2021,48.53778316963349
khm,2022,53.24146174667119
khm,2023,53.22668392604966
kir,1979,12.18904972076416
kir,1980,13.88551044464111
kir,1981,12.79621028900146
kir,1982,10.56338024139404
kir,1983,13.31748008728027
kir,1984,13.916259765625
kir,1986,19.48579025268555
kir,1989,37.2492790222168
kir,1990,40.70922088623047
kir,1991,45.97222137451172
kir,1992,45.81081008911133
kir,2014,89.48233360723088
kir,2015,82.35294117647058
kir,2016,80.93183898925781
kir,2020,102.3560180664063
kir,2021,94.26434326171876
kir,2022,90.36334991455078
kir,2023,95.61602020263672
kna,2001,101.7204284667969
kna,2003,94.04254913330078
kna,2004,91.20172119140624
kna,2007,117.1215896606445
kna,2008,124.3589706420898
kna,2009,118.5750579833984
kna,2010,122.2797927856445
kna,2011,117.1428604125977
kna,2013,110.9725723266602
kna,2014,109.3199005126953
kna,2015,128.0748748779297
kna,2016,121.3872833251953
kna,2017,122.9357798165138
kna,2018,122.9299363057325
kna,2019,130.4347826086957
kna,2020,117.4496644295302
kna,2021,127.4834437086093
kna,2022,113.4185303514377
kna,2023,130.0
kor,1971,56.37519836425781
kor,1972,58.6965217590332
kor,1973,61.21715927124023
kor,1976,76.21819305419922
kor,1977,77.9393310546875
kor,1978,80.61546325683594
kor,1979,91.63194274902344
kor,1980,91.03360748291016
kor,1982,99.4819793701172
kor,1983,91.65865325927734
kor,1984,93.93348693847656
kor,1985,91.2174835205078
kor,1986,92.4116668701172
kor,1987,100.3943099975586
kor,1988,100.4903793334961
kor,1995,96.82351684570312
kor,1998,97.01846313476564
kor,1999,93.5117416381836
kor,2000,100.5327301025391
kor,2001,99.03797912597656
kor,2002,98.80274963378906
kor,2003,98.32611083984376
kor,2004,98.49648284912108
kor,2005,94.14586639404295
kor,2006,98.35723876953124
kor,2007,99.0352020263672
kor,2008,98.48975372314452
kor,2009,98.40650939941406
kor,2010,99.18305206298828
kor,2011,99.61199951171876
kor,2012,100.2133331298828
kor,2013,100.4483413696289
kor,2014,96.4011688232422
kor,2015,101.5813903808594
kor,2016,103.4880676269531
kor,2017,98.10002136230467
kor,2018,99.9718017578125
kor,2019,103.1042022705078
kor,2020,96.46470642089844
kor,2021,95.68374633789064
kor,2022,98.59813690185548
kwt,1973,40.97089004516602
kwt,1974,38.23678970336914
kwt,1975,35.64804077148438
kwt,1976,44.73587036132813
kwt,1977,47.53831100463867
kwt,1978,45.10932922363281
kwt,1979,49.15322113037109
kwt,1980,56.83338165283203
kwt,1981,68.28804779052734
kwt,1982,76.78370666503906
kwt,1983,81.8007583618164
kwt,1984,86.3877182006836
kwt,1985,81.34696197509766
kwt,1988,62.87572860717773
kwt,1992,59.99573135375977
kwt,1994,66.01750946044922
kwt,1995,83.3938980102539
kwt,1996,86.31829071044922
kwt,1997,83.89557647705078
kwt,1999,75.28936004638672
kwt,2000,81.80864715576172
kwt,2001,77.26464080810547
kwt,2002,85.46145629882812
kwt,2003,90.03250885009766
kwt,2004,93.13678741455078
kwt,2005,108.9780426025391
kwt,2006,74.84838104248047
kwt,2007,96.5143585205078
kwt,2008,90.79579925537108
kwt,2009,92.13208770751952
kwt,2010,91.15615844726564
kwt,2012,91.84546661376952
kwt,2013,88.49939727783203
kwt,2016,80.68131256103516
kwt,2017,80.77459716796875
kwt,2018,79.13091278076172
kwt,2019,77.38395690917969
kwt,2020,81.38353729248047
kwt,2021,78.09712982177734
lao,1971,2.231519937515259
lao,1972,2.358910083770752
lao,1973,2.43831992149353
lao,1974,2.943289995193481
lao,1992,24.20503044128418
lao,1993,25.93687057495117
lao,1994,26.68173980712891
lao,1997,30.40159034729004
lao,1999,36.88072967529297
lao,2000,39.84291839599609
lao,2001,41.3874397277832
lao,2002,45.41447067260742
lao,2003,48.79779052734375
lao,2004,50.2753791809082
lao,2005,49.57397842407227
lao,2006,47.33842086791992
lao,2007,47.41962814331055
lao,2008,48.73604965209961
lao,2009,52.25947189331055
lao,2010,47.26372146606445
lao,2011,48.56296606948613
lao,2012,50.32003484090639
lao,2013,52.81432700302219
lao,2014,55.59421422986708
lao,2015,62.5391207891505
lao,2016,66.94114018265452
lao,2017,70.31674702580143
lao,2018,67.69880077580791
lao,2019,65.99752134773313
lao,2020,62.65865332903087
lao,2021,61.31336649380887
lao,2022,58.28994028237341
lao,2023,54.92352005050438
lao,2024,51.35436918711576
lbn,1973,37.35474014282227
lbn,2023,48.10924911499023
lbr,1978,29.85082054138184
lbr,2000,43.92134857177734
lbr,2008,38.36056900024414
lbr,2009,43.51713943481445
lbr,2011,45.13046674016906
lbr,2014,41.55505808792311
lbr,2016,42.77498726068283
lbr,2017,45.18630502445532
lbr,2021,43.85299984655516
lbr,2022,43.97030429120953
lca,1983,33.0631217956543
lca,1987,36.90205001831055
lca,1999,62.60342025756836
lca,2000,64.83026885986328
lca,2001,68.0960464477539
lca,2002,65.08120727539062
lca,2003,69.92436981201172
lca,2004,70.99192810058594
lca,2005,66.4769515991211
lca,2007,79.39669799804688
lca,2008,79.59654235839844
lca,2009,113.3410034179688
lca,2010,101.6279067993164
lca,2011,91.99278259277344
lca,2012,93.37914276123048
lca,2013,92.3227081298828
lca,2014,89.12467193603516
lca,2016,87.29396057128906
lca,2017,89.8426284790039
lca,2018,82.04562377929688
lca,2019,91.91232299804688
lca,2021,87.23064644852354
lca,2022,82.24152374267578
lca,2023,79.51525115966797
lie,2003,77.61904907226562
lie,2005,72.8888931274414
lie,2006,75.12438201904297
lie,2007,75.84745788574219
lie,2008,102.1390380859375
lie,2009,113.0841064453125
lie,2010,110.3286437988281
lie,2011,100.0
lie,2014,111.7647094726563
lie,2015,95.74468231201172
lie,2016,94.39251708984376
lie,2017,94.1747589111328
lie,2018,102.0202026367188
lie,2019,93.33332824707033
lie,2020,99.51455688476564
lie,2021,93.8144302368164
lka,1970,38.00355911254883
lka,1985,66.99778747558594
lka,1986,74.88372039794922
lka,1987,60.04116821289063
lka,1989,64.51254272460938
lka,1990,66.42948150634766
lka,1991,66.54683685302734
lka,1992,68.07945251464844
lka,1998,82.16998291015625
lka,2001,83.5738296508789
lka,2002,84.80355072021484
lka,2003,88.53175354003906
lka,2005,92.6139907836914
lka,2006,95.92221069335938
lka,2007,91.64218902587892
lka,2009,84.30831909179688
lka,2010,92.71897173432592
lka,2011,90.93579155519367
lka,2012,86.8560968215843
lka,2013,90.84718886271948
lka,2014,92.54481244409337
lka,2015,93.04452011602976
lka,2016,90.68807210252076
lka,2017,91.78164965712988
lka,2019,91.64818077031818
lka,2020,94.07583195171377
lka,2021,96.2122608271451
lka,2022,94.94355136934152
lka,2023,91.01199166652997
lso,1972,6.35345983505249
lso,1973,12.03818988800049
lso,1986,16.13953971862793
lso,1987,16.10549926757813
lso,1998,20.1097297668457
lso,1999,22.48907089233398
lso,2000,21.21081924438477
lso,2001,22.9553108215332
lso,2002,22.71857070922852
lso,2003,22.61433982849121
lso,2004,24.74386978149414
lso,2005,25.96483039855957
lso,2006,26.94284057617188
lso,2007,26.57436943054199
lso,2008,28.6018009185791
lso,2009,33.19292068481445
lso,2010,36.87983814215342
lso,2012,38.45178774368389
lso,2013,38.10647783897193
lso,2014,40.96417870399356
lso,2016,38.32670762558728
lso,2017,37.86868818890777
lso,2018,38.30984741098975
lso,2019,35.88604177914365
lso,2020,39.33940292187169
lso,2022,38.70262084051996
lso,2023,32.28292446739832
ltu,1989,0.0
ltu,1995,79.0640869140625
ltu,1997,78.083740234375
ltu,1999,55.04248809814453
ltu,2000,74.97074890136719
ltu,2001,86.94766998291016
ltu,2002,94.77955627441406
ltu,2003,95.0800323486328
ltu,2011,103.6977691650391
ltu,2012,102.7387313842773
ltu,2013,107.4410705566406
ltu,2014,97.447998046875
ltu,2015,99.48374938964844
ltu,2016,96.58020782470705
ltu,2017,89.0208969116211
ltu,2018,87.95266723632812
ltu,2019,93.01994323730467
ltu,2020,99.17411041259766
ltu,2021,93.89839935302734
ltu,2022,99.77352905273438
lux,1971,29.89525032043457
lux,1972,23.78458976745605
lux,1973,20.67668914794922
lux,1974,20.5776195526123
lux,1975,36.3167610168457
lux,1976,38.26753997802734
lux,1977,49.18397903442383
lux,1978,51.27103042602539
lux,1979,50.97222137451172
lux,1980,51.189208984375
lux,1985,21.32999038696289
lux,1987,19.99102020263672
lux,2006,95.96028900146484
lux,2007,95.56533813476564
lux,2008,90.20819854736328
lux,2010,99.01773834228516
lux,2011,98.21913909912108
lux,2012,108.0280838012695
lux,2013,101.9595565795898
lux,2014,99.53299713134766
lux,2015,92.0315170288086
lux,2016,101.0075607299805
lux,2017,98.01526641845705
lux,2018,118.2590179443359
lux,2019,119.1286163330078
lux,2020,97.81977081298828
lux,2021,102.3900909423828
lux,2022,97.86985778808594
lva,2013,106.1134872436523
lva,2014,99.58876800537108
lva,2015,95.0273208618164
lva,2016,96.12162017822266
lva,2017,98.48281097412108
lva,2018,98.6164093017578
lva,2019,96.83267211914064
lva,2020,98.93537139892578
lva,2021,96.28652954101564
lva,2022,95.57530975341795
lva,2023,94.86920166015624
mac,1990,58.38740158081055
mac,1992,60.66175842285156
mac,1993,58.76668167114258
mac,1999,69.6156997680664
mac,2000,64.29647827148438
mac,2001,66.64373016357422
mac,2002,71.61640930175781
mac,2003,77.1272964477539
mac,2004,83.8367919921875
mac,2005,89.82688903808594
mac,2006,88.1895523071289
mac,2007,87.41854858398438
mac,2008,81.66490936279297
mac,2009,79.5973892211914
mac,2010,82.92481231689453
mac,2011,89.20471954345703
mac,2012,95.00167083740234
mac,2013,96.92857360839844
mac,2014,96.65384674072266
mac,2015,98.125
mac,2016,96.69564819335938
mac,2017,94.82608795166016
mac,2018,80.875
mac,2019,87.56522369384766
mac,2020,84.04000091552734
mac,2021,87.40740966796875
mac,2022,82.9310302734375
mac,2023,99.8888931274414
mar,1975,15.99273014068604
mar,1976,18.22555923461914
mar,1977,18.49184036254883
mar,1978,20.82209968566895
mar,1979,24.67280960083008
mar,1980,25.10420036315918
mar,1981,25.50955963134766
mar,1983,27.70845985412598
mar,1985,30.42411994934082
mar,1986,32.25157165527344
mar,1987,31.81562042236328
mar,1988,35.83399963378906
mar,1989,36.95389938354492
mar,1990,37.09235000610352
mar,1991,38.15486907958984
mar,1992,36.41297149658203
mar,1993,33.98107147216797
mar,1994,36.60015106201172
mar,1995,37.15319061279297
mar,1997,36.51771926879883
mar,1999,35.06216812133789
mar,2000,37.08081817626953
mar,2001,38.48342895507813
mar,2002,42.02489852905273
mar,2003,41.84658813476563
mar,2004,42.48268890380859
mar,2006,46.589111328125
mar,2007,51.56797027587891
mar,2008,54.90927124023438
mar,2009,61.32297134399414
mar,2010,62.00336837768555
mar,2011,63.25014114379883
mar,2012,63.10459899902344
mar,2013,64.65682220458984
mar,2014,67.75331115722656
mar,2015,67.72447204589844
mar,2016,64.42597961425781
mar,2017,61.22222900390625
mar,2018,61.16114044189453
mar,2019,60.11323165893555
mar,2020,61.97732162475586
mar,2021,69.09990692138672
mar,2022,64.67278289794922
mar,2023,67.62088012695312
mco,1992,107.1942367553711
mco,2016,153.125
mco,2024,141.875
mda,2013,84.19064331054688
mda,2014,102.2237319946289
mda,2015,103.6252975463867
mda,2016,101.2826766967773
mda,2017,105.8990097045898
mda,2018,107.8393402099609
mda,2019,109.2170715332031
mda,2020,108.5872192382813
mdg,1971,10.50172996520996
mdg,1972,11.59167003631592
mdg,1974,10.82077026367188
mdg,1975,10.88084030151367
mdg,1985,20.06830978393555
mdg,1988,18.24300003051758
mdg,1989,15.99808025360107
mdg,1990,15.20263004302979
mdg,1991,13.69781970977783
mdg,1994,11.02223014831543
mdg,1996,12.24647998809814
mdg,2000,12.58625030517578
mdg,2001,11.96356964111328
mdg,2002,12.57841014862061
mdg,2003,13.50634956359863
mdg,2004,14.92551040649414
mdg,2005,17.22768020629883
mdg,2006,18.99482917785645
mdg,2007,20.94725036621094
mdg,2008,23.41674041748047
mdg,2009,25.34413909912109
mdg,2010,26.18482310789453
mdg,2011,29.62576252762263
mdg,2012,31.3901902205786
mdg,2013,35.20235061645508
mdg,2014,34.26435424402791
mdg,2015,35.19093863779953
mdg,2016,33.27021032799355
mdg,2017,28.97513390775983
mdg,2018,33.81080069842854
mdg,2019,32.45341140373931
mdg,2020,29.09652000659147
mdg,2021,32.50951685465754
mdg,2022,30.13874834925481
mdg,2023,29.47350257028269
mdg,2024,29.23898603621763
mdv,2005,79.38346862792969
mdv,2006,71.34490203857422
mdv,2007,80.83934020996094
mdv,2008,83.98323059082031
mdv,2010,93.33173996175908
mdv,2011,84.53632887189293
mdv,2012,80.98519652884124
mdv,2013,81.01071975497703
mdv,2014,86.10129564193169
mdv,2015,86.6383237169754
mdv,2016,88.62131246237207
mdv,2017,88.65507776761208
mdv,2018,88.93046460866853
mdv,2019,90.23611997447352
mdv,2022,84.80243161094225
mdv,2023,97.41645605167088
mex,1993,60.25302886962891
mex,1994,61.70209884643555
mex,1995,62.58594131469727
mex,1997,68.48905944824219
mex,2000,69.06120300292969
mex,2002,72.39051818847656
mex,2003,74.68924713134766
mex,2004,76.54698944091797
mex,2005,78.00528717041016
mex,2006,78.18769073486328
mex,2007,79.087646484375
mex,2008,79.47586059570312
mex,2009,82.95085144042969
mex,2010,82.84895324707031
mex,2011,83.34674835205078
mex,2012,83.50076293945312
mex,2013,84.8868408203125
mex,2014,85.59686279296875
mex,2015,91.52960968017578
mex,2016,94.8510971069336
mex,2017,96.32946014404295
mex,2018,90.7870635986328
mex,2019,89.68287658691406
mex,2020,89.00939178466797
mex,2021,90.85758972167967
mex,2022,92.01119995117188
mhl,1999,101.8641815185547
mhl,2002,110.0995712280273
mhl,2007,100.9433975219727
mhl,2008,93.12838745117188
mhl,2009,91.84027862548828
mhl,2011,116.5064086914063
mhl,2018,0.0
mhl,2019,123.0899810791016
mhl,2020,124.956672668457
mhl,2021,134.7197113037109
mhl,2022,36.94029998779297
mkd,1995,89.8456802368164
mkd,1996,93.65634155273438
mkd,1997,94.89041900634766
mkd,1999,95.55661010742188
mkd,2000,96.18370056152344
mkd,2001,96.30210113525392
mkd,2002,95.99210357666016
mkd,2003,94.01830291748048
mkd,2004,92.04074096679688
mkd,2005,93.64026641845705
mkd,2006,91.01232147216795
mkd,2007,92.41332244873048
mkd,2008,92.40663146972656
mkd,2009,91.85150909423828
mkd,2010,92.10491180419922
mkd,2015,87.45532989501953
mkd,2017,92.2418212890625
mkd,2018,90.78096771240234
mkd,2019,87.46861267089844
mkd,2020,89.15953063964844
mkd,2021,88.14198303222656
mkd,2022,94.16383361816406
mli,1981,8.8431396484375
mli,1982,7.092689990997314
mli,1984,7.816909790039063
mli,1985,7.589660167694092
mli,1987,6.456840038299561
mli,1988,6.474810123443604
mli,2001,18.58250045776367
mli,2002,19.06451034545898
mli,2008,34.54549026489258
mli,2009,38.12540054321289
mli,2010,40.49044036865234
mli,2011,45.19858932495117
mli,2013,31.84622001647949
mli,2014,34.93606185913086
mli,2015,31.7267894744873
mli,2016,33.18896102905273
mli,2017,30.23347091674805
mli,2023,28.89270973205566
mlt,1971,17.96599960327148
mlt,1972,29.0056095123291
mlt,1973,32.49182891845703
mlt,1974,31.52075958251953
mlt,1975,37.61328887939453
mlt,1976,37.16923141479492
mlt,1977,37.16897964477539
mlt,1978,41.03482055664063
mlt,1979,45.67567825317383
mlt,1980,43.71699905395508
mlt,1981,38.50405120849609
mlt,1982,46.86289978027344
mlt,1983,40.05612945556641
mlt,1984,39.24710083007813
mlt,1985,40.26337051391602
mlt,1986,41.73844909667969
mlt,1987,36.78464126586914
mlt,1988,40.48744964599609
mlt,1989,41.45558166503906
mlt,1990,39.6988410949707
mlt,1991,42.33937072753906
mlt,1992,50.78277969360352
mlt,1993,50.64080810546875
mlt,1994,52.2652702331543
mlt,1995,60.16571044921875
mlt,1996,37.90164184570313
mlt,1997,64.16301727294922
mlt,1998,63.75363159179688
mlt,1999,68.0038833618164
mlt,2000,77.03349304199219
mlt,2001,74.34233093261719
mlt,2002,88.83943939208984
mlt,2003,92.26750183105467
mlt,2004,99.24553680419922
mlt,2005,92.81397247314452
mlt,2006,96.84853363037108
mlt,2007,98.25965881347656
mlt,2008,96.40338897705078
mlt,2009,96.96859741210938
mlt,2010,104.747200012207
mlt,2011,101.6832427978516
mlt,2012,104.0506286621094
mlt,2013,99.95536041259766
mlt,2014,94.45886993408205
mlt,2015,92.18401336669922
mlt,2016,92.9656982421875
mlt,2017,94.52359771728516
mlt,2018,96.1821517944336
mlt,2019,97.6958465576172
mlt,2020,99.06166076660156
mlt,2021,98.55452728271484
mlt,2022,98.241943359375
mlt,2023,97.67803955078124
mmr,1971,14.38035011291504
mmr,1972,13.62273979187012
mmr,1973,14.93278980255127
mmr,1974,14.70230007171631
mmr,1999,30.81752014160156
mmr,2000,34.35282897949219
mmr,2001,37.22900009155273
mmr,2002,38.16804885864258
mmr,2003,35.12260055541992
mmr,2004,44.38951110839844
mmr,2005,41.60322189331055
mmr,2006,42.05031967163086
mmr,2007,39.430908203125
mmr,2009,44.649169921875
mmr,2010,43.77951049804688
mmr,2014,51.38898849487305
mmr,2016,56.41788101196289
mmr,2017,63.82416915893555
mmr,2018,68.92594146728516
mne,2011,74.9832534790039
mne,2012,95.42002105712892
mne,2015,91.412353515625
mne,2016,93.84832000732422
mne,2017,95.76053619384766
mne,2018,94.46485137939452
mne,2019,93.51779174804688
mne,2020,96.30880737304688
mne,2021,95.35491180419922
mne,2022,97.91030120849608
mne,2023,97.13865661621094
mng,1995,50.65476989746094
mng,1996,90.49481964111328
mng,1997,50.1209602355957
mng,1999,48.40388870239258
mng,2000,52.6788215637207
mng,2001,56.67013931274414
mng,2002,69.65892028808594
mng,2003,74.7198486328125
mng,2004,80.28073120117188
mng,2005,88.16758728027344
mng,2006,93.01891326904295
mng,2007,93.14170074462892
mng,2008,92.4045181274414
mng,2009,89.111572265625
mng,2010,105.3103866577148
mng,2018,101.814181148682
mng,2019,90.82537074668166
mng,2020,86.65309446254071
mng,2021,86.32401222687649
mng,2022,92.1801851787634
mng,2023,95.31195593681744
moz,1983,12.57279968261719
moz,1985,15.28915023803711
moz,1986,14.44641971588135
moz,1990,13.49697971343994
moz,1992,11.9544095993042
moz,1993,11.38943958282471
moz,1994,10.91613006591797
moz,1995,11.13274955749512
moz,1999,3.279449939727783
moz,2000,4.4822998046875
moz,2002,6.645530223846436
moz,2004,7.917630195617676
moz,2005,11.29001045227051
moz,2006,12.40590953826904
moz,2007,15.43340015411377
moz,2008,19.96894073486328
moz,2009,21.82395935058594
moz,2010,23.2304801940918
moz,2011,24.25772094726563
moz,2012,24.02639961242676
moz,2013,23.69426918029785
moz,2014,23.71367073059082
moz,2015,23.984130859375
moz,2017,23.94020080566406
moz,2019,25.89112091064453
moz,2020,35.81358913511946
moz,2022,44.2086181640625
moz,2023,30.93325832003512
mrt,1978,9.384550094604492
mrt,1979,10.55043029785156
mrt,1980,12.17294979095459
mrt,1981,13.52530002593994
mrt,1989,16.28829956054688
mrt,1991,15.36217021942139
mrt,1992,15.00020027160645
mrt,1993,14.96864032745361
mrt,1994,15.38842010498047
mrt,1995,16.21841049194336
mrt,1999,16.00900077819824
mrt,2001,19.00584030151367
mrt,2002,18.53175926208496
mrt,2003,18.9592399597168
mrt,2004,19.17066955566406
mrt,2005,18.76742935180664
mrt,2006,21.20133018493652
mrt,2007,18.2253303527832
mrt,2009,18.19673919677734
mrt,2012,20.35321044921875
mrt,2014,31.73708915710449
mrt,2015,33.84827041625977
mrt,2016,30.4691104888916
mrt,2017,36.9097785949707
mrt,2018,39.56417083740234
mrt,2019,45.93672180175781
msr,1999,45.61404037475586
msr,2001,91.8918914794922
msr,2004,86.66667175292969
msr,2005,119.2307662963867
msr,2006,164.2857055664063
msr,2007,83.8709716796875
msr,2009,110.5263214111328
msr,2019,162.5
mus,1973,47.66484069824219
mus,1974,46.01335906982422
mus,1975,45.99802017211914
mus,1976,48.35324859619141
mus,1977,46.9386100769043
mus,1978,51.3101806640625
mus,1979,63.77764129638672
mus,1981,55.52690124511719
mus,1982,54.47394180297852
mus,1991,54.81753158569336
mus,1992,47.81518936157227
mus,1993,54.45724868774414
mus,1994,58.49958038330078
mus,1995,63.6810302734375
mus,1996,63.37419128417969
mus,1997,63.13758850097656
mus,1998,69.05799102783203
mus,1999,66.01062774658203
mus,2000,69.5656509399414
mus,2001,74.69129180908203
mus,2002,71.25216674804688
mus,2003,73.8434829711914
mus,2004,70.77549743652344
mus,2005,76.09768676757812
mus,2006,71.17774963378906
mus,2007,73.46000671386719
mus,2008,79.40487670898438
mus,2009,76.64874267578125
mus,2010,76.31369018554688
mus,2011,79.34815216064453
mus,2012,76.0096435546875
mus,2013,79.54476165771484
mus,2014,78.26862335205078
mus,2015,75.99842834472656
mus,2016,84.56822204589844
mus,2017,76.87461853027344
mus,2018,77.17121887207031
mus,2019,80.70661163330078
mus,2020,96.23421854592948
mus,2021,131.3229370117188
mus,2023,126.2020492553711
mwi,1974,25.95607948303223
mwi,1975,30.65637969970703
mwi,1976,32.45296859741211
mwi,1977,36.66537094116211
mwi,1978,38.1391716003418
mwi,1979,31.59668922424316
mwi,1980,44.05754852294922
mwi,1981,42.14036178588867
mwi,1982,46.40036010742188
mwi,1983,45.59170150756836
mwi,1984,47.21038055419922
mwi,1985,45.65839004516602
mwi,1986,42.9463996887207
mwi,1987,38.91249084472656
mwi,1988,38.58481979370117
mwi,1989,37.52730941772461
mwi,1990,37.31671905517578
mwi,1991,38.37306976318359
mwi,1992,25.62656021118164
mwi,1993,43.34624862670898
mwi,1994,29.95961952209473
mwi,1995,59.1036491394043
mwi,1996,55.76639938354492
mwi,1999,38.74142837524414
mwi,2005,21.03109931945801
mwi,2006,22.89825057983398
mwi,2007,21.47878074645996
mwi,2008,22.89167022705078
mwi,2009,22.8112907409668
mwi,2010,20.60976685385
mwi,2011,21.83282862434951
mwi,2012,20.74458676860754
mwi,2013,24.0995064616438
mwi,2014,24.19579390889079
mwi,2015,25.03158173556919
mwi,2018,23.14761205574881
mwi,2021,21.34786925839813
mwi,2022,22.73456816900186
mys,1998,87.74919128417969
mys,1999,82.11003875732422
mys,2000,80.48423767089844
mys,2001,80.500732421875
mys,2002,78.7386474609375
mys,2003,85.74951171875
mys,2004,80.99900817871094
mys,2005,77.89105987548828
mys,2006,79.41194915771484
mys,2007,80.66378021240234
mys,2008,80.59931945800781
mys,2009,79.8779067993164
mys,2010,81.33738708496094
mys,2011,83.13114805076343
mys,2012,83.21922631663924
mys,2013,80.10827856998087
mys,2014,77.4319014363332
mys,2015,76.66107360382618
mys,2016,74.27840435800135
mys,2017,73.12431855538682
mys,2018,69.5601810542027
mys,2019,70.18250930939458
mys,2020,71.71862466704799
mys,2021,77.1324961337992
mys,2022,77.06935202144135
mys,2023,79.46962302195179
nam,1992,42.18769073486328
nam,1998,54.56436920166016
nam,1999,55.6190185546875
nam,2000,54.73628997802734
nam,2005,59.38467025756836
nam,2006,57.68741989135742
nam,2008,51.74509811401367
nam,2009,56.21223068237305
nam,2010,55.24467086791992
nam,2012,59.89189147949219
nam,2013,62.63541030883789
nam,2017,68.21372985839844
nam,2021,87.33865778417048
ncl,1988,37.83230972290039
ncl,1989,39.36008071899414
ncl,1990,44.38172912597656
ner,1971,0.88059002161026
ner,1972,1.235659956932068
ner,1973,1.565080046653748
ner,1974,1.819550037384033
ner,1975,2.017070055007935
ner,1976,1.953310012817383
ner,1977,2.753060102462769
ner,1978,2.83459997177124
ner,1979,3.369570016860962
ner,1981,5.333730220794678
ner,1989,5.764969825744629
ner,1990,6.164740085601807
ner,1991,6.633299827575684
ner,1992,6.510240077972412
ner,1997,7.68871021270752
ner,2000,5.183549880981445
ner,2001,5.358160018920898
ner,2002,4.851729869842529
ner,2003,5.773409843444824
ner,2004,7.390029907226563
ner,2005,7.772560119628906
ner,2006,8.791600227355957
ner,2007,8.342650413513184
ner,2008,9.782750129699709
ner,2009,10.10939025878906
ner,2010,9.904999732971191
ner,2011,11.5078296661377
ner,2012,13.28289031982422
ner,2013,13.86270999908447
ner,2014,14.05949020385742
ner,2015,17.16770935058594
ner,2016,18.23448944091797
ner,2017,19.77725982666016
ner,2018,20.73044967651367
ner,2019,19.14818000793457
ner,2021,17.06879043579102
ner,2022,14.89538955688477
ner,2023,14.42765998840332
nga,2000,27.10157012939453
nga,2001,28.70755004882813
nga,2003,39.67826080322266
nga,2010,47.2434196472168
nic,1987,15.48388004302979
nic,1988,17.74283027648926
nic,1993,25.2778491973877
nic,1994,26.8499698638916
nic,1995,28.68022918701172
nic,1999,39.32057952880859
nic,2000,41.02856826782227
nic,2001,41.94919967651367
nic,2002,45.28707122802734
nic,2004,49.82796096801758
nic,2005,54.34157943725586
nic,2006,54.4892692565918
nic,2007,57.16590881347656
nic,2008,53.47232818603516
nic,2010,59.49753189086914
niu,2015,91.66667175292967
niu,2021,93.33332824707033
niu,2022,137.5
nld,1971,52.48902893066406
nld,1972,47.45822906494141
nld,1973,49.65716171264648
nld,1974,51.40510177612305
nld,1975,52.88113021850586
nld,1976,52.03414916992188
nld,1977,53.99771118164063
nld,1978,53.25839996337891
nld,1979,53.32933044433594
nld,1980,53.9044303894043
nld,1981,54.11811065673828
nld,1982,54.18923187255859
nld,1983,54.03461837768555
nld,1984,52.95748138427734
nld,1985,54.4111213684082
nld,1986,55.92081832885742
nld,1987,57.89249038696289
nld,1988,60.63380813598633
nld,1989,60.14542007446289
nld,1990,61.78387069702148
nld,1991,59.74605941772461
nld,1992,61.01766967773438
nld,1999,62.89873886108398
nld,2013,0.0
nld,2014,0.0
nld,2015,0.0
nld,2016,0.0
nld,2017,0.0
nld,2018,0.0
nld,2019,0.0
nor,1998,98.60009002685548
nor,1999,98.70465087890624
nor,2000,98.19151306152344
nor,2001,98.56365203857422
nor,2002,98.20361328125
nor,2003,98.30384826660156
nor,2004,98.08847045898438
nor,2005,98.16999816894533
nor,2006,98.26776885986328
nor,2007,99.19349670410156
nor,2008,100.4794311523438
nor,2009,100.0870513916016
nor,2010,99.7676010131836
nor,2011,100.0512008666992
nor,2012,99.10688018798828
nor,2013,100.9143905639648
nor,2014,99.65003967285156
nor,2015,99.69001007080078
nor,2016,99.66635131835938
nor,2017,100.0843887329102
nor,2018,100.2202606201172
nor,2019,99.50766754150392
nor,2020,99.67713165283205
nor,2021,99.6689682006836
nor,2022,99.61963653564452
nor,2023,99.20844268798828
npl,1992,47.20381927490234
npl,1999,44.40943145751953
npl,2000,47.75477981567383
npl,2001,52.95009994506836
npl,2002,53.11125946044922
npl,2003,50.81684112548828
npl,2008,58.74092102050781
npl,2010,67.40628051757812
npl,2011,68.95353698730469
npl,2012,74.53166961669922
npl,2013,77.77570343017578
npl,2014,81.51355743408203
npl,2015,83.67902374267578
npl,2016,86.35948181152344
npl,2017,91.52718440018002
npl,2019,96.20364379882812
npl,2020,97.11351776123048
npl,2021,93.55026468291524
npl,2022,100.3617988278914
npl,2023,103.2659211991492
npl,2024,100.8248572297503
nru,1998,27.27272987365723
nru,2001,36.36363983154297
nru,2002,30.0
nru,2012,90.72164916992188
nru,2019,66.07142639160156
nru,2020,70.33898162841797
nru,2022,76.92308044433594
nru,2023,80.71428680419922
omn,1974,0.3897700011730194
omn,1976,1.493860006332397
omn,1978,4.541790008544922
omn,1979,5.680840015411377
omn,1983,27.90903091430664
omn,1984,27.8659496307373
omn,1985,30.99476051330566
omn,1986,31.18552017211914
omn,1987,33.55438995361328
omn,1988,32.13320922851563
omn,1989,36.57875061035156
omn,1990,36.66162109375
omn,1992,48.89498901367188
omn,1994,51.68878936767578
omn,1995,57.49694061279297
omn,1996,60.18339920043945
omn,1997,54.71175003051758
omn,2000,68.22496795654297
omn,2001,78.05609893798828
omn,2002,80.5273208618164
omn,2003,82.62017822265625
omn,2009,115.5541229248047
omn,2011,122.1518707275391
omn,2012,106.424919128418
omn,2013,95.4300537109375
omn,2014,95.91143798828124
omn,2015,97.23448181152344
omn,2016,95.3239517211914
omn,2017,95.42044067382812
omn,2018,95.9377899169922
omn,2019,94.29715728759766
omn,2020,93.32797241210938
omn,2021,98.04073333740234
omn,2022,90.87960815429688
pak,2004,32.94063186645508
pak,2005,32.83607864379883
pak,2008,37.47431182861328
pak,2009,38.36972045898438
pak,2010,38.14611053466797
pak,2011,37.77869033813477
pak,2012,39.22769165039063
pak,2013,40.96160888671875
pak,2014,42.35884857177734
pak,2015,43.42404937744141
pak,2016,44.84999847412109
pak,2017,44.98303985595703
pak,2018,45.83995056152344
pak,2019,45.12953948974609
pak,2021,48.07117975117975
pak,2022,47.72193809045145
pan,2004,42.27441024780273
pan,2005,43.60171890258789
pan,2006,61.72611999511719
pan,2007,61.64479827880859
pan,2008,61.98759841918945
pan,2009,64.09303283691406
pan,2010,66.66864013671875
pan,2011,66.57479095458984
pan,2012,71.41531372070312
pan,2017,73.68582153320312
pan,2019,68.42919158935547
pan,2020,67.78185272216797
pan,2021,82.86293029785156
pan,2022,83.160400390625
pan,2023,75.17453002929688
per,1970,33.33100128173828
per,1977,50.68920135498047
per,1978,54.183349609375
per,1979,64.84149932861328
per,1980,58.53863143920898
per,1981,60.87511825561523
per,1995,67.93470001220703
per,2000,77.10175323486328
per,2001,80.27427673339844
per,2002,84.19197845458984
per,2004,82.92224884033203
per,2005,82.24503326416016
per,2006,85.14694213867188
per,2008,87.21452331542969
per,2009,90.69754791259766
per,2010,90.74268341064452
per,2011,89.9254379272461
per,2012,84.20500183105469
per,2013,90.15930938720705
per,2014,89.46453094482422
per,2015,89.8638916015625
per,2016,91.03404998779295
per,2017,89.9985122680664
per,2018,90.99799346923828
per,2019,91.6286392211914
per,2021,93.34429168701172
per,2022,95.18604278564452
per,2023,98.12487030029295
phl,1998,60.49013137817383
phl,1999,59.67237854003906
phl,2001,59.17462158203125
phl,2002,59.53081893920898
phl,2003,62.18215179443359
phl,2004,69.9852066040039
phl,2005,68.11328125
phl,2006,63.77920150756836
phl,2007,58.78078842163086
phl,2008,70.21556854248047
phl,2009,68.35209655761719
phl,2014,71.48009909861682
phl,2017,67.62393111414985
phl,2018,71.71733242757672
phl,2019,75.16234117426482
phl,2020,77.51493497675781
phl,2021,81.22459698992353
phl,2022,95.52248926524616
phl,2023,92.20682555884632
plw,2014,106.8965517241379
plw,2021,96.7479674796748
plw,2022,99.17355371900828
plw,2023,90.08264462809916
png,1998,30.62553024291992
png,2012,61.74546813964844
png,2018,39.17250823974609
pol,1970,0.0
pol,1978,0.0
pol,1988,0.0
pol,2013,97.3544921875
pol,2014,97.03958892822266
pol,2015,96.9618682861328
pol,2016,96.089111328125
pol,2017,96.08453369140624
pol,2018,97.63559722900392
pol,2019,100.2719497680664
pol,2022,130.5793304443359
pol,2023,126.4357299804688
pri,2015,86.55343627929688
pri,2023,80.28301239013672
prt,1972,22.88669967651367
prt,1973,25.5164794921875
prt,1974,32.44633102416992
prt,1975,31.03428077697754
prt,1976,35.03900909423828
prt,1977,30.56941032409668
prt,1978,48.65914916992188
prt,1985,31.36944961547852
prt,1986,37.63745880126953
prt,1991,48.86011123657227
prt,2018,90.98262786865234
prt,2019,91.3242416381836
prt,2020,94.7914581298828
prt,2021,100.4594497680664
prt,2022,101.8660888671875
pry,2001,70.8278579711914
pry,2002,71.11390686035156
pry,2003,69.71685791015625
pry,2004,70.37351989746094
pry,2005,86.745849609375
pry,2007,81.66197204589844
pry,2008,80.91158294677734
pry,2009,71.32267761230469
pry,2010,72.99043273925781
pry,2011,75.31658935546875
pry,2012,76.90631866455078
pry,2016,67.5575180053711
pry,2020,71.8926773071289
pry,2021,70.04959106445312
pry,2022,68.40583801269531
pry,2023,72.40495300292969
pse,1999,59.73323822021484
pse,2000,58.38898849487305
pse,2001,60.31454849243164
pse,2002,63.3815803527832
pse,2003,67.43701171875
pse,2004,74.40605926513672
pse,2006,77.6639633178711
pse,2007,81.25470733642578
pse,2008,78.80269622802734
pse,2009,87.0885009765625
pse,2010,80.24756622314453
pse,2011,81.77664947509766
pse,2012,77.89160919189453
pse,2013,76.997802734375
pse,2014,75.0993423461914
pse,2015,75.11527252197266
pse,2016,79.4603500366211
pse,2017,79.99517822265625
pse,2018,86.80477905273438
pse,2019,90.40918731689452
pse,2020,89.28257751464844
pse,2021,90.34851837158205
pse,2022,91.21662902832033
pse,2023,88.60257720947266
pyf,1993,47.23926162719727
qat,1971,32.88925933837891
qat,1972,23.06792068481445
qat,1973,24.94278907775879
qat,1974,21.52483940124512
qat,1975,20.68008041381836
qat,1976,22.20410919189453
qat,1977,24.06948089599609
qat,1978,23.41715049743652
qat,1979,27.7677001953125
qat,1980,35.30150985717773
qat,1981,32.30717086791992
qat,1982,38.57450103759766
qat,1983,52.56887817382813
qat,1984,45.83803939819336
qat,1985,48.61631011962891
qat,1986,48.38354110717773
qat,1987,41.84605026245117
qat,1988,41.30307006835938
qat,1989,40.97183990478516
qat,1990,45.71963882446289
qat,1991,51.05707931518555
qat,1992,48.87639999389648
qat,1993,59.81996917724609
qat,1994,62.65594863891602
qat,1995,62.67781829833984
qat,1996,67.8277587890625
qat,2005,74.21077728271484
qat,2006,80.43042755126953
qat,2007,84.50990295410156
qat,2008,90.98837280273438
qat,2009,94.38075256347656
qat,2011,97.07962036132812
qat,2013,111.4064025878906
qat,2014,82.97820281982422
qat,2015,88.33667755126953
qat,2016,84.24308013916016
qat,2017,94.95501708984376
qat,2018,97.3188018798828
qat,2019,96.4809112548828
qat,2020,93.89671325683594
qat,2021,87.48011779785156
qat,2022,95.50914001464844
rou,1993,79.28466796875
rou,1999,86.10343933105469
rou,2001,85.16828918457031
rou,2002,88.43045806884766
rou,2003,87.55313110351562
rou,2004,85.24154663085938
rou,2005,79.0277328491211
rou,2006,78.70604705810547
rou,2007,75.50182342529297
rou,2008,83.03189086914062
rou,2009,94.99285888671876
rou,2010,93.81047058105467
rou,2011,108.9903793334961
rou,2012,88.01725769042969
rou,2013,86.13680267333984
rou,2014,86.88272857666016
rou,2015,85.49388122558594
rou,2016,86.56050872802734
rou,2017,83.71452331542969
rou,2018,83.66246032714844
rou,2019,85.98091888427734
rou,2020,83.63185119628906
rou,2021,70.20539855957031
rou,2022,78.43826293945312
rou,2023,77.75341796875
rus,1994,80.79596710205078
rus,2014,89.06810760498047
rus,2015,88.44862365722656
rus,2016,83.48587036132812
rus,2018,95.60782623291016
rus,2019,97.38633728027344
rwa,1973,2.007689952850342
rwa,1974,1.545050024986267
rwa,1975,1.729580044746399
rwa,1976,2.041620016098022
rwa,1977,1.911239981651306
rwa,1978,2.259010076522827
rwa,1986,1.768929958343506
rwa,1987,1.433629989624023
rwa,2012,35.93508911132813
rwa,2014,35.49370956420898
rwa,2015,34.79973983764648
rwa,2016,34.76583099365234
rwa,2017,36.44680023193359
rwa,2018,34.4610595703125
rwa,2019,38.36230850219727
rwa,2021,38.94377899169922
rwa,2022,34.8774299621582
rwa,2023,28.87715911865234
sau,1979,54.27415084838867
sau,2005,71.83834838867188
sau,2007,76.68608093261719
sau,2008,81.44927215576172
sau,2010,102.4662399291992
sau,2011,104.3506011962891
sau,2016,97.86273956298828
sau,2017,104.0039520263672
sau,2018,99.64404296875
sau,2019,99.05623626708984
sau,2020,97.82718658447266
sau,2021,100.1033401489258
sau,2022,116.2012405395508
sdn,2010,53.49871063232422
sdn,2013,50.84653854370117
sdn,2014,49.51084899902344
sdn,2015,49.03261184692383
sdn,2016,46.99671936035156
sdn,2018,47.30582046508789
sdn,2019,46.29568099975586
sen,1973,12.77042007446289
sen,1990,16.03400039672852
sen,1992,20.44803047180176
sen,1996,15.22397994995117
sen,1997,15.42626953125
sen,2000,15.79609966278076
sen,2001,15.45695018768311
sen,2002,16.63019943237305
sen,2003,22.40389060974121
sen,2004,20.60062980651855
sen,2005,22.61263084411621
sen,2006,26.12915992736816
sen,2007,35.73661041259766
sen,2008,29.90773010253906
sen,2009,31.14981079101563
sen,2010,34.16484069824219
sen,2011,36.43616104125977
sen,2012,37.19956970214844
sen,2013,38.77048873901367
sen,2014,41.48062133789063
sen,2015,38.42988967895508
sen,2019,32.04264831542969
sen,2021,35.37099838256836
sen,2022,32.95626831054688
sen,2023,32.07690048217773
sgp,2016,109.5298080444336
sgp,2017,105.1388397216797
sgp,2018,100.1153793334961
sgp,2019,100.1941909790039
sgp,2020,100.0879211425781
sgp,2021,98.19407653808594
sgp,2022,100.8004302978516
slb,1980,9.449399948120115
slb,2000,33.90869140625
slb,2002,48.93186187744141
slb,2011,66.98232323232324
slb,2012,64.45051608986036
slb,2017,65.3359173126615
slb,2018,65.15531062124249
slb,2019,63.66402921485088
slb,2023,55.78276902447201
sle,1971,7.932869911193848
sle,1972,8.626709938049316
sle,1973,9.349349975585938
sle,1974,9.85972023010254
sle,1978,11.07594966888428
sle,1979,11.16658973693848
sle,2001,24.95162010192871
sle,2011,47.41104125976563
sle,2012,53.40170672512331
sle,2013,51.86852475273363
sle,2015,49.2146409531647
sle,2016,59.51864021084162
sle,2017,50.12505234091192
sle,2018,51.22954933253037
sle,2021,46.2415660933194
slv,1970,18.62212944030762
slv,1971,20.89949035644531
slv,1972,23.74103927612305
slv,1973,26.43544960021973
slv,1974,31.23825073242188
slv,1976,36.48635101318359
slv,1977,37.89117050170898
slv,1981,28.93700981140137
slv,1982,33.81130981445313
slv,1983,36.72945022583008
slv,1984,37.29607009887695
slv,1987,31.14615058898926
slv,1988,36.9544792175293
slv,1989,39.86928939819336
slv,1991,40.1839485168457
slv,1992,40.96514129638672
slv,1993,42.29676055908203
slv,1995,48.05221939086914
slv,1996,48.00690841674805
slv,2001,62.17538833618164
slv,2002,67.3660888671875
slv,2003,71.47930908203125
slv,2005,72.7783203125
slv,2006,69.64866638183594
slv,2007,68.56112670898438
slv,2008,68.87390899658203
slv,2009,70.33307647705078
slv,2010,73.7871322631836
slv,2011,76.87648010253906
slv,2012,77.87850189208984
slv,2013,75.57862854003906
slv,2014,73.62982177734375
slv,2015,75.21440124511719
slv,2016,71.64412689208984
slv,2017,70.56292724609375
slv,2018,72.76759338378906
slv,2020,69.74793243408203
slv,2021,70.92250061035156
slv,2022,65.07633972167969
slv,2023,64.78022003173828
smr,2000,86.50794219970703
smr,2004,93.70629119873048
smr,2008,93.9189224243164
smr,2009,91.19496917724608
smr,2010,93.78530883789064
smr,2011,101.7647094726563
smr,2012,90.55555725097656
smr,2018,90.39547729492188
smr,2019,98.96372985839844
smr,2020,92.4731216430664
smr,2021,92.26190185546876
smr,2022,93.51351165771484
smr,2023,93.04812622070312
srb,2007,94.37339782714844
srb,2008,95.64891052246094
srb,2009,94.40959167480467
srb,2010,96.5007781982422
srb,2011,99.88339996337892
srb,2012,104.1696166992188
srb,2013,96.44602966308594
srb,2014,96.35481262207033
srb,2015,98.26747894287108
srb,2016,95.15489959716795
srb,2017,94.55937957763672
srb,2018,98.58454132080078
srb,2019,98.41860961914064
srb,2020,96.79033660888672
srb,2021,96.9215087890625
srb,2022,96.5402603149414
ssd,2011,26.36137008666992
stp,1977,8.890850067138672
stp,1978,11.95928955078125
stp,1988,16.16814994812012
stp,2003,21.15685081481934
stp,2004,29.66975975036621
stp,2005,33.16352844238281
stp,2007,30.35079002380371
stp,2008,28.61475944519043
stp,2010,29.82369995117188
stp,2011,38.41315841674805
stp,2012,47.28053435114504
stp,2013,71.3619384765625
stp,2014,66.34921264648438
stp,2015,68.38170623779297
stp,2017,69.55979919433594
stp,2018,68.38918046023416
stp,2019,62.4951418577536
sur,1976,21.50775909423828
sur,1977,20.33745002746582
sur,1978,25.89014053344727
sur,1985,19.36799049377441
sur,2007,28.31460952758789
sur,2008,25.83536911010742
sur,2009,23.65245056152344
sur,2010,27.74270057678223
sur,2011,27.7713794708252
sur,2012,26.55608940124512
sur,2013,28.20558929443359
sur,2014,29.13190078735352
sur,2015,31.07168006896973
sur,2016,28.29410934448242
sur,2017,28.67950057983398
sur,2018,29.37380027770996
sur,2019,30.50938034057617
sur,2020,30.90612030029297
sur,2021,31.71620941162109
svk,1993,91.88375854492188
svk,1994,92.40760040283205
svk,1997,91.76297760009766
svk,2004,86.00050354003906
svk,2005,83.12712097167969
svk,2006,86.39161682128906
svk,2007,84.7078628540039
svk,2008,83.9288101196289
svk,2009,86.55921936035156
svk,2010,90.14250946044922
svk,2011,88.52113342285156
svk,2012,86.34536743164062
svk,2013,80.30655670166016
svk,2014,86.33638000488281
svk,2015,85.55587005615234
svk,2016,80.19660949707031
svk,2017,83.35578918457031
svk,2018,82.47586059570312
svk,2019,80.94996643066406
svk,2020,76.79820251464844
svk,2021,83.81450653076172
svk,2022,82.49981689453125
svk,2023,85.12934875488281
svn,1999,95.2970962524414
svn,2000,93.38848876953124
svn,2002,100.1460571289063
svn,2003,92.90927124023438
svn,2006,95.93524932861328
svn,2009,99.31973266601564
svn,2010,98.85633850097656
svn,2011,95.46903228759766
svn,2012,97.30628967285156
svn,2013,94.49828338623048
svn,2014,95.21762084960938
svn,2015,93.70651245117188
svn,2016,93.94580841064452
svn,2017,94.8859405517578
svn,2018,94.001953125
svn,2019,93.67858123779295
svn,2020,94.14952850341795
svn,2021,94.37136840820312
svn,2022,93.59578704833984
svn,2023,92.06268310546876
swe,2009,100.0111923217773
swe,2010,99.6559829711914
swe,2011,99.4316864013672
swe,2012,101.5421600341797
swe,2013,99.99019622802734
swe,2014,99.87328338623048
swe,2015,100.431022644043
swe,2016,103.4530029296875
swe,2017,108.1024932861328
swe,2018,103.2709503173828
swe,2019,100.5567321777344
swe,2020,100.1337509155273
swe,2021,100.4234924316406
swe,2022,100.3154220581055
swe,2023,99.71481323242188
swz,1970,19.26679039001465
swz,1971,18.64473915100098
swz,1972,21.53936958312988
swz,1973,25.35347938537598
swz,1974,31.95210075378418
swz,1975,32.24185943603516
swz,1976,34.23537826538086
swz,1977,38.75463104248047
swz,1978,38.37701034545898
swz,1979,38.99269104003906
swz,1980,40.10998153686523
swz,1981,39.68984985351563
swz,1982,40.74962997436523
swz,1983,40.4491081237793
swz,1984,41.18939971923828
swz,1985,39.92649841308594
swz,1986,35.24761962890625
swz,1987,36.12154006958008
swz,1988,35.18952941894531
swz,1989,37.89049911499023
swz,1990,36.20742034912109
swz,1991,40.19815063476563
swz,1992,41.51342010498047
swz,1993,38.68315887451172
swz,1994,39.38045883178711
swz,1995,39.87839126586914
swz,1998,39.91416168212891
swz,1999,35.44126892089844
swz,2000,34.11959075927734
swz,2001,30.48205947875977
swz,2002,36.99235153198242
swz,2003,32.91572952270508
swz,2004,40.10623168945313
swz,2005,41.50445938110352
swz,2006,46.54367828369141
swz,2007,50.02145004272461
swz,2009,49.57466125488281
swz,2010,53.50299835205078
swz,2011,56.46739959716797
swz,2012,53.14186096191406
swz,2013,55.97528076171875
swz,2014,53.89645004272461
swz,2015,55.72864151000977
swz,2016,59.83977127075195
swz,2017,65.64459228515625
swz,2019,71.85758972167969
syc,1970,7.852560043334961
syc,1971,6.725150108337402
syc,1972,8.310629844665527
syc,1973,6.459949970245361
syc,1974,19.58127975463867
syc,1977,27.44874954223633
syc,1978,32.79999923706055
syc,1980,80.75560760498047
syc,1981,86.17401885986328
syc,1982,86.36363983154297
syc,1983,92.6150131225586
syc,1988,92.22222137451172
syc,1989,109.5823135375977
syc,1992,95.86028289794922
syc,1993,98.88059997558594
syc,1994,99.75550079345705
syc,1998,106.0344772338867
syc,1999,102.4752502441406
syc,2000,123.6417007446289
syc,2001,107.1428604125977
syc,2002,99.07285308837892
syc,2003,105.7613220214844
syc,2005,109.5176010131836
syc,2007,108.3989486694336
syc,2008,107.6517181396484
syc,2009,115.1693725585938
syc,2010,108.4815292358398
syc,2011,105.7692337036133
syc,2012,123.4154929577465
syc,2013,112.383903503418
syc,2014,117.0395889282227
syc,2015,125.0453720092773
syc,2016,115.3465270996094
syc,2017,133.7786254882813
syc,2018,179.7435913085938
syc,2019,135.28369140625
syc,2020,127.6157836914063
syc,2021,129.5774536132813
syc,2022,101.260498046875
syc,2023,95.17153930664064
syr,1971,43.96768188476563
syr,1972,51.9328498840332
syr,1973,64.73432159423828
syr,1974,54.38718032836914
syr,1975,53.24380111694336
syr,1977,51.06819152832031
syr,1978,53.25457000732422
syr,1979,54.68069839477539
syr,1980,55.08189010620117
syr,1981,55.12133026123047
syr,1982,53.31016159057617
syr,1983,52.62425994873047
syr,1984,54.51203155517578
syr,1985,55.73601150512695
syr,1986,59.70801162719727
syr,1987,60.24333953857422
syr,1988,59.88917922973633
syr,1989,58.49076080322266
syr,1990,53.84629821777344
syr,1991,53.05474853515625
syr,1992,53.1485595703125
syr,1993,49.82741165161133
syr,1994,49.39778900146484
syr,1999,48.06729125976563
syr,2000,47.82732009887695
syr,2001,48.37015151977539
syr,2002,48.80191040039063
syr,2003,51.74459838867188
syr,2004,56.02256011962891
syr,2005,58.91225814819336
syr,2006,58.09869003295898
syr,2007,58.24834060668945
syr,2008,60.81613922119141
syr,2009,61.24613952636719
syr,2010,62.81766128540039
syr,2011,63.10913848876953
syr,2012,65.89714050292969
syr,2013,49.53274154663086
syr,2020,39.39007186889648
syr,2021,43.50460052490234
syr,2022,40.94948959350586
syr,2023,39.70061111450195
syr,2024,38.92362976074219
tca,1997,99.16667175292967
tca,2000,79.69924926757812
tca,2001,81.75675964355469
tca,2002,54.19355010986328
tca,2003,72.78106689453125
tca,2004,91.27906799316406
tca,2005,101.1976013183594
tca,2009,105.4054107666016
tca,2014,77.72926330566406
tca,2015,92.24137878417967
tca,2018,162.8440399169922
tca,2021,107.0175399780273
tca,2022,112.8630676269531
tcd,1988,6.840960025787354
tcd,1989,6.48036003112793
tcd,1990,7.580130100250244
tcd,1991,7.488359928131104
tcd,1994,10.29251956939697
tcd,1995,9.708439826965332
tcd,1996,10.86400032043457
tcd,2000,13.50380992889404
tcd,2002,15.47062015533447
tcd,2003,15.72848987579346
tcd,2004,16.38933944702148
tcd,2006,17.44372940063477
tcd,2009,23.76158905029297
tcd,2010,23.2544002532959
tcd,2011,23.52944946289063
tcd,2012,21.62709045410156
tcd,2013,24.03072929382324
tcd,2015,20.60881996154785
tcd,2016,21.21072959899902
tcd,2017,20.38698959350586
tcd,2018,20.02609062194824
tcd,2021,23.1763801574707
tgo,1974,10.75613975524902
tgo,1975,13.58028984069824
tgo,1976,15.66415023803711
tgo,1977,20.79340934753418
tgo,1978,25.17645072937012
tgo,1979,30.06163024902344
tgo,1980,35.22748947143555
tgo,1981,34.0070915222168
tgo,1982,32.68539810180664
tgo,1983,26.31100082397461
tgo,1984,19.71742057800293
tgo,1985,17.68907928466797
tgo,1986,17.06390953063965
tgo,1987,17.19005012512207
tgo,1988,15.87047958374023
tgo,1989,17.6417407989502
tgo,1990,19.39012908935547
tgo,1991,18.52515029907227
tgo,1992,20.3797607421875
tgo,1994,18.26457023620605
tgo,1995,22.84612083435059
tgo,1996,23.24580955505371
tgo,1999,29.51951026916504
tgo,2000,31.0264892578125
tgo,2001,35.81195831298828
tgo,2002,40.10860061645508
tgo,2003,42.42774963378906
tgo,2004,45.34159088134766
tgo,2005,50.25899887084961
tgo,2006,49.71623992919922
tgo,2007,42.47768020629883
tgo,2008,44.1732292175293
tgo,2010,43.7642707824707
tgo,2011,47.95343017578125
tgo,2013,46.56499862670898
tgo,2014,44.63447952270508
tgo,2015,47.54919052124023
tgo,2016,48.95602035522461
tgo,2017,52.81082153320313
tgo,2018,53.52085876464844
tgo,2019,54.8838996887207
tgo,2020,56.96020126342773
tgo,2021,62.03121185302734
tgo,2022,65.05847930908203
tgo,2023,59.49401092529297
tha,1975,25.68884086608887
tha,1976,27.6676197052002
tha,1977,28.77597045898438
tha,1978,29.16712951660156
tha,2015,82.00205993652344
tha,2016,80.52429962158203
tha,2017,78.779052734375
tha,2018,80.63327026367188
tha,2020,85.16216278076172
tjk,2009,94.5030517578125
tjk,2010,100.1605072021484
tjk,2011,103.4617309570313
tjk,2012,96.12017059326172
tjk,2014,98.35587310791016
tjk,2015,99.89195251464844
tjk,2016,98.25993347167967
tjk,2017,92.73687744140624
tkl,2000,80.95237731933594
tkl,2001,76.19048309326172
tkl,2002,80.0
tkl,2003,100.0
tkl,2018,0.0
tkl,2019,115.0
tkl,2020,60.86957168579102
tkl,2023,0.0
tkl,2024,0.0
tkm,2024,0.0
tls,2008,55.57875061035156
tls,2009,73.4380111694336
tls,2010,72.07050457674559
tls,2011,76.36735002647704
tls,2012,70.90368867309226
tls,2013,67.85998985433727
tls,2016,76.43052638278914
tls,2017,81.62920293031118
tls,2018,83.57861172430708
tls,2019,82.44002658770923
tls,2020,84.40843963484672
ton,1982,83.97290802001953
ton,1983,84.37271118164062
ton,1984,90.50318908691406
ton,1985,76.74585723876953
ton,1993,111.0106811523438
ton,1999,74.24482727050781
ton,2001,75.63091278076172
ton,2003,81.40267944335938
ton,2004,74.7044906616211
ton,2020,65.8578856152513
ton,2022,92.27053140096618
ton,2023,90.5103668261563
ton,2024,0.0
tto,1971,32.60049819946289
tto,1972,34.71895980834961
tto,1985,77.69745635986328
tto,1988,79.77156066894531
tto,1993,71.99756622314453
tto,1997,66.50382995605469
tto,1999,67.7384262084961
tto,2001,70.05277252197266
tto,2003,83.93462371826172
tto,2004,79.42704010009766
tto,2005,73.59163665771484
tto,2007,83.5382080078125
tto,2008,82.53880310058594
tto,2009,85.94609832763672
tto,2010,71.63971710205078
tto,2023,73.72164916992188
tun,1979,19.70314025878906
tun,1980,20.46167945861816
tun,1981,22.03437042236328
tun,1982,20.87433052062988
tun,1983,26.09535980224609
tun,1984,33.53548049926758
tun,1985,33.13275909423828
tun,1986,34.91157913208008
tun,1987,34.37060165405273
tun,1988,36.48794937133789
tun,1990,34.7016716003418
tun,1991,44.5288200378418
tun,1992,41.99132919311523
tun,1993,44.81571960449219
tun,1994,47.68928146362305
tun,1995,48.64012145996094
tun,1996,50.367919921875
tun,1997,53.84299087524414
tun,2004,63.0878791809082
tun,2005,61.40673065185547
tun,2006,59.35879898071289
tun,2008,62.49539184570313
tun,2009,69.69084167480469
tun,2010,65.9548568725586
tun,2013,61.23358154296875
tun,2014,62.82963943481445
tun,2015,61.3525390625
tun,2017,62.32524108886719
tun,2018,65.18644714355469
tun,2021,72.78881072998047
tur,1976,31.31641960144043
tur,1977,31.69667053222656
tur,1982,26.25811958312988
tur,1983,24.79389953613281
tur,1984,29.11527061462402
tur,1986,34.37149047851563
tur,1987,36.14981842041016
tur,1988,34.98669052124023
tur,1989,39.00065994262695
tur,1990,40.93024063110352
tur,1991,44.58443832397461
tur,1992,48.81756973266602
tur,2004,94.49137878417967
tur,2005,98.91504669189452
tur,2006,95.5593032836914
tur,2007,96.92552185058594
tur,2008,97.3620834350586
tur,2009,97.83277893066406
tur,2010,107.0375518798828
tur,2011,97.46092987060548
tur,2012,96.49456024169922
tur,2013,95.38487243652344
tur,2014,98.1490478515625
tur,2015,98.37174224853516
tur,2016,95.9048080444336
tur,2017,98.73490142822266
tur,2018,95.82581329345705
tur,2019,96.86547088623048
tur,2020,130.1947174072266
tur,2021,93.65267181396484
tur,2022,92.39469146728516
tuv,1990,28.57143020629883
tuv,2014,91.07142639160156
tuv,2015,77.27272727272727
tuv,2016,57.00934982299805
tuv,2019,71.84465789794922
tuv,2020,73.0
tuv,2021,84.53607940673828
tuv,2022,91.57894897460938
tuv,2023,79.16667175292969
tza,2002,7.038939952850342
tza,2003,7.869540214538574
tza,2004,8.535510063171387
tza,2005,10.35470962524414
tza,2008,16.13969993591309
tza,2009,23.4613208770752
tza,2011,46.41718531756885
tza,2012,44.64830208222511
tza,2013,39.64919535338409
tza,2016,27.41849590632827
tza,2017,25.40282007370041
tza,2018,28.08800914917812
tza,2019,30.88469450245748
tza,2020,31.37194627711149
tza,2021,33.99970268014713
tza,2022,34.04849756068564
tza,2023,33.17049855653612
uga,1995,12.70512008666992
uga,2000,17.4756908416748
uga,2001,18.08535003662109
uga,2002,20.35318946838379
uga,2003,21.08843994140625
uga,2004,20.59292030334473
uga,2007,24.19927978515625
uga,2008,25.64413070678711
uga,2009,26.75201034545898
uga,2010,29.5730094909668
uga,2011,28.47744941711426
uga,2012,26.63689041137695
uga,2013,30.90814018249512
uga,2014,31.15694999694824
uga,2015,26.84203061075233
uga,2016,29.91783905029297
uga,2017,27.58194923400879
ukr,1993,91.98737335205078
ukr,1994,88.19999694824219
ukr,1999,95.11241912841795
ukr,2000,93.75399017333984
ukr,2001,92.91834259033205
ukr,2002,97.38722229003906
ukr,2003,101.2992935180664
ukr,2004,101.1372833251953
ukr,2005,102.2771682739258
ukr,2006,98.19953918457033
ukr,2007,99.53858184814452
ukr,2008,103.8147583007813
ukr,2009,63.78208160400391
ukr,2010,118.5600891113281
ukr,2011,105.0059585571289
ukr,2012,103.6668395996094
ukr,2013,101.48583984375
ukr,2014,99.93728637695312
ukr,2015,93.5640869140625
ukr,2016,93.3257064819336
ukr,2017,89.2388687133789
ukr,2018,89.92562103271484
ukr,2019,87.33540344238281
ukr,2020,85.70105743408203
ukr,2021,84.05213165283203
ury,1998,53.6397590637207
ury,2001,61.16522979736328
ury,2002,65.38720703125
ury,2003,67.13108825683594
ury,2004,65.55742645263672
ury,2005,63.76453018188477
ury,2006,61.79349899291992
ury,2007,59.35219955444336
ury,2008,60.98265838623047
ury,2009,62.30958938598633
ury,2010,61.79336929321289
ury,2019,85.56713104248047
ury,2021,59.4864387512207
ury,2022,79.46907806396484
usa,2017,106.9041290283203
usa,2018,100.8205871582031
usa,2019,103.0907821655273
usa,2020,103.5294570922852
usa,2021,99.4836196899414
usa,2022,102.0719985961914
uzb,2001,91.37349700927734
uzb,2002,94.96720886230467
uzb,2003,95.23529052734376
uzb,2004,94.94680786132812
uzb,2005,96.43795776367188
uzb,2006,98.46533966064452
uzb,2007,96.16963958740234
uzb,2008,92.45538330078124
uzb,2009,93.007568359375
uzb,2010,92.75929136826234
uzb,2011,91.2199019977384
uzb,2012,90.94277233168845
uzb,2013,86.18986953621658
uzb,2014,94.80160512354269
uzb,2015,91.80624398905084
uzb,2016,93.69920788084336
uzb,2017,93.77817326042924
uzb,2018,92.29931962611228
uzb,2019,93.920674934247
uzb,2020,92.77193963313483
uzb,2021,95.97013094658436
uzb,2022,97.12433823869272
uzb,2023,95.76388821479532
uzb,2024,95.83735426036183
vct,2003,52.28070068359375
vct,2004,60.14171981811523
vct,2005,65.56939697265625
vct,2010,110.2304077148438
vct,2012,96.13861083984376
vct,2013,93.36682891845705
vct,2014,91.80991363525392
vct,2015,99.2677764892578
vct,2016,101.9758507135016
vct,2017,109.1647331786543
vct,2018,103.9653015136719
vct,2023,97.64267990074444
ven,1972,18.75565910339355
ven,1973,27.02165031433105
ven,1974,27.93577003479004
ven,1975,29.76437950134277
ven,1976,31.06048011779785
ven,1977,32.34764099121094
ven,1978,33.22900009155273
ven,1979,32.23468017578125
ven,1980,32.44213104248047
ven,1983,33.98971939086914
ven,1985,37.70320892333984
ven,1986,38.56330108642578
ven,1987,35.83702850341797
ven,1988,35.25745010375977
ven,1989,34.50104141235352
ven,1991,35.40314102172852
ven,1992,35.72320175170898
ven,1993,35.64152145385742
ven,1996,37.51385879516602
ven,1997,39.77870178222656
ven,1999,39.96112823486328
ven,2000,43.20521926879883
ven,2001,46.40085983276367
ven,2002,50.10018157958984
ven,2003,52.30915069580078
ven,2004,56.68605041503906
ven,2005,59.94665145874023
ven,2006,61.62089157104492
ven,2007,66.46550750732422
ven,2008,71.69866943359375
ven,2009,71.58097839355469
ven,2010,69.58439636230469
ven,2011,70.31414794921875
ven,2012,72.32337188720703
ven,2013,72.61428833007812
ven,2014,70.61119079589844
ven,2015,70.64372253417969
ven,2016,68.55184936523438
ven,2017,66.74445343017578
ven,2022,86.05330657958984
ven,2024,79.62049102783203
vgb,1994,65.30612182617188
vgb,2001,87.03704071044922
vgb,2010,81.1111068725586
vgb,2011,73.46939086914062
vgb,2012,75.11962127685547
vgb,2013,71.92118072509766
vgb,2014,71.78218078613281
vgb,2015,94.66018676757812
vgb,2017,86.5
vgb,2018,65.74073791503906
vgb,2019,73.19149017333984
vgb,2020,61.04418182373047
vgb,2021,67.58892822265625
vgb,2024,65.6603775024414
vnm,2001,71.4434585571289
vnm,2002,78.83492279052734
vnm,2014,95.61625296144337
vnm,2015,94.86635648516858
vnm,2016,84.40039980185773
vnm,2018,90.00007090941322
vnm,2022,93.58317942003912
vnm,2023,93.98954703832752
vut,1994,45.35519027709961
vut,1998,26.73410034179688
vut,2001,32.79262924194336
vut,2004,36.84637069702148
vut,2006,26.78570938110352
vut,2010,47.46787603930461
vut,2013,55.46995377503852
vut,2019,50.0
vut,2020,54.28473881870946
vut,2021,65.26177215576172
vut,2022,58.91840607210627
vut,2023,56.28760529482552
wsm,1999,94.7080307006836
wsm,2000,90.62359619140624
wsm,2001,97.77777862548828
wsm,2009,101.4851531982422
wsm,2010,104.8543689320388
wsm,2011,103.0392570704939
wsm,2012,99.6165317426502
wsm,2014,104.967032967033
wsm,2015,110.7606679035251
wsm,2016,105.9714795008913
wsm,2017,102.0574367766824
wsm,2018,103.6410923276983
wsm,2019,98.27441077441075
wsm,2020,105.2496798975672
wsm,2021,95.67251461988305
wsm,2022,101.4532600157109
wsm,2023,91.60557184750732
yem,1999,49.82550811767578
yem,2001,55.83124160766602
yem,2005,53.84180068969727
yem,2010,49.3684196472168
yem,2012,51.23868179321289
yem,2013,49.58544921875
yem,2016,51.20146942138672
zaf,1991,50.20349884033203
zaf,2000,59.59952163696289
zaf,2002,77.5558090209961
zaf,2003,66.46903228759766
zaf,2004,64.70384216308594
zaf,2016,76.99838256835938
zaf,2018,78.84870147705078
zaf,2019,79.01177215576172
zaf,2020,81.81546783447266
zaf,2021,92.31636810302734
zaf,2022,83.55500030517578
zmb,1976,21.53104972839355
zmb,1977,23.5719108581543
zmb,2000,28.01589012145996
zmb,2001,30.67227935791016
zmb,2002,40.68180084228516
zmb,2004,41.43666839599609
zmb,2005,45.37041854858398
zmb,2007,53.89144134521484
zmb,2008,72.26332092285156
zmb,2009,69.41499328613281
zmb,2010,64.05602264404297
zmb,2011,63.29458999633789
zmb,2012,57.58956909179688
zmb,2013,59.62108993530273
zwe,1984,60.14059066772461
zwe,2012,68.70040410875824
zwe,2013,69.99316909366003
zwe,2014,65.51874658068422
zwe,2015,66.31907365712448
zwe,2016,63.30727718324665
zwe,2017,62.55219098495123
zwe,2018,58.50605187319885
zwe,2019,65.62842146848016
zwe,2020,64.4372897858028
zwe,2021,69.158703089975
zwe,2022,69.05372306956282
zwe,2023,64.84998979860961
