country,year,rofst_mod_3_m
abw,2000,6.0
abw,2001,6.300000190734863
abw,2002,6.900000095367432
abw,2003,7.400000095367432
abw,2004,7.300000190734863
abw,2005,6.599999904632568
abw,2006,6.0
abw,2007,6.099999904632568
abw,2008,6.5
abw,2009,6.900000095367432
abw,2010,7.0
abw,2011,6.599999904632568
abw,2012,5.699999809265137
abw,2013,4.800000190734863
abw,2014,4.0
abw,2015,3.299999952316284
abw,2016,2.799999952316284
abw,2017,2.400000095367432
abw,2018,2.0
abw,2019,1.799999952316284
abw,2020,1.700000047683716
abw,2021,1.5
abw,2022,1.399999976158142
abw,2023,1.200000047683716
afg,2000,53.70000076293945
afg,2001,53.90000152587891
afg,2002,53.5
afg,2003,52.40000152587891
afg,2004,52.09999847412109
afg,2005,52.59999847412109
afg,2006,52.5
afg,2007,52.5
afg,2008,51.59999847412109
afg,2009,49.40000152587891
afg,2010,47.20000076293945
afg,2011,46.29999923706055
afg,2012,47.29999923706055
afg,2013,49.59999847412109
afg,2014,52.20000076293945
afg,2015,54.09999847412109
afg,2016,54.79999923706055
afg,2017,55.29999923706055
afg,2018,56.29999923706055
afg,2019,58.20000076293945
afg,2020,59.70000076293945
afg,2021,60.09999847412109
afg,2022,65.0
afg,2023,65.0999984741211
ago,2000,79.9000015258789
ago,2001,78.4000015258789
ago,2002,76.30000305175781
ago,2003,74.0999984741211
ago,2004,72.19999694824219
ago,2005,71.0
ago,2006,69.9000015258789
ago,2007,76.0
ago,2008,74.19999694824219
ago,2009,69.19999694824219
ago,2010,60.5
ago,2011,48.59999847412109
ago,2012,36.90000152587891
ago,2013,28.39999961853027
ago,2014,24.70000076293945
ago,2015,24.29999923706055
ago,2016,24.39999961853027
ago,2017,24.5
ago,2018,26.29999923706055
ago,2019,30.70000076293945
ago,2020,35.79999923706055
ago,2021,40.79999923706055
ago,2022,44.79999923706055
ago,2023,48.40000152587891
aia,2000,7.5
aia,2001,7.699999809265137
aia,2002,8.300000190734863
aia,2003,9.199999809265137
aia,2004,9.600000381469728
aia,2005,9.300000190734863
aia,2006,9.399999618530272
aia,2007,9.300000190734863
aia,2008,8.5
aia,2009,7.300000190734863
aia,2010,5.5
aia,2011,4.0
aia,2012,3.200000047683716
aia,2013,3.299999952316284
aia,2014,3.400000095367432
aia,2015,3.099999904632568
aia,2016,2.599999904632568
aia,2017,2.400000095367432
aia,2018,2.200000047683716
aia,2019,2.099999904632568
aia,2020,2.599999904632568
aia,2021,3.5
aia,2022,5.300000190734863
aia,2023,7.900000095367432
alb,2000,45.40000152587891
alb,2001,44.29999923706055
alb,2002,42.70000076293945
alb,2003,39.70000076293945
alb,2004,36.09999847412109
alb,2005,31.89999961853027
alb,2006,28.10000038146973
alb,2007,25.20000076293945
alb,2008,22.39999961853027
alb,2009,25.39999961853027
alb,2010,22.89999961853027
alb,2011,19.0
alb,2012,15.10000038146973
alb,2013,12.5
alb,2014,11.10000038146973
alb,2015,10.80000019073486
alb,2016,11.39999961853027
alb,2017,12.0
alb,2018,12.60000038146973
alb,2019,14.10000038146973
alb,2020,15.39999961853027
alb,2021,13.10000038146973
alb,2022,10.89999961853027
alb,2023,7.599999904632568
and,2000,62.5
and,2001,61.79999923706055
and,2002,59.29999923706055
and,2003,53.5
and,2004,46.29999923706055
and,2005,39.59999847412109
and,2006,35.59999847412109
and,2007,35.20000076293945
and,2008,35.5
and,2009,37.0
and,2010,36.0
and,2011,32.90000152587891
and,2012,35.0
and,2013,30.60000038146973
and,2014,24.79999923706055
and,2015,24.60000038146973
and,2016,20.79999923706055
and,2017,22.20000076293945
and,2018,24.60000038146973
and,2019,20.20000076293945
and,2020,18.29999923706055
and,2021,16.89999961853027
and,2022,17.39999961853027
and,2023,18.70000076293945
are,2000,57.40000152587891
are,2001,56.29999923706055
are,2002,55.09999847412109
are,2003,53.0
are,2004,49.20000076293945
are,2005,42.90000152587891
are,2006,37.70000076293945
are,2007,37.70000076293945
are,2008,40.09999847412109
are,2009,41.5
are,2010,40.29999923706055
are,2011,38.20000076293945
are,2012,35.79999923706055
are,2013,34.20000076293945
are,2014,31.79999923706055
are,2015,28.0
are,2016,22.70000076293945
are,2017,17.39999961853027
are,2018,12.10000038146973
are,2019,8.199999809265137
are,2020,5.0
are,2021,3.200000047683716
are,2022,2.0
are,2023,1.100000023841858
arg,2000,22.10000038146973
arg,2001,21.79999923706055
arg,2002,22.39999961853027
arg,2003,23.20000076293945
arg,2004,23.79999923706055
arg,2005,24.29999923706055
arg,2006,24.0
arg,2007,23.0
arg,2008,21.79999923706055
arg,2009,21.0
arg,2010,20.29999923706055
arg,2011,19.70000076293945
arg,2012,18.5
arg,2013,17.20000076293945
arg,2014,15.19999980926514
arg,2015,13.10000038146973
arg,2016,11.30000019073486
arg,2017,10.0
arg,2018,9.300000190734863
arg,2019,9.0
arg,2020,8.5
arg,2021,8.100000381469727
arg,2022,7.599999904632568
arg,2023,7.099999904632568
arm,2000,20.89999961853027
arm,2001,19.79999923706055
arm,2002,19.70000076293945
arm,2003,21.0
arm,2004,21.79999923706055
arm,2005,22.29999923706055
arm,2006,24.79999923706055
arm,2007,30.10000038146973
arm,2008,31.39999961853027
arm,2009,23.89999961853027
arm,2010,15.30000019073486
arm,2011,13.19999980926514
arm,2012,19.29999923706055
arm,2013,21.20000076293945
arm,2014,22.89999961853027
arm,2015,25.39999961853027
arm,2016,29.29999923706055
arm,2017,30.20000076293945
arm,2018,25.39999961853027
arm,2019,17.20000076293945
arm,2020,11.69999980926514
arm,2021,9.800000190734863
arm,2022,10.5
arm,2023,11.69999980926514
atg,2000,20.29999923706055
atg,2001,20.60000038146973
atg,2002,21.0
atg,2003,20.29999923706055
atg,2004,20.29999923706055
atg,2005,20.39999961853027
atg,2006,20.10000038146973
atg,2007,19.39999961853027
atg,2008,16.89999961853027
atg,2009,13.80000019073486
atg,2010,11.19999980926514
atg,2011,9.699999809265137
atg,2012,9.0
atg,2013,9.199999809265137
atg,2014,10.19999980926514
atg,2015,11.80000019073486
atg,2016,15.19999980926514
atg,2017,20.70000076293945
atg,2018,23.70000076293945
atg,2019,21.70000076293945
atg,2020,18.89999961853027
atg,2021,17.0
atg,2022,15.5
atg,2023,13.89999961853027
aus,2000,12.89999961853027
aus,2001,12.69999980926514
aus,2002,12.19999980926514
aus,2003,11.80000019073486
aus,2004,11.19999980926514
aus,2005,10.39999961853027
aus,2006,9.800000190734863
aus,2007,9.100000381469728
aus,2008,8.600000381469727
aus,2009,7.800000190734863
aus,2010,7.0
aus,2011,6.199999809265137
aus,2012,5.300000190734863
aus,2013,4.5
aus,2014,3.900000095367432
aus,2015,3.299999952316284
aus,2016,3.0
aus,2017,2.700000047683716
aus,2018,2.5
aus,2019,2.299999952316284
aus,2020,2.099999904632568
aus,2021,1.899999976158142
aus,2022,1.700000047683716
aus,2023,1.5
aut,2000,9.899999618530272
aut,2001,8.699999809265137
aut,2002,7.400000095367432
aut,2003,6.300000190734863
aut,2004,5.900000095367432
aut,2005,5.699999809265137
aut,2006,5.699999809265137
aut,2007,5.800000190734863
aut,2008,6.199999809265137
aut,2009,6.699999809265137
aut,2010,7.0
aut,2011,7.199999809265137
aut,2012,7.199999809265137
aut,2013,7.300000190734863
aut,2014,7.5
aut,2015,7.900000095367432
aut,2016,8.399999618530273
aut,2017,8.600000381469727
aut,2018,8.399999618530273
aut,2019,8.100000381469727
aut,2020,7.900000095367432
aut,2021,8.0
aut,2022,8.0
aut,2023,7.900000095367432
aze,2000,4.800000190734863
aze,2001,4.599999904632568
aze,2002,4.400000095367432
aze,2003,4.099999904632568
aze,2004,3.900000095367432
aze,2005,3.900000095367432
aze,2006,4.0
aze,2007,4.300000190734863
aze,2008,4.699999809265137
aze,2009,4.900000095367432
aze,2010,4.800000190734863
aze,2011,4.300000190734863
aze,2012,3.900000095367432
aze,2013,4.199999809265137
aze,2014,5.599999904632568
aze,2015,7.0
aze,2016,7.199999809265137
aze,2017,7.300000190734863
aze,2018,7.300000190734863
aze,2019,7.699999809265137
aze,2020,8.399999618530273
aze,2021,9.5
aze,2022,10.69999980926514
aze,2023,12.5
bdi,2000,88.80000305175781
bdi,2001,87.80000305175781
bdi,2002,86.5
bdi,2003,84.80000305175781
bdi,2004,82.80000305175781
bdi,2005,80.19999694824219
bdi,2006,77.5
bdi,2007,74.69999694824219
bdi,2008,72.0
bdi,2009,69.80000305175781
bdi,2010,67.0
bdi,2011,63.09999847412109
bdi,2012,58.70000076293945
bdi,2013,55.90000152587891
bdi,2014,55.59999847412109
bdi,2015,56.5
bdi,2016,56.79999923706055
bdi,2017,55.20000076293945
bdi,2018,60.0
bdi,2019,64.4000015258789
bdi,2020,70.5
bdi,2021,67.19999694824219
bdi,2022,67.9000015258789
bdi,2023,69.80000305175781
bel,2000,0.300000011920929
bel,2001,0.300000011920929
bel,2002,0.300000011920929
bel,2003,0.300000011920929
bel,2004,0.300000011920929
bel,2005,0.4000000059604645
bel,2006,0.4000000059604645
bel,2007,0.5
bel,2008,0.6000000238418579
bel,2009,0.6000000238418579
bel,2010,0.699999988079071
bel,2011,0.8999999761581421
bel,2012,1.0
bel,2013,1.100000023841858
bel,2014,1.299999952316284
bel,2015,1.399999976158142
bel,2016,1.5
bel,2017,1.600000023841858
bel,2018,1.600000023841858
bel,2019,1.700000047683716
bel,2020,1.799999952316284
bel,2021,1.799999952316284
bel,2022,1.799999952316284
bel,2023,1.700000047683716
ben,2000,51.5
ben,2001,51.90000152587891
ben,2002,53.20000076293945
ben,2003,54.0
ben,2004,53.20000076293945
ben,2005,51.90000152587891
ben,2006,50.70000076293945
ben,2007,49.5
ben,2008,47.70000076293945
ben,2009,44.59999847412109
ben,2010,41.0
ben,2011,37.90000152587891
ben,2012,36.70000076293945
ben,2013,37.70000076293945
ben,2014,40.20000076293945
ben,2015,43.09999847412109
ben,2016,44.59999847412109
ben,2017,44.90000152587891
ben,2018,46.09999847412109
ben,2019,48.59999847412109
ben,2020,52.20000076293945
ben,2021,55.90000152587891
ben,2022,59.09999847412109
ben,2023,61.5
bfa,2000,88.80000305175781
bfa,2001,88.30000305175781
bfa,2002,87.5
bfa,2003,86.4000015258789
bfa,2004,85.19999694824219
bfa,2005,84.0999984741211
bfa,2006,83.30000305175781
bfa,2007,82.69999694824219
bfa,2008,82.30000305175781
bfa,2009,81.69999694824219
bfa,2010,77.80000305175781
bfa,2011,76.9000015258789
bfa,2012,75.80000305175781
bfa,2013,73.9000015258789
bfa,2014,71.4000015258789
bfa,2015,68.69999694824219
bfa,2016,65.69999694824219
bfa,2017,63.20000076293945
bfa,2018,61.70000076293945
bfa,2019,61.0
bfa,2020,61.70000076293945
bfa,2021,62.70000076293945
bfa,2022,64.19999694824219
bfa,2023,65.30000305175781
bgd,2000,60.40000152587891
bgd,2001,62.70000076293945
bgd,2002,64.80000305175781
bgd,2003,66.30000305175781
bgd,2004,67.0999984741211
bgd,2005,67.4000015258789
bgd,2006,67.0999984741211
bgd,2007,66.0
bgd,2008,63.79999923706055
bgd,2009,61.29999923706055
bgd,2010,58.79999923706055
bgd,2011,56.90000152587891
bgd,2012,55.90000152587891
bgd,2013,54.90000152587891
bgd,2014,53.40000152587891
bgd,2015,51.0
bgd,2016,48.0
bgd,2017,45.40000152587891
bgd,2018,43.79999923706055
bgd,2019,43.59999847412109
bgd,2020,43.90000152587891
bgd,2021,44.0
bgd,2022,43.09999847412109
bgd,2023,41.90000152587891
bgr,2000,17.29999923706055
bgr,2001,16.20000076293945
bgr,2002,14.5
bgr,2003,17.0
bgr,2004,15.60000038146973
bgr,2005,14.89999961853027
bgr,2006,14.89999961853027
bgr,2007,14.80000019073486
bgr,2008,14.39999961853027
bgr,2009,13.80000019073486
bgr,2010,13.0
bgr,2011,12.19999980926514
bgr,2012,11.60000038146973
bgr,2013,11.10000038146973
bgr,2014,10.0
bgr,2015,8.600000381469727
bgr,2016,7.199999809265137
bgr,2017,5.900000095367432
bgr,2018,5.5
bgr,2019,5.699999809265137
bgr,2020,6.099999904632568
bgr,2021,6.800000190734863
bgr,2022,7.900000095367432
bgr,2023,8.699999809265137
bhr,2000,47.79999923706055
bhr,2001,46.40000152587891
bhr,2002,45.0
bhr,2003,43.29999923706055
bhr,2004,40.90000152587891
bhr,2005,36.90000152587891
bhr,2006,32.0
bhr,2007,27.20000076293945
bhr,2008,23.5
bhr,2009,20.60000038146973
bhr,2010,18.0
bhr,2011,16.10000038146973
bhr,2012,14.69999980926514
bhr,2013,13.0
bhr,2014,11.10000038146973
bhr,2015,9.5
bhr,2016,8.100000381469727
bhr,2017,7.099999904632568
bhr,2018,6.5
bhr,2019,5.900000095367432
bhr,2020,5.0
bhr,2021,4.099999904632568
bhr,2022,3.400000095367432
bhr,2023,2.799999952316284
bhs,2000,22.89999961853027
bhs,2001,22.29999923706055
bhs,2002,21.5
bhs,2003,19.79999923706055
bhs,2004,17.60000038146973
bhs,2005,15.39999961853027
bhs,2006,14.39999961853027
bhs,2007,14.30000019073486
bhs,2008,14.19999980926514
bhs,2009,13.5
bhs,2010,12.69999980926514
bhs,2011,13.19999980926514
bhs,2012,15.19999980926514
bhs,2013,18.70000076293945
bhs,2014,21.39999961853027
bhs,2015,21.60000038146973
bhs,2016,19.60000038146973
bhs,2017,18.60000038146973
bhs,2018,20.70000076293945
bhs,2019,24.20000076293945
bhs,2020,26.29999923706055
bhs,2021,26.79999923706055
bhs,2022,27.20000076293945
bhs,2023,28.39999961853027
bih,2000,7.5
bih,2001,7.800000190734863
bih,2002,8.0
bih,2003,8.300000190734863
bih,2004,8.800000190734863
bih,2005,9.300000190734863
bih,2006,9.899999618530272
bih,2007,9.5
bih,2008,7.699999809265137
bih,2009,4.599999904632568
bih,2010,9.5
bih,2011,4.900000095367432
bih,2012,2.799999952316284
bih,2013,6.599999904632568
bih,2014,13.89999961853027
bih,2015,20.60000038146973
bih,2016,24.70000076293945
bih,2017,22.89999961853027
bih,2018,20.29999923706055
bih,2019,20.79999923706055
bih,2020,22.20000076293945
bih,2021,24.5
bih,2022,24.79999923706055
bih,2023,23.10000038146973
blr,2000,6.099999904632568
blr,2001,6.0
blr,2002,5.900000095367432
blr,2003,5.800000190734863
blr,2004,5.800000190734863
blr,2005,5.599999904632568
blr,2006,5.300000190734863
blr,2007,5.199999809265137
blr,2008,5.099999904632568
blr,2009,5.099999904632568
blr,2010,5.0
blr,2011,4.400000095367432
blr,2012,3.099999904632568
blr,2013,2.299999952316284
blr,2014,2.099999904632568
blr,2015,2.099999904632568
blr,2016,2.0
blr,2017,2.0
blr,2018,2.299999952316284
blr,2019,2.599999904632568
blr,2020,2.5
blr,2021,2.700000047683716
blr,2022,3.299999952316284
blr,2023,4.199999809265137
blz,2000,45.5
blz,2001,45.70000076293945
blz,2002,45.5
blz,2003,44.09999847412109
blz,2004,42.09999847412109
blz,2005,40.20000076293945
blz,2006,39.40000152587891
blz,2007,41.0
blz,2008,43.70000076293945
blz,2009,44.40000152587891
blz,2010,43.09999847412109
blz,2011,42.40000152587891
blz,2012,42.70000076293945
blz,2013,42.29999923706055
blz,2014,40.40000152587891
blz,2015,37.59999847412109
blz,2016,36.0
blz,2017,37.09999847412109
blz,2018,38.29999923706055
blz,2019,37.0
blz,2020,33.90000152587891
blz,2021,31.89999961853027
blz,2022,30.89999961853027
blz,2023,29.0
bmu,2000,33.0
bmu,2001,31.79999923706055
bmu,2002,29.70000076293945
bmu,2003,26.89999961853027
bmu,2004,24.5
bmu,2005,23.10000038146973
bmu,2006,22.79999923706055
bmu,2007,23.5
bmu,2008,24.5
bmu,2009,25.5
bmu,2010,26.20000076293945
bmu,2011,27.79999923706055
bmu,2012,30.0
bmu,2013,32.5
bmu,2014,35.5
bmu,2015,37.79999923706055
bmu,2016,39.5
bmu,2017,41.90000152587891
bmu,2018,44.70000076293945
bmu,2019,47.29999923706055
bmu,2020,50.0
bmu,2021,53.59999847412109
bmu,2022,59.0
bmu,2023,65.80000305175781
bol,2000,25.20000076293945
bol,2001,23.10000038146973
bol,2002,21.10000038146973
bol,2003,19.39999961853027
bol,2004,18.5
bol,2005,18.20000076293945
bol,2006,18.70000076293945
bol,2007,19.70000076293945
bol,2008,20.89999961853027
bol,2009,21.60000038146973
bol,2010,21.5
bol,2011,20.79999923706055
bol,2012,19.79999923706055
bol,2013,18.70000076293945
bol,2014,17.5
bol,2015,16.39999961853027
bol,2016,16.39999961853027
bol,2017,17.70000076293945
bol,2018,20.0
bol,2019,21.89999961853027
bol,2020,22.79999923706055
bol,2021,22.60000038146973
bol,2022,21.5
bol,2023,19.79999923706055
bra,2000,16.60000038146973
bra,2001,16.39999961853027
bra,2002,16.0
bra,2003,15.39999961853027
bra,2004,14.89999961853027
bra,2005,14.89999961853027
bra,2006,15.0
bra,2007,15.10000038146973
bra,2008,14.60000038146973
bra,2009,13.30000019073486
bra,2010,12.30000019073486
bra,2011,12.0
bra,2012,12.60000038146973
bra,2013,13.39999961853027
bra,2014,13.89999961853027
bra,2015,14.10000038146973
bra,2016,13.5
bra,2017,12.30000019073486
bra,2018,10.69999980926514
bra,2019,9.300000190734863
bra,2020,8.0
bra,2021,7.599999904632568
bra,2022,6.900000095367432
bra,2023,6.300000190734863
brb,2000,1.600000023841858
brb,2001,1.600000023841858
brb,2002,1.600000023841858
brb,2003,1.700000047683716
brb,2004,1.700000047683716
brb,2005,1.700000047683716
brb,2006,1.700000047683716
brb,2007,1.899999976158142
brb,2008,2.299999952316284
brb,2009,3.099999904632568
brb,2010,4.199999809265137
brb,2011,4.5
brb,2012,3.700000047683716
brb,2013,2.900000095367432
brb,2014,2.400000095367432
brb,2015,1.700000047683716
brb,2016,1.200000047683716
brb,2017,0.8999999761581421
brb,2018,0.800000011920929
brb,2019,0.8999999761581421
brb,2020,1.299999952316284
brb,2021,2.5
brb,2022,5.0
brb,2023,8.100000381469727
brn,2000,17.89999961853027
brn,2001,17.70000076293945
brn,2002,17.89999961853027
brn,2003,17.89999961853027
brn,2004,18.0
brn,2005,18.10000038146973
brn,2006,18.20000076293945
brn,2007,18.29999923706055
brn,2008,17.79999923706055
brn,2009,16.29999923706055
brn,2010,12.10000038146973
brn,2011,11.80000019073486
brn,2012,13.30000019073486
brn,2013,16.5
brn,2014,20.29999923706055
brn,2015,23.60000038146973
brn,2016,26.0
brn,2017,27.29999923706055
brn,2018,28.20000076293945
brn,2019,28.89999961853027
brn,2020,29.39999961853027
brn,2021,29.10000038146973
brn,2022,27.70000076293945
brn,2023,25.79999923706055
btn,2000,67.19999694824219
btn,2001,65.19999694824219
btn,2002,63.09999847412109
btn,2003,61.09999847412109
btn,2004,59.20000076293945
btn,2005,57.20000076293945
btn,2006,55.0
btn,2007,53.20000076293945
btn,2008,51.90000152587891
btn,2009,49.5
btn,2010,46.79999923706055
btn,2011,45.29999923706055
btn,2012,44.29999923706055
btn,2013,41.90000152587891
btn,2014,37.90000152587891
btn,2015,34.59999847412109
btn,2016,33.5
btn,2017,32.79999923706055
btn,2018,30.70000076293945
btn,2019,29.79999923706055
btn,2020,30.29999923706055
btn,2021,31.29999923706055
btn,2022,32.70000076293945
btn,2023,34.59999847412109
bwa,2000,23.5
bwa,2001,22.29999923706055
bwa,2002,21.20000076293945
bwa,2003,20.29999923706055
bwa,2004,19.70000076293945
bwa,2005,18.89999961853027
bwa,2006,17.89999961853027
bwa,2007,17.20000076293945
bwa,2008,16.0
bwa,2009,14.80000019073486
bwa,2010,14.5
bwa,2011,15.39999961853027
bwa,2012,15.60000038146973
bwa,2013,14.60000038146973
bwa,2014,15.5
bwa,2015,18.70000076293945
bwa,2016,22.10000038146973
bwa,2017,25.60000038146973
bwa,2018,28.89999961853027
bwa,2019,31.20000076293945
bwa,2020,31.5
bwa,2021,30.79999923706055
bwa,2022,30.60000038146973
bwa,2023,32.20000076293945
caf,2000,83.9000015258789
caf,2001,83.5999984741211
caf,2002,83.19999694824219
caf,2003,82.4000015258789
caf,2004,81.80000305175781
caf,2005,81.0999984741211
caf,2006,80.80000305175781
caf,2007,80.5999984741211
caf,2008,80.0
caf,2009,78.5
caf,2010,76.4000015258789
caf,2011,74.5
caf,2012,73.19999694824219
caf,2013,71.69999694824219
caf,2014,70.0999984741211
caf,2015,68.5
caf,2016,67.0
caf,2017,65.0999984741211
caf,2018,63.20000076293945
caf,2019,61.90000152587891
caf,2020,61.40000152587891
caf,2021,61.29999923706055
caf,2022,61.09999847412109
caf,2023,61.70000076293945
can,2000,10.89999961853027
can,2001,11.19999980926514
can,2002,11.19999980926514
can,2003,11.39999961853027
can,2004,9.399999618530272
can,2005,9.399999618530272
can,2006,9.399999618530272
can,2007,9.5
can,2008,9.699999809265137
can,2009,9.899999618530272
can,2010,9.899999618530272
can,2011,9.899999618530272
can,2012,12.19999980926514
can,2013,11.89999961853027
can,2014,11.39999961853027
can,2015,10.39999961853027
can,2016,9.5
can,2017,9.0
can,2018,9.199999809265137
can,2019,10.10000038146973
can,2020,11.0
can,2021,11.10000038146973
can,2022,10.60000038146973
can,2023,9.899999618530272
che,2000,18.0
che,2001,18.10000038146973
che,2002,18.29999923706055
che,2003,18.20000076293945
che,2004,18.0
che,2005,17.70000076293945
che,2006,17.29999923706055
che,2007,17.10000038146973
che,2008,16.89999961853027
che,2009,16.89999961853027
che,2010,17.0
che,2011,17.20000076293945
che,2012,17.0
che,2013,16.89999961853027
che,2014,16.79999923706055
che,2015,16.89999961853027
che,2016,17.10000038146973
che,2017,17.5
che,2018,17.5
che,2019,17.60000038146973
che,2020,17.5
che,2021,17.20000076293945
che,2022,16.89999961853027
che,2023,16.29999923706055
chl,2000,9.0
chl,2001,8.800000190734863
chl,2002,8.5
chl,2003,8.100000381469727
chl,2004,7.699999809265137
chl,2005,7.5
chl,2006,8.0
chl,2007,8.800000190734863
chl,2008,9.600000381469728
chl,2009,10.0
chl,2010,9.800000190734863
chl,2011,9.199999809265137
chl,2012,8.399999618530273
chl,2013,7.5
chl,2014,6.5
chl,2015,5.400000095367432
chl,2016,4.400000095367432
chl,2017,3.299999952316284
chl,2018,2.599999904632568
chl,2019,2.299999952316284
chl,2020,2.099999904632568
chl,2021,1.899999976158142
chl,2022,1.600000023841858
chl,2023,1.299999952316284
chn,2000,48.79999923706055
chn,2001,42.5
chn,2002,35.29999923706055
chn,2003,29.29999923706055
chn,2004,25.5
chn,2005,23.0
chn,2006,21.60000038146973
chn,2007,21.79999923706055
chn,2008,23.5
chn,2009,26.10000038146973
chn,2010,28.20000076293945
chn,2011,28.29999923706055
chn,2012,28.39999961853027
chn,2013,27.89999961853027
chn,2014,25.5
chn,2015,21.29999923706055
chn,2016,17.39999961853027
chn,2017,15.39999961853027
chn,2018,14.5
chn,2019,13.80000019073486
chn,2020,14.0
chn,2021,15.0
chn,2022,16.79999923706055
chn,2023,18.60000038146973
civ,2000,82.5999984741211
civ,2001,81.9000015258789
civ,2002,81.19999694824219
civ,2003,80.30000305175781
civ,2004,78.80000305175781
civ,2005,76.80000305175781
civ,2006,74.30000305175781
civ,2007,71.5
civ,2008,68.30000305175781
civ,2009,65.9000015258789
civ,2010,64.5
civ,2011,64.69999694824219
civ,2012,64.69999694824219
civ,2013,63.29999923706055
civ,2014,62.29999923706055
civ,2015,62.09999847412109
civ,2016,61.09999847412109
civ,2017,58.70000076293945
civ,2018,55.29999923706055
civ,2019,52.79999923706055
civ,2020,50.70000076293945
civ,2021,48.0
civ,2022,45.40000152587891
civ,2023,43.20000076293945
cmr,2000,61.79999923706055
cmr,2001,60.20000076293945
cmr,2002,58.59999847412109
cmr,2003,57.20000076293945
cmr,2004,55.70000076293945
cmr,2005,53.79999923706055
cmr,2006,51.29999923706055
cmr,2007,48.70000076293945
cmr,2008,46.59999847412109
cmr,2009,45.0
cmr,2010,43.70000076293945
cmr,2011,43.20000076293945
cmr,2012,43.0
cmr,2013,43.40000152587891
cmr,2014,43.70000076293945
cmr,2015,43.90000152587891
cmr,2016,44.09999847412109
cmr,2017,44.79999923706055
cmr,2018,46.29999923706055
cmr,2019,48.70000076293945
cmr,2020,52.20000076293945
cmr,2021,56.40000152587891
cmr,2022,60.40000152587891
cmr,2023,64.4000015258789
cod,2000,32.29999923706055
cod,2001,30.79999923706055
cod,2002,30.10000038146973
cod,2003,29.29999923706055
cod,2004,28.20000076293945
cod,2005,27.79999923706055
cod,2006,26.89999961853027
cod,2007,26.20000076293945
cod,2008,25.20000076293945
cod,2009,24.29999923706055
cod,2010,23.0
cod,2011,22.0
cod,2012,21.5
cod,2013,22.0
cod,2014,23.29999923706055
cod,2015,24.0
cod,2016,24.20000076293945
cod,2017,24.29999923706055
cod,2018,24.0
cod,2019,24.0
cod,2020,24.70000076293945
cod,2021,25.10000038146973
cod,2022,25.29999923706055
cod,2023,25.29999923706055
cog,2000,72.5999984741211
cog,2001,71.5999984741211
cog,2002,70.0999984741211
cog,2003,69.0
cog,2004,67.0999984741211
cog,2005,65.5
cog,2006,64.0999984741211
cog,2007,63.70000076293945
cog,2008,63.5
cog,2009,64.0
cog,2010,64.30000305175781
cog,2011,63.5
cog,2012,61.40000152587891
cog,2013,58.59999847412109
cog,2014,56.90000152587891
cog,2015,56.29999923706055
cog,2016,55.5
cog,2017,53.40000152587891
cog,2018,49.90000152587891
cog,2019,47.90000152587891
cog,2020,48.09999847412109
cog,2021,51.29999923706055
cog,2022,56.09999847412109
cog,2023,60.70000076293945
cok,2000,68.19999694824219
cok,2001,63.70000076293945
cok,2002,58.79999923706055
cok,2003,54.59999847412109
cok,2004,50.90000152587891
cok,2005,48.29999923706055
cok,2006,46.59999847412109
cok,2007,45.70000076293945
cok,2008,45.0
cok,2009,43.40000152587891
cok,2010,41.0
cok,2011,38.40000152587891
cok,2012,36.29999923706055
cok,2013,35.59999847412109
cok,2014,35.20000076293945
cok,2015,35.40000152587891
cok,2016,35.70000076293945
cok,2017,34.5
cok,2018,31.89999961853027
cok,2019,28.79999923706055
cok,2020,26.89999961853027
cok,2021,25.70000076293945
cok,2022,24.29999923706055
cok,2023,21.89999961853027
col,2000,34.70000076293945
col,2001,35.59999847412109
col,2002,36.0
col,2003,34.5
col,2004,31.10000038146973
col,2005,27.29999923706055
col,2006,25.29999923706055
col,2007,25.10000038146973
col,2008,25.20000076293945
col,2009,23.79999923706055
col,2010,21.20000076293945
col,2011,19.0
col,2012,18.60000038146973
col,2013,19.39999961853027
col,2014,18.29999923706055
col,2015,14.30000019073486
col,2016,10.60000038146973
col,2017,9.399999618530272
col,2018,9.600000381469728
col,2019,10.30000019073486
col,2020,10.69999980926514
col,2021,10.39999961853027
col,2022,9.800000190734863
col,2023,9.699999809265137
com,2000,41.70000076293945
com,2001,41.40000152587891
com,2002,41.29999923706055
com,2003,41.29999923706055
com,2004,41.5
com,2005,41.20000076293945
com,2006,41.29999923706055
com,2007,41.20000076293945
com,2008,41.20000076293945
com,2009,41.40000152587891
com,2010,41.59999847412109
com,2011,42.0
com,2012,43.70000076293945
com,2013,45.20000076293945
com,2014,46.0
com,2015,46.79999923706055
com,2016,48.09999847412109
com,2017,49.20000076293945
com,2018,48.29999923706055
com,2019,45.70000076293945
com,2020,42.20000076293945
com,2021,38.70000076293945
com,2022,34.90000152587891
com,2023,31.39999961853027
cpv,2000,58.5
cpv,2001,56.5
cpv,2002,53.5
cpv,2003,49.59999847412109
cpv,2004,45.79999923706055
cpv,2005,42.79999923706055
cpv,2006,40.59999847412109
cpv,2007,38.79999923706055
cpv,2008,37.70000076293945
cpv,2009,37.20000076293945
cpv,2010,36.59999847412109
cpv,2011,35.5
cpv,2012,34.29999923706055
cpv,2013,33.40000152587891
cpv,2014,32.5
cpv,2015,31.20000076293945
cpv,2016,29.29999923706055
cpv,2017,27.20000076293945
cpv,2018,25.10000038146973
cpv,2019,23.70000076293945
cpv,2020,22.89999961853027
cpv,2021,22.39999961853027
cpv,2022,21.5
cpv,2023,20.79999923706055
cri,2000,36.0
cri,2001,37.79999923706055
cri,2002,38.29999923706055
cri,2003,37.20000076293945
cri,2004,34.40000152587891
cri,2005,31.10000038146973
cri,2006,28.39999961853027
cri,2007,25.89999961853027
cri,2008,23.60000038146973
cri,2009,22.60000038146973
cri,2010,21.0
cri,2011,19.0
cri,2012,18.79999923706055
cri,2013,18.5
cri,2014,18.10000038146973
cri,2015,17.60000038146973
cri,2016,16.5
cri,2017,14.30000019073486
cri,2018,11.80000019073486
cri,2019,9.899999618530272
cri,2020,8.600000381469727
cri,2021,7.900000095367432
cri,2022,7.300000190734863
cri,2023,6.599999904632568
cub,2000,24.79999923706055
cub,2001,24.70000076293945
cub,2002,24.70000076293945
cub,2003,23.89999961853027
cub,2004,21.60000038146973
cub,2005,18.89999961853027
cub,2006,16.79999923706055
cub,2007,15.19999980926514
cub,2008,14.10000038146973
cub,2009,13.19999980926514
cub,2010,12.60000038146973
cub,2011,13.39999961853027
cub,2012,16.29999923706055
cub,2013,19.89999961853027
cub,2014,22.70000076293945
cub,2015,24.39999961853027
cub,2016,25.29999923706055
cub,2017,25.20000076293945
cub,2018,23.60000038146973
cub,2019,21.0
cub,2020,18.5
cub,2021,17.60000038146973
cub,2022,18.79999923706055
cub,2023,20.89999961853027
cym,2000,24.60000038146973
cym,2001,24.39999961853027
cym,2002,24.29999923706055
cym,2003,24.29999923706055
cym,2004,23.5
cym,2005,21.60000038146973
cym,2006,18.39999961853027
cym,2007,15.39999961853027
cym,2008,14.0
cym,2009,14.19999980926514
cym,2010,15.69999980926514
cym,2011,18.0
cym,2012,20.29999923706055
cym,2013,21.20000076293945
cym,2014,20.60000038146973
cym,2015,20.0
cym,2016,18.10000038146973
cym,2017,15.5
cym,2018,13.80000019073486
cym,2019,14.0
cym,2020,15.60000038146973
cym,2021,16.20000076293945
cym,2022,15.80000019073486
cym,2023,15.0
cyp,2000,16.79999923706055
cyp,2001,16.60000038146973
cyp,2002,16.20000076293945
cyp,2003,15.39999961853027
cyp,2004,15.0
cyp,2005,15.10000038146973
cyp,2006,15.30000019073486
cyp,2007,15.0
cyp,2008,14.60000038146973
cyp,2009,14.10000038146973
cyp,2010,13.19999980926514
cyp,2011,12.19999980926514
cyp,2012,11.10000038146973
cyp,2013,9.800000190734863
cyp,2014,8.199999809265137
cyp,2015,6.800000190734863
cyp,2016,5.699999809265137
cyp,2017,5.099999904632568
cyp,2018,4.900000095367432
cyp,2019,4.699999809265137
cyp,2020,4.300000190734863
cyp,2021,3.5
cyp,2022,2.5
cyp,2023,1.799999952316284
cze,2000,5.199999809265137
cze,2001,5.099999904632568
cze,2002,4.900000095367432
cze,2003,4.699999809265137
cze,2004,4.5
cze,2005,4.5
cze,2006,4.599999904632568
cze,2007,4.800000190734863
cze,2008,5.0
cze,2009,5.0
cze,2010,4.900000095367432
cze,2011,5.0
cze,2012,5.0
cze,2013,4.699999809265137
cze,2014,4.400000095367432
cze,2015,4.199999809265137
cze,2016,3.900000095367432
cze,2017,3.700000047683716
cze,2018,3.700000047683716
cze,2019,3.799999952316284
cze,2020,4.0
cze,2021,4.300000190734863
cze,2022,4.599999904632568
cze,2023,5.099999904632568
deu,2000,6.300000190734863
deu,2001,6.300000190734863
deu,2002,6.0
deu,2003,6.0
deu,2004,6.0
deu,2005,6.199999809265137
deu,2006,6.099999904632568
deu,2007,5.900000095367432
deu,2008,6.0
deu,2009,6.0
deu,2010,6.099999904632568
deu,2011,6.300000190734863
deu,2012,6.599999904632568
deu,2013,7.099999904632568
deu,2014,8.100000381469727
deu,2015,9.199999809265137
deu,2016,9.899999618530272
deu,2017,9.800000190734863
deu,2018,9.800000190734863
deu,2019,9.800000190734863
deu,2020,9.899999618530272
deu,2021,10.10000038146973
deu,2022,10.19999980926514
deu,2023,10.39999961853027
dji,2000,77.69999694824219
dji,2001,76.80000305175781
dji,2002,76.0999984741211
dji,2003,75.30000305175781
dji,2004,74.69999694824219
dji,2005,74.0
dji,2006,73.30000305175781
dji,2007,72.4000015258789
dji,2008,68.30000305175781
dji,2009,67.5999984741211
dji,2010,66.9000015258789
dji,2011,66.69999694824219
dji,2012,67.5
dji,2013,68.80000305175781
dji,2014,69.80000305175781
dji,2015,70.5
dji,2016,70.19999694824219
dji,2017,69.0999984741211
dji,2018,67.9000015258789
dji,2019,67.0
dji,2020,66.0999984741211
dji,2021,64.5999984741211
dji,2022,63.29999923706055
dji,2023,62.40000152587891
dma,2000,18.5
dma,2001,18.89999961853027
dma,2002,18.79999923706055
dma,2003,18.0
dma,2004,17.10000038146973
dma,2005,17.60000038146973
dma,2006,18.79999923706055
dma,2007,19.29999923706055
dma,2008,18.79999923706055
dma,2009,17.89999961853027
dma,2010,16.29999923706055
dma,2011,14.0
dma,2012,12.60000038146973
dma,2013,12.89999961853027
dma,2014,13.60000038146973
dma,2015,13.80000019073486
dma,2016,12.19999980926514
dma,2017,10.19999980926514
dma,2018,8.800000190734863
dma,2019,7.699999809265137
dma,2020,6.300000190734863
dma,2021,5.199999809265137
dma,2022,4.599999904632568
dma,2023,4.599999904632568
dnk,2000,14.39999961853027
dnk,2001,14.39999961853027
dnk,2002,14.5
dnk,2003,14.69999980926514
dnk,2004,15.0
dnk,2005,15.60000038146973
dnk,2006,16.10000038146973
dnk,2007,16.10000038146973
dnk,2008,15.39999961853027
dnk,2009,14.30000019073486
dnk,2010,12.89999961853027
dnk,2011,11.5
dnk,2012,10.5
dnk,2013,9.899999618530272
dnk,2014,9.699999809265137
dnk,2015,9.699999809265137
dnk,2016,9.699999809265137
dnk,2017,9.600000381469728
dnk,2018,9.199999809265137
dnk,2019,8.5
dnk,2020,7.800000190734863
dnk,2021,7.5
dnk,2022,7.400000095367432
dnk,2023,7.300000190734863
dom,2000,41.40000152587891
dom,2001,41.0
dom,2002,40.59999847412109
dom,2003,40.29999923706055
dom,2004,39.40000152587891
dom,2005,37.59999847412109
dom,2006,35.59999847412109
dom,2007,32.70000076293945
dom,2008,30.29999923706055
dom,2009,29.0
dom,2010,27.70000076293945
dom,2011,26.89999961853027
dom,2012,26.10000038146973
dom,2013,24.70000076293945
dom,2014,22.79999923706055
dom,2015,20.39999961853027
dom,2016,22.10000038146973
dom,2017,19.70000076293945
dom,2018,19.0
dom,2019,20.29999923706055
dom,2020,23.60000038146973
dom,2021,25.39999961853027
dom,2022,29.39999961853027
dom,2023,32.5
dza,2000,46.5
dza,2001,46.59999847412109
dza,2002,45.90000152587891
dza,2003,44.79999923706055
dza,2004,43.29999923706055
dza,2005,41.90000152587891
dza,2006,40.59999847412109
dza,2007,55.5
dza,2008,53.29999923706055
dza,2009,31.5
dza,2010,27.89999961853027
dza,2011,26.5
dza,2012,27.20000076293945
dza,2013,28.89999961853027
dza,2014,29.10000038146973
dza,2015,27.29999923706055
dza,2016,26.20000076293945
dza,2017,26.5
dza,2018,25.89999961853027
dza,2019,23.89999961853027
dza,2020,22.5
dza,2021,21.60000038146973
dza,2022,21.0
dza,2023,20.20000076293945
ecu,2000,50.20000076293945
ecu,2001,50.20000076293945
ecu,2002,50.0
ecu,2003,49.5
ecu,2004,48.59999847412109
ecu,2005,47.40000152587891
ecu,2006,45.59999847412109
ecu,2007,43.20000076293945
ecu,2008,39.59999847412109
ecu,2009,35.79999923706055
ecu,2010,32.40000152587891
ecu,2011,30.20000076293945
ecu,2012,28.29999923706055
ecu,2013,26.89999961853027
ecu,2014,25.5
ecu,2015,23.39999961853027
ecu,2016,21.20000076293945
ecu,2017,20.10000038146973
ecu,2018,21.29999923706055
ecu,2019,23.20000076293945
ecu,2020,25.5
ecu,2021,26.39999961853027
ecu,2022,26.0
ecu,2023,24.60000038146973
egy,2000,33.09999847412109
egy,2001,33.59999847412109
egy,2002,34.0
egy,2003,34.79999923706055
egy,2004,37.09999847412109
egy,2005,47.0
egy,2006,50.20000076293945
egy,2007,52.79999923706055
egy,2008,53.09999847412109
egy,2009,51.20000076293945
egy,2010,47.29999923706055
egy,2011,42.70000076293945
egy,2012,38.59999847412109
egy,2013,36.0
egy,2014,34.79999923706055
egy,2015,34.79999923706055
egy,2016,35.0
egy,2017,33.90000152587891
egy,2018,32.09999847412109
egy,2019,30.0
egy,2020,28.60000038146973
egy,2021,27.20000076293945
egy,2022,25.5
egy,2023,24.0
eri,2000,30.89999961853027
eri,2001,30.60000038146973
eri,2002,30.79999923706055
eri,2003,31.10000038146973
eri,2004,36.90000152587891
eri,2005,37.09999847412109
eri,2006,37.40000152587891
eri,2007,38.09999847412109
eri,2008,38.90000152587891
eri,2009,39.79999923706055
eri,2010,40.5
eri,2011,41.20000076293945
eri,2012,42.90000152587891
eri,2013,42.59999847412109
eri,2014,46.40000152587891
eri,2015,49.29999923706055
eri,2016,50.70000076293945
eri,2017,50.0
eri,2018,47.0
eri,2019,43.40000152587891
eri,2020,40.59999847412109
eri,2021,39.09999847412109
eri,2022,39.20000076293945
eri,2023,40.20000076293945
esp,2000,20.79999923706055
esp,2001,22.70000076293945
esp,2002,21.60000038146973
esp,2003,17.10000038146973
esp,2004,15.39999961853027
esp,2005,15.10000038146973
esp,2006,15.30000019073486
esp,2007,15.30000019073486
esp,2008,14.5
esp,2009,13.19999980926514
esp,2010,11.30000019073486
esp,2011,9.300000190734863
esp,2012,8.0
esp,2013,5.699999809265137
esp,2014,5.900000095367432
esp,2015,6.099999904632568
esp,2016,6.300000190734863
esp,2017,6.300000190734863
esp,2018,6.099999904632568
esp,2019,5.900000095367432
esp,2020,6.0
esp,2021,6.199999809265137
esp,2022,6.699999809265137
esp,2023,7.099999904632568
est,2000,11.80000019073486
est,2001,11.69999980926514
est,2002,11.5
est,2003,11.10000038146973
est,2004,10.39999961853027
est,2005,9.699999809265137
est,2006,9.100000381469728
est,2007,8.399999618530273
est,2008,7.599999904632568
est,2009,6.599999904632568
est,2010,5.900000095367432
est,2011,5.5
est,2012,5.5
est,2013,6.099999904632568
est,2014,6.599999904632568
est,2015,6.800000190734863
est,2016,6.900000095367432
est,2017,7.099999904632568
est,2018,7.5
est,2019,7.699999809265137
est,2020,7.699999809265137
est,2021,7.800000190734863
est,2022,8.100000381469727
est,2023,8.399999618530273
eth,2000,71.80000305175781
eth,2001,72.30000305175781
eth,2002,72.19999694824219
eth,2003,71.0999984741211
eth,2004,68.80000305175781
eth,2005,65.4000015258789
eth,2006,62.0
eth,2007,60.09999847412109
eth,2008,60.09999847412109
eth,2009,61.0
eth,2010,61.40000152587891
eth,2011,61.59999847412109
eth,2012,62.5
eth,2013,63.70000076293945
eth,2014,63.59999847412109
eth,2015,61.70000076293945
eth,2016,60.29999923706055
eth,2017,60.29999923706055
eth,2018,60.90000152587891
eth,2019,62.20000076293945
eth,2020,64.30000305175781
eth,2021,65.5
eth,2022,65.0
eth,2023,64.5999984741211
fin,2000,6.099999904632568
fin,2001,6.199999809265137
fin,2002,6.199999809265137
fin,2003,6.099999904632568
fin,2004,6.099999904632568
fin,2005,6.0
fin,2006,6.099999904632568
fin,2007,6.400000095367432
fin,2008,6.699999809265137
fin,2009,6.800000190734863
fin,2010,6.699999809265137
fin,2011,6.199999809265137
fin,2012,5.599999904632568
fin,2013,5.0
fin,2014,4.300000190734863
fin,2015,3.700000047683716
fin,2016,3.200000047683716
fin,2017,2.900000095367432
fin,2018,2.700000047683716
fin,2019,2.599999904632568
fin,2020,2.700000047683716
fin,2021,2.799999952316284
fin,2022,3.0
fin,2023,3.099999904632568
fji,2000,39.59999847412109
fji,2001,38.5
fji,2002,37.70000076293945
fji,2003,37.29999923706055
fji,2004,38.79999923706055
fji,2005,40.70000076293945
fji,2006,41.79999923706055
fji,2007,40.90000152587891
fji,2008,39.0
fji,2009,37.29999923706055
fji,2010,36.29999923706055
fji,2011,36.0
fji,2012,36.09999847412109
fji,2013,35.70000076293945
fji,2014,34.09999847412109
fji,2015,31.10000038146973
fji,2016,27.79999923706055
fji,2017,25.39999961853027
fji,2018,24.5
fji,2019,24.5
fji,2020,23.79999923706055
fji,2021,20.89999961853027
fji,2022,16.89999961853027
fji,2023,13.19999980926514
fra,2000,9.100000381469728
fra,2001,8.899999618530273
fra,2002,8.800000190734863
fra,2003,8.699999809265137
fra,2004,8.300000190734863
fra,2005,7.599999904632568
fra,2006,6.800000190734863
fra,2007,6.300000190734863
fra,2008,6.099999904632568
fra,2009,6.699999809265137
fra,2010,7.0
fra,2011,6.800000190734863
fra,2012,6.400000095367432
fra,2013,6.099999904632568
fra,2014,6.199999809265137
fra,2015,6.199999809265137
fra,2016,6.0
fra,2017,5.599999904632568
fra,2018,5.199999809265137
fra,2019,4.800000190734863
fra,2020,4.5
fra,2021,4.099999904632568
fra,2022,3.299999952316284
fra,2023,2.200000047683716
fsm,2000,42.70000076293945
fsm,2001,43.09999847412109
fsm,2002,43.20000076293945
fsm,2003,43.0
fsm,2004,43.20000076293945
fsm,2005,42.29999923706055
fsm,2006,41.5
fsm,2007,41.0
fsm,2008,40.79999923706055
fsm,2009,40.59999847412109
fsm,2010,40.40000152587891
fsm,2011,40.09999847412109
fsm,2012,39.90000152587891
fsm,2013,39.90000152587891
fsm,2014,39.90000152587891
fsm,2015,40.09999847412109
fsm,2016,40.20000076293945
fsm,2017,40.29999923706055
fsm,2018,39.5
fsm,2019,38.59999847412109
fsm,2020,37.29999923706055
fsm,2021,35.5
fsm,2022,34.29999923706055
fsm,2023,33.59999847412109
gbr,2000,19.10000038146973
gbr,2001,16.79999923706055
gbr,2002,14.19999980926514
gbr,2003,11.19999980926514
gbr,2004,8.5
gbr,2005,7.900000095367432
gbr,2006,9.199999809265137
gbr,2007,10.60000038146973
gbr,2008,10.5
gbr,2009,9.300000190734863
gbr,2010,7.800000190734863
gbr,2011,6.5
gbr,2012,5.199999809265137
gbr,2013,3.900000095367432
gbr,2014,2.900000095367432
gbr,2015,2.5
gbr,2016,2.799999952316284
gbr,2017,3.700000047683716
gbr,2018,4.699999809265137
gbr,2019,5.599999904632568
gbr,2020,6.099999904632568
gbr,2021,6.199999809265137
gbr,2022,5.900000095367432
gbr,2023,5.5
geo,2000,21.79999923706055
geo,2001,21.10000038146973
geo,2002,20.29999923706055
geo,2003,19.5
geo,2004,19.0
geo,2005,18.60000038146973
geo,2006,17.5
geo,2007,13.89999961853027
geo,2008,9.0
geo,2009,9.800000190734863
geo,2010,6.300000190734863
geo,2011,4.599999904632568
geo,2012,3.900000095367432
geo,2013,3.5
geo,2014,3.299999952316284
geo,2015,3.099999904632568
geo,2016,2.799999952316284
geo,2017,2.099999904632568
geo,2018,1.399999976158142
geo,2019,1.0
geo,2020,0.800000011920929
geo,2021,0.5
geo,2022,0.4000000059604645
geo,2023,0.300000011920929
gha,2000,64.19999694824219
gha,2001,61.09999847412109
gha,2002,57.70000076293945
gha,2003,53.90000152587891
gha,2004,49.70000076293945
gha,2005,46.79999923706055
gha,2006,44.0
gha,2007,41.5
gha,2008,39.79999923706055
gha,2009,39.09999847412109
gha,2010,39.20000076293945
gha,2011,40.09999847412109
gha,2012,41.29999923706055
gha,2013,36.59999847412109
gha,2014,36.79999923706055
gha,2015,36.5
gha,2016,35.40000152587891
gha,2017,34.09999847412109
gha,2018,32.90000152587891
gha,2019,32.59999847412109
gha,2020,32.09999847412109
gha,2021,35.90000152587891
gha,2022,34.79999923706055
gha,2023,32.90000152587891
gin,2000,70.0999984741211
gin,2001,69.0
gin,2002,67.4000015258789
gin,2003,65.4000015258789
gin,2004,63.5
gin,2005,62.09999847412109
gin,2006,61.29999923706055
gin,2007,60.5
gin,2008,59.79999923706055
gin,2009,59.40000152587891
gin,2010,58.70000076293945
gin,2011,57.40000152587891
gin,2012,55.59999847412109
gin,2013,53.79999923706055
gin,2014,53.09999847412109
gin,2015,53.09999847412109
gin,2016,53.20000076293945
gin,2017,52.29999923706055
gin,2018,51.90000152587891
gin,2019,52.29999923706055
gin,2020,52.90000152587891
gin,2021,53.20000076293945
gin,2022,53.5
gin,2023,54.5
gmb,2000,76.69999694824219
gmb,2001,75.0
gmb,2002,72.4000015258789
gmb,2003,69.4000015258789
gmb,2004,66.0999984741211
gmb,2005,63.59999847412109
gmb,2006,62.09999847412109
gmb,2007,61.90000152587891
gmb,2008,62.90000152587891
gmb,2009,64.19999694824219
gmb,2010,64.5
gmb,2011,62.40000152587891
gmb,2012,59.79999923706055
gmb,2013,57.70000076293945
gmb,2014,56.59999847412109
gmb,2015,56.0
gmb,2016,54.79999923706055
gmb,2017,52.59999847412109
gmb,2018,49.40000152587891
gmb,2019,47.09999847412109
gmb,2020,45.90000152587891
gmb,2021,45.09999847412109
gmb,2022,43.0
gmb,2023,40.20000076293945
gnb,2000,52.70000076293945
gnb,2001,52.59999847412109
gnb,2002,51.40000152587891
gnb,2003,50.29999923706055
gnb,2004,48.79999923706055
gnb,2005,47.09999847412109
gnb,2006,45.09999847412109
gnb,2007,43.90000152587891
gnb,2008,44.09999847412109
gnb,2009,45.0
gnb,2010,45.90000152587891
gnb,2011,40.59999847412109
gnb,2012,36.5
gnb,2013,33.29999923706055
gnb,2014,32.29999923706055
gnb,2015,33.40000152587891
gnb,2016,35.40000152587891
gnb,2017,37.09999847412109
gnb,2018,38.0
gnb,2019,38.09999847412109
gnb,2020,38.29999923706055
gnb,2021,39.5
gnb,2022,41.40000152587891
gnb,2023,43.40000152587891
gnq,2000,69.0999984741211
gnq,2001,66.30000305175781
gnq,2002,61.90000152587891
gnq,2003,57.5
gnq,2004,55.40000152587891
gnq,2005,57.29999923706055
gnq,2006,61.09999847412109
gnq,2007,66.30000305175781
gnq,2008,67.4000015258789
gnq,2009,68.0999984741211
gnq,2010,69.69999694824219
gnq,2011,70.5999984741211
gnq,2012,70.80000305175781
gnq,2013,71.69999694824219
gnq,2014,73.80000305175781
gnq,2015,75.5999984741211
gnq,2016,76.5
gnq,2017,76.4000015258789
gnq,2018,76.30000305175781
gnq,2019,76.5999984741211
gnq,2020,77.30000305175781
gnq,2021,77.80000305175781
gnq,2022,77.5999984741211
gnq,2023,77.0999984741211
grc,2000,33.40000152587891
grc,2001,31.60000038146973
grc,2002,27.5
grc,2003,21.79999923706055
grc,2004,16.39999961853027
grc,2005,13.89999961853027
grc,2006,13.80000019073486
grc,2007,13.69999980926514
grc,2008,11.69999980926514
grc,2009,8.199999809265137
grc,2010,4.599999904632568
grc,2011,2.900000095367432
grc,2012,2.599999904632568
grc,2013,3.0
grc,2014,4.0
grc,2015,5.199999809265137
grc,2016,5.900000095367432
grc,2017,6.199999809265137
grc,2018,6.199999809265137
grc,2019,6.300000190734863
grc,2020,6.0
grc,2021,5.300000190734863
grc,2022,4.699999809265137
grc,2023,4.199999809265137
grd,2000,27.10000038146973
grd,2001,26.79999923706055
grd,2002,27.20000076293945
grd,2003,29.29999923706055
grd,2004,31.60000038146973
grd,2005,29.39999961853027
grd,2006,23.70000076293945
grd,2007,18.89999961853027
grd,2008,16.79999923706055
grd,2009,15.69999980926514
grd,2010,14.30000019073486
grd,2011,13.80000019073486
grd,2012,13.89999961853027
grd,2013,14.0
grd,2014,14.5
grd,2015,16.10000038146973
grd,2016,17.0
grd,2017,12.5
grd,2018,5.300000190734863
grd,2019,2.799999952316284
grd,2020,2.5
grd,2021,2.700000047683716
grd,2022,3.400000095367432
grd,2023,4.5
gtm,2000,65.69999694824219
gtm,2001,66.0999984741211
gtm,2002,66.5
gtm,2003,66.69999694824219
gtm,2004,66.30000305175781
gtm,2005,65.19999694824219
gtm,2006,62.79999923706055
gtm,2007,59.0
gtm,2008,55.90000152587891
gtm,2009,55.20000076293945
gtm,2010,56.79999923706055
gtm,2011,58.09999847412109
gtm,2012,57.20000076293945
gtm,2013,55.09999847412109
gtm,2014,53.59999847412109
gtm,2015,53.70000076293945
gtm,2016,54.70000076293945
gtm,2017,56.70000076293945
gtm,2018,59.29999923706055
gtm,2019,62.20000076293945
gtm,2020,64.80000305175781
gtm,2021,63.29999923706055
gtm,2022,64.0
gtm,2023,63.79999923706055
guy,2000,35.09999847412109
guy,2001,36.90000152587891
guy,2002,39.59999847412109
guy,2003,43.09999847412109
guy,2004,47.09999847412109
guy,2005,51.20000076293945
guy,2006,53.5
guy,2007,52.09999847412109
guy,2008,48.40000152587891
guy,2009,44.59999847412109
guy,2010,39.90000152587891
guy,2011,36.40000152587891
guy,2012,37.29999923706055
guy,2013,38.70000076293945
guy,2014,38.59999847412109
guy,2015,38.20000076293945
guy,2016,37.79999923706055
guy,2017,38.40000152587891
guy,2018,39.5
guy,2019,38.90000152587891
guy,2020,38.59999847412109
guy,2021,39.90000152587891
guy,2022,41.59999847412109
guy,2023,42.09999847412109
hkg,2000,33.09999847412109
hkg,2001,32.5
hkg,2002,31.89999961853027
hkg,2003,30.79999923706055
hkg,2004,29.5
hkg,2005,28.79999923706055
hkg,2006,29.39999961853027
hkg,2007,30.60000038146973
hkg,2008,30.89999961853027
hkg,2009,29.39999961853027
hkg,2010,26.10000038146973
hkg,2011,22.10000038146973
hkg,2012,11.89999961853027
hkg,2013,10.39999961853027
hkg,2014,8.600000381469727
hkg,2015,6.300000190734863
hkg,2016,4.099999904632568
hkg,2017,2.799999952316284
hkg,2018,2.299999952316284
hkg,2019,2.200000047683716
hkg,2020,2.5
hkg,2021,2.900000095367432
hkg,2022,3.700000047683716
hkg,2023,4.5
hnd,2000,66.19999694824219
hnd,2001,66.19999694824219
hnd,2002,66.69999694824219
hnd,2003,60.0
hnd,2004,60.20000076293945
hnd,2005,59.20000076293945
hnd,2006,58.0
hnd,2007,56.70000076293945
hnd,2008,53.59999847412109
hnd,2009,48.59999847412109
hnd,2010,44.90000152587891
hnd,2011,45.59999847412109
hnd,2012,49.29999923706055
hnd,2013,52.0
hnd,2014,55.90000152587891
hnd,2015,55.59999847412109
hnd,2016,56.20000076293945
hnd,2017,59.20000076293945
hnd,2018,63.29999923706055
hnd,2019,63.79999923706055
hnd,2020,64.30000305175781
hnd,2021,64.69999694824219
hnd,2022,65.30000305175781
hnd,2023,65.0999984741211
hrv,2000,14.60000038146973
hrv,2001,14.69999980926514
hrv,2002,15.0
hrv,2003,14.89999961853027
hrv,2004,14.39999961853027
hrv,2005,13.5
hrv,2006,12.5
hrv,2007,12.0
hrv,2008,12.10000038146973
hrv,2009,12.60000038146973
hrv,2010,12.80000019073486
hrv,2011,12.19999980926514
hrv,2012,11.10000038146973
hrv,2013,10.69999980926514
hrv,2014,11.0
hrv,2015,11.19999980926514
hrv,2016,10.80000019073486
hrv,2017,10.19999980926514
hrv,2018,9.800000190734863
hrv,2019,9.699999809265137
hrv,2020,9.800000190734863
hrv,2021,9.800000190734863
hrv,2022,9.399999618530272
hrv,2023,8.300000190734863
hti,2000,41.40000152587891
hti,2001,43.70000076293945
hti,2002,44.5
hti,2003,43.40000152587891
hti,2004,41.0
hti,2005,37.90000152587891
hti,2006,35.40000152587891
hti,2007,34.59999847412109
hti,2008,35.5
hti,2009,36.70000076293945
hti,2010,36.40000152587891
hti,2011,35.20000076293945
hti,2012,33.59999847412109
hti,2013,30.89999961853027
hti,2014,28.20000076293945
hti,2015,24.10000038146973
hti,2016,20.0
hti,2017,18.5
hti,2018,18.20000076293945
hti,2019,18.0
hti,2020,17.89999961853027
hti,2021,18.20000076293945
hti,2022,18.89999961853027
hti,2023,19.89999961853027
hun,2000,17.20000076293945
hun,2001,15.39999961853027
hun,2002,13.80000019073486
hun,2003,12.80000019073486
hun,2004,12.0
hun,2005,10.89999961853027
hun,2006,9.699999809265137
hun,2007,8.899999618530273
hun,2008,8.300000190734863
hun,2009,7.5
hun,2010,6.400000095367432
hun,2011,6.099999904632568
hun,2012,6.699999809265137
hun,2013,7.400000095367432
hun,2014,8.199999809265137
hun,2015,8.600000381469727
hun,2016,8.699999809265137
hun,2017,9.100000381469728
hun,2018,10.10000038146973
hun,2019,11.39999961853027
hun,2020,13.0
hun,2021,14.80000019073486
hun,2022,17.0
hun,2023,19.10000038146973
idn,2000,37.70000076293945
idn,2001,38.29999923706055
idn,2002,40.09999847412109
idn,2003,43.70000076293945
idn,2004,47.29999923706055
idn,2005,48.09999847412109
idn,2006,45.90000152587891
idn,2007,43.20000076293945
idn,2008,41.70000076293945
idn,2009,41.0
idn,2010,39.29999923706055
idn,2011,36.5
idn,2012,33.70000076293945
idn,2013,31.89999961853027
idn,2014,31.39999961853027
idn,2015,31.0
idn,2016,30.10000038146973
idn,2017,29.70000076293945
idn,2018,32.29999923706055
idn,2019,36.70000076293945
idn,2020,37.90000152587891
idn,2021,36.20000076293945
idn,2022,36.09999847412109
idn,2023,39.29999923706055
ind,2000,57.59999847412109
ind,2001,56.90000152587891
ind,2002,56.79999923706055
ind,2003,56.20000076293945
ind,2004,54.0
ind,2005,51.29999923706055
ind,2006,48.0
ind,2007,44.5
ind,2008,43.09999847412109
ind,2009,41.70000076293945
ind,2010,41.0
ind,2011,41.09999847412109
ind,2012,40.59999847412109
ind,2013,41.0
ind,2014,41.09999847412109
ind,2015,41.09999847412109
ind,2016,40.70000076293945
ind,2017,40.40000152587891
ind,2018,40.09999847412109
ind,2019,39.79999923706055
ind,2020,39.70000076293945
ind,2021,39.0
ind,2022,39.0
ind,2023,39.29999923706055
irl,2000,17.29999923706055
irl,2001,16.70000076293945
irl,2002,15.80000019073486
irl,2003,14.19999980926514
irl,2004,12.80000019073486
irl,2005,12.0
irl,2006,11.0
irl,2007,9.300000190734863
irl,2008,7.800000190734863
irl,2009,6.199999809265137
irl,2010,4.400000095367432
irl,2011,3.0
irl,2012,2.0
irl,2013,1.399999976158142
irl,2014,1.0
irl,2015,0.699999988079071
irl,2016,0.5
irl,2017,0.4000000059604645
irl,2018,0.300000011920929
irl,2019,0.2000000029802322
irl,2020,0.2000000029802322
irl,2021,0.1000000014901161
irl,2022,0.1000000014901161
irl,2023,0.1000000014901161
irn,2000,31.89999961853027
irn,2001,30.60000038146973
irn,2002,28.5
irn,2003,25.79999923706055
irn,2004,22.79999923706055
irn,2005,20.29999923706055
irn,2006,19.20000076293945
irn,2007,19.29999923706055
irn,2008,18.5
irn,2009,16.60000038146973
irn,2010,15.19999980926514
irn,2011,14.89999961853027
irn,2012,15.30000019073486
irn,2013,16.70000076293945
irn,2014,18.60000038146973
irn,2015,20.29999923706055
irn,2016,25.5
irn,2017,26.39999961853027
irn,2018,24.79999923706055
irn,2019,22.89999961853027
irn,2020,21.89999961853027
irn,2021,17.29999923706055
irn,2022,15.69999980926514
irn,2023,13.30000019073486
irq,2000,57.79999923706055
irq,2001,56.20000076293945
irq,2002,54.29999923706055
irq,2003,52.20000076293945
irq,2004,50.79999923706055
irq,2005,51.20000076293945
irq,2006,52.90000152587891
irq,2007,55.20000076293945
irq,2008,56.20000076293945
irq,2009,55.70000076293945
irq,2010,53.70000076293945
irq,2011,50.90000152587891
irq,2012,47.90000152587891
irq,2013,46.20000076293945
irq,2014,47.20000076293945
irq,2015,49.40000152587891
irq,2016,49.70000076293945
irq,2017,47.29999923706055
irq,2018,44.09999847412109
irq,2019,40.90000152587891
irq,2020,37.29999923706055
irq,2021,33.0
irq,2022,29.89999961853027
irq,2023,28.10000038146973
isl,2000,21.89999961853027
isl,2001,22.5
isl,2002,23.0
isl,2003,23.10000038146973
isl,2004,23.0
isl,2005,23.20000076293945
isl,2006,23.5
isl,2007,23.5
isl,2008,22.5
isl,2009,21.20000076293945
isl,2010,19.70000076293945
isl,2011,18.10000038146973
isl,2012,17.10000038146973
isl,2013,16.60000038146973
isl,2014,16.5
isl,2015,16.60000038146973
isl,2016,16.89999961853027
isl,2017,17.0
isl,2018,17.10000038146973
isl,2019,17.29999923706055
isl,2020,16.70000076293945
isl,2021,15.39999961853027
isl,2022,14.80000019073486
isl,2023,14.30000019073486
isr,2000,4.400000095367432
isr,2001,4.5
isr,2002,4.5
isr,2003,4.5
isr,2004,4.5
isr,2005,4.699999809265137
isr,2006,5.0
isr,2007,5.800000190734863
isr,2008,6.699999809265137
isr,2009,7.5
isr,2010,7.900000095367432
isr,2011,8.0
isr,2012,7.900000095367432
isr,2013,7.599999904632568
isr,2014,7.199999809265137
isr,2015,6.800000190734863
isr,2016,6.5
isr,2017,6.400000095367432
isr,2018,6.400000095367432
isr,2019,6.300000190734863
isr,2020,6.400000095367432
isr,2021,6.400000095367432
isr,2022,6.599999904632568
isr,2023,6.900000095367432
ita,2000,15.0
ita,2001,14.80000019073486
ita,2002,14.39999961853027
ita,2003,13.69999980926514
ita,2004,12.80000019073486
ita,2005,11.89999961853027
ita,2006,11.60000038146973
ita,2007,11.60000038146973
ita,2008,11.30000019073486
ita,2009,10.80000019073486
ita,2010,10.19999980926514
ita,2011,9.699999809265137
ita,2012,9.399999618530272
ita,2013,9.100000381469728
ita,2014,8.300000190734863
ita,2015,7.400000095367432
ita,2016,6.900000095367432
ita,2017,6.400000095367432
ita,2018,6.0
ita,2019,5.5
ita,2020,5.0
ita,2021,4.599999904632568
ita,2022,4.5
ita,2023,4.599999904632568
jam,2000,44.70000076293945
jam,2001,40.79999923706055
jam,2002,35.70000076293945
jam,2003,32.40000152587891
jam,2004,30.20000076293945
jam,2005,27.89999961853027
jam,2006,27.70000076293945
jam,2007,29.5
jam,2008,31.70000076293945
jam,2009,32.29999923706055
jam,2010,29.79999923706055
jam,2011,25.29999923706055
jam,2012,23.0
jam,2013,23.5
jam,2014,25.20000076293945
jam,2015,25.10000038146973
jam,2016,22.5
jam,2017,21.29999923706055
jam,2018,24.5
jam,2019,30.20000076293945
jam,2020,35.90000152587891
jam,2021,35.20000076293945
jam,2022,27.89999961853027
jam,2023,22.60000038146973
jor,2000,39.40000152587891
jor,2001,38.29999923706055
jor,2002,37.90000152587891
jor,2003,37.40000152587891
jor,2004,36.90000152587891
jor,2005,36.79999923706055
jor,2006,37.79999923706055
jor,2007,39.09999847412109
jor,2008,39.0
jor,2009,36.0
jor,2010,31.79999923706055
jor,2011,28.0
jor,2012,24.70000076293945
jor,2013,23.29999923706055
jor,2014,23.89999961853027
jor,2015,25.60000038146973
jor,2016,27.10000038146973
jor,2017,28.20000076293945
jor,2018,27.89999961853027
jor,2019,25.70000076293945
jor,2020,23.39999961853027
jor,2021,22.39999961853027
jor,2022,23.0
jor,2023,23.60000038146973
jpn,2000,0.0
jpn,2001,0.0
jpn,2002,0.0
jpn,2003,0.0
jpn,2004,0.0
jpn,2005,0.0
jpn,2006,0.0
jpn,2007,0.0
jpn,2008,0.0
jpn,2009,0.0
jpn,2010,0.0
jpn,2011,0.0
jpn,2012,0.0
jpn,2013,0.0
jpn,2014,0.0
jpn,2015,0.0
jpn,2016,0.0
jpn,2017,0.0
jpn,2018,0.0
jpn,2019,0.0
jpn,2020,0.0
jpn,2021,0.0
jpn,2022,0.0
jpn,2023,0.0
kaz,2000,13.0
kaz,2001,13.0
kaz,2002,12.80000019073486
kaz,2003,12.0
kaz,2004,10.5
kaz,2005,9.0
kaz,2006,8.5
kaz,2007,9.0
kaz,2008,10.0
kaz,2009,9.899999618530272
kaz,2010,8.100000381469727
kaz,2011,6.900000095367432
kaz,2012,7.5
kaz,2013,9.199999809265137
kaz,2014,10.60000038146973
kaz,2015,10.69999980926514
kaz,2016,10.5
kaz,2017,11.10000038146973
kaz,2018,12.0
kaz,2019,12.69999980926514
kaz,2020,9.300000190734863
kaz,2021,10.10000038146973
kaz,2022,10.69999980926514
kaz,2023,10.69999980926514
ken,2000,52.09999847412109
ken,2001,48.79999923706055
ken,2002,45.59999847412109
ken,2003,43.0
ken,2004,40.59999847412109
ken,2005,38.29999923706055
ken,2006,35.59999847412109
ken,2007,32.40000152587891
ken,2008,29.89999961853027
ken,2009,28.60000038146973
ken,2010,27.89999961853027
ken,2011,27.39999961853027
ken,2012,26.60000038146973
ken,2013,25.29999923706055
ken,2014,23.60000038146973
ken,2015,22.10000038146973
ken,2016,21.20000076293945
ken,2017,20.39999961853027
ken,2018,19.60000038146973
ken,2019,18.89999961853027
ken,2020,18.29999923706055
ken,2021,18.10000038146973
ken,2022,18.60000038146973
ken,2023,19.60000038146973
kgz,2000,23.5
kgz,2001,23.5
kgz,2002,24.0
kgz,2003,24.20000076293945
kgz,2004,24.79999923706055
kgz,2005,25.39999961853027
kgz,2006,26.60000038146973
kgz,2007,28.79999923706055
kgz,2008,30.60000038146973
kgz,2009,30.70000076293945
kgz,2010,28.79999923706055
kgz,2011,27.39999961853027
kgz,2012,28.5
kgz,2013,30.60000038146973
kgz,2014,31.29999923706055
kgz,2015,31.5
kgz,2016,32.0
kgz,2017,31.5
kgz,2018,29.60000038146973
kgz,2019,28.89999961853027
kgz,2020,30.0
kgz,2021,30.20000076293945
kgz,2022,26.5
kgz,2023,21.29999923706055
khm,2000,67.19999694824219
khm,2001,65.30000305175781
khm,2002,62.70000076293945
khm,2003,58.70000076293945
khm,2004,56.09999847412109
khm,2005,54.79999923706055
khm,2006,54.40000152587891
khm,2007,53.40000152587891
khm,2008,52.70000076293945
khm,2009,52.59999847412109
khm,2010,52.59999847412109
khm,2011,53.40000152587891
khm,2012,55.59999847412109
khm,2013,57.70000076293945
khm,2014,57.59999847412109
khm,2015,55.20000076293945
khm,2016,52.70000076293945
khm,2017,52.79999923706055
khm,2018,54.09999847412109
khm,2019,54.0
khm,2020,50.90000152587891
khm,2021,48.40000152587891
khm,2022,47.79999923706055
khm,2023,49.0
kir,2000,21.10000038146973
kir,2001,21.39999961853027
kir,2002,21.89999961853027
kir,2003,22.20000076293945
kir,2004,23.0
kir,2005,23.5
kir,2006,24.79999923706055
kir,2007,26.70000076293945
kir,2008,29.60000038146973
kir,2009,36.0
kir,2010,39.40000152587891
kir,2011,43.09999847412109
kir,2012,46.29999923706055
kir,2013,48.79999923706055
kir,2014,50.40000152587891
kir,2015,50.79999923706055
kir,2016,49.70000076293945
kir,2017,47.5
kir,2018,44.0
kir,2019,40.09999847412109
kir,2020,35.90000152587891
kir,2021,32.0
kir,2022,29.89999961853027
kir,2023,31.20000076293945
kna,2000,33.0
kna,2001,32.79999923706055
kna,2002,32.29999923706055
kna,2003,30.60000038146973
kna,2004,27.29999923706055
kna,2005,24.10000038146973
kna,2006,22.60000038146973
kna,2007,19.60000038146973
kna,2008,16.10000038146973
kna,2009,14.60000038146973
kna,2010,14.0
kna,2011,13.30000019073486
kna,2012,11.80000019073486
kna,2013,9.899999618530272
kna,2014,8.399999618530273
kna,2015,7.0
kna,2016,5.599999904632568
kna,2017,4.300000190734863
kna,2018,3.400000095367432
kna,2019,2.599999904632568
kna,2020,2.099999904632568
kna,2021,1.700000047683716
kna,2022,1.399999976158142
kna,2023,1.200000047683716
kor,2000,7.400000095367432
kor,2001,7.300000190734863
kor,2002,7.199999809265137
kor,2003,7.0
kor,2004,6.800000190734863
kor,2005,6.800000190734863
kor,2006,6.900000095367432
kor,2007,6.699999809265137
kor,2008,6.099999904632568
kor,2009,5.199999809265137
kor,2010,4.400000095367432
kor,2011,3.799999952316284
kor,2012,3.200000047683716
kor,2013,2.700000047683716
kor,2014,2.400000095367432
kor,2015,2.0
kor,2016,1.700000047683716
kor,2017,1.399999976158142
kor,2018,1.200000047683716
kor,2019,1.0
kor,2020,0.8999999761581421
kor,2021,0.8999999761581421
kor,2022,0.8999999761581421
kor,2023,0.8999999761581421
lao,2000,50.59999847412109
lao,2001,49.29999923706055
lao,2002,47.40000152587891
lao,2003,45.09999847412109
lao,2004,42.90000152587891
lao,2005,41.29999923706055
lao,2006,41.20000076293945
lao,2007,41.0
lao,2008,40.5
lao,2009,39.40000152587891
lao,2010,42.59999847412109
lao,2011,45.90000152587891
lao,2012,45.29999923706055
lao,2013,45.20000076293945
lao,2014,45.40000152587891
lao,2015,44.0
lao,2016,40.5
lao,2017,38.09999847412109
lao,2018,38.20000076293945
lao,2019,41.0
lao,2020,42.90000152587891
lao,2021,43.79999923706055
lao,2022,44.5
lao,2023,46.20000076293945
lbn,2000,60.59999847412109
lbn,2001,59.90000152587891
lbn,2002,59.20000076293945
lbn,2003,58.29999923706055
lbn,2004,56.20000076293945
lbn,2005,52.09999847412109
lbn,2006,48.29999923706055
lbn,2007,45.40000152587891
lbn,2008,44.09999847412109
lbn,2009,42.90000152587891
lbn,2010,42.09999847412109
lbn,2011,42.90000152587891
lbn,2012,45.5
lbn,2013,49.59999847412109
lbn,2014,53.59999847412109
lbn,2015,57.09999847412109
lbn,2016,59.20000076293945
lbn,2017,60.40000152587891
lbn,2018,61.09999847412109
lbn,2019,61.40000152587891
lbn,2020,61.20000076293945
lbn,2021,60.40000152587891
lbn,2022,59.70000076293945
lbn,2023,59.29999923706055
lbr,2000,29.0
lbr,2001,27.79999923706055
lbr,2002,26.70000076293945
lbr,2003,25.89999961853027
lbr,2004,24.89999961853027
lbr,2005,24.10000038146973
lbr,2006,23.79999923706055
lbr,2007,23.79999923706055
lbr,2008,24.0
lbr,2009,24.0
lbr,2010,24.0
lbr,2011,24.0
lbr,2012,24.10000038146973
lbr,2013,24.60000038146973
lbr,2014,25.79999923706055
lbr,2015,26.5
lbr,2016,25.89999961853027
lbr,2017,24.60000038146973
lbr,2018,23.70000076293945
lbr,2019,24.5
lbr,2020,26.20000076293945
lbr,2021,27.39999961853027
lbr,2022,28.29999923706055
lbr,2023,28.89999961853027
lca,2000,38.59999847412109
lca,2001,38.59999847412109
lca,2002,38.40000152587891
lca,2003,38.59999847412109
lca,2004,39.90000152587891
lca,2005,41.20000076293945
lca,2006,39.0
lca,2007,31.89999961853027
lca,2008,25.0
lca,2009,21.79999923706055
lca,2010,20.70000076293945
lca,2011,20.39999961853027
lca,2012,19.39999961853027
lca,2013,18.29999923706055
lca,2014,19.0
lca,2015,21.0
lca,2016,22.20000076293945
lca,2017,22.70000076293945
lca,2018,22.0
lca,2019,21.39999961853027
lca,2020,20.5
lca,2021,20.5
lca,2022,21.20000076293945
lca,2023,21.39999961853027
lie,2000,0.0
lie,2001,0.800000011920929
lie,2002,13.10000038146973
lie,2003,37.20000076293945
lie,2004,54.40000152587891
lie,2005,46.5
lie,2006,27.60000038146973
lie,2007,11.60000038146973
lie,2008,5.300000190734863
lie,2009,3.299999952316284
lie,2010,1.799999952316284
lie,2011,1.100000023841858
lie,2012,1.700000047683716
lie,2013,1.399999976158142
lie,2014,0.4000000059604645
lie,2015,0.0
lie,2016,0.5
lie,2017,2.200000047683716
lie,2018,3.700000047683716
lie,2019,4.199999809265137
lie,2020,3.299999952316284
lie,2021,2.700000047683716
lie,2022,2.200000047683716
lie,2023,2.299999952316284
lka,2000,34.09999847412109
lka,2001,34.79999923706055
lka,2002,36.09999847412109
lka,2003,37.5
lka,2004,37.79999923706055
lka,2005,37.20000076293945
lka,2006,36.09999847412109
lka,2007,35.0
lka,2008,35.09999847412109
lka,2009,35.09999847412109
lka,2010,35.09999847412109
lka,2011,35.40000152587891
lka,2012,36.0
lka,2013,36.70000076293945
lka,2014,36.29999923706055
lka,2015,34.09999847412109
lka,2016,30.60000038146973
lka,2017,26.39999961853027
lka,2018,23.29999923706055
lka,2019,21.39999961853027
lka,2020,20.29999923706055
lka,2021,18.89999961853027
lka,2022,17.10000038146973
lka,2023,15.10000038146973
lso,2000,47.40000152587891
lso,2001,47.20000076293945
lso,2002,46.70000076293945
lso,2003,45.70000076293945
lso,2004,44.29999923706055
lso,2005,43.09999847412109
lso,2006,41.70000076293945
lso,2007,40.20000076293945
lso,2008,39.5
lso,2009,39.29999923706055
lso,2010,38.59999847412109
lso,2011,38.0
lso,2012,38.09999847412109
lso,2013,39.29999923706055
lso,2014,41.59999847412109
lso,2015,44.40000152587891
lso,2016,45.70000076293945
lso,2017,47.40000152587891
lso,2018,50.20000076293945
lso,2019,52.59999847412109
lso,2020,54.20000076293945
lso,2021,54.20000076293945
lso,2022,54.5
lso,2023,56.5
ltu,2000,10.89999961853027
ltu,2001,10.5
ltu,2002,10.0
ltu,2003,8.600000381469727
ltu,2004,6.5
ltu,2005,4.300000190734863
ltu,2006,2.799999952316284
ltu,2007,2.099999904632568
ltu,2008,1.899999976158142
ltu,2009,2.099999904632568
ltu,2010,2.400000095367432
ltu,2011,3.0
ltu,2012,3.900000095367432
ltu,2013,4.800000190734863
ltu,2014,5.900000095367432
ltu,2015,6.599999904632568
ltu,2016,6.800000190734863
ltu,2017,7.400000095367432
ltu,2018,9.300000190734863
ltu,2019,11.19999980926514
ltu,2020,9.899999618530272
ltu,2021,5.900000095367432
ltu,2022,2.900000095367432
ltu,2023,1.600000023841858
lux,2000,20.10000038146973
lux,2001,20.29999923706055
lux,2002,20.89999961853027
lux,2003,21.70000076293945
lux,2004,22.29999923706055
lux,2005,22.5
lux,2006,22.39999961853027
lux,2007,21.89999961853027
lux,2008,21.39999961853027
lux,2009,20.5
lux,2010,19.39999961853027
lux,2011,19.20000076293945
lux,2012,18.70000076293945
lux,2013,17.89999961853027
lux,2014,18.0
lux,2015,17.39999961853027
lux,2016,16.5
lux,2017,17.10000038146973
lux,2018,17.5
lux,2019,17.0
lux,2020,16.29999923706055
lux,2021,15.89999961853027
lux,2022,15.0
lux,2023,14.0
lva,2000,14.10000038146973
lva,2001,13.80000019073486
lva,2002,12.89999961853027
lva,2003,11.5
lva,2004,9.800000190734863
lva,2005,8.699999809265137
lva,2006,8.300000190734863
lva,2007,8.600000381469727
lva,2008,9.100000381469728
lva,2009,9.0
lva,2010,8.199999809265137
lva,2011,7.199999809265137
lva,2012,6.300000190734863
lva,2013,5.199999809265137
lva,2014,4.099999904632568
lva,2015,3.0
lva,2016,2.099999904632568
lva,2017,1.600000023841858
lva,2018,1.399999976158142
lva,2019,1.399999976158142
lva,2020,1.5
lva,2021,1.700000047683716
lva,2022,1.799999952316284
lva,2023,2.0
mac,2000,29.29999923706055
mac,2001,28.60000038146973
mac,2002,27.79999923706055
mac,2003,26.60000038146973
mac,2004,24.89999961853027
mac,2005,23.5
mac,2006,22.79999923706055
mac,2007,22.70000076293945
mac,2008,21.79999923706055
mac,2009,20.29999923706055
mac,2010,19.0
mac,2011,18.5
mac,2012,18.20000076293945
mac,2013,17.89999961853027
mac,2014,17.79999923706055
mac,2015,17.79999923706055
mac,2016,17.5
mac,2017,18.39999961853027
mac,2018,21.0
mac,2019,23.89999961853027
mac,2020,23.20000076293945
mac,2021,20.39999961853027
mac,2022,18.29999923706055
mac,2023,17.5
mar,2000,57.59999847412109
mar,2001,57.20000076293945
mar,2002,56.59999847412109
mar,2003,55.70000076293945
mar,2004,54.20000076293945
mar,2005,52.40000152587891
mar,2006,50.29999923706055
mar,2007,47.79999923706055
mar,2008,45.09999847412109
mar,2009,43.20000076293945
mar,2010,42.20000076293945
mar,2011,41.59999847412109
mar,2012,40.29999923706055
mar,2013,37.5
mar,2014,34.40000152587891
mar,2015,31.39999961853027
mar,2016,29.70000076293945
mar,2017,28.5
mar,2018,27.70000076293945
mar,2019,26.39999961853027
mar,2020,24.70000076293945
mar,2021,23.60000038146973
mar,2022,23.29999923706055
mar,2023,22.79999923706055
mco,2000,0.0
mco,2001,0.1000000014901161
mco,2002,0.2000000029802322
mco,2003,0.8999999761581421
mco,2004,2.099999904632568
mco,2005,4.199999809265137
mco,2006,8.399999618530273
mco,2007,14.30000019073486
mco,2008,19.79999923706055
mco,2009,23.29999923706055
mco,2010,24.0
mco,2011,23.20000076293945
mco,2012,22.0
mco,2013,20.29999923706055
mco,2014,18.5
mco,2015,16.60000038146973
mco,2016,14.69999980926514
mco,2017,12.60000038146973
mco,2018,10.5
mco,2019,8.800000190734863
mco,2020,7.599999904632568
mco,2021,6.900000095367432
mco,2022,6.400000095367432
mco,2023,5.800000190734863
mda,2000,38.70000076293945
mda,2001,37.79999923706055
mda,2002,37.90000152587891
mda,2003,38.5
mda,2004,39.5
mda,2005,41.0
mda,2006,40.29999923706055
mda,2007,35.0
mda,2008,29.79999923706055
mda,2009,29.0
mda,2010,30.10000038146973
mda,2011,31.29999923706055
mda,2012,31.20000076293945
mda,2013,30.0
mda,2014,28.70000076293945
mda,2015,26.5
mda,2016,22.10000038146973
mda,2017,18.20000076293945
mda,2018,15.39999961853027
mda,2019,12.80000019073486
mda,2020,10.80000019073486
mda,2021,9.5
mda,2022,8.300000190734863
mda,2023,6.800000190734863
mdg,2000,60.29999923706055
mdg,2001,62.40000152587891
mdg,2002,65.0
mdg,2003,67.0
mdg,2004,67.69999694824219
mdg,2005,67.19999694824219
mdg,2006,66.0
mdg,2007,64.69999694824219
mdg,2008,64.0
mdg,2009,63.70000076293945
mdg,2010,63.5
mdg,2011,63.20000076293945
mdg,2012,62.20000076293945
mdg,2013,60.79999923706055
mdg,2014,58.5
mdg,2015,55.70000076293945
mdg,2016,53.70000076293945
mdg,2017,54.0
mdg,2018,56.59999847412109
mdg,2019,59.59999847412109
mdg,2020,61.59999847412109
mdg,2021,63.29999923706055
mdg,2022,65.0999984741211
mdg,2023,67.19999694824219
mdv,2000,37.09999847412109
mdv,2001,37.90000152587891
mdv,2002,39.0
mdv,2003,40.5
mdv,2004,42.5
mdv,2005,45.29999923706055
mdv,2006,47.70000076293945
mdv,2007,48.40000152587891
mdv,2008,49.29999923706055
mdv,2009,51.5
mdv,2010,54.09999847412109
mdv,2011,56.29999923706055
mdv,2012,58.40000152587891
mdv,2013,58.09999847412109
mdv,2014,55.29999923706055
mdv,2015,52.90000152587891
mdv,2016,52.70000076293945
mdv,2017,54.40000152587891
mdv,2018,55.59999847412109
mdv,2019,55.29999923706055
mdv,2020,51.40000152587891
mdv,2021,46.0
mdv,2022,42.5
mdv,2023,39.20000076293945
mex,2000,44.90000152587891
mex,2001,45.79999923706055
mex,2002,46.40000152587891
mex,2003,46.09999847412109
mex,2004,44.79999923706055
mex,2005,43.70000076293945
mex,2006,43.29999923706055
mex,2007,43.0
mex,2008,41.70000076293945
mex,2009,40.0
mex,2010,38.20000076293945
mex,2011,37.20000076293945
mex,2012,36.40000152587891
mex,2013,34.79999923706055
mex,2014,32.59999847412109
mex,2015,30.39999961853027
mex,2016,29.10000038146973
mex,2017,28.39999961853027
mex,2018,28.29999923706055
mex,2019,29.29999923706055
mex,2020,30.70000076293945
mex,2021,32.09999847412109
mex,2022,33.0
mex,2023,33.59999847412109
mhl,2000,21.10000038146973
mhl,2001,20.60000038146973
mhl,2002,20.5
mhl,2003,20.0
mhl,2004,19.89999961853027
mhl,2005,19.79999923706055
mhl,2006,20.0
mhl,2007,20.39999961853027
mhl,2008,21.10000038146973
mhl,2009,21.79999923706055
mhl,2010,22.70000076293945
mhl,2011,23.70000076293945
mhl,2012,24.60000038146973
mhl,2013,25.10000038146973
mhl,2014,25.0
mhl,2015,31.39999961853027
mhl,2016,30.5
mhl,2017,28.70000076293945
mhl,2018,26.5
mhl,2019,18.89999961853027
mhl,2020,17.89999961853027
mhl,2021,23.0
mhl,2022,21.29999923706055
mhl,2023,18.39999961853027
mkd,2000,31.29999923706055
mkd,2001,31.79999923706055
mkd,2002,31.39999961853027
mkd,2003,30.5
mkd,2004,29.5
mkd,2005,28.5
mkd,2006,27.39999961853027
mkd,2007,27.39999961853027
mkd,2008,27.29999923706055
mkd,2009,26.39999961853027
mkd,2010,25.20000076293945
mkd,2011,23.0
mkd,2012,21.29999923706055
mkd,2013,22.10000038146973
mkd,2014,26.20000076293945
mkd,2015,29.60000038146973
mkd,2016,29.60000038146973
mkd,2017,27.10000038146973
mkd,2018,21.60000038146973
mkd,2019,17.5
mkd,2020,16.29999923706055
mkd,2021,13.69999980926514
mkd,2022,12.69999980926514
mkd,2023,13.0
mli,2000,70.19999694824219
mli,2001,69.9000015258789
mli,2002,69.30000305175781
mli,2003,68.9000015258789
mli,2004,68.30000305175781
mli,2005,67.80000305175781
mli,2006,67.30000305175781
mli,2007,66.0
mli,2008,64.19999694824219
mli,2009,62.70000076293945
mli,2010,62.29999923706055
mli,2011,62.90000152587891
mli,2012,63.70000076293945
mli,2013,64.30000305175781
mli,2014,64.5
mli,2015,65.0
mli,2016,65.80000305175781
mli,2017,66.80000305175781
mli,2018,67.5999984741211
mli,2019,68.5999984741211
mli,2020,70.19999694824219
mli,2021,72.0999984741211
mli,2022,73.5999984741211
mli,2023,74.0999984741211
mlt,2000,30.29999923706055
mlt,2001,30.20000076293945
mlt,2002,30.5
mlt,2003,30.79999923706055
mlt,2004,30.70000076293945
mlt,2005,28.89999961853027
mlt,2006,28.0
mlt,2007,31.79999923706055
mlt,2008,37.59999847412109
mlt,2009,37.40000152587891
mlt,2010,30.10000038146973
mlt,2011,24.39999961853027
mlt,2012,14.5
mlt,2013,15.19999980926514
mlt,2014,15.39999961853027
mlt,2015,15.30000019073486
mlt,2016,14.69999980926514
mlt,2017,14.19999980926514
mlt,2018,13.60000038146973
mlt,2019,12.80000019073486
mlt,2020,12.10000038146973
mlt,2021,11.80000019073486
mlt,2022,11.80000019073486
mlt,2023,11.80000019073486
mmr,2000,50.29999923706055
mmr,2001,52.59999847412109
mmr,2002,56.0
mmr,2003,59.29999923706055
mmr,2004,61.70000076293945
mmr,2005,62.40000152587891
mmr,2006,61.5
mmr,2007,61.09999847412109
mmr,2008,61.70000076293945
mmr,2009,61.29999923706055
mmr,2010,59.79999923706055
mmr,2011,58.5
mmr,2012,58.09999847412109
mmr,2013,58.0
mmr,2014,57.09999847412109
mmr,2015,55.29999923706055
mmr,2016,52.40000152587891
mmr,2017,48.09999847412109
mmr,2018,42.0
mmr,2019,34.90000152587891
mmr,2020,29.39999961853027
mmr,2021,26.20000076293945
mmr,2022,24.89999961853027
mmr,2023,26.20000076293945
mne,2000,4.5
mne,2001,4.400000095367432
mne,2002,4.400000095367432
mne,2003,4.400000095367432
mne,2004,4.300000190734863
mne,2005,4.400000095367432
mne,2006,4.599999904632568
mne,2007,4.699999809265137
mne,2008,5.0
mne,2009,5.400000095367432
mne,2010,5.5
mne,2011,5.400000095367432
mne,2012,4.900000095367432
mne,2013,4.400000095367432
mne,2014,4.599999904632568
mne,2015,4.900000095367432
mne,2016,5.099999904632568
mne,2017,4.599999904632568
mne,2018,3.5
mne,2019,2.5
mne,2020,1.799999952316284
mne,2021,1.399999976158142
mne,2022,1.0
mne,2023,0.800000011920929
mng,2000,43.0
mng,2001,39.40000152587891
mng,2002,36.79999923706055
mng,2003,34.90000152587891
mng,2004,33.09999847412109
mng,2005,31.10000038146973
mng,2006,28.10000038146973
mng,2007,23.79999923706055
mng,2008,21.5
mng,2009,17.89999961853027
mng,2010,17.39999961853027
mng,2011,20.10000038146973
mng,2012,17.70000076293945
mng,2013,16.70000076293945
mng,2014,16.60000038146973
mng,2015,15.69999980926514
mng,2016,13.69999980926514
mng,2017,12.30000019073486
mng,2018,11.89999961853027
mng,2019,13.19999980926514
mng,2020,16.20000076293945
mng,2021,20.60000038146973
mng,2022,24.5
mng,2023,25.5
moz,2000,70.30000305175781
moz,2001,65.30000305175781
moz,2002,59.5
moz,2003,55.5
moz,2004,54.09999847412109
moz,2005,53.79999923706055
moz,2006,51.90000152587891
moz,2007,49.70000076293945
moz,2008,48.90000152587891
moz,2009,49.70000076293945
moz,2010,51.0
moz,2011,52.59999847412109
moz,2012,54.70000076293945
moz,2013,56.70000076293945
moz,2014,57.70000076293945
moz,2015,57.0
moz,2016,55.40000152587891
moz,2017,55.09999847412109
moz,2018,56.0
moz,2019,55.5
moz,2020,53.90000152587891
moz,2021,52.20000076293945
moz,2022,50.0
moz,2023,49.0
mrt,2000,80.80000305175781
mrt,2001,80.19999694824219
mrt,2002,79.5999984741211
mrt,2003,78.5999984741211
mrt,2004,77.0
mrt,2005,74.4000015258789
mrt,2006,71.5999984741211
mrt,2007,68.69999694824219
mrt,2008,72.30000305175781
mrt,2009,69.5
mrt,2010,66.5
mrt,2011,63.70000076293945
mrt,2012,61.59999847412109
mrt,2013,60.09999847412109
mrt,2014,59.09999847412109
mrt,2015,58.29999923706055
mrt,2016,58.20000076293945
mrt,2017,58.40000152587891
mrt,2018,58.59999847412109
mrt,2019,58.70000076293945
mrt,2020,58.79999923706055
mrt,2021,59.20000076293945
mrt,2022,58.70000076293945
mrt,2023,57.40000152587891
msr,2000,21.70000076293945
msr,2001,21.79999923706055
msr,2002,22.29999923706055
msr,2003,22.5
msr,2004,20.39999961853027
msr,2005,18.39999961853027
msr,2006,18.20000076293945
msr,2007,21.10000038146973
msr,2008,26.79999923706055
msr,2009,32.09999847412109
msr,2010,37.0
msr,2011,47.29999923706055
msr,2012,56.90000152587891
msr,2013,61.20000076293945
msr,2014,61.59999847412109
msr,2015,61.29999923706055
msr,2016,61.59999847412109
msr,2017,56.29999923706055
msr,2018,40.79999923706055
msr,2019,24.0
msr,2020,17.70000076293945
msr,2021,16.10000038146973
msr,2022,14.30000019073486
msr,2023,12.69999980926514
mus,2000,51.09999847412109
mus,2001,48.0
mus,2002,45.09999847412109
mus,2003,41.79999923706055
mus,2004,38.09999847412109
mus,2005,34.09999847412109
mus,2006,30.70000076293945
mus,2007,28.89999961853027
mus,2008,28.39999961853027
mus,2009,28.29999923706055
mus,2010,28.0
mus,2011,26.89999961853027
mus,2012,25.10000038146973
mus,2013,23.29999923706055
mus,2014,21.79999923706055
mus,2015,21.20000076293945
mus,2016,21.5
mus,2017,22.39999961853027
mus,2018,23.29999923706055
mus,2019,24.0
mus,2020,24.39999961853027
mus,2021,25.0
mus,2022,25.79999923706055
mus,2023,26.5
mwi,2000,57.09999847412109
mwi,2001,62.0
mwi,2002,66.9000015258789
mwi,2003,69.5999984741211
mwi,2004,69.0
mwi,2005,66.30000305175781
mwi,2006,63.0
mwi,2007,59.70000076293945
mwi,2008,57.40000152587891
mwi,2009,56.5
mwi,2010,55.59999847412109
mwi,2011,53.20000076293945
mwi,2012,50.29999923706055
mwi,2013,47.70000076293945
mwi,2014,45.29999923706055
mwi,2015,46.40000152587891
mwi,2016,51.20000076293945
mwi,2017,55.40000152587891
mwi,2018,57.20000076293945
mwi,2019,57.40000152587891
mwi,2020,56.40000152587891
mwi,2021,56.0
mwi,2022,55.70000076293945
mwi,2023,55.29999923706055
mys,2000,33.5
mys,2001,36.29999923706055
mys,2002,37.20000076293945
mys,2003,36.59999847412109
mys,2004,36.90000152587891
mys,2005,39.0
mys,2006,41.29999923706055
mys,2007,42.59999847412109
mys,2008,42.40000152587891
mys,2009,42.20000076293945
mys,2010,41.79999923706055
mys,2011,41.5
mys,2012,40.70000076293945
mys,2013,40.20000076293945
mys,2014,41.0
mys,2015,43.09999847412109
mys,2016,45.40000152587891
mys,2017,46.5
mys,2018,47.20000076293945
mys,2019,48.40000152587891
mys,2020,49.20000076293945
mys,2021,58.29999923706055
mys,2022,57.29999923706055
mys,2023,55.09999847412109
nam,2000,31.79999923706055
nam,2001,32.5
nam,2002,33.59999847412109
nam,2003,34.5
nam,2004,35.09999847412109
nam,2005,35.29999923706055
nam,2006,35.0
nam,2007,34.09999847412109
nam,2008,33.5
nam,2009,32.70000076293945
nam,2010,31.70000076293945
nam,2011,30.70000076293945
nam,2012,29.70000076293945
nam,2013,28.0
nam,2014,25.70000076293945
nam,2015,23.70000076293945
nam,2016,22.39999961853027
nam,2017,21.29999923706055
nam,2018,20.10000038146973
nam,2019,18.29999923706055
nam,2020,15.39999961853027
nam,2021,12.10000038146973
nam,2022,9.399999618530272
nam,2023,7.599999904632568
ner,2000,93.3000030517578
ner,2001,92.90000152587892
ner,2002,92.5
ner,2003,91.90000152587892
ner,2004,90.90000152587892
ner,2005,90.09999847412108
ner,2006,89.5
ner,2007,89.19999694824219
ner,2008,88.80000305175781
ner,2009,88.19999694824219
ner,2010,87.0999984741211
ner,2011,85.69999694824219
ner,2012,85.0
ner,2013,84.9000015258789
ner,2014,85.4000015258789
ner,2015,85.69999694824219
ner,2016,85.5
ner,2017,84.80000305175781
ner,2018,83.69999694824219
ner,2019,82.0999984741211
ner,2020,80.80000305175781
ner,2021,80.4000015258789
ner,2022,81.30000305175781
ner,2023,82.5
nga,2000,35.90000152587891
nga,2001,34.09999847412109
nga,2002,32.59999847412109
nga,2003,30.79999923706055
nga,2004,28.79999923706055
nga,2005,27.10000038146973
nga,2006,26.20000076293945
nga,2007,26.0
nga,2008,26.60000038146973
nga,2009,27.10000038146973
nga,2010,28.5
nga,2011,29.70000076293945
nga,2012,31.70000076293945
nga,2013,33.90000152587891
nga,2014,36.0
nga,2015,37.40000152587891
nga,2016,37.70000076293945
nga,2017,38.20000076293945
nga,2018,38.40000152587891
nga,2019,37.90000152587891
nga,2020,36.70000076293945
nga,2021,36.20000076293945
nga,2022,36.09999847412109
nga,2023,36.20000076293945
nic,2000,50.79999923706055
nic,2001,55.09999847412109
nic,2002,59.20000076293945
nic,2003,61.20000076293945
nic,2004,61.79999923706055
nic,2005,61.0
nic,2006,43.70000076293945
nic,2007,42.29999923706055
nic,2008,39.59999847412109
nic,2009,35.79999923706055
nic,2010,33.09999847412109
nic,2011,31.60000038146973
nic,2012,30.89999961853027
nic,2013,29.20000076293945
nic,2014,26.60000038146973
nic,2015,24.29999923706055
nic,2016,23.60000038146973
nic,2017,25.0
nic,2018,27.79999923706055
nic,2019,31.60000038146973
nic,2020,35.0
nic,2021,38.20000076293945
nic,2022,39.79999923706055
nic,2023,40.0
niu,2000,34.29999923706055
niu,2001,34.29999923706055
niu,2002,32.59999847412109
niu,2003,32.40000152587891
niu,2004,30.5
niu,2005,28.79999923706055
niu,2006,27.70000076293945
niu,2007,27.5
niu,2008,27.29999923706055
niu,2009,26.10000038146973
niu,2010,25.0
niu,2011,24.10000038146973
niu,2012,24.0
niu,2013,23.20000076293945
niu,2014,21.10000038146973
niu,2015,17.70000076293945
niu,2016,14.39999961853027
niu,2017,11.80000019073486
niu,2018,9.100000381469728
niu,2019,6.599999904632568
niu,2020,4.699999809265137
niu,2021,3.299999952316284
niu,2022,2.700000047683716
niu,2023,3.200000047683716
nld,2000,10.0
nld,2001,9.5
nld,2002,8.800000190734863
nld,2003,7.800000190734863
nld,2004,6.400000095367432
nld,2005,5.300000190734863
nld,2006,4.599999904632568
nld,2007,4.099999904632568
nld,2008,3.599999904632568
nld,2009,3.099999904632568
nld,2010,2.599999904632568
nld,2011,2.200000047683716
nld,2012,1.899999976158142
nld,2013,1.700000047683716
nld,2014,1.600000023841858
nld,2015,1.5
nld,2016,1.399999976158142
nld,2017,1.399999976158142
nld,2018,1.5
nld,2019,1.600000023841858
nld,2020,1.799999952316284
nld,2021,1.899999976158142
nld,2022,2.0
nld,2023,1.799999952316284
nor,2000,10.30000019073486
nor,2001,10.19999980926514
nor,2002,10.10000038146973
nor,2003,10.0
nor,2004,9.800000190734863
nor,2005,9.399999618530272
nor,2006,8.899999618530273
nor,2007,8.600000381469727
nor,2008,8.5
nor,2009,8.600000381469727
nor,2010,8.5
nor,2011,8.199999809265137
nor,2012,7.800000190734863
nor,2013,7.5
nor,2014,7.300000190734863
nor,2015,7.300000190734863
nor,2016,7.300000190734863
nor,2017,7.199999809265137
nor,2018,7.0
nor,2019,6.5
nor,2020,6.099999904632568
nor,2021,5.800000190734863
nor,2022,5.699999809265137
nor,2023,5.699999809265137
npl,2000,61.5
npl,2001,60.70000076293945
npl,2002,59.79999923706055
npl,2003,49.59999847412109
npl,2004,49.20000076293945
npl,2005,49.90000152587891
npl,2006,49.40000152587891
npl,2007,47.29999923706055
npl,2008,45.29999923706055
npl,2009,44.59999847412109
npl,2010,44.70000076293945
npl,2011,45.70000076293945
npl,2012,45.09999847412109
npl,2013,41.59999847412109
npl,2014,37.90000152587891
npl,2015,34.59999847412109
npl,2016,32.20000076293945
npl,2017,31.0
npl,2018,30.79999923706055
npl,2019,31.29999923706055
npl,2020,32.5
npl,2021,33.90000152587891
npl,2022,34.5
npl,2023,32.40000152587891
nru,2000,38.40000152587891
nru,2001,38.20000076293945
nru,2002,38.0
nru,2003,37.40000152587891
nru,2004,37.0
nru,2005,37.70000076293945
nru,2006,37.79999923706055
nru,2007,37.79999923706055
nru,2008,38.0
nru,2009,37.90000152587891
nru,2010,38.0
nru,2011,37.09999847412109
nru,2012,37.20000076293945
nru,2013,38.70000076293945
nru,2014,41.0
nru,2015,42.29999923706055
nru,2016,43.40000152587891
nru,2017,42.20000076293945
nru,2018,38.0
nru,2019,36.5
nru,2020,40.59999847412109
nru,2021,40.90000152587891
nru,2022,36.20000076293945
nru,2023,31.39999961853027
nzl,2000,21.60000038146973
nzl,2001,20.79999923706055
nzl,2002,19.29999923706055
nzl,2003,17.10000038146973
nzl,2004,14.5
nzl,2005,12.19999980926514
nzl,2006,10.60000038146973
nzl,2007,9.399999618530272
nzl,2008,8.600000381469727
nzl,2009,7.900000095367432
nzl,2010,7.199999809265137
nzl,2011,6.800000190734863
nzl,2012,6.5
nzl,2013,6.400000095367432
nzl,2014,6.5
nzl,2015,6.599999904632568
nzl,2016,6.699999809265137
nzl,2017,6.800000190734863
nzl,2018,6.699999809265137
nzl,2019,6.5
nzl,2020,6.099999904632568
nzl,2021,5.699999809265137
nzl,2022,5.199999809265137
nzl,2023,4.800000190734863
omn,2000,31.20000076293945
omn,2001,29.89999961853027
omn,2002,29.0
omn,2003,28.39999961853027
omn,2004,28.0
omn,2005,27.70000076293945
omn,2006,27.0
omn,2007,25.79999923706055
omn,2008,22.70000076293945
omn,2009,18.29999923706055
omn,2010,13.5
omn,2011,10.5
omn,2012,9.300000190734863
omn,2013,9.300000190734863
omn,2014,10.19999980926514
omn,2015,10.89999961853027
omn,2016,11.0
omn,2017,10.80000019073486
omn,2018,14.10000038146973
omn,2019,18.20000076293945
omn,2020,23.10000038146973
omn,2021,25.60000038146973
omn,2022,26.39999961853027
omn,2023,26.60000038146973
pak,2000,41.90000152587891
pak,2001,41.09999847412109
pak,2002,40.40000152587891
pak,2003,39.70000076293945
pak,2004,39.20000076293945
pak,2005,38.29999923706055
pak,2006,37.20000076293945
pak,2007,36.5
pak,2008,36.20000076293945
pak,2009,36.29999923706055
pak,2010,36.20000076293945
pak,2011,35.90000152587891
pak,2012,35.90000152587891
pak,2013,36.0
pak,2014,36.59999847412109
pak,2015,37.5
pak,2016,37.90000152587891
pak,2017,38.20000076293945
pak,2018,37.90000152587891
pak,2019,37.79999923706055
pak,2020,37.29999923706055
pak,2021,36.29999923706055
pak,2022,34.5
pak,2023,31.89999961853027
pan,2000,29.5
pan,2001,27.0
pan,2002,26.60000038146973
pan,2003,28.60000038146973
pan,2004,31.60000038146973
pan,2005,34.5
pan,2006,38.0
pan,2007,42.0
pan,2008,43.90000152587891
pan,2009,43.40000152587891
pan,2010,40.09999847412109
pan,2011,35.70000076293945
pan,2012,31.79999923706055
pan,2013,30.5
pan,2014,31.5
pan,2015,32.59999847412109
pan,2016,32.90000152587891
pan,2017,33.20000076293945
pan,2018,33.40000152587891
pan,2019,32.90000152587891
pan,2020,32.09999847412109
pan,2021,31.5
pan,2022,30.60000038146973
pan,2023,29.0
per,2000,19.0
per,2001,20.10000038146973
per,2002,21.29999923706055
per,2003,22.20000076293945
per,2004,23.60000038146973
per,2005,24.89999961853027
per,2006,23.70000076293945
per,2007,20.5
per,2008,17.60000038146973
per,2009,15.39999961853027
per,2010,13.5
per,2011,12.19999980926514
per,2012,11.89999961853027
per,2013,12.5
per,2014,13.19999980926514
per,2015,13.39999961853027
per,2016,13.39999961853027
per,2017,13.19999980926514
per,2018,12.69999980926514
per,2019,12.30000019073486
per,2020,12.19999980926514
per,2021,12.60000038146973
per,2022,12.89999961853027
per,2023,11.89999961853027
phl,2000,29.70000076293945
phl,2001,32.20000076293945
phl,2002,37.70000076293945
phl,2003,41.5
phl,2004,42.0
phl,2005,40.70000076293945
phl,2006,37.70000076293945
phl,2007,35.29999923706055
phl,2008,32.70000076293945
phl,2009,31.70000076293945
phl,2010,26.20000076293945
phl,2011,24.89999961853027
phl,2012,27.20000076293945
phl,2013,28.39999961853027
phl,2014,28.29999923706055
phl,2015,27.70000076293945
phl,2016,25.5
phl,2017,31.29999923706055
phl,2018,34.0
phl,2019,31.79999923706055
phl,2020,29.29999923706055
phl,2021,28.5
phl,2022,28.70000076293945
phl,2023,28.20000076293945
plw,2000,29.10000038146973
plw,2001,28.0
plw,2002,26.70000076293945
plw,2003,25.29999923706055
plw,2004,24.29999923706055
plw,2005,22.89999961853027
plw,2006,21.79999923706055
plw,2007,21.10000038146973
plw,2008,20.0
plw,2009,18.5
plw,2010,17.29999923706055
plw,2011,16.20000076293945
plw,2012,15.69999980926514
plw,2013,15.80000019073486
plw,2014,16.70000076293945
plw,2015,17.10000038146973
plw,2016,16.20000076293945
plw,2017,13.89999961853027
plw,2018,11.0
plw,2019,8.100000381469727
plw,2020,6.5
plw,2021,5.800000190734863
plw,2022,5.5
plw,2023,5.099999904632568
png,2000,28.0
png,2001,27.5
png,2002,27.20000076293945
png,2003,27.10000038146973
png,2004,27.10000038146973
png,2005,28.29999923706055
png,2006,29.79999923706055
png,2007,31.70000076293945
png,2008,34.0
png,2009,34.79999923706055
png,2010,35.0
png,2011,34.29999923706055
png,2012,33.20000076293945
png,2013,32.40000152587891
png,2014,32.09999847412109
png,2015,32.29999923706055
png,2016,39.70000076293945
png,2017,39.79999923706055
png,2018,40.5
png,2019,41.40000152587891
png,2020,43.70000076293945
png,2021,44.5
png,2022,48.90000152587891
png,2023,52.79999923706055
pol,2000,9.899999618530272
pol,2001,10.30000019073486
pol,2002,12.60000038146973
pol,2003,12.89999961853027
pol,2004,12.10000038146973
pol,2005,9.899999618530272
pol,2006,8.600000381469727
pol,2007,8.300000190734863
pol,2008,8.300000190734863
pol,2009,8.199999809265137
pol,2010,7.800000190734863
pol,2011,7.199999809265137
pol,2012,6.5
pol,2013,5.699999809265137
pol,2014,4.900000095367432
pol,2015,4.300000190734863
pol,2016,3.900000095367432
pol,2017,3.599999904632568
pol,2018,3.400000095367432
pol,2019,3.099999904632568
pol,2020,2.700000047683716
pol,2021,2.200000047683716
pol,2022,1.899999976158142
pol,2023,1.600000023841858
prt,2000,19.10000038146973
prt,2001,19.89999961853027
prt,2002,21.10000038146973
prt,2003,22.29999923706055
prt,2004,22.79999923706055
prt,2005,21.70000076293945
prt,2006,18.29999923706055
prt,2007,14.19999980926514
prt,2008,11.19999980926514
prt,2009,9.5
prt,2010,8.699999809265137
prt,2011,7.699999809265137
prt,2012,6.099999904632568
prt,2013,4.199999809265137
prt,2014,2.599999904632568
prt,2015,1.700000047683716
prt,2016,1.200000047683716
prt,2017,0.800000011920929
prt,2018,0.6000000238418579
prt,2019,0.4000000059604645
prt,2020,0.300000011920929
prt,2021,0.2000000029802322
prt,2022,0.2000000029802322
prt,2023,0.2000000029802322
pry,2000,30.10000038146973
pry,2001,31.29999923706055
pry,2002,33.09999847412109
pry,2003,35.20000076293945
pry,2004,36.79999923706055
pry,2005,37.5
pry,2006,37.0
pry,2007,35.90000152587891
pry,2008,34.90000152587891
pry,2009,33.90000152587891
pry,2010,32.29999923706055
pry,2011,30.10000038146973
pry,2012,28.10000038146973
pry,2013,26.79999923706055
pry,2014,25.70000076293945
pry,2015,24.89999961853027
pry,2016,24.29999923706055
pry,2017,24.5
pry,2018,24.89999961853027
pry,2019,24.5
pry,2020,23.89999961853027
pry,2021,24.60000038146973
pry,2022,26.5
pry,2023,29.39999961853027
pse,2000,48.59999847412109
pse,2001,48.09999847412109
pse,2002,47.29999923706055
pse,2003,45.09999847412109
pse,2004,41.5
pse,2005,37.90000152587891
pse,2006,35.70000076293945
pse,2007,34.40000152587891
pse,2008,32.59999847412109
pse,2009,30.29999923706055
pse,2010,28.5
pse,2011,28.0
pse,2012,29.89999961853027
pse,2013,33.0
pse,2014,36.40000152587891
pse,2015,38.90000152587891
pse,2016,39.79999923706055
pse,2017,39.20000076293945
pse,2018,31.20000076293945
pse,2019,30.20000076293945
pse,2020,29.10000038146973
pse,2021,28.0
pse,2022,27.39999961853027
pse,2023,27.0
qat,2000,31.0
qat,2001,30.60000038146973
qat,2002,29.89999961853027
qat,2003,29.0
qat,2004,27.5
qat,2005,25.0
qat,2006,22.79999923706055
qat,2007,21.39999961853027
qat,2008,21.20000076293945
qat,2009,21.60000038146973
qat,2010,21.5
qat,2011,20.29999923706055
qat,2012,18.79999923706055
qat,2013,17.39999961853027
qat,2014,15.80000019073486
qat,2015,15.0
qat,2016,15.30000019073486
qat,2017,15.0
qat,2018,13.80000019073486
qat,2019,12.89999961853027
qat,2020,13.5
qat,2021,14.89999961853027
qat,2022,16.79999923706055
qat,2023,18.60000038146973
rou,2000,32.70000076293945
rou,2001,30.20000076293945
rou,2002,28.5
rou,2003,27.10000038146973
rou,2004,25.60000038146973
rou,2005,24.10000038146973
rou,2006,23.39999961853027
rou,2007,23.29999923706055
rou,2008,23.20000076293945
rou,2009,23.39999961853027
rou,2010,22.5
rou,2011,20.10000038146973
rou,2012,18.29999923706055
rou,2013,17.89999961853027
rou,2014,18.29999923706055
rou,2015,19.20000076293945
rou,2016,20.89999961853027
rou,2017,21.70000076293945
rou,2018,22.20000076293945
rou,2019,22.89999961853027
rou,2020,23.70000076293945
rou,2021,24.79999923706055
rou,2022,26.20000076293945
rou,2023,27.29999923706055
rwa,2000,75.80000305175781
rwa,2001,73.5999984741211
rwa,2002,71.0
rwa,2003,68.30000305175781
rwa,2004,65.69999694824219
rwa,2005,63.29999923706055
rwa,2006,60.70000076293945
rwa,2007,58.0
rwa,2008,55.59999847412109
rwa,2009,53.90000152587891
rwa,2010,53.20000076293945
rwa,2011,53.70000076293945
rwa,2012,54.09999847412109
rwa,2013,53.79999923706055
rwa,2014,52.70000076293945
rwa,2015,50.90000152587891
rwa,2016,48.40000152587891
rwa,2017,46.0
rwa,2018,45.0
rwa,2019,45.29999923706055
rwa,2020,45.09999847412109
rwa,2021,43.79999923706055
rwa,2022,42.40000152587891
rwa,2023,41.20000076293945
sau,2000,46.40000152587891
sau,2001,45.5
sau,2002,43.79999923706055
sau,2003,41.90000152587891
sau,2004,39.59999847412109
sau,2005,37.5
sau,2006,35.5
sau,2007,34.40000152587891
sau,2008,33.59999847412109
sau,2009,32.20000076293945
sau,2010,28.5
sau,2011,23.10000038146973
sau,2012,16.60000038146973
sau,2013,10.80000019073486
sau,2014,7.0
sau,2015,5.300000190734863
sau,2016,4.300000190734863
sau,2017,3.200000047683716
sau,2018,2.5
sau,2019,2.0
sau,2020,1.600000023841858
sau,2021,1.299999952316284
sau,2022,1.0
sau,2023,0.800000011920929
sdn,2000,82.69999694824219
sdn,2001,81.5
sdn,2002,79.5999984741211
sdn,2003,77.30000305175781
sdn,2004,73.5999984741211
sdn,2005,68.5999984741211
sdn,2006,63.09999847412109
sdn,2007,58.5
sdn,2008,54.90000152587891
sdn,2009,53.70000076293945
sdn,2010,53.90000152587891
sdn,2011,53.90000152587891
sdn,2012,52.59999847412109
sdn,2013,50.09999847412109
sdn,2014,47.79999923706055
sdn,2015,46.59999847412109
sdn,2016,46.29999923706055
sdn,2017,46.29999923706055
sdn,2018,46.79999923706055
sdn,2019,47.90000152587891
sdn,2020,54.59999847412109
sdn,2021,54.0
sdn,2022,51.59999847412109
sdn,2023,49.09999847412109
sen,2000,73.4000015258789
sen,2001,73.19999694824219
sen,2002,73.4000015258789
sen,2003,73.69999694824219
sen,2004,71.0999984741211
sen,2005,71.0999984741211
sen,2006,70.80000305175781
sen,2007,70.19999694824219
sen,2008,68.5
sen,2009,65.19999694824219
sen,2010,61.29999923706055
sen,2011,57.5
sen,2012,54.20000076293945
sen,2013,51.20000076293945
sen,2014,49.40000152587891
sen,2015,49.09999847412109
sen,2016,49.29999923706055
sen,2017,50.09999847412109
sen,2018,50.40000152587891
sen,2019,51.5
sen,2020,52.09999847412109
sen,2021,53.09999847412109
sen,2022,53.79999923706055
sen,2023,54.5
sgp,2000,0.0
sgp,2001,0.0
sgp,2002,0.0
sgp,2003,0.0
sgp,2004,0.0
sgp,2005,0.0
sgp,2006,0.0
sgp,2007,0.0
sgp,2008,0.0
sgp,2009,0.0
sgp,2010,0.0
sgp,2011,0.0
sgp,2012,0.0
sgp,2013,0.0
sgp,2014,0.0
sgp,2015,0.0
sgp,2016,0.0
sgp,2017,0.0
sgp,2018,0.0
sgp,2019,0.0
sgp,2020,0.0
sgp,2021,0.0
sgp,2022,0.0
sgp,2023,0.0
slb,2000,30.0
slb,2001,30.10000038146973
slb,2002,30.0
slb,2003,29.39999961853027
slb,2004,29.39999961853027
slb,2005,29.39999961853027
slb,2006,29.60000038146973
slb,2007,29.29999923706055
slb,2008,29.10000038146973
slb,2009,29.29999923706055
slb,2010,29.39999961853027
slb,2011,29.60000038146973
slb,2012,29.70000076293945
slb,2013,29.79999923706055
slb,2014,29.60000038146973
slb,2015,29.10000038146973
slb,2016,28.70000076293945
slb,2017,28.70000076293945
slb,2018,29.5
slb,2019,31.0
slb,2020,32.59999847412109
slb,2021,34.09999847412109
slb,2022,35.70000076293945
slb,2023,37.90000152587891
sle,2000,45.0
sle,2001,44.29999923706055
sle,2002,43.59999847412109
sle,2003,44.0
sle,2004,45.90000152587891
sle,2005,47.90000152587891
sle,2006,48.90000152587891
sle,2007,48.0
sle,2008,46.70000076293945
sle,2009,46.29999923706055
sle,2010,47.09999847412109
sle,2011,47.90000152587891
sle,2012,48.79999923706055
sle,2013,52.29999923706055
sle,2014,52.90000152587891
sle,2015,53.09999847412109
sle,2016,52.09999847412109
sle,2017,50.40000152587891
sle,2018,48.29999923706055
sle,2019,45.79999923706055
sle,2020,44.0
sle,2021,41.90000152587891
sle,2022,40.0
sle,2023,38.5
slv,2000,30.29999923706055
slv,2001,30.60000038146973
slv,2002,30.79999923706055
slv,2003,31.0
slv,2004,31.39999961853027
slv,2005,31.89999961853027
slv,2006,32.5
slv,2007,33.5
slv,2008,34.40000152587891
slv,2009,34.79999923706055
slv,2010,34.29999923706055
slv,2011,33.09999847412109
slv,2012,32.0
slv,2013,31.70000076293945
slv,2014,32.5
slv,2015,33.59999847412109
slv,2016,34.70000076293945
slv,2017,36.5
slv,2018,39.20000076293945
slv,2019,42.09999847412109
slv,2020,42.90000152587891
slv,2021,43.40000152587891
slv,2022,44.59999847412109
slv,2023,46.29999923706055
srb,2011,14.89999961853027
srb,2012,14.0
srb,2013,13.19999980926514
srb,2014,11.89999961853027
srb,2015,11.10000038146973
srb,2016,11.5
srb,2017,12.80000019073486
srb,2018,14.19999980926514
srb,2019,15.19999980926514
srb,2020,15.5
srb,2021,15.10000038146973
srb,2022,14.30000019073486
srb,2023,13.80000019073486
ssd,2000,61.59999847412109
ssd,2001,60.0
ssd,2002,58.09999847412109
ssd,2003,55.70000076293945
ssd,2004,53.20000076293945
ssd,2005,50.70000076293945
ssd,2006,48.70000076293945
ssd,2007,46.5
ssd,2008,44.79999923706055
ssd,2009,43.20000076293945
ssd,2010,42.40000152587891
ssd,2011,42.40000152587891
ssd,2012,43.20000076293945
ssd,2013,44.09999847412109
ssd,2014,44.5
ssd,2015,45.40000152587891
ssd,2016,46.79999923706055
ssd,2017,48.79999923706055
ssd,2018,50.40000152587891
ssd,2019,51.20000076293945
ssd,2020,50.79999923706055
ssd,2021,50.09999847412109
ssd,2022,49.79999923706055
ssd,2023,50.20000076293945
stp,2000,64.0
stp,2001,63.70000076293945
stp,2002,63.79999923706055
stp,2003,64.4000015258789
stp,2004,63.70000076293945
stp,2005,60.29999923706055
stp,2006,46.40000152587891
stp,2007,41.09999847412109
stp,2008,39.0
stp,2009,38.09999847412109
stp,2010,35.90000152587891
stp,2011,38.40000152587891
stp,2012,34.29999923706055
stp,2013,30.89999961853027
stp,2014,29.20000076293945
stp,2015,28.89999961853027
stp,2016,28.79999923706055
stp,2017,28.0
stp,2018,26.39999961853027
stp,2019,24.10000038146973
stp,2020,21.39999961853027
stp,2021,19.0
stp,2022,16.70000076293945
stp,2023,14.5
sur,2000,63.0
sur,2001,62.59999847412109
sur,2002,62.29999923706055
sur,2003,61.90000152587891
sur,2004,61.59999847412109
sur,2005,64.19999694824219
sur,2006,63.5
sur,2007,61.90000152587891
sur,2008,58.70000076293945
sur,2009,55.20000076293945
sur,2010,53.0
sur,2011,53.40000152587891
sur,2012,54.20000076293945
sur,2013,54.0
sur,2014,51.79999923706055
sur,2015,50.20000076293945
sur,2016,51.09999847412109
sur,2017,54.20000076293945
sur,2018,56.29999923706055
sur,2019,56.5
sur,2020,55.90000152587891
sur,2021,56.90000152587891
sur,2022,59.0
sur,2023,61.29999923706055
svk,2000,15.60000038146973
svk,2001,14.69999980926514
svk,2002,13.5
svk,2003,11.89999961853027
svk,2004,10.30000019073486
svk,2005,9.5
svk,2006,9.100000381469728
svk,2007,9.0
svk,2008,9.0
svk,2009,8.899999618530273
svk,2010,8.800000190734863
svk,2011,8.899999618530273
svk,2012,9.0
svk,2013,9.199999809265137
svk,2014,9.600000381469728
svk,2015,9.899999618530272
svk,2016,10.0
svk,2017,10.0
svk,2018,10.10000038146973
svk,2019,10.0
svk,2020,9.699999809265137
svk,2021,9.399999618530272
svk,2022,9.100000381469728
svk,2023,8.800000190734863
svn,2000,10.80000019073486
svn,2001,10.39999961853027
svn,2002,9.899999618530272
svn,2003,9.300000190734863
svn,2004,8.800000190734863
svn,2005,8.399999618530273
svn,2006,8.199999809265137
svn,2007,7.900000095367432
svn,2008,7.599999904632568
svn,2009,7.300000190734863
svn,2010,6.800000190734863
svn,2011,6.300000190734863
svn,2012,5.699999809265137
svn,2013,5.0
svn,2014,4.300000190734863
svn,2015,3.599999904632568
svn,2016,3.099999904632568
svn,2017,2.700000047683716
svn,2018,2.400000095367432
svn,2019,2.200000047683716
svn,2020,2.0
svn,2021,1.700000047683716
svn,2022,1.600000023841858
svn,2023,1.399999976158142
swe,2000,4.800000190734863
swe,2001,4.699999809265137
swe,2002,4.699999809265137
swe,2003,4.5
swe,2004,4.300000190734863
swe,2005,3.900000095367432
swe,2006,3.5
swe,2007,3.200000047683716
swe,2008,3.099999904632568
swe,2009,2.900000095367432
swe,2010,2.799999952316284
swe,2011,2.599999904632568
swe,2012,2.400000095367432
swe,2013,2.099999904632568
swe,2014,1.700000047683716
swe,2015,1.200000047683716
swe,2016,0.800000011920929
swe,2017,0.5
swe,2018,0.4000000059604645
swe,2019,0.5
swe,2020,0.699999988079071
swe,2021,0.8999999761581421
swe,2022,1.0
swe,2023,1.0
swz,2000,42.09999847412109
swz,2001,39.79999923706055
swz,2002,37.70000076293945
swz,2003,36.29999923706055
swz,2004,34.59999847412109
swz,2005,31.20000076293945
swz,2006,27.20000076293945
swz,2007,24.70000076293945
swz,2008,23.79999923706055
swz,2009,21.70000076293945
swz,2010,18.5
swz,2011,16.5
swz,2012,15.80000019073486
swz,2013,15.39999961853027
swz,2014,14.60000038146973
swz,2015,14.30000019073486
swz,2016,15.30000019073486
swz,2017,16.0
swz,2018,15.89999961853027
swz,2019,16.29999923706055
swz,2020,16.79999923706055
swz,2021,17.10000038146973
swz,2022,17.39999961853027
swz,2023,18.29999923706055
sxm,2000,0.2000000029802322
sxm,2001,0.2000000029802322
sxm,2002,0.2000000029802322
sxm,2003,0.2000000029802322
sxm,2004,0.2000000029802322
sxm,2005,0.2000000029802322
sxm,2006,0.2000000029802322
sxm,2007,0.2000000029802322
sxm,2008,0.1000000014901161
sxm,2009,0.1000000014901161
sxm,2010,0.1000000014901161
sxm,2011,0.1000000014901161
sxm,2012,0.1000000014901161
sxm,2013,0.1000000014901161
sxm,2014,0.1000000014901161
sxm,2015,0.1000000014901161
sxm,2016,0.1000000014901161
sxm,2017,0.1000000014901161
sxm,2018,0.1000000014901161
sxm,2019,0.1000000014901161
sxm,2020,0.1000000014901161
sxm,2021,0.2000000029802322
sxm,2022,0.2000000029802322
sxm,2023,0.2000000029802322
syc,2000,56.59999847412109
syc,2001,53.70000076293945
syc,2002,50.40000152587891
syc,2003,47.09999847412109
syc,2004,43.5
syc,2005,40.0
syc,2006,37.79999923706055
syc,2007,37.59999847412109
syc,2008,38.5
syc,2009,38.79999923706055
syc,2010,37.09999847412109
syc,2011,34.09999847412109
syc,2012,30.5
syc,2013,26.39999961853027
syc,2014,21.10000038146973
syc,2015,15.10000038146973
syc,2016,10.89999961853027
syc,2017,10.10000038146973
syc,2018,11.19999980926514
syc,2019,12.89999961853027
syc,2020,14.5
syc,2021,15.69999980926514
syc,2022,16.60000038146973
syc,2023,16.79999923706055
syr,2000,65.5
syr,2001,66.0999984741211
syr,2002,66.5999984741211
syr,2003,66.9000015258789
syr,2004,66.80000305175781
syr,2005,66.19999694824219
syr,2006,65.5999984741211
syr,2007,65.0999984741211
syr,2008,64.5
syr,2009,63.59999847412109
syr,2010,62.09999847412109
syr,2011,60.70000076293945
syr,2012,59.79999923706055
syr,2013,60.0
syr,2014,61.5
syr,2015,64.5
syr,2016,67.30000305175781
syr,2017,69.69999694824219
syr,2018,71.19999694824219
syr,2019,72.9000015258789
syr,2020,74.69999694824219
syr,2021,76.0
syr,2022,76.69999694824219
syr,2023,76.9000015258789
tcd,2000,69.4000015258789
tcd,2001,69.5
tcd,2002,69.19999694824219
tcd,2003,68.0
tcd,2004,65.80000305175781
tcd,2005,63.40000152587891
tcd,2006,60.5
tcd,2007,57.0
tcd,2008,52.90000152587891
tcd,2009,49.90000152587891
tcd,2010,49.09999847412109
tcd,2011,49.59999847412109
tcd,2012,49.90000152587891
tcd,2013,50.40000152587891
tcd,2014,51.29999923706055
tcd,2015,52.20000076293945
tcd,2016,53.20000076293945
tcd,2017,54.70000076293945
tcd,2018,56.70000076293945
tcd,2019,58.59999847412109
tcd,2020,60.79999923706055
tcd,2021,62.79999923706055
tcd,2022,64.5
tcd,2023,66.5
tgo,2000,53.40000152587891
tgo,2001,54.40000152587891
tgo,2002,55.90000152587891
tgo,2003,56.90000152587891
tgo,2004,56.70000076293945
tgo,2005,55.09999847412109
tgo,2006,52.29999923706055
tgo,2007,48.59999847412109
tgo,2008,45.0
tgo,2009,42.70000076293945
tgo,2010,41.79999923706055
tgo,2011,41.40000152587891
tgo,2012,40.70000076293945
tgo,2013,39.90000152587891
tgo,2014,39.29999923706055
tgo,2015,39.20000076293945
tgo,2016,39.70000076293945
tgo,2017,40.79999923706055
tgo,2018,43.20000076293945
tgo,2019,45.79999923706055
tgo,2020,47.40000152587891
tgo,2021,47.20000076293945
tgo,2022,46.09999847412109
tgo,2023,46.20000076293945
tha,2000,46.40000152587891
tha,2001,45.90000152587891
tha,2002,45.0
tha,2003,43.09999847412109
tha,2004,42.0
tha,2005,42.5
tha,2006,43.90000152587891
tha,2007,44.40000152587891
tha,2008,43.20000076293945
tha,2009,40.90000152587891
tha,2010,37.09999847412109
tha,2011,33.20000076293945
tha,2012,28.60000038146973
tha,2013,24.39999961853027
tha,2014,19.89999961853027
tha,2015,16.29999923706055
tha,2016,14.39999961853027
tha,2017,13.89999961853027
tha,2018,13.69999980926514
tha,2019,12.89999961853027
tha,2020,12.10000038146973
tha,2021,11.39999961853027
tha,2022,10.30000019073486
tha,2023,8.899999618530273
tjk,2000,21.20000076293945
tjk,2001,22.89999961853027
tjk,2002,25.70000076293945
tjk,2003,28.20000076293945
tjk,2004,29.5
tjk,2005,29.60000038146973
tjk,2006,29.0
tjk,2007,28.10000038146973
tjk,2008,27.5
tjk,2009,28.0
tjk,2010,27.29999923706055
tjk,2011,23.10000038146973
tjk,2012,18.70000076293945
tjk,2013,17.39999961853027
tjk,2014,17.0
tjk,2015,14.10000038146973
tjk,2016,9.699999809265137
tjk,2017,7.0
tjk,2018,6.900000095367432
tjk,2019,7.900000095367432
tjk,2020,9.5
tjk,2021,12.10000038146973
tjk,2022,12.69999980926514
tjk,2023,11.39999961853027
tkl,2000,54.90000152587891
tkl,2001,54.79999923706055
tkl,2002,53.40000152587891
tkl,2003,53.90000152587891
tkl,2004,53.70000076293945
tkl,2005,52.59999847412109
tkl,2006,52.5
tkl,2007,53.09999847412109
tkl,2008,54.29999923706055
tkl,2009,54.70000076293945
tkl,2010,54.79999923706055
tkl,2011,55.09999847412109
tkl,2012,54.70000076293945
tkl,2013,55.09999847412109
tkl,2014,56.0
tkl,2015,56.5
tkl,2016,57.20000076293945
tkl,2017,58.0
tkl,2018,57.79999923706055
tkl,2019,57.5
tkl,2020,56.79999923706055
tkl,2021,55.59999847412109
tkl,2022,55.40000152587891
tkl,2023,55.79999923706055
tls,2000,46.0
tls,2001,45.0
tls,2002,44.0
tls,2003,42.40000152587891
tls,2004,41.59999847412109
tls,2005,40.59999847412109
tls,2006,39.79999923706055
tls,2007,39.0
tls,2008,37.59999847412109
tls,2009,35.79999923706055
tls,2010,34.0
tls,2011,33.09999847412109
tls,2012,32.20000076293945
tls,2013,31.29999923706055
tls,2014,29.89999961853027
tls,2015,28.0
tls,2016,26.70000076293945
tls,2017,25.60000038146973
tls,2018,25.39999961853027
tls,2019,24.70000076293945
tls,2020,25.39999961853027
tls,2021,27.39999961853027
tls,2022,28.60000038146973
tls,2023,27.89999961853027
ton,2000,10.19999980926514
ton,2001,10.30000019073486
ton,2002,10.30000019073486
ton,2003,10.19999980926514
ton,2004,9.699999809265137
ton,2005,8.899999618530273
ton,2006,8.0
ton,2007,8.300000190734863
ton,2008,10.0
ton,2009,12.5
ton,2010,14.39999961853027
ton,2011,15.39999961853027
ton,2012,37.09999847412109
ton,2013,38.79999923706055
ton,2014,39.5
ton,2015,38.5
ton,2016,37.79999923706055
ton,2017,38.29999923706055
ton,2018,37.90000152587891
ton,2019,35.29999923706055
ton,2020,33.09999847412109
ton,2021,32.90000152587891
ton,2022,33.29999923706055
ton,2023,33.0
tto,2000,41.5
tto,2001,40.29999923706055
tto,2002,36.79999923706055
tto,2003,33.09999847412109
tto,2004,30.89999961853027
tto,2005,29.89999961853027
tto,2006,28.39999961853027
tto,2007,26.0
tto,2008,24.5
tto,2009,25.5
tto,2010,27.5
tto,2011,27.70000076293945
tto,2012,26.79999923706055
tto,2013,26.39999961853027
tto,2014,26.79999923706055
tto,2015,27.39999961853027
tto,2016,27.5
tto,2017,27.29999923706055
tto,2018,27.5
tto,2019,28.10000038146973
tto,2020,29.70000076293945
tto,2021,31.70000076293945
tto,2022,31.89999961853027
tto,2023,30.60000038146973
tun,2000,41.40000152587891
tun,2001,41.5
tun,2002,41.29999923706055
tun,2003,41.20000076293945
tun,2004,41.40000152587891
tun,2005,41.90000152587891
tun,2006,42.40000152587891
tun,2007,42.40000152587891
tun,2008,41.59999847412109
tun,2009,40.29999923706055
tun,2010,39.40000152587891
tun,2011,39.20000076293945
tun,2012,39.59999847412109
tun,2013,40.20000076293945
tun,2014,40.40000152587891
tun,2015,39.79999923706055
tun,2016,38.79999923706055
tun,2017,38.09999847412109
tun,2018,37.09999847412109
tun,2019,35.79999923706055
tun,2020,34.09999847412109
tun,2021,32.09999847412109
tun,2022,30.0
tun,2023,28.79999923706055
tur,2000,15.0
tur,2001,14.89999961853027
tur,2002,14.89999961853027
tur,2003,14.89999961853027
tur,2004,15.80000019073486
tur,2005,17.20000076293945
tur,2006,19.39999961853027
tur,2007,21.5
tur,2008,21.79999923706055
tur,2009,24.60000038146973
tur,2010,22.60000038146973
tur,2011,20.0
tur,2012,17.5
tur,2013,15.30000019073486
tur,2014,13.30000019073486
tur,2015,11.10000038146973
tur,2016,9.100000381469728
tur,2017,7.800000190734863
tur,2018,6.699999809265137
tur,2019,5.5
tur,2020,4.400000095367432
tur,2021,3.400000095367432
tur,2022,2.799999952316284
tur,2023,2.5
tza,2000,87.69999694824219
tza,2001,87.0
tza,2002,86.19999694824219
tza,2003,85.0
tza,2004,83.5999984741211
tza,2005,82.19999694824219
tza,2006,81.0999984741211
tza,2007,80.4000015258789
tza,2008,79.4000015258789
tza,2009,77.5
tza,2010,75.5
tza,2011,74.69999694824219
tza,2012,74.0999984741211
tza,2013,73.30000305175781
tza,2014,73.9000015258789
tza,2015,76.0
tza,2016,78.0999984741211
tza,2017,79.69999694824219
tza,2018,80.30000305175781
tza,2019,79.69999694824219
tza,2020,79.9000015258789
tza,2021,80.0
tza,2022,78.80000305175781
tza,2023,76.69999694824219
uga,2000,65.80000305175781
uga,2001,62.5
uga,2002,61.5
uga,2003,63.5
uga,2004,66.5999984741211
uga,2005,67.80000305175781
uga,2006,67.5
uga,2007,67.0999984741211
uga,2008,65.69999694824219
uga,2009,63.29999923706055
uga,2010,61.09999847412109
uga,2011,59.59999847412109
uga,2012,58.20000076293945
uga,2013,56.5
uga,2014,56.29999923706055
uga,2015,59.90000152587891
uga,2016,64.19999694824219
uga,2017,66.80000305175781
uga,2018,66.80000305175781
uga,2019,66.0
uga,2020,66.80000305175781
uga,2021,69.0
uga,2022,71.0
uga,2023,71.0999984741211
ukr,2000,15.80000019073486
ukr,2001,13.89999961853027
ukr,2002,10.69999980926514
ukr,2003,8.300000190734863
ukr,2004,7.900000095367432
ukr,2005,8.0
ukr,2006,7.599999904632568
ukr,2007,6.900000095367432
ukr,2008,5.900000095367432
ukr,2009,5.400000095367432
ukr,2010,5.800000190734863
ukr,2011,5.699999809265137
ukr,2012,5.099999904632568
ukr,2013,4.5
ukr,2014,4.300000190734863
ukr,2015,4.5
ukr,2016,4.5
ukr,2017,4.0
ukr,2018,3.5
ukr,2019,3.299999952316284
ukr,2020,3.400000095367432
ukr,2021,3.599999904632568
ukr,2022,3.700000047683716
ukr,2023,3.599999904632568
ury,2000,18.60000038146973
ury,2001,19.60000038146973
ury,2002,21.29999923706055
ury,2003,23.0
ury,2004,24.29999923706055
ury,2005,25.60000038146973
ury,2006,27.5
ury,2007,29.5
ury,2008,30.10000038146973
ury,2009,29.10000038146973
ury,2010,28.29999923706055
ury,2011,28.70000076293945
ury,2012,29.0
ury,2013,28.20000076293945
ury,2014,26.0
ury,2015,23.60000038146973
ury,2016,21.70000076293945
ury,2017,19.70000076293945
ury,2018,17.89999961853027
ury,2019,16.20000076293945
ury,2020,14.30000019073486
ury,2021,12.60000038146973
ury,2022,11.10000038146973
ury,2023,9.800000190734863
usa,2000,7.699999809265137
usa,2001,8.899999618530273
usa,2002,10.19999980926514
usa,2003,10.19999980926514
usa,2004,8.899999618530273
usa,2005,8.100000381469727
usa,2006,8.399999618530273
usa,2007,9.0
usa,2008,9.0
usa,2009,8.399999618530273
usa,2010,7.699999809265137
usa,2011,7.599999904632568
usa,2012,7.599999904632568
usa,2013,7.300000190734863
usa,2014,6.900000095367432
usa,2015,6.400000095367432
usa,2016,6.199999809265137
usa,2017,5.900000095367432
usa,2018,5.400000095367432
usa,2019,4.900000095367432
usa,2020,4.699999809265137
usa,2021,4.800000190734863
usa,2022,4.900000095367432
usa,2023,4.900000095367432
uzb,2000,20.5
uzb,2001,19.79999923706055
uzb,2002,19.70000076293945
uzb,2003,19.70000076293945
uzb,2004,20.10000038146973
uzb,2005,27.89999961853027
uzb,2006,28.20000076293945
uzb,2007,27.39999961853027
uzb,2008,25.79999923706055
uzb,2009,23.89999961853027
uzb,2010,21.39999961853027
uzb,2011,18.5
uzb,2012,15.69999980926514
uzb,2013,14.30000019073486
uzb,2014,14.60000038146973
uzb,2015,15.30000019073486
uzb,2016,15.60000038146973
uzb,2017,16.89999961853027
uzb,2018,20.79999923706055
uzb,2019,26.70000076293945
uzb,2020,30.29999923706055
uzb,2021,28.79999923706055
uzb,2022,23.70000076293945
uzb,2023,18.79999923706055
vct,2000,42.59999847412109
vct,2001,41.90000152587891
vct,2002,40.5
vct,2003,38.5
vct,2004,36.09999847412109
vct,2005,32.20000076293945
vct,2006,26.0
vct,2007,20.60000038146973
vct,2008,17.70000076293945
vct,2009,16.60000038146973
vct,2010,16.0
vct,2011,15.89999961853027
vct,2012,16.5
vct,2013,18.0
vct,2014,19.79999923706055
vct,2015,21.29999923706055
vct,2016,20.20000076293945
vct,2017,15.39999961853027
vct,2018,9.300000190734863
vct,2019,4.599999904632568
vct,2020,2.099999904632568
vct,2021,1.0
vct,2022,0.5
vct,2023,0.1000000014901161
ven,2000,41.29999923706055
ven,2001,42.29999923706055
ven,2002,43.90000152587891
ven,2003,44.29999923706055
ven,2004,43.09999847412109
ven,2005,41.79999923706055
ven,2006,40.5
ven,2007,38.70000076293945
ven,2008,36.40000152587891
ven,2009,33.40000152587891
ven,2010,31.39999961853027
ven,2011,30.39999961853027
ven,2012,29.89999961853027
ven,2013,30.70000076293945
ven,2014,31.79999923706055
ven,2015,32.0
ven,2016,31.60000038146973
ven,2017,32.0
ven,2018,31.79999923706055
ven,2019,29.60000038146973
ven,2020,27.20000076293945
ven,2021,25.70000076293945
ven,2022,24.5
ven,2023,21.60000038146973
vgb,2000,37.29999923706055
vgb,2001,36.79999923706055
vgb,2002,35.79999923706055
vgb,2003,34.59999847412109
vgb,2004,33.29999923706055
vgb,2005,31.10000038146973
vgb,2006,26.70000076293945
vgb,2007,20.10000038146973
vgb,2008,14.19999980926514
vgb,2009,10.89999961853027
vgb,2010,10.19999980926514
vgb,2011,11.89999961853027
vgb,2012,15.19999980926514
vgb,2013,17.0
vgb,2014,14.69999980926514
vgb,2015,11.5
vgb,2016,10.10000038146973
vgb,2017,10.30000019073486
vgb,2018,13.60000038146973
vgb,2019,18.29999923706055
vgb,2020,21.39999961853027
vgb,2021,25.60000038146973
vgb,2022,31.70000076293945
vgb,2023,36.90000152587891
vnm,2000,57.40000152587891
vnm,2001,56.20000076293945
vnm,2002,54.0
vnm,2003,50.70000076293945
vnm,2004,46.90000152587891
vnm,2005,43.20000076293945
vnm,2006,40.59999847412109
vnm,2007,39.90000152587891
vnm,2008,40.70000076293945
vnm,2009,42.09999847412109
vnm,2010,43.20000076293945
vnm,2011,43.59999847412109
vnm,2012,42.79999923706055
vnm,2013,41.5
vnm,2014,40.09999847412109
vnm,2015,39.09999847412109
vnm,2016,37.09999847412109
vnm,2017,34.90000152587891
vnm,2018,33.20000076293945
vnm,2019,32.59999847412109
vnm,2020,32.5
vnm,2021,32.29999923706055
vnm,2022,31.10000038146973
vnm,2023,28.60000038146973
vut,2000,79.5999984741211
vut,2001,79.0999984741211
vut,2002,78.0
vut,2003,76.9000015258789
vut,2004,75.5999984741211
vut,2005,74.19999694824219
vut,2006,72.30000305175781
vut,2007,70.0
vut,2008,66.80000305175781
vut,2009,62.29999923706055
vut,2010,57.0
vut,2011,51.29999923706055
vut,2012,46.70000076293945
vut,2013,42.90000152587891
vut,2014,39.09999847412109
vut,2015,35.09999847412109
vut,2016,32.40000152587891
vut,2017,32.09999847412109
vut,2018,34.40000152587891
vut,2019,37.20000076293945
vut,2020,38.90000152587891
vut,2021,38.70000076293945
vut,2022,37.40000152587891
vut,2023,35.40000152587891
wsm,2000,27.79999923706055
wsm,2001,27.5
wsm,2002,27.29999923706055
wsm,2003,27.29999923706055
wsm,2004,26.70000076293945
wsm,2005,26.39999961853027
wsm,2006,25.89999961853027
wsm,2007,25.5
wsm,2008,25.10000038146973
wsm,2009,24.60000038146973
wsm,2010,23.89999961853027
wsm,2011,23.29999923706055
wsm,2012,22.39999961853027
wsm,2013,21.29999923706055
wsm,2014,20.39999961853027
wsm,2015,19.70000076293945
wsm,2016,19.39999961853027
wsm,2017,19.29999923706055
wsm,2018,19.10000038146973
wsm,2019,18.5
wsm,2020,18.10000038146973
wsm,2021,17.60000038146973
wsm,2022,17.0
wsm,2023,16.29999923706055
yem,2000,47.90000152587891
yem,2001,47.79999923706055
yem,2002,47.59999847412109
yem,2003,47.59999847412109
yem,2004,47.29999923706055
yem,2005,47.29999923706055
yem,2006,48.40000152587891
yem,2007,51.0
yem,2008,54.29999923706055
yem,2009,56.09999847412109
yem,2010,56.20000076293945
yem,2011,55.0
yem,2012,53.70000076293945
yem,2013,53.0
yem,2014,53.70000076293945
yem,2015,54.70000076293945
yem,2016,54.70000076293945
yem,2017,54.29999923706055
yem,2018,53.09999847412109
yem,2019,52.40000152587891
yem,2020,51.40000152587891
yem,2021,50.70000076293945
yem,2022,50.70000076293945
yem,2023,50.5
zaf,2000,32.79999923706055
zaf,2001,33.40000152587891
zaf,2002,34.0
zaf,2003,34.0
zaf,2004,33.70000076293945
zaf,2005,33.59999847412109
zaf,2006,33.90000152587891
zaf,2007,33.40000152587891
zaf,2008,32.0
zaf,2009,30.10000038146973
zaf,2010,29.20000076293945
zaf,2011,29.29999923706055
zaf,2012,29.70000076293945
zaf,2013,29.39999961853027
zaf,2014,29.70000076293945
zaf,2015,30.20000076293945
zaf,2016,30.39999961853027
zaf,2017,29.10000038146973
zaf,2018,28.20000076293945
zaf,2019,28.10000038146973
zaf,2020,27.5
zaf,2021,26.0
zaf,2022,24.20000076293945
zaf,2023,22.89999961853027
zmb,2000,39.70000076293945
zmb,2001,39.5
zmb,2002,39.09999847412109
zmb,2003,38.5
zmb,2004,38.79999923706055
zmb,2005,38.5
zmb,2006,36.29999923706055
zmb,2007,32.59999847412109
zmb,2008,28.79999923706055
zmb,2009,26.39999961853027
zmb,2010,25.29999923706055
zmb,2011,25.0
zmb,2012,24.60000038146973
zmb,2013,24.60000038146973
zmb,2014,25.70000076293945
zmb,2015,28.60000038146973
zmb,2016,32.5
zmb,2017,36.0
zmb,2018,38.5
zmb,2019,40.0
zmb,2020,41.29999923706055
zmb,2021,43.0
zmb,2022,45.0
zmb,2023,45.70000076293945
zwe,2000,58.59999847412109
zwe,2001,57.70000076293945
zwe,2002,56.90000152587891
zwe,2003,56.09999847412109
zwe,2004,54.90000152587891
zwe,2005,53.09999847412109
zwe,2006,51.79999923706055
zwe,2007,50.79999923706055
zwe,2008,49.59999847412109
zwe,2009,48.29999923706055
zwe,2010,47.20000076293945
zwe,2011,46.5
zwe,2012,46.59999847412109
zwe,2013,46.5
zwe,2014,45.90000152587891
zwe,2015,57.79999923706055
zwe,2016,56.0
zwe,2017,56.0
zwe,2018,58.59999847412109
zwe,2019,60.40000152587891
zwe,2020,59.40000152587891
zwe,2021,48.40000152587891
zwe,2022,47.0
zwe,2023,44.5
