country,year,ictskillchangpriv_ag75orover
bgd,2021,0.0605599991977215
dnk,2020,7.674630165100098
mac,2021,2.061860084533691
mex,2017,0.1396200060844421
mex,2018,0.3075900077819824
ukr,2021,0.0060499999672174
zwe,2020,0.6111699938774109
