country,year,ger_5t8_f
abw,1999,28.34301948547363
abw,2000,34.11764907836914
abw,2001,35.7764892578125
abw,2002,35.26393127441406
abw,2003,35.56829833984375
abw,2004,35.11294174194336
abw,2005,40.87662124633789
abw,2006,39.4564208984375
abw,2007,41.27888870239258
abw,2008,41.55221939086914
abw,2009,40.58935165405273
abw,2010,41.83929824829102
abw,2011,44.73522186279297
abw,2012,45.66717147827148
abw,2013,23.47209930419922
abw,2014,25.0074291229248
abw,2015,23.39300918579102
abw,2016,23.39657020568848
afg,1970,0.2259500026702881
afg,1972,0.2574200034141541
afg,1973,0.3451699912548065
afg,1974,0.2859599888324738
afg,1975,0.3129099905490875
afg,1976,0.3539899885654449
afg,1977,0.5828499794006348
afg,1978,0.6791899800300598
afg,1979,0.5919299721717834
afg,1986,0.6076099872589111
afg,1990,1.35643994808197
afg,2003,0.571370005607605
afg,2004,0.5781599879264832
afg,2009,1.4480299949646
afg,2011,1.825289964675903
afg,2014,3.496299982070923
afg,2018,5.020659923553467
afg,2020,5.936540126800537
ago,1990,0.1929699927568436
ago,1998,0.5008599758148193
ago,1999,0.4299800097942352
ago,2002,0.6208400130271912
ago,2011,3.512010097503662
ago,2013,8.240139961242676
ago,2015,7.785379886627197
ago,2016,8.915189743041992
ago,2017,8.82086878638603
ago,2018,8.550690454037019
ago,2019,10.64400928599549
ago,2023,9.93362045288086
aia,1998,0.0
aia,1999,0.0
aia,2000,0.0
aia,2001,0.0
aia,2002,0.0
aia,2003,2.385689973831177
aia,2004,3.250479936599731
aia,2005,4.699250221252441
aia,2006,7.235620021820068
aia,2007,8.571430206298828
aia,2008,8.893280029296875
alb,1971,8.640580177307129
alb,1972,9.29934024810791
alb,1978,4.902120113372803
alb,1981,4.883150100708008
alb,1983,5.471640110015869
alb,1984,5.986569881439209
alb,1985,6.296050071716309
alb,1986,6.511229991912842
alb,1987,6.862180233001709
alb,1988,7.486629962921143
alb,1989,7.939449787139893
alb,1990,8.342320442199707
alb,1991,8.971810340881348
alb,1992,9.528459548950195
alb,1993,11.15025997161865
alb,1994,11.04049968719482
alb,1995,10.46411991119385
alb,1996,11.59832000732422
alb,1997,14.08856010437012
alb,1998,14.933349609375
alb,1999,16.92770004272461
alb,2002,19.58835029602051
alb,2003,19.7989501953125
alb,2004,23.22798919677734
alb,2005,26.68289947509766
alb,2006,30.51972007751465
alb,2007,35.51934814453125
alb,2008,36.39458847045898
alb,2009,38.1325798034668
alb,2010,49.63365173339844
alb,2011,56.26863861083984
alb,2012,66.90876007080078
alb,2013,73.03550720214844
alb,2014,75.6627197265625
alb,2015,71.74031829833984
alb,2016,69.46341705322266
alb,2017,69.64897155761719
alb,2018,67.08051300048828
alb,2019,73.04727935791016
alb,2020,74.0293197631836
alb,2021,72.87310028076172
alb,2022,74.84088134765625
alb,2023,77.03153228759766
and,2002,7.438479900360107
and,2003,8.693120002746582
and,2004,8.541110038757324
and,2005,8.836970329284668
and,2006,11.07643985748291
and,2008,13.12779998779297
and,2012,16.23236083984375
and,2013,17.98070907592773
and,2014,16.43598937988281
and,2015,17.20237922668457
and,2016,18.01091957092285
and,2017,17.56209945678711
and,2018,16.95005035400391
and,2019,16.77922058105469
and,2020,15.79467010498047
and,2021,16.72304916381836
and,2022,35.31113815307617
and,2023,68.00382232666016
are,2018,54.16656112670898
are,2019,58.21940994262695
are,2020,65.99183654785156
are,2021,62.58068084716797
are,2022,68.07884216308594
are,2023,70.17777252197266
arg,1970,11.41217041015625
arg,1971,13.84031009674072
arg,1972,15.2449197769165
arg,1973,17.90203094482422
arg,1974,20.63492012023926
arg,1975,25.75798034667969
arg,1976,25.90575981140137
arg,1977,23.01161956787109
arg,1978,21.37795066833496
arg,1979,22.02256965637207
arg,1980,21.92135047912598
arg,1981,24.68396949768066
arg,1982,25.41098022460938
arg,1983,26.86761093139648
arg,1984,30.89351081848145
arg,1985,37.83082962036133
arg,1986,40.47570037841797
arg,1987,42.8353385925293
arg,1999,62.19126892089844
arg,2000,66.4794921875
arg,2001,70.48577117919922
arg,2002,74.47351837158203
arg,2003,77.69821166992188
arg,2004,76.43556213378906
arg,2005,75.88854217529297
arg,2006,81.56694793701172
arg,2007,81.28099060058594
arg,2008,83.67465209960938
arg,2009,85.99983978271484
arg,2010,89.71759796142578
arg,2011,94.92941284179688
arg,2012,96.55716705322266
arg,2013,97.91831207275392
arg,2014,101.2711563110352
arg,2015,105.0261917114258
arg,2016,109.302619934082
arg,2017,112.844352722168
arg,2018,114.8386306762695
arg,2019,120.8363418579102
arg,2020,127.1553802490234
arg,2021,140.3065338134766
arg,2022,140.0678558349609
arm,2000,36.45817947387695
arm,2001,35.44692993164063
arm,2002,38.30723190307617
arm,2003,38.84135818481445
arm,2004,41.12215042114258
arm,2005,43.08840942382813
arm,2006,46.55984878540039
arm,2007,49.58927917480469
arm,2008,51.95146179199219
arm,2009,53.77883148193359
arm,2010,54.94480895996094
arm,2011,54.92869186401367
arm,2012,47.67243957519531
arm,2013,47.29756927490234
arm,2014,50.73609161376953
arm,2015,53.13830184936523
arm,2016,60.94818878173828
arm,2017,62.03461837768555
arm,2018,65.02008056640625
arm,2019,59.97177124023438
arm,2020,59.57120895385742
arm,2021,63.58776092529297
arm,2022,64.06356048583984
arm,2023,63.82601165771484
asm,1971,0.0
asm,1989,21.44112014770508
atg,2009,20.54447937011719
atg,2010,24.13117027282715
atg,2011,20.18349075317383
atg,2012,34.2794189453125
aus,1970,11.08290958404541
aus,1971,12.24505996704102
aus,1972,13.25397968292236
aus,1973,14.57289028167725
aus,1974,17.22606086730957
aus,1975,19.26473999023438
aus,1976,21.0302791595459
aus,1977,21.63728904724121
aus,1978,22.33809089660645
aus,1979,22.77633094787598
aus,1980,22.98221969604492
aus,1981,23.18081092834473
aus,1982,23.38644027709961
aus,1983,24.44408988952637
aus,1984,25.49683952331543
aus,1985,27.26335906982422
aus,1986,29.68271064758301
aus,1987,30.67737007141113
aus,1988,32.94171142578125
aus,1989,34.26974868774414
aus,1990,36.93721008300781
aus,1991,40.31771850585938
aus,1992,42.10808181762695
aus,1993,64.02388000488281
aus,1994,66.92463684082031
aus,1995,72.3796615600586
aus,1996,77.4925308227539
aus,1997,82.23381805419922
aus,2015,141.4596710205078
aus,2016,141.2156829833984
aus,2017,129.9749450683594
aus,2018,119.9941787719727
aus,2019,128.2402496337891
aus,2020,130.2254028320313
aus,2021,135.7330322265625
aus,2022,128.2834167480469
aus,2023,125.171501159668
aut,1971,6.942850112915039
aut,1972,8.416159629821777
aut,1973,9.83296012878418
aut,1974,10.65005970001221
aut,1975,11.69699001312256
aut,1976,13.61499977111816
aut,1977,14.54514980316162
aut,1978,15.37211990356445
aut,1979,16.29087066650391
aut,1980,17.40341949462891
aut,1981,18.37795066833496
aut,1982,18.7249698638916
aut,1983,19.66839027404785
aut,1984,20.80964088439941
aut,1985,22.74711036682129
aut,1986,24.30887031555176
aut,1987,25.6123104095459
aut,1988,27.61395072937012
aut,1989,28.93461036682129
aut,1990,30.7634105682373
aut,1991,32.29434967041016
aut,1992,35.50785827636719
aut,1993,37.84875869750977
aut,1994,40.69895172119141
aut,1995,44.59151840209961
aut,1996,48.10662841796875
aut,1997,50.27566146850586
aut,1998,53.52471923828125
aut,2013,88.64244842529297
aut,2014,88.43135070800781
aut,2015,89.90548706054688
aut,2016,90.94074249267578
aut,2017,92.10691833496094
aut,2018,94.49884796142578
aut,2019,95.44956970214844
aut,2020,98.3636474609375
aut,2021,105.2396697998047
aut,2022,106.697883605957
aut,2023,103.9927673339844
aze,2006,20.24593925476074
aze,2007,19.55030059814453
aze,2008,18.87042999267578
aze,2009,18.93107986450195
aze,2010,19.15637969970703
aze,2011,19.80817985534668
aze,2012,20.92552947998047
aze,2013,22.62381935119629
aze,2014,24.75322914123535
aze,2015,27.48077964782715
aze,2016,29.69236946105957
aze,2017,30.68036079406738
aze,2018,31.18156051635742
aze,2019,35.70222854614258
aze,2020,39.22578811645508
aze,2021,42.55775833129883
aze,2022,44.86930847167969
aze,2023,46.14706039428711
bdi,1971,0.0168399997055531
bdi,1972,0.0215600002557039
bdi,1973,0.0331399999558926
bdi,1974,0.0846100002527237
bdi,1975,0.0502899996936321
bdi,1976,0.0625799968838692
bdi,1979,0.1507000029087067
bdi,1980,0.1837099939584732
bdi,1981,0.2178799957036972
bdi,1982,0.2412800043821335
bdi,1984,0.2992399930953979
bdi,1985,0.3021500110626221
bdi,1986,0.3100700080394745
bdi,1987,0.3365100026130676
bdi,1988,0.3624300062656403
bdi,1989,0.3859899938106537
bdi,1990,0.4026400148868561
bdi,1991,0.4019199907779694
bdi,1992,0.4151900112628937
bdi,1993,0.4378899931907654
bdi,1998,0.5023000240325928
bdi,1999,0.5412799715995789
bdi,2000,0.5644000172615051
bdi,2001,0.5595899820327759
bdi,2002,0.9708600044250488
bdi,2004,1.158619999885559
bdi,2005,1.17519998550415
bdi,2006,1.315899968147278
bdi,2010,2.151020050048828
bdi,2012,2.461275591672345
bdi,2013,2.796616290921933
bdi,2014,1.844387491966262
bdi,2015,2.615515534353956
bdi,2016,2.631399491961744
bdi,2017,2.988001647842356
bdi,2018,3.463319320782962
bdi,2019,3.177391838336516
bdi,2020,4.205222624774802
bdi,2021,5.323974973554827
bdi,2023,5.268640041351318
bel,1971,12.8878698348999
bel,1972,13.36083984375
bel,1973,15.45580959320068
bel,1974,16.55258941650391
bel,1975,17.09255027770996
bel,1978,20.71645927429199
bel,1979,21.71145057678223
bel,1980,21.80923080444336
bel,1981,22.24754905700684
bel,1982,24.13874053955078
bel,1983,25.34135055541992
bel,1984,26.57711982727051
bel,1985,28.7895393371582
bel,1986,29.7053394317627
bel,1987,31.85635948181152
bel,1988,33.25360870361328
bel,1989,34.17990875244141
bel,1990,37.19284057617188
bel,1991,38.61977005004883
bel,1993,45.13871002197266
bel,1994,49.28734970092773
bel,1995,55.48545837402344
bel,1996,57.97946166992188
bel,1999,59.8597412109375
bel,2000,59.52960968017578
bel,2001,60.76194000244141
bel,2002,62.65330123901367
bel,2003,64.46613311767578
bel,2004,67.67340850830078
bel,2005,69.24629974365234
bel,2006,70.14286041259766
bel,2007,69.37642669677734
bel,2008,69.88330841064453
bel,2009,72.07404327392578
bel,2010,74.71832275390625
bel,2011,75.89739990234375
bel,2012,78.568359375
bel,2013,81.43895721435547
bel,2014,84.15718841552734
bel,2015,86.98117065429688
bel,2016,88.0689697265625
bel,2017,92.0985870361328
bel,2018,90.00737762451172
bel,2019,91.1066436767578
bel,2020,91.34197998046876
bel,2021,95.58782196044922
bel,2022,96.82858276367188
ben,1971,0.0178200006484985
ben,1972,0.0638099983334541
ben,1973,0.119209997355938
ben,1974,0.2310799956321716
ben,1975,0.1951500028371811
ben,1976,0.2075700014829636
ben,1978,0.3601900041103363
ben,1979,0.3172099888324738
ben,1982,0.5877900123596191
ben,1983,0.5657100081443787
ben,1984,0.6403899788856506
ben,1985,0.643090009689331
ben,1986,0.6836100220680237
ben,1987,0.6490499973297119
ben,1988,0.5583000183105469
ben,1991,0.5835300087928772
ben,1992,0.6614199876785278
ben,1993,0.6327400207519531
ben,1994,0.6528099775314331
ben,1995,0.679419994354248
ben,1996,0.7231000065803528
ben,1997,0.9153000116348268
ben,1999,1.224249958992004
ben,2000,1.383139967918396
ben,2001,1.663390040397644
ben,2006,3.01498007774353
ben,2007,3.765619993209839
ben,2008,3.973530054092407
ben,2009,5.248690128326416
ben,2010,6.594870090484619
ben,2011,5.05974006652832
ben,2012,6.609099864959717
ben,2013,8.153800010681152
ben,2014,7.872129917144775
ben,2015,7.17110013961792
ben,2016,7.089099884033203
ben,2017,6.932199954986572
ben,2018,7.38617992401123
ben,2019,6.73445987701416
ben,2020,7.068190097808838
ben,2021,7.056190013885498
ben,2022,7.590569972991943
bfa,1971,0.0114799998700619
bfa,1972,0.0102399997413158
bfa,1973,0.0156800001859665
bfa,1974,0.0309500005096197
bfa,1975,0.0428199991583824
bfa,1976,0.0824500024318695
bfa,1977,0.0789100006222725
bfa,1978,0.0959199965000153
bfa,1979,0.0919699966907501
bfa,1980,0.0943399965763092
bfa,1981,0.1181700006127357
bfa,1982,0.1781899929046631
bfa,1983,0.2163199931383133
bfa,1984,0.2310400009155273
bfa,1985,0.2614200115203857
bfa,1986,0.2726399898529053
bfa,1987,0.2951399981975555
bfa,1988,0.3163000047206879
bfa,1989,0.3529300093650818
bfa,1990,0.3399100005626678
bfa,1991,0.3192799985408783
bfa,1992,0.4155400097370148
bfa,1993,0.4908300042152405
bfa,1994,0.5068299770355225
bfa,1995,0.4820199906826019
bfa,1996,0.5062500238418579
bfa,1997,0.4369800090789795
bfa,1999,0.4473499953746796
bfa,2002,0.6854199767112732
bfa,2003,0.6802200078964233
bfa,2005,1.333140015602112
bfa,2006,1.41841995716095
bfa,2007,1.505990028381348
bfa,2008,1.935789942741394
bfa,2009,2.120790004730225
bfa,2010,2.154550075531006
bfa,2011,2.577029943466187
bfa,2012,2.846420049667358
bfa,2013,2.986289978027344
bfa,2014,3.163389921188354
bfa,2015,3.325920104980469
bfa,2016,3.615489959716797
bfa,2017,3.949019908905029
bfa,2018,4.596380233764648
bfa,2019,4.909930229187012
bfa,2020,5.379499912261963
bfa,2021,6.876389980316162
bfa,2022,7.410409927368164
bfa,2023,8.134389877319336
bgd,1970,0.4000200033187866
bgd,1972,0.4703400135040283
bgd,1974,0.5583299994468689
bgd,1976,0.5477799773216248
bgd,1977,0.6628299951553345
bgd,1978,0.5533400177955627
bgd,1979,0.8124499917030334
bgd,1980,0.8194800019264221
bgd,1981,0.8160799741744995
bgd,1982,1.532359957695007
bgd,1983,1.680269956588745
bgd,1984,1.820629954338074
bgd,1985,2.001410007476807
bgd,1986,1.984220027923584
bgd,1987,1.636559963226318
bgd,1988,1.222830057144165
bgd,1989,1.217210054397583
bgd,1990,1.386409997940063
bgd,1999,3.417350053787231
bgd,2000,3.396899938583374
bgd,2001,4.165939807891846
bgd,2002,3.775700092315674
bgd,2003,3.82463002204895
bgd,2004,3.495399951934814
bgd,2005,4.095540046691895
bgd,2006,4.922510147094727
bgd,2007,5.355380058288574
bgd,2008,6.075650215148926
bgd,2009,7.791699886322021
bgd,2011,10.77724493435794
bgd,2012,11.15529424405162
bgd,2013,11.25856122577987
bgd,2014,11.37084543242754
bgd,2015,12.78056035448164
bgd,2016,14.05723757865136
bgd,2017,15.00245722313235
bgd,2018,15.64170204918429
bgd,2019,18.00533330155202
bgd,2020,18.9795942258367
bgd,2021,19.98234039895076
bgd,2022,19.73582880212831
bgd,2023,20.80521720804436
bgr,1971,14.738450050354
bgr,1972,16.80845069885254
bgr,1973,18.8796501159668
bgr,1974,20.51041030883789
bgr,1975,21.88130950927734
bgr,1976,22.91493034362793
bgr,1977,23.68309020996094
bgr,1978,28.46615982055664
bgr,1979,22.11553955078125
bgr,1980,20.3607292175293
bgr,1981,18.62063980102539
bgr,1982,17.27704048156738
bgr,1983,16.71032905578613
bgr,1984,17.57390022277832
bgr,1985,19.0428295135498
bgr,1986,21.99642944335938
bgr,1987,24.35722923278809
bgr,1988,25.81300926208496
bgr,1989,27.17354011535645
bgr,1990,27.40076065063477
bgr,1991,32.08749008178711
bgr,1992,33.38193893432617
bgr,1993,37.88351058959961
bgr,1994,40.78139114379883
bgr,1995,44.89994049072266
bgr,1996,51.03181076049805
bgr,1997,53.3165397644043
bgr,1998,53.76646041870117
bgr,1999,54.88150024414063
bgr,2000,49.74127960205078
bgr,2001,47.45592880249023
bgr,2002,46.04410934448242
bgr,2003,46.68527984619141
bgr,2004,47.40402984619141
bgr,2005,49.8131103515625
bgr,2006,52.82390975952148
bgr,2007,56.82120895385742
bgr,2008,60.18170928955078
bgr,2009,63.05046844482422
bgr,2010,66.72598266601562
bgr,2011,67.90850830078125
bgr,2012,69.98715209960938
bgr,2013,76.88141632080078
bgr,2014,81.66082000732422
bgr,2015,88.11038970947266
bgr,2016,89.52467346191406
bgr,2017,89.93524932861328
bgr,2018,91.72879028320312
bgr,2019,93.98918914794922
bgr,2020,94.7761001586914
bgr,2021,95.32009887695312
bgr,2022,95.51718902587892
bgr,2023,91.76831817626952
bhr,1971,1.693770051002502
bhr,1972,1.715049982070923
bhr,1973,1.909510016441345
bhr,1974,2.68779993057251
bhr,1975,2.662630081176758
bhr,1976,2.763499975204468
bhr,1977,4.533949851989746
bhr,1978,3.453350067138672
bhr,1979,2.629549980163574
bhr,1980,3.474390029907227
bhr,1981,4.848859786987305
bhr,1982,6.451039791107178
bhr,1985,12.38278961181641
bhr,1986,12.62421035766602
bhr,1987,9.005539894104004
bhr,1988,14.25298023223877
bhr,1991,20.48534965515137
bhr,1992,23.09700965881348
bhr,1993,24.04739952087402
bhr,1994,23.05936050415039
bhr,1995,22.03916931152344
bhr,1996,22.12895011901855
bhr,1999,26.77922058105469
bhr,2003,40.01084136962891
bhr,2005,34.64717864990234
bhr,2006,31.62844085693359
bhr,2011,59.88750839233398
bhr,2012,66.31143951416016
bhr,2013,63.50432968139648
bhr,2014,60.22742080688477
bhr,2015,60.95130157470703
bhr,2016,63.04972076416016
bhr,2017,65.19267272949219
bhr,2018,67.32868194580078
bhr,2019,71.72434997558594
bhr,2020,75.29145812988281
bhr,2021,67.07698059082031
bhr,2022,73.60736846923828
bhr,2023,84.325439453125
bhs,1988,25.33724975585938
bhs,1995,21.56170082092285
bih,2005,27.29239082336426
bih,2006,30.28035926818848
bih,2007,34.62944030761719
bih,2008,39.32648849487305
bih,2009,42.41522979736328
bih,2010,44.32904052734375
bih,2011,48.38724899291992
bih,2012,51.66532897949219
bih,2013,59.51747894287109
bih,2014,63.51462936401367
bih,2015,65.54585266113281
bih,2016,67.40966796875
bih,2017,64.9460678100586
bih,2018,59.65034103393555
bih,2019,57.17221832275391
bih,2020,54.12094116210938
bih,2021,56.1592903137207
bih,2022,57.54465866088867
bih,2023,57.65176010131836
blr,1991,52.91889953613281
blr,1996,48.12570190429688
blr,1997,50.07461929321289
blr,1998,54.3985481262207
blr,1999,59.44617080688477
blr,2000,62.64878082275391
blr,2001,65.02503967285156
blr,2002,68.3930892944336
blr,2003,71.72892761230469
blr,2004,73.34278869628906
blr,2005,75.9345474243164
blr,2006,79.49342346191406
blr,2007,83.79978942871094
blr,2008,85.50749206542969
blr,2009,90.49337005615234
blr,2010,95.37669372558594
blr,2011,103.1729507446289
blr,2012,109.5317001342773
blr,2013,110.3202590942383
blr,2014,108.1582336425781
blr,2015,107.5054321289063
blr,2016,103.7791137695313
blr,2017,99.71234893798828
blr,2018,92.10890197753906
blr,2019,86.68363952636719
blr,2020,85.3012924194336
blr,2021,84.14749908447266
blr,2022,82.60855102539062
blr,2023,78.44583892822266
blz,1971,1.507060050964355
blz,1972,1.140269994735718
blz,1974,1.336899995803833
blz,1975,1.147009968757629
blz,2001,18.47270965576172
blz,2002,21.0202808380127
blz,2003,19.60231018066406
blz,2004,18.60917091369629
blz,2005,19.51716041564941
blz,2006,20.9561595916748
blz,2007,22.07438087463379
blz,2008,23.04060935974121
blz,2009,27.40000915527344
blz,2010,26.35848045349121
blz,2011,26.83737945556641
blz,2012,29.97736930847168
blz,2013,29.93405914306641
blz,2014,30.08275985717773
blz,2015,29.08609962463379
blz,2016,30.50359916687012
blz,2017,30.94556045532227
blz,2018,30.94728088378906
blz,2019,31.89936065673828
blz,2020,33.02553939819336
blz,2021,29.90827941894531
blz,2022,31.01540946960449
blz,2023,29.08069038391113
bmu,1979,9.581589698791504
bmu,1980,11.86812973022461
bmu,1981,13.97222995758057
bmu,2006,46.57302856445313
bmu,2007,42.95301818847656
bmu,2008,41.16656875610352
bmu,2009,55.76483917236328
bmu,2010,49.79592132568359
bmu,2011,51.69393157958984
bmu,2012,49.82394027709961
bmu,2013,49.40475845336914
bmu,2014,44.07611846923828
bmu,2015,42.98469161987305
bmu,2017,27.64550018310547
bmu,2018,26.47798919677734
bmu,2023,20.94017028808594
bra,1970,3.612519979476929
bra,1971,4.877729892730713
bra,1972,6.370429992675781
bra,1973,7.125130176544189
bra,1974,8.689749717712402
bra,1979,10.7507495880127
bra,1980,10.92284965515137
bra,1983,11.13094997406006
bra,1988,11.16366004943848
bra,1989,11.3515100479126
bra,1990,11.51241970062256
bra,1991,11.73729038238525
bra,1992,11.38584995269775
bra,1993,11.76115989685059
bra,1994,12.10538005828857
bra,1998,14.87127017974854
bra,1999,16.38924980163574
bra,2012,49.7164192199707
bra,2013,51.0449104309082
bra,2014,54.40219116210938
bra,2015,55.4103889465332
bra,2016,55.72528839111328
bra,2017,57.37234115600586
bra,2018,59.10078048706055
bra,2019,60.99153900146484
bra,2020,64.55419158935547
bra,2021,67.80967712402344
bra,2022,71.92781066894531
brb,1971,2.995450019836426
brb,1972,4.067540168762207
brb,1973,4.757890224456787
brb,1974,5.29665994644165
brb,1981,16.41080093383789
brb,1984,18.00313949584961
brb,1985,19.74444007873535
brb,1989,21.5805492401123
brb,1990,22.07383918762207
brb,1992,33.06626892089844
brb,1999,50.44797897338867
brb,2000,61.38156127929688
brb,2001,58.89723968505859
brb,2007,81.63545227050781
brb,2009,101.6749420166016
brb,2010,93.24143981933594
brb,2011,89.56095886230469
brn,1977,2.192509889602661
brn,1979,2.822180032730103
brn,1983,0.97325998544693
brn,1984,3.630620002746582
brn,1986,2.752959966659546
brn,1987,4.238939762115479
brn,1992,6.694950103759766
brn,1993,7.14408016204834
brn,1994,7.599929809570313
brn,1998,14.72474002838135
brn,1999,18.45525932312012
brn,2000,18.80055046081543
brn,2001,19.90435028076172
brn,2002,19.14616966247559
brn,2003,19.75548934936523
brn,2004,21.3829402923584
brn,2005,21.59106063842773
brn,2006,21.4085807800293
brn,2007,21.36458015441895
brn,2008,22.23229026794434
brn,2009,22.37582015991211
brn,2010,20.9251708984375
brn,2011,23.15694046020508
brn,2012,29.35821914672852
brn,2013,31.86384010314941
brn,2014,39.93787002563477
brn,2015,37.93004989624023
brn,2016,37.60654830932617
brn,2017,40.9387222946545
brn,2018,36.27134025296353
brn,2019,36.27134025296353
brn,2020,37.47436904907227
brn,2021,35.29209227590956
brn,2022,39.86341802187627
brn,2023,44.52158693115519
btn,1978,0.1877799928188324
btn,1979,0.4147300124168396
btn,1980,0.3848699927330017
btn,1983,0.2425999939441681
btn,1999,1.99481999874115
btn,2005,3.842809915542603
btn,2006,3.875459909439087
btn,2007,4.046780109405518
btn,2008,4.975190162658691
btn,2009,4.959290027618408
btn,2010,5.219846712384026
btn,2011,6.673037107819717
btn,2012,6.649914032535379
btn,2013,9.443670272827148
btn,2017,15.10193367748709
btn,2018,15.35419126328217
btn,2019,16.44773906597479
btn,2020,17.69314922681174
btn,2021,16.24541724330493
btn,2022,15.02306805074971
btn,2023,15.15548992156982
btn,2024,13.7918694531921
bwa,1970,0.0
bwa,1971,0.0
bwa,1972,0.1865900009870529
bwa,1973,0.2186300009489059
bwa,1974,0.2841599881649017
bwa,1975,0.4272400140762329
bwa,1976,0.483570009469986
bwa,1977,0.5526099801063538
bwa,1978,0.6220899820327759
bwa,1979,0.7140799760818481
bwa,1980,0.7843599915504456
bwa,1981,0.82805997133255
bwa,1982,0.8794400095939636
bwa,1983,0.9956700205802916
bwa,1984,1.089110016822815
bwa,1985,1.649289965629578
bwa,1987,2.24042010307312
bwa,1991,3.555320024490356
bwa,1993,4.455259799957275
bwa,1994,4.618959903717041
bwa,1995,4.902929782867432
bwa,1996,5.236239910125732
bwa,1998,5.550960063934326
bwa,1999,5.875659942626953
bwa,2000,6.557270050048828
bwa,2001,6.995989799499512
bwa,2002,7.580140113830566
bwa,2003,8.837869644165039
bwa,2004,8.780940055847168
bwa,2005,8.477120399475098
bwa,2006,8.874859809875488
bwa,2014,27.51667022705078
bwa,2015,31.01989562367526
bwa,2016,26.72112083435059
bwa,2017,25.38011932373047
bwa,2018,26.86250495920515
bwa,2019,27.41303553368519
bwa,2020,28.85298815108413
bwa,2021,25.83432960510254
bwa,2022,25.69446677169405
bwa,2023,25.39775885542121
caf,1979,0.2449200004339218
caf,1980,0.2072200030088425
caf,1981,0.121849998831749
caf,1982,0.2245199978351593
caf,1983,0.1047599986195564
caf,1984,0.1928700059652328
caf,1986,0.2228900045156479
caf,1988,0.2790400087833405
caf,1990,0.4147000014781952
caf,1991,0.3698300123214722
caf,1992,0.3887600004673004
caf,1999,0.6533399820327759
caf,2000,0.6367400288581848
caf,2006,0.4912599921226501
caf,2008,1.150830030441284
caf,2009,1.419160008430481
caf,2010,1.20006000995636
caf,2012,1.452600002288818
can,1976,42.51266860961914
can,1989,79.33409881591797
can,1990,98.5593490600586
can,1991,103.7041778564453
can,1992,106.3719787597656
can,1993,94.15396118164064
can,1994,96.28836822509766
can,1995,97.23158264160156
can,1996,96.14585876464844
can,1998,66.9122314453125
can,1999,68.11327362060547
can,2000,67.27071380615234
can,2002,67.5910415649414
can,2007,74.26402282714844
can,2008,74.74546813964844
can,2009,73.94442749023438
can,2010,71.32637786865234
can,2011,72.51712799072266
can,2012,73.06034088134766
can,2013,75.96331024169922
can,2014,78.04003143310547
can,2015,78.5121078491211
can,2016,80.7641830444336
can,2017,81.9543685913086
can,2018,80.76484680175781
can,2019,84.59423065185547
can,2020,87.02056884765625
can,2021,92.92709350585938
can,2022,92.2966079711914
che,1977,8.606060028076172
che,1978,9.03505039215088
che,1979,9.574049949645996
che,1980,10.25306987762451
che,1981,10.99073028564453
che,1982,11.52637958526611
che,1983,11.9963903427124
che,1984,12.62541961669922
che,1985,13.34372997283936
che,1986,13.78940963745117
che,1987,14.48225975036621
che,1988,14.82689952850342
che,1989,15.78392028808594
che,1990,17.78984069824219
che,1991,18.96389961242676
che,1992,20.22520065307617
che,1993,21.65505027770996
che,1994,23.1694507598877
che,1995,24.14196014404297
che,1996,25.1612491607666
che,1998,30.15172958374023
che,1999,31.85334014892578
che,2000,32.71828842163086
che,2001,33.74784088134766
che,2002,34.82135009765625
che,2003,38.27519989013672
che,2004,40.5377311706543
che,2005,41.96657943725586
che,2006,43.84864044189453
che,2007,45.92840957641602
che,2008,49.49761962890625
che,2009,50.59318161010742
che,2010,52.52067947387695
che,2011,53.14033889770508
che,2012,54.921630859375
che,2013,56.56853103637695
che,2014,58.48965072631836
che,2015,61.76393127441406
che,2016,61.99789047241211
che,2017,64.0415267944336
che,2018,66.23184204101562
che,2019,68.63426971435547
che,2020,71.1914291381836
che,2021,75.95340728759766
che,2022,78.89064025878906
che,2023,78.75066375732422
chl,1970,6.408909797668457
chl,1971,8.006779670715332
chl,1972,9.973159790039064
chl,1975,12.76171970367432
chl,1976,10.55926990509033
chl,1977,10.03423976898193
chl,1978,9.788570404052734
chl,1979,8.810540199279785
chl,1980,10.82299041748047
chl,1983,12.55840969085693
chl,1984,13.296950340271
chl,1985,14.00442981719971
chl,1986,15.29796028137207
chl,1987,16.1205997467041
chl,1993,23.6996898651123
chl,1994,24.6439094543457
chl,1995,25.21429061889648
chl,1996,26.87464904785156
chl,1997,28.20015907287598
chl,1998,30.10239028930664
chl,1999,34.01089096069336
chl,2000,33.86709976196289
chl,2002,38.81118011474609
chl,2003,42.24810028076172
chl,2004,43.18257904052734
chl,2005,49.14493179321289
chl,2006,49.23659896850586
chl,2007,54.93471908569336
chl,2008,57.58805084228516
chl,2009,61.81484985351563
chl,2010,68.75482940673828
chl,2011,74.24906158447266
chl,2012,79.35980987548828
chl,2013,84.18592071533203
chl,2014,88.34477233886719
chl,2015,91.16191864013672
chl,2016,94.35066223144533
chl,2017,96.29106903076172
chl,2018,98.30413055419922
chl,2019,99.34161376953124
chl,2020,96.77101135253906
chl,2021,105.9630737304688
chl,2022,108.6976470947266
chl,2023,114.003547668457
chn,1974,0.2047500014305115
chn,1975,0.3102099895477295
chn,1976,0.3683800101280212
chn,1977,0.4214499890804291
chn,1978,0.4111399948596954
chn,1979,0.4979400038719177
chn,1980,0.6317700147628784
chn,1994,2.575809955596924
chn,2003,13.14626979827881
chn,2004,15.91874027252197
chn,2005,17.79149055480957
chn,2006,20.11960983276367
chn,2007,21.42948913574219
chn,2008,22.29940986633301
chn,2009,24.03894996643066
chn,2010,26.42547035217285
chn,2011,28.33679962158203
chn,2012,31.23730087280273
chn,2013,35.22352981567383
chn,2014,47.59069061279297
chn,2015,51.825439453125
chn,2016,54.68560028076172
chn,2017,56.7811393737793
chn,2018,59.66294097900391
chn,2019,63.37395858764648
chn,2020,68.23957061767578
chn,2021,73.318603515625
chn,2022,77.68081665039062
chn,2023,80.7794418334961
civ,1971,0.2866699993610382
civ,1972,0.3004800081253052
civ,1973,0.358130007982254
civ,1974,0.388370007276535
civ,1976,0.4381299912929535
civ,1977,0.5357199907302856
civ,1979,0.6875799894332886
civ,1980,0.7552400231361389
civ,1987,0.8523100018501282
civ,1994,1.667350053787231
civ,1995,1.737069964408875
civ,1997,2.837130069732666
civ,1999,2.853049993515015
civ,2007,5.282370090484619
civ,2008,5.274310111999512
civ,2009,4.919489860534668
civ,2010,4.378119945526123
civ,2011,2.31072998046875
civ,2013,5.492609977722168
civ,2014,5.544740200042725
civ,2015,6.574389934539795
civ,2016,7.174290180206299
civ,2017,7.82112979888916
civ,2019,9.08864974975586
civ,2020,9.38932991027832
civ,2021,9.938229560852053
civ,2022,10.25879001617432
civ,2023,11.16471004486084
cmr,1971,0.0778900012373924
cmr,1972,0.1150600016117096
cmr,1973,0.1769499927759171
cmr,1974,0.2109600007534027
cmr,1975,0.287310004234314
cmr,2002,4.005149841308594
cmr,2003,4.055759906768799
cmr,2004,4.061779975891113
cmr,2005,4.78007984161377
cmr,2006,5.923570156097412
cmr,2007,6.659060001373291
cmr,2008,7.249199867248535
cmr,2009,8.279769897460938
cmr,2010,10.36367034912109
cmr,2011,10.57750988006592
cmr,2012,11.77785968780518
cmr,2013,13.73151969909668
cmr,2014,14.64111995697021
cmr,2015,15.36843013763428
cmr,2016,11.86942005157471
cmr,2017,11.60853004455566
cmr,2018,13.62141036987305
cmr,2019,14.01194000244141
cmr,2020,13.79442024230957
cmr,2021,15.17745971679688
cmr,2022,14.66016960144043
cmr,2023,14.53654003143311
cod,1971,0.0734099969267845
cod,1972,0.1045700013637543
cod,1974,0.177619993686676
cod,2007,2.174220085144043
cod,2008,2.758100032806396
cod,2009,2.955709934234619
cod,2011,4.649889945983887
cod,2012,5.412199974060059
cod,2013,3.9690101146698
cod,2016,4.213719844818115
cod,2020,4.748449802398682
cog,1971,0.1420499980449677
cog,1972,0.1592199951410294
cog,1975,0.3519999980926514
cog,1976,0.4410899877548218
cog,1977,0.6294100284576416
cog,1978,0.794409990310669
cog,1980,1.207290053367615
cog,1981,1.292029976844788
cog,1982,1.370609998703003
cog,1983,1.41159999370575
cog,1984,1.607980012893677
cog,1985,1.640370011329651
cog,1986,1.640089988708496
cog,1988,1.991559982299805
cog,1989,1.383489966392517
cog,1990,1.48855996131897
cog,1991,1.597429990768433
cog,1992,1.852360010147095
cog,1999,1.554119944572449
cog,2000,2.515789985656738
cog,2001,1.011510014533997
cog,2002,1.202550053596497
cog,2003,2.191679954528809
cog,2009,2.040560007095337
cog,2011,5.860000133514404
cog,2012,7.005799770355225
cog,2013,7.343269824981689
cog,2015,9.440713218922658
cog,2017,9.736610412597656
cog,2023,8.316349983215332
cok,1970,0.0
cok,1971,0.0
cok,1972,0.0
cok,1973,0.0
cok,1974,0.0
cok,1975,0.0
cok,1976,0.0
cok,1977,0.0
cok,1978,0.0
cok,1979,0.0
cok,1980,0.0
cok,1981,0.0
cok,1982,0.0
cok,1983,0.0
cok,1984,0.0
cok,1985,0.0
cok,1986,0.0
cok,1987,0.0
cok,1988,0.0
cok,1989,0.0
cok,1990,0.0
cok,1991,0.0
cok,1992,0.0
cok,1993,0.0
cok,1994,0.0
cok,1995,0.0
cok,1996,0.0
cok,1997,0.0
cok,1998,0.0
cok,1999,0.0
cok,2000,0.0
cok,2001,0.0
cok,2002,0.0
cok,2003,0.0
cok,2004,0.0
cok,2005,0.0
cok,2006,0.0
cok,2007,0.0
cok,2008,0.0
cok,2009,0.0
cok,2010,0.0
cok,2011,0.0
cok,2012,39.56835174560547
cok,2023,2.844640016555786
col,1970,2.333039999008179
col,1974,4.533820152282715
col,1975,5.377049922943115
col,1977,6.943439960479736
col,1978,7.410679817199707
col,1979,7.783090114593506
col,1980,8.26078987121582
col,1981,9.38407039642334
col,1982,9.955880165100098
col,1984,11.26239967346191
col,1985,11.67049026489258
col,1986,12.40050029754639
col,1987,13.00175952911377
col,1988,13.45380973815918
col,1989,14.88838005065918
col,1991,15.83432960510254
col,1995,17.48687934875488
col,1996,19.32117080688477
col,1997,23.14826965332031
col,1998,24.46530914306641
col,1999,25.17336082458496
col,2000,26.18725967407227
col,2001,27.21920013427734
col,2002,27.18820953369141
col,2004,30.22339057922363
col,2005,33.09814834594727
col,2006,35.40557098388672
col,2007,36.63507080078125
col,2008,37.37897872924805
col,2009,40.10147857666016
col,2010,43.08364868164063
col,2011,47.05619812011719
col,2012,50.05366897583008
col,2013,53.95925903320313
col,2014,56.80976867675781
col,2015,58.8032112121582
col,2016,61.30530166625977
col,2017,62.73406982421875
col,2018,61.54233169555664
col,2019,60.51422882080078
col,2020,59.84247970581055
col,2021,63.16305160522461
col,2022,64.32234954833984
com,1990,0.1731200069189072
com,1992,0.3001599907875061
com,1999,1.216140031814575
com,2000,1.267920017242432
com,2003,2.821269989013672
com,2009,4.890970230102539
com,2010,4.974669933319092
com,2011,7.203380107879639
com,2012,8.322850227355957
com,2013,8.429530143737793
com,2014,8.430219650268555
cpv,2000,1.838860034942627
cpv,2001,1.606480002403259
cpv,2002,3.939290046691895
cpv,2003,4.856019973754883
cpv,2004,6.420100212097168
cpv,2005,7.786930084228516
cpv,2006,9.067020416259766
cpv,2007,10.77272987365723
cpv,2008,13.52756023406982
cpv,2009,17.16519927978516
cpv,2010,19.88357925415039
cpv,2011,23.39904022216797
cpv,2012,23.57599067687988
cpv,2013,26.85400009155273
cpv,2014,28.14653015136719
cpv,2015,27.22872924804688
cpv,2016,29.03150939941406
cpv,2017,30.15111923217773
cpv,2018,29.95644950866699
cri,1970,7.604579925537109
cri,1971,8.447239875793457
cri,1972,8.992670059204102
cri,2004,28.38604927062988
cri,2011,49.87617111206055
cri,2012,51.97005844116211
cri,2013,52.28202819824219
cri,2014,55.71020126342773
cri,2015,58.10802841186523
cri,2016,57.06644058227539
cri,2017,60.71223068237305
cri,2018,57.67361068725586
cri,2019,60.47327041625977
cub,1971,2.878329992294312
cub,1972,3.435899972915649
cub,1973,4.122990131378174
cub,1974,5.144589900970459
cub,1975,6.340330123901367
cub,1977,11.10986042022705
cub,1979,14.2379903793335
cub,1980,15.59965038299561
cub,1981,15.87644958496094
cub,1982,17.22440910339355
cub,1983,17.18243980407715
cub,1984,18.34349060058594
cub,1985,19.93157958984375
cub,1986,21.91662979125977
cub,1987,24.4041805267334
cub,1988,25.25918006896973
cub,1989,24.94732093811035
cub,1990,24.49272918701172
cub,1991,24.67243003845215
cub,1992,23.56204032897949
cub,1993,21.30356979370117
cub,1994,19.5147705078125
cub,1995,17.08575057983398
cub,1996,16.41467094421387
cub,1997,16.43261909484863
cub,1998,16.8213996887207
cub,1999,23.18095016479492
cub,2000,25.37162971496582
cub,2001,28.05554008483887
cub,2002,30.76358985900879
cub,2003,37.68392181396484
cub,2004,67.2283935546875
cub,2005,76.77552032470703
cub,2006,105.8958129882813
cub,2007,137.2599945068359
cub,2008,147.8476257324219
cub,2009,143.360107421875
cub,2010,117.29541015625
cub,2011,98.24868011474608
cub,2012,74.6810531616211
cub,2013,60.22253036499023
cub,2015,42.86304092407227
cub,2016,40.84177017211914
cub,2017,51.75634002685547
cub,2018,52.05239868164063
cub,2019,56.09244155883789
cub,2020,60.70426177978516
cub,2021,67.71308898925781
cub,2022,56.53601854360456
cub,2023,65.2492904663086
cuw,2013,32.46945190429688
cym,2006,26.85185050964355
cym,2007,29.75543022155762
cym,2008,43.7021598815918
cyp,2000,22.20189094543457
cyp,2001,24.92528915405273
cyp,2002,28.03539085388184
cyp,2003,32.34157943725586
cyp,2004,35.39665985107422
cyp,2005,36.34149169921875
cyp,2006,35.64717102050781
cyp,2007,37.0813102722168
cyp,2008,41.13325119018555
cyp,2009,45.65361022949219
cyp,2010,45.6297607421875
cyp,2011,47.29882049560547
cyp,2012,49.71834945678711
cyp,2013,53.69161987304688
cyp,2014,62.59883117675781
cyp,2015,69.39546966552734
cyp,2016,73.41246032714844
cyp,2017,82.35413360595703
cyp,2018,84.49549865722656
cyp,2019,91.09998321533205
cyp,2020,98.12271881103516
cyp,2021,108.3711700439453
cyp,2022,117.4736480712891
cze,1971,6.771180152893066
cze,1972,6.369289875030518
cze,1973,6.500050067901611
cze,1974,7.143020153045654
cze,1975,8.036620140075684
cze,1976,9.033539772033691
cze,1977,10.51863956451416
cze,1978,11.89472007751465
cze,1979,12.74872016906738
cze,1980,14.01014041900635
cze,1981,15.08465003967285
cze,1982,15.31392002105713
cze,1983,14.88144016265869
cze,1984,14.00197982788086
cze,1985,13.32713031768799
cze,1986,13.09315013885498
cze,1987,13.41187953948975
cze,1988,13.85387992858887
cze,1989,14.30432033538818
cze,1990,14.24720001220703
cze,1991,14.54335021972656
cze,1992,13.2548999786377
cze,1993,12.89235973358154
cze,1994,18.6439094543457
cze,1995,19.64631080627441
cze,1996,20.16459083557129
cze,1997,22.56612014770508
cze,1998,23.34523010253906
cze,1999,26.48250007629395
cze,2000,30.28236961364746
cze,2001,32.80091094970703
cze,2002,38.58956909179688
cze,2003,40.58953857421875
cze,2004,47.5738410949707
cze,2005,52.74742889404297
cze,2006,54.83317947387695
cze,2007,60.62817001342773
cze,2008,65.92050170898438
cze,2009,71.34056091308594
cze,2010,75.71749114990234
cze,2011,78.233642578125
cze,2012,78.3601303100586
cze,2013,77.86595153808594
cze,2014,78.8316879272461
cze,2015,78.89924621582031
cze,2016,79.16471862792969
cze,2017,79.45845794677734
cze,2018,78.06674194335938
cze,2019,78.20532989501953
cze,2020,78.7804183959961
cze,2021,81.5553970336914
cze,2022,83.29302978515625
deu,1992,30.30830955505371
deu,1993,33.99871063232422
deu,1994,36.91925048828125
deu,1995,40.44282150268555
deu,1996,42.95412826538086
deu,1997,44.4156494140625
deu,2013,58.69269180297852
deu,2014,63.36344909667969
deu,2015,67.38771057128906
deu,2016,68.86296081542969
deu,2017,69.96810150146484
deu,2018,71.14263916015625
deu,2019,74.19689178466797
deu,2020,74.7936019897461
deu,2021,78.78555297851562
deu,2022,80.79667663574219
deu,2023,80.07466888427734
dji,1976,0.0
dji,1981,0.0
dji,1986,0.0
dji,1991,0.0
dji,1992,0.0517200008034706
dji,1993,0.1177600026130676
dji,1994,0.1257999986410141
dji,1996,0.1966899931430817
dji,1997,0.221440002322197
dji,1999,0.2489400058984756
dji,2000,0.2409400045871735
dji,2001,0.5463299751281738
dji,2002,0.8314899802207947
dji,2003,0.9336900115013124
dji,2004,1.287279963493347
dji,2005,1.801110029220581
dji,2006,1.955610036849976
dji,2007,2.198179960250854
dji,2008,2.330499887466431
dji,2009,2.971189975738525
dji,2010,2.941509962081909
dji,2011,4.142119884490967
dma,1981,0.3411299884319305
dma,1984,1.159819960594177
dma,1985,0.923359990119934
dma,1989,1.333670020103455
dma,1991,4.783780097961426
dma,1992,10.11672973632813
dma,1993,6.639369964599609
dnk,1971,14.96224021911621
dnk,1972,19.52758979797363
dnk,1973,22.83448028564453
dnk,1974,24.80455017089844
dnk,1976,26.97372055053711
dnk,1977,28.71948051452637
dnk,1978,30.28823089599609
dnk,1979,27.05674934387207
dnk,1980,28.35140991210938
dnk,1981,28.54936027526855
dnk,1982,28.89265060424805
dnk,1983,29.0214900970459
dnk,1984,29.18532943725586
dnk,1985,28.93354988098145
dnk,1986,28.4586296081543
dnk,1987,28.93070983886719
dnk,1988,30.68553924560547
dnk,1989,33.09859085083008
dnk,1990,36.72323989868164
dnk,1991,40.64931869506836
dnk,1992,43.5306282043457
dnk,1993,46.14525985717773
dnk,1994,47.66936874389648
dnk,1995,47.97235107421875
dnk,1996,52.42324066162109
dnk,1998,59.53659057617188
dnk,1999,64.57351684570312
dnk,2000,67.535400390625
dnk,2001,70.14328002929688
dnk,2002,74.67646789550781
dnk,2003,79.8572998046875
dnk,2004,87.90522766113281
dnk,2005,94.2599868774414
dnk,2006,91.75990295410156
dnk,2007,91.86135864257812
dnk,2008,88.73120880126953
dnk,2009,87.0825424194336
dnk,2010,86.10188293457031
dnk,2011,89.38336181640625
dnk,2012,91.0465087890625
dnk,2013,93.4175262451172
dnk,2014,95.12465667724608
dnk,2015,97.2847137451172
dnk,2016,94.95578002929688
dnk,2017,94.04833984375
dnk,2018,93.87747192382812
dnk,2019,94.87412261962892
dnk,2020,96.1319580078125
dnk,2021,97.54080963134766
dnk,2022,98.93183135986328
dnk,2023,94.8593978881836
dom,1971,5.029300212860107
dom,1972,6.16156005859375
dom,1973,6.843319892883301
dom,1975,7.790550231933594
dom,1997,24.96504020690918
dom,2003,41.17502975463867
dom,2012,59.82907867431641
dom,2014,60.91205978393555
dom,2015,66.98925018310547
dom,2016,69.95906829833984
dom,2017,77.01242065429688
dom,2020,76.27281951904297
dom,2021,74.79585266113281
dom,2022,72.90618133544922
dza,2004,19.97798919677734
dza,2005,23.70130920410156
dza,2006,24.1994800567627
dza,2007,28.00105094909668
dza,2009,36.69272994995117
dza,2010,37.16233062744141
dza,2011,39.31404876708984
dza,2012,41.11363983154297
dza,2013,43.74208831787109
dza,2014,44.75413131713867
dza,2015,47.87224960327148
dza,2016,56.33628082275391
dza,2017,59.98780059814453
dza,2018,66.98468017578125
dza,2019,67.98477935791016
dza,2020,67.5418472290039
dza,2021,67.76078033447266
dza,2022,67.80729675292969
dza,2023,67.25884246826172
ecu,1971,3.905839920043945
ecu,1972,4.26393985748291
ecu,1973,5.79472017288208
ecu,1979,21.79105949401855
ecu,1980,23.42432022094727
ecu,1984,23.2748908996582
ecu,1988,21.77309036254883
ecu,2008,40.93994140625
ecu,2012,44.60824966430664
ecu,2015,47.89933013916016
ecu,2018,50.57054901123047
ecu,2019,50.89387893676758
ecu,2020,63.1782112121582
ecu,2022,66.81777954101562
egy,1971,3.88703989982605
egy,1972,4.309229850769043
egy,1973,5.071229934692383
egy,1974,5.71068000793457
egy,1975,6.527850151062012
egy,1976,7.71226978302002
egy,1977,8.515780448913574
egy,1978,9.05368995666504
egy,1979,9.514269828796388
egy,1980,9.987270355224608
egy,1981,10.88626956939697
egy,1982,11.64340019226074
egy,1983,12.20123958587646
egy,1984,12.456130027771
egy,1985,12.17689990997314
egy,1986,10.86923027038574
egy,1987,10.49193954467773
egy,1988,11.74141979217529
egy,1989,10.21854972839355
egy,1990,9.53730010986328
egy,1991,8.408780097961426
egy,2001,24.70112037658691
egy,2002,26.0716495513916
egy,2003,24.23863983154297
egy,2004,24.41024017333984
egy,2005,25.97336959838867
egy,2006,26.5457592010498
egy,2007,24.91584014892578
egy,2008,27.68881988525391
egy,2009,27.69976997375488
egy,2010,28.78173065185547
egy,2011,24.42103958129883
egy,2012,24.85899925231934
egy,2013,26.8913402557373
egy,2014,27.67235946655273
egy,2015,32.46701049804688
egy,2016,32.41086959838867
egy,2017,33.54904174804688
egy,2018,37.01071929931641
egy,2020,38.47380065917969
egy,2022,36.63874053955078
egy,2023,37.95655822753906
egy,2024,39.09595108032227
eri,1995,0.4637199938297272
eri,1996,0.3267399966716766
eri,1998,0.3942799866199493
eri,1999,0.5228700041770935
eri,2000,0.5648000240325928
eri,2001,0.711679995059967
eri,2002,0.674049973487854
eri,2004,0.5123999714851379
eri,2009,1.796630024909973
eri,2010,2.381550073623657
eri,2014,2.719909906387329
eri,2015,2.758749961853027
eri,2016,2.644259929656982
esp,1971,4.652239799499512
esp,1972,5.493239879608154
esp,1973,8.815790176391602
esp,1974,10.14463043212891
esp,1975,11.56923961639404
esp,1976,14.41504955291748
esp,1977,16.05059051513672
esp,1978,18.56949043273926
esp,1979,17.45119094848633
esp,1980,19.13434982299805
esp,1981,20.11585998535156
esp,1982,21.07888031005859
esp,1983,22.20100975036621
esp,1984,24.38508987426758
esp,1985,25.40270042419434
esp,1986,28.09189987182617
esp,1987,29.71022033691406
esp,1988,32.27568054199219
esp,1989,34.28668975830078
esp,1990,37.05461883544922
esp,1991,39.09725952148438
esp,1992,41.50868988037109
esp,1993,43.68056869506836
esp,1994,45.75907897949219
esp,1995,48.65299987792969
esp,1996,51.03475189208984
esp,1997,54.28128814697266
esp,1998,57.37432098388672
esp,1999,59.7960205078125
esp,2000,63.36111831665039
esp,2001,65.5563735961914
esp,2002,69.39700317382812
esp,2003,71.39971160888672
esp,2004,74.44896697998047
esp,2005,75.08020782470703
esp,2006,76.1726303100586
esp,2007,76.63957214355469
esp,2008,76.9493179321289
esp,2009,79.26966094970703
esp,2010,84.45134735107422
esp,2011,89.17674255371094
esp,2012,91.11312866210938
esp,2013,93.56919097900392
esp,2014,96.26795196533205
esp,2015,96.5407485961914
esp,2016,98.22537994384766
esp,2017,100.899528503418
esp,2018,101.8296203613281
esp,2019,101.0782012939453
esp,2020,102.1128082275391
esp,2021,106.8224792480469
esp,2022,106.9106292724609
esp,2023,106.6245574951172
est,1992,24.27993011474609
est,1993,23.67888069152832
est,1994,25.01528930664063
est,1995,26.73844909667969
est,1996,43.21623992919922
est,1997,48.8190803527832
est,1998,56.61275100708008
est,1999,59.65552139282227
est,2000,65.45417022705078
est,2001,72.83197021484375
est,2002,78.09932708740234
est,2003,81.36534118652344
est,2004,83.45266723632812
est,2005,85.86115264892578
est,2006,86.9582290649414
est,2007,86.46417236328125
est,2008,86.07734680175781
est,2009,86.68031311035156
est,2010,86.59661865234375
est,2011,87.67253875732422
est,2012,89.15165710449219
est,2013,91.31137084960938
est,2014,92.33390045166016
est,2015,89.8572006225586
est,2016,87.7629165649414
est,2017,86.86019897460938
est,2018,86.45500946044922
est,2019,87.28353118896484
est,2020,87.17617797851562
est,2021,88.8946762084961
est,2022,86.7908935546875
est,2023,81.37840270996094
eth,1971,0.0281600002199411
eth,1972,0.0298599991947412
eth,1974,0.0455899983644485
eth,1979,0.1203000023961067
eth,1980,0.1721500009298325
eth,1982,0.1272100061178207
eth,1983,0.122309997677803
eth,1984,0.1028100028634071
eth,1986,0.2634499967098236
eth,1987,0.2595599889755249
eth,1988,0.2505300045013428
eth,1989,0.2691200077533722
eth,1990,0.2798500061035156
eth,1991,0.2717500030994415
eth,1994,0.2557899951934814
eth,1995,0.260589987039566
eth,1996,0.2593899965286255
eth,1997,0.3224999904632568
eth,1998,0.3204900026321411
eth,1999,0.3500399887561798
eth,2000,0.5125899910926819
eth,2001,0.6389200091362
eth,2002,0.9017300009727478
eth,2003,1.228150010108948
eth,2004,1.396010041236877
eth,2005,1.457100033760071
eth,2008,1.706550002098083
eth,2009,3.168499946594238
eth,2010,4.24206333160564
eth,2011,4.467568107733467
eth,2012,4.872610355528003
eth,2013,5.178334322419233
eth,2014,5.233795580825876
eth,2015,6.480200316040221
eth,2016,6.875710687951616
eth,2017,7.328777782390181
eth,2018,7.524174938906689
fin,1971,13.53719997406006
fin,1972,14.01543045043945
fin,1973,14.65450000762939
fin,1974,16.24317932128906
fin,1975,17.49344062805176
fin,1977,28.18350028991699
fin,1978,29.72616004943848
fin,1979,30.46785926818848
fin,1980,31.17828941345215
fin,1981,32.2053108215332
fin,1982,33.16450881958008
fin,1983,33.9114990234375
fin,1984,30.87911033630371
fin,1985,31.65270042419434
fin,1986,33.99047088623047
fin,1987,36.58316040039063
fin,1988,39.28160095214844
fin,1989,43.29179000854492
fin,1990,47.62332153320313
fin,1991,53.20190811157227
fin,1992,58.71257019042969
fin,1993,66.85224151611328
fin,1994,70.5713119506836
fin,1995,72.84674835205078
fin,1996,74.44078063964844
fin,1997,77.0865707397461
fin,1998,83.92060089111328
fin,1999,88.32659149169922
fin,2000,90.64891815185548
fin,2001,94.55352783203124
fin,2002,96.0845184326172
fin,2003,96.61203002929688
fin,2004,98.50978088378906
fin,2005,100.7172470092773
fin,2006,103.1050109863281
fin,2007,105.0895080566406
fin,2008,106.3294372558594
fin,2009,101.7324600219727
fin,2010,102.7471237182617
fin,2011,103.0838623046875
fin,2012,100.5744323730469
fin,2013,100.171516418457
fin,2014,98.67820739746094
fin,2015,98.18663024902344
fin,2016,97.4420166015625
fin,2017,98.7431182861328
fin,2018,100.6457901000977
fin,2019,103.7537384033203
fin,2020,107.3404693603516
fin,2021,112.6425094604492
fin,2022,118.4732437133789
fin,2023,123.1408767700195
fji,1970,0.4600799977779388
fji,1971,1.132390022277832
fji,1972,0.9372000098228456
fji,1973,1.281020045280457
fji,1974,1.207839965820313
fji,1975,1.634580016136169
fji,1985,2.247740030288696
fji,1986,1.963649988174438
fji,2003,15.99265956878662
fji,2004,15.75333023071289
fji,2005,15.60540962219238
fji,2014,72.65947822685152
fji,2015,73.03778710792788
fji,2016,79.72814565407158
fji,2017,84.8476426297438
fji,2018,85.08787684413085
fji,2019,85.8237747653806
fji,2020,94.0309604099732
fji,2021,86.81259724234133
fji,2022,80.54181896366373
fji,2023,70.9389846794427
fra,1979,23.58168983459473
fra,1980,23.23583984375
fra,1982,26.18206024169922
fra,1983,27.04599952697754
fra,1985,28.98031997680664
fra,1986,29.71569061279297
fra,1987,30.32844924926758
fra,1988,31.68552017211914
fra,1989,36.23031997680664
fra,1990,38.63935852050781
fra,1991,41.49951171875
fra,1992,45.47375869750977
fra,1993,49.4818115234375
fra,1994,54.71755981445313
fra,1995,56.88597106933594
fra,1996,59.23221969604492
fra,1997,60.17428970336914
fra,1998,59.35673141479492
fra,1999,57.69124984741211
fra,2000,55.56650924682617
fra,2001,55.16104888916016
fra,2002,55.49982833862305
fra,2003,57.94725036621094
fra,2004,59.24126052856445
fra,2005,59.99689865112305
fra,2006,60.26364135742188
fra,2007,59.31235885620117
fra,2008,58.71416091918945
fra,2009,59.1619987487793
fra,2010,61.24570846557617
fra,2011,61.97702026367188
fra,2012,64.59658813476562
fra,2013,66.50814056396484
fra,2014,68.3062973022461
fra,2015,69.71964263916016
fra,2016,71.7322006225586
fra,2017,73.04025268554688
fra,2018,75.18060302734375
fra,2019,75.64186096191406
fra,2020,77.64801025390625
fra,2021,79.1524887084961
fra,2022,81.37938690185547
fsm,1979,14.70833969116211
fsm,1980,12.66199016571045
fsm,1981,13.44845962524414
fsm,1982,18.60405921936035
gab,1971,0.1121700033545494
gab,1972,0.1804500073194504
gab,1973,0.2605800032615662
gab,1976,0.7874299883842468
gab,1977,0.8322799801826477
gab,1978,0.8795400261878967
gab,1979,1.016600012779236
gab,1980,1.266000032424927
gab,1983,2.37283992767334
gab,1984,2.620990037918091
gab,1987,3.194309949874878
gab,1988,3.184609889984131
gab,1989,3.147039890289307
gab,1990,3.042929887771606
gab,1999,4.76121997833252
gab,2001,5.998879909515381
gab,2003,5.598100185394287
gab,2019,21.81483534296142
gab,2021,18.1487873557998
gbr,1971,10.11032962799072
gbr,1972,10.72846031188965
gbr,1973,11.25269031524658
gbr,1974,11.90573024749756
gbr,1975,13.24901962280273
gbr,1976,13.68680000305176
gbr,1977,13.74252986907959
gbr,1978,13.52521991729736
gbr,1979,13.58001041412354
gbr,1980,13.6569995880127
gbr,1981,13.8523998260498
gbr,1982,14.2761402130127
gbr,1983,18.85965919494629
gbr,1984,19.45605087280273
gbr,1985,19.7762393951416
gbr,1986,20.63454055786133
gbr,1987,21.80537986755371
gbr,1988,22.66588973999023
gbr,1989,23.16020011901855
gbr,1990,25.07257080078125
gbr,1991,27.71681976318359
gbr,1992,31.94059944152832
gbr,1993,37.9275016784668
gbr,1994,43.26734924316406
gbr,1995,50.71147918701172
gbr,1996,52.31744003295898
gbr,1997,56.60017013549805
gbr,1998,58.7840690612793
gbr,1999,62.59983825683594
gbr,2000,62.23762893676758
gbr,2001,63.15061187744141
gbr,2002,68.13365173339844
gbr,2003,69.47602844238281
gbr,2004,68.74809265136719
gbr,2005,68.64118194580078
gbr,2006,68.45662689208984
gbr,2007,67.89215850830078
gbr,2008,66.1612319946289
gbr,2009,67.7098388671875
gbr,2010,68.32591247558594
gbr,2011,67.86910247802734
gbr,2012,67.6899185180664
gbr,2013,64.70777130126953
gbr,2014,64.27243041992188
gbr,2015,64.46984100341797
gbr,2016,66.63078308105469
gbr,2017,68.6485824584961
gbr,2018,70.42814636230469
gbr,2019,75.37857818603516
gbr,2020,79.48074340820312
gbr,2021,88.35240173339844
gbr,2022,92.43231201171876
geo,1981,26.16604995727539
geo,1991,34.0329704284668
geo,1995,50.64781188964844
geo,1996,44.80691909790039
geo,1997,46.88813018798828
geo,1999,39.07501983642578
geo,2000,39.17374038696289
geo,2001,40.07614135742188
geo,2002,43.03715133666992
geo,2003,43.2041015625
geo,2004,44.01968002319336
geo,2005,49.02684020996094
geo,2006,43.16962814331055
geo,2007,42.07366943359375
geo,2008,40.77859878540039
geo,2009,30.76448059082031
geo,2010,35.44329071044922
geo,2011,38.38948059082031
geo,2012,37.21987915039063
geo,2013,45.06912994384766
geo,2014,50.85496139526367
geo,2015,56.29409027099609
geo,2016,61.25392913818359
geo,2017,66.15673828125
geo,2018,68.55084991455078
geo,2019,72.01360321044922
geo,2020,75.05863189697266
geo,2021,81.26496124267578
geo,2022,84.62603759765625
geo,2023,84.09586334228516
gha,1971,0.2055500000715256
gha,1972,0.2055899947881699
gha,1973,0.2355200052261353
gha,1974,0.2985999882221222
gha,1975,0.3927499949932098
gha,1976,0.3330599963665009
gha,1982,0.5597299933433533
gha,1991,0.4141300022602081
gha,1992,0.4877200126647949
gha,1993,0.4845100045204163
gha,1994,0.5929099917411804
gha,2005,3.773659944534302
gha,2006,3.246000051498413
gha,2007,4.098269939422607
gha,2008,4.811570167541504
gha,2009,6.248809814453125
gha,2011,8.480030059814453
gha,2012,8.75844955444336
gha,2013,10.36217975616455
gha,2014,11.94248962402344
gha,2015,12.58180046081543
gha,2016,12.84937000274658
gha,2017,13.39947032928467
gha,2018,13.56260967254639
gha,2019,15.67568969726563
gha,2020,17.40085983276367
gha,2021,18.30072021484375
gha,2022,19.81324005126953
gha,2023,21.67572975158691
gib,1970,0.0
gib,1971,0.0
gib,1972,0.0
gib,1973,0.0
gib,1974,0.0
gib,1975,0.0
gib,1976,0.0
gib,1977,0.0
gib,1978,0.0
gib,1979,0.0
gib,1980,0.0
gib,1981,0.0
gib,1982,0.0
gib,1983,0.0
gib,1984,0.0
gib,1985,0.0
gib,1986,0.0
gib,1987,0.0
gib,1988,0.0
gib,1989,0.0
gib,1990,0.0
gib,1991,0.0
gib,1992,0.0
gib,1993,0.0
gib,1994,0.0
gib,1995,0.0
gib,1996,0.0
gib,1997,0.0
gib,1999,0.0
gib,2000,0.0
gib,2001,0.0
gib,2002,0.0
gib,2003,0.0
gib,2004,0.0
gib,2005,0.0
gib,2006,0.0
gib,2007,0.0
gib,2008,0.0
gib,2009,0.0
gib,2010,0.0
gin,1971,0.0852599963545799
gin,1975,0.618399977684021
gin,1976,1.094059944152832
gin,1977,1.333150029182434
gin,1978,1.809820055961609
gin,1981,1.565889954566956
gin,1982,1.242159962654114
gin,1983,1.230810046195984
gin,1985,1.109339952468872
gin,1986,0.4996199905872345
gin,1987,0.3539400100708008
gin,1988,0.2584199905395508
gin,1989,0.2311699986457825
gin,1990,0.1729899942874908
gin,1991,0.1186399981379509
gin,1992,0.1092699989676476
gin,1993,0.1643700003623962
gin,1994,0.1395100057125092
gin,1996,0.1999199986457825
gin,1997,0.2527100145816803
gin,1998,0.2874400019645691
gin,2004,0.7102299928665161
gin,2005,1.136240005493164
gin,2006,2.269150018692017
gin,2007,3.664239883422852
gin,2008,4.520810127258301
gin,2009,4.636020183563232
gin,2010,5.164720058441162
gin,2011,5.480869770050049
gin,2012,5.338290214538574
gin,2013,6.296639919281006
gin,2014,6.636990070343018
gin,2015,4.991145635092948
gin,2016,5.039219152394915
gin,2017,5.256097581501661
gin,2018,4.227677701207416
gin,2019,3.875585286423918
gin,2020,3.295077986071398
gin,2021,4.166398232939119
gmb,1995,1.021499991416931
gmb,1999,0.4548799991607666
gmb,2004,0.4116699993610382
gmb,2010,1.489169955253601
gmb,2011,2.147589921951294
gmb,2012,2.083270072937012
gmb,2024,23.14084053039551
gnb,1989,0.0579200014472008
gnq,1982,0.8015499711036682
gnq,1991,0.3482500016689301
gnq,2000,1.151950001716614
grc,1971,8.621339797973633
grc,1972,8.708149909973145
grc,1973,9.783860206604004
grc,1974,10.83862018585205
grc,1975,12.5272102355957
grc,1976,13.48620986938477
grc,1977,14.04570960998535
grc,1978,13.07233047485352
grc,1979,13.57388973236084
grc,1980,13.25251007080078
grc,1981,14.22797966003418
grc,1982,15.1141300201416
grc,1983,17.19094085693359
grc,1984,19.72201919555664
grc,1985,22.39204025268555
grc,1986,23.90250968933105
grc,1987,25.57023048400879
grc,1988,24.06487083435059
grc,1989,23.70512008666992
grc,1990,25.01432991027832
grc,1992,35.00635147094727
grc,1993,38.68952941894531
grc,1994,38.30393981933594
grc,1995,37.95589065551758
grc,1996,41.19733047485352
grc,1997,44.82215881347656
grc,1998,48.36886978149414
grc,1999,50.15478134155273
grc,2000,54.26485061645508
grc,2001,63.27566146850586
grc,2002,71.83149719238281
grc,2003,78.05113983154297
grc,2004,87.64969635009766
grc,2005,97.20596313476564
grc,2006,101.3905563354492
grc,2007,94.88786315917967
grc,2010,103.9512176513672
grc,2011,107.0280075073242
grc,2012,110.7143173217773
grc,2013,112.3157577514648
grc,2014,118.3628005981445
grc,2016,129.5725555419922
grc,2017,134.5561676025391
grc,2018,141.381591796875
grc,2019,147.8857116699219
grc,2020,149.3504180908203
grc,2021,156.8537292480469
grc,2022,171.9900360107422
grd,1979,1.396700024604797
grd,1980,6.585760116577148
grd,1982,9.91117000579834
grd,1983,4.432129859924316
grd,1984,5.138480186462402
grd,2009,66.58528137207031
grd,2015,105.6237869262695
grd,2016,110.1991729736328
grd,2017,110.4599685668945
grd,2018,112.9419631958008
gtm,1970,1.220299959182739
gtm,1971,1.398560047149658
gtm,1972,1.616340041160583
gtm,1973,1.830299973487854
gtm,1974,1.575510025024414
gtm,1975,1.857280015945435
gtm,1976,2.160279989242554
gtm,1977,2.467590093612671
gtm,1978,3.028049945831299
gtm,2002,8.215620040893555
gtm,2007,17.77585983276367
gtm,2009,15.60070037841797
gtm,2010,15.97749996185303
gtm,2011,16.5531005859375
gtm,2012,17.08805084228516
gtm,2013,20.0913200378418
gtm,2014,19.29862022399902
gtm,2015,23.75266075134277
gtm,2016,16.16546575532752
gtm,2017,17.11119971460349
gtm,2018,17.7742893030878
gtm,2019,24.13920021057129
gtm,2020,19.61327306205243
gtm,2023,30.52592086791992
guy,1971,0.59375
guy,1972,0.7435600161552429
guy,1973,0.9014099836349488
guy,1976,2.435499906539917
guy,1979,2.725589990615845
guy,1980,2.408859968185425
guy,1981,2.463769912719727
guy,1982,2.80076003074646
guy,1983,1.922160029411316
guy,1984,2.307709932327271
guy,1985,2.570489883422852
guy,1986,2.55486011505127
guy,1988,3.770169973373413
guy,1990,4.748119831085205
guy,1994,8.575289726257324
guy,1995,8.493370056152344
guy,1996,9.387639999389648
guy,1997,11.90944957733154
guy,2004,13.52587985992432
guy,2005,14.72904968261719
guy,2006,15.11828994750977
guy,2007,15.1537504196167
guy,2008,12.44668960571289
guy,2009,13.52861022949219
guy,2010,15.46138954162598
guy,2011,15.59873962402344
guy,2012,15.58868980407715
hkg,1971,4.421020030975342
hkg,1972,4.063940048217773
hkg,1973,4.136340141296387
hkg,1974,4.246660232543945
hkg,1975,4.630350112915039
hkg,1976,4.838029861450195
hkg,1977,4.898809909820557
hkg,1979,5.622759819030762
hkg,1980,5.854239940643311
hkg,1982,6.855000019073486
hkg,1983,8.03065013885498
hkg,1984,8.66907024383545
hkg,1992,15.74740982055664
hkg,1993,16.56055068969727
hkg,1994,18.02861022949219
hkg,2003,32.3638801574707
hkg,2004,32.82516098022461
hkg,2005,33.08042907714844
hkg,2006,33.16701889038086
hkg,2007,41.74053955078125
hkg,2008,55.0602912902832
hkg,2009,55.60446166992188
hkg,2010,59.19123840332031
hkg,2011,61.89812850952148
hkg,2012,63.29135894775391
hkg,2013,72.21733856201172
hkg,2014,74.3136215209961
hkg,2015,73.12654113769531
hkg,2016,74.67259979248047
hkg,2017,76.73193359375
hkg,2018,82.1955795288086
hkg,2019,87.85192108154297
hkg,2020,94.58344268798828
hkg,2021,101.9449081420898
hkg,2022,100.9612197875977
hkg,2023,105.3722915649414
hnd,1974,2.26131010055542
hnd,1975,2.600630044937134
hnd,1976,3.141680002212524
hnd,1977,4.486690044403076
hnd,1978,5.064780235290527
hnd,1980,5.441140174865723
hnd,1988,7.455090045928955
hnd,1989,7.539919853210449
hnd,1990,7.863800048828125
hnd,1991,8.029709815979004
hnd,1992,8.05700969696045
hnd,1993,8.115989685058594
hnd,1994,8.745659828186035
hnd,1999,14.00247001647949
hnd,2000,14.63574981689453
hnd,2003,18.89804077148438
hnd,2004,18.95797920227051
hnd,2008,21.40270042419434
hnd,2010,20.79598999023438
hnd,2012,22.09696006774902
hnd,2013,22.68749046325684
hnd,2014,22.91217041015625
hnd,2015,23.60556983947754
hnd,2016,24.50392913818359
hnd,2017,28.46653938293457
hnd,2018,30.62750053405762
hnd,2019,29.61918067932129
hnd,2023,27.10741674717145
hrv,1993,23.55410957336426
hrv,1994,25.08358001708984
hrv,1995,26.0712890625
hrv,1996,27.70125961303711
hrv,1997,29.18931007385254
hrv,1998,30.89468955993652
hrv,1999,35.08216094970703
hrv,2001,39.17023849487305
hrv,2002,42.1408805847168
hrv,2003,46.1852912902832
hrv,2004,48.45687866210938
hrv,2005,51.98863983154297
hrv,2006,53.67311859130859
hrv,2007,55.74969863891602
hrv,2008,58.46081161499023
hrv,2009,58.41896820068359
hrv,2010,65.66481018066406
hrv,2011,69.60221099853516
hrv,2012,71.98623657226562
hrv,2013,76.9027099609375
hrv,2014,79.20809936523438
hrv,2015,78.4087905883789
hrv,2016,80.10140228271484
hrv,2017,81.79985809326172
hrv,2018,83.7402114868164
hrv,2019,86.05510711669922
hrv,2020,87.51052856445312
hrv,2021,91.67658996582033
hrv,2022,95.90907287597656
hti,1976,0.2973299920558929
hti,1977,0.2861000001430511
hti,1978,0.3183200061321259
hti,1979,0.3725900053977966
hti,1981,0.5181000232696533
hti,1984,0.735319972038269
hti,1986,0.5431699752807617
hun,1971,8.351420402526855
hun,1972,9.165989875793455
hun,1973,9.755200386047363
hun,1974,10.23744010925293
hun,1975,10.79401016235352
hun,1976,11.41584014892578
hun,1977,12.31264019012451
hun,1978,12.81005001068115
hun,1979,13.34422969818115
hun,1980,13.92848014831543
hun,1981,14.41703033447266
hun,1982,15.74450969696045
hun,1983,16.17328071594238
hun,1984,16.88806915283203
hun,1985,17.32802963256836
hun,1986,17.47455024719238
hun,1987,16.87560081481934
hun,1988,16.33513069152832
hun,1989,15.84716033935547
hun,1990,14.99917030334473
hun,1991,14.76222038269043
hun,1992,15.26146030426025
hun,1993,16.77165031433105
hun,1994,20.12885093688965
hun,1995,22.6131591796875
hun,1996,25.48290061950684
hun,1997,27.45965957641602
hun,1998,32.5572509765625
hun,1999,36.72718811035156
hun,2000,41.78049850463867
hun,2001,47.57978057861328
hun,2002,53.75405883789063
hun,2003,63.47053146362305
hun,2004,71.92225646972656
hun,2005,77.38359069824219
hun,2006,78.92584228515625
hun,2007,78.540771484375
hun,2008,75.54035949707031
hun,2009,71.88191223144531
hun,2010,70.18013000488281
hun,2011,68.63390350341797
hun,2012,69.26886749267578
hun,2013,64.87606048583984
hun,2014,59.88990020751953
hun,2015,56.11090087890625
hun,2016,55.26440048217773
hun,2017,55.70837020874023
hun,2018,56.46286010742188
hun,2019,58.28076171875
hun,2020,60.9134407043457
hun,2021,63.01156997680664
hun,2022,65.1910171508789
hun,2023,63.15277862548828
idn,1970,1.386559963226318
idn,1972,1.509250044822693
idn,1976,1.456169962882996
idn,1982,2.417720079421997
idn,1983,2.619820117950439
idn,1984,3.332119941711426
idn,1985,3.94980001449585
idn,1993,7.42917013168335
idn,1995,8.74075984954834
idn,1996,8.120019912719727
idn,1999,13.3949499130249
idn,2000,13.94908046722412
idn,2001,12.29648971557617
idn,2002,13.71846961975098
idn,2003,14.11007022857666
idn,2004,14.46325016021729
idn,2006,16.20314979553223
idn,2007,17.73615074157715
idn,2008,19.93655014038086
idn,2009,22.54121971130371
idn,2010,22.40198931080476
idn,2011,23.66177661178814
idn,2012,30.28148001413791
idn,2013,32.05615915121695
idn,2014,32.11276536132491
idn,2015,34.52209127767468
idn,2016,37.26045939282957
idn,2017,38.59524104684155
idn,2018,38.86595660785891
idn,2019,39.5239848578731
idn,2020,40.89392548796911
idn,2021,44.04583348933799
idn,2022,46.61072714085608
idn,2023,49.88974934859535
ind,1971,2.217509984970093
ind,1973,2.266639947891235
ind,1976,2.49003005027771
ind,1977,2.542269945144653
ind,1978,2.617140054702759
ind,1979,2.705509901046753
ind,1980,2.692070007324219
ind,1981,2.915189981460571
ind,1982,2.89520001411438
ind,1983,3.248059988021851
ind,1984,3.422980070114136
ind,1985,3.583450078964233
ind,1986,3.758110046386719
ind,1987,3.94746994972229
ind,1988,3.640739917755127
ind,1989,3.818320035934448
ind,1990,4.036439895629883
ind,1991,4.169050216674805
ind,1995,3.969919919967651
ind,1996,4.704360008239746
ind,1997,4.954010009765625
ind,2002,8.79872989654541
ind,2003,9.046219825744627
ind,2004,9.248539924621582
ind,2005,9.30636978149414
ind,2006,10.1083402633667
ind,2007,11.28985977172852
ind,2009,13.79026985168457
ind,2010,15.60307025909424
ind,2011,20.77200733403608
ind,2013,23.30356319902127
ind,2014,25.49884858721232
ind,2015,26.88248482179328
ind,2016,27.09645080837472
ind,2017,28.10636818209814
ind,2018,29.14165222061989
ind,2019,30.27348345505206
ind,2020,31.25671525172308
ind,2021,32.38625369998817
ind,2022,33.25385632623928
ind,2023,35.24379913772005
ind,2024,35.41103753728161
irl,1971,8.165909767150879
irl,1972,8.259249687194824
irl,1973,8.47323989868164
irl,1974,8.762120246887207
irl,1976,11.81295967102051
irl,1977,13.07061958312988
irl,1978,12.67049980163574
irl,1979,13.07316017150879
irl,1980,13.63924980163574
irl,1981,14.86161994934082
irl,1982,15.8154296875
irl,1983,17.2965202331543
irl,1984,18.13146018981934
irl,1985,19.09213066101074
irl,1986,19.89262962341309
irl,1987,21.09676933288574
irl,1988,22.64648056030273
irl,1989,24.12483978271484
irl,1990,25.87689971923828
irl,1991,27.16753959655762
irl,1992,30.65521049499512
irl,1993,33.58541870117188
irl,1994,36.9539794921875
irl,1995,39.10115051269531
irl,1996,41.83158874511719
irl,1997,44.01327896118164
irl,1998,48.49478149414063
irl,1999,51.47718811035156
irl,2000,54.254638671875
irl,2001,56.06652069091797
irl,2002,59.79766845703125
irl,2003,62.82529067993164
irl,2004,65.53491973876953
irl,2005,65.31056213378906
irl,2006,65.21952056884766
irl,2007,65.08482360839844
irl,2008,58.68461990356445
irl,2009,60.38679122924805
irl,2010,65.41380310058594
irl,2011,70.45539855957031
irl,2012,70.17842102050781
irl,2013,73.44940185546875
irl,2014,75.85867309570312
irl,2015,80.58055114746094
irl,2016,81.56446838378906
irl,2017,81.99678039550781
irl,2018,82.06006622314453
irl,2019,80.69725799560547
irl,2020,80.75592803955078
irl,2021,85.98001861572266
irl,2022,84.43853759765625
irn,1971,1.484640002250671
irn,1972,2.032560110092163
irn,1973,2.337340116500854
irn,1974,2.345449924468994
irn,1975,2.406270027160645
irn,1976,2.558510065078735
irn,1977,2.648080110549927
irn,1978,2.812160015106201
irn,1996,14.37631988525391
irn,1999,16.63817977905273
irn,2000,17.23097991943359
irn,2001,18.6210994720459
irn,2002,17.99271965026855
irn,2003,19.71850967407227
irn,2004,22.09021949768066
irn,2005,23.3864803314209
irn,2006,26.51239013671875
irn,2007,31.89512062072754
irn,2008,39.14073181152344
irn,2009,38.01348114013672
irn,2010,42.95143127441406
irn,2011,48.44860076904297
irn,2012,54.50799942016602
irn,2013,55.52748870849609
irn,2014,62.30889129638672
irn,2015,66.24455261230469
irn,2016,63.8946418762207
irn,2017,62.24895858764648
irn,2018,57.9571418762207
irn,2019,56.54296875
irn,2020,55.30226898193359
irn,2021,54.93326950073242
irn,2022,59.12033843994141
irq,1971,2.18137001991272
irq,1972,2.316129922866821
irq,1973,2.440690040588379
irq,1974,3.300339937210083
irq,1975,4.537169933319092
irq,1976,5.752339839935303
irq,1977,6.162799835205078
irq,1978,6.361460208892822
irq,1979,6.157820224761963
irq,1980,6.352039813995361
irq,1981,6.18720006942749
irq,1982,5.918829917907715
irq,1983,5.873839855194092
irq,1984,5.672500133514404
irq,1985,5.479740142822266
irq,1986,7.82873010635376
irq,1987,8.115659713745117
irq,1988,8.609780311584473
irq,1989,9.156129837036133
irq,1999,8.06447982788086
irq,2000,8.329529762268066
irq,2002,8.723930358886719
irq,2004,11.39603996276855
irq,2005,11.42508029937744
isl,1971,5.094160079956055
isl,1972,6.006899833679199
isl,1973,7.414899826049805
isl,1974,8.158769607543945
isl,1975,9.742770195007324
isl,1976,11.34148979187012
isl,1977,12.29129981994629
isl,1978,13.29819011688232
isl,1981,20.86964988708496
isl,1983,23.99362945556641
isl,1984,24.91000938415527
isl,1986,24.15667915344238
isl,1989,25.72660064697266
isl,1990,28.8384895324707
isl,1991,29.56941986083984
isl,1992,35.77590179443359
isl,1993,32.12985992431641
isl,1994,39.61240005493164
isl,1995,41.67074966430664
isl,1996,42.64535140991211
isl,1997,44.54930877685547
isl,1998,47.78203964233398
isl,1999,51.89424133300781
isl,2000,57.42660140991211
isl,2001,59.34914016723633
isl,2002,67.05127716064453
isl,2003,77.64781188964844
isl,2004,87.3699722290039
isl,2005,92.5811004638672
isl,2006,95.51506042480467
isl,2007,95.49260711669922
isl,2008,97.21491241455078
isl,2009,95.31112670898438
isl,2010,100.9074935913086
isl,2011,101.638069152832
isl,2012,102.000862121582
isl,2013,100.5331802368164
isl,2014,102.8053588867188
isl,2015,97.98452758789064
isl,2016,97.9824676513672
isl,2017,94.00508880615234
isl,2018,91.51734924316406
isl,2019,94.9971923828125
isl,2020,100.0319519042969
isl,2021,116.9098129272461
isl,2022,114.6260070800781
isr,1971,16.82373046875
isr,1973,20.54441070556641
isr,1975,22.22787094116211
isr,1977,25.56695938110352
isr,1978,25.44824981689453
isr,1979,28.99020004272461
isr,1980,30.13956069946289
isr,1981,32.16651916503906
isr,1982,31.81282043457031
isr,1983,32.35675811767578
isr,1984,33.26519012451172
isr,1986,32.81660079956055
isr,1987,32.25339889526367
isr,1988,31.19644927978516
isr,1989,30.96595001220703
isr,1990,31.63386917114258
isr,1991,33.25225067138672
isr,1993,37.78580093383789
isr,1998,52.7552604675293
isr,1999,56.63132095336914
isr,2000,56.41891860961914
isr,2001,58.35678863525391
isr,2002,63.30038070678711
isr,2003,62.01195907592773
isr,2004,61.51250839233398
isr,2005,62.86883926391602
isr,2006,61.13508987426758
isr,2007,65.13777923583984
isr,2008,64.095458984375
isr,2009,67.08123779296875
isr,2010,70.1601791381836
isr,2011,70.810546875
isr,2012,72.55046844482422
isr,2013,71.3280029296875
isr,2014,71.26329803466797
isr,2015,70.61431884765625
isr,2016,70.45944213867188
isr,2017,69.0059814453125
isr,2018,67.35736846923828
isr,2019,66.96443939208984
isr,2020,67.06928253173828
isr,2021,70.0121078491211
isr,2022,68.1656723022461
ita,1971,13.05562973022461
ita,1972,15.15112018585205
ita,1973,16.43507957458496
ita,1974,17.78260040283203
ita,1975,19.51873970031738
ita,1976,20.14814949035645
ita,1977,21.08126068115234
ita,1978,21.9798698425293
ita,1979,22.83929061889648
ita,1980,23.18460083007813
ita,1981,23.15876960754395
ita,1983,22.21489906311035
ita,1984,22.51102066040039
ita,1985,23.65036010742188
ita,1986,23.7817497253418
ita,1987,23.40024948120117
ita,1988,25.22134971618652
ita,1989,27.21684074401855
ita,1990,29.1873893737793
ita,1991,30.99172019958496
ita,1992,34.04587936401367
ita,1993,37.1973991394043
ita,1994,42.00949859619141
ita,1995,44.16296005249023
ita,1996,45.57601928710938
ita,1997,51.33914947509766
ita,1998,55.12815856933594
ita,1999,54.33861923217773
ita,2000,56.74245071411133
ita,2001,60.90298080444336
ita,2002,64.52628326416016
ita,2003,68.76251220703125
ita,2004,72.69583129882812
ita,2005,75.50025939941406
ita,2006,78.23403930664062
ita,2007,80.48956298828125
ita,2008,79.28340911865234
ita,2009,78.97380065917969
ita,2010,77.12496948242188
ita,2011,75.8592300415039
ita,2012,73.4740982055664
ita,2013,71.29148864746094
ita,2014,71.01477813720703
ita,2015,70.64643859863281
ita,2016,70.90399169921875
ita,2017,72.50032806396484
ita,2018,75.06912231445312
ita,2019,76.77227020263672
ita,2020,80.6036605834961
ita,2021,83.61080932617188
ita,2022,87.04924011230469
ita,2023,89.55021667480469
jam,1971,4.178150177001953
jam,1972,4.257480144500732
jam,1973,4.428730010986328
jam,1974,4.248189926147461
jam,2000,18.32200050354004
jam,2001,21.80962944030762
jam,2002,23.57329940795898
jam,2008,31.17811012268066
jam,2009,31.15629005432129
jam,2010,35.46741104125977
jam,2011,34.78015899658203
jam,2012,36.52957153320313
jam,2013,35.84172058105469
jam,2015,33.41452026367188
jor,1971,2.040570020675659
jor,1972,2.32942008972168
jor,1973,2.861119985580444
jor,1974,3.44517993927002
jor,1975,3.876349925994873
jor,1976,4.716909885406494
jor,1977,6.517189979553223
jor,1978,6.931769847869873
jor,1979,8.604009628295898
jor,1980,12.82563972473145
jor,1981,15.66973972320557
jor,1982,16.16740989685059
jor,1983,17.3988208770752
jor,1984,19.16974067687988
jor,1985,17.9720401763916
jor,1986,17.30962944030762
jor,1987,19.74817085266113
jor,1988,18.33286094665527
jor,1989,20.11492919921875
jor,1990,20.86623954772949
jor,1991,20.11450958251953
jor,1992,20.14913940429688
jor,1993,20.53318023681641
jor,1994,18.80620002746582
jor,1996,19.88529014587402
jor,1997,22.80232048034668
jor,2000,30.47731018066406
jor,2002,34.40505981445313
jor,2003,40.10005950927734
jor,2004,45.16230010986328
jor,2005,43.49145126342773
jor,2006,42.58906936645508
jor,2007,43.26950836181641
jor,2008,46.28108978271484
jor,2009,47.01575088500977
jor,2010,42.86960983276367
jor,2011,42.98625946044922
jor,2012,50.48088073730469
jor,2015,41.1773681640625
jor,2016,38.04380035400391
jor,2017,33.00254821777344
jor,2018,37.00754928588867
jor,2019,35.17279815673828
jor,2020,35.96810913085938
jor,2021,37.15047073364258
jor,2022,39.99008941650391
jor,2023,40.40903091430664
jpn,1971,9.515580177307127
jpn,1972,10.85210037231445
jpn,1973,12.28975963592529
jpn,1974,13.96870994567871
jpn,1975,15.9266300201416
jpn,1976,17.93197059631348
jpn,1977,19.23630905151367
jpn,1978,20.18429946899414
jpn,1979,20.59914016723633
jpn,1980,20.59329032897949
jpn,1981,20.47941970825195
jpn,1982,20.63796997070313
jpn,1983,20.75462913513184
jpn,1984,20.8413200378418
jpn,1985,21.80610084533691
jpn,1986,20.92782974243164
jpn,1987,21.46825981140137
jpn,1988,22.52747917175293
jpn,1989,22.97071075439453
jpn,1990,22.48818016052246
jpn,1991,22.63109016418457
jpn,1992,24.07530975341797
jpn,1994,34.05698013305664
jpn,1995,35.68035888671875
jpn,1998,41.42409133911133
jpn,1999,43.06457138061523
jpn,2013,60.02141952514648
jpn,2014,60.46068954467773
jpn,2015,60.61376190185547
jpn,2016,61.60813140869141
jpn,2017,61.29114151000977
jpn,2018,61.29584884643555
jpn,2019,61.43835067749023
jpn,2020,61.58436965942383
jpn,2021,62.14001846313477
jpn,2022,63.7530403137207
kaz,1994,35.79822158813477
kaz,1995,36.20936965942383
kaz,1996,31.67474937438965
kaz,1999,25.40929985046387
kaz,2000,32.77389907836914
kaz,2006,62.37200927734375
kaz,2010,52.21613046857831
kaz,2011,56.10582478853557
kaz,2012,60.0412712097168
kaz,2013,58.50085067749023
kaz,2014,56.24375289670153
kaz,2015,53.38172755388106
kaz,2016,52.05994033813477
kaz,2017,54.93749171427795
kaz,2018,56.86324166674943
kaz,2019,62.86626086129473
kaz,2020,67.96513417803376
kaz,2021,65.09193646290146
kaz,2022,63.15518036521001
kaz,2023,59.93101876949427
kaz,2024,58.38258776424605
ken,1984,0.7799199819564819
ken,1985,0.6192899942398071
ken,1987,0.7463399767875671
ken,2000,1.980870008468628
ken,2001,2.01213002204895
ken,2002,2.007169961929321
ken,2004,2.221430063247681
ken,2005,2.237109899520874
ken,2009,3.286269903182983
ken,2015,7.627960205078125
ken,2016,9.452019691467283
ken,2017,9.879019737243652
kgz,1993,24.41069030761719
kgz,1994,23.57692909240723
kgz,1995,22.24784088134766
kgz,1996,23.2240104675293
kgz,1997,25.2856502532959
kgz,1998,28.40987968444824
kgz,1999,27.52850914001465
kgz,2000,32.59806823730469
kgz,2001,38.58821105957031
kgz,2002,43.33391189575195
kgz,2003,41.36042022705078
kgz,2004,40.99343872070313
kgz,2005,43.61732864379883
kgz,2006,45.05609130859375
kgz,2007,45.57440948486328
kgz,2008,51.76092147827148
kgz,2009,49.56845092773438
kgz,2010,47.74460872021848
kgz,2011,46.8004070454196
kgz,2012,49.73781626536051
kgz,2013,53.45109628602395
kgz,2014,50.95564395281039
kgz,2015,51.07504776646431
kgz,2016,48.6948857002869
kgz,2017,45.34273059110387
kgz,2018,44.72121613472488
kgz,2019,46.02259026345101
kgz,2020,50.10201538796997
kgz,2021,56.13753834029962
kgz,2022,57.32951745574469
kgz,2023,58.47619762163786
kgz,2024,59.42975588660728
khm,1972,0.7027400135993958
khm,1973,0.6102100014686584
khm,1993,0.447050005197525
khm,1994,0.5093100070953369
khm,1995,0.4736399948596954
khm,1996,0.548770010471344
khm,1997,0.3741199970245361
khm,2000,0.903339982032776
khm,2001,1.051349997520447
khm,2002,1.317510008811951
khm,2004,1.9096599817276
khm,2005,2.373780012130737
khm,2006,3.953219890594482
khm,2007,5.029290199279785
khm,2008,6.009970188140869
khm,2009,7.667510032653809
khm,2010,9.130680084228516
khm,2011,10.51368045806885
khm,2015,12.01457977294922
khm,2017,12.75226974487305
khm,2018,13.85914039611816
khm,2019,15.33592987060547
khm,2020,14.79381257263298
khm,2021,13.65615947716149
khm,2022,13.76250670539163
khm,2023,18.78557901205837
kir,1970,0.0
kir,1971,0.0
kir,1972,0.0
kir,1973,0.0
kir,1974,0.0
kir,1975,0.0
kir,1976,0.0
kir,1977,0.0
kir,1978,0.0
kir,1979,0.0
kir,1980,0.0
kir,1981,0.0
kir,1982,0.0
kir,1983,0.0
kir,1984,0.0
kir,1985,0.0
kir,1986,0.0
kir,1987,0.0
kir,1988,0.0
kir,1989,0.0
kir,1990,0.0
kir,1991,0.0
kir,1992,0.0
kir,1993,0.0
kir,1994,0.0
kir,1995,0.0
kir,1996,0.0
kir,1997,0.0
kir,1999,0.0
kir,2000,0.0
kir,2001,0.0
kir,2002,0.0
kir,2003,0.0
kir,2004,0.0
kir,2005,0.0
kir,2006,0.0
kir,2007,0.0
kir,2008,0.0
kir,2009,0.0
kir,2012,0.0
kna,1979,1.836650013923645
kna,1980,1.103670001029968
kna,1984,1.86489999294281
kna,1985,1.843909978866577
kna,1986,4.030449867248535
kna,1987,4.887219905853271
kna,1988,3.863300085067749
kna,1992,6.659329891204834
kna,1993,11.52196979522705
kna,2008,26.92128944396973
kna,2014,89.0461196899414
kna,2015,122.765510559082
kor,1971,3.518510103225708
kor,1972,3.721570014953613
kor,1973,3.957839965820313
kor,1974,4.120940208435059
kor,1975,4.398650169372559
kor,1976,4.631470203399658
kor,1977,4.578020095825195
kor,1978,4.650020122528076
kor,1979,5.0802001953125
kor,1980,5.874800205230713
kor,1982,9.941740036010742
kor,1983,12.66287040710449
kor,1984,16.12644004821777
kor,1985,20.3405704498291
kor,1986,21.51231002807617
kor,1987,22.09732055664063
kor,1988,21.89996910095215
kor,1989,21.94508934020996
kor,1990,22.70054054260254
kor,1991,23.7849006652832
kor,1992,25.69816017150879
kor,1993,30.58610916137695
kor,1994,31.63882064819336
kor,1995,35.54867935180664
kor,1996,40.22282028198242
kor,1997,55.9128303527832
kor,1998,49.77577972412109
kor,1999,53.195068359375
kor,2000,54.80353927612305
kor,2001,57.5034294128418
kor,2002,60.80715942382813
kor,2003,64.1331787109375
kor,2004,69.04881286621094
kor,2005,74.07740783691406
kor,2006,78.90228271484375
kor,2007,82.6704330444336
kor,2008,84.20021057128906
kor,2009,84.70317840576172
kor,2010,85.18341827392578
kor,2011,85.34236145019531
kor,2012,83.88958740234375
kor,2013,82.8079605102539
kor,2014,81.6551284790039
kor,2015,81.904052734375
kor,2016,82.14708709716797
kor,2017,82.671630859375
kor,2018,83.13250732421875
kor,2019,84.5599365234375
kor,2020,87.70542907714844
kor,2021,91.62384796142578
kor,2022,94.49478149414064
kwt,1971,4.038020133972168
kwt,1972,5.04325008392334
kwt,1973,6.029520034790039
kwt,1974,7.727610111236572
kwt,1975,7.997990131378174
kwt,1976,9.518500328063965
kwt,1977,10.53666019439697
kwt,1978,11.99429035186768
kwt,1979,11.32328987121582
kwt,1980,11.5456600189209
kwt,1981,12.29487991333008
kwt,1982,12.70730972290039
kwt,1983,14.15896987915039
kwt,1984,13.90106010437012
kwt,1985,15.32153034210205
kwt,1986,16.23637962341309
kwt,1987,16.94537925720215
kwt,1988,17.56504058837891
kwt,1989,18.19437980651855
kwt,1990,16.74477005004883
kwt,1992,21.89278030395508
kwt,1993,21.14797973632813
kwt,1994,22.27436065673828
kwt,1995,28.13371086120605
kwt,1996,29.59796905517578
kwt,1997,28.71828079223633
kwt,1999,29.00539970397949
kwt,2001,27.36804962158203
kwt,2002,28.42988014221191
kwt,2003,28.85206031799316
kwt,2004,28.71595001220703
kwt,2014,73.2873764038086
kwt,2015,80.42494201660156
kwt,2016,83.8888931274414
kwt,2017,77.42318725585938
kwt,2018,74.51000213623047
kwt,2019,72.06434631347656
kwt,2020,73.67533111572266
kwt,2021,65.94087219238281
lao,1971,0.066820003092289
lao,1972,0.0724100023508072
lao,1973,0.0604400001466274
lao,1974,0.1312599927186966
lao,1975,0.1682499945163727
lao,1980,0.1936299949884415
lao,1981,0.2793999910354614
lao,1982,0.5684800148010254
lao,1983,0.7309899926185608
lao,1985,0.9944199919700624
lao,1986,1.038290023803711
lao,1988,0.9932100176811218
lao,1990,0.7338799834251404
lao,1993,0.7902100086212158
lao,1994,0.7183899879455566
lao,1995,0.9459699988365172
lao,1996,1.447669982910156
lao,1997,1.550819993019104
lao,1998,1.215809941291809
lao,1999,1.511860013008118
lao,2000,1.828590035438538
lao,2001,2.267319917678833
lao,2002,2.945039987564087
lao,2003,3.491660118103027
lao,2004,4.309999942779541
lao,2005,6.366290092468262
lao,2006,7.149250030517578
lao,2007,9.50275993347168
lao,2008,11.47315979003906
lao,2009,14.40505027770996
lao,2010,14.47564029693604
lao,2011,14.89466940104882
lao,2012,15.78613645492626
lao,2013,17.79617531296673
lao,2014,17.85363104719298
lao,2015,17.80832211041044
lao,2016,17.14748933528039
lao,2017,15.88431374787383
lao,2018,15.15430859456739
lao,2019,14.67635947530942
lao,2020,13.54631606861226
lao,2021,13.33232838395766
lao,2022,13.84718893234094
lao,2023,12.68914985656738
lbn,1971,8.900279998779297
lbn,1972,9.141449928283691
lbn,1980,20.20047950744629
lbn,1981,18.23089981079102
lbn,1982,16.41539001464844
lbn,1983,16.75569915771484
lbn,1985,16.48900985717773
lbn,1992,23.07718086242676
lbn,1996,21.7807502746582
lbn,1999,28.92600059509277
lbn,2000,29.75592994689941
lbn,2001,33.77750015258789
lbn,2002,36.00268173217773
lbn,2003,36.47426986694336
lbn,2004,37.31586837768555
lbn,2005,39.85829162597656
lbn,2006,41.44832992553711
lbn,2007,44.70811080932617
lbn,2008,46.69573974609375
lbn,2009,45.97283935546875
lbn,2010,46.27616882324219
lbn,2011,49.19480133056641
lbn,2012,49.85517120361328
lbn,2013,53.63623046875
lbn,2014,48.85649871826172
lbn,2015,41.06039810180664
lbn,2016,48.7059211730957
lbn,2017,50.48945999145508
lbn,2018,54.20666122436523
lbn,2019,57.14352035522461
lbr,1970,0.385699987411499
lbr,1971,0.3789100050926208
lbr,1972,0.5090000033378601
lbr,1973,0.6115400195121765
lbr,1975,0.7388399839401245
lbr,1979,1.267150044441223
lbr,1987,1.117159962654114
lbr,1999,2.963340044021606
lbr,2000,13.03125
lbr,2010,6.159120082855225
lbr,2012,8.236319541931152
lby,1971,0.7061899900436401
lby,1972,0.8746799826622009
lby,1973,1.240599989891052
lby,1974,1.433060050010681
lby,1975,1.796700000762939
lby,1976,2.027859926223755
lby,1977,2.07522988319397
lby,1978,2.066950082778931
lby,1979,2.115969896316528
lby,1980,2.406270027160645
lby,1981,2.996380090713501
lby,1982,3.454139947891235
lby,1983,4.218570232391357
lby,1992,14.38706970214844
lby,1999,51.3968391418457
lby,2000,47.45005035400391
lby,2001,53.57106018066406
lby,2002,60.31866836547852
lby,2003,62.33657073974609
lca,1977,2.441289901733398
lca,1978,2.353480100631714
lca,1979,2.665859937667847
lca,1980,2.591860055923462
lca,1981,2.311199903488159
lca,1982,3.124560117721558
lca,1983,2.62581992149353
lca,1984,2.614550113677979
lca,1985,2.031889915466309
lca,1987,2.550179958343506
lca,1988,2.68218994140625
lca,1993,7.015920162200928
lca,1996,25.45362091064453
lca,2004,20.85926055908203
lca,2005,18.99683952331543
lca,2006,16.24394989013672
lca,2007,12.09235954284668
lca,2008,22.20162963867188
lca,2009,25.70812034606934
lca,2010,18.44998931884766
lca,2011,21.26980018615723
lca,2012,14.48709964752197
lca,2013,19.17194938659668
lca,2014,23.62711906433105
lca,2015,22.78243064880371
lca,2016,26.68363952636719
lca,2017,28.09703063964844
lca,2018,19.72672080993652
lca,2019,21.96319007873535
lca,2020,22.96899032592773
lca,2022,22.51044082641602
lca,2023,20.59004974365234
lie,2003,11.39846992492676
lie,2004,13.25864028930664
lie,2005,14.36672973632813
lie,2006,18.07115936279297
lie,2007,20.13170051574707
lie,2008,24.83536911010742
lie,2009,22.54717063903809
lie,2010,27.35761070251465
lie,2011,29.93512916564941
lie,2012,30.07246017456055
lie,2014,24.14105033874512
lie,2015,21.88919067382813
lie,2016,24.75157928466797
lie,2017,27.35507011413574
lie,2018,27.59090995788574
lie,2019,29.88402938842773
lie,2020,31.74312019348145
lie,2021,36.32923126220703
lka,1970,0.930429995059967
lka,1971,0.9431899785995485
lka,1973,0.8861200213432312
lka,1974,0.8733100295066833
lka,1975,0.8646699786186218
lka,1977,0.8904500007629395
lka,1978,0.8871899843215942
lka,1979,2.207250118255615
lka,1981,2.537669897079468
lka,1983,3.354330062866211
lka,1984,3.439079999923706
lka,1985,3.192039966583252
lka,1986,3.278650045394897
lka,1994,3.126529932022095
lka,2010,20.13789202498312
lka,2011,18.31545056734945
lka,2012,19.94330283981694
lka,2013,21.5443012027044
lka,2014,20.20541941071057
lka,2015,22.16027669265079
lka,2016,21.03964413275128
lka,2017,20.91743928517788
lka,2018,21.62369902070758
lka,2019,24.29166087686759
lka,2020,25.2725959846294
lka,2021,25.77657042737077
lka,2022,27.99877218718435
lka,2023,33.07056788530886
lso,1970,0.2898199856281281
lso,1971,0.25968998670578
lso,1973,0.3959299921989441
lso,1974,0.447079986333847
lso,1975,0.3876399993896484
lso,1977,0.7333499789237976
lso,1978,0.8408300280570984
lso,1979,0.9025400280952454
lso,1981,0.938889980316162
lso,1982,0.9956600069999696
lso,1983,0.985189974308014
lso,1984,0.9224799871444702
lso,1985,1.218799948692322
lso,1986,1.29109001159668
lso,1987,1.597020030021667
lso,1988,1.790639996528625
lso,1989,1.746090054512024
lso,1990,1.392529964447021
lso,1991,1.450510025024414
lso,1992,2.310580015182495
lso,1993,2.49783992767334
lso,1994,2.622169971466064
lso,1995,2.562720060348511
lso,1996,2.562319993972778
lso,1999,2.393790006637573
lso,2000,2.505549907684326
lso,2001,2.805140018463135
lso,2002,2.539309978485107
lso,2003,3.237600088119507
lso,2005,3.851219892501831
lso,2006,3.992510080337524
lso,2012,12.76411120471778
lso,2013,12.14724031981823
lso,2014,12.09335041046143
lso,2015,11.27682890973726
lso,2016,11.74977497749775
lso,2017,11.83542637137124
lso,2018,12.79992676340001
lso,2019,13.58898812264064
lso,2020,13.63841319211197
ltu,1981,26.73745918273926
ltu,1986,42.6404914855957
ltu,1989,29.55641937255859
ltu,1990,27.472900390625
ltu,1992,32.4286994934082
ltu,1993,30.47002983093262
ltu,1994,30.4925708770752
ltu,1995,31.40379905700684
ltu,1996,35.23786163330078
ltu,1997,40.05171966552734
ltu,1998,47.96363830566406
ltu,1999,54.05025100708008
ltu,2000,61.89936065673828
ltu,2001,69.8163070678711
ltu,2002,77.3059310913086
ltu,2003,84.97884368896484
ltu,2004,91.5104522705078
ltu,2005,97.53855895996094
ltu,2006,100.4518585205078
ltu,2007,100.3721771240234
ltu,2008,104.0337905883789
ltu,2009,107.2050628662109
ltu,2010,104.5515670776367
ltu,2011,101.427978515625
ltu,2012,95.52588653564452
ltu,2013,88.28057098388672
ltu,2014,81.69175720214844
ltu,2015,79.34809112548828
ltu,2016,78.2293472290039
ltu,2017,78.108642578125
ltu,2018,79.6102066040039
ltu,2019,81.08226013183594
ltu,2020,80.47016143798828
ltu,2021,83.52935028076172
ltu,2022,92.46141052246094
lux,1971,1.349310040473938
lux,1972,1.424479961395264
lux,1973,1.78643000125885
lux,1974,1.606150031089783
lux,1975,1.802410006523132
lux,1976,1.486009955406189
lux,1977,1.338969945907593
lux,1978,0.9035099744796752
lux,1979,1.212080001831055
lux,1980,1.342509984970093
lux,1981,1.815680027008057
lux,1982,1.669860005378723
lux,1983,2.046509981155396
lux,1984,2.392800092697144
lux,1985,1.970540046691895
lux,1986,1.798390030860901
lux,1987,1.509119987487793
lux,2001,10.68762969970703
lux,2003,13.07919025421143
lux,2006,10.42479991912842
lux,2008,10.51222991943359
lux,2010,19.28552055358887
lux,2012,20.38953971862793
lux,2015,21.03373908996582
lux,2016,20.67296028137207
lux,2017,20.42093086242676
lux,2018,20.61774063110352
lux,2019,20.70354080200195
lux,2020,21.7460994720459
lux,2021,22.62598991394043
lux,2022,23.16780090332031
lva,1981,27.17690086364746
lva,1982,27.17827987670898
lva,1983,27.29618072509766
lva,1984,27.8728199005127
lva,1985,28.44786071777344
lva,1986,29.42886924743652
lva,1987,30.98251914978027
lva,1988,30.30388069152832
lva,1989,30.8720703125
lva,1990,29.47345924377441
lva,1991,28.53483009338379
lva,1992,27.07044982910156
lva,1997,41.79869079589844
lva,1998,51.78775024414063
lva,1999,63.50236892700195
lva,2000,72.65032196044922
lva,2001,79.81806182861328
lva,2002,84.9314193725586
lva,2003,89.2535400390625
lva,2004,94.59269714355467
lva,2005,97.29242706298828
lva,2006,96.55357360839844
lva,2007,95.54100799560548
lva,2008,95.62019348144533
lva,2009,95.32369995117188
lva,2010,88.43244934082031
lva,2011,84.82514190673828
lva,2012,81.64253234863281
lva,2013,83.75312042236328
lva,2014,83.77706909179688
lva,2015,91.13356018066406
lva,2016,98.10533142089844
lva,2017,105.058967590332
lva,2018,111.8452072143555
lva,2019,111.0199508666992
lva,2020,109.4371795654297
lva,2021,108.8104400634766
lva,2022,108.4751129150391
lva,2023,101.5025482177734
mac,1989,16.67518043518066
mac,1990,17.28602027893066
mac,1991,16.25351905822754
mac,1992,16.12026023864746
mac,1993,16.96371078491211
mac,1994,17.27703094482422
mac,1997,25.74452018737793
mac,1999,21.94935989379883
mac,2000,23.51338005065918
mac,2001,41.33086013793945
mac,2002,44.49235153198242
mac,2003,55.63679122924805
mac,2004,54.62052154541016
mac,2005,47.83708953857422
mac,2006,44.6375617980957
mac,2007,44.33610153198242
mac,2008,47.48638916015625
mac,2009,56.24123001098633
mac,2010,65.78923797607422
mac,2011,74.67920684814453
mac,2012,59.49589157104492
mac,2013,69.3362808227539
mac,2014,78.18778991699219
mac,2015,87.49494934082031
mac,2016,90.99494934082033
mac,2017,90.34158325195312
mac,2018,84.06757354736328
mac,2019,86.7757797241211
mac,2020,93.41934967041016
mac,2021,106.2669906616211
mac,2022,121.5820922851563
mac,2023,134.410888671875
mar,1971,0.4228599965572357
mar,1972,0.417959988117218
mar,1973,0.4978800117969513
mar,1974,0.6182500123977661
mar,1975,0.839460015296936
mar,1976,1.085520029067993
mar,1977,1.119910001754761
mar,1978,1.662240028381348
mar,1979,1.775300025939941
mar,1986,5.294680118560791
mar,1987,5.72996997833252
mar,1988,6.269269943237305
mar,1989,6.982480049133301
mar,1990,7.951970100402832
mar,1991,7.656079769134521
mar,1992,7.764939785003662
mar,1993,8.2710599899292
mar,1994,8.575090408325195
mar,1995,9.170570373535156
mar,1997,9.427849769592283
mar,1998,7.60536003112793
mar,1999,7.967730045318604
mar,2000,8.555279731750488
mar,2001,9.054140090942385
mar,2002,9.305279731750488
mar,2003,9.69301986694336
mar,2004,10.17243957519531
mar,2005,10.52869033813477
mar,2006,11.49792957305908
mar,2007,11.14291000366211
mar,2008,12.49145030975342
mar,2009,12.52058029174805
mar,2010,13.54932975769043
mar,2011,15.51963043212891
mar,2012,18.59407043457031
mar,2013,22.14971923828125
mar,2014,25.05916976928711
mar,2015,28.03653907775879
mar,2016,30.8941707611084
mar,2017,33.06008911132813
mar,2018,35.20856094360352
mar,2019,38.40520095825195
mar,2020,40.99876022338867
mar,2021,45.14395141601563
mar,2022,49.43339157104492
mar,2023,51.82001113891602
mco,1970,0.0
mco,1971,0.0
mco,1972,0.0
mco,1973,0.0
mco,1974,0.0
mco,1975,0.0
mco,1976,0.0
mco,1977,0.0
mco,1978,0.0
mco,1979,0.0
mco,1980,0.0
mco,1981,0.0
mco,1982,0.0
mco,1983,0.0
mco,1984,0.0
mco,1985,0.0
mco,1986,0.0
mco,1987,0.0
mco,1988,0.0
mco,1989,0.0
mco,1990,0.0
mco,1991,0.0
mco,1992,0.0
mco,1993,0.0
mco,1994,0.0
mco,1995,0.0
mco,1996,0.0
mco,1997,0.0
mco,2016,66.22162628173828
mco,2024,99.27184295654295
mda,2013,46.63650894165039
mda,2014,58.29798126220703
mda,2015,58.99235916137695
mda,2016,60.24760055541992
mda,2017,58.359130859375
mda,2018,59.87749862670898
mda,2019,62.48482131958008
mda,2020,65.22698974609375
mda,2021,71.74268241445311
mda,2022,79.5397278683017
mdg,1971,0.6151599884033203
mdg,1973,0.6572099924087524
mdg,1976,1.175999999046326
mdg,1977,1.067729949951172
mdg,1978,1.200770020484924
mdg,1979,1.29078996181488
mdg,1986,2.992000102996826
mdg,1987,2.821320056915283
mdg,1989,2.901880025863647
mdg,1990,2.834229946136475
mdg,1991,2.714309930801392
mdg,1994,2.381109952926636
mdg,1995,2.001319885253906
mdg,1996,1.839319944381714
mdg,1997,1.656069993972778
mdg,1998,1.872709989547729
mdg,1999,1.832049965858459
mdg,2000,1.8856600522995
mdg,2001,1.735430002212524
mdg,2002,1.762240052223206
mdg,2003,1.92070996761322
mdg,2004,2.330339908599854
mdg,2005,2.418540000915527
mdg,2006,2.581429958343506
mdg,2007,2.974119901657104
mdg,2008,3.086289882659912
mdg,2009,3.309700012207031
mdg,2010,3.482599973678589
mdg,2011,3.886679887771606
mdg,2012,3.921459913253784
mdg,2013,4.100629806518555
mdg,2014,4.538939952850342
mdg,2015,4.476840019226074
mdg,2016,4.515850067138672
mdg,2017,4.948729991912842
mdg,2018,5.040850162506104
mdg,2019,5.246860027313232
mdg,2020,5.369579792022705
mdg,2022,5.940579891204834
mdg,2023,6.221099853515625
mdv,1998,0.0
mdv,1999,0.0
mdv,2000,0.0
mdv,2001,0.0
mdv,2002,0.0
mdv,2003,0.3069500029087067
mdv,2007,13.59002017974854
mdv,2008,13.47527980804443
mdv,2014,20.93194007873535
mdv,2017,57.24045181274414
mdv,2019,78.722412656559
mdv,2020,45.70993844664223
mdv,2021,40.58231331933077
mdv,2022,79.94352234322193
mex,1971,2.038619995117188
mex,1972,2.429140090942383
mex,1977,5.171909809112549
mex,1978,6.097499847412109
mex,1980,8.229599952697754
mex,1981,8.882320404052734
mex,1982,9.533200263977053
mex,1983,10.01296043395996
mex,1984,10.39715003967285
mex,1993,12.43290996551514
mex,1994,13.02554988861084
mex,1995,13.68463039398193
mex,1996,14.92494010925293
mex,1997,15.76099967956543
mex,1998,16.93081092834473
mex,1999,17.97623062133789
mex,2000,19.4431095123291
mex,2001,20.36227989196777
mex,2002,21.3952693939209
mex,2003,22.29033088684082
mex,2004,23.12334060668945
mex,2005,23.71904945373535
mex,2006,24.17330932617188
mex,2007,24.79622077941895
mex,2008,25.47629928588867
mex,2009,25.97999000549316
mex,2010,26.93791007995605
mex,2011,27.79401016235352
mex,2012,29.09230995178223
mex,2013,30.02523994445801
mex,2014,30.98480033874512
mex,2015,31.77111053466797
mex,2016,38.82651138305664
mex,2017,40.87255096435547
mex,2018,42.58226013183594
mex,2019,44.35268020629883
mex,2020,47.06195831298828
mex,2021,48.47129821777344
mex,2022,50.25532913208008
mhl,2002,18.36514091491699
mhl,2012,29.57234001159668
mhl,2019,39.49621963500977
mhl,2022,47.21168899536133
mkd,1989,18.34305000305176
mkd,1990,16.8691291809082
mkd,1991,16.11356925964355
mkd,1992,16.32183074951172
mkd,1993,16.59513092041016
mkd,1994,17.89509010314941
mkd,1995,19.50552940368652
mkd,1996,19.77202033996582
mkd,1997,20.47562026977539
mkd,1998,21.25791931152344
mkd,1999,23.39908981323242
mkd,2000,25.23966979980469
mkd,2001,27.87491035461426
mkd,2002,30.37022972106934
mkd,2003,32.24673843383789
mkd,2004,33.15464019775391
mkd,2005,34.69490814208984
mkd,2006,33.99771881103516
mkd,2007,39.44453048706055
mkd,2008,43.27164840698242
mkd,2009,43.35400009155273
mkd,2010,41.30691909790039
mkd,2012,43.63766098022461
mkd,2013,43.73720932006836
mkd,2014,44.01221084594727
mkd,2015,46.99570083618164
mkd,2017,49.85927963256836
mkd,2018,50.19485855102539
mkd,2019,50.49591827392578
mkd,2020,51.60911178588867
mkd,2021,53.03279113769531
mkd,2022,63.17107009887695
mli,1971,0.0278900004923344
mli,1975,0.0761199966073036
mli,1976,0.1002900004386902
mli,1977,0.1246199980378151
mli,1978,0.1621399968862534
mli,1979,0.1777700036764145
mli,1980,0.1875900030136108
mli,1982,0.1489800065755844
mli,1983,0.2088100016117096
mli,1985,0.2738099992275238
mli,1986,0.243369996547699
mli,1987,0.1998399943113327
mli,1989,0.1656399965286255
mli,1990,0.1632999926805496
mli,1991,0.1641300022602081
mli,1992,0.2114800065755844
mli,1993,0.267879992723465
mli,1995,0.2711000144481659
mli,1996,0.3431900143623352
mli,1997,0.5450900197029114
mli,1998,0.5498800277709961
mli,1999,1.122679948806763
mli,2000,1.156180024147034
mli,2001,1.26839005947113
mli,2002,1.265460014343262
mli,2008,3.026210069656372
mli,2009,3.108609914779663
mli,2010,3.206870079040527
mli,2011,2.950700044631958
mli,2012,3.611299991607666
mli,2013,3.491270065307617
mli,2014,3.264090061187744
mli,2015,3.033230066299438
mli,2016,2.093324375496244
mli,2017,2.431161168769112
mli,2018,3.091139574502257
mli,2019,3.080404470980744
mlt,1972,4.553810119628906
mlt,1973,4.910140037536621
mlt,1974,4.230770111083984
mlt,1975,4.79951000213623
mlt,1976,5.408249855041504
mlt,1977,4.278409957885742
mlt,1978,3.681869983673096
mlt,1979,2.100729942321777
mlt,1980,1.426550030708313
mlt,1981,1.51963996887207
mlt,1982,1.344290018081665
mlt,1983,1.533920049667358
mlt,1984,2.463809967041016
mlt,1985,3.222860097885132
mlt,1986,3.794379949569702
mlt,1987,4.049890041351318
mlt,1988,4.358970165252686
mlt,1989,5.355500221252441
mlt,1990,8.812800407409668
mlt,1991,11.16994953155518
mlt,1992,13.36876964569092
mlt,1993,17.30443000793457
mlt,1994,18.84609985351563
mlt,1995,20.1878604888916
mlt,1996,22.07238960266113
mlt,1997,22.94840049743652
mlt,1998,24.79372978210449
mlt,1999,24.30170059204102
mlt,2000,24.11693000793457
mlt,2001,28.07452964782715
mlt,2002,28.31780052185059
mlt,2003,35.19784927368164
mlt,2004,30.58357048034668
mlt,2005,37.59275817871094
mlt,2006,36.96789169311523
mlt,2007,41.20658111572266
mlt,2008,39.50724029541016
mlt,2009,41.74929809570313
mlt,2010,42.68539810180664
mlt,2011,45.66746139526367
mlt,2012,48.95655059814453
mlt,2013,51.22148132324219
mlt,2014,52.30210876464844
mlt,2015,57.209228515625
mlt,2016,58.86693954467773
mlt,2017,65.0447769165039
mlt,2018,70.2283935546875
mlt,2019,72.1765365600586
mlt,2020,77.35465240478516
mlt,2021,91.22885131835938
mlt,2022,94.26487731933594
mlt,2023,101.4229125976563
mmr,1972,1.324579954147339
mmr,1973,1.4164799451828
mmr,1977,2.593849897384644
mmr,1979,3.744590044021606
mmr,1992,5.257369995117188
mmr,1993,6.722410202026367
mmr,1995,7.057119846343994
mmr,1998,9.175359725952148
mmr,2007,13.046799659729
mmr,2011,16.80348968505859
mmr,2012,15.48246002197266
mmr,2018,24.36764907836914
mne,2000,19.73288917541504
mne,2001,21.79182052612305
mne,2002,20.6275806427002
mne,2003,22.33230972290039
mne,2004,27.47130966186523
mne,2005,30.64620971679688
mne,2006,35.84476089477539
mne,2007,42.52735900878906
mne,2008,48.81352996826172
mne,2009,58.53374862670898
mne,2010,61.54613876342773
mne,2011,65.42893981933594
mne,2012,68.32781982421875
mne,2013,67.4687271118164
mne,2014,70.14302062988281
mne,2015,70.67874908447266
mne,2016,65.97820281982422
mne,2017,68.52467346191406
mne,2018,66.62467193603516
mne,2019,64.23526000976562
mne,2020,66.83590698242188
mne,2021,67.03471374511719
mne,2022,67.84954071044922
mne,2023,66.92431640625
mng,1996,21.68633079528809
mng,1997,24.28623008728027
mng,1998,27.50956916809082
mng,1999,33.42350006103516
mng,2000,37.15605163574219
mng,2001,41.96858978271484
mng,2002,44.01853179931641
mng,2003,46.0966682434082
mng,2004,48.97185897827148
mng,2005,53.43408966064453
mng,2006,56.86466979980469
mng,2007,56.93833160400391
mng,2008,60.06784057617188
mng,2009,64.87400817871094
mng,2010,68.20623016357422
mng,2011,68.16300431781303
mng,2012,72.68212890625
mng,2013,76.29547882080078
mng,2014,78.70738983154297
mng,2015,81.77745056152344
mng,2016,76.17754364013672
mng,2017,76.2100601196289
mng,2018,76.99880981445312
mng,2019,82.439453125
mng,2020,83.2342372974811
mng,2021,84.41896673743807
mng,2022,85.4626101681869
mng,2023,85.66690838772058
mng,2024,84.31124114990234
moz,1973,0.3267999887466431
moz,1977,0.0629699975252151
moz,1982,0.0468199998140335
moz,1985,0.0630400031805038
moz,1987,0.0987700000405312
moz,1992,0.2025599926710129
moz,1993,0.2187599986791611
moz,1994,0.2430900037288666
moz,1995,0.2318399995565414
moz,1996,0.2315399944782257
moz,2000,0.3205600082874298
moz,2001,0.327210009098053
moz,2002,0.3985300064086914
moz,2003,0.5815899968147278
moz,2004,0.7191600203514099
moz,2005,0.9354400038719176
moz,2006,1.979429960250854
moz,2007,2.286870002746582
moz,2008,2.680069923400879
moz,2009,2.903110027313232
moz,2010,3.615819931030273
moz,2011,3.745810031890869
moz,2012,4.06505012512207
moz,2013,4.454989910125732
moz,2014,5.17963981628418
moz,2015,5.658549785614014
moz,2016,6.443749904632568
moz,2017,6.466139793395996
moz,2018,6.684529781341553
moz,2019,6.70827899929268
mrt,1978,0.0815000012516975
mrt,1988,0.7782800197601318
mrt,1989,0.8136500120162964
mrt,1990,0.7090799808502197
mrt,1991,0.7821900248527527
mrt,1992,0.8669300079345703
mrt,1993,1.046079993247986
mrt,1994,1.202450037002563
mrt,1995,1.173349976539612
mrt,1996,1.301810026168823
mrt,1997,1.238090038299561
mrt,1998,1.281630039215088
mrt,1999,1.468000054359436
mrt,2001,1.175959944725037
mrt,2002,1.313369989395142
mrt,2003,1.409459948539734
mrt,2004,1.575970053672791
mrt,2005,1.502570033073425
mrt,2006,1.775239944458008
mrt,2008,2.270839929580688
mrt,2009,2.282880067825317
mrt,2010,2.573689937591553
mrt,2011,2.822679996490479
mrt,2012,3.101560115814209
mrt,2013,3.323349952697754
mrt,2015,3.689729928970337
mrt,2016,3.51678991317749
mrt,2017,3.25819993019104
mrt,2018,3.414230108261108
mrt,2019,4.244860172271729
mrt,2020,4.355929851531982
msr,1998,0.0
msr,1999,0.0
msr,2000,0.0
msr,2001,0.0
msr,2002,0.0
msr,2003,0.0
msr,2004,0.0
msr,2005,0.0
msr,2006,0.0
msr,2007,0.0
msr,2008,29.07801055908203
msr,2009,32.85713958740234
msr,2010,37.68115997314453
msr,2012,13.04347826086956
msr,2015,12.66666666666667
msr,2016,14.48275862068966
msr,2017,23.48484848484848
msr,2018,27.2
msr,2019,0.0
mus,1970,0.228970006108284
mus,1971,0.5802800059318542
mus,1972,0.3957000076770782
mus,1973,0.4574800133705139
mus,1974,0.4285700023174286
mus,1975,0.3078800141811371
mus,1976,0.4853099882602692
mus,1977,0.752269983291626
mus,1978,0.7126799821853638
mus,1979,0.6348000168800354
mus,1980,0.6061099767684937
mus,1981,0.4932399988174438
mus,1982,0.4288800060749054
mus,1983,0.3725900053977966
mus,1984,0.3811100125312805
mus,1985,0.7431899905204773
mus,1986,0.6579399704933167
mus,1987,1.116350054740906
mus,1988,1.348569989204407
mus,1989,1.477540016174316
mus,1990,2.592190027236938
mus,1991,3.472500085830688
mus,1994,5.123149871826172
mus,1995,6.092549800872803
mus,1997,6.109509944915771
mus,1999,8.761739730834961
mus,2000,10.15979957580566
mus,2001,18.22706031799316
mus,2002,14.95460033416748
mus,2003,15.14509010314941
mus,2004,17.03330039978027
mus,2005,21.41390037536621
mus,2006,23.72473907470703
mus,2007,26.52347946166992
mus,2008,29.96047019958496
mus,2009,34.19850158691406
mus,2010,36.3384895324707
mus,2011,39.10530853271484
mus,2012,46.21353912353516
mus,2013,45.66609954833984
mus,2014,44.22547149658203
mus,2015,42.7746696472168
mus,2016,43.02914047241211
mus,2017,46.25997161865234
mus,2018,47.16851043701172
mus,2019,50.14051055908203
mus,2020,50.8637809753418
mus,2021,53.06586074829102
mus,2022,51.07035827636719
mwi,1980,0.2285999953746796
mwi,1981,0.2325100004673004
mwi,1982,0.1998299956321716
mwi,1983,0.190530002117157
mwi,1984,0.1755799949169159
mwi,1985,0.1779299974441528
mwi,1986,0.1802400052547455
mwi,1987,0.2044599950313568
mwi,1988,0.1842200011014938
mwi,1989,0.1587499976158142
mwi,1990,0.2517200112342834
mwi,1991,0.2624300122261047
mwi,1992,0.2707599997520447
mwi,1993,0.2473800033330917
mwi,1994,0.2979300022125244
mwi,1995,0.3377200067043304
mwi,1996,0.3533700108528137
mwi,1999,0.168830007314682
mwi,2000,0.1801200062036514
mwi,2002,0.2181300073862076
mwi,2004,0.3119800090789795
mwi,2005,0.3034200072288513
mwi,2006,0.303519994020462
mwi,2007,0.3010799884796143
mwi,2010,0.9271270358813744
mwi,2011,1.207707012291027
mwi,2012,0.6607664740839801
mwi,2014,0.7197558241895682
mwi,2015,0.8645126217430749
mwi,2018,1.256084802476288
mwi,2020,1.865763234503535
mwi,2021,1.900350761552767
mwi,2022,2.226210930429368
mys,1979,3.047460079193115
mys,1980,3.221250057220459
mys,1982,3.9306800365448
mys,1983,4.112800121307373
mys,1984,4.383920192718506
mys,1985,5.376180171966553
mys,1988,6.211329936981201
mys,1989,5.673369884490967
mys,1998,23.94808006286621
mys,1999,24.77862930297852
mys,2000,28.87420082092285
mys,2001,30.1860408782959
mys,2002,33.04047012329102
mys,2003,37.26955032348633
mys,2004,34.47586059570313
mys,2005,31.80648994445801
mys,2006,31.80343055725098
mys,2007,34.36679840087891
mys,2008,38.45925903320313
mys,2009,40.72573852539063
mys,2010,43.19495010375977
mys,2011,41.35901681811221
mys,2012,43.29305008027226
mys,2013,45.35994930931052
mys,2014,45.80971472002878
mys,2015,52.41779101837181
mys,2016,51.5270260861918
mys,2017,47.91602652056547
mys,2018,50.35325167638361
mys,2019,48.49062184640011
mys,2020,47.27605641697453
mys,2021,45.24244097995545
mys,2022,43.69542928900754
mys,2023,44.30401987889596
nam,1991,3.579349994659424
nam,1994,7.528250217437744
nam,1995,8.523460388183594
nam,1997,5.585470199584961
nam,1998,6.894360065460205
nam,2001,6.687910079956055
nam,2002,6.927909851074219
nam,2003,6.71930980682373
nam,2005,6.54872989654541
nam,2006,6.214389801025391
nam,2008,10.60721015930176
nam,2014,22.88713073730469
nam,2015,24.74338912963867
nam,2016,27.02905082702637
nam,2017,29.73726081848145
nam,2018,31.40710067749023
nam,2019,34.45333099365234
nam,2020,34.17219161987305
nam,2022,33.1195182800293
ner,1971,0.0
ner,1972,0.0
ner,1973,0.0050900001078844
ner,1974,0.0053699999116361
ner,1975,0.016440000385046
ner,1976,0.0234999991953373
ner,1977,0.0448100008070469
ner,1978,0.04746999964118
ner,1979,0.0610500015318394
ner,1980,0.0596500001847744
ner,1981,0.1032200008630753
ner,1982,0.1144400015473366
ner,1983,0.1161400005221367
ner,1984,0.1754900068044662
ner,1985,0.1710499972105026
ner,1987,0.1823199987411499
ner,1989,0.1806000024080276
ner,1990,0.1931000053882599
ner,2003,0.4621599912643433
ner,2004,0.4480699896812439
ner,2005,0.577049970626831
ner,2006,0.5242800116539001
ner,2007,0.5293200016021729
ner,2008,0.6282100081443787
ner,2009,0.745140016078949
ner,2010,0.7923799753189087
ner,2011,0.8376200199127197
ner,2012,0.878250002861023
ner,2015,2.100310087203979
ner,2016,2.468830108642578
ner,2017,2.402029991149902
ner,2018,2.519789934158325
ner,2019,3.21491003036499
ner,2020,2.963798254034629
nga,1985,1.740409970283508
nga,1986,1.875540018081665
nga,1987,1.95281994342804
nga,1988,1.919180035591125
nga,1989,1.977489948272705
nga,1999,5.05866003036499
nga,2003,7.510900020599365
nga,2004,7.842899799346924
nga,2005,8.321089744567871
nga,2010,7.822350025177002
nga,2011,7.959630012512207
nga,2017,9.808171779711136
nga,2018,9.533000547458627
nic,1970,2.616549968719482
nic,1971,2.488889932632446
nic,1972,3.272619962692261
nic,1973,2.999759912490845
nic,1974,3.532989978790283
nic,1975,4.524940013885498
nic,1976,4.762710094451904
nic,1977,5.095200061798096
nic,1982,9.148960113525392
nic,1983,9.344759941101074
nic,1984,8.549449920654297
nic,1985,9.010180473327637
nic,1986,8.175250053405762
nic,1987,7.68533992767334
nic,1990,7.559989929199219
nic,1991,7.10584020614624
nic,1992,7.883170127868652
nic,1995,10.48806953430176
nic,1997,10.97027969360352
nic,2002,18.46961975097656
nic,2010,17.59562632126867
nic,2011,18.20532531972884
nic,2012,18.9378389336577
nic,2013,18.97555444346609
nic,2014,19.9168387299352
nic,2015,20.81933200957181
nic,2016,20.42205821272245
nic,2018,22.44998249507774
nic,2019,20.7605423873172
nic,2020,21.69969724669532
nic,2021,23.35708193754884
nic,2022,23.11822211860098
nic,2023,35.65549850463867
niu,1970,0.0
niu,1971,0.0
niu,1972,0.0
niu,1973,0.0
niu,1974,0.0
niu,1975,0.0
niu,1976,0.0
niu,1977,0.0
niu,1978,0.0
niu,1979,0.0
niu,1980,0.0
niu,1981,0.0
niu,1982,0.0
niu,1983,0.0
niu,1984,0.0
niu,1985,0.0
niu,1986,0.0
niu,1987,0.0
niu,1988,0.0
niu,1989,0.0
niu,1990,0.0
niu,1998,0.0
niu,1999,0.0
niu,2000,0.0
niu,2001,0.0
niu,2002,0.0
niu,2003,0.0
niu,2004,0.0
niu,2005,0.0
niu,2006,0.0
niu,2007,0.0
niu,2008,0.0
niu,2009,0.0
niu,2016,0.0
nld,1971,11.60433959960938
nld,1972,12.75868988037109
nld,1975,14.72712993621826
nld,1976,16.69523048400879
nld,1977,18.06241989135742
nld,1978,19.22504997253418
nld,1979,20.04706954956055
nld,1980,22.39398002624512
nld,1981,23.56559944152832
nld,1982,24.87054061889648
nld,1983,25.41128921508789
nld,1984,25.46795082092285
nld,1985,25.42024993896484
nld,1986,26.43166923522949
nld,1987,26.85474014282227
nld,1988,28.51102066040039
nld,1989,29.25300025939941
nld,1990,31.34090042114258
nld,1991,34.97750091552734
nld,1992,38.05250930786133
nld,1993,41.5022087097168
nld,1994,46.23604965209961
nld,1995,47.20510101318359
nld,1996,48.69929122924805
nld,1997,48.24515151977539
nld,1998,48.42396926879883
nld,1999,49.58544921875
nld,2000,52.19348907470703
nld,2001,54.38066101074219
nld,2002,55.99261093139648
nld,2003,57.21110916137695
nld,2004,58.86674118041992
nld,2005,60.98900985717773
nld,2006,62.23257827758789
nld,2007,63.22010040283203
nld,2008,64.03936767578125
nld,2009,64.70136260986328
nld,2010,67.15284729003906
nld,2011,79.52438354492188
nld,2012,79.03092956542969
nld,2015,85.22605895996094
nld,2016,84.44586944580078
nld,2017,88.58984375
nld,2018,88.64476776123047
nld,2020,91.29692840576172
nld,2021,96.53414154052734
nor,1971,10.26025009155273
nor,1972,11.44250965118408
nor,1973,12.97430038452148
nor,1974,14.91055011749268
nor,1975,15.76249027252197
nor,1976,16.73805046081543
nor,1977,20.83880996704102
nor,1978,21.25349044799805
nor,1979,22.3175106048584
nor,1980,24.11496925354004
nor,1981,25.15893936157227
nor,1982,26.63689994812012
nor,1983,28.51898956298828
nor,1984,29.51832962036133
nor,1985,30.34695053100586
nor,1986,31.19882965087891
nor,1987,33.24544143676758
nor,1988,34.87144088745117
nor,1989,37.03527069091797
nor,1990,42.22600936889648
nor,1991,46.11223983764648
nor,1992,50.29795074462891
nor,1993,55.29570007324219
nor,1994,59.99066162109375
nor,1995,60.99380111694336
nor,1996,66.72197723388672
nor,1997,72.71256256103516
nor,1998,74.51020812988281
nor,1999,79.02200317382812
nor,2000,83.0321273803711
nor,2001,84.31333923339844
nor,2002,87.81977081298828
nor,2003,94.82160949707033
nor,2004,95.39771270751952
nor,2005,95.15973663330078
nor,2006,95.15985107421876
nor,2007,94.80264282226564
nor,2008,91.52165222167967
nor,2009,91.2951889038086
nor,2010,89.48832702636719
nor,2011,87.42369079589844
nor,2012,88.36585998535156
nor,2013,91.64398956298828
nor,2014,92.98947143554688
nor,2015,94.62586212158205
nor,2016,98.50994110107422
nor,2017,101.0699691772461
nor,2018,102.7470321655273
nor,2019,103.3312683105469
nor,2020,105.4452285766602
nor,2021,113.7597503662109
nor,2022,118.1812515258789
nor,2023,114.6072006225586
npl,1983,1.225020051002502
npl,1989,2.275229930877686
npl,1990,2.340349912643433
npl,1991,2.757050037384033
npl,2000,2.309770107269287
npl,2002,2.081609964370728
npl,2003,2.386569976806641
npl,2004,3.136329889297485
npl,2005,5.237979888916016
npl,2006,5.417190074920654
npl,2008,8.053950309753418
npl,2009,7.984089851379395
npl,2010,10.40826988220215
npl,2011,10.62506008148193
npl,2013,14.3621997833252
npl,2015,12.75300328862721
npl,2016,11.56051365349842
npl,2017,12.02739884763598
npl,2018,13.54674009945618
npl,2019,14.60511443910709
npl,2020,14.62950227718193
npl,2021,15.8438277796352
npl,2022,15.44657662549119
npl,2023,20.79271421241662
nru,1970,0.0
nru,1971,0.0
nru,1972,0.0
nru,1973,0.0
nru,1974,0.0
nru,1975,0.0
nru,1976,0.0
nru,1977,0.0
nru,1978,0.0
nru,1979,0.0
nru,1980,0.0
nru,1981,0.0
nru,1982,0.0
nru,1983,0.0
nru,1984,0.0
nru,1985,0.0
nru,1986,0.0
nru,1987,0.0
nru,1988,0.0
nru,1989,0.0
nru,1990,0.0
nru,1991,0.0
nru,1992,0.0
nru,1993,0.0
nru,1994,0.0
nru,1995,0.0
nru,1996,0.0
nru,1997,0.0
nru,1998,0.0
nru,1999,0.0
nru,2000,0.0
nru,2001,0.0
nru,2002,0.0
nru,2003,0.0
nru,2004,0.0
nru,2005,0.0
nru,2006,0.0
nru,2007,0.0
nru,2008,0.0
nzl,1970,13.37057018280029
nzl,1971,14.46467971801758
nzl,1972,17.34304046630859
nzl,1973,17.57670974731445
nzl,1974,19.53157043457031
nzl,1975,18.51203918457031
nzl,1976,18.93396949768066
nzl,1979,21.22975921630859
nzl,1980,22.0923900604248
nzl,1981,23.2840404510498
nzl,1982,23.31493949890137
nzl,1983,23.97514915466309
nzl,1984,28.90028953552246
nzl,1985,30.07188987731934
nzl,1986,34.08525848388672
nzl,1987,36.21355056762695
nzl,1988,39.58419036865234
nzl,1989,42.72024154663086
nzl,1990,40.48834991455078
nzl,1991,46.07661819458008
nzl,1992,52.65311050415039
nzl,1993,59.76945877075195
nzl,1994,64.77597045898438
nzl,1995,64.55702209472656
nzl,1996,66.1689224243164
nzl,2013,95.1123275756836
nzl,2014,95.23767852783205
nzl,2015,96.92234802246094
nzl,2016,97.11808013916016
nzl,2017,96.90743255615234
nzl,2018,97.6879425048828
nzl,2019,94.86045837402344
nzl,2020,93.1885223388672
nzl,2021,99.2572784423828
nzl,2022,97.02739715576172
nzl,2023,95.56781005859376
omn,1978,0.005210000090301
omn,1979,0.004939999897033
omn,1980,0.0023399998899549
omn,1981,0.0
omn,1982,0.0021200000774115
omn,1983,0.0020099999383092
omn,1984,0.0518499985337257
omn,1985,0.2696999907493591
omn,1986,0.6390699744224548
omn,1987,1.377290010452271
omn,1988,2.070719957351685
omn,1989,3.061219930648804
omn,1990,3.916270017623901
omn,1991,4.179749965667725
omn,1992,5.083489894866943
omn,1993,5.035140037536621
omn,1994,5.380249977111816
omn,1995,5.895880222320557
omn,1996,5.332019805908203
omn,1997,6.260200023651123
omn,1998,7.444719791412354
omn,2003,12.18568992614746
omn,2004,16.08437919616699
omn,2005,18.16768074035645
omn,2006,20.30981063842773
omn,2007,21.80228042602539
omn,2009,25.83588027954102
omn,2010,30.46874046325684
omn,2011,34.89907073974609
omn,2013,42.61613082885742
omn,2014,52.04124069213867
omn,2015,57.80764007568359
omn,2016,62.3419189453125
omn,2017,57.01113891601563
omn,2018,57.48780822753906
omn,2019,56.33560943603516
omn,2020,58.24015045166016
omn,2021,52.94625091552734
pak,1971,0.9675400257110596
pak,1972,0.9015100002288818
pak,1973,0.885919988155365
pak,1974,0.9064300060272216
pak,1975,0.9319000244140624
pak,1976,0.9450700283050536
pak,1977,1.027259945869446
pak,1978,1.141450047492981
pak,1979,1.101529955863953
pak,1980,1.102980017662048
pak,1986,1.507009983062744
pak,1987,1.477929949760437
pak,1988,1.734539985656738
pak,1990,1.639989972114563
pak,1992,0.8170099854469299
pak,2003,2.102699995040894
pak,2004,2.611259937286377
pak,2005,4.010729789733887
pak,2006,4.021480083465576
pak,2007,4.539460182189941
pak,2008,4.471089839935303
pak,2009,5.477849960327148
pak,2011,7.050779819488525
pak,2012,8.183699607849121
pak,2013,8.670760154724121
pak,2014,9.067859649658203
pak,2015,7.890329837799072
pak,2016,7.76140022277832
pak,2017,8.022470474243164
pak,2018,7.627359867095947
pak,2019,10.9927396774292
pak,2020,11.6463098526001
pak,2021,12.12430953979492
pak,2022,10.33658027648926
pak,2023,11.02659034729004
pan,1970,5.496729850769043
pan,1971,8.931690216064453
pan,1972,10.620849609375
pan,1973,14.18346977233887
pan,1974,15.61536026000977
pan,1975,15.96049976348877
pan,1976,18.43828010559082
pan,1977,20.51178932189941
pan,1978,20.27282905578613
pan,1979,21.49020957946777
pan,1980,22.93185997009277
pan,1981,22.8759593963623
pan,1982,23.8316593170166
pan,1983,24.32057952880859
pan,1984,26.4072208404541
pan,1985,27.99789047241211
pan,1987,28.09923934936523
pan,1988,24.56012916564941
pan,1994,31.33342933654785
pan,1998,45.86389923095703
pan,1999,48.8114013671875
pan,2000,53.74406814575195
pan,2001,52.85688018798828
pan,2002,51.5600700378418
pan,2003,54.60076904296875
pan,2004,53.99633026123047
pan,2005,51.89252853393555
pan,2006,52.99131011962891
pan,2007,52.99446868896484
pan,2008,52.44501876831055
pan,2009,52.26828002929688
pan,2010,53.47661972045898
pan,2011,51.18915939331055
pan,2012,53.35649108886719
pan,2014,55.08811187744141
pan,2015,58.56425857543945
pan,2016,59.5478401184082
pan,2020,55.02526092529297
pan,2021,65.10546875
pan,2022,71.85761260986328
per,1970,6.7535400390625
per,1971,6.709760189056396
per,1972,6.700399875640869
per,1973,7.492549896240234
per,1974,8.239990234375
per,1975,8.507829666137695
per,1976,8.180480003356934
per,1980,12.64212036132813
per,2001,29.52396011352539
per,2002,31.20797920227051
per,2003,31.28721046447754
per,2004,32.43004989624023
per,2005,32.7204704284668
per,2006,34.78155136108398
per,2016,74.72001647949219
per,2017,74.0077133178711
phl,1971,18.66050910949707
phl,1973,18.88220977783203
phl,1979,22.90279006958008
phl,1980,23.19717979431152
phl,1981,24.47518920898438
phl,1982,25.0211296081543
phl,1992,30.18177032470703
phl,1995,31.55851936340332
phl,1996,33.15301132202148
phl,1998,30.68894958496094
phl,1999,31.09419059753418
phl,2001,30.3209400177002
phl,2002,32.43618011474609
phl,2003,30.96516036987305
phl,2004,30.16530990600586
phl,2005,28.81310081481934
phl,2006,29.46523094177246
phl,2008,30.42777061462402
phl,2009,29.74300956726074
phl,2010,31.26976264113301
phl,2011,32.68427522047269
phl,2012,33.18446481714824
phl,2013,36.10846925957443
phl,2014,38.62017233095205
phl,2015,41.06130474319009
phl,2016,43.55712096455229
phl,2017,38.28615033661796
phl,2018,31.81729057671807
phl,2019,33.67243626571562
phl,2020,34.97769420924691
phl,2021,38.02909319571211
phl,2022,44.83049891124634
phl,2023,50.94999073293126
plw,2000,68.32504272460938
plw,2001,50.49668884277344
plw,2002,51.59664154052734
plw,2013,84.08709716796875
plw,2022,57.74946921443737
plw,2023,49.69574036511156
png,1980,0.893060028553009
png,1983,0.7973999977111816
png,1984,0.9350799918174744
png,1985,0.768090009689331
png,1986,0.988569974899292
png,1995,2.05499005317688
png,1996,2.838890075683594
png,1998,1.464630007743835
png,1999,1.409489989280701
pol,1971,12.25693035125732
pol,1972,11.79576015472412
pol,1973,13.06960964202881
pol,1974,14.89498043060303
pol,1975,16.44347953796387
pol,1976,18.39702033996582
pol,1977,19.99824905395508
pol,1978,20.33223915100098
pol,1979,20.93841934204102
pol,1980,21.02819061279297
pol,1981,21.20396995544434
pol,1982,20.51118087768555
pol,1983,19.28421974182129
pol,1984,19.25576019287109
pol,1985,19.22809982299805
pol,1986,19.71344947814941
pol,1987,20.07317924499512
pol,1988,20.90580940246582
pol,1989,23.1467399597168
pol,1990,24.58049011230469
pol,1991,24.86450958251953
pol,1992,24.53252983093262
pol,1993,26.67252922058105
pol,1994,31.29319953918457
pol,1995,36.0418815612793
pol,1996,41.22087860107422
pol,1997,46.83671188354492
pol,1998,45.09318161010742
pol,1999,52.26292037963867
pol,2000,58.97554016113281
pol,2001,66.49613189697266
pol,2002,70.13713836669922
pol,2003,71.3152084350586
pol,2004,72.31961059570312
pol,2005,74.70633697509766
pol,2006,76.13253784179688
pol,2007,78.23332977294922
pol,2008,82.42504119873047
pol,2009,85.7129898071289
pol,2010,92.47683715820312
pol,2011,92.71330261230467
pol,2012,91.73352813720705
pol,2013,89.60871887207031
pol,2014,85.14217376708984
pol,2015,83.55811309814453
pol,2016,84.1125717163086
pol,2017,85.07778930664062
pol,2018,85.93205261230469
pol,2019,86.26058959960938
pol,2020,85.62892150878906
pol,2021,87.25273132324219
pol,2022,91.932861328125
pol,2023,93.49272918701172
pri,2007,96.7324676513672
pri,2008,102.6308135986328
pri,2009,105.4353637695313
pri,2010,108.2833404541016
pri,2011,108.9919891357422
pri,2012,111.211181640625
pri,2013,112.5841674804688
pri,2014,113.9111480712891
pri,2015,117.4226684570313
pri,2016,116.7987289428711
pri,2018,126.8729629516602
pri,2023,95.92906951904295
prk,2009,20.12615013122559
prk,2015,19.76593017578125
prk,2018,17.95558929443359
prt,1971,6.110879898071289
prt,1972,6.662650108337402
prt,1973,7.160759925842285
prt,1974,7.842949867248535
prt,1975,7.613289833068848
prt,1976,9.505279541015623
prt,1977,10.87911033630371
prt,1978,9.357660293579102
prt,1979,10.99901962280273
prt,1980,10.78203010559082
prt,1981,11.08769035339355
prt,1982,11.59325981140137
prt,1983,12.11161041259766
prt,1984,13.52217960357666
prt,1985,14.65182018280029
prt,1986,13.80397987365723
prt,1987,16.73344993591309
prt,1991,26.14926910400391
prt,1992,28.84280014038086
prt,1993,34.29616928100586
prt,1994,38.43740844726563
prt,1995,41.45133972167969
prt,1996,44.20352935791016
prt,1998,49.98389053344727
prt,1999,51.76316833496094
prt,2015,66.97435760498047
prt,2016,68.24002838134766
prt,2017,69.62309265136719
prt,2018,70.80612182617188
prt,2019,72.0282974243164
prt,2020,74.07720947265625
prt,2021,78.34152221679688
prt,2022,82.840087890625
pry,1970,3.291800022125244
pry,1993,10.0589599609375
pry,1996,11.14702987670898
pry,1999,16.66592979431152
pry,2000,20.04117965698242
pry,2001,22.53598022460938
pry,2002,33.23445129394531
pry,2003,31.41984939575195
pry,2004,31.30666923522949
pry,2005,29.65586090087891
pry,2007,35.95257186889648
pry,2008,42.73133850097656
pry,2009,47.20827102661133
pry,2010,44.26483154296875
pse,1996,14.07524013519287
pse,1997,16.62553977966309
pse,1998,18.2603702545166
pse,1999,21.11101913452148
pse,2000,22.35170936584473
pse,2001,24.84373092651367
pse,2002,26.7418098449707
pse,2003,31.33979034423828
pse,2004,35.19382858276367
pse,2005,38.35179138183594
pse,2006,42.62873840332031
pse,2007,47.08084869384766
pse,2008,48.41225051879883
pse,2009,48.47626113891602
pse,2010,50.89344024658203
pse,2011,54.2828483581543
pse,2012,54.23722839355469
pse,2013,53.36796951293945
pse,2014,53.55036926269531
pse,2015,55.19631958007813
pse,2016,54.461181640625
pse,2017,54.86003875732422
pse,2018,55.39944839477539
pse,2019,55.20743179321289
pse,2020,55.04240036010742
pse,2021,53.89796829223633
pse,2022,55.66476058959961
pse,2023,54.7817497253418
pyf,1992,1.481480002403259
qat,1971,0.0
qat,1976,6.995309829711914
qat,1977,7.631159782409668
qat,1980,15.79010963439941
qat,1981,16.31584930419922
qat,1982,19.09305000305176
qat,1983,24.55987930297852
qat,1984,27.58657073974609
qat,1985,30.71759986877441
qat,1986,33.67938995361328
qat,1987,34.10583114624023
qat,1988,33.99649810791016
qat,1989,36.42940139770508
qat,1990,40.23128890991211
qat,1991,38.95418930053711
qat,1992,40.23183822631836
qat,1993,43.68336868286133
qat,1994,42.82064056396484
qat,1995,44.86962127685547
qat,1996,47.12525939941406
qat,1997,47.78985977172852
qat,1998,42.76483154296875
qat,1999,39.78796005249023
qat,2001,33.57012939453125
qat,2002,31.07486915588379
qat,2003,29.25375938415527
qat,2004,32.03110122680664
qat,2005,30.46640968322754
qat,2006,30.62443923950195
qat,2007,31.73374938964844
qat,2008,33.90139007568359
qat,2009,34.46358108520508
qat,2010,31.92314910888672
qat,2011,34.02037048339844
qat,2012,35.5400390625
qat,2013,43.42097091674805
qat,2014,51.56631851196289
qat,2015,49.86167907714844
qat,2016,47.96731948852539
qat,2017,62.75241851806641
qat,2018,65.8024673461914
qat,2019,70.11045837402344
qat,2020,75.14302062988281
qat,2021,68.18565368652344
qat,2022,77.34320068359375
rou,1971,8.036219596862793
rou,1972,7.468649864196777
rou,1973,6.623169898986816
rou,1974,7.209839820861816
rou,1975,7.517159938812256
rou,1976,8.345159530639648
rou,1977,8.987250328063965
rou,1978,9.621399879455566
rou,1979,10.19882011413574
rou,1980,10.89196014404297
rou,1981,11.42698001861572
rou,1982,11.7024097442627
rou,1983,11.27433013916016
rou,1984,11.18400955200195
rou,1985,10.93877029418945
rou,1986,10.86289024353027
rou,1987,9.623140335083008
rou,1988,8.557290077209473
rou,1989,8.127820014953613
rou,1990,7.887479782104492
rou,1991,8.565489768981934
rou,1992,9.860199928283691
rou,1993,11.72383975982666
rou,1994,12.64311981201172
rou,1995,13.14459991455078
rou,1996,18.35116958618164
rou,1997,19.05925941467285
rou,1998,19.2814998626709
rou,1999,22.5490894317627
rou,2000,24.64644050598145
rou,2001,30.63342094421387
rou,2002,37.49106979370117
rou,2003,43.12493896484375
rou,2004,46.72628021240234
rou,2005,50.70537948608398
rou,2006,61.51428985595703
rou,2007,69.31816101074219
rou,2008,85.24488067626953
rou,2009,94.93862152099608
rou,2010,87.81674194335938
rou,2011,77.3923568725586
rou,2012,61.64913940429688
rou,2013,57.42662048339844
rou,2014,57.07987976074219
rou,2015,54.75288009643555
rou,2016,55.40845108032227
rou,2017,55.69186019897461
rou,2018,57.525390625
rou,2019,58.61495971679688
rou,2020,60.13721084594727
rou,2021,62.76755905151367
rou,2022,66.32398986816406
rou,2023,62.96213150024414
rus,1971,47.31550979614258
rus,1981,52.57863998413086
rus,1986,64.74864196777344
rus,1991,56.47446823120117
rus,1992,53.62749099731445
rus,1993,51.01628112792969
rus,2001,68.47975158691406
rus,2002,74.90653991699219
rus,2003,78.24754333496094
rus,2004,80.51334381103516
rus,2005,83.10372924804688
rus,2006,84.09571075439453
rus,2007,86.8497085571289
rus,2008,88.74127960205078
rus,2009,89.30148315429688
rus,2011,91.69117736816406
rus,2012,90.04994201660156
rus,2013,91.33984375
rus,2014,91.8706512451172
rus,2015,91.78939819335938
rus,2016,90.72775268554688
rus,2017,88.6435775756836
rus,2018,88.52278137207031
rus,2019,87.85794830322266
rus,2020,61.8148193359375
rus,2021,59.32336044311523
rus,2022,57.08572006225586
rus,2023,98.12648010253906
rwa,1971,0.0277500003576279
rwa,1973,0.0367100015282631
rwa,1974,0.0499799996614456
rwa,1975,0.0539899989962578
rwa,1977,0.0401600003242493
rwa,1978,0.0399499982595444
rwa,1980,0.0449200011789799
rwa,1981,0.0478200018405914
rwa,1984,0.0846600010991096
rwa,1985,0.0992299988865852
rwa,1986,0.09706000238657
rwa,1987,0.1153300032019615
rwa,1988,0.1442700028419495
rwa,1989,0.1863500028848648
rwa,1990,0.2169200032949448
rwa,2001,0.9909399747848512
rwa,2002,1.219499945640564
rwa,2003,1.642120003700256
rwa,2004,2.049750089645386
rwa,2009,4.319200038909912
rwa,2010,4.95028018951416
rwa,2011,5.772930145263672
rwa,2012,5.888649940490723
rwa,2013,5.490019798278809
rwa,2014,6.649660110473633
rwa,2015,6.607850074768066
rwa,2016,6.601699829101563
rwa,2017,6.913710117340088
rwa,2018,6.007090091705322
rwa,2019,5.703780174255371
rwa,2020,6.668739795684814
rwa,2021,6.487301945324324
rwa,2022,6.412670135498047
rwa,2023,7.744500160217285
sau,1971,0.4656600058078766
sau,1972,0.6097300052642822
sau,1973,0.7918400168418884
sau,1974,1.087010025978088
sau,1975,1.540459990501404
sau,1976,2.648629903793335
sau,1977,3.35971999168396
sau,1978,4.103889942169189
sau,1979,4.646120071411133
sau,1980,5.248260021209717
sau,1981,6.60299015045166
sau,1982,7.594510078430176
sau,1983,8.971309661865234
sau,1984,10.08535003662109
sau,1985,11.82301998138428
sau,1986,13.31116008758545
sau,1987,13.14455986022949
sau,1991,15.85229969024658
sau,1992,14.72430038452148
sau,1993,19.14707946777344
sau,1994,18.62874031066895
sau,1995,21.50952911376953
sau,1996,22.40800094604492
sau,1997,22.25419044494629
sau,1998,25.51317977905273
sau,1999,31.52005958557129
sau,2000,33.31809997558594
sau,2001,32.85047149658203
sau,2002,32.16854095458984
sau,2003,37.04343032836914
sau,2004,38.12710189819336
sau,2005,37.15447998046875
sau,2006,36.80558013916016
sau,2007,34.94050979614258
sau,2008,35.42752838134766
sau,2009,36.2919807434082
sau,2010,40.56829833984375
sau,2011,40.7246208190918
sau,2012,47.44668960571289
sau,2013,53.65982818603516
sau,2014,62.47890090942383
sau,2015,67.01744842529297
sau,2016,73.70751953125
sau,2017,78.75702667236328
sau,2018,80.14227294921875
sau,2019,84.74517059326172
sau,2020,81.07591247558594
sau,2021,76.66893005371094
sau,2022,78.45195770263672
sdn,1999,6.8613600730896
sdn,2000,7.309659957885742
sdn,2001,8.75790023803711
sdn,2002,9.969389915466309
sdn,2003,9.152119636535645
sdn,2004,10.97760009765625
sdn,2005,12.24864959716797
sdn,2006,14.12545013427734
sdn,2007,13.75259017944336
sdn,2008,14.60463047027588
sdn,2009,15.1542797088623
sdn,2010,15.64846038818359
sdn,2011,14.57314968109131
sdn,2012,15.47138977050781
sdn,2013,17.38091087341309
sdn,2014,16.31932067871094
sdn,2015,15.89871978759766
sen,1971,0.4247199892997742
sen,1972,0.4423100054264069
sen,1977,0.7640500068664551
sen,1978,0.7615200281143188
sen,1980,0.944159984588623
sen,1981,0.9997199773788452
sen,1982,0.9113799929618835
sen,1984,0.8912000060081482
sen,1985,0.9365699887275696
sen,1992,1.495129942893982
sen,2006,3.444259881973267
sen,2007,4.216829776763916
sen,2008,5.434150218963623
sen,2009,5.797160148620605
sen,2010,5.625030040740967
sen,2011,7.412690162658691
sen,2012,7.524529933929443
sen,2013,7.76947021484375
sen,2014,8.072449684143066
sen,2015,8.133580207824707
sen,2016,8.157110214233398
sen,2017,8.582289695739746
sen,2018,10.09364986419678
sen,2019,10.87187004089355
sen,2020,11.74258041381836
sen,2021,14.08158016204834
sen,2022,15.45767974853516
sen,2023,16.45750045776367
sgp,2016,90.57451629638672
sgp,2017,91.19696807861328
sgp,2018,95.41782379150392
sgp,2019,97.09001159667967
sgp,2020,98.27005004882812
sgp,2021,102.3294677734375
sgp,2022,103.2494201660156
slb,1970,0.0
slb,1971,0.0
slb,1972,0.0
slb,1973,0.0
slb,1974,0.0
slb,1975,0.0
slb,1976,0.0
slb,1977,0.0
slb,1978,0.0
slb,1979,0.0
slb,1980,0.0
slb,1981,0.0
slb,1982,0.0
slb,1983,0.0
slb,1984,0.0
slb,1985,0.0
slb,1986,0.0
slb,1987,0.0
slb,1988,0.0
slb,1989,0.0
slb,1990,0.0
slb,1991,0.0
slb,1992,0.0
slb,1993,0.0
slb,1994,0.0
slb,1995,0.0
slb,1996,0.0
slb,1998,0.0
slb,1999,0.0
slb,2000,0.0
slb,2001,0.0
slb,2002,0.0
slb,2003,0.0
slb,2004,0.0
slb,2005,0.0
slb,2006,0.0
slb,2007,0.0
slb,2008,0.0
slb,2009,0.0
sle,1971,0.1666699945926666
sle,1972,0.1633599996566772
sle,1973,0.1756999939680099
sle,1974,0.1910499930381775
sle,1975,0.2411900013685226
sle,1976,0.2137600034475327
sle,1984,0.3109200000762939
sle,1985,0.3148100078105927
sle,2000,1.506250023841858
sle,2001,1.202829957008362
sle,2002,1.141729950904846
slv,1973,3.396640062332153
slv,1974,4.295690059661865
slv,1975,5.070879936218262
slv,1978,5.080359935760498
slv,1982,8.016819953918457
slv,1983,10.59784030914307
slv,1984,11.56186962127686
slv,1985,12.40011024475098
slv,1986,12.48606967926025
slv,1994,19.2017993927002
slv,1995,20.69047927856445
slv,1996,19.73800086975098
slv,1998,22.13068008422852
slv,1999,22.04438972473145
slv,2000,20.86627960205078
slv,2001,19.93032073974609
slv,2002,20.66408920288086
slv,2003,21.35721969604492
slv,2004,22.62376022338867
slv,2005,23.54398918151855
slv,2006,24.34954071044922
slv,2007,25.99863052368164
slv,2008,26.93839073181152
slv,2009,27.47298049926758
slv,2010,28.06040954589844
slv,2011,29.11127090454102
slv,2012,29.99296951293945
slv,2013,30.42989921569824
slv,2014,29.84577941894531
slv,2015,29.82736015319824
slv,2016,29.73542976379395
slv,2017,30.18662071228027
slv,2018,30.94865036010742
slv,2019,31.45672035217285
slv,2020,34.20404815673828
slv,2021,34.23614883422852
slv,2022,36.17639923095703
slv,2023,37.2755012512207
smr,2000,66.22113800048828
smr,2008,78.61357116699219
smr,2010,79.10015106201172
smr,2011,77.30496215820312
smr,2012,69.88636016845703
smr,2013,69.56521739130434
smr,2014,69.95884773662551
smr,2015,70.97222222222223
smr,2018,39.1699104309082
smr,2019,44.47204971313477
smr,2020,49.56629180908203
smr,2021,53.38077926635742
smr,2022,48.76033020019531
smr,2023,48.18712997436523
som,1972,0.0676399990916252
som,1975,0.088019996881485
som,1976,0.1049700006842613
som,1987,0.9579100012779236
srb,2001,41.498779296875
srb,2002,39.59109878540039
srb,2003,44.91957092285156
srb,2004,46.77241897583008
srb,2005,50.30226898193359
srb,2006,53.15550994873047
srb,2007,54.71662902832031
srb,2008,56.02132034301758
srb,2009,57.08166885375977
srb,2010,56.14163970947266
srb,2011,59.45943069458008
srb,2012,61.75860977172852
srb,2013,64.96054077148438
srb,2014,66.41867065429688
srb,2015,67.70835876464844
srb,2016,71.77068328857422
srb,2017,78.08454132080078
srb,2018,79.63751983642578
srb,2019,80.6800537109375
srb,2020,80.41398620605469
srb,2021,81.91181182861328
srb,2022,85.29428100585938
srb,2023,87.73738861083984
ssd,2016,0.5644202382820983
ssd,2018,0.4847814458794875
stp,1970,0.0
stp,1971,0.0
stp,1972,0.0
stp,1973,0.0
stp,1974,0.0
stp,1975,0.0
stp,1976,0.0
stp,1977,0.0
stp,1978,0.0
stp,1979,0.0
stp,1980,0.0
stp,1981,0.0
stp,1982,0.0
stp,1983,0.0
stp,1984,0.0
stp,1985,0.0
stp,1986,0.0
stp,1987,0.0
stp,1988,0.0
stp,1989,0.0
stp,1990,0.0
stp,1991,0.0
stp,1992,0.0
stp,1993,0.0
stp,1994,0.0
stp,1995,0.0
stp,1996,0.0
stp,1997,0.0
stp,1998,0.0
stp,1999,0.0
stp,2000,0.0
stp,2001,0.0
stp,2002,0.0
stp,2003,0.0
stp,2004,0.0
stp,2005,0.0
stp,2006,0.0
stp,2007,0.0
stp,2008,0.0
stp,2009,3.775919914245605
stp,2010,4.174109935760498
stp,2011,4.160559251324839
stp,2012,7.240729808807373
stp,2014,8.582209587097168
stp,2015,13.00364017486572
stp,2016,18.57189649525057
stp,2017,18.10863031343925
stp,2018,10.91290661070304
stp,2019,10.07949449653485
stp,2021,18.21978837943197
sur,1985,6.54226016998291
sur,1986,6.398300170898438
sur,1987,7.542900085449219
sur,1988,8.292449951171875
sur,1989,9.414239883422852
sur,1990,10.31124019622803
sur,2002,14.54240989685059
sur,2021,11.29179954528809
sur,2022,7.785019874572754
svk,1993,15.42201995849609
svk,1994,16.53343963623047
svk,1995,18.17134094238281
svk,1996,19.99806022644043
svk,1997,22.15448951721191
svk,1998,24.98914909362793
svk,1999,27.33322906494141
svk,2000,29.50882911682129
svk,2001,32.23157119750977
svk,2002,34.7928581237793
svk,2003,37.45299911499023
svk,2004,40.53712844848633
svk,2005,46.09328079223633
svk,2006,53.10300064086914
svk,2007,60.69766998291016
svk,2008,66.57251739501953
svk,2009,69.99600982666016
svk,2010,70.73677062988281
svk,2011,69.4419937133789
svk,2012,69.3736572265625
svk,2013,67.34812927246094
svk,2014,65.68462371826172
svk,2015,64.16213989257812
svk,2016,61.00178909301758
svk,2017,59.69203186035156
svk,2018,57.84246826171875
svk,2019,58.24784851074219
svk,2020,58.13008117675781
svk,2021,60.78646087646484
svk,2022,63.24742126464844
svk,2023,63.11066818237305
svn,1981,19.4927806854248
svn,1982,18.92971992492676
svn,1983,18.73119926452637
svn,1984,18.77540969848633
svn,1985,19.0288200378418
svn,1986,20.8378791809082
svn,1987,21.6329402923584
svn,1988,21.91227912902832
svn,1989,22.40864944458008
svn,1990,25.50600051879883
svn,1991,25.96095085144043
svn,1992,28.697509765625
svn,1993,30.38821983337402
svn,1994,33.06346130371094
svn,1995,34.31721115112305
svn,1996,37.39009857177734
svn,1997,41.52230834960938
svn,1998,51.98447036743164
svn,1999,60.9205207824707
svn,2000,64.22744750976562
svn,2001,70.70355224609375
svn,2002,79.2704086303711
svn,2003,80.49819946289062
svn,2004,85.56788635253906
svn,2005,96.39296722412108
svn,2006,102.038948059082
svn,2007,104.6788635253906
svn,2008,105.9357299804688
svn,2009,106.7164535522461
svn,2010,109.365478515625
svn,2011,109.7848281860352
svn,2012,106.3893127441406
svn,2013,104.172607421875
svn,2014,99.94271087646484
svn,2015,98.1147689819336
svn,2016,94.17118072509766
svn,2017,93.81330871582033
svn,2018,92.12683868408205
svn,2019,92.90335083007812
svn,2020,92.9018096923828
svn,2021,100.9950866699219
svn,2022,100.3683929443359
svn,2023,97.77100372314452
swe,1971,19.35206985473633
swe,1972,19.67544937133789
swe,1973,19.38822937011719
swe,1974,21.42465972900391
swe,1975,21.59634971618652
swe,1976,24.12676048278809
swe,1977,26.42440986633301
swe,1978,30.92103004455566
swe,1979,33.37789916992188
swe,1980,33.90766143798828
swe,1985,32.72832870483398
swe,1986,31.32906913757324
swe,1987,30.26572036743164
swe,1988,30.89500045776367
swe,1989,32.37834930419922
swe,1990,33.77822875976563
swe,1991,36.06124114990234
swe,1992,39.50065994262695
swe,1993,42.99710845947266
swe,1994,44.99607849121094
swe,1995,47.65169906616211
swe,1996,52.27531814575195
swe,1997,57.23207092285156
swe,1998,60.68447875976563
swe,1999,76.0980224609375
swe,2000,80.41168975830078
swe,2001,84.35067749023438
swe,2002,90.62835693359376
swe,2003,97.94743347167967
swe,2004,101.1492614746094
swe,2005,99.70674896240234
swe,2006,96.88320159912108
swe,2007,92.51847076416016
swe,2008,87.92784118652344
swe,2009,87.43643188476562
swe,2010,88.81503295898438
swe,2011,87.0713119506836
swe,2012,84.27439880371094
swe,2013,80.53517150878906
swe,2014,79.22306060791016
swe,2015,81.01756286621094
swe,2016,83.75392150878906
swe,2017,87.0724105834961
swe,2018,92.04386901855467
swe,2019,95.32369232177734
swe,2020,101.5607223510742
swe,2021,111.1647872924805
swe,2022,108.3268814086914
swe,2023,104.1256790161133
swz,1970,0.3558099865913391
swz,1972,0.3492499887943268
swz,1976,1.259879946708679
swz,1977,1.903560042381287
swz,1979,1.898239970207214
swz,1980,2.541759967803955
swz,1981,2.266149997711182
swz,1990,3.277470111846924
swz,1991,3.444659948348999
swz,1992,2.79256010055542
swz,1993,3.912440061569214
swz,1996,6.151619911193848
swz,1999,4.300220012664795
swz,2000,4.062339782714844
swz,2002,4.653719902038574
swz,2004,5.355179786682129
swz,2005,4.662129878997803
swz,2006,4.264130115509033
swz,2011,6.869569778442383
swz,2013,6.395609855651855
sxm,2015,12.24818992614746
sxm,2017,14.79290008544922
sxm,2022,13.57341003417969
sxm,2023,12.55373954772949
syc,1970,0.0
syc,1971,0.0
syc,1972,0.0
syc,1973,0.0
syc,1974,0.0
syc,1975,0.0
syc,1976,0.0
syc,1977,0.0
syc,1978,0.0
syc,1979,0.0
syc,1980,0.0
syc,1981,0.0
syc,1982,0.0
syc,1983,0.0
syc,1984,0.0
syc,1985,0.0
syc,1986,0.0
syc,1987,0.0
syc,1988,0.0
syc,1989,0.0
syc,1990,0.0
syc,1991,0.0
syc,1992,0.0
syc,1993,0.0
syc,1994,0.0
syc,1995,0.0
syc,1996,0.0
syc,1997,0.0
syc,1998,0.0
syc,1999,0.0
syc,2000,0.0
syc,2001,0.0
syc,2002,0.0
syc,2003,0.0
syc,2004,0.0
syc,2005,0.0
syc,2006,0.0
syc,2007,0.0
syc,2008,0.0
syc,2009,0.0
syc,2010,0.0
syc,2011,4.644989967346191
syc,2012,2.506680011749268
syc,2013,5.028460025787354
syc,2014,10.68239974975586
syc,2015,23.10020065307617
syc,2016,36.42086029052734
syc,2017,66.44833374023438
syc,2018,64.9737319946289
syc,2019,61.97917175292969
syc,2020,39.34025955200195
syc,2021,41.25185012817383
syc,2022,19.59099006652832
syc,2023,18.56357002258301
syr,1971,3.012830018997192
syr,1972,3.894010066986084
syr,1973,3.651040077209473
syr,1974,4.02931022644043
syr,1975,4.70796012878418
syr,1976,5.419099807739258
syr,1977,6.166790008544922
syr,1978,7.334589958190918
syr,1979,8.0968599319458
syr,1980,8.328630447387695
syr,1981,9.890130043029783
syr,1982,10.98596000671387
syr,1983,10.56661987304688
syr,1984,10.98493003845215
syr,1985,11.58460998535156
syr,1986,12.15752029418945
syr,1987,12.05593967437744
syr,1988,12.96784973144531
syr,1989,12.26165008544922
syr,1990,13.47834968566895
syr,1991,13.55375003814697
syr,1992,13.18605041503906
syr,1993,13.61161041259766
syr,1994,12.51984977722168
syr,1995,12.13784027099609
syr,2002,11.57067966461182
syr,2003,12.30239963531494
syr,2004,13.80445003509521
syr,2005,17.06447982788086
syr,2006,19.69105911254883
syr,2007,19.63281059265137
syr,2008,20.38097953796387
syr,2009,21.82381057739258
syr,2010,22.81727981567383
syr,2011,24.38697052001953
syr,2012,28.46220970153809
syr,2013,31.31217956542969
syr,2014,45.28567886352539
syr,2015,50.83464050292969
syr,2016,47.38066101074219
tca,2008,0.118759997189045
tca,2010,0.3745299875736237
tca,2018,15.72637517630466
tca,2019,15.62064156206416
tca,2022,23.2117805480957
tcd,1971,0.0
tcd,1972,0.0
tcd,1973,0.0034099998883903
tcd,1974,0.0261000003665686
tcd,1975,0.0098200002685189
tcd,1976,0.0155800003558397
tcd,1977,0.021229999139905
tcd,1985,0.0640299990773201
tcd,1996,0.1309700012207031
tcd,1997,0.1584099978208542
tcd,1998,0.1846199929714203
tcd,2000,0.2370100021362305
tcd,2001,0.2441100031137466
tcd,2003,0.1920399963855743
tcd,2004,0.3025699853897095
tcd,2005,0.1701499968767166
tcd,2008,0.4973999857902527
tcd,2009,0.5934299826622009
tcd,2010,0.6211699843406677
tcd,2011,0.8517400026321411
tcd,2014,1.119379997253418
tcd,2015,1.457360029220581
tcd,2020,2.476079940795898
tgo,1972,0.1500200033187866
tgo,1973,0.1430300027132034
tgo,1974,0.1683900058269501
tgo,1975,0.1877100020647049
tgo,1976,0.2774499952793121
tgo,1977,0.3744300007820129
tgo,1978,0.5025500059127808
tgo,1979,0.4188100099563599
tgo,1980,0.4567199945449829
tgo,1981,0.5355600118637085
tgo,1982,0.4639300107955933
tgo,1983,0.4044300019741058
tgo,1984,0.4515799880027771
tgo,1987,0.4932399988174438
tgo,1988,0.5196999907493591
tgo,1990,0.5694699883460999
tgo,1991,0.6668300032615662
tgo,1992,0.6266199946403503
tgo,1993,0.5418199896812439
tgo,1994,0.5781300067901611
tgo,1995,0.7224699854850769
tgo,1996,0.8102200031280518
tgo,1998,1.04601001739502
tgo,2011,4.989480018615723
tgo,2012,5.585299968719482
tgo,2013,6.145609855651855
tgo,2014,6.272210121154785
tgo,2015,6.515979766845703
tgo,2016,7.500269889831543
tgo,2017,7.803279876708984
tgo,2018,8.592169761657715
tgo,2019,9.097270011901855
tgo,2020,10.78602981567383
tha,1976,2.629290103912354
tha,1977,3.802000045776367
tha,1978,4.356540203094482
tha,1993,21.12667083740234
tha,1999,37.38412094116211
tha,2000,38.71445846557617
tha,2001,41.65898132324219
tha,2002,42.51921844482422
tha,2003,44.40340042114258
tha,2004,46.20494842529297
tha,2005,47.57112121582031
tha,2006,46.26576995849609
tha,2007,53.14693069458008
tha,2008,51.24007034301758
tha,2009,51.29201889038086
tha,2010,57.40181742727684
tha,2011,58.36015889399978
tha,2012,56.9741244961637
tha,2013,56.65861892700195
tha,2014,57.05097159349239
tha,2016,57.70099888092179
tha,2017,55.47855269129395
tha,2018,54.47205473992344
tha,2019,52.68213398573663
tha,2020,49.89273071289063
tha,2021,50.66656858070044
tha,2022,50.48284612722082
tha,2023,53.11888122558594
tjk,1999,9.638250350952148
tjk,2000,10.16672992706299
tjk,2001,9.249870300292969
tjk,2002,9.654129981994627
tjk,2003,10.6201000213623
tjk,2004,11.57956981658936
tjk,2005,12.34838962554932
tjk,2006,13.29314041137695
tjk,2007,14.07656002044678
tjk,2008,14.68299961090088
tjk,2009,14.88080978393555
tjk,2010,15.09430027008057
tjk,2011,14.66709041595459
tjk,2012,14.8713903427124
tjk,2013,15.50885009765625
tjk,2014,17.44205093383789
tjk,2015,19.93444061279297
tjk,2016,22.67968940734863
tjk,2017,24.74031066894531
tjk,2020,30.77100641464122
tjk,2021,32.16753948947832
tjk,2022,33.60355868660118
tjk,2023,34.02340055425847
tjk,2024,34.68135990200521
tkl,1970,0.0
tkl,1971,0.0
tkl,1972,0.0
tkl,1973,0.0
tkl,1974,0.0
tkl,1975,0.0
tkl,1976,0.0
tkl,1977,0.0
tkl,1978,0.0
tkl,1979,0.0
tkl,1980,0.0
tkl,1981,0.0
tkl,1982,0.0
tkl,1983,0.0
tkl,1984,0.0
tkl,1985,0.0
tkl,1986,0.0
tkl,1987,0.0
tkl,1988,0.0
tkl,1989,0.0
tkl,1990,0.0
tkl,1991,0.0
tkl,1992,0.0
tkl,1993,0.0
tkl,1994,0.0
tkl,1995,0.0
tkl,1996,0.0
tkl,1997,0.0
tkl,1998,0.0
tkl,1999,0.0
tkl,2000,0.0
tkl,2001,0.0
tkl,2002,0.0
tkl,2003,0.0
tkl,2004,0.0
tkl,2005,0.0
tkl,2006,0.0
tkl,2007,0.0
tkl,2008,0.0
tkl,2009,0.0
tkm,2014,5.473810195922852
tkm,2019,9.942190170288086
tkm,2020,11.5669002532959
tkm,2021,13.94896984100342
tkm,2022,16.54101943969727
tkm,2023,18.93316078186035
tls,2002,9.393630027770996
tls,2009,13.44392967224121
tls,2010,14.81188011169434
tls,2023,31.55073064427717
ton,1970,0.0
ton,1978,1.886790037155151
ton,1979,1.451750040054321
ton,1981,6.265769958496094
ton,1984,7.816659927368164
ton,1985,7.919410228729248
ton,1999,3.869970083236694
ton,2002,7.713560104370117
ton,2003,8.58843994140625
ton,2020,28.93559928443649
ton,2023,63.52431869506836
tto,1971,1.622609972953796
tto,1972,1.730270028114319
tto,1973,1.746399998664856
tto,1974,1.803369998931885
tto,1975,1.93326997756958
tto,1976,3.091789960861206
tto,1977,3.092780113220215
tto,1978,2.986779928207397
tto,1979,2.610549926757813
tto,1980,3.44694995880127
tto,1981,3.662849903106689
tto,1982,3.507339954376221
tto,1983,3.658479928970337
tto,1984,2.942919969558716
tto,1985,3.562570095062256
tto,1986,4.370419979095459
tto,1987,4.693359851837158
tto,1989,5.021220207214355
tto,1991,5.810299873352051
tto,1992,5.503769874572754
tto,1993,6.021070003509521
tto,1999,6.779689788818359
tto,2000,6.939000129699707
tto,2001,7.621059894561768
tto,2002,10.37364959716797
tto,2003,10.78738975524902
tto,2004,13.3007698059082
tun,1971,0.9566699862480164
tun,1972,1.096349954605103
tun,1973,1.109560012817383
tun,1974,1.017680048942566
tun,1975,1.32194995880127
tun,1976,1.941949963569641
tun,1977,2.162930011749268
tun,1978,2.463779926300049
tun,1979,2.731729984283447
tun,1980,2.895469903945923
tun,1981,2.972389936447144
tun,1982,3.128779888153076
tun,1983,3.297830104827881
tun,1984,3.460079908370972
tun,1985,3.784359931945801
tun,1986,3.886059999465942
tun,1987,3.845380067825317
tun,1988,4.140570163726807
tun,1989,5.198410034179688
tun,1990,6.060229778289795
tun,1991,6.828839778900146
tun,1992,7.695069789886475
tun,1993,8.796649932861328
tun,1994,9.566729545593262
tun,1995,10.15880012512207
tun,1996,11.05220985412598
tun,1997,11.91236972808838
tun,1998,13.51486015319824
tun,1999,15.74133014678955
tun,2000,18.63722991943359
tun,2001,21.67688941955566
tun,2002,24.10928916931152
tun,2003,29.04581069946289
tun,2004,32.51137924194336
tun,2005,33.99599838256836
tun,2006,37.19073104858398
tun,2007,38.33314895629883
tun,2008,39.95346832275391
tun,2009,42.26657104492188
tun,2010,43.54496002197266
tun,2011,44.21416091918945
tun,2012,43.76499938964844
tun,2013,41.87554168701172
tun,2014,41.80764007568359
tun,2015,41.48342895507813
tun,2016,39.39350128173828
tun,2017,39.51459121704102
tun,2018,39.48268127441406
tun,2019,40.36397933959961
tun,2020,41.84671020507813
tun,2021,42.58053970336914
tun,2022,47.82950973510742
tun,2023,49.39873886108398
tur,1971,1.928230047225952
tur,1972,1.910889983177185
tur,1973,1.895300030708313
tur,1974,2.074959993362427
tur,1975,2.517600059509277
tur,1976,2.804660081863403
tur,1977,3.421410083770752
tur,1978,3.770450115203857
tur,1979,3.761650085449219
tur,1980,3.095030069351196
tur,1982,2.91894006729126
tur,1983,3.638499975204468
tur,1984,4.685699939727783
tur,1985,5.301829814910889
tur,1986,5.984910011291504
tur,1987,6.498640060424805
tur,1988,6.707079887390137
tur,1989,7.349790096282959
tur,1990,8.27610969543457
tur,1991,8.893580436706543
tur,1992,9.59401035308838
tur,1993,10.96508026123047
tur,1994,14.45030975341797
tur,1995,15.02672004699707
tur,1997,16.30587959289551
tur,1998,17.68217086791992
tur,1999,18.11734008789063
tur,2001,20.76203918457031
tur,2002,21.81282997131348
tur,2003,25.54614067077637
tur,2004,25.93457984924316
tur,2005,28.36091995239258
tur,2006,32.25672149658203
tur,2007,34.27117156982422
tur,2008,35.912841796875
tur,2009,41.81528091430664
tur,2010,51.58752822875977
tur,2011,56.91357040405273
tur,2012,65.12149810791016
tur,2013,74.1832504272461
tur,2014,81.51947784423828
tur,2015,89.85330963134766
tur,2016,97.50385284423828
tur,2017,104.2692794799805
tur,2018,109.9535903930664
tur,2019,114.0144424438477
tur,2020,117.8064498901367
tur,2021,126.7844696044922
tur,2022,130.0305786132813
tuv,1970,0.0
tuv,1971,0.0
tuv,1972,0.0
tuv,1973,0.0
tuv,1974,0.0
tuv,1975,0.0
tuv,1976,0.0
tuv,1977,0.0
tuv,1978,0.0
tuv,1979,0.0
tuv,1980,0.0
tuv,1981,0.0
tuv,1982,0.0
tuv,1983,0.0
tuv,1984,0.0
tuv,1985,0.0
tuv,1986,0.0
tuv,1987,0.0
tuv,1988,0.0
tuv,1989,0.0
tuv,1990,0.0
tuv,1991,0.0
tuv,1992,0.0
tuv,1993,0.0
tuv,1994,0.0
tuv,1995,0.0
tuv,1996,0.0
tuv,1997,0.0
tuv,1998,0.0
tuv,1999,0.0
tuv,2000,0.0
tuv,2001,0.0
tuv,2002,0.0
tuv,2003,0.0
tuv,2004,0.0
tuv,2005,0.0
tuv,2006,0.0
tuv,2007,0.0
tuv,2008,0.0
tuv,2009,0.0
tuv,2010,0.0
tuv,2011,0.0
tuv,2012,0.0
tuv,2013,0.0
tuv,2014,0.0
tuv,2015,0.0
tuv,2016,0.0
tuv,2017,0.0
tuv,2018,0.0
tuv,2019,0.0
tuv,2020,0.0
tuv,2021,0.0
tuv,2022,0.0
tuv,2023,0.0
tuv,2024,0.0
tuv,2025,0.0
tza,1970,0.0545400008559227
tza,1971,0.0623800009489059
tza,1972,0.0692199990153313
tza,1973,0.0751700028777122
tza,1974,0.0781700015068054
tza,1975,0.0595000013709068
tza,1976,0.0319399982690811
tza,1977,0.0309599991887808
tza,1978,0.0899000018835068
tza,1979,0.0842199996113777
tza,1982,0.0884499996900558
tza,1983,0.0854799970984459
tza,1984,0.0800900012254715
tza,1985,0.0755600035190582
tza,1986,0.0734400004148483
tza,1987,0.0801300033926964
tza,1991,0.1090100035071373
tza,1992,0.1143800020217896
tza,1993,0.1204100027680397
tza,1994,0.1420200020074844
tza,1995,0.1521500051021576
tza,1996,0.1843100041151047
tza,1997,0.2433100044727325
tza,1998,0.2147299945354462
tza,1999,0.2562699913978577
tza,2000,0.3013100028038025
tza,2001,0.3180899918079376
tza,2002,0.348690003156662
tza,2003,0.5500400066375732
tza,2004,0.7058699727058411
tza,2005,0.924239993095398
tza,2007,0.9382799863815308
tza,2010,1.909124633137972
tza,2012,2.779962749455756
tza,2013,2.554791640540281
tza,2014,3.477951900684294
tza,2015,2.767819659937534
tza,2016,2.809723183174019
tza,2019,2.269948210480481
tza,2020,6.54409698208139
tza,2021,3.097708306449272
tza,2022,4.805460236722447
tza,2023,4.663073921032246
tza,2024,3.627068869204373
uga,1970,0.1677999943494797
uga,1971,0.1920299977064133
uga,1972,0.2246000021696091
uga,1974,0.2038999944925308
uga,1975,0.1844799965620041
uga,1976,0.185259997844696
uga,1977,0.2847999930381775
uga,1979,0.2533900141716003
uga,1980,0.2177200019359589
uga,1981,0.242589995265007
uga,1982,0.3101600110530853
uga,1985,0.3364599943161011
uga,1986,0.4287500083446503
uga,1988,0.5120700001716614
uga,1989,0.5003200173377991
uga,1990,0.5883399844169617
uga,1991,0.6725999712944031
uga,1992,0.6808900237083435
uga,1993,0.7746400237083435
uga,1994,0.911549985408783
uga,1995,1.006389975547791
uga,1996,1.177639961242676
uga,1999,1.337180018424988
uga,2000,1.755929946899414
uga,2001,1.95114004611969
uga,2002,2.700269937515259
uga,2003,2.814349889755249
uga,2004,2.786429882049561
uga,2006,3.060220003128052
uga,2008,3.348530054092407
uga,2009,3.689330101013184
uga,2010,3.426009893417358
uga,2011,3.803149938583374
uga,2012,3.136529922485352
uga,2013,3.485510127646609
uga,2014,4.012750148773193
uga,2015,4.377247384509982
uga,2016,4.209564203813152
ukr,1994,46.6810188293457
ukr,1998,49.05813980102539
ukr,1999,51.60583877563477
ukr,2000,54.04636001586914
ukr,2001,57.24803924560547
ukr,2002,61.73849868774414
ukr,2003,66.23905181884766
ukr,2004,69.96758270263672
ukr,2005,73.92603302001953
ukr,2006,79.63549041748047
ukr,2007,84.667236328125
ukr,2008,88.83071899414062
ukr,2009,92.60707855224608
ukr,2010,91.43914031982422
ukr,2011,92.0280532836914
ukr,2012,89.86316680908203
ukr,2013,89.09578704833984
ukr,2014,90.28782653808594
ukr,2015,82.85726165771484
ukr,2016,82.17877960205078
ukr,2017,85.56558990478516
ukr,2018,86.48798370361328
ukr,2019,89.97998046875
ukr,2020,86.3139419555664
ukr,2021,80.6778564453125
ury,1974,10.85223960876465
ury,1975,12.8682804107666
ury,1977,16.39780044555664
ury,1979,16.99667930603027
ury,1980,16.45438957214355
ury,1982,22.6052303314209
ury,1983,23.85149002075195
ury,1998,45.84289932250977
ury,1999,42.78702163696289
ury,2000,42.96464920043945
ury,2001,48.53945159912109
ury,2002,52.19409942626953
ury,2003,55.94897842407227
ury,2004,57.19873046875
ury,2005,56.39986038208008
ury,2006,56.82469177246094
ury,2021,97.05245971679688
ury,2022,97.56938934326172
usa,1971,38.22192001342773
usa,1972,39.85086059570313
usa,1973,41.61904144287109
usa,1974,42.47787094116211
usa,1975,44.95993041992188
usa,1976,48.19713973999023
usa,1977,48.92699813842773
usa,1978,51.1973991394043
usa,1979,52.03347015380859
usa,1980,54.34904098510742
usa,1981,57.60298156738281
usa,1982,59.68841934204102
usa,1983,60.1940803527832
usa,1984,61.8426513671875
usa,1985,62.99298095703125
usa,1986,65.44091033935547
usa,1987,69.44037628173828
usa,1988,73.45864868164062
usa,1989,76.22792053222656
usa,1990,79.95613861083984
usa,1991,81.9300765991211
usa,1993,89.52790832519531
usa,1994,90.63864135742188
usa,1995,92.22640228271484
usa,1996,91.3876724243164
usa,1998,81.88683319091797
usa,1999,82.4623794555664
usa,2005,95.1901626586914
usa,2013,103.1126098632813
usa,2014,102.5993881225586
usa,2015,102.7473297119141
usa,2016,102.2938003540039
usa,2017,102.0113296508789
usa,2018,102.3540420532227
usa,2019,102.4253311157227
usa,2020,102.9567413330078
usa,2021,101.7102203369141
usa,2022,94.8502197265625
uzb,1999,11.86868953704834
uzb,2000,11.83677959442139
uzb,2001,11.90229988098145
uzb,2002,12.21730041503906
uzb,2003,12.05710983276367
uzb,2004,12.15670013427734
uzb,2005,8.072790145874023
uzb,2006,8.19966983795166
uzb,2007,8.113470077514648
uzb,2008,7.968929767608643
uzb,2009,8.036060333251953
uzb,2010,6.924933757373484
uzb,2011,6.705081692713619
uzb,2012,5.84345416122378
uzb,2013,5.917753511865604
uzb,2014,6.066046310757132
uzb,2015,6.157992846303515
uzb,2016,6.478485661925528
uzb,2017,6.7548840177639
uzb,2018,8.160828161773114
uzb,2019,11.02028108877424
uzb,2020,15.03184685012313
uzb,2021,20.59893910635237
uzb,2022,29.69178547838057
uzb,2023,46.46593342245517
uzb,2024,59.66615999775408
vct,1979,5.199540138244629
vct,1980,3.71533989906311
vct,1986,8.720230102539062
vct,1987,8.808650016784668
vct,1990,8.551159858703613
vct,1999,0.0
vct,2000,0.0
vct,2001,0.0
vct,2002,0.0
vct,2003,0.0
vct,2004,0.0
vct,2011,30.64794816414687
vct,2012,28.75915553640672
vct,2013,29.14594594594594
vct,2014,34.00043869018555
vct,2015,30.58395957946777
vct,2016,36.06403013182674
vct,2017,38.51581508515815
vct,2018,38.86101354741596
vct,2019,45.70986859056944
vct,2020,49.97355896351137
vct,2021,56.03123317178245
ven,1986,20.44182968139648
ven,1987,24.34744071960449
ven,1988,23.52252960205078
ven,1989,24.57460021972656
ven,2000,33.05810928344727
ven,2002,39.04661178588867
ven,2003,40.54484939575195
ven,2008,98.83943939208984
vgb,1999,82.71092987060547
vgb,2000,73.17073059082031
vgb,2001,56.70241165161133
vgb,2002,67.13735961914062
vgb,2004,89.3544692993164
vgb,2009,85.94950866699219
vgb,2015,48.89706039428711
vgb,2016,44.89437103271484
vgb,2018,21.98019981384277
vgb,2019,30.38298034667969
vgb,2020,37.83090972900391
vgb,2021,37.25820159912109
vgb,2022,35.10549163818359
vgb,2023,32.21477127075195
vir,1982,41.39234924316406
vir,1983,41.57917022705078
vir,1986,39.4947395324707
vir,1987,41.51237869262695
vir,1991,43.54914855957031
vir,1992,45.58924102783203
vir,1993,48.6632194519043
vnm,1976,1.32260000705719
vnm,1977,1.303159952163696
vnm,1978,1.423159956932068
vnm,1979,1.537649989128113
vnm,1981,0.9831500053405762
vnm,1998,7.5903000831604
vnm,1999,9.034839630126951
vnm,2000,7.787980079650879
vnm,2001,7.909689903259277
vnm,2002,8.26686954498291
vnm,2003,8.612939834594727
vnm,2005,13.11242961883545
vnm,2006,16.3564395904541
vnm,2007,18.70525932312012
vnm,2008,19.38412094116211
vnm,2009,20.71213912963867
vnm,2010,23.26567949792674
vnm,2011,25.41302130993296
vnm,2013,23.93153811840313
vnm,2014,31.75876637630096
vnm,2015,29.43653662026405
vnm,2016,31.92150312256329
vnm,2021,41.05909948287116
vnm,2022,45.37032232808211
vut,2002,3.819740056991577
vut,2003,3.480550050735474
vut,2004,3.488369941711426
wsm,1970,0.0179699994623661
wsm,1971,0.1034799963235855
wsm,1975,0.1967899948358536
wsm,1977,0.9783899784088136
wsm,1981,0.5214999914169312
wsm,1983,2.961970090866089
wsm,1998,8.145350456237793
wsm,1999,10.96837997436523
wsm,2000,6.693059921264648
wsm,2017,17.65177548682703
wsm,2018,18.78547105561861
wsm,2019,17.23903434206052
wsm,2020,19.74991235245998
wsm,2021,25.787142344068
wsm,2022,25.47830963134766
wsm,2023,21.83016014099121
yem,1992,1.384089946746826
yem,1997,1.01364004611969
yem,1999,3.818900108337402
yem,2002,4.627500057220459
yem,2003,4.530660152435303
yem,2004,4.47760009765625
yem,2005,4.443480014801025
yem,2006,4.442860126495361
yem,2007,5.288959980010986
yem,2008,5.545229911804199
yem,2010,5.630770206451416
yem,2011,5.382730007171631
zaf,1988,9.805720329284668
zaf,1989,10.65769004821777
zaf,1990,10.43696975708008
zaf,1991,11.13381004333496
zaf,1992,11.76171016693115
zaf,1993,12.71889972686768
zaf,1994,15.89309024810791
zaf,2012,21.13302040100098
zaf,2013,21.90447998046875
zaf,2014,21.68062973022461
zaf,2015,22.39225006103516
zaf,2016,22.34067916870117
zaf,2017,24.8591194152832
zaf,2018,26.52495956420898
zaf,2019,26.58583068847656
zaf,2020,27.58987045288086
zaf,2021,27.57522964477539
zaf,2022,29.68230056762695
zmb,1970,0.1175300031900406
zmb,1974,0.5182600021362305
zmb,1975,0.5337100028991699
zmb,1979,0.6830000281333923
zmb,1981,0.580810010433197
zmb,1982,0.6271200180053711
zmb,1988,1.158929944038391
zmb,1989,1.125100016593933
zmb,1998,1.492179989814758
zmb,1999,1.483369946479797
zmb,2011,2.19579005241394
zmb,2012,3.406739950180054
zwe,1983,0.9339600205421448
zwe,1984,1.089540004730225
zwe,1986,1.489150047302246
zwe,1992,3.702559947967529
zwe,2010,5.863120079040527
zwe,2011,5.862450122833252
zwe,2012,4.934653043235286
zwe,2013,6.357550144195557
zwe,2015,9.930100440979004
zwe,2016,7.535848688579659
zwe,2017,8.850529777071786
zwe,2018,9.049293598600007
zwe,2019,10.94269367522555
zwe,2020,10.57417475219471
