country,year,ictskillsetupeff_agunder15y_gpia
bgd,2021,0.8796245455741882
hkg,2019,0.9588972330093384
hkg,2020,0.9485333561897278
hkg,2021,0.8917494416236877
irn,2021,0.322934478521347
kaz,2019,0.9100845456123352
kaz,2020,0.8467406630516052
kaz,2021,1.004439473152161
mac,2021,1.010306596755981
zwe,2020,0.5225280523300171
