country,year,ictskillsetupeff_m_lpia
BGD,2021,0.7219051122665405
BIH,2021,0.858518123626709
ESP,2020,0.8936645984649658
IRN,2021,0.1310326755046844
KAZ,2019,0.5676843523979187
KAZ,2020,0.6833145618438721
KAZ,2021,0.9771504402160645
KOR,2021,0.9164639115333556
MLT,2020,0.8106539249420166
RUS,2021,0.4605179131031036
ZWE,2020,0.1650099605321884
