country,year,ictskillsetupeff_ag75orover_gpia
hkg,2019,0.5740325450897217
hkg,2020,0.3816720545291901
hkg,2021,0.4335559606552124
kaz,2019,1.156272411346436
kaz,2020,0.4618665874004364
kaz,2021,0.9579559564590454
mac,2021,0.4012356400489807
