country,year,math_g2_wpia
bdi,2014,0.9925456047058104
ben,2014,0.3542132675647736
bfa,2014,0.744339108467102
civ,2014,0.4546690881252289
cmr,2014,0.2324241697788239
cog,2014,0.6548711061477661
ner,2014,0.3627583086490631
sen,2014,0.4231752455234528
tcd,2014,0.6258326768875122
tgo,2014,0.3272585570812225
