country,year,ictskillverifrel_agunder15y
bgd,2021,0.9956799745559692
irn,2021,0.3152500092983246
mex,2017,64.83184051513672
mex,2018,66.1977310180664
