country,year,rofst_h_1_abl_gpia
BEN,2013,1.104040026664734
BEN,2019,1.07000994682312
CIV,2019,1.023190021514893
KHM,2020,0.9211500287055968
MDV,2017,0.9120399951934814
MDV,2019,1.012279987335205
MLI,2018,1.072510004043579
NER,2019,1.115180015563965
NGA,2018,1.062029957771301
PAK,2018,1.278939962387085
PRI,2010,0.9976099729537964
TGO,2010,1.16199004650116
TLS,2016,0.8863199949264526
TZA,2022,0.8743100166320801
ZAF,2016,1.151409983634949
ZAF,2020,0.8712800145149231
ZAF,2021,1.247179985046387
