country,year,ictskillchangpriv_agunder15y_m
bgd,2021,0.9170299768447876
irn,2021,0.2592000067234039
mac,2021,21.80451011657715
mex,2017,2.861469984054565
mex,2018,2.280920028686523
ukr,2020,0.5622299909591675
zwe,2020,0.8159700036048889
