country,year,xgovexp_imf
abw,1998,22.08238983154297
abw,1999,19.28166007995605
abw,2000,21.80771064758301
abw,2001,21.32317924499512
abw,2002,19.75715065002441
abw,2004,14.90291023254395
abw,2005,18.88828086853027
abw,2007,20.79264068603516
abw,2008,19.02882957458496
abw,2009,21.56355094909668
abw,2010,22.17678070068359
abw,2011,21.75053977966309
abw,2012,20.63408088684082
abw,2013,21.87763023376465
abw,2014,19.61797904968262
abw,2015,23.20137977600098
abw,2016,21.85375022888184
abw,2017,18.52140849515657
abw,2018,20.12344033946892
abw,2019,19.40142706009356
abw,2021,10.95644296081246
afg,1981,0.0
afg,1982,0.0
afg,1983,0.0
afg,1999,0.0
afg,2000,0.0
afg,2001,0.0
afg,2010,17.07712936401367
afg,2011,16.04842948913574
afg,2012,10.3568000793457
afg,2013,14.1028003692627
afg,2014,14.46592998504639
afg,2015,12.50899982452393
afg,2016,16.21170043945313
afg,2017,15.66137981414795
ago,1985,0.0
ago,1986,0.0
ago,1987,0.0
ago,1998,6.11467981338501
ago,2000,5.255080223083496
ago,2005,7.992350101470947
ago,2006,7.454790115356445
ago,2010,8.684769630432129
ago,2012,8.370432445245541
ago,2013,8.826970611277849
ago,2015,8.918776535199198
ago,2016,6.550974048507172
ago,2017,6.763776862139573
ago,2018,5.777524545665425
ago,2019,6.045355647235148
ago,2020,5.294735722737711
ago,2021,6.919610063027055
ago,2022,6.640472120780773
ago,2023,7.738962509912019
ago,2024,6.36976605603197
ago,2025,6.524646543748751
aia,2013,12.04232749356389
aia,2014,11.60092064586532
aia,2015,12.54403384916802
aia,2016,11.97237149643151
aia,2017,11.59026985581959
aia,2018,9.108467654682055
aia,2019,11.11986072965301
aia,2020,10.67566828407773
aia,2021,11.04676370718868
aia,2022,13.35959095412863
aia,2023,12.97385720863458
aia,2024,10.2872343982428
alb,1994,0.0
alb,1995,0.0
alb,1996,0.0
alb,1997,11.1533899307251
alb,1998,9.624070167541504
alb,1999,9.682459831237791
alb,2000,10.13702964782715
alb,2001,10.58193016052246
alb,2002,9.886919975280762
alb,2003,10.57359981536865
alb,2004,10.70316028594971
alb,2005,11.35797023773193
alb,2006,10.93295001983643
alb,2007,11.17718982696533
alb,2011,10.96722347168107
alb,2012,11.50985671468504
alb,2013,12.12390995025635
alb,2014,10.91816811673631
alb,2015,11.17755031585693
alb,2016,13.59696006774902
alb,2017,12.38521003723145
alb,2018,10.88173224365852
alb,2019,13.43340015411377
alb,2020,10.26743030548096
alb,2021,9.40900993347168
alb,2022,9.014089584350586
alb,2023,10.85657978057861
and,1997,0.0
and,2012,9.84161391329076
and,2013,6.195529937744141
and,2014,13.31521034240723
and,2015,10.44281005859375
and,2016,9.99098014831543
and,2017,9.39243984222412
and,2018,13.4619197845459
and,2019,10.89523983001709
and,2020,8.991869225938949
and,2021,10.26473536638295
and,2022,6.961249828338623
and,2023,12.76951536894096
and,2024,12.00451540811257
and,2025,12.12907962336176
are,2019,13.56886959075928
are,2020,12.79823017120361
are,2021,14.75561046600342
arg,1982,0.0
arg,1983,0.0
arg,1984,0.0
arg,1985,0.0
arg,1986,0.0
arg,1987,0.0
arg,1989,0.0
arg,1990,0.0
arg,1996,15.39877033233643
arg,1998,15.62125968933105
arg,1999,15.87753963470459
arg,2000,16.22615051269531
arg,2001,16.35596084594727
arg,2002,16.44220924377441
arg,2003,14.35472011566162
arg,2004,15.13930034637451
arg,2005,15.8031702041626
arg,2006,15.50984001159668
arg,2007,15.10157012939453
arg,2008,15.74783992767334
arg,2009,16.02066993713379
arg,2010,15.04796981811523
arg,2011,15.15855979919434
arg,2012,14.51826000213623
arg,2013,14.45792961120605
arg,2014,13.79932975769043
arg,2015,13.96331024169922
arg,2016,13.35554027557373
arg,2017,13.26391983032227
arg,2018,12.52334022521973
arg,2019,12.51445960998535
arg,2020,12.42228984832764
arg,2021,12.28489971160889
arg,2022,12.70757961273193
arg,2023,13.22395992279053
arm,1996,0.0
arm,1999,0.0
arm,2000,0.0
arm,2001,0.0
arm,2002,0.0
arm,2003,0.0
arm,2004,0.0
arm,2005,13.64809036254883
arm,2006,13.57851982116699
arm,2007,13.46558952331543
arm,2008,14.2684497833252
arm,2009,13.45121955871582
arm,2010,12.40050983428955
arm,2011,12.59333992004395
arm,2012,12.36896991729736
arm,2013,11.13675975799561
arm,2014,9.367119789123535
arm,2015,10.65635967254639
arm,2016,10.19719982147217
arm,2017,10.40312957763672
arm,2018,8.678587595846022
arm,2019,8.575244272365575
arm,2020,8.827779769897461
arm,2021,9.655320167541504
arm,2022,9.446550369262695
arm,2023,9.036899566650392
arm,2024,9.440014663011535
arm,2025,8.708362807732591
atg,1999,12.43941020965576
atg,2002,11.70153999328613
atg,2009,6.928140163421631
atg,2012,10.14325661585533
atg,2013,10.73023376289031
atg,2014,10.31662372166527
atg,2015,7.630211861107441
atg,2016,6.483569777718107
atg,2017,7.172854627390551
atg,2018,7.587625434543993
atg,2019,9.543664171125895
atg,2020,7.378756730220585
atg,2021,6.85999508093725
atg,2022,7.805379692752923
atg,2023,8.669606644639806
atg,2024,11.03589805478581
atg,2025,5.870046190306808
aus,1980,0.0
aus,1982,0.0
aus,1983,0.0
aus,1985,0.0
aus,1986,0.0
aus,1987,0.0
aus,1988,13.24973011016846
aus,1989,13.35091972351074
aus,1990,13.59171962738037
aus,1991,14.06530952453613
aus,1992,13.20401954650879
aus,1993,15.01692008972168
aus,1994,14.29701995849609
aus,2020,12.16913986206055
aus,2021,12.1088399887085
aus,2022,12.64196968078613
aut,1981,0.0
aut,1982,0.0
aut,1983,0.0
aut,1984,0.0
aut,1985,0.0
aut,1986,0.0
aut,1987,0.0
aut,1988,0.0
aut,1989,11.28604030609131
aut,1990,11.51311016082764
aut,1991,11.75020980834961
aut,1992,11.75971031188965
aut,1993,11.07318019866943
aut,1995,10.50611972808838
aut,1996,9.740949630737305
aut,1998,11.29195022583008
aut,1999,12.15056991577148
aut,2000,11.0332202911377
aut,2001,10.81678009033203
aut,2002,10.77766036987305
aut,2003,10.41788005828857
aut,2004,9.83547019958496
aut,2005,10.22817039489746
aut,2006,10.33712005615234
aut,2007,10.41668033599854
aut,2008,10.51202964782715
aut,2009,10.56037044525146
aut,2010,10.75069046020508
aut,2011,10.96181964874268
aut,2012,10.65845966339111
aut,2013,10.67006969451904
aut,2014,10.49254035949707
aut,2015,10.7222204208374
aut,2016,10.87989044189453
aut,2017,10.84245014190674
aut,2018,10.68115043640137
aut,2019,10.67115020751953
aut,2020,9.735380172729492
aut,2021,9.782340049743652
aut,2022,9.95557975769043
aze,1992,0.0
aze,1995,68.47384643554688
aze,1996,23.75856018066406
aze,1998,18.7569408416748
aze,1999,21.60498046875
aze,2000,21.11907958984375
aze,2001,20.87755012512207
aze,2002,13.6307201385498
aze,2003,15.1708402633667
aze,2004,14.23503971099854
aze,2005,13.2231502532959
aze,2006,10.10041999816895
aze,2007,9.779370307922363
aze,2008,7.763840198516846
aze,2009,9.3439302444458
aze,2010,8.70083999633789
aze,2011,7.219860076904297
aze,2012,5.643670082092285
aze,2013,6.46412992477417
aze,2014,7.238729953765869
aze,2015,7.627110004425049
aze,2016,8.195779800415039
aze,2017,6.954559803009033
aze,2018,7.399650096893311
aze,2019,9.767569541931152
aze,2020,10.78785037994385
aze,2021,11.50881958007813
aze,2022,11.63961029052734
aze,2023,11.18455028533936
aze,2024,11.44960076291508
aze,2025,11.92361606564979
bdi,1981,0.0
bdi,1990,0.0
bdi,1991,18.8640308380127
bdi,1992,18.12272071838379
bdi,1994,16.75643920898438
bdi,1995,23.79244041442871
bdi,1996,16.71360015869141
bdi,1999,13.51863956451416
bdi,2000,10.73526000976563
bdi,2001,11.43313026428223
bdi,2002,12.48608016967773
bdi,2004,9.179080009460447
bdi,2005,10.95926952362061
bdi,2008,12.61553955078125
bdi,2009,16.30168914794922
bdi,2010,16.58810043334961
bdi,2011,14.97929954528809
bdi,2012,16.42831993103027
bdi,2013,17.24325942993164
bdi,2014,23.84000015258789
bdi,2015,27.49724006652832
bdi,2016,20.78461074829102
bdi,2017,19.76485061645508
bdi,2018,19.51926040649414
bdi,2019,21.2221666369194
bdi,2020,20.74195234309137
bdi,2021,20.43854000560069
bdi,2022,20.63708380730232
bdi,2025,10.29074001312256
bel,1981,10.27493953704834
bel,1982,9.252189636230469
bel,1986,8.609390258789062
bel,1987,8.18340015411377
bel,1988,8.165590286254883
bel,1993,10.18002986907959
bel,1994,10.28120994567871
bel,1995,5.828969955444336
bel,1996,5.897059917449951
bel,2005,11.1755199432373
bel,2008,12.47245025634766
bel,2009,11.80014991760254
bel,2010,11.94892024993896
bel,2011,11.60301971435547
bel,2012,11.67440032958984
bel,2013,11.80877017974854
bel,2014,11.83518981933594
bel,2015,12.00726985931396
bel,2016,12.15122032165527
bel,2017,12.34185981750488
bel,2018,12.18058013916016
bel,2019,12.2196102142334
bel,2020,11.55578994750977
bel,2021,11.6143798828125
bel,2022,12.01037979125977
ben,1998,18.46174049377441
ben,1999,17.88518905639648
ben,2000,13.51319980621338
ben,2001,15.31058025360107
ben,2002,14.12907981872559
ben,2003,16.68252944946289
ben,2004,19.21394920349121
ben,2005,18.79039001464844
ben,2006,19.70960998535156
ben,2007,14.94869041442871
ben,2008,19.08857917785645
ben,2009,18.17561912536621
ben,2010,26.14396095275879
ben,2012,25.02131080627441
ben,2013,22.34122085571289
ben,2014,22.22771072387695
ben,2015,17.47952079772949
ben,2016,18.79140090942383
ben,2017,19.8796501159668
ben,2018,17.70918083190918
ben,2019,18.86811614915913
ben,2020,15.72035389877586
ben,2021,14.7747873406015
ben,2022,14.99147068718993
ben,2023,15.797556817439
ben,2024,17.96803182192264
ben,2025,18.02168943239186
bfa,1983,0.0
bfa,1985,0.0
bfa,1988,7.212820053100586
bfa,1994,19.94968032836914
bfa,1996,7.340179920196533
bfa,2005,19.49419021606445
bfa,2006,18.20170021057129
bfa,2007,17.86381912231445
bfa,2010,16.17281913757324
bfa,2011,19.5006103515625
bfa,2012,15.8953800201416
bfa,2013,16.16527938842773
bfa,2014,19.36811065673828
bfa,2015,18.02708053588867
bfa,2017,21.44400024414063
bfa,2018,22.66116905212402
bfa,2019,21.65662042305029
bfa,2020,20.99245879205485
bfa,2021,21.39246515992313
bfa,2022,21.9580967321077
bfa,2023,20.2971969686914
bgd,1980,5.263599872589111
bgd,1981,6.634029865264893
bgd,1982,6.394110202789307
bgd,1983,6.473259925842285
bgd,1984,8.08761978149414
bgd,1985,8.388629913330078
bgd,1986,9.130049705505373
bgd,1987,10.46842956542969
bgd,1990,11.19102954864502
bgd,1991,11.06210041046143
bgd,1992,12.53666973114014
bgd,1993,12.11384963989258
bgd,1997,15.19686985015869
bgd,1999,18.12978935241699
bgd,2000,20.49041938781738
bgd,2001,18.58477973937988
bgd,2002,15.69379997253418
bgd,2003,16.6816291809082
bgd,2004,15.95312023162842
bgd,2006,17.3365306854248
bgd,2007,18.15340042114258
bgd,2008,17.81619071960449
bgd,2009,14.02987003326416
bgd,2011,16.79397010803223
bgd,2012,15.74512004852295
bgd,2013,14.03464984893799
bgd,2014,13.30632793577933
bgd,2015,12.04410314352193
bgd,2016,11.0494499206543
bgd,2018,14.24517178526184
bgd,2019,8.732950210571289
bgd,2020,15.03070258948972
bgd,2021,12.76997604748202
bgd,2022,12.40404380791912
bgd,2023,13.00122481669384
bgd,2024,11.99301640226573
bgd,2025,11.88343789209536
bgr,1990,0.0
bgr,1991,0.0
bgr,1992,0.0
bgr,1993,0.0
bgr,1994,0.0
bgr,1995,0.0
bgr,1996,0.0
bgr,1998,8.951020240783691
bgr,2001,9.277739524841309
bgr,2002,9.654319763183594
bgr,2003,11.18025016784668
bgr,2004,12.27917957305908
bgr,2005,12.07252025604248
bgr,2006,12.01047992706299
bgr,2007,11.11392021179199
bgr,2008,12.61225986480713
bgr,2009,12.6567497253418
bgr,2010,11.16341972351074
bgr,2011,11.10004997253418
bgr,2012,10.69091987609863
bgr,2013,11.43980026245117
bgr,2014,11.31035041809082
bgr,2015,10.40633964538574
bgr,2016,11.6558198928833
bgr,2017,12.73095035552979
bgr,2018,11.79002952575684
bgr,2019,11.70670986175537
bgr,2020,11.91499996185303
bgr,2021,12.25271034240723
bgr,2022,11.98184967041016
bhr,2006,11.91866016387939
bhr,2007,11.02672958374023
bhr,2008,10.55867004394531
bhr,2010,8.625524229684478
bhr,2011,8.769654500444263
bhr,2012,8.179829597473145
bhr,2013,7.458600044250488
bhr,2014,8.684029579162598
bhr,2015,7.328189849853516
bhr,2016,9.620668061041863
bhr,2017,7.223849773406982
bhr,2018,9.25130901584206
bhr,2019,8.55740317815593
bhr,2020,7.138605286289597
bhr,2021,7.664672447013593
bhr,2022,7.660179863727669
bhr,2023,7.724914375449581
bhr,2024,8.7409747478851
bhr,2025,8.336649790977546
bhs,2000,19.79520988464355
bhs,2010,12.49522559877134
bhs,2011,12.36150148265652
bhs,2012,12.17644841679832
bhs,2013,12.14246608523937
bhs,2014,12.08616846380537
bhs,2015,11.55411694216819
bhs,2016,11.64422612027612
bhs,2017,11.53251878655341
bhs,2018,12.79880419210419
bhs,2019,12.91649652305366
bhs,2020,12.65664036288942
bhs,2021,10.68517684956843
bhs,2022,10.35661261851113
bhs,2023,11.59723907553566
bhs,2024,10.84636552563694
bhs,2025,10.61935778028382
bih,2016,10.2874002456665
bih,2018,9.630789756774902
bih,2019,10.13315010070801
bih,2021,10.1768798828125
blr,1999,0.0
blr,2000,0.0
blr,2004,12.55235004425049
blr,2005,12.62010955810547
blr,2006,12.45032024383545
blr,2007,10.13372039794922
blr,2009,8.449549674987793
blr,2010,11.77812957763672
blr,2011,11.62664985656738
blr,2012,12.75230026245117
blr,2013,12.2739896774292
blr,2014,12.40672016143799
blr,2015,11.46173000335693
blr,2016,12.15878009796143
blr,2017,12.28168964385986
blr,2018,12.7802095413208
blr,2019,13.33073997497559
blr,2020,12.78114986419678
blr,2021,12.81599998474121
blr,2022,12.17733001708984
blr,2023,12.2770299911499
blr,2024,12.34191989898682
blz,1999,19.2827091217041
blz,2000,15.61225986480713
blz,2001,18.30537033081055
blz,2003,16.02519035339355
blz,2004,16.32427978515625
blz,2008,19.4965991973877
blz,2009,22.05760955810547
blz,2010,22.61046981811523
blz,2011,21.5642707347762
blz,2012,21.23012168501997
blz,2013,23.13282012939453
blz,2014,21.56307983398438
blz,2015,21.59255027770996
blz,2016,20.48530006408691
blz,2017,21.5186595916748
blz,2018,22.14901924133301
blz,2019,22.22006034851074
blz,2020,18.99353981018066
blz,2021,17.95356941223145
blz,2022,17.83135032653809
blz,2023,18.05937957763672
blz,2024,18.9034569346512
bmu,2003,11.03660011291504
bmu,2004,11.11384963989258
bmu,2005,12.10540008544922
bmu,2009,13.97043037414551
bmu,2010,12.93424034118652
bmu,2014,7.796440124511719
bmu,2015,9.018799781799316
bmu,2017,7.773469924926758
bol,2006,21.56677055358887
bol,2007,20.58189964294434
bol,2008,19.02747917175293
bol,2009,22.81318092346191
bol,2010,22.13941955566406
bol,2011,18.24453926086426
bol,2012,18.39156913757324
bol,2013,19.19638061523438
bol,2014,18.1302604675293
bol,2015,18.29406929016113
bol,2016,20.37919044494629
bol,2017,20.95578956604004
bol,2018,21.25337982177734
bol,2019,22.38405990600586
bol,2020,22.94177055358887
bol,2021,22.90138053894043
bol,2022,21.04229927062988
bol,2023,20.39962959289551
bol,2024,20.16016006469727
bra,1995,0.0
bra,1998,0.0
bra,1999,0.0
bra,2000,0.0
bra,2001,9.65944004058838
bra,2002,8.428790092468262
bra,2004,10.01616954803467
bra,2005,10.69752025604248
bra,2006,11.44332981109619
bra,2007,12.32724952697754
bra,2008,13.19997024536133
bra,2009,13.47807025909424
bra,2010,14.29500961303711
bra,2011,14.57406997680664
bra,2012,14.89486980438232
bra,2013,14.67778968811035
bra,2014,14.35914039611816
bra,2015,13.51146030426025
bra,2016,13.8761100769043
bra,2017,14.26830959320068
bra,2018,13.78094005584717
bra,2019,13.85472011566162
bra,2020,12.49825000762939
bra,2021,13.61616039276123
bra,2022,12.93400955200195
brb,1991,0.0
brb,1999,21.16819953918457
brb,2000,22.15035057067871
brb,2001,26.88882064819336
brb,2002,24.72448921203613
brb,2003,18.58456039428711
brb,2004,18.61813926696777
brb,2005,18.24297904968262
brb,2007,17.22097015380859
brb,2008,15.71065044403076
brb,2009,16.1005802154541
brb,2010,18.0963306427002
brb,2012,16.70269012451172
brb,2013,14.84482002258301
brb,2014,17.45105934143066
brb,2015,17.80954719358017
brb,2016,13.36244964599609
brb,2017,12.879150390625
brb,2018,16.3585713461348
brb,2019,13.85986042022705
brb,2020,16.14246940612793
brb,2021,14.84473037719727
brb,2022,12.73071956634521
brb,2023,12.4731502532959
brb,2024,11.83971733960862
brb,2025,14.18753028909637
brn,1981,13.07098960876465
brn,1982,11.23896980285645
brn,1987,9.586009979248049
brn,1988,11.84342956542969
brn,1989,10.0657901763916
brn,1990,8.710269927978516
brn,1991,8.22681999206543
brn,1992,9.180629730224608
brn,1993,9.276000022888184
brn,1998,8.760890007019043
brn,1999,8.89342975616455
brn,2000,8.920740127563477
brn,2010,5.302080154418945
brn,2011,9.18218994140625
brn,2012,9.726420402526855
brn,2014,9.984600067138672
brn,2016,11.44194984436035
btn,2000,13.92039012908936
btn,2001,13.22609996795654
btn,2004,18.60663032531738
btn,2005,22.83286094665527
btn,2008,15.10490989685059
btn,2009,12.84471035003662
btn,2010,10.29551982879639
btn,2011,11.38751029968262
btn,2013,15.68694972991943
btn,2014,17.45413970947266
btn,2015,25.34506988525391
btn,2016,24.36861991882324
btn,2017,23.04472923278809
btn,2018,21.85482025146484
btn,2019,18.08603525567063
btn,2020,16.25513860217371
btn,2021,16.90229552017217
btn,2022,22.10643543228469
btn,2023,19.19111061096191
btn,2024,17.17575353471745
btn,2025,22.21658285838583
bwa,1983,14.22157001495361
bwa,1984,15.38490962982178
bwa,1985,15.27449989318848
bwa,1986,15.36186981201172
bwa,1987,16.55583953857422
bwa,1988,15.88074970245361
bwa,1990,16.36691093444824
bwa,1992,16.16987037658691
bwa,2005,25.82353019714355
bwa,2007,26.50778961181641
bwa,2009,20.4773998260498
bwa,2010,23.55052847334032
bwa,2011,24.19450015552829
bwa,2012,21.67181957951714
bwa,2013,20.91291976578029
bwa,2014,22.66012520102593
bwa,2015,23.05355280998783
bwa,2016,22.00429103147222
bwa,2017,22.8162628925243
bwa,2018,22.56106645769163
bwa,2019,22.34200103692729
bwa,2020,21.46508740641373
caf,1986,0.0
caf,1987,0.0
caf,1990,11.14008045196533
caf,1991,9.923370361328123
caf,1999,8.949319839477539
caf,2000,9.93076992034912
caf,2002,9.199870109558104
caf,2003,12.01257991790771
caf,2004,12.04712963104248
caf,2005,9.666500091552734
caf,2006,10.05424022674561
caf,2007,9.86948013305664
caf,2008,7.860000133514404
caf,2009,7.841720104217529
caf,2010,6.475379943847656
caf,2011,7.825459957122803
caf,2012,10.61656912548137
caf,2013,8.083443903931409
caf,2014,9.387187516772306
caf,2015,8.386741861801614
caf,2016,7.31902194047271
caf,2017,8.895049900832982
caf,2018,9.135496419530964
caf,2019,9.79781209629898
caf,2020,9.782442732726116
caf,2021,9.088691997242645
caf,2022,10.7420521886098
caf,2023,9.993928156111604
can,1981,15.57890033721924
can,1982,15.53180980682373
can,1983,14.77497005462646
can,1984,14.09080028533936
can,1985,13.2368803024292
can,1986,12.68319988250732
can,1987,13.45582962036133
can,1988,13.53853988647461
can,1989,13.56976985931396
can,1990,13.19062042236328
can,1991,14.2637996673584
can,1992,13.11614036560059
can,1993,14.62347984313965
can,1994,12.93443012237549
can,1995,12.8636302947998
can,1998,12.63957977294922
can,1999,12.74188041687012
can,2000,12.98260021209717
can,2001,12.21224021911621
can,2002,12.14789962768555
can,2005,12.17807006835938
can,2007,12.32855987548828
can,2008,12.00996017456055
can,2009,12.48363971710205
can,2010,12.33596038818359
can,2011,12.21914005279541
can,2013,11.21290969848633
can,2014,12.12088012695313
can,2015,12.35161972045898
can,2016,12.03549957275391
can,2017,12.17074012756348
can,2018,12.08487033843994
can,2019,11.73793983459473
can,2020,12.04234981536865
can,2021,9.068719863891602
can,2022,10.65355968475342
che,1981,0.0
che,1982,0.0
che,1983,0.0
che,1984,15.59389972686768
che,1985,15.52194976806641
che,1986,15.73204040527344
che,1987,15.45471954345703
che,1988,16.15731048583984
che,1989,15.8157901763916
che,1990,17.181640625
che,1991,17.1725902557373
che,1993,16.15929985046387
che,1994,15.51152038574219
che,1995,15.31004047393799
che,1996,15.27908992767334
che,1998,14.55200958251953
che,1999,14.33310031890869
che,2000,14.4521598815918
che,2001,15.25533962249756
che,2002,15.18126010894775
che,2003,16.19942092895508
che,2004,16.09639930725098
che,2005,15.70398998260498
che,2006,15.85387992858887
che,2007,15.56042003631592
che,2008,15.88504028320313
che,2009,15.52213954925537
che,2010,15.28763961791992
che,2011,15.44705009460449
che,2012,15.47457027435303
che,2013,15.09430980682373
che,2014,15.32168960571289
che,2015,15.38836002349854
che,2016,15.36046981811523
che,2017,15.46105003356934
che,2018,15.52597045898438
che,2019,15.67673969268799
che,2020,14.27455997467041
che,2021,14.60931015014648
che,2022,15.41516971588135
chl,1981,0.0
chl,1987,0.0
chl,1990,0.0
chl,1993,13.51883029937744
chl,1994,14.13241958618164
chl,1995,15.02462005615234
chl,1996,15.75998973846436
chl,1997,14.50413990020752
chl,1998,15.17037010192871
chl,1999,15.65221977233887
chl,2000,16.42790985107422
chl,2002,17.45059967041016
chl,2003,17.63722038269043
chl,2004,17.02104949951172
chl,2005,16.19908905029297
chl,2006,16.23127937316895
chl,2007,16.74641036987305
chl,2008,17.40113067626953
chl,2009,17.03561019897461
chl,2010,17.85330963134766
chl,2011,17.7475700378418
chl,2013,19.67765045166016
chl,2014,19.9210090637207
chl,2015,19.59370994567871
chl,2016,21.15559959411621
chl,2017,21.31123924255371
chl,2018,21.36606979370117
chl,2019,21.23362922668457
chl,2020,19.35458946228027
chl,2021,14.88084983825684
chl,2022,18.37988090515137
chn,1981,0.0
chn,1982,0.0
chn,1983,9.563249588012695
chn,1984,9.762240409851074
chn,1985,10.68737983703613
chn,1986,10.43900966644287
chn,1987,9.461580276489258
chn,1988,10.74394035339355
chn,1992,12.29053020477295
chn,1993,14.77394962310791
chn,1994,20.06493949890137
chn,1995,18.71717071533203
chn,1996,19.50534057617188
chn,1998,14.55140972137451
chn,1999,12.63156032562256
chn,2023,11.90557956695557
civ,1992,0.0
civ,1993,0.0
civ,1994,0.0
civ,1995,0.0
civ,1996,0.0
civ,1997,19.22014999389648
civ,1998,18.81475067138672
civ,1999,21.67118072509766
civ,2000,20.80694961547852
civ,2001,23.20203018188477
civ,2002,22.59230041503906
civ,2003,22.64822959899902
civ,2004,22.1071605682373
civ,2005,21.84568977355957
civ,2006,20.01789093017578
civ,2007,20.75588035583496
civ,2008,21.52691078186035
civ,2009,22.18955993652344
civ,2010,22.77275085449219
civ,2011,22.42686080932617
civ,2012,20.85876083374023
civ,2013,21.57472991943359
civ,2014,21.76678085327148
civ,2015,21.17321968078613
civ,2016,22.38759994506836
civ,2017,20.63349914550781
civ,2018,18.28890037536621
civ,2019,19.8460693359375
civ,2020,18.59025001525879
civ,2021,16.26627922058105
civ,2022,15.90301036834717
civ,2023,15.94645977020264
civ,2024,17.62277030944824
cmr,1982,0.0
cmr,1983,0.0
cmr,1984,0.0
cmr,1986,0.0
cmr,1987,0.0
cmr,1988,0.0
cmr,1989,0.0
cmr,1990,0.0
cmr,1991,0.0
cmr,1992,0.0
cmr,2000,11.68369960784912
cmr,2001,15.73330974578857
cmr,2003,21.44202041625977
cmr,2004,20.84712028503418
cmr,2005,21.37760925292969
cmr,2006,20.31266021728516
cmr,2007,21.37933921813965
cmr,2008,15.70061016082764
cmr,2009,19.7797908782959
cmr,2010,18.7538890838623
cmr,2011,14.86777019500732
cmr,2012,15.17621994018555
cmr,2013,13.82495021820068
cmr,2014,12.87975978851318
cmr,2015,13.24398994445801
cmr,2016,12.69468975067139
cmr,2017,15.91281032562256
cmr,2018,16.88315963745117
cmr,2019,14.17869849931574
cmr,2020,14.45112220468882
cmr,2021,15.04790385368358
cmr,2022,12.76697549752368
cmr,2023,13.08295109449348
cmr,2024,13.83037652518901
cod,1981,0.0
cod,1982,0.0
cod,1983,0.0
cod,1984,0.0
cod,1985,0.0
cod,1986,0.0
cod,1987,0.0
cod,1988,0.0
cod,2010,9.578410148620604
cod,2013,16.17480087280273
cod,2014,13.35221004486084
cod,2015,14.85070037841797
cod,2016,14.22933959960938
cod,2017,13.14776992797852
cog,1994,22.4124698638916
cog,1995,14.70777988433838
cog,1998,14.12652969360352
cog,2002,9.054849624633787
cog,2003,9.519949913024902
cog,2004,8.561809539794922
cog,2005,7.597819805145264
cog,2010,24.72777938842773
cog,2011,6.493709291750934
cog,2013,14.7248982435275
cog,2014,6.555920124053955
cog,2015,7.950399875640869
cog,2016,8.709630671311789
cog,2017,15.68577003479004
cog,2018,15.58290004730225
cog,2019,17.00742215760968
cog,2020,17.00914003582359
cog,2021,16.56100485034036
cog,2022,15.50950162568215
cog,2023,14.72915282472632
cok,1985,0.0
cok,1987,0.0
cok,1992,0.0
cok,1999,5.246399879455566
cok,2000,6.694660186767578
cok,2011,9.642640113830566
cok,2012,8.308850288391113
cok,2013,8.808850288391113
cok,2014,11.55288982391357
cok,2015,10.16181958017452
cok,2016,11.17017530648799
cok,2017,9.20479966911298
cok,2018,11.99343020721017
cok,2019,10.97759781240471
cok,2020,7.931153019050437
cok,2021,7.508371527452998
cok,2022,8.88137054765592
cok,2023,8.88137054765592
cok,2024,11.74517049350519
cok,2025,9.218310171598644
col,1981,0.0
col,1984,18.0922908782959
col,1985,16.40752029418945
col,1989,17.22545051574707
col,1998,12.47535991668701
col,1999,13.15192985534668
com,1998,17.13507080078125
com,2002,15.789719581604
com,2008,29.23311996459961
com,2011,21.41486930847168
com,2012,18.49151039123535
com,2013,16.07073020935059
com,2014,18.89289093017578
com,2015,13.35365009307861
com,2020,11.47596467202517
com,2021,10.28568683717058
com,2022,10.47602302600098
com,2023,11.0260827119111
com,2024,9.933377655502706
com,2025,11.5249869145813
cpv,1998,17.25592041015625
cpv,1999,16.76194000244141
cpv,2002,19.7662296295166
cpv,2004,20.84048080444336
cpv,2006,17.54058074951172
cpv,2007,18.32875061035156
cpv,2008,18.24098968505859
cpv,2009,15.886549949646
cpv,2010,14.21689987182617
cpv,2011,15.15328025817871
cpv,2012,16.1216750633724
cpv,2013,14.77822971343994
cpv,2014,16.28219032287598
cpv,2015,16.74822998046875
cpv,2016,17.84300994873047
cpv,2017,16.4125804901123
cpv,2018,17.56854079329492
cpv,2019,15.15369987487793
cpv,2020,17.09018707185526
cpv,2021,15.11298200301099
cpv,2022,15.69360418589167
cpv,2023,14.70472311499097
cpv,2024,13.40885595218155
cri,1982,0.0
cri,1983,0.0
cri,1986,30.3223705291748
cri,1988,18.36396026611328
cri,1989,17.65909004211426
cri,1995,16.74369049072266
cri,1996,19.11466026306152
cri,1999,21.92369079589844
cri,2000,18.81950950622559
cri,2001,19.1528205871582
cri,2002,19.24049949645996
cri,2003,20.15172004699707
cri,2004,20.43088912963867
cri,2006,20.64333915710449
cri,2007,21.02189064025879
cri,2008,20.81096076965332
cri,2009,23.4082202911377
cri,2010,22.88088989257813
cri,2011,23.00962066650391
cri,2012,23.50156021118164
cri,2013,22.83090972900391
cri,2014,23.10952949523926
cri,2015,23.3734302520752
cri,2016,23.4232006072998
cri,2017,30.15142059326172
cri,2018,26.086669921875
cri,2019,32.59157943725586
cri,2020,30.08221054077148
cri,2021,31.1666202545166
cri,2022,21.58196067810059
cri,2023,20.37882995605469
cub,2012,16.47883094348026
cub,2013,16.51965319041797
cub,2014,15.80173823117369
cub,2015,15.26356828174869
cub,2016,14.93756539716783
cub,2017,13.56491398652213
cub,2018,12.65997455831457
cub,2019,14.22594333096668
cub,2020,16.66110044251482
cub,2021,15.96662987024738
cub,2022,16.95996416926849
cuw,2010,25.71545206130219
cuw,2011,16.57671363322861
cuw,2012,16.1475990687922
cuw,2013,18.33178214796874
cuw,2014,18.05021356973694
cuw,2015,17.17136269511968
cuw,2016,11.77755647673986
cuw,2017,16.16595516231673
cuw,2018,16.98187022385538
cuw,2019,17.02933427620147
cuw,2020,13.7589443706295
cuw,2021,14.27061961855634
cuw,2022,11.88024951477075
cuw,2023,16.23445339008584
cuw,2024,16.43770724774988
cym,2018,14.92417011710189
cym,2019,14.95815752230223
cyp,1981,0.0
cyp,1982,0.0
cyp,1984,0.0
cyp,1985,0.0
cyp,1986,0.0
cyp,1987,0.0
cyp,1988,0.0
cyp,1989,0.0
cyp,1990,0.0
cyp,1991,0.0
cyp,1992,0.0
cyp,1993,0.0
cyp,1994,0.0
cyp,1995,0.0
cyp,1999,13.90412044525146
cyp,2000,14.26830959320068
cyp,2001,14.32157039642334
cyp,2002,14.91421031951904
cyp,2003,16.51523017883301
cyp,2004,15.83298015594482
cyp,2005,15.83936023712158
cyp,2006,16.17962074279785
cyp,2007,16.72047996520996
cyp,2008,17.59074974060059
cyp,2009,17.20125007629395
cyp,2010,15.64949035644531
cyp,2011,15.49765014648438
cyp,2013,15.3621301651001
cyp,2014,12.33479976654053
cyp,2015,14.6587495803833
cyp,2016,15.4384298324585
cyp,2017,14.8294095993042
cyp,2019,12.82557010650635
cyp,2020,12.11332035064697
cyp,2021,11.92158985137939
cyp,2022,12.48295021057129
cze,1992,0.0
cze,1993,0.0
cze,1994,0.0
cze,1995,0.0
cze,1996,9.143610000610352
cze,1998,8.55105972290039
cze,1999,8.913840293884277
cze,2000,8.917739868164062
cze,2001,8.618889808654785
cze,2002,8.864620208740234
cze,2003,8.382209777832031
cze,2004,9.432900428771973
cze,2005,9.124210357666016
cze,2006,10.1192798614502
cze,2007,9.51356029510498
cze,2008,9.119939804077148
cze,2009,9.346969604492188
cze,2010,9.244799613952637
cze,2011,9.822460174560549
cze,2012,9.444860458374023
cze,2013,9.488269805908203
cze,2014,9.303239822387695
cze,2015,13.71592044830322
cze,2016,13.97049045562744
cze,2017,9.763449668884276
cze,2018,10.50821018218994
cze,2019,11.06536960601807
cze,2020,9.999500274658203
cze,2021,10.33135986328125
cze,2022,10.00936031341553
deu,1993,9.531920433044434
deu,1994,9.34333038330078
deu,1995,9.453160285949709
deu,1996,8.228509902954102
deu,1998,9.203519821166992
deu,2008,10.07110977172852
deu,2010,10.38199043273926
deu,2011,10.79154968261719
deu,2012,10.71685981750488
deu,2013,10.71767997741699
deu,2014,10.84512996673584
deu,2015,10.69878005981445
deu,2016,10.65153980255127
deu,2017,10.72179985046387
deu,2018,10.92897033691406
deu,2019,11.03421974182129
deu,2020,10.78824996948242
deu,2021,10.57594966888428
deu,2022,10.68212032318115
dji,1999,22.89607048034668
dji,2000,29.38595008850098
dji,2001,26.28001976013184
dji,2002,25.48930931091309
dji,2003,24.2714900970459
dji,2004,24.70113945007324
dji,2005,22.71504974365234
dji,2006,24.70796012878418
dji,2007,22.52743911743164
dji,2010,12.32839965820313
dji,2015,8.57643985748291
dji,2016,15.15958976745605
dji,2017,15.64371967315674
dji,2018,14.47414970397949
dma,1989,0.0
dma,1998,17.11160087585449
dma,1999,11.4196195602417
dma,2015,10.20800971984863
dma,2016,12.6980996948118
dma,2017,9.749302418283284
dma,2018,8.445836483421536
dma,2019,8.298299789428711
dma,2020,10.66617012023926
dma,2021,7.76732754491018
dma,2022,9.356604358153463
dma,2023,6.412836916666667
dma,2024,7.090665076051297
dma,2025,5.795215073757283
dnk,1986,11.48661041259766
dnk,1987,12.37473011016846
dnk,1988,12.38694953918457
dnk,1989,11.1666898727417
dnk,1991,10.58329010009766
dnk,1993,13.8516902923584
dnk,1994,13.44826030731201
dnk,1995,13.11678981781006
dnk,1996,14.10177993774414
dnk,1998,14.58955001831055
dnk,1999,14.51457023620605
dnk,2000,15.30189990997314
dnk,2001,15.49320983886719
dnk,2002,15.45448970794678
dnk,2003,15.15820980072021
dnk,2004,15.50994968414307
dnk,2005,15.79619026184082
dnk,2006,15.52223014831543
dnk,2007,15.36106014251709
dnk,2008,14.80020046234131
dnk,2009,14.93513011932373
dnk,2010,15.12911033630371
dnk,2011,15.05974960327148
dnk,2012,12.51296997070313
dnk,2013,15.23678970336914
dnk,2014,13.86225032806396
dnk,2016,14.73752021789551
dnk,2017,14.56484985351563
dnk,2018,14.43712997436523
dnk,2019,14.60803031921387
dnk,2020,13.84665012359619
dnk,2021,14.07894992828369
dnk,2022,14.16075992584229
dom,1982,0.0
dom,1983,0.0
dom,1984,0.0
dom,1985,0.0
dom,1993,0.0
dom,1994,0.0
dom,1995,0.0
dom,1996,0.0
dom,2000,13.39904022216797
dom,2001,13.21448040008545
dom,2002,11.61762046813965
dom,2003,10.70979022979736
dom,2007,12.54104995727539
dom,2010,9.875718105797617
dom,2011,10.63718033579033
dom,2013,21.70730648981093
dom,2014,21.54460429943541
dom,2015,22.31356993478897
dom,2016,21.9452020986914
dom,2017,22.34360032877145
dom,2018,22.15546882873581
dom,2019,22.34150730083174
dom,2020,20.63404198848996
dom,2021,19.59417804309385
dom,2022,19.2600265459877
dom,2023,20.55798350419906
dom,2024,21.86369775622919
dom,2025,20.87487703846294
dza,2008,11.02075958251953
dza,2010,17.76915671014429
dza,2011,17.56471598370765
dza,2012,15.98372508480203
dza,2013,17.64603466557793
dza,2014,16.46920163613744
dza,2015,16.08455526888726
dza,2016,16.11104415043452
dza,2017,17.55607198088715
dza,2018,15.61973705828652
dza,2019,16.02175872935791
dza,2020,16.54917134063403
dza,2021,16.05069774001689
dza,2022,13.10150652428898
dza,2023,13.26102322941753
dza,2024,23.88846015930176
dza,2025,15.54267859875497
ecu,1984,0.0
ecu,1985,0.0
ecu,1986,0.0
ecu,1995,0.0
ecu,1998,10.84613990783691
ecu,1999,6.665820121765137
ecu,2000,4.957300186157227
ecu,2009,13.17257022857666
ecu,2010,12.99656009674072
ecu,2011,11.97611045837402
ecu,2012,10.77888965606689
ecu,2013,10.54977035522461
ecu,2014,11.34290981292725
ecu,2015,11.58061981201172
ecu,2019,10.68029022216797
ecu,2020,10.59955024719238
ecu,2021,9.761850357055664
ecu,2022,9.299229621887209
ecu,2023,9.681349754333496
ecu,2024,9.694049835205078
ecu,2025,15.48744688763291
egy,1980,0.0
egy,1982,0.0
egy,1983,0.0
egy,1988,0.0
egy,1989,0.0
egy,1992,0.0
egy,1993,0.0
egy,1994,0.0
egy,1995,0.0
egy,1996,0.0
egy,2003,15.35190010070801
egy,2004,14.7487096786499
egy,2005,15.04360961914063
egy,2006,11.01858997344971
egy,2007,11.20963954925537
egy,2008,10.94180011749268
eri,1996,2.915129899978638
eri,1998,6.250919818878174
eri,1999,5.565539836883545
eri,2001,8.784939765930176
eri,2002,7.581009864807129
eri,2004,7.131400108337402
eri,2006,5.445159912109375
esp,1987,8.843440055847168
esp,1988,9.639369964599608
esp,1989,10.34298992156982
esp,1990,10.14229011535645
esp,1991,10.03194046020508
esp,1992,9.730460166931152
esp,1993,10.04699993133545
esp,1994,10.26704978942871
esp,1995,10.65826034545898
esp,1996,10.73558044433594
esp,1998,10.47189044952393
esp,1999,10.67072010040283
esp,2000,10.65303039550781
esp,2001,10.70273971557617
esp,2002,10.70096969604492
esp,2003,10.87534999847412
esp,2004,10.71127033233643
esp,2005,10.76976013183594
esp,2006,10.88782978057861
esp,2007,10.83693981170654
esp,2008,10.92607975006104
esp,2009,10.62497997283936
esp,2010,10.54881000518799
esp,2011,10.27163028717041
esp,2012,9.05819034576416
esp,2013,9.37672996520996
esp,2014,9.488670349121094
esp,2015,9.72698974609375
esp,2016,9.951040267944336
esp,2017,10.17955017089844
esp,2018,9.995770454406738
esp,2019,10.00430965423584
esp,2020,9.432290077209473
esp,2021,9.724980354309082
esp,2022,9.87539005279541
est,1992,0.0
est,1993,0.0
est,1994,0.0
est,1995,0.0
est,1996,19.70108985900879
est,1997,17.70502090454102
est,1998,16.02975082397461
est,1999,16.36455917358398
est,2000,14.68504047393799
est,2001,14.82614994049072
est,2002,15.15062999725342
est,2003,15.03921985626221
est,2004,14.30607986450195
est,2005,14.26515007019043
est,2007,13.65025997161865
est,2008,13.86493015289307
est,2009,12.92809963226318
est,2010,13.55863952636719
est,2011,13.27637958526611
est,2012,11.86328983306885
est,2013,12.47807025909424
est,2014,11.51916980743408
est,2015,12.86756038665771
est,2016,12.99442005157471
est,2017,12.51416015625
est,2018,13.2388801574707
est,2019,13.20110988616943
est,2020,12.16341018676758
est,2021,12.38945960998535
est,2022,13.02919006347656
eth,1980,12.35554027557373
eth,1981,12.48698997497559
eth,1982,12.1781702041626
eth,1983,9.701319694519045
eth,1984,11.82013034820557
eth,1985,10.08913040161133
eth,1986,10.32174968719482
eth,1993,13.2648401260376
eth,1996,13.04413986206055
eth,1997,14.8699197769165
eth,2000,14.90773010253906
eth,2001,14.46177005767822
eth,2002,16.1877498626709
eth,2006,23.97537994384766
eth,2007,24.69944953918457
eth,2008,26.3557300567627
eth,2009,23.58374977111816
eth,2010,26.30404090881348
eth,2011,29.67443084716797
eth,2012,30.5395393371582
eth,2013,27.02109909057617
eth,2014,25.91838073730469
eth,2015,22.34983060990013
eth,2016,23.01336282376745
eth,2017,23.32417186571006
eth,2018,22.99175734506698
eth,2019,20.92220251939825
eth,2020,22.44771928828446
eth,2021,23.56204274559288
eth,2022,23.00640250333574
eth,2023,18.33261773450317
eth,2024,16.6954473535013
fin,1981,12.45374011993408
fin,1982,12.0560998916626
fin,1983,11.65970993041992
fin,1984,10.90627002716064
fin,1985,11.56015014648438
fin,1986,11.10585021972656
fin,1987,11.21802043914795
fin,1988,11.25609970092773
fin,1989,11.45680999755859
fin,1990,12.07530975341797
fin,1991,12.85859966278076
fin,1992,11.40659999847412
fin,1993,12.44587993621826
fin,1994,11.41804027557373
fin,1995,11.90163993835449
fin,1996,11.84667015075684
fin,1999,11.76006031036377
fin,2000,12.17092037200928
fin,2001,12.63444995880127
fin,2002,12.68253040313721
fin,2003,12.77597045898438
fin,2004,12.77896022796631
fin,2005,12.24969959259033
fin,2006,12.28382015228271
fin,2007,12.14995002746582
fin,2008,12.17858982086182
fin,2009,11.94272041320801
fin,2010,12.04104042053223
fin,2011,11.99326038360596
fin,2012,12.87594985961914
fin,2013,12.52550983428955
fin,2014,12.38753986358643
fin,2015,12.68671035766602
fin,2016,12.53769969940186
fin,2017,12.12551021575928
fin,2018,11.99582004547119
fin,2019,12.26821041107178
fin,2020,11.83516979217529
fin,2021,11.94511985778809
fin,2022,12.11277008056641
fji,1981,0.0
fji,1983,0.0
fji,1989,0.0
fji,1998,19.00093078613281
fji,1999,20.53511047363281
fji,2000,21.75859069824219
fji,2001,19.63863945007324
fji,2002,21.03780937194824
fji,2004,23.74914932250977
fji,2005,20.2661304473877
fji,2006,20.84329032897949
fji,2007,23.17040061950684
fji,2008,17.36972045898438
fji,2009,15.85361957550049
fji,2011,15.23478984832764
fji,2012,16.70896968947985
fji,2013,14.30039024353027
fji,2014,16.17557576823983
fji,2015,17.39185485370105
fji,2016,15.16988685509207
fji,2017,16.81718692825801
fji,2018,14.93481193843894
fji,2019,16.83369923117153
fji,2020,16.64013835413739
fji,2021,13.55910811640185
fji,2022,12.64653425561562
fji,2023,14.62911048479398
fji,2024,14.70003561495398
fji,2025,13.78734622144112
fra,1981,11.50817966461182
fra,1982,11.38776016235352
fra,1983,10.72233963012695
fra,1984,10.17591953277588
fra,1985,9.807849884033203
fra,1986,9.443679809570312
fra,1987,9.173819541931152
fra,1988,9.38372039794922
fra,1989,9.305899620056152
fra,1990,9.450810432434082
fra,1991,9.80933952331543
fra,1992,9.381059646606444
fra,1993,10.23814010620117
fra,1994,10.34669017791748
fra,1995,10.76229953765869
fra,1996,10.59671974182129
fra,1998,10.58135986328125
fra,2017,9.476829528808594
fra,2018,9.624759674072266
fra,2019,9.696269989013672
fra,2020,9.171839714050291
fra,2021,9.110549926757812
fra,2022,9.117480278015137
fsm,1999,8.784979820251465
fsm,2000,9.965120315551758
fsm,2012,17.76050311293935
fsm,2013,20.38500978904449
fsm,2014,22.10170358813491
fsm,2015,22.3123893737793
fsm,2016,21.58470940352849
fsm,2017,19.1484521619327
fsm,2018,17.12529459148553
fsm,2019,18.10730826773528
fsm,2020,18.61471861471862
gab,1992,10.20018005371094
gab,1998,7.058110237121582
gab,1999,11.34815979003906
gab,2000,17.70648956298828
gab,2010,13.33041954040527
gab,2011,13.53407955169678
gab,2012,12.5822696685791
gab,2013,8.737569808959961
gab,2014,11.22548961639404
gab,2015,11.61052173332244
gab,2016,10.30154224564391
gab,2017,15.27667169359652
gab,2018,14.6146271384588
gab,2019,14.07447729193581
gab,2020,15.76416495237714
gab,2021,15.35516318543324
gab,2022,13.80337861374016
gab,2023,13.56582336675369
gbr,1981,12.66738033294678
gbr,1982,11.6239595413208
gbr,1983,11.42512035369873
gbr,1984,11.22595977783203
gbr,1985,10.46854972839355
gbr,1986,10.21623039245605
gbr,1987,10.48270034790039
gbr,1988,10.73480987548828
gbr,1989,11.07153987884521
gbr,1990,11.071120262146
gbr,1991,10.79813003540039
gbr,1992,11.08619976043701
gbr,1994,11.79804039001465
gbr,1995,11.85805034637451
gbr,1996,11.63467979431152
gbr,1998,12.05790042877197
gbr,1999,11.57223033905029
gbr,2000,11.85175037384033
gbr,2001,12.08215045928955
gbr,2002,13.30615997314453
gbr,2003,13.3586597442627
gbr,2004,12.72544002532959
gbr,2005,12.96028995513916
gbr,2006,12.94647979736328
gbr,2007,12.81916999816895
gbr,2008,12.7018404006958
gbr,2009,12.36063957214355
gbr,2010,12.76912021636963
gbr,2011,12.4644603729248
gbr,2013,12.68640995025635
gbr,2014,13.38755035400391
gbr,2015,13.48701000213623
gbr,2016,13.42720985412598
gbr,2017,13.7579402923584
gbr,2018,13.29176044464111
gbr,2019,13.53487014770508
gbr,2020,14.03225994110107
gbr,2021,11.81680011749268
geo,1994,0.0
geo,1998,10.85142993927002
geo,1999,10.60486030578613
geo,2000,12.54071998596191
geo,2001,12.36196041107178
geo,2002,13.6035099029541
geo,2003,12.49293994903564
geo,2004,15.0367603302002
geo,2005,11.18124961853027
geo,2006,12.89538955688477
geo,2007,9.486650466918944
geo,2008,8.937600135803223
geo,2009,8.998250007629395
geo,2010,8.185358151235766
geo,2011,9.26943016052246
geo,2012,6.707759857177734
geo,2013,9.553533701151531
geo,2014,9.66660503771528
geo,2015,10.12915439596197
geo,2016,12.66619968414307
geo,2017,12.95335960388184
geo,2018,12.95149993896484
geo,2019,13.35789966583252
geo,2020,10.34467876223047
geo,2021,11.52476024627686
geo,2022,13.17226028442383
geo,2023,12.49619007110596
geo,2024,12.20669414726865
gha,1980,7.641880035400391
gha,1981,7.74813985824585
gha,1982,13.83193969726563
gha,1986,34.30920028686523
gha,1987,24.66799926757813
gha,1988,23.93285942077637
gha,1999,14.8927001953125
gha,2001,15.74110984802246
gha,2004,22.37924957275391
gha,2005,23.42996025085449
gha,2006,24.16197967529297
gha,2007,22.31702041625977
gha,2008,24.03750038146973
gha,2009,22.49513053894043
gha,2010,20.69614028930664
gha,2011,30.63430976867676
gha,2012,26.58139038085938
gha,2013,21.22220993041992
gha,2014,20.98513984680176
gha,2015,23.80879974365234
gha,2016,22.09332084655762
gha,2017,20.0976390838623
gha,2018,18.59816932678223
gha,2019,14.27171852670263
gha,2020,13.62947488294126
gha,2021,12.16741440536586
gha,2022,13.17930452770039
gib,2010,7.96277066350702
gib,2011,5.930107651207186
gib,2012,4.720022833427564
gib,2013,5.355535506020994
gib,2014,6.239955070955863
gib,2015,7.031283643442412
gib,2016,8.011709595047769
gib,2017,7.626872681448911
gib,2018,7.759975395754262
gib,2019,7.365379880331028
gib,2020,7.680571940499738
gib,2021,7.136644493311235
gib,2022,7.820756325822321
gib,2023,7.937872532645245
gib,2024,9.4819334929474
gib,2025,8.553403013133716
gin,1984,0.0
gin,1991,9.996529579162598
gin,1992,11.53744983673096
gin,1993,11.50566959381104
gin,1999,14.66252994537354
gin,2000,15.23692035675049
gin,2001,10.3699197769165
gin,2002,13.20514011383057
gin,2003,11.64904975891113
gin,2004,12.34939956665039
gin,2005,10.96621036529541
gin,2008,15.69478034973145
gin,2009,13.60393047332764
gin,2010,12.43877029418945
gin,2011,14.27241992950439
gin,2012,9.695520401000977
gin,2013,14.14521026611328
gin,2014,12.0756196975708
gin,2015,11.60953998565674
gin,2016,15.83125972747803
gin,2017,13.43634986877441
gin,2018,14.98083972930908
gin,2019,12.48435020446777
gin,2020,14.33590030670166
gin,2021,11.50166804226586
gin,2022,11.9496957293769
gin,2023,10.02691827598385
gin,2024,9.293803501818514
gin,2025,9.19920752373365
gmb,1985,0.0
gmb,1986,0.0
gmb,1989,0.0
gmb,1990,0.0
gmb,1991,0.0
gmb,1992,0.0
gmb,1995,0.0
gmb,1996,0.0
gmb,1999,0.0
gmb,2000,11.921799659729
gmb,2001,8.205269813537598
gmb,2002,10.94752025604248
gmb,2003,8.468839645385742
gmb,2004,5.029540061950684
gmb,2005,5.344170093536377
gmb,2006,5.36076021194458
gmb,2007,7.297500133514404
gmb,2008,18.88171005249023
gmb,2009,13.29374027252197
gmb,2010,17.61123085021973
gmb,2011,15.11833000183105
gmb,2012,13.79553031921387
gmb,2013,10.58541965484619
gmb,2014,11.75232028961182
gmb,2015,11.03293037414551
gmb,2016,10.44995975494385
gmb,2017,15.44113756076256
gmb,2018,12.444580078125
gmb,2019,16.85204544830215
gmb,2020,14.27606001588469
gmb,2021,15.62181876123116
gmb,2022,17.12517417857725
gmb,2023,18.69554957290834
gmb,2024,15.10347217915986
gmb,2025,14.21133143116702
gnb,1999,16.74309921264648
gnb,2010,9.069239616394045
gnb,2011,10.19974040985107
gnb,2012,14.53979969024658
gnb,2013,16.19137954711914
gnq,1998,5.24813985824585
grc,1981,8.381790161132812
grc,1982,7.661369800567627
grc,1983,7.118340015411377
grc,1984,7.548520088195801
grc,1986,6.488709926605225
grc,1987,6.204490184783936
grc,1988,6.776410102844238
grc,1989,7.181719779968262
grc,1990,7.198430061340332
grc,1991,6.292029857635498
grc,1998,6.406680107116699
grc,1999,6.560050010681152
grc,2000,6.957769870758057
grc,2001,7.316520214080811
grc,2002,7.477159976959229
grc,2003,7.360400199890137
grc,2004,7.70182991027832
grc,2005,8.700209617614746
grc,2015,7.101439952850342
grc,2017,7.144780158996582
grc,2018,7.36313009262085
grc,2019,7.459390163421631
grc,2022,6.39132022857666
grd,2003,10.97463989257813
grd,2010,15.55981096221902
grd,2011,14.72077350104389
grd,2012,10.70311860096915
grd,2014,11.79899890627003
grd,2015,9.902500406260712
grd,2017,14.0616397857666
grd,2018,10.08057320329803
grd,2021,10.05946401476978
grd,2022,9.872722233100912
grd,2023,16.71856867050965
grd,2024,14.51909423757452
grd,2025,11.44521842236645
gtm,1993,0.0
gtm,1994,0.0
gtm,1995,0.0
gtm,1996,18.72337913513184
gtm,2006,20.33844947814941
gtm,2007,21.27816009521484
gtm,2008,23.34815979003906
gtm,2010,19.29692077636719
gtm,2011,20.24641036987305
gtm,2012,21.10514068603516
gtm,2013,20.6379508972168
gtm,2014,21.95939064025879
gtm,2015,24.08550071716309
gtm,2016,23.43474960327148
gtm,2017,23.08805084228516
gtm,2018,23.74954032897949
gtm,2019,23.75538063049316
gtm,2020,21.14117050170898
gtm,2021,22.95527076721191
gtm,2022,22.48452949523926
gtm,2023,22.63916015625
gtm,2024,22.9936695098877
gtm,2025,17.26967653076987
guy,1983,0.0
guy,1984,0.0
guy,1994,0.0
guy,1995,0.0
guy,1999,22.68779945373535
guy,2000,17.65683937072754
guy,2001,16.5555591583252
guy,2002,16.90000915527344
guy,2003,13.81455993652344
guy,2004,11.08073997497559
guy,2005,13.8234395980835
guy,2006,13.48169040679932
guy,2007,11.52616024017334
guy,2009,10.338210105896
guy,2010,11.96580982208252
guy,2011,11.82289981842041
guy,2012,10.25959014892578
guy,2014,18.87751960754395
guy,2015,17.91942024230957
guy,2016,18.81353950500488
guy,2017,17.73406028747559
guy,2018,16.15208053588867
guy,2025,7.236435850470511
hkg,1981,0.0
hkg,1982,9.408109664916992
hkg,1983,15.28794002532959
hkg,1984,15.87032032012939
hkg,1985,18.5781307220459
hkg,1990,18.54077911376953
hkg,1992,21.20813941955566
hkg,1996,16.66867065429688
hkg,2001,22.41877937316895
hkg,2002,22.20729064941406
hkg,2003,23.24428939819336
hkg,2004,23.15106010437012
hkg,2005,22.47858047485352
hkg,2006,23.28260040283203
hkg,2007,22.8922290802002
hkg,2008,22.92239952087402
hkg,2009,24.00515937805176
hkg,2010,19.90941047668457
hkg,2011,20.14833068847656
hkg,2012,18.64948081970215
hkg,2013,20.30080032348633
hkg,2014,17.62039947509766
hkg,2015,18.60857009887695
hkg,2016,18.12718963623047
hkg,2017,17.84127998352051
hkg,2018,18.78783988952637
hkg,2019,20.31401062011719
hkg,2020,20.62105941772461
hkg,2021,13.11645984649658
hkg,2022,14.38998031616211
hkg,2023,13.18148040771484
hkg,2024,15.74114036560059
hnd,1994,12.88875007629395
hnd,1995,17.87564086914063
hnd,2013,20.99983024597168
hnd,2014,26.86442947387695
hnd,2015,24.64455986022949
hnd,2018,23.15510940551758
hrv,2002,7.77331018447876
hrv,2003,7.795300006866455
hrv,2004,7.802519798278809
hrv,2007,8.56842041015625
hrv,2008,9.24820041656494
hrv,2009,8.861860275268555
hrv,2010,8.739689826965332
hrv,2011,8.452879905700684
hrv,2013,9.397109985351564
hrv,2017,8.7887601852417
hrv,2018,8.73954963684082
hrv,2019,8.90884017944336
hrv,2020,8.215370178222656
hrv,2021,8.504079818725586
hti,1981,0.0
hti,1982,0.0
hti,1983,0.0
hti,1984,0.0
hti,1985,0.0
hti,1991,0.0
hti,2014,11.98414993286133
hti,2015,14.56777954101563
hti,2016,13.23316955566406
hti,2017,14.69501972198486
hti,2018,14.49096965789795
hti,2019,12.8616709116158
hti,2020,10.00410946552592
hti,2021,16.10693634818653
hti,2022,13.12404456183104
hti,2023,11.23081088448598
hti,2024,13.01935627097854
hti,2025,13.17852268948353
hun,1981,0.0
hun,1982,0.0
hun,1983,0.0
hun,1984,0.0
hun,1985,0.0
hun,1986,0.0
hun,1987,0.0
hun,1988,0.0
hun,1989,0.0
hun,1990,0.0
hun,1991,0.0
hun,1992,0.0
hun,1993,0.0
hun,1994,0.0
hun,1995,0.0
hun,1996,9.577659606933594
hun,1998,8.679439544677734
hun,1999,9.316499710083008
hun,2000,10.28238010406494
hun,2001,10.43548965454102
hun,2002,10.15637969970703
hun,2003,11.79174041748047
hun,2004,10.93478965759277
hun,2005,10.78715038299561
hun,2006,10.29981994628906
hun,2007,10.29848003387451
hun,2008,10.19106960296631
hun,2009,9.783329963684082
hun,2010,9.677240371704102
hun,2011,9.301119804382324
hun,2012,8.434149742126465
hun,2013,8.367520332336426
hun,2014,9.194669723510742
hun,2015,8.922639846801758
hun,2016,9.862380027770996
hun,2017,9.94773006439209
hun,2018,10.0292501449585
hun,2019,9.164090156555176
hun,2020,8.078720092773438
hun,2021,9.678420066833496
hun,2022,7.803410053253174
idn,1989,0.0
idn,1994,5.863969802856445
idn,1995,6.146460056304932
idn,1996,7.496819972991943
idn,1997,7.710219860076904
idn,2001,11.59389019012451
idn,2002,14.36905002593994
idn,2003,16.27817916870117
idn,2004,14.1702995300293
idn,2005,15.18210983276367
idn,2007,14.93992042541504
idn,2008,13.67475032806396
idn,2009,19.30813980102539
idn,2010,16.65394020080566
idn,2011,18.0055103302002
idn,2012,18.09041976928711
idn,2013,17.8482608795166
idn,2014,17.90389060974121
idn,2015,20.35886001586914
idn,2016,11.32283857807055
idn,2017,10.88036268382381
idn,2018,10.14524638809098
idn,2019,9.342609248993478
idn,2020,9.319640244565266
idn,2021,8.965597690311167
idn,2022,8.70282050991956
idn,2025,10.5571024660163
ind,1997,13.32223033905029
ind,1998,14.15927028656006
ind,1999,16.95982933044434
ind,2000,16.73051071166992
ind,2003,12.41079998016357
ind,2004,11.19686031341553
ind,2005,11.20845985412598
ind,2006,11.69371032714844
ind,2009,11.19120025634766
ind,2010,11.83368015289307
ind,2011,13.56490993499756
ind,2012,13.99211978912354
ind,2013,14.05018043518066
ind,2014,15.71815397007452
ind,2015,15.69221973419189
ind,2016,15.72150039672852
ind,2017,15.80976963043213
ind,2018,16.63537979125977
ind,2019,14.82382011413574
ind,2020,15.99260997772217
ind,2021,14.92459964752197
ind,2022,14.15547447282382
irl,1981,14.77791976928711
irl,1982,13.06332969665527
irl,1983,11.61266040802002
irl,1984,11.28647041320801
irl,1985,11.22875022888184
irl,1986,9.822660446166992
irl,1987,10.59751987457275
irl,1988,10.53901958465576
irl,1989,10.93093013763428
irl,1990,11.70454978942871
irl,1991,11.42366027832031
irl,1992,11.80331039428711
irl,1993,12.04185962677002
irl,1994,12.80624961853027
irl,1995,12.73822975158691
irl,1996,12.94064044952393
irl,1998,12.54549026489258
irl,1999,12.71594047546387
irl,2000,13.5181999206543
irl,2001,12.70464992523193
irl,2002,12.48445987701416
irl,2003,12.87310981750488
irl,2004,13.65855979919434
irl,2005,13.68492984771729
irl,2006,13.54899978637695
irl,2007,13.23058986663818
irl,2008,13.13430976867676
irl,2009,13.13325023651123
irl,2010,9.323320388793944
irl,2011,12.33757019042969
irl,2012,13.52248954772949
irl,2013,13.1515998840332
irl,2014,12.96996974945068
irl,2015,12.92430973052979
irl,2016,13.31054019927979
irl,2017,13.3671703338623
irl,2018,13.33841991424561
irl,2019,13.52929973602295
irl,2020,11.96757984161377
irl,2021,12.33450984954834
irn,1981,0.0
irn,1982,0.0
irn,1983,0.0
irn,1984,0.0
irn,1985,0.0
irn,1986,0.0
irn,1987,0.0
irn,1988,0.0
irn,1989,0.0
irn,1990,0.0
irn,1991,18.34696960449219
irn,1992,20.63261985778809
irn,1993,23.71528053283691
irn,1995,14.54695987701416
irn,1996,13.56692028045654
irn,1999,20.1129207611084
irn,2000,20.63385009765625
irn,2001,24.42416954040527
irn,2002,26.50642967224121
irn,2003,22.13546943664551
irn,2004,21.52145004272461
irn,2005,21.89969062805176
irn,2006,19.45677947998047
irn,2007,20.03128051757813
irn,2008,22.38460922241211
irn,2009,18.56262016296387
irn,2010,19.25691032409668
irn,2011,20.15138053894043
irn,2012,17.39579010009766
irn,2013,21.67350006103516
irn,2014,19.66486930847168
irn,2015,18.56875038146973
irn,2016,19.44543075561523
irn,2017,20.30521011352539
irn,2018,21.14603996276855
irn,2019,21.24452972412109
irn,2020,22.66550064086914
irn,2022,18.82119941711426
irq,1989,0.0
isl,1990,11.50109958648682
isl,1993,11.83139038085938
isl,1994,11.19709968566895
isl,1995,10.95672035217285
isl,1996,12.60295009613037
isl,1998,16.59782028198242
isl,1999,14.17391967773438
isl,2000,14.34761047363281
isl,2001,14.14177989959717
isl,2002,16.05661010742188
isl,2003,15.15958023071289
isl,2004,15.33897018432617
isl,2005,16.30814933776855
isl,2006,16.0469799041748
isl,2007,15.51906967163086
isl,2008,11.10029983520508
isl,2009,13.41956043243408
isl,2010,14.23122024536133
isl,2011,13.43597030639648
isl,2012,15.88494968414307
isl,2013,16.20466995239258
isl,2014,16.67432975769043
isl,2015,17.1551399230957
isl,2016,16.00481986999512
isl,2017,17.07719039916992
isl,2018,17.24921989440918
isl,2019,17.44318962097168
isl,2020,16.79796981811523
isl,2021,16.59103965759277
isl,2022,15.65501022338867
isr,1981,0.0
isr,1982,0.0
isr,1983,0.0
isr,1984,0.0
isr,1985,0.0
isr,1986,0.0
isr,1987,0.0
isr,1988,0.0
isr,1989,0.0
isr,1990,0.0
isr,1991,0.0
isr,1992,0.0
isr,1993,0.0
isr,1994,0.0
isr,1998,0.0
isr,1999,0.0
isr,2000,13.67479038238525
isr,2001,13.40509986877441
isr,2002,12.51935958862305
isr,2003,13.52538967132568
isr,2004,13.38453006744385
isr,2005,13.1606502532959
isr,2006,13.43054962158203
isr,2007,13.28104019165039
isr,2008,13.13895034790039
isr,2009,12.93437004089355
isr,2010,13.63444042205811
isr,2011,13.82794952392578
isr,2012,14.07756996154785
isr,2013,14.55673027038574
isr,2014,14.90192031860352
isr,2015,15.46302032470703
isr,2016,15.3488597869873
isr,2017,15.70734977722168
isr,2018,15.5355396270752
isr,2019,15.74977970123291
isr,2020,14.5418701171875
isr,2021,15.40744972229004
isr,2022,16.0677604675293
ita,1983,0.0
ita,1984,0.0
ita,1985,0.0
ita,1986,0.0
ita,1988,0.0
ita,1993,8.728340148925781
ita,1994,8.250530242919922
ita,1995,8.606559753417969
ita,1996,9.128219604492188
ita,1998,9.251179695129396
ita,1999,9.562399864196776
ita,2000,9.230279922485352
ita,2001,9.832320213317873
ita,2002,9.496430397033691
ita,2003,9.637439727783203
ita,2004,9.364350318908691
ita,2005,8.974749565124512
ita,2006,9.471480369567873
ita,2007,8.7716703414917
ita,2008,9.155610084533691
ita,2009,8.822580337524414
ita,2010,8.667400360107422
ita,2011,8.351200103759766
ita,2012,7.99275016784668
ita,2013,8.097970008850098
ita,2014,7.966609954833984
ita,2015,8.069100379943848
ita,2016,7.749090194702148
ita,2017,8.254170417785645
ita,2018,8.776639938354492
ita,2019,8.422369956970215
ita,2020,7.780439853668213
ita,2021,7.443339824676514
ita,2022,7.405159950256348
jam,1985,0.0
jam,1986,0.0
jam,1988,0.0
jam,1989,0.0
jam,1990,0.0
jam,1991,16.35376930236816
jam,1992,12.7515697479248
jam,1993,12.79800033569336
jam,1994,18.38850975036621
jam,1995,15.36104011535645
jam,1996,15.53602027893066
jam,1997,15.39999008178711
jam,2000,16.79660034179688
jam,2001,19.99114990234375
jam,2002,18.36392974853516
jam,2003,13.36233997344971
jam,2004,11.73301982879639
jam,2005,14.26937007904053
jam,2007,17.17304992675781
jam,2008,19.11938095092773
jam,2009,17.5528392791748
jam,2010,16.10293960571289
jam,2011,18.58193016052246
jam,2012,18.80925941467285
jam,2013,20.57386016845703
jam,2014,21.79748916625977
jam,2015,20.05147933959961
jam,2016,19.14512062072754
jam,2017,18.40254020690918
jam,2018,18.58399963378906
jam,2019,17.31398963928223
jam,2021,17.41790008544922
jam,2022,16.93285942077637
jam,2024,17.86577033996582
jor,1981,0.0
jor,1982,0.0
jor,1983,0.0
jor,1984,0.0
jor,1986,8.760239601135254
jor,1987,9.880080223083496
jor,1988,9.824379920959473
jor,1989,13.0864200592041
jor,1996,21.56406021118164
jor,1997,18.41102981567383
jor,1999,14.6642599105835
jor,2010,10.69395401981491
jor,2011,11.09997597353175
jor,2012,11.87684168839197
jor,2013,13.07868718131611
jor,2014,12.55225712879914
jor,2015,13.1707308975649
jor,2016,11.5762996673584
jor,2017,10.85793972015381
jor,2018,9.239620208740234
jor,2019,9.236700057983398
jor,2020,11.96798131241838
jor,2021,9.216389656066896
jor,2022,9.476269721984863
jor,2023,11.55861289402402
jor,2024,9.785690307617188
jpn,1981,16.12549018859863
jpn,1982,15.67714977264404
jpn,1983,14.8860502243042
jpn,1987,18.05423927307129
jpn,1988,17.79665946960449
jpn,1989,17.64325904846191
jpn,1993,11.11497020721436
jpn,1994,11.10641956329346
jpn,1995,10.3774995803833
jpn,1998,9.969249725341797
kaz,1995,0.0
kaz,1996,0.0
kaz,1997,0.0
kaz,1999,0.0
kaz,2000,0.0
kaz,2002,14.75948047637939
kaz,2004,10.60968017578125
kaz,2005,10.28594970703125
kaz,2006,13.26669979095459
kaz,2007,11.94447040557861
kaz,2008,13.64694023132324
kaz,2009,13.04090023040771
kaz,2010,15.91928479165183
kaz,2011,16.97598616377303
kaz,2012,17.76632605120977
kaz,2013,17.32329650992277
kaz,2014,16.08365153861613
kaz,2015,12.193039894104
kaz,2016,13.84409999847412
kaz,2017,11.4199104309082
kaz,2018,13.88018035888672
kaz,2019,14.10953044891357
kaz,2020,17.99516493085393
kaz,2021,19.82799145375141
kaz,2022,20.05521042883349
kaz,2023,20.79612922668457
kaz,2024,21.95535386566118
ken,1980,0.0
ken,1981,0.0
ken,1982,16.33731079101563
ken,1983,17.39657974243164
ken,1984,14.53316974639893
ken,1985,15.55566024780273
ken,1986,17.66080093383789
ken,1988,19.46574020385742
ken,1989,17.08765029907227
ken,1991,18.64015007019043
ken,1992,15.9507303237915
ken,1993,13.86448001861572
ken,1994,14.95127964019775
ken,1999,25.3134708404541
ken,2000,24.06613922119141
ken,2001,22.96161079406738
ken,2002,26.84721946716309
ken,2003,25.8499698638916
ken,2004,27.59770965576172
ken,2005,28.94343948364258
ken,2006,26.95387077331543
ken,2010,20.35201072692871
ken,2011,20.19197082519531
ken,2012,19.48481941223145
ken,2013,18.68946075439453
ken,2014,17.8151798248291
ken,2015,17.36208915710449
ken,2016,17.49838066101074
ken,2017,17.63139915466309
ken,2018,18.95112037658691
ken,2019,19.05114365316146
ken,2020,17.76485477092805
ken,2021,17.27012062487641
ken,2022,16.08167547957224
ken,2023,24.99424813407208
ken,2024,27.92465549914242
ken,2025,28.54065464864895
kgz,1994,0.0
kgz,1995,0.0
kgz,1996,18.76004981994629
kgz,1998,13.69270038604736
kgz,1999,11.38731956481934
kgz,2000,11.61130046844482
kgz,2001,13.72138977050781
kgz,2002,15.14647006988525
kgz,2003,15.93953037261963
kgz,2004,16.24381065368652
kgz,2005,16.76840019226074
kgz,2006,19.0526008605957
kgz,2007,21.85145950317383
kgz,2008,21.20623970031738
kgz,2009,19.15300941467285
kgz,2010,15.68130970001221
kgz,2011,18.17252922058105
kgz,2012,18.19500923156738
kgz,2013,17.77379035949707
kgz,2014,14.36483955383301
kgz,2015,15.71675968170166
kgz,2016,16.92091941833496
kgz,2017,16.27813911437988
kgz,2018,16.79590034484863
kgz,2019,16.47274971008301
kgz,2020,17.87512969970703
kgz,2021,16.106689453125
kgz,2022,23.51836483215024
kgz,2023,22.10962153337157
kgz,2024,19.64759166999856
khm,1998,9.392000198364258
khm,2000,11.07901000976563
khm,2001,11.3807897567749
khm,2002,10.13757038116455
khm,2004,12.40431022644043
khm,2007,11.1035099029541
khm,2009,8.165240287780762
khm,2010,7.337470054626465
khm,2011,7.335400104522705
khm,2012,7.199850082397461
khm,2013,9.59706974029541
khm,2014,8.791600227355957
khm,2018,9.975009918212892
khm,2019,12.13110673475463
khm,2020,11.06877199074884
khm,2021,9.34959951214734
khm,2022,11.67428084419715
khm,2023,12.01438511188561
khm,2024,11.23393228785298
khm,2025,11.55124635662714
kir,1999,12.5075101852417
kir,2000,15.26541996002197
kir,2001,11.51613998413086
kir,2012,24.30519466939581
kir,2013,24.07540892999183
kir,2014,21.31180121567801
kir,2015,20.11219836320453
kir,2016,18.46271252048994
kir,2017,15.29908977818064
kir,2018,20.66576720485671
kir,2019,17.94155720681782
kir,2020,20.17760858579944
kir,2021,19.27184167279387
kir,2022,18.89857382096768
kir,2023,21.6432047478521
kir,2024,20.11529243045446
kna,1985,19.16773986816406
kna,1987,13.00741004943848
kna,1989,9.140000343322754
kna,1991,11.22642040252686
kna,1992,15.21413993835449
kna,1995,13.37852954864502
kna,1998,14.43159961700439
kna,1999,10.35227012634277
kna,2000,13.68505001068115
kna,2001,14.31910991668701
kna,2002,11.05932998657227
kna,2003,12.28806018829346
kna,2004,11.79026031494141
kna,2005,11.05620956420898
kna,2006,12.47840976715088
kna,2007,13.0518102645874
kna,2010,8.654870591694438
kna,2011,10.65097158741
kna,2012,11.43145105621606
kna,2013,13.31337849841601
kna,2014,12.21721643130057
kna,2015,8.773480415344238
kna,2016,14.36052034119215
kna,2017,13.26362534510543
kna,2018,10.10633977194714
kna,2019,8.638546946684855
kna,2020,9.614765157726564
kna,2021,6.757699966430664
kna,2022,7.725908564401099
kna,2023,9.075799049679418
kna,2024,10.20318256581093
kna,2025,11.00218222628169
kwt,1980,0.0
kwt,1981,0.0
kwt,1982,0.0
kwt,1983,0.0
kwt,1984,0.0
kwt,1985,9.895970344543455
kwt,1986,11.77657032012939
kwt,1992,9.823049545288086
kwt,1996,11.78005027770996
kwt,1997,13.05212020874023
kwt,2001,22.01040077209473
kwt,2002,15.82322978973389
kwt,2004,14.49789047241211
kwt,2005,13.40655994415283
kwt,2006,13.04942989349365
kwt,2016,11.25300673389
kwt,2017,11.86198941652984
kwt,2018,12.15754821435901
kwt,2019,12.85029939538648
kwt,2020,12.43980164756156
kwt,2021,12.0027574509284
kwt,2022,12.26316518781819
kwt,2023,12.57962268366565
kwt,2024,12.68860989089407
kwt,2025,13.84522093260029
lao,1992,0.0
lao,1996,0.0
lao,1997,0.0
lao,2000,7.295569896697998
lao,2001,9.94657039642334
lao,2002,15.26266002655029
lao,2004,15.87508010864258
lao,2005,14.12926959991455
lao,2006,17.76235961914063
lao,2007,18.1017894744873
lao,2008,13.00520992279053
lao,2009,7.463099956512451
lao,2010,7.246960163116455
lao,2011,8.2595796585083
lao,2012,7.368390083312988
lao,2013,13.34101009368896
lao,2014,11.75734996795654
lao,2015,10.46939689717049
lao,2016,12.89050726641641
lao,2017,11.43893559961442
lao,2018,11.16837801407134
lao,2019,10.83162056832696
lao,2020,10.66222109241873
lao,2021,11.50620642277846
lao,2022,9.824934171803848
lao,2023,9.803671883860725
lao,2024,8.241551313701287
lbn,1993,6.808249950408936
lbn,1994,10.44340038299561
lbn,1995,5.916369915008545
lbn,1996,8.10669994354248
lbn,2001,7.421249866485596
lbn,2002,7.056300163269043
lbn,2004,7.931230068206787
lbn,2005,8.421310424804688
lbn,2006,7.693190097808838
lbn,2007,7.341040134429932
lbn,2008,5.869770050048828
lbn,2009,5.502999782562256
lbn,2010,5.534289836883545
lbn,2011,5.733809947967529
lbn,2012,7.10915994644165
lbn,2013,8.575519561767578
lbn,2016,7.148961776273905
lbn,2017,7.147536183384924
lbn,2018,8.047454523069348
lbn,2019,8.143953447501515
lbn,2020,9.89828549998226
lbn,2022,8.858170430357449
lbn,2024,6.113990880418318
lbn,2025,8.59284340785173
lbr,1980,0.0
lbr,2008,6.454070091247559
lbr,2012,5.184340000152588
lbr,2013,5.652689933776855
lbr,2014,6.760149955749512
lbr,2017,7.769100189208984
lbr,2018,7.96435022354126
lbr,2021,7.366199970245361
lby,1999,8.1387300491333
lca,1982,0.0
lca,1986,23.25609970092773
lca,1994,31.31318092346191
lca,1998,29.4338207244873
lca,1999,26.03627014160156
lca,2001,25.85462951660156
lca,2003,15.42216014862061
lca,2004,15.04104042053223
lca,2005,16.30697059631348
lca,2006,19.01137924194336
lca,2008,19.9433708190918
lca,2009,13.89531993865967
lca,2010,14.20207977294922
lca,2011,13.83675956726074
lca,2012,12.19244956970215
lca,2013,13.84786033630371
lca,2014,15.30152034759521
lca,2015,16.45298004150391
lca,2016,21.97570037841797
lca,2017,14.09973625126395
lca,2018,14.30671977996826
lca,2019,14.0734395980835
lca,2020,14.39326953887939
lca,2021,14.46758634149414
lca,2022,16.89816093444824
lca,2023,11.99497985839844
lca,2024,13.84879365079365
lca,2025,12.7481294348599
lka,1981,0.0
lka,1982,0.0
lka,1983,0.0
lka,1984,0.0
lka,1985,0.0
lka,1986,0.0
lka,1987,0.0
lka,1988,0.0
lka,1989,0.0
lka,1990,0.0
lka,1991,10.87623023986816
lka,1994,12.70728015899658
lka,1995,11.56567001342773
lka,1996,12.69388961791992
lka,1998,11.66882991790771
lka,2009,8.270790100097656
lka,2010,8.605660438537598
lka,2011,9.110159873962402
lka,2012,8.39402961730957
lka,2013,9.419949531555176
lka,2014,10.82396030426025
lka,2015,10.95026016235352
lka,2016,17.728759765625
lka,2017,14.49975967407227
lka,2018,11.33090019226074
lka,2020,5.468591600836235
lka,2021,5.038812340874119
lka,2022,5.345830425661076
lka,2023,8.67846709056539
lka,2024,7.222699914015478
lso,1983,29.41077041625977
lso,1984,20.82331085205078
lso,1985,22.92170906066895
lso,1988,15.21337032318115
lso,1989,15.3539400100708
lso,1993,22.73880958557129
lso,1994,18.39184951782227
lso,1995,20.20000076293945
lso,1997,26.05694961547852
lso,1999,23.38068962097168
lso,2000,19.14159965515137
lso,2001,22.96562957763672
lso,2002,23.48707962036133
lso,2003,31.50684928894043
lso,2004,27.16360092163086
lso,2005,32.5390510559082
lso,2006,28.95932006835938
lso,2008,24.21858024597168
lso,2015,13.93599496099617
lso,2016,13.99764024455647
lso,2017,15.115309715271
lso,2018,14.08535003662109
lso,2023,10.99967960836137
lso,2024,10.37344398340249
ltu,1993,43.76097869873047
ltu,1994,20.32880020141602
ltu,1995,19.13985061645508
ltu,1996,16.9742603302002
ltu,1997,15.48906993865967
ltu,1998,15.39282035827637
ltu,2001,15.99485015869141
ltu,2002,16.81158065795898
ltu,2003,15.56124019622803
ltu,2004,15.18828010559082
ltu,2005,14.30047035217285
ltu,2006,14.04924011230469
ltu,2007,13.02009010314941
ltu,2008,12.69242000579834
ltu,2009,12.42465019226074
ltu,2010,12.47957992553711
ltu,2011,12.86353015899658
ltu,2012,13.06536960601807
ltu,2013,12.93937015533447
ltu,2014,12.87658023834229
ltu,2015,11.97869968414307
ltu,2016,11.63877964019775
ltu,2017,11.42453002929688
ltu,2018,11.41294956207275
ltu,2019,11.37759017944336
ltu,2020,10.56414031982422
ltu,2021,11.35999011993408
ltu,2022,11.73038005828857
lux,1981,0.0
lux,1982,0.0
lux,1983,0.0
lux,1986,0.0
lux,1987,0.0
lux,1988,0.0
lux,1989,0.0
lux,1995,0.0
lux,1996,8.843489646911621
lux,2001,9.280659675598145
lux,2012,9.274550437927246
lux,2014,9.493740081787108
lux,2015,9.334429740905762
lux,2017,8.446260452270508
lux,2018,8.643280029296875
lux,2019,8.676429748535156
lux,2020,8.194990158081055
lux,2021,8.690329551696777
lux,2022,8.450380325317383
lva,1985,0.0
lva,1988,0.0
lva,1989,0.0
lva,1990,0.0
lva,1991,0.0
lva,1992,0.0
lva,1996,0.0
lva,1997,0.0
lva,1998,15.66432952880859
lva,1999,14.09593963623047
lva,2000,14.60147953033447
lva,2001,15.87751960754395
lva,2002,16.37018013000488
lva,2003,15.37675952911377
lva,2004,14.50181007385254
lva,2006,13.91162967681885
lva,2007,14.06704998016357
lva,2008,14.76309967041016
lva,2009,13.02513980865479
lva,2010,11.8090295791626
lva,2011,12.71531009674072
lva,2012,17.73654937744141
lva,2013,18.74402046203613
lva,2014,13.97237014770508
lva,2015,14.12740993499756
lva,2016,12.89328956604004
lva,2017,11.97128009796143
lva,2018,11.15254020690918
lva,2019,11.76817035675049
lva,2020,11.71951961517334
lva,2021,10.69342041015625
lva,2022,9.921030044555664
mac,1998,0.0
mac,1999,0.0
mac,2000,11.83891010284424
mac,2001,11.09216022491455
mac,2002,10.71469020843506
mac,2003,10.38807010650635
mac,2004,9.002079963684082
mac,2005,8.113349914550781
mac,2006,11.18393039703369
mac,2007,9.946459770202637
mac,2008,10.44556999206543
mac,2009,11.3725004196167
mac,2010,12.97941970825195
mac,2011,14.63311004638672
mac,2012,22.32860946655273
mac,2013,12.58631992340088
mac,2014,13.6573600769043
mac,2015,13.41969966888428
mac,2016,13.83483982086182
mac,2017,14.10256958007813
mac,2018,15.15968990325928
mac,2019,16.59794998168945
mac,2020,14.16965961456299
mac,2021,14.68649005889893
mac,2022,12.26790046691895
mar,1981,0.0
mar,1982,0.0
mar,1983,0.0
mar,1984,0.0
mar,1985,0.0
mar,1986,0.0
mar,1987,0.0
mar,1988,0.0
mar,1989,0.0
mar,1990,0.0
mar,1991,19.89277076721191
mar,1993,20.4642391204834
mar,1995,20.47270965576172
mar,1998,25.2115306854248
mar,1999,25.76847076416016
mar,2008,17.47064018249512
mar,2009,17.29528999328613
mar,2012,20.74607850492187
mar,2014,22.06394278413318
mar,2015,22.2395469824195
mar,2016,22.25735674888952
mar,2017,21.64990385788905
mar,2018,22.44476135166153
mar,2019,21.46507082738493
mar,2020,24.15809398801193
mar,2021,23.75648300450683
mar,2022,23.86566628044771
mar,2023,22.82552009868947
mar,2024,23.27887880123122
mco,1988,5.134119987487793
mco,1989,5.48415994644165
mco,1992,5.163430213928223
mco,1995,5.767749786376953
mco,1996,5.842339992523193
mco,1997,6.401110172271729
mco,1998,6.48976993560791
mco,1999,5.071700096130371
mco,2000,6.327899932861328
mco,2004,5.925950050354004
mco,2009,6.598810195922852
mco,2010,6.36322021484375
mco,2011,8.076169967651367
mco,2012,8.87594985961914
mco,2013,7.059219837188721
mco,2014,5.008860111236572
mco,2016,6.596549987792969
mco,2017,6.980629920959473
mco,2019,5.029270172119141
mco,2021,5.873690128326416
mco,2022,4.795989990234375
mco,2023,7.732029914855957
mda,1996,28.3399600982666
mda,1999,14.12242031097412
mda,2000,12.92393016815186
mda,2001,16.42476081848145
mda,2002,17.88434028625488
mda,2003,16.19259071350098
mda,2004,19.4520206451416
mda,2005,19.29664993286133
mda,2006,18.60881996154785
mda,2007,19.41696929931641
mda,2008,19.8500804901123
mda,2009,20.99263000488281
mda,2010,22.26700973510742
mda,2011,21.91588020324707
mda,2012,20.74197006225586
mda,2013,18.27648746613956
mda,2014,18.76510047912598
mda,2015,18.23871988412744
mda,2016,18.62162971496582
mda,2017,18.43283081054688
mda,2018,17.56772994995117
mda,2019,19.46438026428223
mda,2020,17.99377059936523
mda,2021,16.84165000915527
mda,2022,16.69313049316406
mda,2023,16.88652992248535
mda,2024,15.96476004511937
mdg,1981,14.89931011199951
mdg,1982,16.5352897644043
mdg,1983,16.78964042663574
mdg,1984,18.32389068603516
mdg,1985,16.62018013000488
mdg,1993,12.31729984283447
mdg,1997,10.64441013336182
mdg,1998,9.382769584655762
mdg,1999,15.53870010375977
mdg,2000,15.89050960540771
mdg,2001,17.68247032165527
mdg,2002,17.93675994873047
mdg,2003,15.76313972473145
mdg,2004,12.96076965332031
mdg,2005,18.03303909301758
mdg,2006,15.32419013977051
mdg,2007,18.0445499420166
mdg,2008,16.25814056396484
mdg,2009,22.58583068847656
mdg,2010,18.6357054482013
mdg,2011,19.77969932556152
mdg,2012,20.3257999420166
mdg,2013,13.9893798828125
mdg,2014,18.96677017211914
mdg,2015,16.96290969848633
mdg,2016,19.83818054199219
mdg,2018,19.81801986694336
mdg,2019,17.9527918245618
mdv,2002,21.20602989196777
mdv,2003,20.18581008911133
mdv,2004,19.37100028991699
mdv,2005,12.93610000610352
mdv,2006,13.25502014160156
mdv,2007,12.6912899017334
mdv,2008,12.56846046447754
mdv,2009,13.73838996887207
mdv,2010,10.94631004333496
mdv,2011,9.854999542236328
mdv,2012,11.22364044189453
mdv,2013,12.55389976501465
mdv,2014,10.61962985992432
mdv,2015,11.44925022125244
mdv,2016,9.805020332336426
mdv,2017,11.35420883247632
mdv,2018,11.38990175854686
mdv,2019,12.05514433717882
mdv,2020,10.50504097325459
mdv,2021,10.03292621907933
mdv,2022,11.07644473108537
mdv,2023,10.6328052020158
mdv,2024,10.7169075614071
mdv,2025,9.64509696301341
mex,1989,0.0
mex,1990,0.0
mex,1991,12.15458965301514
mex,1992,15.09570026397705
mex,1994,21.56294059753418
mex,1995,24.12129974365234
mex,1998,16.31761932373047
mex,1999,16.69396018981934
mex,2000,19.6461296081543
mex,2001,20.62428092956543
mex,2002,21.46491050720215
mex,2003,22.47187042236328
mex,2004,22.05382919311523
mex,2005,21.90378952026367
mex,2006,20.82431983947754
mex,2007,19.88907051086426
mex,2008,17.38015937805176
mex,2009,18.66511917114258
mex,2010,18.6425895690918
mex,2011,18.4210205078125
mex,2012,18.08719062805176
mex,2013,16.90599060058594
mex,2014,18.80594062805176
mex,2015,19.01874923706055
mex,2016,17.93932914733887
mex,2017,17.57729911804199
mex,2018,16.57785034179688
mex,2020,16.19585990905762
mex,2021,15.88313007354736
mex,2022,14.23610973358154
mhl,1999,28.54380989074707
mhl,2002,14.81420040130615
mhl,2003,22.50875091552734
mhl,2013,26.10197514242207
mhl,2014,27.39333001730287
mhl,2015,26.74951207220904
mhl,2016,24.65839914449386
mhl,2017,22.38800312770158
mhl,2018,21.69809540762708
mhl,2019,15.04273986816406
mhl,2020,19.3691905422672
mhl,2021,22.8696172819017
mhl,2022,11.34535980224609
mkd,1992,0.0
mkd,1993,0.0
mkd,1994,0.0
mkd,1995,0.0
mkd,1996,0.0
mkd,2002,8.64087963104248
mli,1981,0.0
mli,1982,0.0
mli,1986,0.0
mli,1998,0.0
mli,1999,0.0
mli,2000,15.32380962371826
mli,2001,14.49349975585938
mli,2002,14.5252103805542
mli,2003,18.28376007080078
mli,2004,17.73634910583496
mli,2005,16.28030014038086
mli,2008,18.03169059753418
mli,2009,16.95940971374512
mli,2010,16.50391006469727
mli,2011,18.25834083557129
mli,2012,22.40337944030762
mli,2013,16.62344932556152
mli,2014,18.2242603302002
mli,2015,18.15549087524414
mli,2016,13.90388011932373
mli,2017,16.53433036804199
mli,2018,17.52153015136719
mli,2019,15.35702991485596
mli,2020,15.14260959625244
mli,2021,16.21821022033691
mli,2022,18.1899960391199
mli,2023,19.12176917699192
mli,2024,17.82390310875428
mlt,1981,0.0
mlt,1982,0.0
mlt,1983,0.0
mlt,1984,0.0
mlt,1985,0.0
mlt,1986,0.0
mlt,1987,0.0
mlt,1988,0.0
mlt,1989,0.0
mlt,1990,0.0
mlt,1991,0.0
mlt,1992,0.0
mlt,1998,0.0
mlt,2002,9.535340309143066
mlt,2004,10.56002044677734
mlt,2007,14.47568035125732
mlt,2008,12.99604988098145
mlt,2009,12.26858997344971
mlt,2010,15.49619960784912
mlt,2011,18.2634105682373
mlt,2012,14.98746013641357
mlt,2013,18.48130035400391
mlt,2014,17.30994033813477
mlt,2015,12.98429012298584
mlt,2016,13.97729015350342
mlt,2017,13.27812004089355
mlt,2019,13.75829982757568
mlt,2021,12.4916296005249
mlt,2022,12.4980001449585
mmr,1995,0.0
mmr,2011,5.381509780883789
mmr,2017,10.19062042236328
mmr,2018,10.11594009399414
mmr,2019,9.742409706115724
mng,1997,12.8076696395874
mng,1998,15.17901039123535
mng,1999,15.49800968170166
mng,2000,16.07476997375488
mng,2002,20.31151008605957
mng,2004,13.59444999694824
mng,2007,13.28645038604736
mng,2009,14.51142024993896
mng,2010,14.71113967895508
mng,2011,12.15085029602051
mng,2012,14.40723037719727
mng,2013,15.36744976043701
mng,2014,14.66810035705566
mng,2015,13.54710960388184
mng,2016,13.0631103515625
mng,2017,12.64562034606934
mng,2018,13.11474190183242
mng,2019,10.33956454958317
mng,2020,8.635278758145478
mng,2021,8.364094556565203
mng,2022,7.452066419705862
mng,2023,11.47054958343506
mng,2024,13.77688980102539
moz,1998,12.05375003814697
moz,1999,16.92332077026367
moz,2004,18.00153923034668
moz,2005,22.71817970275879
moz,2006,18.55003929138184
moz,2010,20.1663437150228
moz,2011,19.09857377051365
moz,2012,19.76724052429199
moz,2013,19.03288078308105
moz,2014,17.40730954418632
moz,2015,19.85233886814993
moz,2016,19.93637084960938
moz,2017,18.59365081787109
moz,2018,16.40555000305176
moz,2019,19.03368176962698
moz,2020,17.93492821808247
moz,2021,20.44973933448757
mrt,1997,0.0
mrt,1999,0.0
mrt,2001,0.0
mrt,2002,0.0
mrt,2003,0.0
mrt,2004,8.175809860229492
mrt,2006,10.31007957458496
mrt,2011,13.68274974822998
mrt,2012,10.01766014099121
mrt,2013,11.40542984008789
mrt,2014,11.90512810405457
mrt,2015,12.84349379473953
mrt,2016,9.330610275268556
mrt,2019,10.22801971435547
mrt,2020,9.727089881896973
mrt,2021,9.104820251464844
mrt,2022,4.841780185699463
mrt,2023,18.88887977600098
mrt,2024,31.88661003112793
msr,2010,8.598201585466283
msr,2011,7.212193650934713
msr,2012,6.349419975126803
msr,2013,4.829643598994206
msr,2014,5.470771930594156
msr,2015,7.596215274293548
msr,2016,7.790753423220107
msr,2017,7.798000191926572
msr,2018,7.487906305184712
msr,2019,7.318749711973882
msr,2020,4.200764230498947
msr,2021,7.966715073535145
msr,2022,7.051653368114163
msr,2023,5.706099744484784
msr,2024,7.681621653560502
msr,2025,5.732380504573203
mus,1981,0.0
mus,1982,0.0
mus,1983,0.0
mus,1984,0.0
mus,1985,0.0
mus,1986,0.0
mus,1987,0.0
mus,1988,0.0
mus,1989,0.0
mus,1990,8.5826997756958
mus,1991,10.7769603729248
mus,1999,14.19198989868164
mus,2000,12.97033977508545
mus,2001,13.23923969268799
mus,2002,12.91514015197754
mus,2003,17.92271995544434
mus,2004,17.38710021972656
mus,2005,17.08813095092773
mus,2006,15.17617034912109
mus,2007,14.1832799911499
mus,2008,14.0394401550293
mus,2009,13.24722957611084
mus,2010,14.57314968109131
mus,2011,13.84617042541504
mus,2012,14.96061992645264
mus,2013,14.7890100479126
mus,2014,20.90517997741699
mus,2015,19.45709037780762
mus,2016,19.96249961853027
mus,2017,20.35720062255859
mus,2018,19.27433013916016
mus,2019,18.67692947387695
mus,2020,15.64669990539551
mus,2021,14.32312965393066
mus,2022,15.709059715271
mus,2023,15.58454990386963
mus,2024,14.19320011138916
mwi,1986,0.0
mwi,1987,0.0
mwi,1988,0.0
mwi,1989,0.0
mwi,1990,0.0
mwi,1995,0.0
mwi,1996,0.0
mwi,1999,0.0
mwi,2000,0.0
mwi,2001,0.0
mwi,2003,16.49777030944824
mwi,2010,12.45998001098633
mwi,2011,15.04564952850342
mwi,2012,13.64096357734451
mwi,2013,20.49682998657227
mwi,2014,16.59646987915039
mwi,2015,21.79789924621582
mwi,2016,17.19881057739258
mwi,2017,14.34442043304443
mwi,2018,15.82935047149658
mwi,2020,20.15744840559888
mwi,2021,17.55940964801724
mwi,2023,16.0
mwi,2024,16.0
mys,1981,0.0
mys,1982,0.0
mys,1984,0.0
mys,1985,0.0
mys,1986,0.0
mys,1987,0.0
mys,1992,19.10503005981445
mys,1993,17.31287956237793
mys,1994,19.92374992370605
mys,1995,19.50259017944336
mys,1996,22.77094078063965
mys,1997,20.05298042297363
mys,1999,21.18855094909668
mys,2000,21.39068031311035
mys,2001,24.34852027893066
mys,2002,25.90360069274902
mys,2003,24.54244041442871
mys,2004,21.01292037963867
mys,2006,16.74556922912598
mys,2007,16.12466049194336
mys,2008,14.03864002227783
mys,2009,18.46463012695313
mys,2010,18.40623092651367
mys,2011,20.97702026367188
mys,2012,19.85116004943848
mys,2013,19.45430946350098
mys,2014,19.80055999755859
mys,2015,19.81072998046875
mys,2016,20.78914070129395
mys,2017,21.20990943908691
mys,2018,19.64325904846191
mys,2019,17.63631057739258
mys,2020,15.62187957763672
mys,2021,20.46257828486389
mys,2022,20.14967902953713
mys,2023,14.10052013397217
nam,1999,23.04277038574219
nam,2000,21.9250602722168
nam,2001,22.77570915222168
nam,2002,21.83686065673828
nam,2003,20.32821083068848
nam,2006,21.60298919677734
nam,2008,24.86161041259766
nam,2010,26.12351036071777
nam,2011,24.39881197928833
nam,2012,22.99737014309438
nam,2013,24.09998994674373
nam,2014,23.95806974314149
nam,2015,22.57133242132447
nam,2016,23.93919526530498
nam,2017,24.67402602115477
nam,2018,23.32430318241985
nam,2019,29.05619567422946
nam,2020,24.94138064056729
nam,2021,25.13548897534568
nam,2022,24.70692072678206
nam,2024,25.05161754418782
nam,2025,24.5766531675005
ner,1990,0.0
ner,1991,0.0
ner,1992,0.0
ner,1993,0.0
ner,1994,0.0
ner,1995,0.0
ner,1996,18.44432067871094
ner,1999,17.22141075134277
ner,2000,19.05752944946289
ner,2001,16.65031051635742
ner,2002,16.66684913635254
ner,2003,13.84549999237061
ner,2006,16.88376998901367
ner,2007,17.3759708404541
ner,2008,16.17733001708984
ner,2009,18.91250991821289
ner,2010,19.08964920043945
ner,2011,20.11651992797852
ner,2012,19.19202041625977
ner,2013,18.07670021057129
ner,2014,21.66150093078613
ner,2015,18.5121898651123
ner,2016,15.34716033935547
ner,2017,13.21516036987305
ner,2018,16.33996963500977
ner,2019,13.01280543286008
ner,2020,13.33253984583846
ner,2021,11.95261605965375
ner,2022,12.3714513252292
ner,2023,12.80697460445993
nga,2012,8.547881430944276
nga,2013,8.67739295298641
nga,2014,9.037187638157349
nga,2015,9.25551076252104
nga,2016,6.652197285204825
nga,2017,6.120105477628156
nga,2018,5.944552120925064
nga,2019,5.854971851660933
nga,2020,5.131436621204518
nga,2021,5.140225971926752
nga,2022,4.302818010836684
nga,2023,3.647272502361618
nga,2024,2.978497053240286
nic,1987,0.0
nic,1992,11.93350028991699
nic,1998,13.38181972503662
nic,1999,14.71679973602295
nic,2000,14.57369995117188
nic,2002,15.68778991699219
nic,2003,14.88700008392334
nic,2010,26.40800094604492
nic,2014,23.04759979248047
nic,2015,22.28290939331055
nic,2016,21.32547950744629
nic,2017,22.43330001831055
nic,2018,22.76133298341563
nic,2019,23.94110248643191
nic,2020,22.68764741595014
nic,2021,18.52223668663849
nic,2022,18.51920973594208
nic,2023,17.68857002258301
nic,2024,11.0127834019803
niu,2020,6.737950427466721
niu,2021,6.914249505302711
niu,2022,6.702117530022028
niu,2023,6.905197500061758
niu,2024,5.898247248255803
niu,2025,5.595122964916303
nld,1981,12.06789970397949
nld,1982,11.40721988677979
nld,1983,10.64282035827637
nld,1984,9.87185001373291
nld,1985,10.50205993652344
nld,1986,10.83491992950439
nld,1987,11.29732990264893
nld,1988,10.55998039245605
nld,1990,10.98548984527588
nld,1991,11.07083988189697
nld,1993,9.666669845581056
nld,1994,9.561429977416992
nld,1995,9.667949676513672
nld,1996,8.701080322265625
nld,1998,10.16322994232178
nld,1999,10.16279029846191
nld,2000,10.60684967041016
nld,2001,10.63936042785645
nld,2002,10.69431972503662
nld,2003,10.97206020355225
nld,2004,11.28462028503418
nld,2005,11.71969985961914
nld,2006,11.41699981689453
nld,2007,11.22879028320313
nld,2008,11.29115009307861
nld,2009,11.12102031707764
nld,2010,11.16580963134766
nld,2011,11.3361701965332
nld,2012,11.26502990722656
nld,2013,11.535400390625
nld,2014,11.55782032012939
nld,2015,11.66370964050293
nld,2016,12.27208042144775
nld,2017,11.8980598449707
nld,2018,12.41011047363281
nld,2019,12.00983047485352
nld,2020,11.06680965423584
nld,2021,11.71522045135498
nld,2022,11.97062015533447
nor,1981,14.48762035369873
nor,1982,14.52952003479004
nor,1983,14.31284999847412
nor,1984,14.06793022155762
nor,1985,14.06037044525146
nor,1986,14.02931976318359
nor,1987,14.25893974304199
nor,1988,13.18505954742432
nor,1989,13.88951969146729
nor,1990,13.89447021484375
nor,1991,13.7219295501709
nor,1992,13.66609954833984
nor,1993,15.73931980133057
nor,1994,16.35090065002441
nor,1995,16.73825073242188
nor,1996,15.84255027770996
nor,1997,16.05324935913086
nor,1998,15.39109992980957
nor,1999,14.99256992340088
nor,2000,15.63018989562988
nor,2001,15.783860206604
nor,2002,16.08358001708984
nor,2003,15.53073024749756
nor,2004,16.26292991638184
nor,2005,16.37252998352051
nor,2006,15.70711040496826
nor,2007,15.87798976898193
nor,2008,15.71776008605957
nor,2009,15.50778007507324
nor,2010,15.0884895324707
nor,2011,14.82680988311768
nor,2012,17.28206062316895
nor,2013,17.11923980712891
nor,2014,16.90208053588867
nor,2015,15.60758018493652
nor,2016,15.84072017669678
nor,2017,15.9396800994873
nor,2018,15.92572975158691
nor,2019,15.66553020477295
nor,2020,14.76426982879639
nor,2021,15.02766990661621
nor,2022,14.46910953521729
npl,1998,0.0
npl,1999,0.0
npl,2000,19.15604019165039
npl,2001,21.65620040893555
npl,2002,20.44404983520508
npl,2003,21.31265068054199
npl,2004,21.61335945129395
npl,2005,22.29421997070313
npl,2006,25.50064086914063
npl,2007,21.14613914489746
npl,2008,22.23003005981445
npl,2009,19.8729305267334
npl,2010,16.03235054016113
npl,2011,17.98384094238281
npl,2012,17.43708038330078
npl,2013,17.56963920593262
npl,2014,18.28129005432129
npl,2015,16.98966026306152
npl,2016,19.12849998474121
npl,2017,17.09638977050781
npl,2018,14.10186958312988
npl,2019,12.1130298505003
npl,2020,15.0051253828918
npl,2021,14.38920810645488
npl,2022,12.43792560378043
npl,2023,13.08261800001422
npl,2024,11.26471041677373
npl,2025,10.75123083737673
nru,2002,0.0
nru,2007,0.0
nru,2014,5.557309780479449
nru,2015,6.248684342216178
nru,2016,5.00017325826806
nru,2017,6.461640003722456
nru,2018,5.386104789137709
nru,2019,4.834024308971225
nru,2020,4.536530788765923
nru,2021,3.816158172915406
nru,2022,4.21463913905028
nru,2023,4.887340068817139
nru,2024,5.332952474699093
nru,2025,6.648166447342064
nzl,1980,0.0
nzl,1981,0.0
nzl,1982,0.0
nzl,1984,0.0
nzl,1985,8.193530082702637
nzl,1986,8.093680381774902
nzl,1987,8.878499984741211
nzl,1988,9.701120376586914
nzl,1989,10.1389799118042
nzl,1994,14.08041000366211
nzl,1995,14.00121974945068
nzl,1996,16.10198974609375
nzl,1997,15.79115962982178
nzl,1999,16.23171997070313
nzl,2000,14.81348037719727
nzl,2013,15.55774021148682
nzl,2014,15.52853012084961
nzl,2015,15.5518102645874
nzl,2016,15.36641025543213
nzl,2017,15.04393005371094
nzl,2018,14.55949020385742
nzl,2019,13.47486019134521
nzl,2020,13.62211990356445
nzl,2021,13.45761966705322
nzl,2022,12.61476993560791
nzl,2023,12.72667980194092
omn,1986,0.0
omn,1987,0.0
omn,1988,0.0
omn,1989,0.0
omn,1990,0.0
omn,1991,6.930739879608154
omn,1992,7.986430168151855
omn,1993,7.649610042572021
omn,1994,7.756030082702637
omn,1995,8.004639625549316
omn,1996,8.039019584655762
omn,1997,9.12555980682373
omn,1998,9.99180030822754
omn,1999,10.32785987854004
omn,2000,8.983440399169922
omn,2001,10.5839900970459
omn,2002,11.06247997283936
omn,2003,10.03896045684814
omn,2004,10.3164701461792
omn,2005,10.05364036560059
omn,2006,11.22463035583496
omn,2009,10.94917964935303
omn,2013,11.08018016815186
omn,2017,15.20722007751465
omn,2018,11.96630954742432
omn,2019,13.05799961090088
omn,2020,15.44277000427246
omn,2022,14.17794990539551
pak,1980,0.0
pak,1981,0.0
pak,1982,0.0
pak,1983,0.0
pak,1984,0.0
pak,1985,0.0
pak,1986,0.0
pak,1987,0.0
pak,1989,0.0
pak,1990,0.0
pak,1991,0.0
pak,1992,0.0
pak,1993,7.802849769592285
pak,1994,9.376429557800291
pak,1995,10.31326961517334
pak,1996,10.06898975372314
pak,1997,11.75339984893799
pak,1999,11.30733013153076
pak,2000,8.489879608154297
pak,2004,11.22935009002686
pak,2005,13.77750968933105
pak,2006,15.28909969329834
pak,2007,15.44552040100098
pak,2008,14.09696006774902
pak,2009,12.0826301574707
pak,2010,11.86466026306152
pak,2011,10.92461013793945
pak,2012,11.04063034057617
pak,2013,11.5139799118042
pak,2014,11.30066013336182
pak,2015,13.18727970123291
pak,2016,15.06348037719727
pak,2017,14.54477977752686
pak,2018,12.19247939863422
pak,2019,11.59167957305908
pak,2020,10.79621215389113
pak,2021,7.817207608930894
pak,2022,9.404403326004356
pak,2023,9.755060195922852
pan,1981,0.0
pan,1982,0.0
pan,1983,0.0
pan,1984,0.0
pan,1985,0.0
pan,1986,0.0
pan,1987,0.0
pan,1994,0.0
pan,1995,17.40129089355469
pan,1996,17.66301918029785
pan,1997,16.48343086242676
pan,1999,18.84408950805664
pan,2000,19.83193969726563
pan,2001,16.63912963867188
pan,2002,16.95750045776367
pan,2003,16.34300994873047
pan,2004,14.57616996765137
pan,2008,14.8747501373291
pan,2011,12.94435977935791
pan,2014,13.3286304473877
pan,2015,15.18982028961182
pan,2016,15.53779029846191
pan,2017,15.88370990753174
pan,2018,15.81630992889404
pan,2019,15.60737761316251
pan,2020,15.62963008880615
pan,2021,15.61050033569336
pan,2022,15.78133010864258
pan,2023,11.49275016784668
pan,2024,16.28029529819786
per,1996,0.0
per,1998,0.0
per,1999,0.0
per,2000,15.25037002563477
per,2001,14.79623031616211
per,2002,14.57806015014648
per,2003,14.65830993652344
per,2004,15.273850440979
per,2005,14.27851963043213
per,2006,14.03530025482178
per,2007,14.141770362854
per,2008,14.37782001495361
per,2009,14.54763031005859
per,2010,13.49236965179443
per,2011,13.54423999786377
per,2012,14.3694896697998
per,2013,15.22194004058838
per,2014,16.22751045227051
per,2015,17.61537933349609
per,2016,17.93577003479004
per,2017,18.32115936279297
per,2018,17.15217971801758
per,2019,17.7330207824707
per,2020,15.92726039886475
per,2021,16.7178897857666
per,2022,16.47299957275391
per,2023,18.85771942138672
per,2024,19.20502090454102
phl,1982,0.0
phl,1983,0.0
phl,1986,0.0
phl,1995,15.24298000335693
phl,1996,17.56657028198242
phl,1997,15.17012977600098
phl,1998,18.18099021911621
phl,2000,15.20676040649414
phl,2001,13.91590976715088
phl,2002,14.06892967224121
phl,2003,14.38022041320801
phl,2004,12.75084972381592
phl,2005,12.42236042022705
phl,2006,13.26852989196777
phl,2007,13.66701984405518
phl,2008,14.44198989868164
phl,2009,13.21115970611572
phl,2014,15.51594074074074
phl,2015,15.14553296239448
phl,2016,16.64209634219468
phl,2017,19.59042695522388
phl,2018,18.69201292805947
phl,2019,18.16309199781207
phl,2020,16.89326487804878
phl,2021,16.68165934309809
phl,2022,15.69640052950076
phl,2023,16.72798407365224
phl,2024,16.5494857826479
phl,2025,15.19523769793731
plw,2000,13.80012035369873
plw,2001,15.3078498840332
plw,2002,15.53765964508057
plw,2020,9.009482793676645
plw,2021,8.909601041509365
plw,2022,10.15532483666344
plw,2023,9.528682848680951
plw,2024,9.845098523926364
plw,2025,9.13294995246108
png,2015,7.241795778039582
png,2016,4.091391353039993
png,2017,10.69820022583008
png,2018,9.227100372314451
png,2019,3.577650189049153
png,2020,3.820020827104105
png,2021,3.249732498124754
png,2022,2.93439934399344
png,2023,3.538144028340903
pol,1991,0.0
pol,1992,0.0
pol,1993,0.0
pol,1995,0.0
pol,1996,16.7959098815918
pol,1998,11.27880954742432
pol,1999,10.89190006256104
pol,2000,11.58057022094727
pol,2001,11.86565971374512
pol,2002,11.92059993743896
pol,2003,11.67521953582764
pol,2004,12.32353019714355
pol,2005,12.26529026031494
pol,2006,12.70998001098633
pol,2007,11.34832954406738
pol,2008,11.41024971008301
pol,2009,11.08304977416992
pol,2010,11.0465202331543
pol,2011,10.94567966461182
pol,2012,11.1955099105835
pol,2013,11.56643962860107
pol,2014,11.57050037384033
pol,2015,11.53715038299561
pol,2016,11.27159976959229
pol,2017,11.04395961761475
pol,2018,11.11061954498291
pol,2019,11.17117023468018
pol,2020,10.05722999572754
pol,2021,10.60408973693848
pol,2022,9.974410057067873
pri,2013,0.0
pri,2014,0.0
pri,2015,12.28207831869007
pri,2016,10.08163335581796
pri,2017,10.88989375747323
pri,2018,10.28103279515065
pri,2019,13.8154757913494
pri,2020,16.67934294245217
pri,2021,14.07904581906507
pri,2022,16.37487072581252
pri,2023,17.48579322163896
pri,2024,17.14709964001305
pri,2025,15.96182324531561
prk,2010,13.08060109289617
prk,2011,13.32470892626132
prk,2012,13.98279041180086
prk,2013,14.56566247440772
prk,2014,14.25358448130447
prk,2015,14.09163558870538
prk,2016,13.76811594202899
prk,2017,14.33208489388265
prk,2018,14.97201492537313
prk,2019,15.03407155025554
prk,2020,14.17138395471403
prk,2021,12.75985663082437
prk,2022,13.8555208161922
prk,2023,15.07750117426022
prk,2024,13.67651538227231
prk,2025,14.62509279881218
prt,1981,0.0
prt,1982,0.0
prt,1983,0.0
prt,1984,0.0
prt,1985,0.0
prt,1986,0.0
prt,1987,7.214799880981445
prt,1988,9.004019737243652
prt,1989,9.871609687805176
prt,1990,10.2708797454834
prt,1991,11.01978015899658
prt,1992,10.58650016784668
prt,1993,10.53203010559082
prt,1994,10.91921997070313
prt,1995,11.66046047210693
prt,1996,12.60286998748779
prt,1999,11.8659496307373
prt,2000,12.05484962463379
prt,2001,12.09663009643555
prt,2002,11.90095996856689
prt,2003,11.63733959197998
prt,2004,10.95652008056641
prt,2005,10.85196971893311
prt,2006,10.87008953094482
prt,2007,11.0479097366333
prt,2008,10.32433986663818
prt,2009,11.06927967071533
prt,2010,10.41672992706299
prt,2011,10.22797012329102
prt,2012,10.12045955657959
prt,2013,10.53960037231445
prt,2014,9.911219596862791
prt,2015,10.150710105896
prt,2017,11.05156993865967
prt,2018,10.81169986724854
prt,2019,10.89321994781494
prt,2020,9.901789665222168
prt,2021,10.08261966705322
prt,2022,10.37423992156982
pry,1985,8.363329887390137
pry,1990,7.858059883117676
pry,1998,17.08778953552246
pry,1999,21.87684059143066
pry,2000,21.55938911437988
pry,2001,19.87921905517578
pry,2002,18.81539916992188
pry,2003,20.89402961730957
pry,2004,18.21824073791504
pry,2007,19.42472076416016
pry,2010,18.76240921020508
pry,2011,23.2977409362793
pry,2012,19.63422966003418
pry,2016,18.15431976318359
pry,2020,24.52182006835938
pry,2021,23.63689994812012
pry,2022,24.06851005554199
pry,2023,21.98883056640625
pry,2024,16.83370971679688
pry,2025,11.65273918624118
qat,1998,7.843699932098389
qat,1999,9.526630401611328
qat,2000,9.676050186157228
qat,2001,10.55130958557129
qat,2002,12.00745964050293
qat,2003,10.70005989074707
qat,2004,12.05313014984131
qat,2005,13.74475955963135
qat,2008,15.05552005767822
qat,2009,14.83565044403076
qat,2010,13.81727027893066
qat,2011,13.10684967041016
qat,2012,12.30793952941895
qat,2013,13.14834022521973
qat,2014,12.74283981323242
qat,2017,8.560850143432617
qat,2019,8.636489868164062
qat,2020,9.319109916687012
rou,1996,14.72865009307861
rou,2000,8.187580108642578
rou,2001,9.848819732666016
rou,2002,10.92234992980957
rou,2003,11.13906002044678
rou,2004,9.843310356140137
rou,2005,10.83668041229248
rou,2006,12.71961975097656
rou,2007,12.00496006011963
rou,2008,11.61622047424316
rou,2009,11.02128982543945
rou,2010,9.129130363464355
rou,2011,8.312990188598633
rou,2012,8.435790061950684
rou,2013,8.964130401611328
rou,2014,9.256950378417969
rou,2015,9.094510078430176
rou,2016,9.510589599609377
rou,2017,10.05265045166016
rou,2018,10.46096038818359
rou,2019,10.70549011230469
rou,2020,9.399700164794922
rou,2021,8.950240135192871
rou,2022,8.77511978149414
rus,2000,8.951849937438965
rus,2001,9.213359832763672
rus,2002,10.58384037017822
rus,2003,10.53168964385986
rus,2004,11.17590999603271
rus,2005,11.95057010650635
rus,2006,12.42580032348633
rus,2008,11.95923042297363
rus,2012,11.14675998687744
rus,2013,10.86184024810791
rus,2014,11.4885196685791
rus,2015,10.86946964263916
rus,2016,10.98528003692627
rus,2017,13.46508026123047
rus,2018,14.34107971191406
rwa,1981,0.0
rwa,1987,0.0
rwa,1988,0.0
rwa,1989,0.0
rwa,1999,17.25066947937012
rwa,2000,18.83532905578613
rwa,2001,25.31314086914063
rwa,2007,17.78655052185059
rwa,2008,15.59150981903076
rwa,2010,17.54805946350098
rwa,2011,15.34337997436523
rwa,2012,15.81546974182129
rwa,2013,16.8596305847168
rwa,2014,13.73431968688965
rwa,2015,12.53905010223389
rwa,2016,12.2783899307251
rwa,2017,11.07960987091064
rwa,2018,10.80461025238037
rwa,2019,10.99814605239757
rwa,2020,10.7835245127746
rwa,2021,15.53223991394043
rwa,2022,12.76613998413086
rwa,2023,15.02464008331299
rwa,2024,14.19097995758057
rwa,2025,13.93121386267377
sau,1981,0.0
sau,1982,0.0
sau,1983,0.0
sau,1984,0.0
sau,1986,0.0
sau,1991,14.71302032470703
sau,1992,14.72169017791748
sau,1993,14.57367038726807
sau,1994,16.81303024291992
sau,1995,16.84456062316895
sau,1996,15.25230026245117
sau,1997,12.29582023620605
sau,1998,23.98242950439453
sau,1999,23.32939910888672
sau,2000,17.83658981323242
sau,2001,20.89613914489746
sau,2002,21.29412078857422
sau,2003,21.45521926879883
sau,2004,20.18865966796875
sau,2005,19.29228973388672
sau,2006,21.6038703918457
sau,2008,19.25741958618164
sau,2023,15.84345772499284
sau,2024,15.63580692849503
sdn,2000,9.11688995361328
sdn,2002,11.04489040374756
sdn,2004,7.949240207672119
sdn,2005,5.966800212860107
sdn,2006,8.25316047668457
sdn,2008,9.392780303955078
sdn,2009,10.78182029724121
sen,1998,18.73254013061523
sen,1999,16.82036018371582
sen,2000,17.61849021911621
sen,2001,15.72974014282227
sen,2002,16.72192001342773
sen,2003,16.11750984191895
sen,2004,16.96224975585938
sen,2005,21.77096939086914
sen,2006,17.95463943481445
sen,2008,19.22613906860352
sen,2009,23.30044937133789
sen,2010,2.510600090026855
sen,2011,21.08696937561035
sen,2012,20.79524993896484
sen,2013,25.74234962463379
sen,2014,24.80130958557129
sen,2015,23.77827072143555
sen,2016,21.33736991882324
sen,2017,21.1016902923584
sen,2018,22.65928077697754
sen,2019,14.69312000274658
sen,2020,19.21673965454102
sen,2021,16.67687034606934
sen,2022,16.49155044555664
sen,2023,22.54717094722479
sen,2025,20.91060086069378
sgp,1981,0.0
sgp,1982,0.0
sgp,1983,0.0
sgp,1988,0.0
sgp,2000,20.3055305480957
sgp,2001,21.55665969848633
sgp,2002,21.41607093811035
sgp,2003,24.75983047485352
sgp,2004,22.74440956115723
sgp,2005,22.27878952026367
sgp,2006,22.53677940368652
sgp,2007,23.23229026794434
sgp,2008,30.09940910339355
sgp,2009,21.85297012329102
sgp,2010,18.57172966003418
sgp,2011,28.86183929443359
sgp,2012,31.37174987792969
sgp,2013,28.83914947509766
sgp,2014,20.47440082050123
sgp,2015,17.69537562827109
sgp,2016,17.55084805405025
sgp,2017,17.25352112676056
sgp,2018,20.71953010559082
sgp,2019,19.4742603302002
sgp,2020,19.19477081298828
sgp,2021,11.47173976898193
sgp,2022,15.13492965698242
sgp,2023,14.07042026519775
sgp,2024,12.86111523846083
sgp,2025,11.99345146262186
slb,1991,14.69324970245361
slb,1998,14.91903972625732
slb,2007,34.68080902099609
slb,2008,28.40707969665527
slb,2009,29.35206985473633
slb,2010,33.12895965576172
slb,2020,30.49439159197995
slb,2021,25.99682636108489
slb,2022,25.78161745826794
slb,2023,23.19963245685154
slb,2024,25.22878488543724
sle,2000,20.72999954223633
sle,2001,17.96999931335449
sle,2002,17.69999885559082
sle,2003,17.31999969482422
sle,2004,17.14999961853027
sle,2005,15.51000022888184
sle,2007,19.75
sle,2008,14.92999935150146
sle,2009,15.90000057220459
sle,2010,12.79999923706055
sle,2011,12.40999984741211
sle,2012,14.13000011444092
sle,2013,15.19999980926514
sle,2014,15.09000015258789
sle,2016,12.47000026702881
sle,2017,19.88999938964844
sle,2018,32.72999954223633
sle,2019,35.0099983215332
sle,2020,34.2400016784668
sle,2021,33.42000198364258
sle,2022,29.3700008392334
sle,2024,19.95918997330075
sle,2025,20.54637456589182
slv,1998,13.20932960510254
slv,1999,13.04333019256592
slv,2000,13.54397010803223
slv,2002,14.40474987030029
slv,2003,13.85227012634277
slv,2005,14.16685009002686
slv,2006,14.91919040679932
slv,2007,15.81505012512207
slv,2008,18.16251945495605
slv,2009,17.95026016235352
slv,2010,15.81840991973877
slv,2011,15.42368030548096
slv,2012,13.55786037445068
slv,2013,13.34160041809082
slv,2014,13.8507604598999
slv,2015,14.42251014709473
slv,2016,13.9301700592041
slv,2017,13.26113033294678
slv,2018,13.06204986572266
slv,2019,12.19194030761719
slv,2020,11.19429969787598
slv,2021,11.50806999206543
slv,2022,11.4042797088623
slv,2023,10.44163990020752
slv,2024,10.57559013366699
slv,2025,15.89259639097215
smr,1981,0.0
smr,1982,0.0
smr,1984,0.0
smr,1990,0.0
smr,1991,0.0
smr,1992,0.0
smr,1993,0.0
smr,1994,0.0
smr,1995,0.0
smr,1996,0.0
smr,2010,10.78129005432129
smr,2011,10.64035987854004
smr,2017,13.17934989929199
smr,2018,14.48633003234863
smr,2019,15.05992031097412
smr,2020,5.789347375
smr,2021,8.379810333251953
smr,2022,13.36878967285156
smr,2023,12.98976039886475
som,2015,1.421131717311304
som,2016,1.314840640059248
som,2017,2.223461869229261
som,2018,2.961797677124395
som,2019,4.287322881221026
som,2020,2.99771462084585
som,2021,3.650244490654222
som,2022,2.762152554394516
som,2023,3.591566981105978
som,2024,6.955547596212627
som,2025,8.126535843438019
srb,2007,9.976639747619627
srb,2009,10.48217964172363
srb,2011,10.17957019805908
srb,2016,8.69299030303955
srb,2017,9.256460189819336
srb,2018,8.804280281066895
srb,2019,8.604599952697754
srb,2021,7.086689949035645
srb,2022,7.449689865112305
srb,2023,8.383540153503418
ssd,2011,3.950700044631958
ssd,2013,3.228019952774048
ssd,2014,4.131360054016113
ssd,2015,3.324949979782104
ssd,2024,0.0033599999733269
stp,2002,6.560440063476563
stp,2003,6.692009925842285
stp,2004,5.85359001159668
stp,2005,12.12547969818115
stp,2006,14.08423042297363
stp,2007,16.65735054016113
stp,2008,18.24863052368164
stp,2009,20.5607795715332
stp,2010,19.3274097442627
stp,2011,11.38041578226418
stp,2012,13.72161960601807
stp,2013,18.82966995239258
stp,2014,12.32466983795166
stp,2015,11.29734039306641
stp,2016,15.96667957305908
stp,2017,18.39999961853027
stp,2018,20.11654090881348
stp,2019,17.59244509009995
stp,2020,16.12593579791158
stp,2021,16.58419120232069
stp,2022,17.08632851845202
stp,2023,18.34500625165563
stp,2024,18.08669695163878
sur,2015,11.37659899072879
sur,2016,16.07541860914182
sur,2017,17.32357800330422
sur,2018,14.72417251755266
sur,2019,15.27698863636364
sur,2020,13.94234545597361
sur,2021,11.78294573643411
sur,2022,10.9554367201426
sur,2023,7.536292151822169
sur,2024,8.553004298996902
svk,1992,0.0
svk,1993,0.0
svk,1994,0.0
svk,1995,0.0
svk,1996,9.483650207519531
svk,1997,8.447790145874023
svk,1999,8.476019859313965
svk,2000,7.265600204467773
svk,2001,8.526269912719727
svk,2002,9.24452018737793
svk,2003,10.579270362854
svk,2004,10.72064018249512
svk,2005,9.647489547729492
svk,2006,9.71280002593994
svk,2007,9.804280281066896
svk,2008,9.657059669494627
svk,2009,9.272170066833496
svk,2010,9.85927963256836
svk,2011,9.57921028137207
svk,2012,9.6274995803833
svk,2013,9.879949569702148
svk,2014,10.01690006256104
svk,2015,10.34344959259033
svk,2016,9.495800018310549
svk,2017,9.850279808044434
svk,2018,9.92531967163086
svk,2019,10.49930953979492
svk,2020,10.60756969451904
svk,2021,10.50737953186035
svk,2022,10.82808971405029
svn,1991,0.0
svn,1992,0.0
svn,1993,0.0
svn,1994,0.0
svn,1995,0.0
svn,2001,11.82783031463623
svn,2002,12.01115989685059
svn,2003,12.09881019592285
svn,2004,12.12226009368896
svn,2005,12.09897994995117
svn,2006,12.30090999603271
svn,2007,11.81182956695557
svn,2008,11.36485958099365
svn,2009,11.24168968200684
svn,2010,11.02781963348389
svn,2011,10.85939979553223
svn,2012,11.33905982971191
svn,2013,9.47187042236328
svn,2014,10.56888961791992
svn,2015,10.0119800567627
svn,2016,10.32664966583252
svn,2017,10.81285953521729
svn,2018,11.30204010009766
svn,2019,11.27118968963623
svn,2020,10.46212005615234
svn,2021,10.80632019042969
svn,2022,11.0809497833252
swe,1980,9.802969932556152
swe,1981,10.13675022125244
swe,1990,8.292340278625488
swe,1991,8.384849548339844
swe,1992,7.969279766082764
swe,1993,8.110099792480469
swe,1995,10.17560005187988
swe,1996,11.30233001708984
swe,1998,12.69244956970215
swe,1999,12.38848972320557
swe,2000,12.89867973327637
swe,2001,12.78553009033203
swe,2002,13.1183500289917
swe,2003,12.83382987976074
swe,2004,12.91322994232178
swe,2005,12.73132991790771
swe,2006,12.71201992034912
swe,2007,12.76568031311035
swe,2008,12.92362976074219
swe,2009,13.12812042236328
swe,2010,13.19379043579102
swe,2011,13.04813003540039
swe,2012,15.07507991790771
swe,2013,14.88731956481934
swe,2014,15.04500961303711
swe,2015,15.18671035766602
swe,2016,15.46417045593262
swe,2017,15.53695011138916
swe,2018,15.51504993438721
swe,2019,15.74522972106934
swe,2020,15.31173992156982
swe,2021,15.54915046691895
swe,2022,15.27604961395264
swz,1981,23.75299072265625
swz,1982,20.37891960144043
swz,1987,20.46323013305664
swz,1988,21.77708053588867
swz,1989,25.0898609161377
swz,1990,23.47705078125
swz,1994,20.03243064880371
swz,1995,20.6596794128418
swz,1996,21.84551048278809
swz,1999,20.43320083618164
swz,2000,18.74508094787598
swz,2001,19.65617942810059
swz,2002,17.29376983642578
swz,2003,22.06381988525391
swz,2004,21.10407066345215
swz,2005,20.89185905456543
swz,2006,22.70756912231445
swz,2008,21.81324005126953
swz,2009,19.38637924194336
swz,2010,18.28302955627441
swz,2011,22.33392906188965
swz,2012,21.43775954342454
swz,2013,17.23399640698286
swz,2014,24.79544067382813
swz,2015,16.41538784288528
swz,2016,16.55491112702872
swz,2017,18.66627509147846
swz,2018,17.22101182665492
swz,2019,18.5068975878254
swz,2020,15.8905396021243
swz,2021,15.34087001860497
swz,2022,16.620931006141
swz,2023,16.93638831213255
swz,2024,19.35419607602253
swz,2025,19.21187040536306
sxm,2022,22.61103633916554
sxm,2023,23.04426925409339
syc,1984,26.9918098449707
syc,1985,22.83296012878418
syc,1986,19.51612091064453
syc,1988,18.25662994384766
syc,1989,19.83613014221191
syc,1994,14.97165966033936
syc,1995,11.91291046142578
syc,1996,15.13588047027588
syc,1998,9.872570037841797
syc,1999,9.373760223388672
syc,2002,9.220159530639648
syc,2003,12.04319953918457
syc,2006,10.9545202255249
syc,2011,10.36830043792725
syc,2012,6.779669761657715
syc,2013,9.536629676818848
syc,2014,11.84099960327148
syc,2015,15.59241962432861
syc,2016,11.66483020782471
syc,2017,10.25983040033385
syc,2018,10.51462021660156
syc,2019,11.130556515303
syc,2020,9.168005070426334
syc,2021,10.4837460475179
syc,2022,10.64876286796686
syc,2023,12.7399803021294
syc,2024,13.14195809729167
syc,2025,10.68572483002371
syr,1981,0.0
syr,1982,0.0
syr,1984,0.0
syr,1985,0.0
syr,1986,0.0
syr,1987,0.0
syr,1988,0.0
syr,1989,0.0
syr,1996,15.0407600402832
syr,2001,15.66205978393555
syr,2002,16.82607078552246
syr,2003,19.85540008544922
syr,2004,17.14539909362793
syr,2006,20.0484790802002
syr,2007,18.92593002319336
syr,2008,20.04079055786133
syr,2009,19.18404960632324
tca,1981,0.0
tca,1998,0.0
tca,1999,0.0
tca,2000,0.0
tca,2001,0.0
tca,2002,0.0
tca,2003,0.0
tca,2005,0.0
tca,2011,11.70387309139757
tca,2012,11.62089334250613
tca,2013,12.24923485452426
tca,2014,11.80901857810291
tca,2015,14.19169998168945
tca,2016,13.17629654439459
tca,2017,11.03374853686171
tca,2018,11.94102001190186
tca,2019,9.615440368652344
tca,2020,10.82221277044946
tca,2021,11.23834991455078
tca,2022,11.86330032348633
tca,2023,9.317347232734036
tca,2024,10.73425260585465
tca,2025,9.811855133278703
tcd,1997,12.89865970611572
tcd,1998,11.07153034210205
tcd,1999,17.05998039245605
tcd,2000,12.84449005126953
tcd,2001,13.78684997558594
tcd,2004,11.03190040588379
tcd,2005,14.67282009124756
tcd,2009,8.828180313110352
tcd,2010,8.119279861450195
tcd,2011,10.08325958251953
tcd,2012,9.212409973144531
tcd,2013,12.46146011352539
tcd,2017,16.36274909973145
tcd,2019,14.21379003899466
tcd,2020,11.6715060004173
tcd,2021,15.44771003723145
tcd,2022,16.72260975170407
tcd,2023,16.48435344243246
tgo,1981,0.0
tgo,1984,0.0
tgo,1987,0.0
tgo,1992,22.54920959472656
tgo,1996,23.29256057739258
tgo,1998,20.98232078552246
tgo,1999,23.41876029968262
tgo,2000,24.42370986938477
tgo,2001,25.73135948181152
tgo,2002,30.70002937316895
tgo,2003,27.75642967224121
tgo,2004,21.83069038391113
tgo,2005,17.67807960510254
tgo,2006,17.28664970397949
tgo,2007,18.15452003479004
tgo,2008,19.24566078186035
tgo,2009,19.37198066711426
tgo,2010,19.61576080322266
tgo,2011,16.90378952026367
tgo,2012,17.68042945861816
tgo,2013,15.49767971038818
tgo,2014,15.63267993927002
tgo,2015,16.21163940429688
tgo,2016,15.99131011962891
tgo,2017,23.14003944396973
tgo,2018,21.76909065246582
tgo,2019,19.23478396953854
tgo,2020,18.14345287396986
tgo,2021,17.45342364551913
tgo,2022,14.47581978700893
tgo,2023,14.82360413302916
tgo,2024,11.64543515210437
tha,1980,0.0
tha,1981,0.0
tha,1982,0.0
tha,1983,0.0
tha,1984,0.0
tha,1986,0.0
tha,1987,0.0
tha,1988,0.0
tha,1989,0.0
tha,1991,0.0
tha,1992,0.0
tha,1994,0.0
tha,1995,18.90245056152344
tha,1996,20.03906059265137
tha,1997,21.20360946655273
tha,1998,19.48100090026855
tha,1999,18.97901916503906
tha,2000,28.38859939575195
tha,2001,24.24134063720703
tha,2002,16.22293090820313
tha,2003,20.8663501739502
tha,2004,21.45767021179199
tha,2005,20.54681968688965
tha,2006,22.0027904510498
tha,2007,18.48467063903809
tha,2008,18.16284942626953
tha,2009,18.17830085754395
tha,2010,16.22262001037598
tha,2011,22.63023948669434
tha,2012,21.39679908752441
tha,2013,19.12552070617676
tha,2014,20.5354099009901
tha,2015,20.62309902912622
tha,2016,19.80216498559078
tha,2017,18.36236743072186
tha,2018,17.16620983606557
tha,2019,17.01423333333333
tha,2020,15.431959375
tha,2021,14.69172283427898
tha,2022,14.64165161290322
tha,2023,14.18629827315542
tha,2024,13.09098850574713
tha,2025,12.61708369973619
tjk,1993,0.0
tjk,1995,0.0
tjk,1996,0.0
tjk,1998,14.72988986968994
tjk,1999,11.83438968658447
tjk,2000,12.72385025024414
tjk,2001,14.00712966918945
tjk,2002,14.63924980163574
tjk,2003,12.70823955535889
tjk,2004,13.70965957641602
tjk,2005,15.33973026275635
tjk,2006,15.84657001495361
tjk,2007,16.82249069213867
tjk,2008,17.2426700592041
tjk,2009,17.35973930358887
tjk,2010,15.49219989776611
tjk,2011,16.20780944824219
tjk,2012,16.24967956542969
tjk,2013,17.3689571897652
tjk,2014,17.79638391116646
tjk,2015,16.3986701965332
tjk,2016,17.03836344891204
tjk,2017,18.14115030542452
tjk,2018,15.88862268984674
tjk,2019,18.22823856874412
tjk,2020,17.29742307954632
tjk,2021,15.04331613819054
tjk,2022,18.3473626996201
tjk,2023,17.22547497292963
tjk,2024,19.25516240406395
tkl,1982,0.0
tkl,1983,0.0
tkm,2012,20.79550933837891
tkm,2019,23.01025009155273
tkm,2020,27.99839973449707
tkm,2021,29.08345031738281
tkm,2022,28.68071937561035
tkm,2023,19.10349082946777
tkm,2024,27.62454986572266
tls,2008,7.090539932250977
tls,2009,10.58611965179443
tls,2010,9.154210090637209
tls,2011,7.650899887084961
tls,2012,5.537690162658691
tls,2013,5.893179893493652
tls,2014,6.772870063781738
tls,2015,8.636969566345215
tls,2016,7.246910095214844
tls,2017,8.217690467834473
tls,2018,8.005629539489746
tls,2019,6.869692216372372
tls,2020,6.956637108994876
tls,2021,7.470769802551831
tls,2024,6.275140230587752
tls,2025,4.330967184613028
ton,1984,0.0
ton,1998,0.0
ton,1999,26.0569896697998
ton,2000,22.95586013793945
ton,2001,22.10918045043945
ton,2002,15.82658004760742
ton,2003,18.61911964416504
ton,2004,19.09716987609863
ton,2017,11.07814541206856
ton,2018,11.27844772078499
ton,2019,12.99594240349265
ton,2020,10.73154864869994
ton,2021,10.1174321653832
ton,2022,9.76537216828479
ton,2023,8.442249580302184
ton,2024,9.32964222353637
tto,1982,0.0
tto,1983,0.0
tto,1984,0.0
tto,1985,0.0
tto,1989,12.90589046478271
tto,1990,13.85188007354736
tto,1994,15.01152992248535
tto,1995,14.89840030670166
tto,1996,13.28493022918701
tto,1997,12.03244018554688
tto,1998,8.92667007446289
tto,1999,11.23003959655762
tto,2000,11.73112010955811
tto,2001,12.16543006896973
tto,2002,14.28520965576172
tto,2003,13.91007041931152
tto,2010,12.90331022029134
tto,2011,11.1150541951613
tto,2012,11.27329497083383
tto,2013,11.73038445827487
tto,2014,10.50938763190676
tto,2015,12.30704474869261
tto,2016,11.7850028841985
tto,2017,9.88690577318633
tto,2018,10.65227805216344
tto,2019,10.45610419572353
tto,2020,11.71627044677734
tto,2021,10.02651977539063
tto,2022,10.40559005737305
tto,2023,9.826899528503418
tto,2024,9.146889324895392
tto,2025,12.57427897089101
tun,1981,0.0
tun,1982,0.0
tun,1983,0.0
tun,1984,0.0
tun,1985,0.0
tun,1986,0.0
tun,1990,0.0
tun,1991,0.0
tun,1992,20.72396087646484
tun,1993,21.67490005493164
tun,1994,21.81670951843262
tun,1995,23.35724067687988
tun,1996,23.13492965698242
tun,1997,25.95521926879883
tun,1999,24.90078926086426
tun,2000,24.5917797088623
tun,2001,24.64776039123535
tun,2002,22.88013076782227
tun,2003,27.68428993225098
tun,2004,27.83381080627441
tun,2005,26.6956901550293
tun,2006,26.86130905151367
tun,2007,26.42863082885742
tun,2008,25.25867080688477
tun,2009,25.26201057434082
tun,2010,24.84683036804199
tun,2012,20.99101066589355
tun,2015,22.66534042358398
tun,2019,17.64667720415611
tun,2020,20.81347541533815
tun,2021,19.75151556248728
tun,2022,19.97026247720816
tun,2023,18.10789713042393
tun,2024,17.80989549368782
tun,2025,17.27852009092732
tur,1981,0.0
tur,1982,0.0
tur,1983,0.0
tur,1984,0.0
tur,1985,0.0
tur,1986,0.0
tur,1993,0.0
tur,1994,0.0
tur,1995,0.0
tur,1998,0.0
tur,2011,12.86585998535156
tur,2012,12.85289001464844
tur,2013,12.89196968078613
tur,2014,13.52735042572021
tur,2015,13.26185035705566
tur,2016,13.69145965576172
tur,2017,13.25858020782471
tur,2018,12.53085994720459
tur,2019,12.52369976043701
tur,2020,11.63362979888916
tur,2021,11.30918025970459
tur,2022,11.32629013061523
tuv,1990,0.0
tuv,1997,0.0
tuv,2020,11.00385063402681
tuv,2021,13.270222607687
tuv,2022,12.92737622565877
tuv,2023,11.3604097366333
tuv,2024,16.9789718325253
tuv,2025,16.79219400988117
tza,1980,0.0
tza,1989,0.0
tza,1990,0.0
tza,1996,12.50030994415283
tza,1997,12.62788963317871
tza,1998,11.79397010803223
tza,2004,19.49263954162598
tza,2005,18.14314079284668
tza,2006,15.01506996154785
tza,2007,19.4492301940918
tza,2008,18.94046974182129
tza,2009,17.68234062194824
tza,2010,19.8020191192627
tza,2011,17.61824331453819
tza,2012,16.87873519645095
tza,2013,19.11519213018508
tza,2014,17.29710006713867
tza,2015,17.63455049746813
tza,2016,17.20423195750261
tza,2017,24.39653968811035
tza,2018,20.50494003295898
tza,2019,14.2921084679586
tza,2020,13.62855799097489
tza,2021,13.53700810698688
tza,2022,14.33210929641049
tza,2023,13.70423764362136
tza,2024,13.40809811638705
uga,1982,0.0
uga,1983,0.0
uga,1984,0.0
uga,1985,0.0
uga,1988,0.0
uga,2000,10.3548698425293
uga,2004,20.30834007263184
uga,2010,10.10488986968994
uga,2011,13.61137008666992
uga,2012,11.45189952850342
uga,2013,11.74312019348145
uga,2014,11.70491027832031
uga,2015,13.22008037567139
uga,2016,12.46916961669922
uga,2017,12.19733047485352
uga,2018,11.25364971160889
uga,2019,8.89710752279272
uga,2020,8.528804654958815
uga,2021,8.21456053372555
uga,2022,8.482364332061273
ukr,1997,12.92467021942139
ukr,1998,11.59928035736084
ukr,1999,13.53417015075684
ukr,2000,11.35896968841553
ukr,2001,12.81095027923584
ukr,2002,14.36096000671387
ukr,2003,14.41952037811279
ukr,2004,12.7817497253418
ukr,2005,13.73865032196045
ukr,2006,13.92323017120361
ukr,2007,14.03619003295898
ukr,2008,13.55782985687256
ukr,2009,15.05482006072998
ukr,2011,13.48431968688965
ukr,2012,13.66551971435547
ukr,2013,13.86763954162598
ukr,2014,13.12135028839111
ukr,2015,12.4049319402434
ukr,2016,12.28328990936279
ukr,2017,12.99993991851807
ukr,2018,12.69019985198975
ukr,2019,13.11063003540039
ukr,2020,11.80327987670898
ukr,2021,12.69548988342285
ury,1984,0.0
ury,1985,0.0
ury,1986,0.0
ury,1991,0.0
ury,1992,0.0
ury,1994,0.0
ury,1995,0.0
ury,1996,0.0
ury,1998,0.0
ury,2000,8.359169960021973
ury,2001,9.22963047027588
ury,2002,7.71265983581543
ury,2003,6.836269855499268
ury,2004,8.60923957824707
ury,2005,9.470970153808594
ury,2006,9.84121036529541
ury,2011,15.16254997253418
ury,2012,17.67792781931658
ury,2013,14.37047004699707
ury,2014,14.44427013397217
ury,2015,14.72430038452148
ury,2016,14.71014022827148
ury,2017,14.86126041412354
ury,2018,15.17232990264893
ury,2019,15.1325101852417
ury,2020,13.88360977172852
ury,2021,14.76788997650146
ury,2022,14.93362998962402
ury,2023,15.60958003997803
usa,2015,13.54664993286133
usa,2016,13.17061042785645
usa,2017,13.8754997253418
usa,2018,13.14741039276123
usa,2019,13.27268981933594
usa,2020,12.1569995880127
usa,2021,11.29265975952148
uzb,2013,22.7609691619873
uzb,2014,22.97685050964355
uzb,2015,22.36525917053223
uzb,2016,23.09033012390137
uzb,2017,22.53945922851563
uzb,2018,25.87523091799072
uzb,2019,28.41832847917145
uzb,2020,17.06019020080566
uzb,2021,15.07530975341797
uzb,2022,21.85101834454068
uzb,2023,22.64815662659952
uzb,2024,22.07464503820453
vct,1986,22.8988094329834
vct,1989,18.24648094177246
vct,1991,20.6996898651123
vct,1998,14.84941959381104
vct,1999,21.14543914794922
vct,2000,30.78919982910156
vct,2002,28.70130920410156
vct,2003,31.47550964355469
vct,2005,22.59198951721191
vct,2007,20.03841018676758
vct,2009,17.33849906921387
vct,2010,15.48563003540039
vct,2015,17.2
vct,2016,20.14841079711914
vct,2017,20.19763946533203
vct,2018,19.8603401184082
vct,2020,13.0
vct,2022,15.2270812769575
vct,2023,12.8554647399902
vct,2024,12.62687748820431
ven,1981,0.0
ven,1982,0.0
ven,1983,0.0
ven,1984,0.0
ven,1987,0.0
ven,1988,0.0
ven,1990,0.0
ven,1992,0.0
ven,1993,0.0
ven,1994,0.0
ven,2023,0.0095300003886223
ven,2024,10.25429208655959
vgb,2012,12.05877296564658
vgb,2013,15.73427620009728
vgb,2014,14.70944245282069
vgb,2015,13.26398155301168
vgb,2016,12.8649093973932
vgb,2017,12.64089345012552
vgb,2018,10.21799741849662
vgb,2019,17.20144753593073
vgb,2020,11.86371459312473
vgb,2021,10.84606846878262
vgb,2022,12.20016621925425
vgb,2023,11.08530357499431
vgb,2024,10.86002798172683
vgb,2025,13.59118559776313
vnm,2008,18.00123977661133
vnm,2009,15.18871021270752
vnm,2010,17.05666923522949
vnm,2011,17.81126976013184
vnm,2012,18.78499031066895
vnm,2013,18.51551055908203
vnm,2014,16.81228974657813
vnm,2015,15.0167530601057
vnm,2016,15.60490036010742
vnm,2017,15.47429664576261
vnm,2018,16.09086990356445
vnm,2019,15.57194904947498
vnm,2020,14.47188120473168
vnm,2021,14.81748666271488
vnm,2022,15.44934439089992
vut,1994,17.53491020202637
vut,1998,27.40110015869141
vut,1999,25.82177925109863
vut,2000,27.52419090270996
vut,2001,40.07754898071289
vut,2002,36.40961837768555
vut,2003,44.80179977416992
vut,2008,21.40563011169434
vut,2009,18.7231502532959
vut,2014,22.19061088562012
vut,2015,12.70670032501221
vut,2016,12.4892469656623
vut,2017,12.20798015594482
vut,2018,20.13215140933384
vut,2019,4.455299854278564
vut,2020,5.011050224304199
vut,2021,20.00745061838172
vut,2022,20.93909991250744
vut,2023,18.40105056762695
vut,2024,19.30835914611816
wsm,1999,13.41716957092285
wsm,2000,10.46129989624023
wsm,2001,12.77033042907715
wsm,2002,12.79380035400391
wsm,2008,16.06422996520996
wsm,2010,8.817218542851569
wsm,2011,11.03494443700629
wsm,2012,12.16064931430171
wsm,2013,14.65286453685526
wsm,2014,15.01105645050883
wsm,2015,14.69388782500543
wsm,2016,13.03890037536621
wsm,2017,15.16972796096324
wsm,2018,14.95538266968449
wsm,2019,13.43494376785901
wsm,2020,12.81194919965289
wsm,2021,15.36419003988169
wsm,2022,13.60028784624415
wsm,2023,13.74215778569854
wsm,2024,12.87100790475802
wsm,2025,11.71449850788684
yem,2000,30.48928070068359
yem,2001,30.32127952575684
yem,2008,12.48923969268799
zaf,1987,0.0
zaf,1988,0.0
zaf,1989,0.0
zaf,1990,0.0
zaf,1991,0.0
zaf,1993,0.0
zaf,1994,0.0
zaf,1996,0.0
zaf,1999,0.0
zaf,2000,0.0
zaf,2001,20.47204971313477
zaf,2002,20.09569931030273
zaf,2003,19.59230041503906
zaf,2004,19.93462944030762
zaf,2005,19.92498970031738
zaf,2006,18.00498962402344
zaf,2007,18.02706909179688
zaf,2008,17.90630912780762
zaf,2009,18.30625915527344
zaf,2010,18.04437065124512
zaf,2011,18.66229057312012
zaf,2012,19.66995048522949
zaf,2013,18.69659996032715
zaf,2014,18.98916053771973
zaf,2015,18.69935035705566
zaf,2016,18.04874038696289
zaf,2017,18.71928977966309
zaf,2018,18.90159034729004
zaf,2019,19.60577011108398
zaf,2020,19.65570068359375
zaf,2021,18.93695068359375
zaf,2022,18.89266014099121
zaf,2023,19.17062950134277
zaf,2024,18.51523017883301
zaf,2025,19.14130308992015
zmb,1981,0.0
zmb,1982,0.0
zmb,1983,0.0
zmb,1984,0.0
zmb,1985,0.0
zmb,1986,0.0
zmb,1987,0.0
zmb,1991,0.0
zmb,1992,0.0
zmb,1993,0.0
zmb,1994,0.0
zmb,1995,0.0
zmb,1998,0.0
zmb,1999,0.0
zmb,2000,8.352620124816895
zmb,2004,10.58498954772949
zmb,2005,7.729730129241943
zmb,2007,6.227910041809082
zmb,2008,5.651800155639648
zmb,2010,19.86445584945388
zmb,2011,18.64306095221401
zmb,2012,17.51196828674788
zmb,2013,17.46791588280217
zmb,2014,20.16540930603065
zmb,2015,16.72611045837402
zmb,2016,15.66361999511719
zmb,2017,14.93433952331543
zmb,2018,17.09090042114258
zmb,2019,15.29186540319494
zmb,2020,12.37802473730647
zmb,2021,11.51413827885303
zmb,2023,13.85877500801112
zmb,2024,15.3772099653715
zmb,2025,14.50599844151044
zwe,2010,8.536724931129475
zwe,2012,29.75108820160366
zwe,2013,28.66034051076615
zwe,2014,30.01514923501379
zwe,2015,29.47082989585527
zwe,2016,23.5270848466941
zwe,2017,19.69122878131862
zwe,2018,19.15878462692604
zwe,2019,10.46358868354785
zwe,2020,15.66661086388859
zwe,2023,10.68896230055768
zwe,2024,16.32033510430204
zwe,2025,17.89884836304893
