country,year,cr_mod_2
afg,1981,4.940000057220459
afg,1982,5.239999771118164
afg,1983,5.539999961853027
afg,1984,5.860000133514404
afg,1985,6.21999979019165
afg,1986,6.590000152587891
afg,1987,7.039999961853027
afg,1988,7.510000228881836
afg,1989,7.989999771118164
afg,2025,42.75
ago,1981,14.06999969482422
ago,1982,14.47000026702881
ago,1983,14.90999984741211
ago,1984,15.36999988555908
ago,1985,15.8100004196167
ago,1986,16.31999969482422
ago,1987,16.78000068664551
ago,1988,17.17000007629395
ago,1989,17.56999969482422
ago,1990,18.10000038146973
ago,1991,18.61000061035156
ago,1992,19.20999908447266
ago,1993,19.55999946594238
ago,1994,20.05999946594238
ago,1995,20.40999984741211
ago,1996,21.05999946594238
ago,1997,21.78000068664551
ago,1998,22.67000007629395
ago,1999,23.59000015258789
ago,2000,24.45999908447266
ago,2001,25.34000015258789
ago,2002,26.15999984741211
ago,2003,27.07999992370605
ago,2004,27.95000076293945
ago,2005,28.88999938964844
ago,2006,29.95000076293945
ago,2007,31.05999946594238
ago,2008,32.0099983215332
ago,2009,32.72000122070313
ago,2010,33.11999893188477
ago,2011,33.5099983215332
ago,2012,34.04999923706055
ago,2013,34.72999954223633
ago,2014,35.47000122070313
ago,2015,36.2599983215332
ago,2016,36.97999954223633
ago,2017,37.61000061035156
ago,2018,38.20999908447266
ago,2019,38.77999877929688
ago,2020,39.36999893188477
ago,2021,39.90999984741211
ago,2022,40.36999893188477
ago,2023,40.90000152587891
ago,2024,41.65999984741211
ago,2025,42.38000106811523
alb,1981,93.87000274658205
alb,1982,93.9800033569336
alb,1983,94.08000183105467
alb,1984,94.23999786376952
alb,1985,94.38999938964844
alb,1986,94.51000213623048
alb,1987,94.59999847412108
alb,1988,94.66999816894533
alb,1989,94.66000366210938
alb,1990,94.66999816894533
alb,1991,94.65000152587892
alb,1992,94.65000152587892
alb,1993,94.62000274658205
alb,1994,94.59999847412108
alb,1995,94.56999969482422
alb,1996,94.59999847412108
alb,1997,94.66000366210938
alb,1998,94.7300033569336
alb,1999,94.8000030517578
alb,2000,94.87000274658205
alb,2001,94.9499969482422
alb,2002,95.05999755859376
alb,2003,95.16999816894533
alb,2004,95.31999969482422
alb,2005,95.41999816894533
alb,2006,95.54000091552734
alb,2007,95.62999725341795
alb,2008,95.70999908447266
alb,2009,95.77999877929688
alb,2010,95.84999847412108
alb,2011,95.95999908447266
alb,2012,96.0199966430664
alb,2013,96.09999847412108
alb,2014,96.15000152587892
alb,2015,96.2300033569336
alb,2016,96.3000030517578
alb,2017,96.36000061035156
alb,2018,96.41000366210938
alb,2019,96.5
alb,2020,96.58000183105467
alb,2021,96.63999938964844
alb,2022,96.72000122070312
alb,2023,96.7699966430664
alb,2024,96.84999847412108
alb,2025,96.90000152587892
arg,1981,58.91999816894531
arg,1982,59.59999847412109
arg,1983,60.59000015258789
arg,1984,61.70000076293945
arg,1985,62.70000076293945
arg,1986,63.47000122070313
arg,1987,64.30000305175781
arg,1988,65.37000274658203
arg,1989,66.37000274658203
arg,1990,67.06999969482422
arg,1991,67.45999908447266
arg,1992,67.87999725341797
arg,1993,68.4800033569336
arg,1994,68.8499984741211
arg,1995,69.01000213623047
arg,1996,68.93000030517578
arg,1997,69.4000015258789
arg,1998,70.4000015258789
arg,1999,71.7300033569336
arg,2000,73.31999969482422
arg,2001,74.94000244140625
arg,2002,76.52999877929688
arg,2003,77.69000244140625
arg,2004,78.27999877929688
arg,2005,78.54000091552734
arg,2006,78.4800033569336
arg,2007,78.30000305175781
arg,2008,78.11000061035156
arg,2009,78.27999877929688
arg,2010,78.47000122070312
arg,2011,78.44999694824219
arg,2012,78.0999984741211
arg,2013,77.68000030517578
arg,2014,77.5199966430664
arg,2015,77.41000366210938
arg,2016,77.30999755859375
arg,2017,77.2300033569336
arg,2018,77.29000091552734
arg,2019,77.51000213623047
arg,2020,77.9000015258789
arg,2021,78.4000015258789
arg,2022,78.80000305175781
arg,2023,79.22000122070312
arg,2024,79.54000091552734
arg,2025,79.9000015258789
arm,1981,98.81999969482422
arm,1982,98.86000061035156
arm,1983,98.88999938964844
arm,1984,98.90000152587892
arm,1985,98.91000366210938
arm,1986,98.88999938964844
arm,1987,98.88999938964844
arm,1988,98.87999725341795
arm,1989,98.87000274658205
arm,1990,98.83999633789064
arm,1991,98.80999755859376
arm,1992,98.77999877929688
arm,1993,98.72000122070312
arm,1994,98.62999725341795
arm,1995,98.52999877929688
arm,1996,98.44000244140624
arm,1997,98.37999725341795
arm,1998,98.33999633789064
arm,1999,98.30999755859376
arm,2000,98.3000030517578
arm,2001,98.33000183105467
arm,2002,98.37000274658205
arm,2003,98.43000030517578
arm,2004,98.47000122070312
arm,2005,98.5
arm,2006,98.52999877929688
arm,2007,98.56999969482422
arm,2008,98.59999847412108
arm,2009,98.62999725341795
arm,2010,98.65000152587892
arm,2011,98.66000366210938
arm,2012,98.66999816894533
arm,2013,98.68000030517578
arm,2014,98.72000122070312
arm,2015,98.75
arm,2016,98.77999877929688
arm,2017,98.80999755859376
arm,2018,98.83999633789064
arm,2019,98.87000274658205
arm,2020,98.88999938964844
arm,2021,98.93000030517578
arm,2022,98.9499969482422
arm,2023,98.9800033569336
arm,2024,99.0
arm,2025,99.01000213623048
aus,1981,92.97000122070312
aus,1982,93.2300033569336
aus,1983,93.40000152587892
aus,1984,93.61000061035156
aus,1985,93.81999969482422
aus,1986,94.01000213623048
aus,1987,94.16999816894533
aus,1988,94.30999755859376
aus,1989,94.48999786376952
aus,1990,94.65000152587892
aus,1991,94.86000061035156
aus,1992,95.02999877929688
aus,1993,95.1999969482422
aus,1994,95.38999938964844
aus,1995,95.55999755859376
aus,1996,95.7300033569336
aus,1997,95.87999725341795
aus,1998,96.04000091552734
aus,1999,96.19000244140624
aus,2000,96.37999725341795
aus,2001,96.55999755859376
aus,2002,96.72000122070312
aus,2003,96.90000152587892
aus,2004,97.0199966430664
aus,2005,97.13999938964844
aus,2006,97.23999786376952
aus,2007,97.34999847412108
aus,2008,97.4499969482422
aus,2009,97.52999877929688
aus,2010,97.59999847412108
aus,2011,97.69000244140624
aus,2012,97.77999877929688
aus,2013,97.87000274658205
aus,2014,97.95999908447266
aus,2015,98.05999755859376
aus,2016,98.15000152587892
aus,2017,98.26000213623048
aus,2018,98.34999847412108
aus,2019,98.44000244140624
aus,2020,98.51000213623048
aus,2021,98.58000183105467
aus,2022,98.63999938964844
aus,2023,98.69000244140624
aus,2024,98.7699966430664
aus,2025,98.83999633789064
aut,1981,99.40000152587892
aut,1982,99.41999816894533
aut,1983,99.43000030517578
aut,1984,99.43000030517578
aut,1985,99.43000030517578
aut,1986,99.43000030517578
aut,1987,99.43000030517578
aut,1988,99.43000030517578
aut,1989,99.43000030517578
aut,1990,99.41999816894533
aut,1991,99.43000030517578
aut,1992,99.43000030517578
aut,1993,99.44000244140624
aut,1994,99.43000030517578
aut,1995,99.43000030517578
aut,1996,99.43000030517578
aut,1997,99.43000030517578
aut,1998,99.43000030517578
aut,1999,99.43000030517578
aut,2000,99.44000244140624
aut,2001,99.4499969482422
aut,2002,99.41999816894533
aut,2003,99.33999633789064
aut,2004,99.25
aut,2005,99.20999908447266
aut,2006,99.20999908447266
aut,2007,99.2300033569336
aut,2008,99.1999969482422
aut,2009,99.09999847412108
aut,2010,98.9499969482422
aut,2011,98.81999969482422
aut,2012,98.70999908447266
aut,2013,98.62999725341795
aut,2014,98.58999633789064
aut,2015,98.52999877929688
aut,2016,98.4499969482422
aut,2017,98.37999725341795
aut,2018,98.33999633789064
aut,2019,98.31999969482422
aut,2020,98.33999633789064
aut,2021,98.36000061035156
aut,2022,98.38999938964844
aut,2023,98.41000366210938
aut,2024,98.43000030517578
aut,2025,98.4499969482422
aze,1981,86.86000061035156
aze,1982,87.19999694824219
aze,1983,87.55000305175781
aze,1984,87.9000015258789
aze,1985,88.16999816894531
aze,1986,88.33000183105469
aze,1987,88.48999786376953
aze,1988,88.6500015258789
aze,1989,88.66999816894531
aze,1990,88.61000061035156
aze,1991,88.47000122070312
aze,1992,88.29000091552734
aze,1993,88.18000030517578
aze,1994,88.08000183105469
aze,1995,87.95999908447266
aze,1996,87.9800033569336
aze,1997,88.11000061035156
aze,1998,88.4000015258789
aze,1999,88.69999694824219
aze,2000,89.06999969482422
aze,2001,89.4800033569336
aze,2002,89.97000122070312
aze,2003,90.4800033569336
aze,2004,90.98999786376952
aze,2005,91.44000244140624
aze,2006,91.83000183105467
aze,2007,92.1999969482422
aze,2008,92.5199966430664
aze,2009,92.79000091552734
aze,2010,93.04000091552734
aze,2011,93.23999786376952
aze,2012,93.44000244140624
aze,2013,93.62000274658205
aze,2014,93.7699966430664
aze,2015,93.97000122070312
aze,2016,94.16000366210938
aze,2017,94.36000061035156
aze,2018,94.58999633789064
aze,2019,94.83000183105467
aze,2020,95.11000061035156
aze,2021,95.40000152587892
aze,2022,95.65000152587892
aze,2023,95.84999847412108
aze,2024,96.01000213623048
aze,2025,96.12000274658205
bdi,1981,1.279999971389771
bdi,1982,1.379999995231628
bdi,1983,1.509999990463257
bdi,1984,1.649999976158142
bdi,1985,1.799999952316284
bdi,1986,1.919999957084656
bdi,1987,2.049999952316284
bdi,1988,2.170000076293945
bdi,1989,2.269999980926514
bdi,1990,2.410000085830688
bdi,1991,2.579999923706055
bdi,1992,2.819999933242798
bdi,1993,3.119999885559082
bdi,1994,3.450000047683716
bdi,1995,3.769999980926514
bdi,1996,4.039999961853027
bdi,1997,4.25
bdi,1998,4.349999904632568
bdi,1999,4.360000133514404
bdi,2000,4.360000133514404
bdi,2001,4.420000076293945
bdi,2002,4.639999866485596
bdi,2003,5.050000190734863
bdi,2004,5.699999809265137
bdi,2005,6.489999771118164
bdi,2006,7.369999885559082
bdi,2007,8.180000305175781
bdi,2008,9.0
bdi,2009,9.93000030517578
bdi,2010,11.09000015258789
bdi,2011,12.53999996185303
bdi,2012,14.15999984741211
bdi,2013,16.02000045776367
bdi,2014,17.84000015258789
bdi,2015,19.55999946594238
bdi,2016,21.30999946594238
bdi,2017,22.85000038146973
bdi,2018,24.32999992370605
bdi,2019,25.54000091552734
bdi,2020,26.80999946594238
bdi,2021,28.10000038146973
bdi,2022,29.43000030517578
bdi,2023,30.82999992370605
bdi,2024,32.29000091552734
bdi,2025,33.68999862670898
bel,1981,72.0199966430664
bel,1982,72.47000122070312
bel,1983,73.05000305175781
bel,1984,73.55999755859375
bel,1985,74.18000030517578
bel,1986,74.75
bel,1987,75.31999969482422
bel,1988,75.77999877929688
bel,1989,76.27999877929688
bel,1990,76.69000244140625
bel,1991,77.12000274658203
bel,1992,77.61000061035156
bel,1993,78.06999969482422
bel,1994,78.55999755859375
bel,1995,78.93000030517578
bel,1996,79.31999969482422
bel,1997,79.68000030517578
bel,1998,79.95999908447266
bel,1999,80.05999755859375
bel,2000,80.2300033569336
bel,2001,80.38999938964844
bel,2002,80.66000366210938
bel,2003,80.87000274658203
bel,2004,81.01000213623047
bel,2005,81.19000244140625
bel,2006,81.44999694824219
bel,2007,81.77999877929688
bel,2008,82.16000366210938
bel,2009,82.55000305175781
bel,2010,82.87000274658203
bel,2011,83.4000015258789
bel,2012,84.0999984741211
bel,2013,85.02999877929688
bel,2014,86.13999938964844
bel,2015,87.27999877929688
bel,2016,88.23999786376953
bel,2017,89.02999877929688
bel,2018,89.55000305175781
bel,2019,89.95999908447266
bel,2020,90.30999755859376
bel,2021,90.59999847412108
bel,2022,90.87000274658205
bel,2023,91.11000061035156
bel,2024,91.38999938964844
bel,2025,91.69000244140624
ben,1981,8.630000114440918
ben,1982,8.920000076293945
ben,1983,9.140000343322754
ben,1984,9.31999969482422
ben,1985,9.260000228881836
ben,1986,9.029999732971191
ben,1987,8.739999771118164
ben,1988,8.430000305175781
ben,1989,8.140000343322754
ben,1990,7.829999923706055
ben,1991,7.579999923706055
ben,1992,7.389999866485596
ben,1993,7.289999961853027
ben,1994,7.340000152587891
ben,1995,7.619999885559082
ben,1996,8.0600004196167
ben,1997,8.649999618530273
ben,1998,9.270000457763672
ben,1999,9.920000076293944
ben,2000,10.68000030517578
ben,2001,11.63000011444092
ben,2002,12.68000030517578
ben,2003,13.8100004196167
ben,2004,15.13000011444092
ben,2005,16.53000068664551
ben,2006,17.79999923706055
ben,2007,18.95000076293945
ben,2008,20.04000091552734
ben,2009,21.38999938964844
ben,2010,22.86000061035156
ben,2011,24.29000091552734
ben,2012,25.48999977111816
ben,2013,26.27000045776367
ben,2014,26.59000015258789
ben,2015,26.6299991607666
ben,2016,26.64999961853027
ben,2017,26.92000007629395
ben,2018,27.88999938964844
ben,2019,29.5
ben,2020,31.51000022888184
ben,2021,33.38000106811523
ben,2022,34.97000122070313
ben,2023,36.27999877929688
ben,2024,37.34999847412109
ben,2025,38.34000015258789
bfa,1981,2.730000019073486
bfa,1982,2.910000085830688
bfa,1983,3.140000104904175
bfa,1984,3.369999885559082
bfa,1985,3.630000114440918
bfa,1986,3.920000076293945
bfa,1987,4.239999771118164
bfa,1988,4.610000133514404
bfa,1989,4.980000019073486
bfa,1990,5.400000095367432
bfa,1991,5.739999771118164
bfa,1992,6.0
bfa,1993,6.199999809265137
bfa,1994,6.300000190734863
bfa,1995,6.440000057220459
bfa,1996,6.610000133514404
bfa,1997,6.849999904632568
bfa,1998,7.070000171661377
bfa,1999,7.269999980926514
bfa,2000,7.510000228881836
bfa,2001,7.809999942779541
bfa,2002,8.109999656677246
bfa,2003,8.460000038146973
bfa,2004,8.760000228881836
bfa,2005,9.050000190734863
bfa,2006,9.380000114440918
bfa,2007,9.909999847412108
bfa,2008,10.60999965667725
bfa,2009,11.43000030517578
bfa,2010,12.30000019073486
bfa,2011,13.30000019073486
bfa,2012,14.52999973297119
bfa,2013,16.07999992370605
bfa,2014,17.96999931335449
bfa,2015,20.34000015258789
bfa,2016,23.1299991607666
bfa,2017,26.07999992370605
bfa,2018,29.21999931335449
bfa,2019,31.98999977111816
bfa,2020,34.43999862670898
bfa,2021,36.63000106811523
bfa,2022,38.59000015258789
bfa,2023,40.38999938964844
bfa,2024,42.13000106811523
bfa,2025,43.88999938964844
bgd,1981,16.59000015258789
bgd,1982,17.38999938964844
bgd,1983,18.1200008392334
bgd,1984,18.67000007629395
bgd,1985,19.22999954223633
bgd,1986,19.8700008392334
bgd,1987,20.55999946594238
bgd,1988,21.34000015258789
bgd,1989,22.09000015258789
bgd,1990,22.88999938964844
bgd,1991,23.77000045776367
bgd,1992,24.90999984741211
bgd,1993,26.15999984741211
bgd,1994,27.54000091552734
bgd,1995,28.94000053405762
bgd,1996,30.29999923706055
bgd,1997,31.54999923706055
bgd,1998,32.7599983215332
bgd,1999,33.84999847412109
bgd,2000,35.34999847412109
bgd,2001,37.06999969482422
bgd,2002,38.66999816894531
bgd,2003,39.93000030517578
bgd,2004,40.68000030517578
bgd,2005,41.68999862670898
bgd,2006,43.02000045776367
bgd,2007,44.59999847412109
bgd,2008,46.27000045776367
bgd,2009,47.81999969482422
bgd,2010,49.66999816894531
bgd,2011,51.34999847412109
bgd,2012,53.16999816894531
bgd,2013,54.91999816894531
bgd,2014,56.77999877929688
bgd,2015,58.79999923706055
bgd,2016,60.90999984741211
bgd,2017,62.90999984741211
bgd,2018,64.8499984741211
bgd,2019,66.5
bgd,2020,68.33999633789062
bgd,2021,69.94999694824219
bgd,2022,71.56999969482422
bgd,2023,73.0
bgd,2024,74.19999694824219
bgd,2025,75.33999633789062
bgr,1981,92.29000091552734
bgr,1982,92.43000030517578
bgr,1983,92.5199966430664
bgr,1984,92.61000061035156
bgr,1985,92.70999908447266
bgr,1986,92.81999969482422
bgr,1987,92.93000030517578
bgr,1988,93.04000091552734
bgr,1989,93.13999938964844
bgr,1990,93.25
bgr,1991,93.27999877929688
bgr,1992,93.31999969482422
bgr,1993,93.2699966430664
bgr,1994,93.15000152587892
bgr,1995,92.98999786376952
bgr,1996,92.76000213623048
bgr,1997,92.47000122070312
bgr,1998,92.23999786376952
bgr,1999,92.0500030517578
bgr,2000,91.86000061035156
bgr,2001,91.73999786376952
bgr,2002,91.69000244140624
bgr,2003,91.63999938964844
bgr,2004,91.6999969482422
bgr,2005,91.79000091552734
bgr,2006,91.94000244140624
bgr,2007,92.08999633789064
bgr,2008,92.23999786376952
bgr,2009,92.41000366210938
bgr,2010,92.62000274658205
bgr,2011,92.87999725341795
bgr,2012,93.09999847412108
bgr,2013,93.3000030517578
bgr,2014,93.4499969482422
bgr,2015,93.55999755859376
bgr,2016,93.63999938964844
bgr,2017,93.7300033569336
bgr,2018,93.83000183105467
bgr,2019,93.88999938964844
bgr,2020,93.90000152587892
bgr,2021,93.93000030517578
bgr,2022,94.0
bgr,2023,94.09999847412108
bgr,2024,94.16999816894533
bgr,2025,94.2300033569336
bih,1981,93.6999969482422
bih,1982,93.9800033569336
bih,1983,94.25
bih,1984,94.48999786376952
bih,1985,94.68000030517578
bih,1986,94.87999725341795
bih,1987,95.04000091552734
bih,1988,95.22000122070312
bih,1989,95.34999847412108
bih,1990,95.4800033569336
bih,1991,95.56999969482422
bih,1992,95.63999938964844
bih,1993,95.69000244140624
bih,1994,95.7300033569336
bih,1995,95.75
bih,1996,95.83000183105467
bih,1997,95.93000030517578
bih,1998,96.08999633789064
bih,1999,96.25
bih,2000,96.40000152587892
bih,2001,96.54000091552734
bih,2002,96.65000152587892
bih,2003,96.76000213623048
bih,2004,96.86000061035156
bih,2005,97.0
bih,2006,97.12999725341795
bih,2007,97.2699966430664
bih,2008,97.41000366210938
bih,2009,97.52999877929688
bih,2010,97.63999938964844
bih,2011,97.75
bih,2012,97.83999633789064
bih,2013,97.91000366210938
bih,2014,97.97000122070312
bih,2015,98.04000091552734
bih,2016,98.09999847412108
bih,2017,98.16999816894533
bih,2018,98.2300033569336
bih,2019,98.3000030517578
bih,2020,98.34999847412108
bih,2021,98.41999816894533
bih,2022,98.48999786376952
bih,2023,98.52999877929688
bih,2024,98.58999633789064
bih,2025,98.65000152587892
blr,1981,99.08999633789064
blr,1982,99.11000061035156
blr,1983,99.12000274658205
blr,1984,99.12999725341795
blr,1985,99.15000152587892
blr,1986,99.18000030517578
blr,1987,99.1999969482422
blr,1988,99.2300033569336
blr,1989,99.26000213623048
blr,1990,99.27999877929688
blr,1991,99.27999877929688
blr,1992,99.22000122070312
blr,1993,99.13999938964844
blr,1994,99.0500030517578
blr,1995,99.01000213623048
blr,1996,99.0199966430664
blr,1997,99.04000091552734
blr,1998,99.05999755859376
blr,1999,99.08999633789064
blr,2000,99.12000274658205
blr,2001,99.12999725341795
blr,2002,99.13999938964844
blr,2003,99.13999938964844
blr,2004,99.12999725341795
blr,2005,99.08999633789064
blr,2006,99.02999877929688
blr,2007,99.0
blr,2008,99.0
blr,2009,99.0
blr,2010,98.9800033569336
blr,2011,98.95999908447266
blr,2012,98.94000244140624
blr,2013,98.91000366210938
blr,2014,98.88999938964844
blr,2015,98.87999725341795
blr,2016,98.87999725341795
blr,2017,98.87000274658205
blr,2018,98.87000274658205
blr,2019,98.87000274658205
blr,2020,98.88999938964844
blr,2021,98.91000366210938
blr,2022,98.93000030517578
blr,2023,98.95999908447266
blr,2024,98.9800033569336
blr,2025,99.0
blz,1981,18.52000045776367
blz,1982,18.98999977111816
blz,1983,19.40999984741211
blz,1984,19.90999984741211
blz,1985,20.34000015258789
blz,1986,20.88999938964844
blz,1987,21.38999938964844
blz,1988,21.95000076293945
blz,1989,22.48999977111816
blz,2025,45.66999816894531
bol,1981,43.59999847412109
bol,1982,44.9900016784668
bol,1983,46.22000122070313
bol,1984,47.34999847412109
bol,1985,48.47999954223633
bol,1986,49.47999954223633
bol,1987,50.2400016784668
bol,1988,51.13999938964844
bol,1989,52.43000030517578
bol,1990,53.95000076293945
bol,1991,55.52999877929688
bol,1992,57.22000122070313
bol,1993,58.79999923706055
bol,1994,60.43000030517578
bol,1995,62.0099983215332
bol,1996,63.70999908447266
bol,1997,65.2300033569336
bol,1998,66.7300033569336
bol,1999,68.20999908447266
bol,2000,70.16999816894531
bol,2001,72.08999633789062
bol,2002,74.4000015258789
bol,2003,76.44000244140625
bol,2004,78.44000244140625
bol,2005,80.05000305175781
bol,2006,81.41999816894531
bol,2007,82.61000061035156
bol,2008,83.81999969482422
bol,2009,85.12999725341797
bol,2010,86.41000366210938
bol,2011,87.56999969482422
bol,2012,88.4800033569336
bol,2013,89.23999786376953
bol,2014,89.9000015258789
bol,2015,90.5500030517578
bol,2016,91.22000122070312
bol,2017,91.87000274658205
bol,2018,92.45999908447266
bol,2019,92.98999786376952
bol,2020,93.4800033569336
bol,2021,93.87999725341795
bol,2022,94.27999877929688
bol,2023,94.70999908447266
bol,2024,95.12000274658205
bol,2025,95.5199966430664
bra,1981,45.27000045776367
bra,1982,46.04999923706055
bra,1983,46.52999877929688
bra,1984,46.59000015258789
bra,1985,46.5
bra,1986,46.65999984741211
bra,1987,46.95000076293945
bra,1988,47.47999954223633
bra,1989,48.02000045776367
bra,1990,48.70000076293945
bra,1991,49.20000076293945
bra,1992,49.81000137329102
bra,1993,50.68000030517578
bra,1994,51.79000091552734
bra,1995,53.29000091552734
bra,1996,55.18000030517578
bra,1997,57.45999908447266
bra,1998,59.7400016784668
bra,1999,61.91999816894531
bra,2000,63.65000152587891
bra,2001,65.27999877929688
bra,2002,66.6500015258789
bra,2003,68.02999877929688
bra,2004,69.30000305175781
bra,2005,70.5
bra,2006,71.52999877929688
bra,2007,72.33000183105469
bra,2008,73.01000213623047
bra,2009,73.56999969482422
bra,2010,74.2300033569336
bra,2011,74.98999786376953
bra,2012,75.9800033569336
bra,2013,77.19999694824219
bra,2014,78.51000213623047
bra,2015,79.87999725341797
bra,2016,81.25
bra,2017,82.63999938964844
bra,2018,84.0
bra,2019,85.19999694824219
bra,2020,86.13999938964844
bra,2021,86.87000274658203
bra,2022,87.51000213623047
bra,2023,88.0999984741211
bra,2024,88.69999694824219
bra,2025,89.19999694824219
brb,1981,95.94000244140624
brb,1982,96.08999633789064
brb,1983,96.22000122070312
brb,1984,96.33000183105467
brb,1985,96.47000122070312
brb,1986,96.58000183105467
brb,1987,96.7300033569336
brb,1988,96.81999969482422
brb,1989,96.94000244140624
brb,1990,97.04000091552734
brb,1991,97.16000366210938
brb,1992,97.25
brb,1993,97.38999938964844
brb,1994,97.51000213623048
brb,1995,97.65000152587892
brb,1996,97.80999755859376
brb,1997,97.9499969482422
brb,1998,98.08000183105467
brb,1999,98.19000244140624
brb,2000,98.30999755859376
brb,2001,98.38999938964844
brb,2002,98.4499969482422
brb,2003,98.52999877929688
brb,2004,98.58999633789064
brb,2005,98.65000152587892
brb,2006,98.72000122070312
brb,2007,98.77999877929688
brb,2008,98.86000061035156
brb,2009,98.91999816894533
brb,2010,98.95999908447266
brb,2011,99.01000213623048
brb,2012,99.05999755859376
brb,2013,99.09999847412108
brb,2014,99.13999938964844
brb,2015,99.19000244140624
brb,2016,99.22000122070312
brb,2017,99.26000213623048
brb,2018,99.3000030517578
brb,2019,99.33999633789064
brb,2020,99.37999725341795
brb,2021,99.41999816894533
brb,2022,99.4499969482422
brb,2023,99.48999786376952
brb,2024,99.5199966430664
brb,2025,99.5500030517578
btn,1981,3.799999952316284
btn,1982,4.320000171661377
btn,1983,4.940000057220459
btn,1984,5.659999847412109
btn,1985,6.429999828338623
btn,1986,7.28000020980835
btn,1987,8.220000267028809
btn,1988,9.239999771118164
btn,1989,10.27999973297119
btn,1990,11.51000022888184
btn,1991,12.75
btn,1992,13.93000030517578
btn,1993,15.06999969482422
btn,1994,16.40999984741211
btn,1995,18.04999923706055
btn,1996,19.8799991607666
btn,1997,21.76000022888184
btn,1998,23.90999984741211
btn,1999,26.10000038146973
btn,2000,28.31999969482422
btn,2001,30.52000045776367
btn,2002,32.95999908447266
btn,2003,35.45000076293945
btn,2004,38.06000137329102
btn,2005,40.61999893188477
btn,2006,43.20999908447266
btn,2007,46.0099983215332
btn,2008,49.15000152587891
btn,2009,52.66999816894531
btn,2010,56.45999908447266
btn,2011,59.72000122070313
btn,2012,62.72000122070313
btn,2013,65.38999938964844
btn,2014,67.87000274658203
btn,2015,70.23999786376953
btn,2016,72.5
btn,2017,74.7300033569336
btn,2018,76.80000305175781
btn,2019,78.7699966430664
btn,2020,80.62000274658203
btn,2021,82.30000305175781
btn,2022,83.9000015258789
btn,2023,85.4800033569336
btn,2024,87.04000091552734
btn,2025,88.33999633789062
bwa,1981,32.5099983215332
bwa,1982,33.33000183105469
bwa,1983,34.2599983215332
bwa,1984,35.27999877929688
bwa,1985,36.5099983215332
bwa,1986,37.70999908447266
bwa,1987,38.63000106811523
bwa,1988,38.91999816894531
bwa,1989,38.7599983215332
bwa,1990,38.22999954223633
bwa,1991,37.7599983215332
bwa,1992,37.63000106811523
bwa,1993,38.16999816894531
bwa,1994,39.27999877929688
bwa,1995,40.79000091552734
bwa,1996,42.83000183105469
bwa,1997,45.63000106811523
bwa,1998,49.88000106811523
bwa,1999,55.58000183105469
bwa,2000,61.88999938964844
bwa,2001,67.2699966430664
bwa,2002,70.86000061035156
bwa,2003,72.68000030517578
bwa,2004,73.55000305175781
bwa,2005,73.94999694824219
bwa,2006,74.2699966430664
bwa,2007,74.72000122070312
bwa,2008,75.37000274658203
bwa,2009,76.38999938964844
bwa,2010,77.8499984741211
bwa,2011,79.52999877929688
bwa,2012,81.18000030517578
bwa,2013,82.55000305175781
bwa,2014,83.77999877929688
bwa,2015,84.95999908447266
bwa,2016,86.08000183105469
bwa,2017,87.06999969482422
bwa,2018,87.91999816894531
bwa,2019,88.8499984741211
bwa,2020,89.66999816894531
bwa,2021,90.56999969482422
bwa,2022,91.37999725341795
bwa,2023,92.02999877929688
bwa,2024,92.72000122070312
bwa,2025,93.37000274658205
caf,1981,7.420000076293945
caf,1982,7.539999961853027
caf,1983,7.679999828338623
caf,1984,7.849999904632568
caf,1985,7.900000095367432
caf,1986,7.869999885559082
caf,1987,7.840000152587891
caf,1988,7.800000190734863
caf,1989,7.769999980926514
caf,1990,7.75
caf,1991,7.789999961853027
caf,1992,7.849999904632568
caf,1993,7.940000057220459
caf,1994,8.010000228881836
caf,1995,8.109999656677246
caf,1996,8.220000267028809
caf,1997,8.329999923706055
caf,1998,8.40999984741211
caf,1999,8.420000076293945
caf,2000,8.479999542236328
caf,2001,8.600000381469727
caf,2002,8.75
caf,2003,8.789999961853027
caf,2004,8.770000457763672
caf,2005,8.770000457763672
caf,2006,8.8100004196167
caf,2007,9.010000228881836
caf,2008,9.199999809265137
caf,2009,9.4399995803833
caf,2010,9.649999618530272
caf,2011,9.909999847412108
caf,2012,10.14000034332275
caf,2013,10.42000007629395
caf,2014,10.72000026702881
caf,2015,11.07999992370605
caf,2016,11.52999973297119
caf,2017,11.97999954223633
caf,2018,12.34000015258789
caf,2019,12.61999988555908
caf,2020,12.85000038146973
caf,2021,13.07999992370605
caf,2022,13.35999965667725
caf,2023,13.63000011444092
caf,2024,13.82999992370605
caf,2025,14.01000022888184
can,1981,96.29000091552734
can,1982,96.38999938964844
can,1983,96.47000122070312
can,1984,96.55999755859376
can,1985,96.68000030517578
can,1986,96.83000183105467
can,1987,97.0
can,1988,97.13999938964844
can,1989,97.23999786376952
can,1990,97.33000183105467
can,1991,97.41999816894533
can,1992,97.54000091552734
can,1993,97.65000152587892
can,1994,97.75
can,1995,97.8000030517578
can,1996,97.80999755859376
can,1997,97.84999847412108
can,1998,97.93000030517578
can,1999,98.0
can,2000,98.08999633789064
can,2001,98.13999938964844
can,2002,98.19000244140624
can,2003,98.23999786376952
can,2004,98.3000030517578
can,2005,98.33999633789064
can,2006,98.40000152587892
can,2007,98.4499969482422
can,2008,98.5
can,2009,98.55999755859376
can,2010,98.62999725341795
can,2011,98.68000030517578
can,2012,98.72000122070312
can,2013,98.7699966430664
can,2014,98.79000091552734
can,2015,98.83999633789064
can,2016,98.87999725341795
can,2017,98.93000030517578
can,2018,98.97000122070312
can,2019,99.01000213623048
can,2020,99.0500030517578
can,2021,99.08000183105467
can,2022,99.11000061035156
can,2023,99.13999938964844
can,2024,99.16000366210938
can,2025,99.19000244140624
che,1981,96.22000122070312
che,1982,96.33999633789064
che,1983,96.43000030517578
che,1984,96.47000122070312
che,1985,96.56999969482422
che,1986,96.63999938964844
che,1987,96.68000030517578
che,1988,96.68000030517578
che,1989,96.62999725341795
che,1990,96.55999755859376
che,1991,96.5
che,1992,96.52999877929688
che,1993,96.63999938964844
che,1994,96.79000091552734
che,1995,96.87000274658205
che,1996,96.95999908447266
che,1997,97.09999847412108
che,1998,97.19000244140624
che,1999,97.3000030517578
che,2000,97.38999938964844
che,2001,97.4800033569336
che,2002,97.58000183105467
che,2003,97.66999816894533
che,2004,97.7699966430664
che,2005,97.86000061035156
che,2006,97.9499969482422
che,2007,98.0199966430664
che,2008,98.08999633789064
che,2009,98.12000274658205
che,2010,98.16999816894533
che,2011,98.2300033569336
che,2012,98.3000030517578
che,2013,98.37000274658205
che,2014,98.41999816894533
che,2015,98.47000122070312
che,2016,98.51000213623048
che,2017,98.5500030517578
che,2018,98.59999847412108
che,2019,98.65000152587892
che,2020,98.70999908447266
che,2021,98.7300033569336
che,2022,98.7699966430664
che,2023,98.80999755859376
che,2024,98.86000061035156
che,2025,98.88999938964844
chl,1981,79.91999816894531
chl,1982,80.48999786376953
chl,1983,81.23999786376953
chl,1984,82.08000183105469
chl,1985,83.01000213623047
chl,1986,83.79000091552734
chl,1987,84.66999816894531
chl,1988,85.56999969482422
chl,1989,86.47000122070312
chl,1990,87.1500015258789
chl,1991,87.76000213623047
chl,1992,88.30000305175781
chl,1993,88.94999694824219
chl,1994,89.5
chl,1995,90.05999755859375
chl,1996,90.51000213623048
chl,1997,91.08999633789064
chl,1998,91.76000213623048
chl,1999,92.47000122070312
chl,2000,93.13999938964844
chl,2001,93.77999877929688
chl,2002,94.41999816894533
chl,2003,95.04000091552734
chl,2004,95.52999877929688
chl,2005,95.97000122070312
chl,2006,96.25
chl,2007,96.45999908447266
chl,2008,96.59999847412108
chl,2009,96.6999969482422
chl,2010,96.8000030517578
chl,2011,96.91999816894533
chl,2012,97.0
chl,2013,97.0199966430664
chl,2014,97.01000213623048
chl,2015,96.98999786376952
chl,2016,96.9800033569336
chl,2017,97.01000213623048
chl,2018,97.08999633789064
chl,2019,97.22000122070312
chl,2020,97.36000061035156
chl,2021,97.51000213623048
chl,2022,97.66000366210938
chl,2023,97.79000091552734
chl,2024,97.91999816894533
chl,2025,98.06999969482422
chn,1981,49.0099983215332
chn,1982,48.04999923706055
chn,1983,46.63999938964844
chn,1984,45.43999862670898
chn,1985,44.77999877929688
chn,1986,45.0099983215332
chn,1987,45.90000152587891
chn,1988,47.22999954223633
chn,1989,48.70999908447266
chn,1990,50.18999862670898
chn,1991,51.52999877929688
chn,1992,53.02999877929688
chn,1993,54.91999816894531
chn,1994,57.06000137329102
chn,1995,59.2599983215332
chn,1996,61.47000122070313
chn,1997,63.5099983215332
chn,1998,65.45999908447266
chn,1999,67.26000213623047
chn,2000,68.76000213623047
chn,2001,70.19000244140625
chn,2002,71.45999908447266
chn,2003,72.91000366210938
chn,2004,74.5999984741211
chn,2005,76.31999969482422
chn,2006,78.0
chn,2007,79.75
chn,2008,81.69000244140625
chn,2009,83.70999908447266
chn,2010,85.37999725341797
chn,2011,86.6500015258789
chn,2012,87.55000305175781
chn,2013,88.29000091552734
chn,2014,88.93000030517578
chn,2015,89.54000091552734
chn,2016,90.09999847412108
chn,2017,90.58999633789064
chn,2018,91.13999938964844
chn,2019,91.7300033569336
chn,2020,92.33999633789064
chn,2021,92.90000152587892
chn,2022,93.41999816894533
chn,2023,93.86000061035156
chn,2024,94.30999755859376
chn,2025,94.6999969482422
civ,1981,7.400000095367432
civ,1982,7.739999771118164
civ,1983,8.069999694824219
civ,1984,8.350000381469727
civ,1985,8.539999961853027
civ,1986,8.75
civ,1987,9.0600004196167
civ,1988,9.449999809265137
civ,1989,9.899999618530272
civ,1990,10.34000015258789
civ,1991,10.85999965667725
civ,1992,11.43000030517578
civ,1993,12.10999965667725
civ,1994,12.77999973297119
civ,1995,13.39000034332275
civ,1996,13.9399995803833
civ,1997,14.46000003814697
civ,1998,15.01000022888184
civ,1999,15.56999969482422
civ,2000,16.10000038146973
civ,2001,16.59000015258789
civ,2002,16.95999908447266
civ,2003,17.36000061035156
civ,2004,17.86000061035156
civ,2005,18.36000061035156
civ,2006,18.97999954223633
civ,2007,19.75
civ,2008,20.68000030517578
civ,2009,21.68000030517578
civ,2010,22.68000030517578
civ,2011,23.76000022888184
civ,2012,24.71999931335449
civ,2013,25.56999969482422
civ,2014,26.38999938964844
civ,2015,27.42000007629395
civ,2016,28.65999984741211
civ,2017,30.17000007629395
civ,2018,32.02000045776367
civ,2019,33.95000076293945
civ,2020,35.72000122070313
civ,2021,37.31999969482422
civ,2022,38.68999862670898
civ,2023,39.93999862670898
civ,2024,40.97000122070313
civ,2025,41.93999862670898
cmr,1981,16.32999992370605
cmr,1982,16.93000030517578
cmr,1983,17.5
cmr,1984,18.18000030517578
cmr,1985,18.94000053405762
cmr,1986,19.80999946594238
cmr,1987,20.46999931335449
cmr,1988,20.95999908447266
cmr,1989,21.26000022888184
cmr,1990,21.42000007629395
cmr,1991,21.56999969482422
cmr,1992,21.70000076293945
cmr,1993,21.93000030517578
cmr,1994,22.11000061035156
cmr,1995,22.32999992370605
cmr,1996,22.44000053405762
cmr,1997,22.32999992370605
cmr,1998,22.32999992370605
cmr,1999,22.64999961853027
cmr,2000,23.13999938964844
cmr,2001,23.78000068664551
cmr,2002,24.6200008392334
cmr,2003,25.80999946594238
cmr,2004,27.10000038146973
cmr,2005,28.44000053405762
cmr,2006,29.56999969482422
cmr,2007,30.56999969482422
cmr,2008,31.5
cmr,2009,32.54000091552734
cmr,2010,33.75
cmr,2011,34.9900016784668
cmr,2012,36.36999893188477
cmr,2013,37.70000076293945
cmr,2014,39.0099983215332
cmr,2015,40.29000091552734
cmr,2016,41.36999893188477
cmr,2017,42.54000091552734
cmr,2018,43.65999984741211
cmr,2019,44.7599983215332
cmr,2020,45.58000183105469
cmr,2021,46.43000030517578
cmr,2022,47.33000183105469
cmr,2023,48.29999923706055
cmr,2024,49.04999923706055
cmr,2025,49.84999847412109
cod,1981,29.64999961853027
cod,1982,30.04999923706055
cod,1983,30.36000061035156
cod,1984,30.5
cod,1985,30.46999931335449
cod,1986,30.32999992370605
cod,1987,30.03000068664551
cod,1988,29.55999946594238
cod,1989,29.23999977111816
cod,1990,29.13999938964844
cod,1991,29.28000068664551
cod,1992,29.32999992370605
cod,1993,29.21999931335449
cod,1994,28.81999969482422
cod,1995,28.45999908447266
cod,1996,28.09000015258789
cod,1997,27.79000091552734
cod,1998,27.48999977111816
cod,1999,27.06999969482422
cod,2000,26.77000045776367
cod,2001,26.76000022888184
cod,2002,26.98999977111816
cod,2003,27.79000091552734
cod,2004,29.20999908447266
cod,2005,30.88999938964844
cod,2006,32.77000045776367
cod,2007,34.22999954223633
cod,2008,35.45999908447266
cod,2009,36.68999862670898
cod,2010,38.27999877929688
cod,2011,40.11999893188477
cod,2012,41.9900016784668
cod,2013,43.54000091552734
cod,2014,44.59999847412109
cod,2015,45.36999893188477
cod,2016,46.15999984741211
cod,2017,47.15999984741211
cod,2018,48.45999908447266
cod,2019,49.61000061035156
cod,2020,50.63999938964844
cod,2021,51.56999969482422
cod,2022,52.45999908447266
cod,2023,53.27999877929688
cod,2024,54.04000091552734
cod,2025,54.61000061035156
cog,1981,26.61000061035156
cog,1982,27.10000038146973
cog,1983,27.5
cog,1984,27.76000022888184
cog,1985,28.20999908447266
cog,1986,28.51000022888184
cog,1987,28.67000007629395
cog,1988,28.78000068664551
cog,1989,28.84000015258789
cog,1990,28.67000007629395
cog,1991,28.32999992370605
cog,1992,28.02000045776367
cog,1993,27.80999946594238
cog,1994,27.65999984741211
cog,1995,27.43000030517578
cog,1996,27.18000030517578
cog,1997,26.94000053405762
cog,1998,26.69000053405762
cog,1999,26.32999992370605
cog,2000,25.81999969482422
cog,2001,25.25
cog,2002,24.67000007629395
cog,2003,24.23999977111816
cog,2004,24.02000045776367
cog,2005,24.11000061035156
cog,2006,24.51000022888184
cog,2007,25.30999946594238
cog,2008,26.47999954223633
cog,2009,27.88999938964844
cog,2010,29.72999954223633
cog,2011,31.93000030517578
cog,2012,34.72000122070313
cog,2013,37.93999862670898
cog,2014,41.34000015258789
cog,2015,44.95000076293945
cog,2016,48.16999816894531
cog,2017,50.88000106811523
cog,2018,53.0
cog,2019,54.79000091552734
cog,2020,56.54000091552734
cog,2021,57.88000106811523
cog,2022,59.27999877929688
cog,2023,60.68000030517578
cog,2024,62.27000045776367
cog,2025,63.47000122070313
col,1981,35.08000183105469
col,1982,36.0099983215332
col,1983,36.93999862670898
col,1984,37.79000091552734
col,1985,38.70999908447266
col,1986,39.86999893188477
col,1987,40.79999923706055
col,1988,41.86999893188477
col,1989,43.06999969482422
col,1990,44.43999862670898
col,1991,45.79999923706055
col,1992,47.0099983215332
col,1993,48.54000091552734
col,1994,50.31000137329102
col,1995,52.5
col,1996,54.61000061035156
col,1997,56.81000137329102
col,1998,58.66999816894531
col,1999,60.06000137329102
col,2000,61.11999893188477
col,2001,62.08000183105469
col,2002,63.02999877929688
col,2003,63.93999862670898
col,2004,65.05999755859375
col,2005,66.55999755859375
col,2006,68.31999969482422
col,2007,70.08999633789062
col,2008,71.5199966430664
col,2009,72.94999694824219
col,2010,74.1500015258789
col,2011,75.19999694824219
col,2012,76.05999755859375
col,2013,76.62999725341797
col,2014,76.83000183105469
col,2015,76.62000274658203
col,2016,76.47000122070312
col,2017,76.4800033569336
col,2018,76.87000274658203
col,2019,77.12999725341797
col,2020,77.5999984741211
col,2021,78.18000030517578
col,2022,78.94999694824219
col,2023,79.68000030517578
col,2024,80.44000244140625
col,2025,81.1500015258789
com,1981,11.86999988555908
com,1982,12.47000026702881
com,1983,13.14999961853027
com,1984,13.77000045776367
com,1985,14.42000007629395
com,1986,15.01000022888184
com,1987,15.43000030517578
com,1988,15.8100004196167
com,1989,16.11000061035156
com,1990,16.3799991607666
com,1991,16.73999977111816
com,1992,17.14999961853027
com,1993,17.6299991607666
com,1994,18.23999977111816
com,1995,18.94000053405762
com,1996,19.90999984741211
com,1997,20.79999923706055
com,1998,21.86000061035156
com,1999,22.96999931335449
com,2000,24.1200008392334
com,2001,25.25
com,2002,26.5
com,2003,27.95000076293945
com,2004,29.53000068664551
com,2005,31.02000045776367
com,2006,32.38000106811523
com,2007,33.72000122070313
com,2008,34.86999893188477
com,2009,35.97999954223633
com,2010,37.22000122070313
com,2011,38.65999984741211
com,2012,40.4900016784668
com,2013,42.5
com,2014,44.61999893188477
com,2015,46.91999816894531
com,2016,49.34999847412109
com,2017,51.61999893188477
com,2018,53.59000015258789
com,2019,55.52999877929688
com,2020,57.29999923706055
com,2021,58.77999877929688
com,2022,60.02000045776367
com,2023,61.2400016784668
com,2024,62.4900016784668
com,2025,63.77000045776367
cri,1981,41.06999969482422
cri,1982,41.34000015258789
cri,1983,41.04000091552734
cri,1984,40.31999969482422
cri,1985,39.36000061035156
cri,1986,38.68000030517578
cri,1987,38.31000137329102
cri,1988,38.11000061035156
cri,1989,38.15000152587891
cri,1990,38.54000091552734
cri,1991,39.27999877929688
cri,1992,40.2599983215332
cri,1993,41.20000076293945
cri,1994,42.04000091552734
cri,1995,42.7599983215332
cri,1996,43.84000015258789
cri,1997,44.93000030517578
cri,1998,45.66999816894531
cri,1999,46.27000045776367
cri,2000,47.06000137329102
cri,2001,48.45999908447266
cri,2002,49.7599983215332
cri,2003,50.95000076293945
cri,2004,51.93000030517578
cri,2005,53.2400016784668
cri,2006,54.97999954223633
cri,2007,57.11000061035156
cri,2008,59.04999923706055
cri,2009,60.34000015258789
cri,2010,61.36000061035156
cri,2011,62.0099983215332
cri,2012,62.97999954223633
cri,2013,64.04000091552734
cri,2014,65.44000244140625
cri,2015,66.79000091552734
cri,2016,67.94999694824219
cri,2017,68.94999694824219
cri,2018,69.80999755859375
cri,2019,70.61000061035156
cri,2020,71.2300033569336
cri,2021,71.93000030517578
cri,2022,72.52999877929688
cri,2023,73.13999938964844
cri,2024,73.63999938964844
cri,2025,74.30000305175781
cub,1981,90.08000183105467
cub,1982,90.31999969482422
cub,1983,90.62000274658205
cub,1984,90.87999725341795
cub,1985,90.9800033569336
cub,1986,90.91999816894533
cub,1987,90.7699966430664
cub,1988,90.72000122070312
cub,1989,90.83000183105467
cub,1990,91.0199966430664
cub,1991,91.12000274658205
cub,1992,91.06999969482422
cub,1993,91.01000213623048
cub,1994,90.9800033569336
cub,1995,90.88999938964844
cub,1996,90.6999969482422
cub,1997,90.45999908447266
cub,1998,90.38999938964844
cub,1999,90.75
cub,2000,91.5500030517578
cub,2001,92.5199966430664
cub,2002,93.38999938964844
cub,2003,94.12000274658205
cub,2004,94.72000122070312
cub,2005,95.2300033569336
cub,2006,95.65000152587892
cub,2007,96.05999755859376
cub,2008,96.47000122070312
cub,2009,96.83999633789064
cub,2010,97.13999938964844
cub,2011,97.30999755859376
cub,2012,97.30999755859376
cub,2013,97.09999847412108
cub,2014,96.73999786376952
cub,2015,96.30999755859376
cub,2016,95.93000030517578
cub,2017,95.62999725341795
cub,2018,95.43000030517578
cub,2019,95.33000183105467
cub,2020,95.33999633789064
cub,2021,95.41000366210938
cub,2022,95.5199966430664
cub,2023,95.66999816894533
cub,2024,95.81999969482422
cub,2025,95.97000122070312
cyp,1981,91.76000213623048
cyp,1982,91.86000061035156
cyp,1983,91.9800033569336
cyp,1984,92.12000274658205
cyp,1985,92.30999755859376
cyp,1986,92.44000244140624
cyp,1987,92.56999969482422
cyp,1988,92.75
cyp,1989,92.90000152587892
cyp,1990,93.05999755859376
cyp,1991,93.25
cyp,1992,93.38999938964844
cyp,1993,93.45999908447266
cyp,1994,93.47000122070312
cyp,1995,93.52999877929688
cyp,1996,93.62999725341795
cyp,1997,93.80999755859376
cyp,1998,94.02999877929688
cyp,1999,94.25
cyp,2000,94.54000091552734
cyp,2001,94.87000274658205
cyp,2002,95.15000152587892
cyp,2003,95.37000274658205
cyp,2004,95.48999786376952
cyp,2005,95.58999633789064
cyp,2006,95.6999969482422
cyp,2007,95.83999633789064
cyp,2008,95.97000122070312
cyp,2009,96.0199966430664
cyp,2010,95.94000244140624
cyp,2011,95.7699966430664
cyp,2012,95.58999633789064
cyp,2013,95.4499969482422
cyp,2014,95.33000183105467
cyp,2015,95.16999816894533
cyp,2016,94.90000152587892
cyp,2017,94.58999633789064
cyp,2018,94.31999969482422
cyp,2019,94.16000366210938
cyp,2020,94.16000366210938
cyp,2021,94.2300033569336
cyp,2022,94.31999969482422
cyp,2023,94.41999816894533
cyp,2024,94.54000091552734
cyp,2025,94.65000152587892
cze,1981,95.38999938964844
cze,1982,95.4800033569336
cze,1983,95.54000091552734
cze,1984,95.59999847412108
cze,1985,95.66999816894533
cze,1986,95.7300033569336
cze,1987,95.77999877929688
cze,1988,95.84999847412108
cze,1989,95.88999938964844
cze,1990,95.94000244140624
cze,1991,95.9499969482422
cze,1992,95.9499969482422
cze,1993,95.95999908447266
cze,1994,95.95999908447266
cze,1995,95.98999786376952
cze,1996,95.97000122070312
cze,1997,95.9499969482422
cze,1998,95.95999908447266
cze,1999,95.95999908447266
cze,2000,95.95999908447266
cze,2001,95.95999908447266
cze,2002,95.9499969482422
cze,2003,95.9499969482422
cze,2004,95.9499969482422
cze,2005,95.9800033569336
cze,2006,95.9800033569336
cze,2007,95.95999908447266
cze,2008,95.95999908447266
cze,2009,95.9800033569336
cze,2010,95.93000030517578
cze,2011,95.90000152587892
cze,2012,95.90000152587892
cze,2013,95.88999938964844
cze,2014,95.88999938964844
cze,2015,95.84999847412108
cze,2016,95.76000213623048
cze,2017,95.69000244140624
cze,2018,95.66999816894533
cze,2019,95.68000030517578
cze,2020,95.7300033569336
cze,2021,95.7699966430664
cze,2022,95.83999633789064
cze,2023,95.88999938964844
cze,2024,95.93000030517578
cze,2025,96.0
deu,1981,90.44000244140624
deu,1982,90.5500030517578
deu,1983,90.63999938964844
deu,1984,90.69000244140624
deu,1985,90.79000091552734
deu,1986,90.88999938964844
deu,1987,91.01000213623048
deu,1988,91.06999969482422
deu,1989,91.12000274658205
deu,1990,91.12999725341795
deu,1991,91.11000061035156
deu,1992,91.11000061035156
deu,1993,91.16999816894533
deu,1994,91.2300033569336
deu,1995,91.37999725341795
deu,1996,91.5500030517578
deu,1997,91.7300033569336
deu,1998,91.86000061035156
deu,1999,91.97000122070312
deu,2000,92.15000152587892
deu,2001,92.29000091552734
deu,2002,92.38999938964844
deu,2003,92.44000244140624
deu,2004,92.4499969482422
deu,2005,92.4800033569336
deu,2006,92.5199966430664
deu,2007,92.5500030517578
deu,2008,92.58999633789064
deu,2009,92.65000152587892
deu,2010,92.58999633789064
deu,2011,92.41000366210938
deu,2012,92.26000213623048
deu,2013,92.16000366210938
deu,2014,92.12000274658205
deu,2015,92.02999877929688
deu,2016,91.93000030517578
deu,2017,91.94000244140624
deu,2018,91.9800033569336
deu,2019,92.08999633789064
deu,2020,92.16999816894533
deu,2021,92.2699966430664
deu,2022,92.37999725341795
deu,2023,92.5
deu,2024,92.63999938964844
deu,2025,92.7300033569336
dji,1981,15.21000003814697
dji,1982,15.97000026702881
dji,1983,16.76000022888184
dji,1984,17.64999961853027
dji,1985,18.45999908447266
dji,1986,19.27000045776367
dji,1987,20.20000076293945
dji,1988,21.07999992370605
dji,1989,21.8799991607666
dji,1990,22.77000045776367
dji,1991,23.60000038146973
dji,1992,24.42000007629395
dji,1993,25.25
dji,1994,26.04999923706055
dji,1995,27.05999946594238
dji,1996,28.34000015258789
dji,1997,29.81999969482422
dji,1998,31.43000030517578
dji,1999,33.08000183105469
dji,2000,34.79999923706055
dji,2001,36.61999893188477
dji,2002,38.52000045776367
dji,2003,40.16999816894531
dji,2004,41.61999893188477
dji,2005,42.81000137329102
dji,2006,44.04999923706055
dji,2007,45.31999969482422
dji,2008,46.59000015258789
dji,2009,47.81000137329102
dji,2010,49.02999877929688
dji,2011,50.40999984741211
dji,2012,51.79999923706055
dji,2013,53.11999893188477
dji,2014,54.27999877929688
dji,2015,55.70999908447266
dji,2016,56.97000122070313
dji,2017,58.34000015258789
dji,2018,59.68000030517578
dji,2019,60.90999984741211
dji,2020,62.15999984741211
dji,2021,63.31999969482422
dji,2022,64.55000305175781
dji,2023,65.69000244140625
dji,2024,66.88999938964844
dji,2025,68.22000122070312
dnk,1981,99.40000152587892
dnk,1982,99.41999816894533
dnk,1983,99.4499969482422
dnk,1984,99.47000122070312
dnk,1985,99.48999786376952
dnk,1986,99.51000213623048
dnk,1987,99.5199966430664
dnk,1988,99.54000091552734
dnk,1989,99.54000091552734
dnk,1990,99.5500030517578
dnk,1991,99.5500030517578
dnk,1992,99.55999755859376
dnk,1993,99.55999755859376
dnk,1994,99.55999755859376
dnk,1995,99.55999755859376
dnk,1996,99.55999755859376
dnk,1997,99.55999755859376
dnk,1998,99.55999755859376
dnk,1999,99.55999755859376
dnk,2000,99.55999755859376
dnk,2001,99.55999755859376
dnk,2002,99.56999969482422
dnk,2003,99.56999969482422
dnk,2004,99.56999969482422
dnk,2005,99.58000183105467
dnk,2006,99.58999633789064
dnk,2007,99.58999633789064
dnk,2008,99.58999633789064
dnk,2009,99.58999633789064
dnk,2010,99.58999633789064
dnk,2011,99.58999633789064
dnk,2012,99.59999847412108
dnk,2013,99.59999847412108
dnk,2014,99.61000061035156
dnk,2015,99.61000061035156
dnk,2016,99.62000274658205
dnk,2017,99.62999725341795
dnk,2018,99.62999725341795
dnk,2019,99.65000152587892
dnk,2020,99.66999816894533
dnk,2021,99.68000030517578
dnk,2022,99.6999969482422
dnk,2023,99.70999908447266
dnk,2024,99.7300033569336
dnk,2025,99.73999786376952
dom,1981,51.65000152587891
dom,1982,52.40000152587891
dom,1983,53.0099983215332
dom,1984,53.22999954223633
dom,1985,53.38999938964844
dom,1986,53.52000045776367
dom,1987,53.61000061035156
dom,1988,54.11000061035156
dom,1989,54.27000045776367
dom,1990,54.63999938964844
dom,1991,54.61999893188477
dom,1992,54.97000122070313
dom,1993,55.79999923706055
dom,1994,56.93999862670898
dom,1995,58.38999938964844
dom,1996,60.08000183105469
dom,1997,61.72000122070313
dom,1998,63.56999969482422
dom,1999,65.1500015258789
dom,2000,66.5199966430664
dom,2001,67.63999938964844
dom,2002,68.52999877929688
dom,2003,69.61000061035156
dom,2004,70.58999633789062
dom,2005,71.56999969482422
dom,2006,72.8499984741211
dom,2007,73.87000274658203
dom,2008,75.04000091552734
dom,2009,76.2699966430664
dom,2010,77.87999725341797
dom,2011,79.37999725341797
dom,2012,80.5199966430664
dom,2013,81.55000305175781
dom,2014,82.4800033569336
dom,2015,83.33999633789062
dom,2016,84.04000091552734
dom,2017,84.62999725341797
dom,2018,85.23999786376953
dom,2019,85.80000305175781
dom,2020,86.36000061035156
dom,2021,86.98999786376953
dom,2022,87.55000305175781
dom,2023,88.0199966430664
dom,2024,88.56999969482422
dom,2025,89.05000305175781
dza,1981,20.96999931335449
dza,1982,21.84000015258789
dza,1983,22.88999938964844
dza,1984,23.82999992370605
dza,1985,24.77000045776367
dza,1986,25.72999954223633
dza,1987,26.70000076293945
dza,1988,27.64999961853027
dza,1989,28.71999931335449
dza,1990,29.81999969482422
dza,1991,30.94000053405762
dza,1992,32.06000137329102
dza,1993,33.27000045776367
dza,1994,34.34999847412109
dza,1995,35.11999893188477
dza,1996,35.45999908447266
dza,1997,35.61999893188477
dza,1998,35.70000076293945
dza,1999,35.90999984741211
dza,2000,36.43000030517578
dza,2001,37.20999908447266
dza,2002,38.31999969482422
dza,2003,39.58000183105469
dza,2004,41.06999969482422
dza,2005,42.86000061035156
dza,2006,44.90000152587891
dza,2007,47.04000091552734
dza,2008,49.31999969482422
dza,2009,51.68000030517578
dza,2010,53.91999816894531
dza,2011,56.09999847412109
dza,2012,57.91999816894531
dza,2013,59.5
dza,2014,60.83000183105469
dza,2015,62.34999847412109
dza,2016,63.83000183105469
dza,2017,65.12999725341797
dza,2018,66.30000305175781
dza,2019,67.33000183105469
dza,2020,68.36000061035156
dza,2021,69.4000015258789
dza,2022,70.5199966430664
dza,2023,71.51000213623047
dza,2024,72.5999984741211
dza,2025,73.69000244140625
ecu,1981,45.90999984741211
ecu,1982,46.56000137329102
ecu,1983,47.15999984741211
ecu,1984,47.84000015258789
ecu,1985,48.47999954223633
ecu,1986,49.09999847412109
ecu,1987,49.45000076293945
ecu,1988,49.56999969482422
ecu,1989,49.68999862670898
ecu,1990,49.66999816894531
ecu,1991,49.84000015258789
ecu,1992,50.02999877929688
ecu,1993,50.40000152587891
ecu,1994,50.68999862670898
ecu,1995,50.95999908447266
ecu,1996,51.41999816894531
ecu,1997,52.13999938964844
ecu,1998,52.9900016784668
ecu,1999,53.88000106811523
ecu,2000,54.63999938964844
ecu,2001,55.56000137329102
ecu,2002,56.70000076293945
ecu,2003,58.15999984741211
ecu,2004,59.68999862670898
ecu,2005,61.29000091552734
ecu,2006,63.34000015258789
ecu,2007,65.44000244140625
ecu,2008,67.41999816894531
ecu,2009,69.06999969482422
ecu,2010,70.77999877929688
ecu,2011,73.0199966430664
ecu,2012,75.81999969482422
ecu,2013,78.9800033569336
ecu,2014,82.05000305175781
ecu,2015,84.87999725341797
ecu,2016,87.29000091552734
ecu,2017,89.30999755859375
ecu,2018,90.94000244140624
ecu,2019,92.25
ecu,2020,93.3000030517578
ecu,2021,94.18000030517578
ecu,2022,94.88999938964844
ecu,2023,95.5
ecu,2024,96.0500030517578
ecu,2025,96.4499969482422
egy,1981,41.09000015258789
egy,1982,42.38999938964844
egy,1983,43.84000015258789
egy,1984,45.54000091552734
egy,1985,47.36999893188477
egy,1986,49.15999984741211
egy,1987,50.70000076293945
egy,1988,52.06000137329102
egy,1989,53.31000137329102
egy,1990,54.43999862670898
egy,1991,55.72000122070313
egy,1992,57.0
egy,1993,58.18000030517578
egy,1994,59.0099983215332
egy,1995,59.72999954223633
egy,1996,60.59000015258789
egy,1997,61.63999938964844
egy,1998,62.93999862670898
egy,1999,64.18000030517578
egy,2000,65.44000244140625
egy,2001,66.81999969482422
egy,2002,68.5199966430664
egy,2003,70.30999755859375
egy,2004,71.98999786376953
egy,2005,73.76000213623047
egy,2006,75.43000030517578
egy,2007,76.79000091552734
egy,2008,77.6500015258789
egy,2009,78.16000366210938
egy,2010,78.58000183105469
egy,2011,79.18000030517578
egy,2012,79.79000091552734
egy,2013,80.37999725341797
egy,2014,80.9000015258789
egy,2015,81.58999633789062
egy,2016,82.3499984741211
egy,2017,83.12000274658203
egy,2018,83.87000274658203
egy,2019,84.69999694824219
egy,2020,85.3499984741211
egy,2021,86.04000091552734
egy,2022,86.7699966430664
egy,2023,87.41999816894531
egy,2024,88.08000183105469
egy,2025,88.7300033569336
esp,1981,77.04000091552734
esp,1982,77.79000091552734
esp,1983,78.55000305175781
esp,1984,79.2699966430664
esp,1985,79.87999725341797
esp,1986,80.51000213623047
esp,1987,81.51000213623047
esp,1988,82.6500015258789
esp,1989,83.55999755859375
esp,1990,84.22000122070312
esp,1991,84.7300033569336
esp,1992,85.20999908447266
esp,1993,85.68000030517578
esp,1994,86.01000213623047
esp,1995,86.36000061035156
esp,1996,86.44999694824219
esp,1997,86.55000305175781
esp,1998,86.7699966430664
esp,1999,87.08000183105469
esp,2000,87.3499984741211
esp,2001,87.1500015258789
esp,2002,86.83000183105469
esp,2003,86.47000122070312
esp,2004,86.29000091552734
esp,2005,86.23999786376953
esp,2006,86.16000366210938
esp,2007,86.19999694824219
esp,2008,86.51000213623047
esp,2009,87.02999877929688
esp,2010,87.7300033569336
esp,2011,88.52999877929688
esp,2012,89.37000274658203
esp,2013,90.19000244140624
esp,2014,91.06999969482422
esp,2015,91.94000244140624
esp,2016,92.76000213623048
esp,2017,93.37999725341795
esp,2018,93.83999633789064
esp,2019,94.16999816894533
esp,2020,94.44000244140624
esp,2021,94.66000366210938
esp,2022,94.91000366210938
esp,2023,95.08999633789064
esp,2024,95.29000091552734
esp,2025,95.5
est,1981,96.58000183105467
est,1982,96.62999725341795
est,1983,96.70999908447266
est,1984,96.76000213623048
est,1985,96.79000091552734
est,1986,96.81999969482422
est,1987,96.84999847412108
est,1988,96.87000274658205
est,1989,96.88999938964844
est,1990,96.90000152587892
est,1991,96.91000366210938
est,1992,96.87000274658205
est,1993,96.80999755859376
est,1994,96.69000244140624
est,1995,96.56999969482422
est,1996,96.41000366210938
est,1997,96.29000091552734
est,1998,96.16999816894533
est,1999,96.15000152587892
est,2000,96.15000152587892
est,2001,96.1999969482422
est,2002,96.2300033569336
est,2003,96.26000213623048
est,2004,96.2300033569336
est,2005,96.22000122070312
est,2006,96.19000244140624
est,2007,96.18000030517578
est,2008,96.1999969482422
est,2009,96.23999786376952
est,2010,96.30999755859376
est,2011,96.38999938964844
est,2012,96.44000244140624
est,2013,96.48999786376952
est,2014,96.52999877929688
est,2015,96.56999969482422
est,2016,96.59999847412108
est,2017,96.66000366210938
est,2018,96.70999908447266
est,2019,96.76000213623048
est,2020,96.80999755859376
est,2021,96.84999847412108
est,2022,96.91999816894533
est,2023,97.0
est,2024,97.01000213623048
est,2025,97.0500030517578
eth,1981,4.170000076293945
eth,1982,4.389999866485596
eth,1983,4.590000152587891
eth,1984,4.820000171661377
eth,1985,5.03000020980835
eth,1986,5.210000038146973
eth,1987,5.380000114440918
eth,1988,5.53000020980835
eth,1989,5.619999885559082
eth,1990,5.75
eth,1991,5.929999828338623
eth,1992,6.110000133514404
eth,1993,6.25
eth,1994,6.349999904632568
eth,1995,6.440000057220459
eth,1996,6.550000190734863
eth,1997,6.760000228881836
eth,1998,7.019999980926514
eth,1999,7.440000057220459
eth,2000,7.949999809265137
eth,2001,8.600000381469727
eth,2002,9.279999732971191
eth,2003,10.07999992370605
eth,2004,10.86999988555908
eth,2005,11.78999996185303
eth,2006,12.81999969482422
eth,2007,14.05000019073486
eth,2008,15.27999973297119
eth,2009,16.38999938964844
eth,2010,17.32999992370605
eth,2011,18.14999961853027
eth,2012,18.93000030517578
eth,2013,19.61000061035156
eth,2014,20.39999961853027
eth,2015,21.20999908447266
eth,2016,22.10000038146973
eth,2017,22.90999984741211
eth,2018,23.68000030517578
eth,2019,24.48999977111816
eth,2020,25.29999923706055
eth,2021,26.06999969482422
eth,2022,26.86000061035156
eth,2023,27.81999969482422
eth,2024,28.69000053405762
eth,2025,29.52000045776367
fin,1981,99.41000366210938
fin,1982,99.43000030517578
fin,1983,99.4499969482422
fin,1984,99.47000122070312
fin,1985,99.48999786376952
fin,1986,99.51000213623048
fin,1987,99.5199966430664
fin,1988,99.52999877929688
fin,1989,99.52999877929688
fin,1990,99.52999877929688
fin,1991,99.52999877929688
fin,1992,99.52999877929688
fin,1993,99.52999877929688
fin,1994,99.52999877929688
fin,1995,99.52999877929688
fin,1996,99.52999877929688
fin,1997,99.52999877929688
fin,1998,99.52999877929688
fin,1999,99.52999877929688
fin,2000,99.52999877929688
fin,2001,99.52999877929688
fin,2002,99.52999877929688
fin,2003,99.52999877929688
fin,2004,99.54000091552734
fin,2005,99.54000091552734
fin,2006,99.54000091552734
fin,2007,99.54000091552734
fin,2008,99.54000091552734
fin,2009,99.54000091552734
fin,2010,99.54000091552734
fin,2011,99.54000091552734
fin,2012,99.54000091552734
fin,2013,99.5500030517578
fin,2014,99.5500030517578
fin,2015,99.5500030517578
fin,2016,99.55999755859376
fin,2017,99.55999755859376
fin,2018,99.58000183105467
fin,2019,99.59999847412108
fin,2020,99.61000061035156
fin,2021,99.62999725341795
fin,2022,99.65000152587892
fin,2023,99.66000366210938
fin,2024,99.68000030517578
fin,2025,99.6999969482422
fji,1981,58.86000061035156
fji,1982,60.04999923706055
fji,1983,61.31999969482422
fji,1984,62.54999923706055
fji,1985,63.84999847412109
fji,1986,65.08999633789062
fji,1987,66.26000213623047
fji,1988,67.4000015258789
fji,1989,68.44999694824219
fji,1990,69.52999877929688
fji,1991,70.62999725341797
fji,1992,71.91999816894531
fji,1993,73.3499984741211
fji,1994,74.69999694824219
fji,1995,75.80999755859375
fji,1996,76.97000122070312
fji,1997,78.2699966430664
fji,1998,79.45999908447266
fji,1999,80.33999633789062
fji,2000,81.05999755859375
fji,2001,81.73999786376953
fji,2002,82.37000274658203
fji,2003,83.0999984741211
fji,2004,84.12000274658203
fji,2005,85.16000366210938
fji,2006,86.19000244140625
fji,2007,86.9800033569336
fji,2008,87.62000274658203
fji,2009,88.05000305175781
fji,2010,88.4000015258789
fji,2011,88.83000183105469
fji,2012,89.38999938964844
fji,2013,90.05999755859375
fji,2014,90.79000091552734
fji,2015,91.5199966430664
fji,2016,92.19000244140624
fji,2017,92.81999969482422
fji,2018,93.31999969482422
fji,2019,93.75
fji,2020,94.09999847412108
fji,2021,94.4499969482422
fji,2022,94.77999877929688
fji,2023,95.11000061035156
fji,2024,95.41000366210938
fji,2025,95.73999786376952
fra,1981,91.66999816894533
fra,1982,91.91000366210938
fra,1983,92.15000152587892
fra,1984,92.41999816894533
fra,1985,92.65000152587892
fra,1986,92.86000061035156
fra,1987,92.9800033569336
fra,1988,93.16999816894533
fra,1989,93.45999908447266
fra,1990,93.86000061035156
fra,1991,94.2300033569336
fra,1992,94.55999755859376
fra,1993,94.91999816894533
fra,1994,95.25
fra,1995,95.48999786376952
fra,1996,95.62000274658205
fra,1997,95.70999908447266
fra,1998,95.86000061035156
fra,1999,95.97000122070312
fra,2000,96.0500030517578
fra,2001,96.05999755859376
fra,2002,96.05999755859376
fra,2003,96.12000274658205
fra,2004,96.27999877929688
fra,2005,96.47000122070312
fra,2006,96.5500030517578
fra,2007,96.56999969482422
fra,2008,96.62000274658205
fra,2009,96.7699966430664
fra,2010,96.94000244140624
fra,2011,97.08000183105467
fra,2012,97.2300033569336
fra,2013,97.37999725341795
fra,2014,97.5500030517578
fra,2015,97.68000030517578
fra,2016,97.79000091552734
fra,2017,97.87999725341795
fra,2018,97.97000122070312
fra,2019,98.06999969482422
fra,2020,98.16999816894533
fra,2021,98.26000213623048
fra,2022,98.34999847412108
fra,2023,98.43000030517578
fra,2024,98.51000213623048
fra,2025,98.56999969482422
gab,1981,28.05999946594238
gab,1982,28.34000015258789
gab,1983,28.51000022888184
gab,1984,28.70999908447266
gab,1985,29.01000022888184
gab,1986,29.20999908447266
gab,1987,29.35000038146973
gab,1988,29.44000053405762
gab,1989,29.52000045776367
gab,1990,29.53000068664551
gab,1991,29.72999954223633
gab,1992,29.70000076293945
gab,1993,29.6200008392334
gab,1994,29.56999969482422
gab,1995,29.65999984741211
gab,1996,29.78000068664551
gab,1997,29.93000030517578
gab,1998,30.29000091552734
gab,1999,30.84000015258789
gab,2000,31.28000068664551
gab,2001,31.70000076293945
gab,2002,32.13999938964844
gab,2003,32.66999816894531
gab,2004,33.25
gab,2005,33.75
gab,2006,34.27000045776367
gab,2007,34.68999862670898
gab,2008,35.13999938964844
gab,2009,35.61000061035156
gab,2010,35.9900016784668
gab,2011,36.18999862670898
gab,2012,36.47999954223633
gab,2013,37.13000106811523
gab,2014,38.04999923706055
gab,2015,38.9900016784668
gab,2016,39.88999938964844
gab,2017,40.84000015258789
gab,2018,41.97000122070313
gab,2019,42.95999908447266
gab,2020,43.88999938964844
gab,2021,44.61999893188477
gab,2022,45.2400016784668
gab,2023,45.79000091552734
gab,2024,46.13999938964844
gab,2025,46.52999877929688
gbr,1981,99.54000091552734
gbr,1982,99.55999755859376
gbr,1983,99.58000183105467
gbr,1984,99.59999847412108
gbr,1985,99.61000061035156
gbr,1986,99.62999725341795
gbr,1987,99.63999938964844
gbr,1988,99.65000152587892
gbr,1989,99.65000152587892
gbr,1990,99.63999938964844
gbr,1991,99.65000152587892
gbr,1992,99.65000152587892
gbr,1993,99.65000152587892
gbr,1994,99.65000152587892
gbr,1995,99.65000152587892
gbr,1996,99.65000152587892
gbr,1997,99.65000152587892
gbr,1998,99.65000152587892
gbr,1999,99.65000152587892
gbr,2000,99.65000152587892
gbr,2001,99.65000152587892
gbr,2002,99.65000152587892
gbr,2003,99.65000152587892
gbr,2004,99.65000152587892
gbr,2005,99.65000152587892
gbr,2006,99.66000366210938
gbr,2007,99.65000152587892
gbr,2008,99.65000152587892
gbr,2009,99.66000366210938
gbr,2010,99.66000366210938
gbr,2011,99.66000366210938
gbr,2012,99.66000366210938
gbr,2013,99.68000030517578
gbr,2014,99.70999908447266
gbr,2015,99.7300033569336
gbr,2016,99.75
gbr,2017,99.77999877929688
gbr,2018,99.79000091552734
gbr,2019,99.80999755859376
gbr,2020,99.81999969482422
gbr,2021,99.83999633789064
gbr,2022,99.86000061035156
gbr,2023,99.87000274658205
gbr,2024,99.88999938964844
gbr,2025,99.90000152587892
geo,1981,96.73999786376952
geo,1982,96.8000030517578
geo,1983,96.87000274658205
geo,1984,96.94000244140624
geo,1985,97.0
geo,1986,97.08999633789064
geo,1987,97.18000030517578
geo,1988,97.2300033569336
geo,1989,97.27999877929688
geo,1990,97.33000183105467
geo,1991,97.38999938964844
geo,1992,97.43000030517578
geo,1993,97.45999908447266
geo,1994,97.47000122070312
geo,1995,97.47000122070312
geo,1996,97.4499969482422
geo,1997,97.40000152587892
geo,1998,97.34999847412108
geo,1999,97.29000091552734
geo,2000,97.26000213623048
geo,2001,97.2699966430664
geo,2002,97.29000091552734
geo,2003,97.33000183105467
geo,2004,97.37999725341795
geo,2005,97.45999908447266
geo,2006,97.5500030517578
geo,2007,97.66999816894533
geo,2008,97.83999633789064
geo,2009,98.01000213623048
geo,2010,98.16000366210938
geo,2011,98.27999877929688
geo,2012,98.37000274658205
geo,2013,98.41000366210938
geo,2014,98.41999816894533
geo,2015,98.44000244140624
geo,2016,98.47000122070312
geo,2017,98.5
geo,2018,98.51000213623048
geo,2019,98.51000213623048
geo,2020,98.52999877929688
geo,2021,98.5500030517578
geo,2022,98.58000183105467
geo,2023,98.62000274658205
geo,2024,98.66999816894533
geo,2025,98.70999908447266
gha,1981,28.44000053405762
gha,1982,28.97999954223633
gha,1983,29.55999946594238
gha,1984,30.11000061035156
gha,1985,30.67000007629395
gha,1986,31.21999931335449
gha,1987,31.88999938964844
gha,1988,32.4900016784668
gha,1989,33.11000061035156
gha,1990,33.84000015258789
gha,1991,34.70999908447266
gha,1992,35.65000152587891
gha,1993,36.56000137329102
gha,1994,37.7599983215332
gha,1995,38.81000137329102
gha,1996,39.88999938964844
gha,1997,40.54999923706055
gha,1998,41.59999847412109
gha,1999,42.65999984741211
gha,2000,43.81000137329102
gha,2001,44.65000152587891
gha,2002,45.52000045776367
gha,2003,46.54000091552734
gha,2004,47.47999954223633
gha,2005,48.20000076293945
gha,2006,48.77000045776367
gha,2007,49.09000015258789
gha,2008,49.68999862670898
gha,2009,50.34000015258789
gha,2010,51.34000015258789
gha,2011,52.22999954223633
gha,2012,52.97000122070313
gha,2013,53.63000106811523
gha,2014,54.34000015258789
gha,2015,55.18000030517578
gha,2016,56.02000045776367
gha,2017,56.84000015258789
gha,2018,57.90999984741211
gha,2019,59.38000106811523
gha,2020,60.79999923706055
gha,2021,62.04000091552734
gha,2022,62.9900016784668
gha,2023,63.88000106811523
gha,2024,64.55000305175781
gha,2025,65.19999694824219
gin,1981,3.140000104904175
gin,1982,3.380000114440918
gin,1983,3.650000095367432
gin,1984,3.960000038146973
gin,1985,4.28000020980835
gin,1986,4.610000133514404
gin,1987,4.929999828338623
gin,1988,5.269999980926514
gin,1989,5.610000133514404
gin,1990,5.940000057220459
gin,1991,6.28000020980835
gin,1992,6.710000038146973
gin,1993,7.199999809265137
gin,1994,7.650000095367432
gin,1995,8.149999618530273
gin,1996,8.6899995803833
gin,1997,9.300000190734863
gin,1998,10.0600004196167
gin,1999,10.89000034332275
gin,2000,11.85999965667725
gin,2001,12.92000007629395
gin,2002,14.02999973297119
gin,2003,15.06999969482422
gin,2004,16.15999984741211
gin,2005,17.21999931335449
gin,2006,18.36000061035156
gin,2007,19.51000022888184
gin,2008,20.68000030517578
gin,2009,21.90999984741211
gin,2010,23.14999961853027
gin,2011,24.45999908447266
gin,2012,25.80999946594238
gin,2013,27.26000022888184
gin,2014,28.61000061035156
gin,2015,29.82999992370605
gin,2016,30.90999984741211
gin,2017,31.8700008392334
gin,2018,33.0
gin,2019,34.16999816894531
gin,2020,35.5099983215332
gin,2021,36.95000076293945
gin,2022,38.34000015258789
gin,2023,39.72999954223633
gin,2024,41.22999954223633
gin,2025,42.61000061035156
gmb,1981,15.40999984741211
gmb,1982,16.1299991607666
gmb,1983,16.88999938964844
gmb,1984,17.70999908447266
gmb,1985,18.54000091552734
gmb,1986,19.40999984741211
gmb,1987,20.35000038146973
gmb,1988,21.15999984741211
gmb,1989,21.89999961853027
gmb,1990,22.38999938964844
gmb,1991,22.94000053405762
gmb,1992,23.43000030517578
gmb,1993,23.82999992370605
gmb,1994,24.1299991607666
gmb,1995,24.52000045776367
gmb,1996,25.10000038146973
gmb,1997,25.94000053405762
gmb,1998,26.71999931335449
gmb,1999,27.6299991607666
gmb,2000,28.77000045776367
gmb,2001,30.19000053405762
gmb,2002,31.70000076293945
gmb,2003,33.02000045776367
gmb,2004,34.52000045776367
gmb,2005,36.31000137329102
gmb,2006,38.2400016784668
gmb,2007,40.0
gmb,2008,41.27999877929688
gmb,2009,42.22999954223633
gmb,2010,43.0
gmb,2011,43.79999923706055
gmb,2012,44.47000122070313
gmb,2013,45.20000076293945
gmb,2014,45.95999908447266
gmb,2015,46.86999893188477
gmb,2016,47.9900016784668
gmb,2017,49.16999816894531
gmb,2018,50.33000183105469
gmb,2019,51.40000152587891
gmb,2020,52.38000106811523
gmb,2021,53.20999908447266
gmb,2022,53.9900016784668
gmb,2023,55.04999923706055
gmb,2024,56.0099983215332
gmb,2025,57.04000091552734
gnb,1981,5.480000019073486
gnb,1982,5.619999885559082
gnb,1983,5.710000038146973
gnb,1984,5.820000171661377
gnb,1985,5.909999847412109
gnb,1986,5.96999979019165
gnb,1987,6.039999961853027
gnb,1988,6.130000114440918
gnb,1989,6.260000228881836
gnb,1990,6.449999809265137
gnb,1991,6.690000057220459
gnb,1992,6.949999809265137
gnb,1993,7.199999809265137
gnb,1994,7.389999866485596
gnb,1995,7.579999923706055
gnb,1996,7.800000190734863
gnb,1997,8.010000228881836
gnb,1998,8.25
gnb,1999,8.460000038146973
gnb,2000,8.6899995803833
gnb,2001,8.819999694824219
gnb,2002,9.0
gnb,2003,9.159999847412108
gnb,2004,9.470000267028809
gnb,2005,9.909999847412108
gnb,2006,10.35999965667725
gnb,2007,10.72999954223633
gnb,2008,10.90999984741211
gnb,2009,11.15999984741211
gnb,2010,11.48999977111816
gnb,2011,11.88000011444092
gnb,2012,12.10000038146973
gnb,2013,12.31999969482422
gnb,2014,12.51000022888184
gnb,2015,12.89000034332275
gnb,2016,13.32999992370605
gnb,2017,13.71000003814697
gnb,2018,14.06999969482422
gnb,2019,14.42000007629395
gnb,2020,14.82999992370605
gnb,2021,15.18000030517578
gnb,2022,15.47000026702881
gnb,2023,15.73999977111816
gnb,2024,16.13999938964844
gnb,2025,16.45999908447266
gnq,1981,18.04999923706055
gnq,1982,18.32999992370605
gnq,1983,18.55999946594238
gnq,1984,18.79000091552734
gnq,1985,19.07999992370605
gnq,1986,19.29999923706055
gnq,1987,19.55999946594238
gnq,1988,19.79999923706055
gnq,1989,20.0
gnq,1990,20.20999908447266
gnq,1991,20.47999954223633
gnq,1992,20.81999969482422
gnq,1993,21.20000076293945
gnq,1994,21.57999992370605
gnq,1995,21.92000007629395
gnq,1996,22.22999954223633
gnq,1997,22.55999946594238
gnq,1998,22.84000015258789
gnq,1999,23.1299991607666
gnq,2000,23.42000007629395
gnq,2001,23.73999977111816
gnq,2002,24.03000068664551
gnq,2003,24.3700008392334
gnq,2004,24.68000030517578
gnq,2005,25.11000061035156
gnq,2006,25.3799991607666
gnq,2007,25.6200008392334
gnq,2008,26.02000045776367
gnq,2009,26.34000015258789
gnq,2010,26.67000007629395
gnq,2011,26.93000030517578
gnq,2012,27.27000045776367
gnq,2013,27.6200008392334
gnq,2014,27.97999954223633
gnq,2015,28.46999931335449
gnq,2016,28.92000007629395
gnq,2017,29.28000068664551
gnq,2018,29.73999977111816
gnq,2019,30.03000068664551
gnq,2020,30.54000091552734
gnq,2021,30.8799991607666
gnq,2022,31.1299991607666
gnq,2023,31.43000030517578
gnq,2024,31.8799991607666
gnq,2025,32.31999969482422
grc,1981,78.22000122070312
grc,1982,79.06999969482422
grc,1983,80.01000213623047
grc,1984,80.98999786376953
grc,1985,81.98999786376953
grc,1986,82.94999694824219
grc,1987,83.8499984741211
grc,1988,84.72000122070312
grc,1989,85.5999984741211
grc,1990,86.43000030517578
grc,1991,87.23999786376953
grc,1992,87.94000244140625
grc,1993,88.52999877929688
grc,1994,88.94000244140625
grc,1995,89.16999816894531
grc,1996,89.23999786376953
grc,1997,89.41999816894531
grc,1998,89.80000305175781
grc,1999,90.30999755859376
grc,2000,90.83000183105467
grc,2001,91.1999969482422
grc,2002,91.4800033569336
grc,2003,91.72000122070312
grc,2004,92.01000213623048
grc,2005,92.37999725341795
grc,2006,92.73999786376952
grc,2007,93.09999847412108
grc,2008,93.43000030517578
grc,2009,93.8000030517578
grc,2010,94.18000030517578
grc,2011,94.5500030517578
grc,2012,94.87000274658205
grc,2013,95.09999847412108
grc,2014,95.25
grc,2015,95.2699966430664
grc,2016,95.2300033569336
grc,2017,95.19000244140624
grc,2018,95.22000122070312
grc,2019,95.30999755859376
grc,2020,95.4499969482422
grc,2021,95.62000274658205
grc,2022,95.81999969482422
grc,2023,96.02999877929688
grc,2024,96.2300033569336
grc,2025,96.41999816894533
gtm,1981,16.45999908447266
gtm,1982,17.05999946594238
gtm,1983,17.69000053405762
gtm,1984,18.26000022888184
gtm,1985,18.67000007629395
gtm,1986,19.1299991607666
gtm,1987,19.59000015258789
gtm,1988,20.10000038146973
gtm,1989,20.61000061035156
gtm,1990,21.04000091552734
gtm,1991,21.45000076293945
gtm,1992,21.76000022888184
gtm,1993,22.20000076293945
gtm,1994,22.64999961853027
gtm,1995,23.15999984741211
gtm,1996,23.76000022888184
gtm,1997,24.38999938964844
gtm,1998,25.30999946594238
gtm,1999,26.36000061035156
gtm,2000,27.35000038146973
gtm,2001,28.46999931335449
gtm,2002,29.57999992370605
gtm,2003,31.11000061035156
gtm,2004,32.61000061035156
gtm,2005,34.16999816894531
gtm,2006,35.52000045776367
gtm,2007,36.93999862670898
gtm,2008,38.38999938964844
gtm,2009,39.93000030517578
gtm,2010,41.43000030517578
gtm,2011,42.88999938964844
gtm,2012,44.34000015258789
gtm,2013,45.81999969482422
gtm,2014,47.16999816894531
gtm,2015,48.34000015258789
gtm,2016,49.31000137329102
gtm,2017,50.31999969482422
gtm,2018,51.31000137329102
gtm,2019,52.34000015258789
gtm,2020,53.31000137329102
gtm,2021,54.38000106811523
gtm,2022,55.34999847412109
gtm,2023,56.34999847412109
gtm,2024,57.40000152587891
gtm,2025,58.36000061035156
guy,1981,47.70000076293945
guy,1982,48.93000030517578
guy,1983,50.02999877929688
guy,1984,51.11000061035156
guy,1985,52.29000091552734
guy,1986,53.63999938964844
guy,1987,55.0099983215332
guy,1988,56.36000061035156
guy,1989,57.72999954223633
guy,1990,59.04000091552734
guy,1991,60.13999938964844
guy,1992,60.9900016784668
guy,1993,61.90000152587891
guy,1994,63.06000137329102
guy,1995,64.30999755859375
guy,1996,65.55000305175781
guy,1997,66.9000015258789
guy,1998,68.22000122070312
guy,1999,69.6500015258789
guy,2000,71.08999633789062
guy,2001,72.5999984741211
guy,2002,73.91000366210938
guy,2003,75.05000305175781
guy,2004,75.9800033569336
guy,2005,77.0
guy,2006,78.12000274658203
guy,2007,79.26000213623047
guy,2008,80.3499984741211
guy,2009,81.63999938964844
guy,2010,83.08000183105469
guy,2011,84.55000305175781
guy,2012,86.0
guy,2013,87.37999725341797
guy,2014,88.66999816894531
guy,2015,89.94999694824219
guy,2016,91.06999969482422
guy,2017,92.0500030517578
guy,2018,92.90000152587892
guy,2019,93.63999938964844
guy,2020,94.22000122070312
guy,2021,94.73999786376952
guy,2022,95.16000366210938
guy,2023,95.55999755859376
guy,2024,95.91000366210938
guy,2025,96.2300033569336
hnd,1981,20.01000022888184
hnd,1982,20.30999946594238
hnd,1983,20.6200008392334
hnd,1984,20.93000030517578
hnd,1985,21.26000022888184
hnd,1986,21.45000076293945
hnd,1987,21.47999954223633
hnd,1988,21.26000022888184
hnd,1989,20.88999938964844
hnd,1990,20.6200008392334
hnd,1991,20.5
hnd,1992,20.40999984741211
hnd,1993,20.35000038146973
hnd,1994,20.30999946594238
hnd,1995,20.28000068664551
hnd,1996,20.35000038146973
hnd,1997,20.80999946594238
hnd,1998,21.68000030517578
hnd,1999,22.85000038146973
hnd,2000,23.85000038146973
hnd,2001,24.98999977111816
hnd,2002,26.69000053405762
hnd,2003,28.85000038146973
hnd,2004,31.27000045776367
hnd,2005,33.40999984741211
hnd,2006,35.38000106811523
hnd,2007,37.20999908447266
hnd,2008,39.11999893188477
hnd,2009,41.02999877929688
hnd,2010,42.59000015258789
hnd,2011,43.63999938964844
hnd,2012,44.43999862670898
hnd,2013,45.02000045776367
hnd,2014,45.2400016784668
hnd,2015,45.29999923706055
hnd,2016,45.52999877929688
hnd,2017,46.40999984741211
hnd,2018,47.97000122070313
hnd,2019,49.97000122070313
hnd,2020,51.95999908447266
hnd,2021,53.56999969482422
hnd,2022,54.65999984741211
hnd,2023,55.65999984741211
hnd,2024,56.61999893188477
hnd,2025,57.45999908447266
hrv,1981,96.12999725341795
hrv,1982,96.2300033569336
hrv,1983,96.33000183105467
hrv,1984,96.38999938964844
hrv,1985,96.47000122070312
hrv,1986,96.56999969482422
hrv,1987,96.63999938964844
hrv,1988,96.7300033569336
hrv,1989,96.81999969482422
hrv,1990,96.90000152587892
hrv,1991,96.95999908447266
hrv,1992,97.01000213623048
hrv,1993,97.06999969482422
hrv,1994,97.12000274658205
hrv,1995,97.19000244140624
hrv,1996,97.23999786376952
hrv,1997,97.31999969482422
hrv,1998,97.38999938964844
hrv,1999,97.4499969482422
hrv,2000,97.5
hrv,2001,97.52999877929688
hrv,2002,97.55999755859376
hrv,2003,97.62999725341795
hrv,2004,97.70999908447266
hrv,2005,97.8000030517578
hrv,2006,97.88999938964844
hrv,2007,98.0
hrv,2008,98.12000274658205
hrv,2009,98.23999786376952
hrv,2010,98.33000183105467
hrv,2011,98.41999816894533
hrv,2012,98.4800033569336
hrv,2013,98.51000213623048
hrv,2014,98.51000213623048
hrv,2015,98.5
hrv,2016,98.5199966430664
hrv,2017,98.52999877929688
hrv,2018,98.54000091552734
hrv,2019,98.5500030517578
hrv,2020,98.56999969482422
hrv,2021,98.61000061035156
hrv,2022,98.66000366210938
hrv,2023,98.70999908447266
hrv,2024,98.75
hrv,2025,98.8000030517578
hti,1981,6.389999866485596
hti,1982,6.769999980926514
hti,1983,7.199999809265137
hti,1984,7.679999828338623
hti,1985,8.210000038146973
hti,1986,8.84000015258789
hti,1987,9.5600004196167
hti,1988,10.46000003814697
hti,1989,11.39000034332275
hti,1990,12.3100004196167
hti,1991,13.26000022888184
hti,1992,14.21000003814697
hti,1993,15.13000011444092
hti,1994,15.9399995803833
hti,1995,16.69000053405762
hti,1996,17.45000076293945
hti,1997,18.23999977111816
hti,1998,19.03000068664551
hti,1999,19.8799991607666
hti,2000,20.95999908447266
hti,2001,22.21999931335449
hti,2002,23.29999923706055
hti,2003,24.17000007629395
hti,2004,24.84000015258789
hti,2005,25.20000076293945
hti,2006,25.47999954223633
hti,2007,25.88999938964844
hti,2008,26.54999923706055
hti,2009,27.19000053405762
hti,2010,27.68000030517578
hti,2011,28.04000091552734
hti,2012,28.47999954223633
hti,2013,29.23999977111816
hti,2014,30.20999908447266
hti,2015,31.28000068664551
hti,2016,32.04000091552734
hti,2017,32.84000015258789
hti,2018,33.59000015258789
hti,2019,34.40999984741211
hti,2020,35.34000015258789
hti,2021,36.4900016784668
hti,2022,37.54999923706055
hti,2023,38.45999908447266
hti,2024,39.56000137329102
hti,2025,40.59999847412109
hun,1981,94.40000152587892
hun,1982,94.5199966430664
hun,1983,94.62999725341795
hun,1984,94.70999908447266
hun,1985,94.68000030517578
hun,1986,94.62000274658205
hun,1987,94.62000274658205
hun,1988,94.7300033569336
hun,1989,94.81999969482422
hun,1990,94.88999938964844
hun,1991,94.88999938964844
hun,1992,94.9800033569336
hun,1993,95.04000091552734
hun,1994,95.12999725341795
hun,1995,95.2699966430664
hun,1996,95.41000366210938
hun,1997,95.37999725341795
hun,1998,95.3000030517578
hun,1999,95.2699966430664
hun,2000,95.3000030517578
hun,2001,95.33000183105467
hun,2002,95.30999755859376
hun,2003,95.30999755859376
hun,2004,95.30999755859376
hun,2005,95.3000030517578
hun,2006,95.33000183105467
hun,2007,95.40000152587892
hun,2008,95.5
hun,2009,95.58000183105467
hun,2010,95.70999908447266
hun,2011,95.83999633789064
hun,2012,96.0
hun,2013,96.09999847412108
hun,2014,96.08000183105467
hun,2015,95.9800033569336
hun,2016,95.87000274658205
hun,2017,95.7300033569336
hun,2018,95.58999633789064
hun,2019,95.52999877929688
hun,2020,95.54000091552734
hun,2021,95.61000061035156
hun,2022,95.66999816894533
hun,2023,95.73999786376952
hun,2024,95.8000030517578
hun,2025,95.87999725341795
idn,1981,34.5099983215332
idn,1982,36.02000045776367
idn,1983,37.65999984741211
idn,1984,39.52000045776367
idn,1985,41.77999877929688
idn,1986,44.08000183105469
idn,1987,46.20000076293945
idn,1988,47.84999847412109
idn,1989,49.5099983215332
idn,1990,50.77999877929688
idn,1991,51.86000061035156
idn,1992,52.65000152587891
idn,1993,53.13999938964844
idn,1994,53.88000106811523
idn,1995,54.81999969482422
idn,1996,56.11000061035156
idn,1997,57.56999969482422
idn,1998,59.0
idn,1999,60.91999816894531
idn,2000,62.86999893188477
idn,2001,64.66999816894531
idn,2002,66.12000274658203
idn,2003,67.3499984741211
idn,2004,68.4000015258789
idn,2005,69.55000305175781
idn,2006,70.63999938964844
idn,2007,71.7699966430664
idn,2008,72.63999938964844
idn,2009,73.80000305175781
idn,2010,75.41000366210938
idn,2011,77.43000030517578
idn,2012,79.51000213623047
idn,2013,81.29000091552734
idn,2014,82.87000274658203
idn,2015,84.29000091552734
idn,2016,85.62000274658203
idn,2017,86.76000213623047
idn,2018,87.7699966430664
idn,2019,88.58999633789062
idn,2020,89.2300033569336
idn,2021,89.54000091552734
idn,2022,89.80999755859375
idn,2023,90.13999938964844
idn,2024,90.70999908447266
idn,2025,91.36000061035156
ind,1981,28.45999908447266
ind,1982,29.85000038146973
ind,1983,31.22999954223633
ind,1984,32.72999954223633
ind,1985,34.34999847412109
ind,1986,36.04000091552734
ind,1987,37.65000152587891
ind,1988,39.2599983215332
ind,1989,40.72000122070313
ind,1990,42.09999847412109
ind,1991,43.54000091552734
ind,1992,44.70000076293945
ind,1993,45.84000015258789
ind,1994,46.88000106811523
ind,1995,48.13000106811523
ind,1996,49.34999847412109
ind,1997,50.63999938964844
ind,1998,51.93000030517578
ind,1999,53.22999954223633
ind,2000,54.7400016784668
ind,2001,56.27999877929688
ind,2002,57.79000091552734
ind,2003,59.2599983215332
ind,2004,60.7599983215332
ind,2005,62.54000091552734
ind,2006,64.38999938964844
ind,2007,66.31999969482422
ind,2008,68.33000183105469
ind,2009,70.12000274658203
ind,2010,72.0999984741211
ind,2011,74.0199966430664
ind,2012,75.87999725341797
ind,2013,77.61000061035156
ind,2014,79.23999786376953
ind,2015,80.61000061035156
ind,2016,81.97000122070312
ind,2017,83.18000030517578
ind,2018,84.37000274658203
ind,2019,85.45999908447266
ind,2020,86.47000122070312
ind,2021,87.41999816894531
ind,2022,88.25
ind,2023,89.06999969482422
ind,2024,89.81999969482422
ind,2025,90.51000213623048
irl,1981,93.08000183105467
irl,1982,93.29000091552734
irl,1983,93.51000213623048
irl,1984,93.68000030517578
irl,1985,93.84999847412108
irl,1986,94.08000183105467
irl,1987,94.33999633789064
irl,1988,94.62000274658205
irl,1989,94.91999816894533
irl,1990,95.20999908447266
irl,1991,95.47000122070312
irl,1992,95.75
irl,1993,95.9800033569336
irl,1994,96.16999816894533
irl,1995,96.33000183105467
irl,1996,96.48999786376952
irl,1997,96.58999633789064
irl,1998,96.63999938964844
irl,1999,96.69000244140624
irl,2000,96.7699966430664
irl,2001,96.84999847412108
irl,2002,96.90000152587892
irl,2003,96.9499969482422
irl,2004,97.05999755859376
irl,2005,97.18000030517578
irl,2006,97.3000030517578
irl,2007,97.38999938964844
irl,2008,97.51000213623048
irl,2009,97.66000366210938
irl,2010,97.83999633789064
irl,2011,97.9800033569336
irl,2012,98.0500030517578
irl,2013,98.08000183105467
irl,2014,98.11000061035156
irl,2015,98.15000152587892
irl,2016,98.20999908447266
irl,2017,98.29000091552734
irl,2018,98.37000274658205
irl,2019,98.4499969482422
irl,2020,98.51000213623048
irl,2021,98.58000183105467
irl,2022,98.66000366210938
irl,2023,98.73999786376952
irl,2024,98.8000030517578
irl,2025,98.84999847412108
irn,1981,37.68000030517578
irn,1982,39.13999938964844
irn,1983,40.61999893188477
irn,1984,42.0099983215332
irn,1985,43.52000045776367
irn,1986,44.9900016784668
irn,1987,46.36999893188477
irn,1988,47.79999923706055
irn,1989,49.56999969482422
irn,1990,51.61999893188477
irn,1991,53.93999862670898
irn,1992,56.2400016784668
irn,1993,58.59999847412109
irn,1994,60.86000061035156
irn,1995,62.88000106811523
irn,1996,64.83000183105469
irn,1997,66.95999908447266
irn,1998,69.27999877929688
irn,1999,71.33999633789062
irn,2000,72.80000305175781
irn,2001,73.91999816894531
irn,2002,74.80000305175781
irn,2003,75.5999984741211
irn,2004,76.2699966430664
irn,2005,76.95999908447266
irn,2006,77.7699966430664
irn,2007,78.5199966430664
irn,2008,79.29000091552734
irn,2009,80.16999816894531
irn,2010,81.0199966430664
irn,2011,81.7699966430664
irn,2012,82.37000274658203
irn,2013,83.19000244140625
irn,2014,84.06999969482422
irn,2015,84.95999908447266
irn,2016,85.86000061035156
irn,2017,86.72000122070312
irn,2018,87.47000122070312
irn,2019,88.2699966430664
irn,2020,89.0199966430664
irn,2021,89.72000122070312
irn,2022,90.36000061035156
irn,2023,90.94000244140624
irn,2024,91.5199966430664
irn,2025,92.09999847412108
irq,1981,31.40999984741211
irq,1982,31.68000030517578
irq,1983,31.67000007629395
irq,1984,31.51000022888184
irq,1985,31.36000061035156
irq,1986,31.19000053405762
irq,1987,30.95000076293945
irq,1988,30.6200008392334
irq,1989,30.09000015258789
irq,1990,29.3700008392334
irq,1991,28.45999908447266
irq,1992,27.75
irq,1993,27.47999954223633
irq,1994,27.35000038146973
irq,1995,26.95999908447266
irq,1996,26.20999908447266
irq,1997,25.64999961853027
irq,1998,25.3799991607666
irq,1999,25.38999938964844
irq,2000,25.57999992370605
irq,2001,25.73999977111816
irq,2002,25.97999954223633
irq,2003,26.38999938964844
irq,2004,27.27000045776367
irq,2005,28.39999961853027
irq,2006,29.86000061035156
irq,2007,31.20000076293945
irq,2008,32.13999938964844
irq,2009,32.59999847412109
irq,2010,32.81999969482422
irq,2011,33.15999984741211
irq,2012,34.22999954223633
irq,2013,36.06000137329102
irq,2014,38.59999847412109
irq,2015,41.15000152587891
irq,2016,43.34000015258789
irq,2017,45.20999908447266
irq,2018,46.81999969482422
irq,2019,48.08000183105469
irq,2020,49.22000122070313
irq,2021,49.86000061035156
irq,2022,50.41999816894531
irq,2023,50.97999954223633
irq,2024,51.63999938964844
irq,2025,52.31999969482422
isl,1981,98.5500030517578
isl,1982,98.58999633789064
isl,1983,98.61000061035156
isl,1984,98.65000152587892
isl,1985,98.69000244140624
isl,1986,98.70999908447266
isl,1987,98.73999786376952
isl,1988,98.76000213623048
isl,1989,98.77999877929688
isl,1990,98.7699966430664
isl,1991,98.76000213623048
isl,1992,98.75
isl,1993,98.75
isl,1994,98.76000213623048
isl,1995,98.76000213623048
isl,1996,98.76000213623048
isl,1997,98.7699966430664
isl,1998,98.77999877929688
isl,1999,98.77999877929688
isl,2000,98.77999877929688
isl,2001,98.79000091552734
isl,2002,98.79000091552734
isl,2003,98.79000091552734
isl,2004,98.79000091552734
isl,2005,98.80999755859376
isl,2006,98.81999969482422
isl,2007,98.83000183105467
isl,2008,98.83999633789064
isl,2009,98.84999847412108
isl,2010,98.84999847412108
isl,2011,98.86000061035156
isl,2012,98.87000274658205
isl,2013,98.87000274658205
isl,2014,98.86000061035156
isl,2015,98.84999847412108
isl,2016,98.84999847412108
isl,2017,98.87000274658205
isl,2018,98.88999938964844
isl,2019,98.91999816894533
isl,2020,98.94000244140624
isl,2021,98.97000122070312
isl,2022,98.98999786376952
isl,2023,99.0199966430664
isl,2024,99.0500030517578
isl,2025,99.06999969482422
isr,1981,92.5
isr,1982,92.76000213623048
isr,1983,93.0
isr,1984,93.27999877929688
isr,1985,93.51000213623048
isr,1986,93.69000244140624
isr,1987,93.86000061035156
isr,1988,94.08000183105467
isr,1989,94.36000061035156
isr,1990,94.66000366210938
isr,1991,94.91000366210938
isr,1992,95.15000152587892
isr,1993,95.41000366210938
isr,1994,95.62000274658205
isr,1995,95.83000183105467
isr,1996,96.0500030517578
isr,1997,96.26000213623048
isr,1998,96.45999908447266
isr,1999,96.62000274658205
isr,2000,96.75
isr,2001,96.87999725341795
isr,2002,96.9800033569336
isr,2003,97.08999633789064
isr,2004,97.25
isr,2005,97.41999816894533
isr,2006,97.58999633789064
isr,2007,97.69000244140624
isr,2008,97.7699966430664
isr,2009,97.83000183105467
isr,2010,97.87999725341795
isr,2011,97.93000030517578
isr,2012,97.95999908447266
isr,2013,98.0
isr,2014,98.05999755859376
isr,2015,98.11000061035156
isr,2016,98.16000366210938
isr,2017,98.20999908447266
isr,2018,98.25
isr,2019,98.3000030517578
isr,2020,98.36000061035156
isr,2021,98.43000030517578
isr,2022,98.48999786376952
isr,2023,98.55999755859376
isr,2024,98.62999725341795
isr,2025,98.70999908447266
ita,1981,91.58000183105467
ita,1982,91.84999847412108
ita,1983,92.16000366210938
ita,1984,92.45999908447266
ita,1985,92.7300033569336
ita,1986,93.0
ita,1987,93.23999786376952
ita,1988,93.45999908447266
ita,1989,93.66999816894533
ita,1990,93.97000122070312
ita,1991,94.31999969482422
ita,1992,94.66999816894533
ita,1993,94.95999908447266
ita,1994,95.12999725341795
ita,1995,95.26000213623048
ita,1996,95.38999938964844
ita,1997,95.61000061035156
ita,1998,95.87000274658205
ita,1999,96.08999633789064
ita,2000,96.2699966430664
ita,2001,96.43000030517578
ita,2002,96.65000152587892
ita,2003,96.83999633789064
ita,2004,97.08000183105467
ita,2005,97.31999969482422
ita,2006,97.58000183105467
ita,2007,97.76000213623048
ita,2008,97.88999938964844
ita,2009,97.9800033569336
ita,2010,98.08000183105467
ita,2011,98.1999969482422
ita,2012,98.30999755859376
ita,2013,98.40000152587892
ita,2014,98.4800033569336
ita,2015,98.55999755859376
ita,2016,98.65000152587892
ita,2017,98.73999786376952
ita,2018,98.81999969482422
ita,2019,98.88999938964844
ita,2020,98.97000122070312
ita,2021,99.04000091552734
ita,2022,99.11000061035156
ita,2023,99.18000030517578
ita,2024,99.25
ita,2025,99.30999755859376
jam,1981,77.04000091552734
jam,1982,77.94000244140625
jam,1983,78.79000091552734
jam,1984,79.72000122070312
jam,1985,80.6500015258789
jam,1986,81.37999725341797
jam,1987,82.05999755859375
jam,1988,82.66999816894531
jam,1989,83.2300033569336
jam,1990,83.7300033569336
jam,1991,84.2699966430664
jam,1992,84.98999786376953
jam,1993,85.63999938964844
jam,1994,86.19000244140625
jam,1995,86.68000030517578
jam,1996,87.38999938964844
jam,1997,88.19000244140625
jam,1998,88.94999694824219
jam,1999,89.44999694824219
jam,2000,89.80999755859375
jam,2001,90.23999786376952
jam,2002,90.73999786376952
jam,2003,91.33999633789064
jam,2004,91.97000122070312
jam,2005,92.52999877929688
jam,2006,93.04000091552734
jam,2007,93.4800033569336
jam,2008,93.84999847412108
jam,2009,94.18000030517578
jam,2010,94.45999908447266
jam,2011,94.70999908447266
jam,2012,94.91999816894533
jam,2013,95.11000061035156
jam,2014,95.23999786376952
jam,2015,95.44000244140624
jam,2016,95.62999725341795
jam,2017,95.86000061035156
jam,2018,96.08999633789064
jam,2019,96.3000030517578
jam,2020,96.5
jam,2021,96.69000244140624
jam,2022,96.84999847412108
jam,2023,97.0
jam,2024,97.16000366210938
jam,2025,97.33999633789064
jor,1981,64.33000183105469
jor,1982,65.30000305175781
jor,1983,66.30000305175781
jor,1984,67.44000244140625
jor,1985,68.66999816894531
jor,1986,69.76000213623047
jor,1987,70.41999816894531
jor,1988,70.62999725341797
jor,1989,70.7300033569336
jor,1990,71.0199966430664
jor,1991,71.62000274658203
jor,1992,72.1500015258789
jor,1993,72.6500015258789
jor,1994,73.2300033569336
jor,1995,74.13999938964844
jor,1996,75.30999755859375
jor,1997,76.56999969482422
jor,1998,77.79000091552734
jor,1999,79.19999694824219
jor,2000,80.7300033569336
jor,2001,82.38999938964844
jor,2002,83.77999877929688
jor,2003,84.9800033569336
jor,2004,86.0
jor,2005,86.72000122070312
jor,2006,87.0999984741211
jor,2007,87.33999633789062
jor,2008,87.63999938964844
jor,2009,88.05000305175781
jor,2010,88.45999908447266
jor,2011,88.79000091552734
jor,2012,89.0999984741211
jor,2013,89.31999969482422
jor,2014,89.56999969482422
jor,2015,89.80999755859375
jor,2016,90.13999938964844
jor,2017,90.40000152587892
jor,2018,90.75
jor,2019,90.94000244140624
jor,2020,91.1999969482422
jor,2021,91.5
jor,2022,91.9499969482422
jor,2023,92.5199966430664
jor,2024,93.0
jor,2025,93.38999938964844
kaz,1981,95.19000244140624
kaz,1982,95.36000061035156
kaz,1983,95.5
kaz,1984,95.66999816894533
kaz,1985,95.83999633789064
kaz,1986,95.9800033569336
kaz,1987,96.06999969482422
kaz,1988,96.18000030517578
kaz,1989,96.2699966430664
kaz,1990,96.34999847412108
kaz,1991,96.44000244140624
kaz,1992,96.61000061035156
kaz,1993,96.83000183105467
kaz,1994,97.08000183105467
kaz,1995,97.31999969482422
kaz,1996,97.56999969482422
kaz,1997,97.79000091552734
kaz,1998,98.01000213623048
kaz,1999,98.2300033569336
kaz,2000,98.41000366210938
kaz,2001,98.5500030517578
kaz,2002,98.66999816894533
kaz,2003,98.8000030517578
kaz,2004,98.91999816894533
kaz,2005,99.01000213623048
kaz,2006,99.08999633789064
kaz,2007,99.16000366210938
kaz,2008,99.22000122070312
kaz,2009,99.2699966430664
kaz,2010,99.31999969482422
kaz,2011,99.36000061035156
kaz,2012,99.38999938964844
kaz,2013,99.41000366210938
kaz,2014,99.43000030517578
kaz,2015,99.4499969482422
kaz,2016,99.47000122070312
kaz,2017,99.47000122070312
kaz,2018,99.47000122070312
kaz,2019,99.4800033569336
kaz,2020,99.4800033569336
kaz,2021,99.5
kaz,2022,99.5199966430664
kaz,2023,99.54000091552734
kaz,2024,99.56999969482422
kaz,2025,99.58999633789064
ken,1981,24.96999931335449
ken,1982,26.01000022888184
ken,1983,27.22999954223633
ken,1984,28.38999938964844
ken,1985,29.79000091552734
ken,1986,31.21999931335449
ken,1987,32.81999969482422
ken,1988,34.33000183105469
ken,1989,35.38000106811523
ken,1990,36.09999847412109
ken,1991,36.61999893188477
ken,1992,36.91999816894531
ken,1993,36.95999908447266
ken,1994,36.90999984741211
ken,1995,37.04000091552734
ken,1996,37.54999923706055
ken,1997,38.20000076293945
ken,1998,38.58000183105469
ken,1999,38.77999877929688
ken,2000,38.93999862670898
ken,2001,39.38000106811523
ken,2002,40.06999969482422
ken,2003,41.15999984741211
ken,2004,42.47999954223633
ken,2005,44.06000137329102
ken,2006,45.81000137329102
ken,2007,47.58000183105469
ken,2008,49.40000152587891
ken,2009,51.20000076293945
ken,2010,53.08000183105469
ken,2011,54.75
ken,2012,56.09999847412109
ken,2013,57.2599983215332
ken,2014,58.22000122070313
ken,2015,58.86999893188477
ken,2016,59.13000106811523
ken,2017,59.40000152587891
ken,2018,59.86999893188477
ken,2019,60.33000183105469
ken,2020,60.41999816894531
ken,2021,60.15999984741211
ken,2022,59.66999816894531
ken,2023,59.41999816894531
ken,2024,59.65000152587891
ken,2025,60.34000015258789
kgz,1981,97.69000244140624
kgz,1982,97.7300033569336
kgz,1983,97.79000091552734
kgz,1984,97.83000183105467
kgz,1985,97.86000061035156
kgz,1986,97.88999938964844
kgz,1987,97.91999816894533
kgz,1988,97.93000030517578
kgz,1989,97.94000244140624
kgz,1990,97.93000030517578
kgz,1991,97.90000152587892
kgz,1992,97.84999847412108
kgz,1993,97.7699966430664
kgz,1994,97.6999969482422
kgz,1995,97.65000152587892
kgz,1996,97.58999633789064
kgz,1997,97.51000213623048
kgz,1998,97.44000244140624
kgz,1999,97.41000366210938
kgz,2000,97.41000366210938
kgz,2001,97.41999816894533
kgz,2002,97.41999816894533
kgz,2003,97.40000152587892
kgz,2004,97.41999816894533
kgz,2005,97.4499969482422
kgz,2006,97.48999786376952
kgz,2007,97.54000091552734
kgz,2008,97.62000274658205
kgz,2009,97.62999725341795
kgz,2010,97.69000244140624
kgz,2011,97.76000213623048
kgz,2012,97.87000274658205
kgz,2013,97.97000122070312
kgz,2014,98.06999969482422
kgz,2015,98.16999816894533
kgz,2016,98.26000213623048
kgz,2017,98.31999969482422
kgz,2018,98.37000274658205
kgz,2019,98.41000366210938
kgz,2020,98.45999908447266
kgz,2021,98.51000213623048
kgz,2022,98.5500030517578
kgz,2023,98.59999847412108
kgz,2024,98.63999938964844
kgz,2025,98.69000244140624
khm,1981,8.020000457763672
khm,1982,8.850000381469727
khm,1983,10.05000019073486
khm,1984,11.52000045776367
khm,1985,13.11999988555908
khm,1986,14.64000034332275
khm,1987,15.84000015258789
khm,1988,16.55999946594238
khm,1989,16.95000076293945
khm,1990,17.07999992370605
khm,1991,16.96999931335449
khm,1992,16.45999908447266
khm,1993,15.78999996185303
khm,1994,15.23999977111816
khm,1995,15.1899995803833
khm,1996,15.9399995803833
khm,1997,17.45000076293945
khm,1998,19.1200008392334
khm,1999,20.51000022888184
khm,2000,21.45999908447266
khm,2001,22.27000045776367
khm,2002,23.1299991607666
khm,2003,24.21999931335449
khm,2004,25.6299991607666
khm,2005,27.18000030517578
khm,2006,28.79000091552734
khm,2007,30.28000068664551
khm,2008,31.6299991607666
khm,2009,32.79000091552734
khm,2010,33.72000122070313
khm,2011,34.65999984741211
khm,2012,35.5099983215332
khm,2013,36.09000015258789
khm,2014,36.56000137329102
khm,2015,37.2400016784668
khm,2016,38.56000137329102
khm,2017,40.84999847412109
khm,2018,43.84000015258789
khm,2019,47.06000137329102
khm,2020,50.27000045776367
khm,2021,53.04000091552734
khm,2022,55.36000061035156
khm,2023,57.31000137329102
khm,2024,59.02999877929688
khm,2025,60.77000045776367
kir,1981,62.29000091552734
kir,1982,62.86000061035156
kir,1983,63.29999923706055
kir,1984,63.7400016784668
kir,1985,64.20999908447266
kir,1986,64.66999816894531
kir,1987,65.37999725341797
kir,1988,65.95999908447266
kir,1989,66.37999725341797
kir,1990,66.7300033569336
kir,1991,67.27999877929688
kir,1992,67.77999877929688
kir,1993,68.2300033569336
kir,1994,68.68000030517578
kir,1995,69.16999816894531
kir,1996,69.62999725341797
kir,1997,70.04000091552734
kir,1998,70.5
kir,1999,70.87999725341797
kir,2000,71.19000244140625
kir,2001,71.44999694824219
kir,2002,71.81999969482422
kir,2003,72.44000244140625
kir,2004,73.19999694824219
kir,2005,74.08000183105469
kir,2006,74.79000091552734
kir,2007,75.51000213623047
kir,2008,76.12000274658203
kir,2009,76.52999877929688
kir,2010,76.62000274658203
kir,2011,76.7300033569336
kir,2012,76.80000305175781
kir,2013,76.77999877929688
kir,2014,76.88999938964844
kir,2015,77.11000061035156
kir,2016,77.44000244140625
kir,2017,77.94000244140625
kir,2018,78.45999908447266
kir,2019,78.91999816894531
kir,2020,79.33000183105469
kir,2021,79.66000366210938
kir,2022,79.95999908447266
kir,2023,80.36000061035156
kir,2024,80.69999694824219
kir,2025,81.08000183105469
kor,1981,99.58999633789064
kor,1982,99.61000061035156
kor,1983,99.62999725341795
kor,1984,99.65000152587892
kor,1985,99.66999816894533
kor,1986,99.69000244140624
kor,1987,99.70999908447266
kor,1988,99.7300033569336
kor,1989,99.75
kor,1990,99.7699966430664
kor,1991,99.77999877929688
kor,1992,99.8000030517578
kor,1993,99.81999969482422
kor,1994,99.83999633789064
kor,1995,99.84999847412108
kor,1996,99.84999847412108
kor,1997,99.86000061035156
kor,1998,99.87000274658205
kor,1999,99.87999725341795
kor,2000,99.88999938964844
kor,2001,99.90000152587892
kor,2002,99.90000152587892
kor,2003,99.91000366210938
kor,2004,99.91000366210938
kor,2005,99.91999816894533
kor,2006,99.93000030517578
kor,2007,99.94000244140624
kor,2008,99.94000244140624
kor,2009,99.9499969482422
kor,2010,99.95999908447266
kor,2011,99.97000122070312
kor,2012,99.9800033569336
kor,2013,99.9800033569336
kor,2014,99.98999786376952
kor,2015,100.0
kor,2016,100.0
kor,2017,100.0
kor,2018,100.0
kor,2019,100.0
kor,2020,100.0
kor,2021,100.0
kor,2022,100.0
kor,2023,100.0
kor,2024,100.0
kor,2025,100.0
lao,1981,24.51000022888184
lao,1982,25.1299991607666
lao,1983,25.81999969482422
lao,1984,26.36000061035156
lao,1985,26.79000091552734
lao,1986,27.36000061035156
lao,1987,27.85000038146973
lao,1988,28.31999969482422
lao,1989,28.39999961853027
lao,1990,28.29999923706055
lao,1991,28.11000061035156
lao,1992,27.93000030517578
lao,1993,27.81999969482422
lao,1994,27.64999961853027
lao,1995,27.85000038146973
lao,1996,28.30999946594238
lao,1997,29.11000061035156
lao,1998,30.1200008392334
lao,1999,31.1200008392334
lao,2000,32.2599983215332
lao,2001,33.63000106811523
lao,2002,35.38000106811523
lao,2003,37.18000030517578
lao,2004,38.63000106811523
lao,2005,40.04000091552734
lao,2006,41.31999969482422
lao,2007,42.45999908447266
lao,2008,43.22000122070313
lao,2009,44.02000045776367
lao,2010,44.79000091552734
lao,2011,45.38999938964844
lao,2012,46.09000015258789
lao,2013,46.77999877929688
lao,2014,47.36999893188477
lao,2015,48.06000137329102
lao,2016,48.61999893188477
lao,2017,49.38999938964844
lao,2018,50.02999877929688
lao,2019,50.65999984741211
lao,2020,51.27000045776367
lao,2021,52.02000045776367
lao,2022,52.70999908447266
lao,2023,53.45999908447266
lao,2024,54.18999862670898
lao,2025,55.06999969482422
lbr,1981,13.22000026702881
lbr,1982,13.38000011444092
lbr,1983,13.5600004196167
lbr,1984,13.75
lbr,1985,14.0
lbr,1986,14.23999977111816
lbr,1987,14.44999980926514
lbr,1988,14.61999988555908
lbr,1989,14.71000003814697
lbr,1990,14.72999954223633
lbr,1991,14.82999992370605
lbr,1992,14.93000030517578
lbr,1993,14.97000026702881
lbr,1994,14.81999969482422
lbr,1995,14.68000030517578
lbr,1996,14.5600004196167
lbr,1997,14.53999996185303
lbr,1998,14.5600004196167
lbr,1999,14.56999969482422
lbr,2000,14.60999965667725
lbr,2001,14.71000003814697
lbr,2002,14.89000034332275
lbr,2003,15.15999984741211
lbr,2004,15.53999996185303
lbr,2005,16.1299991607666
lbr,2006,16.81999969482422
lbr,2007,17.29000091552734
lbr,2008,17.61000061035156
lbr,2009,18.01000022888184
lbr,2010,18.52000045776367
lbr,2011,18.84000015258789
lbr,2012,19.09000015258789
lbr,2013,19.31999969482422
lbr,2014,19.54000091552734
lbr,2015,19.82999992370605
lbr,2016,20.07999992370605
lbr,2017,20.36000061035156
lbr,2018,20.60000038146973
lbr,2019,20.84000015258789
lbr,2020,21.18000030517578
lbr,2021,21.47999954223633
lbr,2022,21.76000022888184
lbr,2023,21.97999954223633
lbr,2024,22.34000015258789
lbr,2025,22.65999984741211
lca,1981,32.18000030517578
lca,1982,34.38999938964844
lca,1983,36.43999862670898
lca,1984,38.70000076293945
lca,1985,40.90000152587891
lca,1986,43.2599983215332
lca,1987,45.40000152587891
lca,1988,47.54000091552734
lca,1989,49.86000061035156
lca,1990,52.2599983215332
lca,1991,54.79000091552734
lca,1992,56.97000122070313
lca,1993,59.18999862670898
lca,1994,61.41999816894531
lca,1995,63.77999877929688
lca,1996,66.05999755859375
lca,1997,68.16999816894531
lca,1998,70.25
lca,1999,72.13999938964844
lca,2000,73.91999816894531
lca,2001,75.55999755859375
lca,2002,77.26000213623047
lca,2003,78.91999816894531
lca,2004,80.58000183105469
lca,2005,82.20999908447266
lca,2006,83.83000183105469
lca,2007,85.37000274658203
lca,2008,86.81999969482422
lca,2009,88.11000061035156
lca,2010,89.3499984741211
lca,2011,90.43000030517578
lca,2012,91.5
lca,2013,92.38999938964844
lca,2014,93.22000122070312
lca,2015,93.95999908447266
lca,2016,94.56999969482422
lca,2017,95.18000030517578
lca,2018,95.6999969482422
lca,2019,96.1999969482422
lca,2020,96.66000366210938
lca,2021,97.05999755859376
lca,2022,97.41000366210938
lca,2023,97.76000213623048
lca,2024,98.04000091552734
lca,2025,98.29000091552734
lso,1981,12.85000038146973
lso,1982,13.34000015258789
lso,1983,13.8100004196167
lso,1984,14.26000022888184
lso,1985,14.75
lso,1986,15.14000034332275
lso,1987,15.47000026702881
lso,1988,15.73999977111816
lso,1989,15.94999980926514
lso,1990,16.1299991607666
lso,1991,16.29999923706055
lso,1992,16.46999931335449
lso,1993,16.69000053405762
lso,1994,17.23999977111816
lso,1995,18.04000091552734
lso,1996,18.95000076293945
lso,1997,19.6299991607666
lso,1998,20.04999923706055
lso,1999,20.19000053405762
lso,2000,20.29000091552734
lso,2001,20.63999938964844
lso,2002,21.20000076293945
lso,2003,21.95000076293945
lso,2004,22.79000091552734
lso,2005,23.89999961853027
lso,2006,25.04000091552734
lso,2007,26.38999938964844
lso,2008,27.59000015258789
lso,2009,28.79000091552734
lso,2010,29.80999946594238
lso,2011,30.78000068664551
lso,2012,31.67000007629395
lso,2013,32.36000061035156
lso,2014,33.06000137329102
lso,2015,33.9900016784668
lso,2016,35.18999862670898
lso,2017,36.52000045776367
lso,2018,37.52999877929688
lso,2019,38.20000076293945
lso,2020,38.72000122070313
lso,2021,39.40000152587891
lso,2022,40.34000015258789
lso,2023,41.56999969482422
lso,2024,42.88999938964844
lso,2025,44.08000183105469
ltu,1981,98.9800033569336
ltu,1982,99.0
ltu,1983,99.0199966430664
ltu,1984,99.0500030517578
ltu,1985,99.06999969482422
ltu,1986,99.11000061035156
ltu,1987,99.12000274658205
ltu,1988,99.12999725341795
ltu,1989,99.12999725341795
ltu,1990,99.12999725341795
ltu,1991,99.11000061035156
ltu,1992,99.08999633789064
ltu,1993,99.05999755859376
ltu,1994,99.0199966430664
ltu,1995,98.9499969482422
ltu,1996,98.87999725341795
ltu,1997,98.8000030517578
ltu,1998,98.7300033569336
ltu,1999,98.68000030517578
ltu,2000,98.66000366210938
ltu,2001,98.66999816894533
ltu,2002,98.6999969482422
ltu,2003,98.7300033569336
ltu,2004,98.76000213623048
ltu,2005,98.79000091552734
ltu,2006,98.81999969482422
ltu,2007,98.84999847412108
ltu,2008,98.88999938964844
ltu,2009,98.91999816894533
ltu,2010,98.9499969482422
ltu,2011,98.94000244140624
ltu,2012,98.93000030517578
ltu,2013,98.91000366210938
ltu,2014,98.91999816894533
ltu,2015,98.93000030517578
ltu,2016,98.95999908447266
ltu,2017,98.98999786376952
ltu,2018,99.04000091552734
ltu,2019,99.06999969482422
ltu,2020,99.08000183105467
ltu,2021,99.09999847412108
ltu,2022,99.12000274658205
ltu,2023,99.13999938964844
ltu,2024,99.16999816894533
ltu,2025,99.1999969482422
lux,1981,55.81000137329102
lux,1982,56.70999908447266
lux,1983,57.65000152587891
lux,1984,58.41999816894531
lux,1985,59.43999862670898
lux,1986,60.40000152587891
lux,1987,61.45000076293945
lux,1988,62.29999923706055
lux,1989,63.16999816894531
lux,1990,64.04000091552734
lux,1991,64.9000015258789
lux,1992,65.76000213623047
lux,1993,66.61000061035156
lux,1994,67.48999786376953
lux,1995,68.7300033569336
lux,1996,70.0
lux,1997,71.36000061035156
lux,1998,72.7300033569336
lux,1999,74.1500015258789
lux,2000,75.56999969482422
lux,2001,76.91000366210938
lux,2002,78.08000183105469
lux,2003,79.1500015258789
lux,2004,80.27999877929688
lux,2005,81.33000183105469
lux,2006,82.18000030517578
lux,2007,82.7699966430664
lux,2008,83.22000122070312
lux,2009,83.55000305175781
lux,2010,83.8499984741211
lux,2011,84.11000061035156
lux,2012,84.45999908447266
lux,2013,84.80000305175781
lux,2014,85.16000366210938
lux,2015,85.51000213623047
lux,2016,85.83999633789062
lux,2017,86.19999694824219
lux,2018,86.52999877929688
lux,2019,86.88999938964844
lux,2020,87.4000015258789
lux,2021,87.91000366210938
lux,2022,88.43000030517578
lux,2023,88.83000183105469
lux,2024,89.31999969482422
lux,2025,89.75
lva,1981,97.91000366210938
lva,1982,97.94000244140624
lva,1983,97.98999786376952
lva,1984,98.02999877929688
lva,1985,98.0500030517578
lva,1986,98.11000061035156
lva,1987,98.16000366210938
lva,1988,98.1999969482422
lva,1989,98.23999786376952
lva,1990,98.2300033569336
lva,1991,98.23999786376952
lva,1992,98.2300033569336
lva,1993,98.1999969482422
lva,1994,98.12999725341795
lva,1995,98.05999755859376
lva,1996,97.95999908447266
lva,1997,97.88999938964844
lva,1998,97.83999633789064
lva,1999,97.80999755859376
lva,2000,97.83000183105467
lva,2001,97.87999725341795
lva,2002,97.9499969482422
lva,2003,98.0
lva,2004,98.0500030517578
lva,2005,98.08000183105467
lva,2006,98.13999938964844
lva,2007,98.15000152587892
lva,2008,98.13999938964844
lva,2009,98.09999847412108
lva,2010,98.05999755859376
lva,2011,98.0500030517578
lva,2012,98.0500030517578
lva,2013,98.08999633789064
lva,2014,98.15000152587892
lva,2015,98.2300033569336
lva,2016,98.2699966430664
lva,2017,98.29000091552734
lva,2018,98.3000030517578
lva,2019,98.33000183105467
lva,2020,98.36000061035156
lva,2021,98.38999938964844
lva,2022,98.44000244140624
lva,2023,98.45999908447266
lva,2024,98.51000213623048
lva,2025,98.52999877929688
mar,1981,23.03000068664551
mar,1982,23.54000091552734
mar,1983,24.01000022888184
mar,1984,24.36000061035156
mar,1985,24.73999977111816
mar,1986,25.01000022888184
mar,1987,25.13999938964844
mar,1988,25.34000015258789
mar,1989,25.48999977111816
mar,1990,25.89999961853027
mar,1991,26.13999938964844
mar,1992,26.38999938964844
mar,1993,26.55999946594238
mar,1994,26.97999954223633
mar,1995,27.39999961853027
mar,1996,27.90999984741211
mar,1997,28.20999908447266
mar,1998,28.77000045776367
mar,1999,29.61000061035156
mar,2000,30.70999908447266
mar,2001,31.97999954223633
mar,2002,33.20000076293945
mar,2003,34.33000183105469
mar,2004,35.33000183105469
mar,2005,36.16999816894531
mar,2006,36.93000030517578
mar,2007,37.4900016784668
mar,2008,38.04999923706055
mar,2009,38.58000183105469
mar,2010,39.11999893188477
mar,2011,39.68999862670898
mar,2012,40.2599983215332
mar,2013,40.86000061035156
mar,2014,41.40000152587891
mar,2015,42.02999877929688
mar,2016,42.56999969482422
mar,2017,43.13999938964844
mar,2018,43.7599983215332
mar,2019,44.43999862670898
mar,2020,44.86000061035156
mar,2021,45.47999954223633
mar,2022,45.93999862670898
mar,2023,46.63000106811523
mar,2024,47.2400016784668
mar,2025,47.72000122070313
mda,1981,90.58000183105467
mda,1982,90.68000030517578
mda,1983,90.52999877929688
mda,1984,90.36000061035156
mda,1985,90.06999969482422
mda,1986,89.7300033569336
mda,1987,89.37000274658203
mda,1988,89.0999984741211
mda,1989,89.01000213623047
mda,1990,89.05000305175781
mda,1991,89.41000366210938
mda,1992,89.9000015258789
mda,1993,90.68000030517578
mda,1994,91.4499969482422
mda,1995,92.23999786376952
mda,1996,92.95999908447266
mda,1997,93.55999755859376
mda,1998,94.02999877929688
mda,1999,94.41000366210938
mda,2000,94.62000274658205
mda,2001,94.68000030517578
mda,2002,94.61000061035156
mda,2003,94.4499969482422
mda,2004,94.30999755859376
mda,2005,94.2699966430664
mda,2006,94.30999755859376
mda,2007,94.41000366210938
mda,2008,94.56999969482422
mda,2009,94.75
mda,2010,94.91000366210938
mda,2011,95.04000091552734
mda,2012,95.19000244140624
mda,2013,95.33000183105467
mda,2014,95.4499969482422
mda,2015,95.59999847412108
mda,2016,95.7300033569336
mda,2017,95.87999725341795
mda,2018,96.02999877929688
mda,2019,96.16000366210938
mda,2020,96.2699966430664
mda,2021,96.41000366210938
mda,2022,96.5199966430664
mda,2023,96.63999938964844
mda,2024,96.77999877929688
mda,2025,96.87999725341795
mdg,1981,16.54999923706055
mdg,1982,16.85000038146973
mdg,1983,17.03000068664551
mdg,1984,17.26000022888184
mdg,1985,17.45000076293945
mdg,1986,17.44000053405762
mdg,1987,17.29999923706055
mdg,1988,17.1200008392334
mdg,1989,16.8700008392334
mdg,1990,16.42000007629395
mdg,1991,15.94999980926514
mdg,1992,15.39000034332275
mdg,1993,14.92000007629395
mdg,1994,14.36999988555908
mdg,1995,13.86999988555908
mdg,1996,13.52999973297119
mdg,1997,13.18000030517578
mdg,1998,12.94999980926514
mdg,1999,12.96000003814697
mdg,2000,13.10000038146973
mdg,2001,13.34000015258789
mdg,2002,13.75
mdg,2003,14.3100004196167
mdg,2004,14.96000003814697
mdg,2005,15.72000026702881
mdg,2006,16.65999984741211
mdg,2007,17.68000030517578
mdg,2008,18.64999961853027
mdg,2009,19.60000038146973
mdg,2010,20.38999938964844
mdg,2011,21.1200008392334
mdg,2012,21.88999938964844
mdg,2013,22.75
mdg,2014,23.60000038146973
mdg,2015,24.43000030517578
mdg,2016,25.26000022888184
mdg,2017,26.20999908447266
mdg,2018,26.90999984741211
mdg,2019,27.35000038146973
mdg,2020,27.51000022888184
mdg,2021,27.55999946594238
mdg,2022,27.69000053405762
mdg,2023,27.78000068664551
mdg,2024,28.13999938964844
mdg,2025,28.45999908447266
mdv,1981,2.359999895095825
mdv,1982,2.759999990463257
mdv,1983,3.309999942779541
mdv,1984,3.980000019073486
mdv,1985,4.789999961853027
mdv,1986,5.690000057220459
mdv,1987,6.800000190734863
mdv,1988,8.0600004196167
mdv,1989,9.479999542236328
mdv,1990,11.14000034332275
mdv,1991,13.06999969482422
mdv,1992,15.25
mdv,1993,17.5
mdv,1994,19.89999961853027
mdv,1995,22.54000091552734
mdv,1996,25.5
mdv,1997,28.82999992370605
mdv,1998,32.47999954223633
mdv,1999,36.72000122070313
mdv,2000,41.15000152587891
mdv,2001,46.04000091552734
mdv,2002,51.11999893188477
mdv,2003,56.2599983215332
mdv,2004,60.97000122070313
mdv,2005,65.16999816894531
mdv,2006,68.76000213623047
mdv,2007,71.94000244140625
mdv,2008,74.62000274658203
mdv,2009,76.91000366210938
mdv,2010,78.91000366210938
mdv,2011,80.63999938964844
mdv,2012,82.26000213623047
mdv,2013,83.7699966430664
mdv,2014,85.38999938964844
mdv,2015,87.06999969482422
mdv,2016,88.7300033569336
mdv,2017,90.30999755859376
mdv,2018,91.8000030517578
mdv,2019,93.06999969482422
mdv,2020,94.2300033569336
mdv,2021,95.18000030517578
mdv,2022,96.06999969482422
mdv,2023,96.79000091552734
mdv,2024,97.40000152587892
mdv,2025,97.88999938964844
mex,1981,54.2599983215332
mex,1982,55.41999816894531
mex,1983,56.72999954223633
mex,1984,58.11999893188477
mex,1985,59.5
mex,1986,60.79999923706055
mex,1987,61.66999816894531
mex,1988,62.22000122070313
mex,1989,62.66999816894531
mex,1990,63.29000091552734
mex,1991,64.12999725341797
mex,1992,64.54000091552734
mex,1993,64.72000122070312
mex,1994,64.81999969482422
mex,1995,65.4000015258789
mex,1996,66.41000366210938
mex,1997,67.5
mex,1998,68.45999908447266
mex,1999,69.37999725341797
mex,2000,70.47000122070312
mex,2001,72.04000091552734
mex,2002,73.44999694824219
mex,2003,74.73999786376953
mex,2004,75.87000274658203
mex,2005,77.29000091552734
mex,2006,78.8499984741211
mex,2007,79.97000122070312
mex,2008,80.80000305175781
mex,2009,81.29000091552734
mex,2010,81.7699966430664
mex,2011,82.41000366210938
mex,2012,83.18000030517578
mex,2013,83.91999816894531
mex,2014,84.4800033569336
mex,2015,85.04000091552734
mex,2016,85.72000122070312
mex,2017,86.27999877929688
mex,2018,86.63999938964844
mex,2019,86.77999877929688
mex,2020,87.08999633789062
mex,2021,87.51000213623047
mex,2022,88.02999877929688
mex,2023,88.52999877929688
mex,2024,88.9800033569336
mex,2025,89.45999908447266
mkd,1981,82.25
mkd,1982,82.80999755859375
mkd,1983,83.44000244140625
mkd,1984,84.06999969482422
mkd,1985,84.68000030517578
mkd,1986,85.16000366210938
mkd,1987,85.56999969482422
mkd,1988,86.02999877929688
mkd,1989,86.47000122070312
mkd,1990,86.83999633789062
mkd,1991,87.16999816894531
mkd,1992,87.44000244140625
mkd,1993,87.7300033569336
mkd,1994,88.12999725341797
mkd,1995,88.56999969482422
mkd,1996,88.94999694824219
mkd,1997,89.31999969482422
mkd,1998,89.62000274658203
mkd,1999,89.94999694824219
mkd,2000,90.25
mkd,2001,90.61000061035156
mkd,2002,91.08999633789064
mkd,2003,91.61000061035156
mkd,2004,92.16999816894533
mkd,2005,92.62999725341795
mkd,2006,93.0199966430664
mkd,2007,93.37999725341795
mkd,2008,93.7300033569336
mkd,2009,94.05999755859376
mkd,2010,94.41000366210938
mkd,2011,94.79000091552734
mkd,2012,95.13999938964844
mkd,2013,95.45999908447266
mkd,2014,95.7300033569336
mkd,2015,96.02999877929688
mkd,2016,96.26000213623048
mkd,2017,96.5199966430664
mkd,2018,96.72000122070312
mkd,2019,96.93000030517578
mkd,2020,97.08000183105467
mkd,2021,97.2300033569336
mkd,2022,97.37999725341795
mkd,2023,97.48999786376952
mkd,2024,97.62000274658205
mkd,2025,97.75
mli,1981,4.809999942779541
mli,1982,5.03000020980835
mli,1983,5.199999809265137
mli,1984,5.340000152587891
mli,1985,5.409999847412109
mli,1986,5.46999979019165
mli,1987,5.510000228881836
mli,1988,5.550000190734863
mli,1989,5.590000152587891
mli,1990,5.690000057220459
mli,1991,5.840000152587891
mli,1992,6.079999923706055
mli,1993,6.369999885559082
mli,1994,6.650000095367432
mli,1995,6.940000057220459
mli,1996,7.210000038146973
mli,1997,7.53000020980835
mli,1998,7.880000114440918
mli,1999,8.220000267028809
mli,2000,8.6899995803833
mli,2001,9.260000228881836
mli,2002,10.06999969482422
mli,2003,11.10000038146973
mli,2004,12.19999980926514
mli,2005,13.32999992370605
mli,2006,14.36999988555908
mli,2007,15.39000034332275
mli,2008,16.55999946594238
mli,2009,17.54000091552734
mli,2010,18.42000007629395
mli,2011,19.1299991607666
mli,2012,19.77000045776367
mli,2013,20.20999908447266
mli,2014,20.34000015258789
mli,2015,20.35000038146973
mli,2016,20.32999992370605
mli,2017,20.55999946594238
mli,2018,20.92000007629395
mli,2019,21.55999946594238
mli,2020,22.29999923706055
mli,2021,23.21999931335449
mli,2022,24.34000015258789
mli,2023,25.3799991607666
mli,2024,26.22999954223633
mli,2025,26.8700008392334
mlt,1981,97.44000244140624
mlt,1982,97.5
mlt,1983,97.5199966430664
mlt,1984,97.5500030517578
mlt,1985,97.58000183105467
mlt,1986,97.62000274658205
mlt,1987,97.68000030517578
mlt,1988,97.72000122070312
mlt,1989,97.7699966430664
mlt,1990,97.8000030517578
mlt,1991,97.83000183105467
mlt,1992,97.84999847412108
mlt,1993,97.87999725341795
mlt,1994,97.91000366210938
mlt,1995,97.94000244140624
mlt,1996,97.94000244140624
mlt,1997,97.9499969482422
mlt,1998,97.93000030517578
mlt,1999,97.93000030517578
mlt,2000,97.9499969482422
mlt,2001,97.97000122070312
mlt,2002,97.97000122070312
mlt,2003,97.97000122070312
mlt,2004,97.9800033569336
mlt,2005,98.0
mlt,2006,98.0199966430664
mlt,2007,98.04000091552734
mlt,2008,98.05999755859376
mlt,2009,98.0500030517578
mlt,2010,98.02999877929688
mlt,2011,98.01000213623048
mlt,2012,97.9800033569336
mlt,2013,97.97000122070312
mlt,2014,97.93000030517578
mlt,2015,97.87999725341795
mlt,2016,97.80999755859376
mlt,2017,97.7699966430664
mlt,2018,97.77999877929688
mlt,2019,97.81999969482422
mlt,2020,97.86000061035156
mlt,2021,97.88999938964844
mlt,2022,97.93000030517578
mlt,2023,97.9800033569336
mlt,2024,98.02999877929688
mlt,2025,98.06999969482422
mmr,1981,15.22999954223633
mmr,1982,15.78999996185303
mmr,1983,16.27000045776367
mmr,1984,16.70000076293945
mmr,1985,17.15999984741211
mmr,1986,17.54999923706055
mmr,1987,17.97999954223633
mmr,1988,18.3700008392334
mmr,1989,18.79999923706055
mmr,1990,19.30999946594238
mmr,1991,19.84000015258789
mmr,1992,20.28000068664551
mmr,1993,20.85000038146973
mmr,1994,21.3700008392334
mmr,1995,21.80999946594238
mmr,1996,22.44000053405762
mmr,1997,23.10000038146973
mmr,1998,23.71999931335449
mmr,1999,24.3700008392334
mmr,2000,25.22999954223633
mmr,2001,26.56999969482422
mmr,2002,27.80999946594238
mmr,2003,29.20999908447266
mmr,2004,30.45999908447266
mmr,2005,31.64999961853027
mmr,2006,32.90999984741211
mmr,2007,33.91999816894531
mmr,2008,34.9900016784668
mmr,2009,36.13999938964844
mmr,2010,37.33000183105469
mmr,2011,38.81000137329102
mmr,2012,39.84000015258789
mmr,2013,41.34999847412109
mmr,2014,42.75
mmr,2015,44.34000015258789
mmr,2016,45.40000152587891
mmr,2017,46.33000183105469
mmr,2018,47.2400016784668
mmr,2019,48.18999862670898
mmr,2020,49.16999816894531
mmr,2021,50.15000152587891
mmr,2022,50.95999908447266
mmr,2023,51.86000061035156
mmr,2024,52.65999984741211
mmr,2025,53.68999862670898
mne,1981,94.25
mne,1982,94.37000274658205
mne,1983,94.48999786376952
mne,1984,94.59999847412108
mne,1985,94.72000122070312
mne,1986,94.83000183105467
mne,1987,94.91000366210938
mne,1988,94.9499969482422
mne,1989,95.01000213623048
mne,1990,95.06999969482422
mne,1991,95.02999877929688
mne,1992,94.9800033569336
mne,1993,94.9499969482422
mne,1994,94.9499969482422
mne,1995,94.95999908447266
mne,1996,94.9800033569336
mne,1997,94.98999786376952
mne,1998,95.05999755859376
mne,1999,95.13999938964844
mne,2000,95.23999786376952
mne,2001,95.33999633789064
mne,2002,95.4499969482422
mne,2003,95.61000061035156
mne,2004,95.73999786376952
mne,2005,95.88999938964844
mne,2006,96.0199966430664
mne,2007,96.18000030517578
mne,2008,96.33999633789064
mne,2009,96.4800033569336
mne,2010,96.65000152587892
mne,2011,96.79000091552734
mne,2012,96.93000030517578
mne,2013,97.0500030517578
mne,2014,97.16000366210938
mne,2015,97.2699966430664
mne,2016,97.38999938964844
mne,2017,97.48999786376952
mne,2018,97.5500030517578
mne,2019,97.62000274658205
mne,2020,97.69000244140624
mne,2021,97.76000213623048
mne,2022,97.80999755859376
mne,2023,97.84999847412108
mne,2024,97.91000366210938
mne,2025,97.94000244140624
mng,1981,77.19999694824219
mng,1982,77.08999633789062
mng,1983,77.01000213623047
mng,1984,76.73999786376953
mng,1985,76.37000274658203
mng,1986,75.7300033569336
mng,1987,75.11000061035156
mng,1988,74.25
mng,1989,72.9800033569336
mng,1990,71.3499984741211
mng,1991,69.05999755859375
mng,1992,66.26000213623047
mng,1993,62.91999816894531
mng,1994,59.68000030517578
mng,1995,57.11999893188477
mng,1996,55.65999984741211
mng,1997,55.43000030517578
mng,1998,55.93000030517578
mng,1999,56.84999847412109
mng,2000,58.11000061035156
mng,2001,59.90999984741211
mng,2002,62.22999954223633
mng,2003,65.16000366210938
mng,2004,68.61000061035156
mng,2005,72.22000122070312
mng,2006,75.66000366210938
mng,2007,78.73999786376953
mng,2008,81.33000183105469
mng,2009,83.66000366210938
mng,2010,85.7699966430664
mng,2011,87.52999877929688
mng,2012,88.98999786376953
mng,2013,90.16999816894533
mng,2014,91.16000366210938
mng,2015,92.06999969482422
mng,2016,92.88999938964844
mng,2017,93.7300033569336
mng,2018,94.52999877929688
mng,2019,95.31999969482422
mng,2020,96.02999877929688
mng,2021,96.63999938964844
mng,2022,97.15000152587892
mng,2023,97.56999969482422
mng,2024,97.90000152587892
mng,2025,98.2300033569336
moz,1981,2.259999990463257
moz,1982,2.380000114440918
moz,1983,2.509999990463257
moz,1984,2.630000114440918
moz,1985,2.759999990463257
moz,1986,2.859999895095825
moz,1987,2.940000057220459
moz,1988,3.0
moz,1989,3.089999914169312
moz,1990,3.180000066757202
moz,1991,3.289999961853027
moz,1992,3.349999904632568
moz,1993,3.400000095367432
moz,1994,3.470000028610229
moz,1995,3.599999904632568
moz,1996,3.819999933242798
moz,1997,4.03000020980835
moz,1998,4.28000020980835
moz,1999,4.559999942779541
moz,2000,4.889999866485596
moz,2001,5.260000228881836
moz,2002,5.599999904632568
moz,2003,5.949999809265137
moz,2004,6.349999904632568
moz,2005,6.690000057220459
moz,2006,7.070000171661377
moz,2007,7.389999866485596
moz,2008,7.880000114440918
moz,2009,8.420000076293945
moz,2010,9.020000457763672
moz,2011,9.579999923706056
moz,2012,10.06999969482422
moz,2013,10.42000007629395
moz,2014,10.73999977111816
moz,2015,11.15999984741211
moz,2016,11.64999961853027
moz,2017,12.25
moz,2018,12.98999977111816
moz,2019,13.85000038146973
moz,2020,14.85000038146973
moz,2021,15.97000026702881
moz,2022,17.06999969482422
moz,2023,18.01000022888184
moz,2024,18.78000068664551
moz,2025,19.38999938964844
mrt,1981,14.81999969482422
mrt,1982,15.28999996185303
mrt,1983,15.69999980926514
mrt,1984,16.13999938964844
mrt,1985,16.6200008392334
mrt,1986,17.04000091552734
mrt,1987,17.47999954223633
mrt,1988,17.84000015258789
mrt,1989,18.13999938964844
mrt,1990,18.46999931335449
mrt,1991,18.95999908447266
mrt,1992,19.32999992370605
mrt,1993,19.72999954223633
mrt,1994,20.07999992370605
mrt,1995,20.34000015258789
mrt,1996,20.69000053405762
mrt,1997,20.98999977111816
mrt,1998,21.38999938964844
mrt,1999,21.69000053405762
mrt,2000,21.90999984741211
mrt,2001,22.26000022888184
mrt,2002,22.70999908447266
mrt,2003,23.20000076293945
mrt,2004,23.64999961853027
mrt,2005,24.02000045776367
mrt,2006,24.44000053405762
mrt,2007,24.64999961853027
mrt,2008,24.89999961853027
mrt,2009,25.25
mrt,2010,26.07999992370605
mrt,2011,27.3700008392334
mrt,2012,29.09000015258789
mrt,2013,30.95999908447266
mrt,2014,32.84999847412109
mrt,2015,34.61000061035156
mrt,2016,35.97000122070313
mrt,2017,36.90000152587891
mrt,2018,37.43999862670898
mrt,2019,37.90000152587891
mrt,2020,38.36000061035156
mrt,2021,38.86999893188477
mrt,2022,39.47000122070313
mrt,2023,40.18000030517578
mrt,2024,40.86000061035156
mrt,2025,41.63999938964844
mus,1981,47.81999969482422
mus,1982,48.40000152587891
mus,1983,48.77999877929688
mus,1984,49.02999877929688
mus,1985,49.31999969482422
mus,1986,50.02999877929688
mus,1987,51.06000137329102
mus,1988,52.06000137329102
mus,1989,52.86000061035156
mus,1990,53.77000045776367
mus,1991,54.90000152587891
mus,1992,55.90999984741211
mus,1993,56.56999969482422
mus,1994,57.04999923706055
mus,1995,58.02000045776367
mus,1996,59.2400016784668
mus,1997,60.88999938964844
mus,1998,62.7400016784668
mus,1999,64.98999786376953
mus,2000,67.33000183105469
mus,2001,69.51000213623047
mus,2002,71.52999877929688
mus,2003,73.43000030517578
mus,2004,75.44999694824219
mus,2005,77.68000030517578
mus,2006,80.05000305175781
mus,2007,82.43000030517578
mus,2008,84.44000244140625
mus,2009,85.9000015258789
mus,2010,86.63999938964844
mus,2011,86.80999755859375
mus,2012,86.91000366210938
mus,2013,87.13999938964844
mus,2014,87.6500015258789
mus,2015,88.2300033569336
mus,2016,88.87000274658203
mus,2017,89.38999938964844
mus,2018,89.98999786376953
mus,2019,90.55999755859376
mus,2020,91.05999755859376
mus,2021,91.59999847412108
mus,2022,92.12999725341795
mus,2023,92.66999816894533
mus,2024,93.06999969482422
mus,2025,93.47000122070312
mwi,1981,5.889999866485596
mwi,1982,6.130000114440918
mwi,1983,6.369999885559082
mwi,1984,6.599999904632568
mwi,1985,6.800000190734863
mwi,1986,7.050000190734863
mwi,1987,7.329999923706055
mwi,1988,7.659999847412109
mwi,1989,8.020000457763672
mwi,1990,8.430000305175781
mwi,1991,8.989999771118164
mwi,1992,9.729999542236328
mwi,1993,10.63000011444092
mwi,1994,11.60000038146973
mwi,1995,12.57999992370605
mwi,1996,13.47999954223633
mwi,1997,14.26000022888184
mwi,1998,14.78999996185303
mwi,1999,15.06999969482422
mwi,2000,15.09000015258789
mwi,2001,15.17000007629395
mwi,2002,15.31999969482422
mwi,2003,15.77000045776367
mwi,2004,16.32999992370605
mwi,2005,17.06999969482422
mwi,2006,17.93000030517578
mwi,2007,19.01000022888184
mwi,2008,19.78000068664551
mwi,2009,20.28000068664551
mwi,2010,20.29000091552734
mwi,2011,20.17000007629395
mwi,2012,20.0
mwi,2013,19.82999992370605
mwi,2014,19.79999923706055
mwi,2015,20.18000030517578
mwi,2016,21.19000053405762
mwi,2017,22.68000030517578
mwi,2018,24.09000015258789
mwi,2019,25.21999931335449
mwi,2020,26.09000015258789
mwi,2021,26.79000091552734
mwi,2022,27.55999946594238
mwi,2023,28.31999969482422
mwi,2024,29.04000091552734
mwi,2025,29.76000022888184
mys,1981,44.40999984741211
mys,1982,45.88999938964844
mys,1983,47.34999847412109
mys,1984,48.70000076293945
mys,1985,49.72000122070313
mys,1986,50.65999984741211
mys,1987,51.52999877929688
mys,1988,52.43999862670898
mys,1989,53.22999954223633
mys,1990,54.15000152587891
mys,1991,55.08000183105469
mys,1992,56.22000122070313
mys,1993,57.59000015258789
mys,1994,59.40999984741211
mys,1995,61.61000061035156
mys,1996,64.13999938964844
mys,1997,67.05999755859375
mys,1998,70.5199966430664
mys,1999,74.22000122070312
mys,2000,77.70999908447266
mys,2001,80.61000061035156
mys,2002,82.80000305175781
mys,2003,84.66000366210938
mys,2004,86.19999694824219
mys,2005,87.4800033569336
mys,2006,88.62999725341797
mys,2007,89.69999694824219
mys,2008,90.7699966430664
mys,2009,91.70999908447266
mys,2010,92.51000213623048
mys,2011,93.26000213623048
mys,2012,93.9499969482422
mys,2013,94.54000091552734
mys,2014,95.0
mys,2015,95.5199966430664
mys,2016,95.98999786376952
mys,2017,96.44000244140624
mys,2018,96.90000152587892
mys,2019,97.19000244140624
mys,2020,97.5500030517578
mys,2021,97.79000091552734
mys,2022,98.05999755859376
mys,2023,98.3000030517578
mys,2024,98.5
mys,2025,98.6999969482422
nam,1981,24.43000030517578
nam,1982,24.96999931335449
nam,1983,25.46999931335449
nam,1984,26.17000007629395
nam,1985,26.79999923706055
nam,1986,27.40999984741211
nam,1987,28.02000045776367
nam,1988,28.68000030517578
nam,1989,29.56999969482422
nam,1990,30.6200008392334
nam,1991,31.68000030517578
nam,1992,32.65000152587891
nam,1993,33.47000122070313
nam,1994,34.18000030517578
nam,1995,34.93999862670898
nam,1996,35.77000045776367
nam,1997,36.5099983215332
nam,1998,37.0
nam,1999,37.16999816894531
nam,2000,37.15000152587891
nam,2001,37.33000183105469
nam,2002,37.70999908447266
nam,2003,38.45000076293945
nam,2004,39.27000045776367
nam,2005,40.29999923706055
nam,2006,41.47999954223633
nam,2007,42.70999908447266
nam,2008,44.04999923706055
nam,2009,45.2400016784668
nam,2010,46.25
nam,2011,46.88000106811523
nam,2012,47.31999969482422
nam,2013,47.7599983215332
nam,2014,48.31999969482422
nam,2015,49.0099983215332
nam,2016,49.77000045776367
nam,2017,50.40000152587891
nam,2018,51.06999969482422
nam,2019,51.79999923706055
nam,2020,52.52999877929688
nam,2021,53.20999908447266
nam,2022,53.88999938964844
nam,2023,54.61999893188477
nam,2024,55.36000061035156
nam,2025,56.15000152587891
ner,1981,6.659999847412109
ner,1982,6.46999979019165
ner,1983,6.21999979019165
ner,1984,5.949999809265137
ner,1985,5.670000076293945
ner,1986,5.400000095367432
ner,1987,5.179999828338623
ner,1988,4.880000114440918
ner,1989,4.670000076293945
ner,1990,4.539999961853027
ner,1991,4.539999961853027
ner,1992,4.650000095367432
ner,1993,4.78000020980835
ner,1994,4.849999904632568
ner,1995,4.909999847412109
ner,1996,4.909999847412109
ner,1997,4.920000076293945
ner,1998,4.940000057220459
ner,1999,5.010000228881836
ner,2000,5.090000152587891
ner,2001,5.199999809265137
ner,2002,5.309999942779541
ner,2003,5.489999771118164
ner,2004,5.760000228881836
ner,2005,6.059999942779541
ner,2006,6.369999885559082
ner,2007,6.71999979019165
ner,2008,7.059999942779541
ner,2009,7.440000057220459
ner,2010,7.860000133514404
ner,2011,8.529999732971191
ner,2012,9.420000076293944
ner,2013,10.67000007629395
ner,2014,12.27999973297119
ner,2015,14.35999965667725
ner,2016,16.77000045776367
ner,2017,19.54000091552734
ner,2018,22.5
ner,2019,25.36000061035156
ner,2020,27.88999938964844
ner,2021,30.39999961853027
ner,2022,32.47000122070313
ner,2023,34.56000137329102
ner,2024,36.31999969482422
ner,2025,38.25
nga,1981,33.68999862670898
nga,1982,34.43000030517578
nga,1983,35.11000061035156
nga,1984,35.84000015258789
nga,1985,36.40999984741211
nga,1986,37.06000137329102
nga,1987,37.61000061035156
nga,1988,38.25
nga,1989,39.04999923706055
nga,1990,39.93999862670898
nga,1991,40.9900016784668
nga,1992,42.02000045776367
nga,1993,43.02999877929688
nga,1994,44.06000137329102
nga,1995,45.13000106811523
nga,1996,46.20000076293945
nga,1997,47.22999954223633
nga,1998,48.5
nga,1999,50.04999923706055
nga,2000,51.88999938964844
nga,2001,53.81000137329102
nga,2002,55.45000076293945
nga,2003,57.0099983215332
nga,2004,58.38000106811523
nga,2005,59.34999847412109
nga,2006,59.97000122070313
nga,2007,60.11999893188477
nga,2008,60.13000106811523
nga,2009,60.09999847412109
nga,2010,60.2400016784668
nga,2011,60.54999923706055
nga,2012,60.7599983215332
nga,2013,60.81000137329102
nga,2014,60.91999816894531
nga,2015,61.36000061035156
nga,2016,62.08000183105469
nga,2017,62.65999984741211
nga,2018,63.09000015258789
nga,2019,63.40000152587891
nga,2020,63.81999969482422
nga,2021,64.30999755859375
nga,2022,64.8499984741211
nga,2023,65.43000030517578
nga,2024,66.11000061035156
nga,2025,66.83000183105469
nic,1981,24.63999938964844
nic,1982,25.04000091552734
nic,1983,25.51000022888184
nic,1984,25.79999923706055
nic,1985,26.09000015258789
nic,1986,26.52000045776367
nic,1987,26.81999969482422
nic,1988,26.88999938964844
nic,1989,26.67000007629395
nic,1990,26.6200008392334
nic,1991,27.03000068664551
nic,1992,27.53000068664551
nic,1993,28.04000091552734
nic,1994,28.25
nic,1995,28.69000053405762
nic,1996,29.47999954223633
nic,1997,30.59000015258789
nic,1998,31.6299991607666
nic,1999,32.40000152587891
nic,2000,33.02999877929688
nic,2001,33.97000122070313
nic,2002,34.95000076293945
nic,2003,36.22000122070313
nic,2004,37.36000061035156
nic,2005,38.54000091552734
nic,2006,39.59000015258789
nic,2007,40.34000015258789
nic,2008,40.9900016784668
nic,2009,41.65999984741211
nic,2010,42.29999923706055
nic,2011,42.90000152587891
nic,2012,43.52999877929688
nic,2013,44.06000137329102
nic,2014,44.72999954223633
nic,2015,45.38000106811523
nic,2016,45.93999862670898
nic,2017,46.4900016784668
nic,2018,47.02000045776367
nic,2019,47.66999816894531
nic,2020,48.15999984741211
nic,2021,48.77999877929688
nic,2022,49.43000030517578
nic,2023,50.06000137329102
nic,2024,50.66999816894531
nic,2025,51.27999877929688
nld,1981,86.26000213623047
nld,1982,86.38999938964844
nld,1983,86.41999816894531
nld,1984,86.56999969482422
nld,1985,86.69999694824219
nld,1986,86.8499984741211
nld,1987,86.94999694824219
nld,1988,87.11000061035156
nld,1989,87.19000244140625
nld,1990,87.18000030517578
nld,1991,87.19999694824219
nld,1992,87.25
nld,1993,87.33999633789062
nld,1994,87.41999816894531
nld,1995,87.55999755859375
nld,1996,87.63999938964844
nld,1997,87.80999755859375
nld,1998,87.95999908447266
nld,1999,88.0199966430664
nld,2000,88.11000061035156
nld,2001,88.26000213623047
nld,2002,88.45999908447266
nld,2003,88.75
nld,2004,89.16999816894531
nld,2005,89.58000183105469
nld,2006,89.87000274658203
nld,2007,89.9800033569336
nld,2008,90.05000305175781
nld,2009,90.08000183105467
nld,2010,90.11000061035156
nld,2011,90.11000061035156
nld,2012,90.04000091552734
nld,2013,89.80000305175781
nld,2014,89.47000122070312
nld,2015,89.02999877929688
nld,2016,88.7300033569336
nld,2017,88.55000305175781
nld,2018,88.41999816894531
nld,2019,88.41000366210938
nld,2020,88.4800033569336
nld,2021,88.61000061035156
nld,2022,88.76000213623047
nld,2023,88.91000366210938
nld,2024,89.05000305175781
nld,2025,89.22000122070312
nor,1981,99.31999969482422
nor,1982,99.33999633789064
nor,1983,99.34999847412108
nor,1984,99.38999938964844
nor,1985,99.41000366210938
nor,1986,99.43000030517578
nor,1987,99.4499969482422
nor,1988,99.47000122070312
nor,1989,99.4800033569336
nor,1990,99.4800033569336
nor,1991,99.47000122070312
nor,1992,99.47000122070312
nor,1993,99.4800033569336
nor,1994,99.4800033569336
nor,1995,99.48999786376952
nor,1996,99.48999786376952
nor,1997,99.48999786376952
nor,1998,99.48999786376952
nor,1999,99.4800033569336
nor,2000,99.4800033569336
nor,2001,99.4800033569336
nor,2002,99.4800033569336
nor,2003,99.4800033569336
nor,2004,99.48999786376952
nor,2005,99.5
nor,2006,99.51000213623048
nor,2007,99.5199966430664
nor,2008,99.5199966430664
nor,2009,99.52999877929688
nor,2010,99.52999877929688
nor,2011,99.54000091552734
nor,2012,99.5500030517578
nor,2013,99.56999969482422
nor,2014,99.58000183105467
nor,2015,99.59999847412108
nor,2016,99.62000274658205
nor,2017,99.65000152587892
nor,2018,99.66999816894533
nor,2019,99.69000244140624
nor,2020,99.70999908447266
nor,2021,99.7300033569336
nor,2022,99.75
nor,2023,99.76000213623048
nor,2024,99.7699966430664
nor,2025,99.8000030517578
npl,1981,9.770000457763672
npl,1982,10.59000015258789
npl,1983,11.55000019073486
npl,1984,12.53999996185303
npl,1985,13.52000045776367
npl,1986,14.46000003814697
npl,1987,15.34000015258789
npl,1988,16.17000007629395
npl,1989,17.02000045776367
npl,1990,17.71999931335449
npl,1991,18.6299991607666
npl,1992,19.75
npl,1993,20.92000007629395
npl,1994,21.90999984741211
npl,1995,22.84000015258789
npl,1996,23.78000068664551
npl,1997,25.03000068664551
npl,1998,26.03000068664551
npl,1999,26.8700008392334
npl,2000,27.67000007629395
npl,2001,29.1299991607666
npl,2002,31.14999961853027
npl,2003,33.43999862670898
npl,2004,35.65999984741211
npl,2005,38.0099983215332
npl,2006,40.72000122070313
npl,2007,43.68000030517578
npl,2008,46.61999893188477
npl,2009,49.34999847412109
npl,2010,51.72000122070313
npl,2011,54.06999969482422
npl,2012,56.47000122070313
npl,2013,58.83000183105469
npl,2014,61.0
npl,2015,62.88000106811523
npl,2016,64.54000091552734
npl,2017,66.19000244140625
npl,2018,68.01000213623047
npl,2019,70.20999908447266
npl,2020,72.73999786376953
npl,2021,75.37999725341797
npl,2022,77.77999877929688
npl,2023,79.72000122070312
npl,2024,81.27999877929688
npl,2025,82.62999725341797
nru,1981,45.9900016784668
nru,1982,46.54999923706055
nru,1983,47.09999847412109
nru,1984,47.52000045776367
nru,1985,48.43000030517578
nru,1986,48.95999908447266
nru,1987,49.56000137329102
nru,1988,50.06000137329102
nru,1989,50.59999847412109
nru,1990,51.13000106811523
nru,1991,51.65000152587891
nru,1992,52.13999938964844
nru,1993,52.81000137329102
nru,1994,53.31999969482422
nru,1995,53.77000045776367
nru,1996,54.33000183105469
nru,1997,54.91999816894531
nru,1998,55.43000030517578
nru,1999,56.04999923706055
nru,2000,56.68000030517578
nru,2001,57.27999877929688
nru,2002,57.7400016784668
nru,2003,58.20000076293945
nru,2004,58.75
nru,2005,59.34999847412109
nru,2006,59.90000152587891
nru,2007,60.59000015258789
nru,2008,61.2599983215332
nru,2009,62.06000137329102
nru,2010,62.72000122070313
nru,2011,63.61000061035156
nru,2012,64.30000305175781
nru,2013,65.11000061035156
nru,2014,65.58999633789062
nru,2015,66.12999725341797
nru,2016,66.5999984741211
nru,2017,66.94000244140625
nru,2018,67.18000030517578
nru,2019,67.61000061035156
nru,2020,67.9800033569336
nru,2021,68.61000061035156
nru,2022,69.13999938964844
nru,2023,69.70999908447266
nru,2024,70.31999969482422
nru,2025,70.75
pak,1981,20.39999961853027
pak,1982,21.05999946594238
pak,1983,21.67000007629395
pak,1984,22.20999908447266
pak,1985,22.76000022888184
pak,1986,23.35000038146973
pak,1987,24.03000068664551
pak,1988,24.72999954223633
pak,1989,25.5
pak,1990,26.18000030517578
pak,1991,26.81999969482422
pak,1992,27.42000007629395
pak,1993,28.05999946594238
pak,1994,28.86000061035156
pak,1995,29.6200008392334
pak,1996,30.3799991607666
pak,1997,31.05999946594238
pak,1998,31.80999946594238
pak,1999,32.34999847412109
pak,2000,32.72000122070313
pak,2001,32.95999908447266
pak,2002,33.45999908447266
pak,2003,34.13999938964844
pak,2004,34.90999984741211
pak,2005,35.56999969482422
pak,2006,36.34999847412109
pak,2007,37.20000076293945
pak,2008,38.18999862670898
pak,2009,39.09000015258789
pak,2010,39.97999954223633
pak,2011,40.79000091552734
pak,2012,41.84999847412109
pak,2013,42.93999862670898
pak,2014,44.04000091552734
pak,2015,45.0099983215332
pak,2016,46.11000061035156
pak,2017,47.36000061035156
pak,2018,48.68999862670898
pak,2019,50.04999923706055
pak,2020,51.29999923706055
pak,2021,52.34000015258789
pak,2022,53.15999984741211
pak,2023,54.09999847412109
pak,2024,55.04000091552734
pak,2025,55.88999938964844
pan,1981,57.2400016784668
pan,1982,57.79000091552734
pan,1983,58.06000137329102
pan,1984,57.79000091552734
pan,1985,57.56999969482422
pan,1986,57.43999862670898
pan,1987,57.65000152587891
pan,1988,57.95000076293945
pan,1989,58.5
pan,1990,58.95999908447266
pan,1991,59.25
pan,1992,59.34999847412109
pan,1993,59.52000045776367
pan,1994,59.90000152587891
pan,1995,60.25
pan,1996,61.02000045776367
pan,1997,61.65000152587891
pan,1998,62.36999893188477
pan,1999,63.25
pan,2000,64.48999786376953
pan,2001,65.66000366210938
pan,2002,66.30999755859375
pan,2003,66.72000122070312
pan,2004,67.33999633789062
pan,2005,68.16999816894531
pan,2006,69.20999908447266
pan,2007,70.19999694824219
pan,2008,71.0999984741211
pan,2009,71.62999725341797
pan,2010,72.08000183105469
pan,2011,72.48999786376953
pan,2012,73.12999725341797
pan,2013,73.6500015258789
pan,2014,74.16000366210938
pan,2015,74.61000061035156
pan,2016,75.02999877929688
pan,2017,75.45999908447266
pan,2018,75.93000030517578
pan,2019,76.3499984741211
pan,2020,76.7699966430664
pan,2021,77.11000061035156
pan,2022,77.55000305175781
pan,2023,77.93000030517578
pan,2024,78.37000274658203
pan,2025,78.76000213623047
per,1981,50.2599983215332
per,1982,51.41999816894531
per,1983,52.52000045776367
per,1984,53.65999984741211
per,1985,54.88999938964844
per,1986,55.9900016784668
per,1987,57.06000137329102
per,1988,58.22999954223633
per,1989,59.45000076293945
per,1990,60.68000030517578
per,1991,61.91999816894531
per,1992,62.77999877929688
per,1993,63.5
per,1994,63.88999938964844
per,1995,64.63999938964844
per,1996,65.55999755859375
per,1997,66.8499984741211
per,1998,68.12999725341797
per,1999,69.16999816894531
per,2000,69.95999908447266
per,2001,70.62000274658203
per,2002,71.48999786376953
per,2003,72.69000244140625
per,2004,74.02999877929688
per,2005,75.5199966430664
per,2006,76.86000061035156
per,2007,77.83999633789062
per,2008,78.77999877929688
per,2009,79.6500015258789
per,2010,80.56999969482422
per,2011,81.26000213623047
per,2012,81.93000030517578
per,2013,82.86000061035156
per,2014,84.12000274658203
per,2015,85.37999725341797
per,2016,86.79000091552734
per,2017,87.98999786376953
per,2018,89.13999938964844
per,2019,89.94999694824219
per,2020,90.65000152587892
per,2021,91.22000122070312
per,2022,91.68000030517578
per,2023,92.18000030517578
per,2024,92.62999725341795
per,2025,93.06999969482422
phl,1981,50.22999954223633
phl,1982,51.41999816894531
phl,1983,52.79000091552734
phl,1984,53.83000183105469
phl,1985,54.52000045776367
phl,1986,55.09999847412109
phl,1987,55.31999969482422
phl,1988,55.81000137329102
phl,1989,56.43999862670898
phl,1990,57.34999847412109
phl,1991,58.2599983215332
phl,1992,59.0
phl,1993,60.04000091552734
phl,1994,61.02000045776367
phl,1995,62.09999847412109
phl,1996,63.27000045776367
phl,1997,64.0199966430664
phl,1998,64.8499984741211
phl,1999,65.37000274658203
phl,2000,66.1500015258789
phl,2001,66.79000091552734
phl,2002,67.23999786376953
phl,2003,67.5199966430664
phl,2004,67.61000061035156
phl,2005,67.66000366210938
phl,2006,67.94999694824219
phl,2007,68.37000274658203
phl,2008,68.87999725341797
phl,2009,69.44999694824219
phl,2010,70.20999908447266
phl,2011,70.88999938964844
phl,2012,71.62000274658203
phl,2013,72.2699966430664
phl,2014,73.33000183105469
phl,2015,74.1500015258789
phl,2016,75.04000091552734
phl,2017,75.83000183105469
phl,2018,76.97000122070312
phl,2019,78.43000030517578
phl,2020,79.8499984741211
phl,2021,80.87999725341797
phl,2022,81.61000061035156
phl,2023,82.13999938964844
phl,2024,82.62999725341797
phl,2025,83.12000274658203
png,1981,15.59000015258789
png,1982,16.0
png,1983,16.34000015258789
png,1984,16.57999992370605
png,1985,16.71999931335449
png,1986,16.89999961853027
png,1987,17.01000022888184
png,1988,17.18000030517578
png,1989,17.07999992370605
png,1990,17.32999992370605
png,1991,17.72999954223633
png,1992,18.46999931335449
png,1993,19.13999938964844
png,1994,19.97999954223633
png,1995,20.79000091552734
png,1996,21.79999923706055
png,1997,22.90999984741211
png,1998,24.19000053405762
png,1999,25.6200008392334
png,2000,27.32999992370605
png,2001,28.88999938964844
png,2002,30.15999984741211
png,2003,31.04000091552734
png,2004,31.78000068664551
png,2005,32.45999908447266
png,2006,32.95999908447266
png,2007,33.22000122070313
png,2008,33.18000030517578
png,2009,33.13999938964844
png,2010,33.2599983215332
png,2011,33.61999893188477
png,2012,34.0
png,2013,34.18999862670898
png,2014,34.20999908447266
png,2015,33.88999938964844
png,2016,33.52999877929688
png,2017,33.22000122070313
png,2018,33.34999847412109
png,2019,33.63000106811523
png,2020,34.08000183105469
png,2021,34.56999969482422
png,2022,35.04000091552734
png,2023,35.68999862670898
png,2024,36.2400016784668
png,2025,36.84999847412109
pol,1981,90.23999786376952
pol,1982,90.5500030517578
pol,1983,90.83999633789064
pol,1984,91.06999969482422
pol,1985,91.18000030517578
pol,1986,91.27999877929688
pol,1987,91.34999847412108
pol,1988,91.47000122070312
pol,1989,91.62000274658205
pol,1990,91.7300033569336
pol,1991,91.6999969482422
pol,1992,91.63999938964844
pol,1993,91.62999725341795
pol,1994,91.87000274658205
pol,1995,92.26000213623048
pol,1996,92.65000152587892
pol,1997,92.91999816894533
pol,1998,93.13999938964844
pol,1999,93.34999847412108
pol,2000,93.5500030517578
pol,2001,93.86000061035156
pol,2002,94.23999786376952
pol,2003,94.76000213623048
pol,2004,95.38999938964844
pol,2005,96.12000274658205
pol,2006,96.66999816894533
pol,2007,96.98999786376952
pol,2008,97.12000274658205
pol,2009,97.1999969482422
pol,2010,97.33000183105467
pol,2011,97.45999908447266
pol,2012,97.58999633789064
pol,2013,97.7300033569336
pol,2014,97.84999847412108
pol,2015,97.93000030517578
pol,2016,98.04000091552734
pol,2017,98.12999725341795
pol,2018,98.22000122070312
pol,2019,98.31999969482422
pol,2020,98.43000030517578
pol,2021,98.5199966430664
pol,2022,98.59999847412108
pol,2023,98.68000030517578
pol,2024,98.75
pol,2025,98.83000183105467
prt,1981,37.63000106811523
prt,1982,39.11999893188477
prt,1983,40.54999923706055
prt,1984,41.95000076293945
prt,1985,43.31000137329102
prt,1986,44.77999877929688
prt,1987,46.47999954223633
prt,1988,48.66999816894531
prt,1989,51.15000152587891
prt,1990,53.56999969482422
prt,1991,55.61999893188477
prt,1992,57.79000091552734
prt,1993,60.18000030517578
prt,1994,62.61000061035156
prt,1995,65.12000274658203
prt,1996,67.63999938964844
prt,1997,70.1500015258789
prt,1998,72.48999786376953
prt,1999,74.72000122070312
prt,2000,76.94000244140625
prt,2001,78.75
prt,2002,79.72000122070312
prt,2003,80.11000061035156
prt,2004,80.37000274658203
prt,2005,81.01000213623047
prt,2006,81.77999877929688
prt,2007,82.80999755859375
prt,2008,83.87999725341797
prt,2009,84.95999908447266
prt,2010,85.95999908447266
prt,2011,86.66000366210938
prt,2012,87.33999633789062
prt,2013,87.97000122070312
prt,2014,88.7300033569336
prt,2015,89.3499984741211
prt,2016,89.80000305175781
prt,2017,90.18000030517578
prt,2018,90.63999938964844
prt,2019,91.18000030517578
prt,2020,91.70999908447266
prt,2021,92.2699966430664
prt,2022,92.87999725341795
prt,2023,93.47000122070312
prt,2024,93.9800033569336
prt,2025,94.44000244140624
pry,1981,37.84000015258789
pry,1982,38.83000183105469
pry,1983,39.7599983215332
pry,1984,40.7599983215332
pry,1985,41.65000152587891
pry,1986,42.38999938964844
pry,1987,43.02999877929688
pry,1988,43.58000183105469
pry,1989,44.2599983215332
pry,1990,44.97999954223633
pry,1991,45.75
pry,1992,46.56999969482422
pry,1993,47.54000091552734
pry,1994,48.75
pry,1995,50.02000045776367
pry,1996,51.36999893188477
pry,1997,52.77999877929688
pry,1998,54.27000045776367
pry,1999,55.59000015258789
pry,2000,56.72000122070313
pry,2001,57.66999816894531
pry,2002,58.18000030517578
pry,2003,58.84000015258789
pry,2004,59.65000152587891
pry,2005,60.88999938964844
pry,2006,61.97999954223633
pry,2007,63.0099983215332
pry,2008,63.88000106811523
pry,2009,64.75
pry,2010,65.75
pry,2011,66.94000244140625
pry,2012,68.16000366210938
pry,2013,69.45999908447266
pry,2014,70.7699966430664
pry,2015,72.05999755859375
pry,2016,73.2699966430664
pry,2017,74.44999694824219
pry,2018,75.86000061035156
pry,2019,77.16999816894531
pry,2020,78.26000213623047
pry,2021,79.0999984741211
pry,2022,79.86000061035156
pry,2023,80.63999938964844
pry,2024,81.4000015258789
pry,2025,82.05999755859375
pse,1981,28.55999946594238
pse,1982,30.04000091552734
pse,1983,31.72999954223633
pse,1984,33.5
pse,1985,35.29999923706055
pse,1986,37.04999923706055
pse,1987,38.75
pse,1988,40.47000122070313
pse,1989,42.33000183105469
pse,1990,44.31000137329102
pse,1991,46.25
pse,1992,48.2400016784668
pse,1993,50.16999816894531
pse,1994,51.95999908447266
pse,1995,53.65000152587891
pse,1996,54.90000152587891
pse,1997,56.22000122070313
pse,1998,57.27000045776367
pse,1999,58.81000137329102
pse,2000,60.36000061035156
pse,2001,62.18000030517578
pse,2002,64.20999908447266
pse,2003,66.4000015258789
pse,2004,68.8499984741211
pse,2005,71.58000183105469
pse,2006,74.18000030517578
pse,2007,76.58000183105469
pse,2008,78.69999694824219
pse,2009,80.47000122070312
pse,2010,81.86000061035156
pse,2011,83.02999877929688
pse,2012,84.06999969482422
pse,2013,85.08999633789062
pse,2014,86.19999694824219
pse,2015,87.23999786376953
pse,2016,88.26000213623047
pse,2017,89.19000244140625
pse,2018,90.04000091552734
pse,2019,90.87000274658205
pse,2020,91.65000152587892
pse,2021,92.41999816894533
pse,2022,93.09999847412108
pse,2023,93.69000244140624
pse,2024,94.3000030517578
pse,2025,94.84999847412108
qat,1981,76.19999694824219
qat,1982,76.86000061035156
qat,1983,77.37999725341797
qat,1984,77.9000015258789
qat,1985,78.5999984741211
qat,1986,79.5199966430664
qat,1987,80.08999633789062
qat,1988,80.58000183105469
qat,1989,80.94999694824219
qat,1990,81.27999877929688
qat,1991,81.55000305175781
qat,1992,81.7300033569336
qat,1993,81.58999633789062
qat,1994,81.19000244140625
qat,1995,80.62999725341797
qat,1996,80.0
qat,1997,79.5999984741211
qat,1998,79.31999969482422
qat,1999,79.12000274658203
qat,2000,79.12000274658203
qat,2001,79.48999786376953
qat,2002,80.12000274658203
qat,2003,80.88999938964844
qat,2004,81.7699966430664
qat,2005,82.66999816894531
qat,2006,83.55000305175781
qat,2007,84.43000030517578
qat,2008,85.29000091552734
qat,2009,86.26000213623047
qat,2010,87.33000183105469
qat,2011,88.55999755859375
qat,2012,89.80999755859375
qat,2013,90.9499969482422
qat,2014,92.06999969482422
qat,2015,93.1999969482422
qat,2016,94.2699966430664
qat,2017,95.38999938964844
qat,2018,96.48999786376952
qat,2019,97.48999786376952
qat,2020,98.33999633789064
qat,2021,99.0199966430664
qat,2022,99.54000091552734
qat,2023,99.84999847412108
qat,2024,99.98999786376952
qat,2025,100.0
rou,1981,96.37999725341795
rou,1982,96.44000244140624
rou,1983,96.5199966430664
rou,1984,96.58000183105467
rou,1985,96.58999633789064
rou,1986,96.59999847412108
rou,1987,96.52999877929688
rou,1988,96.41000366210938
rou,1989,96.22000122070312
rou,1990,96.0
rou,1991,95.75
rou,1992,95.40000152587892
rou,1993,95.0
rou,1994,94.54000091552734
rou,1995,93.9800033569336
rou,1996,93.43000030517578
rou,1997,92.98999786376952
rou,1998,92.80999755859376
rou,1999,92.73999786376952
rou,2000,92.7300033569336
rou,2001,92.86000061035156
rou,2002,93.18000030517578
rou,2003,93.41000366210938
rou,2004,93.4499969482422
rou,2005,93.48999786376952
rou,2006,93.54000091552734
rou,2007,93.63999938964844
rou,2008,93.68000030517578
rou,2009,93.63999938964844
rou,2010,93.4800033569336
rou,2011,93.26000213623048
rou,2012,93.12999725341795
rou,2013,93.12000274658205
rou,2014,93.15000152587892
rou,2015,93.08999633789064
rou,2016,92.95999908447266
rou,2017,92.87000274658205
rou,2018,92.79000091552734
rou,2019,92.80999755859376
rou,2020,92.81999969482422
rou,2021,92.90000152587892
rou,2022,92.94000244140624
rou,2023,93.0199966430664
rou,2024,93.12999725341795
rou,2025,93.22000122070312
rus,1981,94.83000183105467
rus,1982,95.04000091552734
rus,1983,95.19000244140624
rus,1984,95.38999938964844
rus,1985,95.58999633789064
rus,1986,95.73999786376952
rus,1987,95.91000366210938
rus,1988,96.0500030517578
rus,1989,96.20999908447266
rus,1990,96.33999633789064
rus,1991,96.4499969482422
rus,1992,96.58999633789064
rus,1993,96.77999877929688
rus,1994,97.0199966430664
rus,1995,97.29000091552734
rus,1996,97.5500030517578
rus,1997,97.8000030517578
rus,1998,98.0500030517578
rus,1999,98.22000122070312
rus,2000,98.33999633789064
rus,2001,98.41999816894533
rus,2002,98.51000213623048
rus,2003,98.58000183105467
rus,2004,98.61000061035156
rus,2005,98.62999725341795
rus,2006,98.65000152587892
rus,2007,98.76000213623048
rus,2008,98.90000152587892
rus,2009,99.05999755859376
rus,2010,99.1999969482422
rus,2011,99.30999755859376
rus,2012,99.40000152587892
rus,2013,99.43000030517578
rus,2014,99.44000244140624
rus,2015,99.44000244140624
rus,2016,99.45999908447266
rus,2017,99.4800033569336
rus,2018,99.51000213623048
rus,2019,99.5199966430664
rus,2020,99.52999877929688
rus,2021,99.54000091552734
rus,2022,99.55999755859376
rus,2023,99.58000183105467
rus,2024,99.61000061035156
rus,2025,99.65000152587892
rwa,1981,4.079999923706055
rwa,1982,4.400000095367432
rwa,1983,4.860000133514404
rwa,1984,5.460000038146973
rwa,1985,6.099999904632568
rwa,1986,6.619999885559082
rwa,1987,7.03000020980835
rwa,1988,7.320000171661377
rwa,1989,7.5
rwa,1990,7.460000038146973
rwa,1991,7.360000133514404
rwa,1992,7.269999980926514
rwa,1993,7.199999809265137
rwa,1994,7.070000171661377
rwa,1995,6.789999961853027
rwa,1996,6.420000076293945
rwa,1997,6.130000114440918
rwa,1998,6.010000228881836
rwa,1999,6.050000190734863
rwa,2000,6.300000190734863
rwa,2001,6.820000171661377
rwa,2002,7.489999771118164
rwa,2003,8.260000228881836
rwa,2004,9.0600004196167
rwa,2005,10.11999988555908
rwa,2006,11.4399995803833
rwa,2007,12.94999980926514
rwa,2008,14.53999996185303
rwa,2009,15.92000007629395
rwa,2010,16.95999908447266
rwa,2011,17.73999977111816
rwa,2012,18.47999954223633
rwa,2013,19.46999931335449
rwa,2014,20.65999984741211
rwa,2015,21.88999938964844
rwa,2016,23.02000045776367
rwa,2017,24.31999969482422
rwa,2018,25.77000045776367
rwa,2019,27.29000091552734
rwa,2020,28.8700008392334
rwa,2021,30.34000015258789
rwa,2022,31.67000007629395
rwa,2023,32.95000076293945
rwa,2024,34.18000030517578
rwa,2025,35.52999877929688
sdn,1981,22.13999938964844
sdn,1982,22.56999969482422
sdn,1983,23.07999992370605
sdn,1984,23.67000007629395
sdn,1985,24.29000091552734
sdn,1986,24.79000091552734
sdn,1987,25.29000091552734
sdn,1988,25.68000030517578
sdn,1989,26.20999908447266
sdn,1990,26.75
sdn,1991,27.52000045776367
sdn,1992,28.40999984741211
sdn,1993,29.3700008392334
sdn,1994,30.21999931335449
sdn,1995,31.0
sdn,1996,31.77000045776367
sdn,1997,32.47000122070313
sdn,1998,33.06000137329102
sdn,1999,33.56000137329102
sdn,2000,34.0099983215332
sdn,2001,34.47000122070313
sdn,2002,34.95000076293945
sdn,2003,35.43000030517578
sdn,2004,36.04999923706055
sdn,2005,36.65000152587891
sdn,2006,37.40000152587891
sdn,2007,38.18999862670898
sdn,2008,38.81999969482422
sdn,2009,39.18000030517578
sdn,2010,39.33000183105469
sdn,2011,39.29999923706055
sdn,2012,38.88999938964844
sdn,2013,38.43000030517578
sdn,2014,38.11000061035156
sdn,2015,38.09000015258789
sdn,2016,38.33000183105469
sdn,2017,38.66999816894531
sdn,2018,38.86000061035156
sdn,2019,39.02999877929688
sdn,2020,39.15000152587891
sdn,2021,39.2599983215332
sdn,2022,39.54999923706055
sdn,2023,39.88000106811523
sdn,2024,40.34000015258789
sdn,2025,40.79999923706055
sen,1981,5.039999961853027
sen,1982,5.389999866485596
sen,1983,5.789999961853027
sen,1984,6.159999847412109
sen,1985,6.570000171661377
sen,1986,7.0
sen,1987,7.369999885559082
sen,1988,7.679999828338623
sen,1989,7.929999828338623
sen,1990,8.069999694824219
sen,1991,8.109999656677246
sen,1992,8.0600004196167
sen,1993,8.020000457763672
sen,1994,8.020000457763672
sen,1995,8.050000190734863
sen,1996,8.130000114440918
sen,1997,8.319999694824219
sen,1998,8.510000228881836
sen,1999,8.640000343322754
sen,2000,8.710000038146973
sen,2001,8.899999618530273
sen,2002,9.279999732971191
sen,2003,9.720000267028809
sen,2004,10.27999973297119
sen,2005,10.96000003814697
sen,2006,11.89999961853027
sen,2007,13.06999969482422
sen,2008,14.43000030517578
sen,2009,15.85999965667725
sen,2010,17.35000038146973
sen,2011,18.80999946594238
sen,2012,20.21999931335449
sen,2013,21.34000015258789
sen,2014,22.31999969482422
sen,2015,23.34000015258789
sen,2016,24.67000007629395
sen,2017,26.06999969482422
sen,2018,27.39999961853027
sen,2019,28.63999938964844
sen,2020,29.97999954223633
sen,2021,31.55999946594238
sen,2022,33.36000061035156
sen,2023,35.29999923706055
sen,2024,37.06999969482422
sen,2025,38.63000106811523
sle,1981,9.260000228881836
sle,1982,9.460000038146973
sle,1983,9.75
sle,1984,10.03999996185303
sle,1985,10.22999954223633
sle,1986,10.35999965667725
sle,1987,10.32999992370605
sle,1988,10.27000045776367
sle,1989,10.10999965667725
sle,1990,10.0
sle,1991,9.829999923706056
sle,1992,9.68000030517578
sle,1993,9.609999656677246
sle,1994,9.550000190734863
sle,1995,9.510000228881836
sle,1996,9.550000190734863
sle,1997,9.68000030517578
sle,1998,10.01000022888184
sle,1999,10.47999954223633
sle,2000,11.13000011444092
sle,2001,11.98999977111816
sle,2002,13.18000030517578
sle,2003,14.64000034332275
sle,2004,16.28000068664551
sle,2005,18.15999984741211
sle,2006,20.10000038146973
sle,2007,22.06999969482422
sle,2008,24.1200008392334
sle,2009,26.32999992370605
sle,2010,28.69000053405762
sle,2011,31.07999992370605
sle,2012,33.22999954223633
sle,2013,35.09000015258789
sle,2014,36.72000122070313
sle,2015,38.31999969482422
sle,2016,39.7400016784668
sle,2017,41.02000045776367
sle,2018,41.83000183105469
sle,2019,42.20999908447266
sle,2020,42.66999816894531
sle,2021,43.22000122070313
sle,2022,44.02999877929688
sle,2023,44.93999862670898
sle,2024,45.91999816894531
sle,2025,46.93000030517578
slv,1981,32.68000030517578
slv,1982,33.63000106811523
slv,1983,34.52999877929688
slv,1984,35.54000091552734
slv,1985,36.52999877929688
slv,1986,37.47999954223633
slv,1987,38.36999893188477
slv,1988,39.25
slv,1989,40.20000076293945
slv,1990,41.09999847412109
slv,1991,42.09999847412109
slv,1992,43.11999893188477
slv,1993,43.95999908447266
slv,1994,44.88999938964844
slv,1995,45.5
slv,1996,46.18999862670898
slv,1997,46.88999938964844
slv,1998,47.81999969482422
slv,1999,48.7599983215332
slv,2000,49.97999954223633
slv,2001,50.95000076293945
slv,2002,52.06000137329102
slv,2003,53.27000045776367
slv,2004,55.15000152587891
slv,2005,57.08000183105469
slv,2006,58.97999954223633
slv,2007,60.56000137329102
slv,2008,62.13999938964844
slv,2009,63.63999938964844
slv,2010,65.05000305175781
slv,2011,66.44999694824219
slv,2012,67.81999969482422
slv,2013,69.04000091552734
slv,2014,69.83999633789062
slv,2015,70.3499984741211
slv,2016,70.81999969482422
slv,2017,71.45999908447266
slv,2018,72.12000274658203
slv,2019,72.81999969482422
slv,2020,73.62000274658203
slv,2021,74.45999908447266
slv,2022,75.33999633789062
slv,2023,76.08999633789062
slv,2024,76.98999786376953
slv,2025,77.7300033569336
som,1981,15.52999973297119
som,1982,15.6899995803833
som,1983,15.92000007629395
som,1984,16.06999969482422
som,1985,16.31999969482422
som,1986,16.53000068664551
som,1987,16.71999931335449
som,1988,16.79000091552734
som,1989,16.78000068664551
som,1990,16.68000030517578
som,1991,16.48999977111816
som,1992,16.13999938964844
som,1993,15.85000038146973
som,1994,15.52999973297119
som,1995,15.3100004196167
som,1996,15.19999980926514
som,1997,15.22000026702881
som,1998,15.36999988555908
som,1999,15.60999965667725
som,2000,15.9399995803833
som,2001,16.32999992370605
som,2002,16.69000053405762
som,2003,17.06999969482422
som,2004,17.43000030517578
som,2005,17.82999992370605
som,2006,18.15999984741211
som,2007,18.38999938964844
som,2008,18.67000007629395
som,2009,18.94000053405762
som,2010,19.20000076293945
som,2011,19.45999908447266
som,2012,19.63999938964844
som,2013,19.88999938964844
som,2014,20.23999977111816
som,2015,20.47999954223633
som,2016,20.61000061035156
som,2017,20.78000068664551
som,2018,21.03000068664551
som,2019,21.29000091552734
som,2020,21.54000091552734
som,2021,21.82999992370605
som,2022,22.04999923706055
som,2023,22.40999984741211
som,2024,22.65999984741211
som,2025,22.86000061035156
srb,1981,97.12000274658205
srb,1982,97.18000030517578
srb,1983,97.25
srb,1984,97.3000030517578
srb,1985,97.37000274658205
srb,1986,97.41999816894533
srb,1987,97.48999786376952
srb,1988,97.58999633789064
srb,1989,97.70999908447266
srb,1990,97.8000030517578
srb,1991,97.86000061035156
srb,1992,97.91999816894533
srb,1993,97.9499969482422
srb,1994,97.97000122070312
srb,1995,97.9800033569336
srb,1996,97.97000122070312
srb,1997,97.94000244140624
srb,1998,97.91000366210938
srb,1999,97.90000152587892
srb,2000,97.90000152587892
srb,2001,97.90000152587892
srb,2002,97.90000152587892
srb,2003,97.90000152587892
srb,2004,97.88999938964844
srb,2005,97.91000366210938
srb,2006,97.94000244140624
srb,2007,97.97000122070312
srb,2008,97.97000122070312
srb,2009,98.0
srb,2010,98.02999877929688
srb,2011,98.08000183105467
srb,2012,98.16000366210938
srb,2013,98.23999786376952
srb,2014,98.3000030517578
srb,2015,98.37000274658205
srb,2016,98.43000030517578
srb,2017,98.48999786376952
srb,2018,98.55999755859376
srb,2019,98.62000274658205
srb,2020,98.68000030517578
srb,2021,98.70999908447266
srb,2022,98.75
srb,2023,98.79000091552734
srb,2024,98.81999969482422
srb,2025,98.86000061035156
ssd,1981,2.690000057220459
ssd,1982,2.809999942779541
ssd,1983,2.960000038146973
ssd,1984,3.079999923706055
ssd,1985,3.190000057220459
ssd,1986,3.309999942779541
ssd,1987,3.460000038146973
ssd,1988,3.609999895095825
ssd,1989,3.730000019073486
ssd,1990,3.880000114440918
ssd,1991,4.039999961853027
ssd,1992,4.159999847412109
ssd,1993,4.320000171661377
ssd,1994,4.460000038146973
ssd,1995,4.610000133514404
ssd,1996,4.769999980926514
ssd,1997,4.989999771118164
ssd,1998,5.179999828338623
ssd,1999,5.409999847412109
ssd,2000,5.650000095367432
ssd,2001,5.989999771118164
ssd,2002,6.300000190734863
ssd,2003,6.610000133514404
ssd,2004,6.880000114440918
ssd,2005,7.21999979019165
ssd,2006,7.480000019073486
ssd,2007,7.829999923706055
ssd,2008,8.119999885559082
ssd,2009,8.539999961853027
ssd,2010,9.0
ssd,2011,9.359999656677246
ssd,2012,9.630000114440918
ssd,2013,9.970000267028809
ssd,2014,10.22999954223633
ssd,2015,10.52000045776367
ssd,2016,10.77999973297119
ssd,2017,11.10000038146973
ssd,2018,11.43000030517578
ssd,2019,11.77999973297119
ssd,2020,12.10000038146973
ssd,2021,12.46000003814697
ssd,2022,12.73999977111816
ssd,2023,13.11999988555908
ssd,2024,13.34000015258789
ssd,2025,13.72999954223633
stp,1981,23.36000061035156
stp,1982,22.59000015258789
stp,1983,21.64999961853027
stp,1984,20.76000022888184
stp,1985,20.13999938964844
stp,1986,19.73999977111816
stp,1987,19.40999984741211
stp,1988,19.5
stp,1989,19.85000038146973
stp,1990,20.42000007629395
stp,1991,21.3700008392334
stp,1992,22.53000068664551
stp,1993,23.60000038146973
stp,1994,24.70000076293945
stp,1995,25.59000015258789
stp,1996,26.29999923706055
stp,1997,26.86000061035156
stp,1998,27.64999961853027
stp,1999,28.55999946594238
stp,2000,29.46999931335449
stp,2001,30.21999931335449
stp,2002,30.97999954223633
stp,2003,31.70999908447266
stp,2004,32.61000061035156
stp,2005,33.72000122070313
stp,2006,35.09999847412109
stp,2007,36.63999938964844
stp,2008,38.43000030517578
stp,2009,40.83000183105469
stp,2010,43.95000076293945
stp,2011,47.81000137329102
stp,2012,52.09999847412109
stp,2013,56.63999938964844
stp,2014,61.13000106811523
stp,2015,65.48999786376953
stp,2016,69.37000274658203
stp,2017,72.83000183105469
stp,2018,76.01000213623047
stp,2019,78.8499984741211
stp,2020,81.3499984741211
stp,2021,83.56999969482422
stp,2022,85.45999908447266
stp,2023,87.08000183105469
stp,2024,88.43000030517578
stp,2025,89.62000274658203
sur,1981,32.83000183105469
sur,1982,33.40000152587891
sur,1983,33.97999954223633
sur,1984,34.54999923706055
sur,1985,35.0099983215332
sur,1986,35.34999847412109
sur,1987,35.63999938964844
sur,1988,36.06000137329102
sur,1989,36.4900016784668
sur,1990,36.81000137329102
sur,1991,37.11999893188477
sur,1992,37.31999969482422
sur,1993,37.5
sur,1994,37.52999877929688
sur,1995,37.72000122070313
sur,1996,37.81999969482422
sur,1997,38.09000015258789
sur,1998,38.56000137329102
sur,1999,39.04999923706055
sur,2000,39.65999984741211
sur,2001,40.41999816894531
sur,2002,41.41999816894531
sur,2003,42.61000061035156
sur,2004,44.02999877929688
sur,2005,45.47000122070313
sur,2006,46.70999908447266
sur,2007,47.97999954223633
sur,2008,49.38000106811523
sur,2009,50.93999862670898
sur,2010,52.5
sur,2011,54.09000015258789
sur,2012,55.38999938964844
sur,2013,56.2400016784668
sur,2014,56.63999938964844
sur,2015,56.84999847412109
sur,2016,57.11000061035156
sur,2017,57.33000183105469
sur,2018,57.52000045776367
sur,2019,57.84999847412109
sur,2020,58.2400016784668
sur,2021,58.83000183105469
sur,2022,59.47999954223633
sur,2023,60.11999893188477
sur,2024,60.77000045776367
sur,2025,61.34000015258789
svk,1981,98.72000122070312
svk,1982,98.7699966430664
svk,1983,98.83000183105467
svk,1984,98.87999725341795
svk,1985,98.90000152587892
svk,1986,98.94000244140624
svk,1987,98.95999908447266
svk,1988,98.97000122070312
svk,1989,98.95999908447266
svk,1990,98.95999908447266
svk,1991,98.95999908447266
svk,1992,98.9800033569336
svk,1993,98.9800033569336
svk,1994,98.97000122070312
svk,1995,98.95999908447266
svk,1996,98.9499969482422
svk,1997,98.95999908447266
svk,1998,98.95999908447266
svk,1999,98.97000122070312
svk,2000,98.9800033569336
svk,2001,98.9800033569336
svk,2002,98.9800033569336
svk,2003,98.9800033569336
svk,2004,98.97000122070312
svk,2005,98.97000122070312
svk,2006,98.97000122070312
svk,2007,98.97000122070312
svk,2008,98.95999908447266
svk,2009,98.9499969482422
svk,2010,98.9499969482422
svk,2011,98.97000122070312
svk,2012,99.0199966430664
svk,2013,99.08000183105467
svk,2014,99.11000061035156
svk,2015,99.09999847412108
svk,2016,99.06999969482422
svk,2017,99.02999877929688
svk,2018,99.01000213623048
svk,2019,98.9800033569336
svk,2020,98.98999786376952
svk,2021,98.98999786376952
svk,2022,99.0
svk,2023,99.0199966430664
svk,2024,99.02999877929688
svk,2025,99.04000091552734
svn,1981,97.36000061035156
svn,1982,97.43000030517578
svn,1983,97.5
svn,1984,97.56999969482422
svn,1985,97.62999725341795
svn,1986,97.69000244140624
svn,1987,97.76000213623048
svn,1988,97.83000183105467
svn,1989,97.91999816894533
svn,1990,97.97000122070312
svn,1991,98.04000091552734
svn,1992,98.12000274658205
svn,1993,98.1999969482422
svn,1994,98.29000091552734
svn,1995,98.37999725341795
svn,1996,98.4800033569336
svn,1997,98.56999969482422
svn,1998,98.63999938964844
svn,1999,98.70999908447266
svn,2000,98.75
svn,2001,98.7699966430664
svn,2002,98.76000213623048
svn,2003,98.7699966430664
svn,2004,98.7699966430664
svn,2005,98.76000213623048
svn,2006,98.75
svn,2007,98.7300033569336
svn,2008,98.7300033569336
svn,2009,98.72000122070312
svn,2010,98.70999908447266
svn,2011,98.69000244140624
svn,2012,98.6999969482422
svn,2013,98.70999908447266
svn,2014,98.76000213623048
svn,2015,98.8000030517578
svn,2016,98.90000152587892
svn,2017,99.02999877929688
svn,2018,99.13999938964844
svn,2019,99.19000244140624
svn,2020,99.20999908447266
svn,2021,99.23999786376952
svn,2022,99.2699966430664
svn,2023,99.29000091552734
svn,2024,99.31999969482422
svn,2025,99.34999847412108
swe,1981,96.26000213623048
swe,1982,96.37999725341795
swe,1983,96.45999908447266
swe,1984,96.58000183105467
swe,1985,96.69000244140624
swe,1986,96.77999877929688
swe,1987,96.87000274658205
swe,1988,96.95999908447266
swe,1989,97.04000091552734
swe,1990,97.15000152587892
swe,1991,97.2300033569336
swe,1992,97.31999969482422
swe,1993,97.38999938964844
swe,1994,97.44000244140624
swe,1995,97.45999908447266
swe,1996,97.45999908447266
swe,1997,97.48999786376952
swe,1998,97.54000091552734
swe,1999,97.62000274658205
swe,2000,97.69000244140624
swe,2001,97.7300033569336
swe,2002,97.79000091552734
swe,2003,97.87999725341795
swe,2004,98.01000213623048
swe,2005,98.15000152587892
swe,2006,98.29000091552734
swe,2007,98.41999816894533
swe,2008,98.52999877929688
swe,2009,98.58999633789064
swe,2010,98.62999725341795
swe,2011,98.66000366210938
swe,2012,98.70999908447266
swe,2013,98.75
swe,2014,98.80999755859376
swe,2015,98.86000061035156
swe,2016,98.91999816894533
swe,2017,99.0
swe,2018,99.06999969482422
swe,2019,99.11000061035156
swe,2020,99.15000152587892
swe,2021,99.19000244140624
swe,2022,99.25
swe,2023,99.29000091552734
swe,2024,99.33999633789064
swe,2025,99.37999725341795
swz,1981,27.95999908447266
swz,1982,28.54999923706055
swz,1983,29.18000030517578
swz,1984,29.79999923706055
swz,1985,30.34000015258789
swz,1986,30.95999908447266
swz,1987,31.70000076293945
swz,1988,32.4900016784668
swz,1989,33.27999877929688
swz,2025,59.36999893188477
syr,1981,25.40999984741211
syr,1982,25.90999984741211
syr,1983,26.36000061035156
syr,1984,26.95000076293945
syr,1985,27.38999938964844
syr,1986,27.8700008392334
syr,1987,28.23999977111816
syr,1988,28.45999908447266
syr,1989,28.72999954223633
syr,1990,28.79999923706055
syr,1991,28.5
syr,1992,27.88999938964844
syr,1993,27.32999992370605
syr,1994,26.94000053405762
syr,1995,26.79000091552734
syr,1996,26.86000061035156
syr,1997,27.06999969482422
syr,1998,27.48999977111816
syr,1999,28.02000045776367
syr,2000,28.75
syr,2001,29.85000038146973
syr,2002,31.42000007629395
syr,2003,33.47000122070313
syr,2004,35.61000061035156
syr,2005,37.59000015258789
syr,2006,39.27000045776367
syr,2007,40.4900016784668
syr,2008,41.43999862670898
syr,2009,42.20999908447266
syr,2010,42.79999923706055
syr,2011,43.61000061035156
syr,2012,44.29000091552734
syr,2013,44.93999862670898
syr,2014,45.65000152587891
syr,2015,46.40000152587891
syr,2016,47.04000091552734
syr,2017,47.70999908447266
syr,2018,48.22000122070313
syr,2019,49.11000061035156
syr,2020,49.75
syr,2021,50.2599983215332
syr,2022,50.93999862670898
syr,2023,51.5
syr,2024,52.11000061035156
syr,2025,52.90000152587891
tcd,1981,3.450000047683716
tcd,1982,3.609999895095825
tcd,1983,3.769999980926514
tcd,1984,3.960000038146973
tcd,1985,4.179999828338623
tcd,1986,4.420000076293945
tcd,1987,4.619999885559082
tcd,1988,4.860000133514404
tcd,1989,5.119999885559082
tcd,1990,5.369999885559082
tcd,1991,5.639999866485596
tcd,1992,5.920000076293945
tcd,1993,6.239999771118164
tcd,1994,6.630000114440918
tcd,1995,7.050000190734863
tcd,1996,7.460000038146973
tcd,1997,7.809999942779541
tcd,1998,8.050000190734863
tcd,1999,8.229999542236328
tcd,2000,8.390000343322754
tcd,2001,8.630000114440918
tcd,2002,8.920000076293945
tcd,2003,9.279999732971191
tcd,2004,9.670000076293944
tcd,2005,10.13000011444092
tcd,2006,10.60999965667725
tcd,2007,11.09000015258789
tcd,2008,11.47000026702881
tcd,2009,11.86999988555908
tcd,2010,12.31999969482422
tcd,2011,12.85999965667725
tcd,2012,13.36999988555908
tcd,2013,13.77999973297119
tcd,2014,14.10999965667725
tcd,2015,14.38000011444092
tcd,2016,14.77999973297119
tcd,2017,15.19999980926514
tcd,2018,15.76000022888184
tcd,2019,16.45000076293945
tcd,2020,17.10000038146973
tcd,2021,17.70000076293945
tcd,2022,18.25
tcd,2023,18.8700008392334
tcd,2024,19.43000030517578
tcd,2025,19.96999931335449
tgo,1981,6.980000019073486
tgo,1982,7.429999828338623
tgo,1983,7.849999904632568
tgo,1984,8.220000267028809
tgo,1985,8.5600004196167
tgo,1986,8.890000343322754
tgo,1987,9.25
tgo,1988,9.630000114440918
tgo,1989,10.01000022888184
tgo,1990,10.38000011444092
tgo,1991,10.8100004196167
tgo,1992,11.30000019073486
tgo,1993,11.89000034332275
tgo,1994,12.5600004196167
tgo,1995,13.28999996185303
tgo,1996,13.92000007629395
tgo,1997,14.52000045776367
tgo,1998,15.05000019073486
tgo,1999,15.76000022888184
tgo,2000,16.47999954223633
tgo,2001,17.35000038146973
tgo,2002,18.54000091552734
tgo,2003,19.81999969482422
tgo,2004,21.10000038146973
tgo,2005,22.14999961853027
tgo,2006,23.06999969482422
tgo,2007,24.13999938964844
tgo,2008,25.26000022888184
tgo,2009,26.45999908447266
tgo,2010,27.71999931335449
tgo,2011,29.01000022888184
tgo,2012,30.25
tgo,2013,31.6299991607666
tgo,2014,32.95999908447266
tgo,2015,34.59000015258789
tgo,2016,36.40000152587891
tgo,2017,38.18999862670898
tgo,2018,39.7400016784668
tgo,2019,41.27999877929688
tgo,2020,42.58000183105469
tgo,2021,43.81999969482422
tgo,2022,45.0
tgo,2023,46.31000137329102
tgo,2024,47.5
tgo,2025,48.77999877929688
tha,1981,31.46999931335449
tha,1982,32.18000030517578
tha,1983,32.86999893188477
tha,1984,33.79999923706055
tha,1985,35.16999816894531
tha,1986,36.97999954223633
tha,1987,38.77999877929688
tha,1988,40.45000076293945
tha,1989,42.09000015258789
tha,1990,43.61999893188477
tha,1991,45.36000061035156
tha,1992,47.56000137329102
tha,1993,50.43000030517578
tha,1994,53.68999862670898
tha,1995,57.31999969482422
tha,1996,61.33000183105469
tha,1997,65.72000122070312
tha,1998,69.94999694824219
tha,1999,73.58000183105469
tha,2000,76.04000091552734
tha,2001,77.69000244140625
tha,2002,78.80000305175781
tha,2003,79.9000015258789
tha,2004,81.04000091552734
tha,2005,82.02999877929688
tha,2006,82.77999877929688
tha,2007,83.22000122070312
tha,2008,83.58000183105469
tha,2009,84.02999877929688
tha,2010,84.51000213623047
tha,2011,84.95999908447266
tha,2012,85.33000183105469
tha,2013,85.58000183105469
tha,2014,85.76000213623047
tha,2015,85.86000061035156
tha,2016,85.9800033569336
tha,2017,86.19999694824219
tha,2018,86.62000274658203
tha,2019,87.30999755859375
tha,2020,88.05999755859375
tha,2021,88.97000122070312
tha,2022,89.9000015258789
tha,2023,90.81999969482422
tha,2024,91.63999938964844
tha,2025,92.33999633789064
tjk,1981,88.02999877929688
tjk,1982,88.51000213623047
tjk,1983,89.06999969482422
tjk,1984,89.70999908447266
tjk,1985,90.33000183105467
tjk,1986,90.86000061035156
tjk,1987,91.3000030517578
tjk,1988,91.68000030517578
tjk,1989,91.88999938964844
tjk,1990,91.88999938964844
tjk,1991,91.61000061035156
tjk,1992,90.94000244140624
tjk,1993,89.76000213623047
tjk,1994,88.11000061035156
tjk,1995,86.06999969482422
tjk,1996,84.16000366210938
tjk,1997,82.73999786376953
tjk,1998,81.93000030517578
tjk,1999,81.66000366210938
tjk,2000,81.68000030517578
tjk,2001,81.83999633789062
tjk,2002,81.95999908447266
tjk,2003,82.0199966430664
tjk,2004,82.05000305175781
tjk,2005,82.30999755859375
tjk,2006,82.87000274658203
tjk,2007,83.8499984741211
tjk,2008,85.19000244140625
tjk,2009,86.80999755859375
tjk,2010,88.5
tjk,2011,89.95999908447266
tjk,2012,91.18000030517578
tjk,2013,92.11000061035156
tjk,2014,92.87000274658205
tjk,2015,93.58999633789064
tjk,2016,94.29000091552734
tjk,2017,94.86000061035156
tjk,2018,95.29000091552734
tjk,2019,95.65000152587892
tjk,2020,95.91000366210938
tjk,2021,96.1999969482422
tjk,2022,96.47000122070312
tjk,2023,96.72000122070312
tjk,2024,97.02999877929688
tjk,2025,97.2699966430664
tkm,1981,98.6999969482422
tkm,1982,98.73999786376952
tkm,1983,98.7699966430664
tkm,1984,98.80999755859376
tkm,1985,98.84999847412108
tkm,1986,98.87999725341795
tkm,1987,98.91000366210938
tkm,1988,98.94000244140624
tkm,1989,98.95999908447266
tkm,1990,98.9800033569336
tkm,1991,98.9800033569336
tkm,1992,98.98999786376952
tkm,1993,99.01000213623048
tkm,1994,99.0199966430664
tkm,1995,99.04000091552734
tkm,1996,99.0500030517578
tkm,1997,99.05999755859376
tkm,1998,99.05999755859376
tkm,1999,99.06999969482422
tkm,2000,99.06999969482422
tkm,2001,99.06999969482422
tkm,2002,99.05999755859376
tkm,2003,99.06999969482422
tkm,2004,99.09999847412108
tkm,2005,99.12999725341795
tkm,2006,99.18000030517578
tkm,2007,99.20999908447266
tkm,2008,99.23999786376952
tkm,2009,99.27999877929688
tkm,2010,99.30999755859376
tkm,2011,99.34999847412108
tkm,2012,99.38999938964844
tkm,2013,99.43000030517578
tkm,2014,99.4800033569336
tkm,2015,99.5199966430664
tkm,2016,99.5500030517578
tkm,2017,99.56999969482422
tkm,2018,99.58999633789064
tkm,2019,99.61000061035156
tkm,2020,99.62999725341795
tkm,2021,99.65000152587892
tkm,2022,99.66999816894533
tkm,2023,99.68000030517578
tkm,2024,99.6999969482422
tkm,2025,99.72000122070312
tls,1981,16.71999931335449
tls,1982,17.51000022888184
tls,1983,18.31999969482422
tls,1984,19.20000076293945
tls,1985,20.03000068664551
tls,1986,20.90999984741211
tls,1987,21.8700008392334
tls,1988,22.78000068664551
tls,1989,23.70000076293945
tls,1990,24.51000022888184
tls,1991,25.35000038146973
tls,1992,26.27000045776367
tls,1993,27.20999908447266
tls,1994,28.20999908447266
tls,1995,29.1299991607666
tls,1996,29.95999908447266
tls,1997,30.85000038146973
tls,1998,31.8700008392334
tls,1999,33.06999969482422
tls,2000,34.54999923706055
tls,2001,36.09999847412109
tls,2002,37.65999984741211
tls,2003,39.22000122070313
tls,2004,40.75
tls,2005,42.13999938964844
tls,2006,43.40999984741211
tls,2007,44.65999984741211
tls,2008,45.95999908447266
tls,2009,47.34999847412109
tls,2010,49.02000045776367
tls,2011,50.68000030517578
tls,2012,52.31999969482422
tls,2013,53.86999893188477
tls,2014,55.18999862670898
tls,2015,56.33000183105469
tls,2016,57.34999847412109
tls,2017,58.43999862670898
tls,2018,59.47000122070313
tls,2019,60.61000061035156
tls,2020,61.70000076293945
tls,2021,62.91999816894531
tls,2022,64.04000091552734
tls,2023,65.13999938964844
tls,2024,66.1500015258789
tls,2025,67.26000213623047
ton,1981,63.84999847412109
ton,1982,64.58999633789062
ton,1983,65.16999816894531
ton,1984,65.83999633789062
ton,1985,66.29000091552734
ton,1986,66.97000122070312
ton,1987,67.66000366210938
ton,1988,68.33000183105469
ton,1989,69.05999755859375
ton,1990,69.72000122070312
ton,1991,70.36000061035156
ton,1992,70.80000305175781
ton,1993,71.30000305175781
ton,1994,71.91999816894531
ton,1995,72.55999755859375
ton,1996,73.13999938964844
ton,1997,73.70999908447266
ton,1998,74.27999877929688
ton,1999,74.8499984741211
ton,2000,75.33000183105469
ton,2001,75.76000213623047
ton,2002,76.18000030517578
ton,2003,76.62999725341797
ton,2004,77.06999969482422
ton,2005,77.51000213623047
ton,2006,77.98999786376953
ton,2007,78.41999816894531
ton,2008,78.9000015258789
ton,2009,79.4000015258789
ton,2010,79.91000366210938
ton,2011,80.37999725341797
ton,2012,81.0
ton,2013,81.69000244140625
ton,2014,82.31999969482422
ton,2015,82.91999816894531
ton,2016,83.44000244140625
ton,2017,83.98999786376953
ton,2018,84.58000183105469
ton,2019,85.16000366210938
ton,2020,85.62999725341797
ton,2021,86.0999984741211
ton,2022,86.41999816894531
ton,2023,86.7699966430664
ton,2024,87.12000274658203
ton,2025,87.44999694824219
tto,1981,61.18999862670898
tto,1982,63.40999984741211
tto,1983,65.79000091552734
tto,1984,68.05000305175781
tto,1985,70.05000305175781
tto,1986,71.98999786376953
tto,1987,73.75
tto,1988,75.33000183105469
tto,1989,76.5999984741211
tto,1990,77.6500015258789
tto,1991,78.48999786376953
tto,1992,79.2300033569336
tto,1993,79.77999877929688
tto,1994,80.2300033569336
tto,1995,80.4800033569336
tto,1996,80.52999877929688
tto,1997,80.55000305175781
tto,1998,80.70999908447266
tto,1999,81.0999984741211
tto,2000,81.79000091552734
tto,2001,82.69000244140625
tto,2002,83.91999816894531
tto,2003,85.4000015258789
tto,2004,87.0999984741211
tto,2005,88.69000244140625
tto,2006,89.87000274658203
tto,2007,90.66000366210938
tto,2008,91.09999847412108
tto,2009,91.22000122070312
tto,2010,91.05999755859376
tto,2011,90.75
tto,2012,90.58000183105467
tto,2013,90.6999969482422
tto,2014,91.02999877929688
tto,2015,91.5199966430664
tto,2016,91.93000030517578
tto,2017,92.33000183105467
tto,2018,92.66000366210938
tto,2019,93.01000213623048
tto,2020,93.34999847412108
tto,2021,93.73999786376952
tto,2022,94.13999938964844
tto,2023,94.52999877929688
tto,2024,94.86000061035156
tto,2025,95.1999969482422
tun,1981,26.8799991607666
tun,1982,27.79999923706055
tun,1983,28.97999954223633
tun,1984,29.96999931335449
tun,1985,31.05999946594238
tun,1986,32.22999954223633
tun,1987,33.38999938964844
tun,1988,34.56999969482422
tun,1989,35.7599983215332
tun,2025,80.01000213623047
tur,1981,29.65999984741211
tur,1982,30.19000053405762
tur,1983,30.86000061035156
tur,1984,31.77000045776367
tur,1985,32.7400016784668
tur,1986,33.52999877929688
tur,1987,34.29000091552734
tur,1988,34.97999954223633
tur,1989,35.65000152587891
tur,1990,36.33000183105469
tur,1991,37.63000106811523
tur,1992,39.20000076293945
tur,1993,41.09000015258789
tur,1994,43.11999893188477
tur,1995,45.41999816894531
tur,1996,47.43999862670898
tur,1997,48.9900016784668
tur,1998,49.90999984741211
tur,1999,50.81000137329102
tur,2000,52.2599983215332
tur,2001,54.65000152587891
tur,2002,58.29999923706055
tur,2003,62.84999847412109
tur,2004,67.72000122070312
tur,2005,71.93000030517578
tur,2006,75.30000305175781
tur,2007,78.0199966430664
tur,2008,80.33000183105469
tur,2009,82.44999694824219
tur,2010,84.41999816894531
tur,2011,86.20999908447266
tur,2012,87.69000244140625
tur,2013,88.94999694824219
tur,2014,90.08000183105467
tur,2015,91.05999755859376
tur,2016,91.88999938964844
tur,2017,92.68000030517578
tur,2018,93.4499969482422
tur,2019,94.23999786376952
tur,2020,94.9800033569336
tur,2021,95.72000122070312
tur,2022,96.33000183105467
tur,2023,96.81999969482422
tur,2024,97.23999786376952
tur,2025,97.58999633789064
tuv,1981,64.29000091552734
tuv,1982,64.87999725341797
tuv,1983,65.31999969482422
tuv,1984,65.86000061035156
tuv,1985,66.23999786376953
tuv,1986,66.72000122070312
tuv,1987,67.37999725341797
tuv,1988,68.0
tuv,1989,68.41999816894531
tuv,1990,69.05000305175781
tuv,1991,69.52999877929688
tuv,1992,70.01000213623047
tuv,1993,70.55000305175781
tuv,1994,70.94999694824219
tuv,1995,71.41000366210938
tuv,1996,71.94999694824219
tuv,1997,72.44000244140625
tuv,1998,72.83000183105469
tuv,1999,73.36000061035156
tuv,2000,73.76000213623047
tuv,2001,74.11000061035156
tuv,2002,74.48999786376953
tuv,2003,74.81999969482422
tuv,2004,75.38999938964844
tuv,2005,75.94999694824219
tuv,2006,76.44000244140625
tuv,2007,76.9800033569336
tuv,2008,77.41000366210938
tuv,2009,77.88999938964844
tuv,2010,78.27999877929688
tuv,2011,78.66999816894531
tuv,2012,79.19000244140625
tuv,2013,79.70999908447266
tuv,2014,80.19000244140625
tuv,2015,80.62999725341797
tuv,2016,81.0
tuv,2017,81.55000305175781
tuv,2018,81.95999908447266
tuv,2019,82.45999908447266
tuv,2020,82.91000366210938
tuv,2021,83.33999633789062
tuv,2022,83.69999694824219
tuv,2023,84.06999969482422
tuv,2024,84.36000061035156
tuv,2025,84.81999969482422
tza,1981,7.599999904632568
tza,1982,7.75
tza,1983,7.860000133514404
tza,1984,7.809999942779541
tza,1985,7.679999828338623
tza,1986,7.570000171661377
tza,1987,7.599999904632568
tza,1988,7.739999771118164
tza,1989,7.929999828338623
tza,1990,8.09000015258789
tza,1991,8.170000076293945
tza,1992,8.170000076293945
tza,1993,8.180000305175781
tza,1994,8.149999618530273
tza,1995,8.210000038146973
tza,1996,8.319999694824219
tza,1997,8.510000228881836
tza,1998,8.789999961853027
tza,1999,9.140000343322754
tza,2000,9.539999961853027
tza,2001,9.899999618530272
tza,2002,10.11999988555908
tza,2003,10.38000011444092
tza,2004,10.69999980926514
tza,2005,11.46000003814697
tza,2006,12.51000022888184
tza,2007,13.97999954223633
tza,2008,15.8100004196167
tza,2009,18.19000053405762
tza,2010,20.92000007629395
tza,2011,23.47999954223633
tza,2012,25.25
tza,2013,26.1299991607666
tza,2014,26.44000053405762
tza,2015,26.70000076293945
tza,2016,27.01000022888184
tza,2017,27.39999961853027
tza,2018,27.73999977111816
tza,2019,28.0
tza,2020,28.34000015258789
tza,2021,29.14999961853027
tza,2022,30.35000038146973
tza,2023,31.86000061035156
tza,2024,33.11000061035156
tza,2025,34.20999908447266
uga,1981,7.650000095367432
uga,1982,7.929999828338623
uga,1983,8.229999542236328
uga,1984,8.579999923706055
uga,1985,9.010000228881836
uga,1986,9.399999618530272
uga,1987,9.699999809265137
uga,1988,9.93000030517578
uga,1989,10.01000022888184
uga,1990,9.93000030517578
uga,1991,9.789999961853027
uga,1992,9.739999771118164
uga,1993,9.840000152587892
uga,1994,10.17000007629395
uga,1995,10.67000007629395
uga,1996,11.22000026702881
uga,1997,11.69999980926514
uga,1998,12.22000026702881
uga,1999,12.73999977111816
uga,2000,13.46000003814697
uga,2001,14.13000011444092
uga,2002,15.07999992370605
uga,2003,15.90999984741211
uga,2004,16.80999946594238
uga,2005,17.53000068664551
uga,2006,18.48999977111816
uga,2007,19.5
uga,2008,20.81999969482422
uga,2009,22.03000068664551
uga,2010,23.22999954223633
uga,2011,24.29999923706055
uga,2012,25.20999908447266
uga,2013,25.70999908447266
uga,2014,25.64999961853027
uga,2015,25.31999969482422
uga,2016,25.01000022888184
uga,2017,24.92000007629395
uga,2018,25.14999961853027
uga,2019,25.63999938964844
uga,2020,26.20999908447266
uga,2021,26.81999969482422
uga,2022,27.48999977111816
uga,2023,28.04000091552734
uga,2024,28.68000030517578
uga,2025,29.31999969482422
ukr,1981,99.2300033569336
ukr,1982,99.23999786376952
ukr,1983,99.25
ukr,1984,99.23999786376952
ukr,1985,99.2300033569336
ukr,1986,99.2300033569336
ukr,1987,99.22000122070312
ukr,1988,99.20999908447266
ukr,1989,99.18000030517578
ukr,1990,99.11000061035156
ukr,1991,98.98999786376952
ukr,1992,98.84999847412108
ukr,1993,98.72000122070312
ukr,1994,98.61000061035156
ukr,1995,98.5500030517578
ukr,1996,98.5
ukr,1997,98.4499969482422
ukr,1998,98.41000366210938
ukr,1999,98.41999816894533
ukr,2000,98.48999786376952
ukr,2001,98.55999755859376
ukr,2002,98.63999938964844
ukr,2003,98.68000030517578
ukr,2004,98.70999908447266
ukr,2005,98.70999908447266
ukr,2006,98.69000244140624
ukr,2007,98.66000366210938
ukr,2008,98.62999725341795
ukr,2009,98.58999633789064
ukr,2010,98.5500030517578
ukr,2011,98.5500030517578
ukr,2012,98.56999969482422
ukr,2013,98.58999633789064
ukr,2014,98.61000061035156
ukr,2015,98.63999938964844
ukr,2016,98.66999816894533
ukr,2017,98.69000244140624
ukr,2018,98.72000122070312
ukr,2019,98.75
ukr,2020,98.7699966430664
ukr,2021,98.79000091552734
ukr,2022,98.80999755859376
ukr,2023,98.83999633789064
ukr,2024,98.87000274658205
ukr,2025,98.88999938964844
ury,1981,58.68000030517578
ury,1982,59.06999969482422
ury,1983,59.29000091552734
ury,1984,59.77999877929688
ury,1985,60.09999847412109
ury,1986,60.45000076293945
ury,1987,60.93000030517578
ury,1988,61.7400016784668
ury,1989,62.84999847412109
ury,1990,64.37000274658203
ury,1991,65.94000244140625
ury,1992,66.9800033569336
ury,1993,67.08000183105469
ury,1994,66.52999877929688
ury,1995,65.87000274658203
ury,1996,65.54000091552734
ury,1997,65.66999816894531
ury,1998,66.19999694824219
ury,1999,66.5999984741211
ury,2000,66.94999694824219
ury,2001,67.45999908447266
ury,2002,68.41000366210938
ury,2003,69.54000091552734
ury,2004,70.5
ury,2005,71.05999755859375
ury,2006,71.25
ury,2007,71.31999969482422
ury,2008,71.2699966430664
ury,2009,70.8499984741211
ury,2010,70.0999984741211
ury,2011,69.36000061035156
ury,2012,68.93000030517578
ury,2013,68.80000305175781
ury,2014,68.70999908447266
ury,2015,68.7300033569336
ury,2016,68.88999938964844
ury,2017,69.13999938964844
ury,2018,69.27999877929688
ury,2019,69.38999938964844
ury,2020,69.44999694824219
ury,2021,69.63999938964844
ury,2022,69.95999908447266
ury,2023,70.29000091552734
ury,2024,70.6500015258789
ury,2025,71.08000183105469
usa,1981,94.65000152587892
usa,1982,94.73999786376952
usa,1983,94.77999877929688
usa,1984,94.80999755859376
usa,1985,94.83999633789064
usa,1986,94.93000030517578
usa,1987,94.98999786376952
usa,1988,94.97000122070312
usa,1989,94.91999816894533
usa,1990,94.86000061035156
usa,1991,94.86000061035156
usa,1992,94.83999633789064
usa,1993,94.87000274658205
usa,1994,94.93000030517578
usa,1995,95.09999847412108
usa,1996,95.33000183105467
usa,1997,95.59999847412108
usa,1998,95.80999755859376
usa,1999,96.06999969482422
usa,2000,96.30999755859376
usa,2001,96.5199966430664
usa,2002,96.6999969482422
usa,2003,96.93000030517578
usa,2004,97.20999908447266
usa,2005,97.44000244140624
usa,2006,97.66000366210938
usa,2007,97.83999633789064
usa,2008,98.0500030517578
usa,2009,98.1999969482422
usa,2010,98.3000030517578
usa,2011,98.36000061035156
usa,2012,98.44000244140624
usa,2013,98.5500030517578
usa,2014,98.65000152587892
usa,2015,98.6999969482422
usa,2016,98.70999908447266
usa,2017,98.72000122070312
usa,2018,98.75
usa,2019,98.80999755859376
usa,2020,98.86000061035156
usa,2021,98.87999725341795
usa,2022,98.91000366210938
usa,2023,98.9499969482422
usa,2024,98.98999786376952
usa,2025,99.02999877929688
uzb,1981,92.38999938964844
uzb,1982,92.56999969482422
uzb,1983,92.68000030517578
uzb,1984,92.72000122070312
uzb,1985,92.7300033569336
uzb,1986,92.7699966430664
uzb,1987,92.83999633789064
uzb,1988,92.95999908447266
uzb,1989,93.11000061035156
uzb,1990,93.19000244140624
uzb,1991,93.15000152587892
uzb,1992,92.98999786376952
uzb,1993,92.73999786376952
uzb,1994,92.41999816894533
uzb,1995,92.04000091552734
uzb,1996,91.77999877929688
uzb,1997,91.77999877929688
uzb,1998,92.26000213623048
uzb,1999,93.02999877929688
uzb,2000,93.95999908447266
uzb,2001,94.83999633789064
uzb,2002,95.61000061035156
uzb,2003,96.20999908447266
uzb,2004,96.6999969482422
uzb,2005,97.06999969482422
uzb,2006,97.33000183105467
uzb,2007,97.47000122070312
uzb,2008,97.55999755859376
uzb,2009,97.62000274658205
uzb,2010,97.70999908447266
uzb,2011,97.7699966430664
uzb,2012,97.84999847412108
uzb,2013,97.91999816894533
uzb,2014,97.98999786376952
uzb,2015,98.0500030517578
uzb,2016,98.15000152587892
uzb,2017,98.23999786376952
uzb,2018,98.30999755859376
uzb,2019,98.38999938964844
uzb,2020,98.44000244140624
uzb,2021,98.47000122070312
uzb,2022,98.48999786376952
uzb,2023,98.52999877929688
uzb,2024,98.58999633789064
uzb,2025,98.63999938964844
ven,1981,47.63999938964844
ven,1982,48.36999893188477
ven,1983,49.20000076293945
ven,1984,49.90000152587891
ven,1985,50.61999893188477
ven,1986,51.15000152587891
ven,1987,51.65000152587891
ven,1988,52.04000091552734
ven,1989,52.58000183105469
ven,1990,52.75
ven,1991,53.06999969482422
ven,1992,53.34999847412109
ven,1993,53.95000076293945
ven,1994,54.2400016784668
ven,1995,54.7400016784668
ven,1996,55.18000030517578
ven,1997,55.9900016784668
ven,1998,56.59000015258789
ven,1999,57.40000152587891
ven,2000,58.0099983215332
ven,2001,58.56000137329102
ven,2002,59.06999969482422
ven,2003,59.45999908447266
ven,2004,59.93000030517578
ven,2005,60.47999954223633
ven,2006,60.97000122070313
ven,2007,61.47999954223633
ven,2008,61.90999984741211
ven,2009,62.47999954223633
ven,2010,62.93999862670898
ven,2011,63.38000106811523
ven,2012,63.93000030517578
ven,2013,64.41999816894531
ven,2014,64.80999755859375
ven,2015,65.25
ven,2016,65.75
ven,2017,66.19000244140625
ven,2018,66.68000030517578
ven,2019,67.31999969482422
ven,2020,67.62000274658203
ven,2021,68.23999786376953
ven,2022,68.68000030517578
ven,2023,69.16000366210938
ven,2024,69.6500015258789
ven,2025,70.04000091552734
vnm,1981,55.41999816894531
vnm,1982,55.31999969482422
vnm,1983,55.0099983215332
vnm,1984,54.54000091552734
vnm,1985,54.04999923706055
vnm,1986,53.66999816894531
vnm,1987,53.36999893188477
vnm,1988,53.09999847412109
vnm,1989,52.61999893188477
vnm,1990,51.72000122070313
vnm,1991,50.36000061035156
vnm,1992,48.70999908447266
vnm,1993,47.06000137329102
vnm,1994,45.72999954223633
vnm,1995,45.13000106811523
vnm,1996,45.47000122070313
vnm,1997,46.72999954223633
vnm,1998,49.13000106811523
vnm,1999,52.47999954223633
vnm,2000,56.13000106811523
vnm,2001,59.45999908447266
vnm,2002,61.86999893188477
vnm,2003,63.66999816894531
vnm,2004,65.13999938964844
vnm,2005,66.97000122070312
vnm,2006,69.11000061035156
vnm,2007,71.20999908447266
vnm,2008,73.0999984741211
vnm,2009,74.61000061035156
vnm,2010,75.47000122070312
vnm,2011,75.76000213623047
vnm,2012,75.61000061035156
vnm,2013,75.68000030517578
vnm,2014,75.94999694824219
vnm,2015,76.5
vnm,2016,77.16000366210938
vnm,2017,77.76000213623047
vnm,2018,78.62999725341797
vnm,2019,79.83999633789062
vnm,2020,81.4800033569336
vnm,2021,83.0999984741211
vnm,2022,84.5199966430664
vnm,2023,85.66999816894531
vnm,2024,86.66000366210938
vnm,2025,87.45999908447266
vut,1981,19.42000007629395
vut,1982,19.78000068664551
vut,1983,20.27000045776367
vut,1984,20.75
vut,1985,21.19000053405762
vut,1986,21.59000015258789
vut,1987,22.02000045776367
vut,1988,22.54000091552734
vut,1989,22.94000053405762
vut,1990,23.31999969482422
vut,1991,23.72999954223633
vut,1992,24.18000030517578
vut,1993,24.63999938964844
vut,1994,25.18000030517578
vut,1995,25.8799991607666
vut,1996,26.64999961853027
vut,1997,27.44000053405762
vut,1998,28.09000015258789
vut,1999,28.95000076293945
vut,2000,29.65999984741211
vut,2001,30.29999923706055
vut,2002,31.0
vut,2003,31.77000045776367
vut,2004,32.61999893188477
vut,2005,33.27000045776367
vut,2006,33.95000076293945
vut,2007,34.4900016784668
vut,2008,35.09999847412109
vut,2009,35.79000091552734
vut,2010,36.34000015258789
vut,2011,36.93999862670898
vut,2012,37.52999877929688
vut,2013,38.15999984741211
vut,2014,38.84999847412109
vut,2015,39.38000106811523
vut,2016,40.0
vut,2017,40.75
vut,2018,41.45000076293945
vut,2019,41.95999908447266
vut,2020,42.54000091552734
vut,2021,43.22999954223633
vut,2022,43.81999969482422
vut,2023,44.38999938964844
vut,2024,45.04999923706055
vut,2025,45.68999862670898
wsm,1981,91.38999938964844
wsm,1982,91.62999725341795
wsm,1983,91.75
wsm,1984,91.9499969482422
wsm,1985,92.02999877929688
wsm,1986,92.23999786376952
wsm,1987,92.44000244140624
wsm,1988,92.61000061035156
wsm,1989,92.7699966430664
wsm,1990,92.97000122070312
wsm,1991,93.19000244140624
wsm,1992,93.30999755859376
wsm,1993,93.5
wsm,1994,93.66000366210938
wsm,1995,93.79000091552734
wsm,1996,93.93000030517578
wsm,1997,94.09999847412108
wsm,1998,94.2300033569336
wsm,1999,94.38999938964844
wsm,2000,94.5500030517578
wsm,2001,94.6999969482422
wsm,2002,94.81999969482422
wsm,2003,94.95999908447266
wsm,2004,95.08999633789064
wsm,2005,95.22000122070312
wsm,2006,95.33999633789064
wsm,2007,95.4800033569336
wsm,2008,95.61000061035156
wsm,2009,95.70999908447266
wsm,2010,95.83999633789064
wsm,2011,95.97000122070312
wsm,2012,96.09999847412108
wsm,2013,96.25
wsm,2014,96.33999633789064
wsm,2015,96.43000030517578
wsm,2016,96.52999877929688
wsm,2017,96.63999938964844
wsm,2018,96.73999786376952
wsm,2019,96.81999969482422
wsm,2020,96.91000366210938
wsm,2021,96.9800033569336
wsm,2022,97.0500030517578
wsm,2023,97.13999938964844
wsm,2024,97.1999969482422
wsm,2025,97.29000091552734
yem,1981,15.02999973297119
yem,1982,15.60999965667725
yem,1983,16.23999977111816
yem,1984,16.88999938964844
yem,1985,17.56999969482422
yem,1986,18.35000038146973
yem,1987,19.23999977111816
yem,1988,19.96999931335449
yem,1989,21.0
yem,1990,22.10000038146973
yem,1991,23.40999984741211
yem,1992,24.63999938964844
yem,1993,25.82999992370605
yem,1994,26.93000030517578
yem,1995,28.06999969482422
yem,1996,29.3799991607666
yem,1997,30.69000053405762
yem,1998,31.93000030517578
yem,1999,33.09999847412109
yem,2000,34.31999969482422
yem,2001,35.58000183105469
yem,2002,36.56999969482422
yem,2003,37.31000137329102
yem,2004,38.04000091552734
yem,2005,38.61999893188477
yem,2006,39.13000106811523
yem,2007,39.47000122070313
yem,2008,39.95000076293945
yem,2009,40.68999862670898
yem,2010,41.63000106811523
yem,2011,42.77999877929688
yem,2012,44.09000015258789
yem,2013,45.43000030517578
yem,2014,46.70999908447266
yem,2015,47.70999908447266
yem,2016,48.43999862670898
yem,2017,49.38999938964844
yem,2018,50.47000122070313
yem,2019,51.79000091552734
yem,2020,52.88999938964844
yem,2021,54.13999938964844
yem,2022,55.31999969482422
yem,2023,56.56999969482422
yem,2024,57.72000122070313
yem,2025,58.84000015258789
zaf,1981,54.20000076293945
zaf,1982,55.25
zaf,1983,56.47999954223633
zaf,1984,57.84000015258789
zaf,1985,59.27000045776367
zaf,1986,60.68000030517578
zaf,1987,62.0
zaf,1988,63.2599983215332
zaf,1989,64.80999755859375
zaf,1990,66.52999877929688
zaf,1991,68.1500015258789
zaf,1992,69.58000183105469
zaf,1993,71.0199966430664
zaf,1994,72.58000183105469
zaf,1995,73.87999725341797
zaf,1996,74.93000030517578
zaf,1997,75.80000305175781
zaf,1998,76.73999786376953
zaf,1999,77.61000061035156
zaf,2000,78.20999908447266
zaf,2001,78.66000366210938
zaf,2002,79.06999969482422
zaf,2003,79.48999786376953
zaf,2004,80.06999969482422
zaf,2005,80.8499984741211
zaf,2006,81.83999633789062
zaf,2007,82.79000091552734
zaf,2008,83.54000091552734
zaf,2009,83.94999694824219
zaf,2010,84.16999816894531
zaf,2011,84.05999755859375
zaf,2012,84.13999938964844
zaf,2013,84.44999694824219
zaf,2014,84.94999694824219
zaf,2015,85.58000183105469
zaf,2016,86.05999755859375
zaf,2017,86.56999969482422
zaf,2018,87.0199966430664
zaf,2019,87.54000091552734
zaf,2020,88.05000305175781
zaf,2021,88.58999633789062
zaf,2022,89.05999755859375
zaf,2023,89.52999877929688
zaf,2024,89.97000122070312
zaf,2025,90.36000061035156
zmb,1981,27.02000045776367
zmb,1982,27.67000007629395
zmb,1983,28.29000091552734
zmb,1984,28.69000053405762
zmb,1985,29.05999946594238
zmb,1986,29.22999954223633
zmb,1987,29.45999908447266
zmb,1988,29.67000007629395
zmb,1989,29.90999984741211
zmb,1990,30.01000022888184
zmb,1991,29.97999954223633
zmb,1992,30.05999946594238
zmb,1993,30.35000038146973
zmb,1994,30.64999961853027
zmb,1995,30.8700008392334
zmb,1996,31.1299991607666
zmb,1997,31.44000053405762
zmb,1998,31.57999992370605
zmb,1999,31.73999977111816
zmb,2000,31.80999946594238
zmb,2001,32.11999893188477
zmb,2002,32.61000061035156
zmb,2003,33.34000015258789
zmb,2004,34.41999816894531
zmb,2005,35.70999908447266
zmb,2006,37.18999862670898
zmb,2007,38.91999816894531
zmb,2008,40.31000137329102
zmb,2009,41.83000183105469
zmb,2010,42.72000122070313
zmb,2011,43.56000137329102
zmb,2012,44.09999847412109
zmb,2013,44.7400016784668
zmb,2014,45.36999893188477
zmb,2015,45.93999862670898
zmb,2016,46.31000137329102
zmb,2017,46.54999923706055
zmb,2018,46.40999984741211
zmb,2019,46.25
zmb,2020,46.27000045776367
zmb,2021,46.75
zmb,2022,47.5099983215332
zmb,2023,48.41999816894531
zmb,2024,49.38999938964844
zmb,2025,50.15000152587891
zwe,1981,60.45000076293945
zwe,1982,60.81999969482422
zwe,1983,61.27999877929688
zwe,1984,61.70000076293945
zwe,1985,62.13999938964844
zwe,1986,62.63000106811523
zwe,1987,63.0099983215332
zwe,1988,63.33000183105469
zwe,1989,63.52000045776367
zwe,1990,63.40000152587891
zwe,1991,63.0099983215332
zwe,1992,62.63999938964844
zwe,1993,62.75
zwe,1994,63.13999938964844
zwe,1995,64.01000213623047
zwe,1996,64.80000305175781
zwe,1997,65.55999755859375
zwe,1998,66.2300033569336
zwe,1999,66.7300033569336
zwe,2000,67.12999725341797
zwe,2001,67.33000183105469
zwe,2002,67.37000274658203
zwe,2003,67.30000305175781
zwe,2004,67.26000213623047
zwe,2005,67.19999694824219
zwe,2006,67.2300033569336
zwe,2007,67.16999816894531
zwe,2008,67.29000091552734
zwe,2009,67.37999725341797
zwe,2010,67.62999725341797
zwe,2011,67.87000274658203
zwe,2012,68.2699966430664
zwe,2013,68.98999786376953
zwe,2014,69.9000015258789
zwe,2015,70.86000061035156
zwe,2016,71.73999786376953
zwe,2017,72.58999633789062
zwe,2018,73.37000274658203
zwe,2019,74.05000305175781
zwe,2020,74.56999969482422
zwe,2021,75.05000305175781
zwe,2022,75.37999725341797
zwe,2023,75.66999816894531
zwe,2024,76.01000213623047
zwe,2025,76.43000030517578
