country,year,cr_mod_2_gpia
afg,1981,0.0393919609487057
afg,1982,0.0486101545393467
afg,1983,0.0531239584088326
afg,1984,0.0647891685366631
afg,1985,0.077102318406105
afg,1986,0.0848261937499046
afg,1987,0.0983376279473305
afg,1988,0.1073549315333366
afg,1989,0.1188792660832405
afg,2025,0.6410919427871704
ago,1981,0.3840889930725098
ago,1982,0.3951082229614258
ago,1983,0.4044717252254486
ago,1984,0.4191682040691376
ago,1985,0.4322487115859985
ago,1986,0.4482254385948181
ago,1987,0.4589157998561859
ago,1988,0.4688318967819214
ago,1989,0.482095867395401
ago,1990,0.4948444366455078
ago,1991,0.5099736452102661
ago,1992,0.524781346321106
ago,1993,0.5366379618644714
ago,1994,0.5493881106376648
ago,1995,0.5579250454902649
ago,1996,0.5661220550537109
ago,1997,0.5818720459938049
ago,1998,0.5940552353858948
ago,1999,0.6053968071937561
ago,2000,0.6167344450950623
ago,2001,0.6299036741256714
ago,2002,0.6466054320335388
ago,2003,0.6633699536323547
ago,2004,0.676855742931366
ago,2005,0.6908729672431946
ago,2006,0.7040278911590576
ago,2007,0.7121366262435913
ago,2008,0.7217842936515808
ago,2009,0.7299555540084839
ago,2010,0.7364072799682617
ago,2011,0.742912232875824
ago,2012,0.7561440467834473
ago,2013,0.7697553038597107
ago,2014,0.7842698693275452
ago,2015,0.8042573928833008
ago,2016,0.8205974102020264
ago,2017,0.8378056287765503
ago,2018,0.8508371114730835
ago,2019,0.8635460138320923
ago,2020,0.8703218698501587
ago,2021,0.8750373721122742
ago,2022,0.8822740912437439
ago,2023,0.8941762447357178
ago,2024,0.9057626724243164
ago,2025,0.9209047555923462
alb,1981,0.9960659742355348
alb,1982,0.9969189167022704
alb,1983,0.9990437626838684
alb,1984,1.001590371131897
alb,1985,1.00306761264801
alb,1986,1.005591988563538
alb,1987,1.006007075309753
alb,1988,1.007366299629211
alb,1989,1.007891297340393
alb,1990,1.008309602737427
alb,1991,1.008626103401184
alb,1992,1.008940458297729
alb,1993,1.009048223495483
alb,1994,1.00873601436615
alb,1995,1.008529186248779
alb,1996,1.008212208747864
alb,1997,1.008312106132507
alb,1998,1.007991909980774
alb,1999,1.008195877075195
alb,2000,1.008085489273071
alb,2001,1.008809924125671
alb,2002,1.009528994560242
alb,2003,1.009621500968933
alb,2004,1.009813547134399
alb,2005,1.010425090789795
alb,2006,1.010411620140076
alb,2007,1.010711908340454
alb,2008,1.010599613189697
alb,2009,1.010695576667786
alb,2010,1.010688304901123
alb,2011,1.011088609695435
alb,2012,1.010979056358337
alb,2013,1.011484026908875
alb,2014,1.011683583259583
alb,2015,1.011776447296143
alb,2016,1.01186990737915
alb,2017,1.012169718742371
alb,2018,1.012675046920776
alb,2019,1.012970089912415
alb,2020,1.012754321098328
alb,2021,1.012950301170349
alb,2022,1.013245344161987
alb,2023,1.01283061504364
alb,2024,1.01282012462616
alb,2025,1.013118863105774
arg,1981,1.057031631469727
arg,1982,1.061296582221985
arg,1983,1.057218313217163
arg,1984,1.053614258766174
arg,1985,1.052782773971558
arg,1986,1.05544102191925
arg,1987,1.058415770530701
arg,1988,1.061231255531311
arg,1989,1.068517565727234
arg,1990,1.074477076530457
arg,1991,1.076663851737976
arg,1992,1.074838042259216
arg,1993,1.075956702232361
arg,1994,1.077704548835754
arg,1995,1.083257913589478
arg,1996,1.085472583770752
arg,1997,1.08280611038208
arg,1998,1.077759146690369
arg,1999,1.074700713157654
arg,2000,1.07427966594696
arg,2001,1.075204253196716
arg,2002,1.074302554130554
arg,2003,1.073588848114014
arg,2004,1.075180768966675
arg,2005,1.077643871307373
arg,2006,1.079811930656433
arg,2007,1.082098841667175
arg,2008,1.084401726722717
arg,2009,1.088544368743896
arg,2010,1.091703057289124
arg,2011,1.094846725463867
arg,2012,1.097796678543091
arg,2013,1.10096549987793
arg,2014,1.105329990386963
arg,2015,1.111004710197449
arg,2016,1.114813446998596
arg,2017,1.117672443389893
arg,2018,1.118271350860596
arg,2019,1.119435429573059
arg,2020,1.119211912155151
arg,2021,1.119507074356079
arg,2022,1.11993932723999
arg,2023,1.120335936546326
arg,2024,1.12131130695343
arg,2025,1.120681881904602
arm,1981,1.00484561920166
arm,1982,1.005044937133789
arm,1983,1.005244731903076
arm,1984,1.005545973777771
arm,1985,1.005746483802795
arm,1986,1.005948662757874
arm,1987,1.006048917770386
arm,1988,1.005848288536072
arm,1989,1.005748510360718
arm,1990,1.00575053691864
arm,1991,1.005852937698364
arm,1992,1.006458401679993
arm,1993,1.007166504859924
arm,1994,1.008279800415039
arm,1995,1.009294152259827
arm,1996,1.010308742523193
arm,1997,1.011420965194702
arm,1998,1.012129545211792
arm,1999,1.012535929679871
arm,2000,1.01233696937561
arm,2001,1.012333631515503
arm,2002,1.011725664138794
arm,2003,1.011216282844543
arm,2004,1.010709047317505
arm,2005,1.010203242301941
arm,2006,1.00989842414856
arm,2007,1.00949239730835
arm,2008,1.009288549423218
arm,2009,1.008984446525574
arm,2010,1.008480191230774
arm,2011,1.007875919342041
arm,2012,1.007371544837952
arm,2013,1.007269978523254
arm,2014,1.007367372512817
arm,2015,1.007766604423523
arm,2016,1.008466482162476
arm,2017,1.008864879608154
arm,2018,1.009062528610229
arm,2019,1.008960008621216
arm,2020,1.008858442306519
arm,2021,1.00885546207428
arm,2022,1.008753657341003
arm,2023,1.008650660514832
arm,2024,1.008748888969421
arm,2025,1.008747935295105
aus,1981,1.014944434165955
aus,1982,1.014057278633118
aus,1983,1.01382052898407
aus,1984,1.014631986618042
aus,1985,1.014704465866089
aus,1986,1.014360547065735
aus,1987,1.013708353042603
aus,1988,1.013688206672668
aus,1989,1.013662457466125
aus,1990,1.013847708702087
aus,1991,1.013817191123962
aus,1992,1.013792514801025
aus,1993,1.013353705406189
aus,1994,1.012913465499878
aus,1995,1.01227080821991
aus,1996,1.012558579444885
aus,1997,1.012230157852173
aus,1998,1.012004256248474
aus,1999,1.011985659599304
aus,2000,1.011757135391235
aus,2001,1.011530876159668
aus,2002,1.011409640312195
aus,2003,1.010980606079102
aus,2004,1.010559320449829
aus,2005,1.009935021400452
aus,2006,1.009211897850037
aus,2007,1.008081436157227
aus,2008,1.007156729698181
aus,2009,1.006438255310059
aus,2010,1.005924582481384
aus,2011,1.005512118339539
aus,2012,1.005201935768127
aus,2013,1.005298733711243
aus,2014,1.005293965339661
aus,2015,1.005389928817749
aus,2016,1.005080938339233
aus,2017,1.005075335502625
aus,2018,1.004868268966675
aus,2019,1.004661679267883
aus,2020,1.004759430885315
aus,2021,1.004755973815918
aus,2022,1.004954934120178
aus,2023,1.004750728607178
aus,2024,1.004545450210571
aus,2025,1.004441380500793
aut,1981,1.000502943992615
aut,1982,1.000502824783325
aut,1983,1.000703811645508
aut,1984,1.000703811645508
aut,1985,1.000603199005127
aut,1986,1.000603318214417
aut,1987,1.000603318214417
aut,1988,1.000703811645508
aut,1989,1.000603199005127
aut,1990,1.000603318214417
aut,1991,1.000603199005127
aut,1992,1.000703811645508
aut,1993,1.000603199005127
aut,1994,1.000703811645508
aut,1995,1.000603199005127
aut,1996,1.000703811645508
aut,1997,1.000603199005127
aut,1998,1.000603318214417
aut,1999,1.000603199005127
aut,2000,1.000502586364746
aut,2001,1.000301599502563
aut,2002,1.000100612640381
aut,2003,1.0
aut,2004,1.0
aut,2005,1.00020158290863
aut,2006,1.000403165817261
aut,2007,1.000604391098022
aut,2008,1.000806093215942
aut,2009,1.001008629798889
aut,2010,1.000909209251404
aut,2011,1.001011371612549
aut,2012,1.000911355018616
aut,2013,1.001418352127075
aut,2014,1.001824021339417
aut,2015,1.002432703971863
aut,2016,1.002839803695679
aut,2017,1.003145933151245
aut,2018,1.003451228141785
aut,2019,1.003451943397522
aut,2020,1.003755211830139
aut,2021,1.003653168678284
aut,2022,1.003753304481506
aut,2023,1.003752589225769
aut,2024,1.003751754760742
aut,2025,1.003852248191833
aze,1981,0.928406059741974
aze,1982,0.932423174381256
aze,1983,0.9374988079071044
aze,1984,0.941600501537323
aze,1985,0.9452066421508788
aze,1986,0.9479661583900452
aze,1987,0.9503814578056335
aze,1988,0.9526002407073976
aze,1989,0.9543465971946716
aze,1990,0.9556339979171752
aze,1991,0.9554707407951356
aze,1992,0.9547333121299744
aze,1993,0.9554364085197448
aze,1994,0.9552848935127258
aze,1995,0.95523601770401
aze,1996,0.9552531838417052
aze,1997,0.9541338086128236
aze,1998,0.9538544416427612
aze,1999,0.9537873864173888
aze,2000,0.9536439776420592
aze,2001,0.9533116817474364
aze,2002,0.9524983763694764
aze,2003,0.9525476694107056
aze,2004,0.9531203508377076
aze,2005,0.9536579847335817
aze,2006,0.9547839760780334
aze,2007,0.955685555934906
aze,2008,0.9577997326850892
aze,2009,0.9598832130432128
aze,2010,0.9618472456932068
aze,2011,0.9635770916938782
aze,2012,0.9647857546806335
aze,2013,0.9666029810905457
aze,2014,0.9683037996292114
aze,2015,0.9704315662384032
aze,2016,0.9722411036491394
aze,2017,0.9740506410598756
aze,2018,0.9764853715896606
aze,2019,0.9791224598884584
aze,2020,0.9820706844329834
aze,2021,0.984703004360199
aze,2022,0.9864953756332396
aze,2023,0.9880696535110474
aze,2024,0.9887074828147888
aze,2025,0.9900594353675842
bdi,1981,0.4070215821266174
bdi,1982,0.4340915977954865
bdi,1983,0.4842543303966522
bdi,1984,0.5208704471588135
bdi,1985,0.5720920562744141
bdi,1986,0.6134235858917236
bdi,1987,0.6531973481178284
bdi,1988,0.6821784377098083
bdi,1989,0.6909032464027405
bdi,1990,0.6912460923194885
bdi,1991,0.6862759590148926
bdi,1992,0.6962460875511169
bdi,1993,0.7141410112380981
bdi,1994,0.7445078492164612
bdi,1995,0.7616875767707825
bdi,1996,0.7719129920005798
bdi,1997,0.7782115936279297
bdi,1998,0.7736897468566895
bdi,1999,0.7634113430976868
bdi,2000,0.747531533241272
bdi,2001,0.7283274531364441
bdi,2002,0.715451180934906
bdi,2003,0.6848790049552917
bdi,2004,0.6595542430877686
bdi,2005,0.6328787207603455
bdi,2006,0.6146063208580017
bdi,2007,0.5915703177452087
bdi,2008,0.5701472163200378
bdi,2009,0.5554454922676086
bdi,2010,0.5470204949378967
bdi,2011,0.5527075529098511
bdi,2012,0.5661413073539734
bdi,2013,0.5922233462333679
bdi,2014,0.6186509132385254
bdi,2015,0.6413483023643494
bdi,2016,0.6589915156364441
bdi,2017,0.6721041798591614
bdi,2018,0.6860254406929016
bdi,2019,0.6944513916969299
bdi,2020,0.7019369602203369
bdi,2021,0.7102793455123901
bdi,2022,0.7100590467453003
bdi,2023,0.7202096581459045
bdi,2024,0.730013370513916
bdi,2025,0.7391045093536377
bel,1981,0.9952899217605592
bel,1982,0.9975191950798036
bel,1983,0.9984952807426452
bel,1984,0.9987772703170776
bel,1985,1.001347184181213
bel,1986,1.001336812973022
bel,1987,1.003313541412354
bel,1988,1.004345059394836
bel,1989,1.00679337978363
bel,1990,1.008180499076843
bel,1991,1.009291648864746
bel,1992,1.009616136550903
bel,1993,1.009559869766235
bel,1994,1.008112907409668
bel,1995,1.008954167366028
bel,1996,1.009909272193909
bel,1997,1.00936758518219
bel,1998,1.007971405982971
bel,1999,1.007961511611938
bel,2000,1.009303689002991
bel,2001,1.011131763458252
bel,2002,1.014032125473022
bel,2003,1.016309022903442
bel,2004,1.018948078155518
bel,2005,1.022162437438965
bel,2006,1.025686621665955
bel,2007,1.027963638305664
bel,2008,1.028781890869141
bel,2009,1.030997633934021
bel,2010,1.033563852310181
bel,2011,1.03381621837616
bel,2012,1.033768773078918
bel,2013,1.032497644424438
bel,2014,1.030400633811951
bel,2015,1.026224374771118
bel,2016,1.023732662200928
bel,2017,1.022208213806152
bel,2018,1.021098017692566
bel,2019,1.020567536354065
bel,2020,1.021355390548706
bel,2021,1.02193546295166
bel,2022,1.021333456039429
bel,2023,1.021600365638733
bel,2024,1.021642088890076
bel,2025,1.022318243980408
ben,1981,0.2788878381252289
ben,1982,0.2888392508029938
ben,1983,0.2975791096687317
ben,1984,0.3100239932537079
ben,1985,0.3149434328079224
ben,1986,0.3192490339279175
ben,1987,0.3247596025466919
ben,1988,0.3317364752292633
ben,1989,0.3420455157756805
ben,1990,0.3504245281219482
ben,1991,0.3551524579524994
ben,1992,0.3562855124473572
ben,1993,0.3517074882984161
ben,1994,0.3460161089897156
ben,1995,0.3417519330978394
ben,1996,0.3421740531921387
ben,1997,0.3507629036903381
ben,1998,0.3552858531475067
ben,1999,0.3596776127815247
ben,2000,0.3663001358509064
ben,2001,0.3742800354957581
ben,2002,0.3810723423957825
ben,2003,0.3875634670257568
ben,2004,0.3929462730884552
ben,2005,0.3978941142559052
ben,2006,0.4022675156593323
ben,2007,0.410565197467804
ben,2008,0.4236002564430237
ben,2009,0.4478511810302734
ben,2010,0.4734565615653992
ben,2011,0.4982547760009766
ben,2012,0.5209365487098694
ben,2013,0.5390344858169556
ben,2014,0.5571612119674683
ben,2015,0.5745757222175598
ben,2016,0.5952235460281372
ben,2017,0.6134205460548401
ben,2018,0.6315430998802185
ben,2019,0.6417024731636047
ben,2020,0.648293137550354
ben,2021,0.6482173204421997
ben,2022,0.6481598019599915
ben,2023,0.648495078086853
ben,2024,0.652270495891571
ben,2025,0.6583327054977417
bfa,1981,0.3143958747386932
bfa,1982,0.3244387209415436
bfa,1983,0.3362476825714111
bfa,1984,0.346598207950592
bfa,1985,0.3645344376564026
bfa,1986,0.3874923288822174
bfa,1987,0.3981249332427979
bfa,1988,0.4097519516944885
bfa,1989,0.4227881729602814
bfa,1990,0.4322185218334198
bfa,1991,0.44749915599823
bfa,1992,0.4668254256248474
bfa,1993,0.491065502166748
bfa,1994,0.5114095211029053
bfa,1995,0.5284221768379211
bfa,1996,0.547615110874176
bfa,1997,0.567085325717926
bfa,1998,0.5873734951019287
bfa,1999,0.6051437854766846
bfa,2000,0.628425121307373
bfa,2001,0.6400629281997681
bfa,2002,0.6426035165786743
bfa,2003,0.637101411819458
bfa,2004,0.6273122429847717
bfa,2005,0.6135857701301575
bfa,2006,0.6002472043037415
bfa,2007,0.5895569920539856
bfa,2008,0.5848758220672607
bfa,2009,0.5859772562980652
bfa,2010,0.5986567139625549
bfa,2011,0.6153548955917358
bfa,2012,0.6356819868087769
bfa,2013,0.6602400541305542
bfa,2014,0.6896919012069702
bfa,2015,0.7219231128692627
bfa,2016,0.7569804787635803
bfa,2017,0.7863695025444031
bfa,2018,0.8166949152946472
bfa,2019,0.8394128084182739
bfa,2020,0.8552268147468567
bfa,2021,0.8651964664459229
bfa,2022,0.8700200319290161
bfa,2023,0.8789534568786621
bfa,2024,0.8851422667503357
bfa,2025,0.8931676149368286
bgd,1981,0.3731066286563873
bgd,1982,0.394096702337265
bgd,1983,0.4116222560405731
bgd,1984,0.4253562688827515
bgd,1985,0.4425846040248871
bgd,1986,0.4615543186664581
bgd,1987,0.4744012653827667
bgd,1988,0.4863146841526031
bgd,1989,0.4986173808574677
bgd,1990,0.5149553418159485
bgd,1991,0.5358074903488159
bgd,1992,0.5635092854499817
bgd,1993,0.5920942425727844
bgd,1994,0.6261933445930481
bgd,1995,0.662810742855072
bgd,1996,0.7002935409545898
bgd,1997,0.7376763224601746
bgd,1998,0.7753721475601196
bgd,1999,0.8117192983627319
bgd,2000,0.8553445339202881
bgd,2001,0.8980823159217834
bgd,2002,0.9468756318092346
bgd,2003,0.9890405535697936
bgd,2004,1.029780387878418
bgd,2005,1.060904502868652
bgd,2006,1.074481010437012
bgd,2007,1.082289695739746
bgd,2008,1.083017945289612
bgd,2009,1.088487386703491
bgd,2010,1.089935183525085
bgd,2011,1.096687793731689
bgd,2012,1.106256723403931
bgd,2013,1.113627195358276
bgd,2014,1.114968180656433
bgd,2015,1.11622142791748
bgd,2016,1.124029397964478
bgd,2017,1.134589791297913
bgd,2018,1.147274017333984
bgd,2019,1.157549381256104
bgd,2020,1.168984532356262
bgd,2021,1.17729115486145
bgd,2022,1.18301248550415
bgd,2023,1.187079906463623
bgd,2024,1.189823985099792
bgd,2025,1.191633224487305
bgr,1981,0.9879357218742372
bgr,1982,0.9882746934890748
bgr,1983,0.9874312877655028
bgr,1984,0.9877633452415466
bgr,1985,0.987670123577118
bgr,1986,0.9886435270309448
bgr,1987,0.9899346828460692
bgr,1988,0.9896271228790284
bgr,1989,0.990169644355774
bgr,1990,0.9906062483787536
bgr,1991,0.9913533329963684
bgr,1992,0.991144597530365
bgr,1993,0.991139829158783
bgr,1994,0.9910217523574828
bgr,1995,0.9901540279388428
bgr,1996,0.98884916305542
bgr,1997,0.9876383543014526
bgr,1998,0.9870721101760864
bgr,1999,0.98683100938797
bgr,2000,0.9862668514251708
bgr,2001,0.9850667119026184
bgr,2002,0.9828038811683656
bgr,2003,0.980757772922516
bgr,2004,0.978525459766388
bgr,2005,0.9781199097633362
bgr,2006,0.9787939786911012
bgr,2007,0.9802119135856628
bgr,2008,0.9821596145629884
bgr,2009,0.9836819767951964
bgr,2010,0.9859525561332704
bgr,2011,0.9882244467735292
bgr,2012,0.990058958530426
bgr,2013,0.9917801022529602
bgr,2014,0.9928553104400636
bgr,2015,0.9929696917533876
bgr,2016,0.9923394918441772
bgr,2017,0.9913942217826844
bgr,2018,0.9910866022109984
bgr,2019,0.9910921454429626
bgr,2020,0.9908818006515504
bgr,2021,0.9913067817687988
bgr,2022,0.9917353987693788
bgr,2023,0.9920605421066284
bgr,2024,0.9922771453857422
bgr,2025,0.992597997188568
bih,1981,0.9412610530853271
bih,1982,0.9452531933784484
bih,1983,0.9498330354690552
bih,1984,0.9535847902297974
bih,1985,0.9569050669670104
bih,1986,0.960429549217224
bih,1987,0.9634305238723756
bih,1988,0.9667428135871888
bih,1989,0.970139980316162
bih,1990,0.973335862159729
bih,1991,0.9761151671409608
bih,1992,0.9784832000732422
bih,1993,0.9813632369041444
bih,1994,0.984143853187561
bih,1995,0.9861027598381042
bih,1996,0.9879685044288636
bih,1997,0.9894242882728576
bih,1998,0.9908841252326964
bih,1999,0.992238223552704
bih,2000,0.9935889840126038
bih,2001,0.9947310090065002
bih,2002,0.9957667589187622
bih,2003,0.9961833357810974
bih,2004,0.997319221496582
bih,2005,0.9983518719673156
bih,2006,0.999382495880127
bih,2007,1.000411152839661
bih,2008,1.001333713531494
bih,2009,1.001946091651917
bih,2010,1.00265908241272
bih,2011,1.003268122673035
bih,2012,1.003876209259033
bih,2013,1.004178404808044
bih,2014,1.004886984825134
bih,2015,1.005492091178894
bih,2016,1.005995512008667
bih,2017,1.006294965744019
bih,2018,1.006998658180237
bih,2019,1.007498502731323
bih,2020,1.007898330688477
bih,2021,1.00829553604126
bih,2022,1.008692502975464
bih,2023,1.00899064540863
bih,2024,1.009487509727478
bih,2025,1.009782910346985
blr,1981,1.001814842224121
blr,1982,1.001915216445923
blr,1983,1.002015709877014
blr,1984,1.001914858818054
blr,1985,1.002015233039856
blr,1986,1.002014517784119
blr,1987,1.002215385437012
blr,1988,1.002214670181274
blr,1989,1.002113461494446
blr,1990,1.002414584159851
blr,1991,1.002615332603455
blr,1992,1.0027174949646
blr,1993,1.002820253372192
blr,1994,1.003024101257324
blr,1995,1.003327488899231
blr,1996,1.003427743911743
blr,1997,1.003225803375244
blr,1998,1.003124475479126
blr,1999,1.003022909164429
blr,2000,1.002720236778259
blr,2001,1.002418041229248
blr,2002,1.002317190170288
blr,2003,1.002216577529907
blr,2004,1.002317428588867
blr,2005,1.002318382263184
blr,2006,1.002420544624329
blr,2007,1.002118945121765
blr,2008,1.002118945121765
blr,2009,1.002118825912476
blr,2010,1.002018451690674
blr,2011,1.001615405082703
blr,2012,1.001313090324402
blr,2013,1.000808477401733
blr,2014,1.000505566596985
blr,2015,1.000303387641907
blr,2016,1.0
blr,2017,1.000101089477539
blr,2018,1.000303387641907
blr,2019,1.000606775283813
blr,2020,1.000909686088562
blr,2021,1.001111507415771
blr,2022,1.001313209533691
blr,2023,1.001312732696533
blr,2024,1.001312613487244
blr,2025,1.001413106918335
blz,1981,0.8584498763084412
blz,1982,0.8741124272346497
blz,1983,0.8848779201507568
blz,1984,0.9011338353157043
blz,1985,0.9143476486206056
blz,1986,0.9320057034492492
blz,1987,0.9498679041862488
blz,1988,0.966406524181366
blz,1989,0.991586983203888
blz,2025,1.29634416103363
bol,1981,0.7855043411254883
bol,1982,0.7967960238456726
bol,1983,0.8072923421859741
bol,1984,0.8154460787773132
bol,1985,0.8258680105209351
bol,1986,0.839635968208313
bol,1987,0.8466106057167053
bol,1988,0.8502750396728516
bol,1989,0.853030264377594
bol,1990,0.8565537929534912
bol,1991,0.8614411354064941
bol,1992,0.8683058023452759
bol,1993,0.8807604312896729
bol,1994,0.8929476141929626
bol,1995,0.9023733139038086
bol,1996,0.905992865562439
bol,1997,0.9108779430389404
bol,1998,0.9165031909942628
bol,1999,0.9239266514778136
bol,2000,0.9288870096206664
bol,2001,0.9366887211799622
bol,2002,0.9431585073471068
bol,2003,0.9512198567390442
bol,2004,0.9591469168663024
bol,2005,0.9660953283309937
bol,2006,0.9718994498252868
bol,2007,0.9761931896209716
bol,2008,0.9819093346595764
bol,2009,0.9886693954467772
bol,2010,0.9943451881408693
bol,2011,0.9989728331565856
bol,2012,1.001806616783142
bol,2013,1.004695177078247
bol,2014,1.006762146949768
bol,2015,1.009451985359192
bol,2016,1.011118769645691
bol,2017,1.014049649238586
bol,2018,1.015665173530579
bol,2019,1.016951680183411
bol,2020,1.016863465309143
bol,2021,1.016268610954285
bol,2022,1.015156149864197
bol,2023,1.014463901519775
bol,2024,1.013780117034912
bol,2025,1.013722777366638
bra,1981,1.102061867713928
bra,1982,1.110546708106995
bra,1983,1.118065595626831
bra,1984,1.126995205879211
bra,1985,1.138647556304932
bra,1986,1.146148443222046
bra,1987,1.150601029396057
bra,1988,1.150484561920166
bra,1989,1.15831470489502
bra,1990,1.163223028182983
bra,1991,1.170403838157654
bra,1992,1.175360560417175
bra,1993,1.176221370697021
bra,1994,1.175662398338318
bra,1995,1.171767473220825
bra,1996,1.164851903915405
bra,1997,1.15602719783783
bra,1998,1.145788550376892
bra,1999,1.138222694396973
bra,2000,1.133348107337952
bra,2001,1.132901191711426
bra,2002,1.13217568397522
bra,2003,1.133893847465515
bra,2004,1.134739756584167
bra,2005,1.134817719459534
bra,2006,1.134097933769226
bra,2007,1.134753823280334
bra,2008,1.137500405311584
bra,2009,1.138051748275757
bra,2010,1.136321425437927
bra,2011,1.133872509002686
bra,2012,1.130637526512146
bra,2013,1.125531673431396
bra,2014,1.119529247283936
bra,2015,1.111825466156006
bra,2016,1.103879332542419
bra,2017,1.096110463142395
bra,2018,1.089326739311218
bra,2019,1.084475040435791
bra,2020,1.079751372337341
bra,2021,1.07740843296051
bra,2022,1.075384974479675
bra,2023,1.073426961898804
bra,2024,1.072007179260254
bra,2025,1.069743037223816
brb,1981,0.9965661764144896
brb,1982,0.9970901012420654
brb,1983,0.9966795444488524
brb,1984,0.9965800642967224
brb,1985,0.9967914819717408
brb,1986,0.9966918230056764
brb,1987,0.9969028234481812
brb,1988,0.997112274169922
brb,1989,0.9972186088562012
brb,1990,0.9975293278694152
brb,1991,0.997840940952301
brb,1992,0.9977401494979858
brb,1993,0.9979486465454102
brb,1994,0.9983605742454528
brb,1995,0.9985673427581788
brb,1996,0.998569667339325
brb,1997,0.9984697103500366
brb,1998,0.9980646371841432
brb,1999,0.9975585341453552
brb,2000,0.997358500957489
brb,2001,0.9971579909324646
brb,2002,0.9968560934066772
brb,2003,0.9965546131134032
brb,2004,0.9963551759719848
brb,2005,0.9962563514709472
brb,2006,0.996158480644226
brb,2007,0.9961601495742798
brb,2008,0.996163845062256
brb,2009,0.9964680671691896
brb,2010,0.9966703057289124
brb,2011,0.9969740509986876
brb,2012,0.9973782896995544
brb,2013,0.9974806904792786
brb,2014,0.9975820183753968
brb,2015,0.997784435749054
brb,2016,0.9976844191551208
brb,2017,0.9977858066558838
brb,2018,0.9978873729705812
brb,2019,0.9978880882263184
brb,2020,0.9978891015052797
brb,2021,0.9979900121688844
brb,2022,0.997990608215332
brb,2023,0.998092234134674
brb,2024,0.9980925917625428
brb,2025,0.9982934594154358
btn,1981,0.0098995696753263
btn,1982,0.0335636921226978
btn,1983,0.0656116604804993
btn,1984,0.0970175266265869
btn,1985,0.1284134238958359
btn,1986,0.1593977212905884
btn,1987,0.1921483874320984
btn,1988,0.2216555923223495
btn,1989,0.2510929703712463
btn,1990,0.2851694822311401
btn,1991,0.3210067451000214
btn,1992,0.3529526591300964
btn,1993,0.3782801628112793
btn,1994,0.4089913070201874
btn,1995,0.4419676959514618
btn,1996,0.4724704623222351
btn,1997,0.5051442384719849
btn,1998,0.5393021106719971
btn,1999,0.5674757361412048
btn,2000,0.5974850058555603
btn,2001,0.629464864730835
btn,2002,0.6616278886795044
btn,2003,0.6963526606559753
btn,2004,0.7309919595718384
btn,2005,0.7684122920036316
btn,2006,0.8034310340881348
btn,2007,0.8400333523750305
btn,2008,0.8740469813346863
btn,2009,0.910359501838684
btn,2010,0.9474828243255616
btn,2011,0.9782843589782716
btn,2012,1.001592993736267
btn,2013,1.022204875946045
btn,2014,1.040193796157837
btn,2015,1.054537415504456
btn,2016,1.065536379814148
btn,2017,1.072721719741821
btn,2018,1.078909873962402
btn,2019,1.084968209266663
btn,2020,1.089713454246521
btn,2021,1.092856407165527
btn,2022,1.095080733299255
btn,2023,1.093530535697937
btn,2024,1.090887546539307
btn,2025,1.090005278587341
bwa,1981,0.8151305913925171
bwa,1982,0.8269165754318237
bwa,1983,0.8429335951805115
bwa,1984,0.8594434261322021
bwa,1985,0.8764535188674927
bwa,1986,0.8961331844329834
bwa,1987,0.9153507351875304
bwa,1988,0.923495352268219
bwa,1989,0.928189218044281
bwa,1990,0.9311109185218812
bwa,1991,0.92954421043396
bwa,1992,0.9265981316566468
bwa,1993,0.9217830896377563
bwa,1994,0.917349338531494
bwa,1995,0.9164608120918274
bwa,1996,0.9192081689834596
bwa,1997,0.9286397695541382
bwa,1998,0.9475224018096924
bwa,1999,0.975132405757904
bwa,2000,1.006442904472351
bwa,2001,1.033773303031921
bwa,2002,1.054398417472839
bwa,2003,1.071175813674927
bwa,2004,1.082821846008301
bwa,2005,1.089572429656982
bwa,2006,1.089313745498657
bwa,2007,1.083514809608459
bwa,2008,1.074488520622253
bwa,2009,1.066819190979004
bwa,2010,1.06319785118103
bwa,2011,1.060365200042725
bwa,2012,1.057429313659668
bwa,2013,1.055583596229553
bwa,2014,1.055126547813416
bwa,2015,1.053824067115784
bwa,2016,1.054240822792053
bwa,2017,1.054401636123657
bwa,2018,1.053891181945801
bwa,2019,1.052810192108154
bwa,2020,1.050963163375854
bwa,2021,1.050260663032532
bwa,2022,1.049411773681641
bwa,2023,1.049795389175415
bwa,2024,1.048407435417175
bwa,2025,1.048179268836975
caf,1981,0.3272779881954193
caf,1982,0.3297006487846375
caf,1983,0.3391475081443787
caf,1984,0.3503243625164032
caf,1985,0.3595859110355377
caf,1986,0.3718488812446594
caf,1987,0.3807608485221863
caf,1988,0.3878559470176697
caf,1989,0.3986943364143372
caf,1990,0.4043398201465607
caf,1991,0.4094403684139252
caf,1992,0.4157354533672333
caf,1993,0.4283699691295624
caf,1994,0.4455483555793762
caf,1995,0.4624991714954376
caf,1996,0.4840589165687561
caf,1997,0.4990604519844055
caf,1998,0.5093688368797302
caf,1999,0.5146195292472839
caf,2000,0.5193884372711182
caf,2001,0.5245429277420044
caf,2002,0.5241532921791077
caf,2003,0.517359733581543
caf,2004,0.5159858465194702
caf,2005,0.5167094469070435
caf,2006,0.5163442492485046
caf,2007,0.5211814641952515
caf,2008,0.5274065136909485
caf,2009,0.5358946919441223
caf,2010,0.5482099652290344
caf,2011,0.557429850101471
caf,2012,0.5688279271125793
caf,2013,0.5815853476524353
caf,2014,0.5841832756996155
caf,2015,0.5913642048835754
caf,2016,0.5984292030334473
caf,2017,0.607348620891571
caf,2018,0.6187025308609009
caf,2019,0.6268749833106995
caf,2020,0.6325417160987854
caf,2021,0.6388336420059204
caf,2022,0.6498287916183472
caf,2023,0.6584125757217407
caf,2024,0.6680086255073547
caf,2025,0.6752135753631592
can,1981,1.01197338104248
can,1982,1.011960744857788
can,1983,1.012155532836914
can,1984,1.011735081672668
can,1985,1.010800361633301
can,1986,1.009454965591431
can,1987,1.008825778961182
can,1988,1.008915185928345
can,1989,1.008906126022339
can,1990,1.009101390838623
can,1991,1.008787870407104
can,1992,1.008573889732361
can,1993,1.008462905883789
can,1994,1.008454203605652
can,1995,1.008753895759583
can,1996,1.009360671043396
can,1997,1.009660482406616
can,1998,1.009753823280334
can,1999,1.009746789932251
can,2000,1.009435176849365
can,2001,1.009127497673035
can,2002,1.008719205856323
can,2003,1.00861382484436
can,2004,1.0084068775177
can,2005,1.008302807807922
can,2006,1.0078946352005
can,2007,1.007890820503235
can,2008,1.007786154747009
can,2009,1.007781505584717
can,2010,1.007474184036255
can,2011,1.0074702501297
can,2012,1.007165551185608
can,2013,1.007061243057251
can,2014,1.006858825683594
can,2015,1.006855368614197
can,2016,1.006651759147644
can,2017,1.006748795509338
can,2018,1.006645798683167
can,2019,1.006442546844482
can,2020,1.00633978843689
can,2021,1.006237626075745
can,2022,1.006035327911377
can,2023,1.005933284759521
can,2024,1.005831837654114
can,2025,1.005729913711548
che,1981,1.004975914955139
che,1982,1.005898833274841
che,1983,1.006717443466187
che,1984,1.007126569747925
che,1985,1.007838249206543
che,1986,1.008551120758057
che,1987,1.0093674659729
che,1988,1.009469985961914
che,1989,1.009474992752075
che,1990,1.008968710899353
che,1991,1.008871555328369
che,1992,1.008766174316406
che,1993,1.00834584236145
che,1994,1.007923245429993
che,1995,1.008224010467529
che,1996,1.008318543434143
che,1997,1.008612871170044
che,1998,1.008400797843933
che,1999,1.008289456367493
che,2000,1.008078217506409
che,2001,1.00796902179718
che,2002,1.007452607154846
che,2003,1.007445812225342
che,2004,1.007539629936218
che,2005,1.007532715797424
che,2006,1.007424592971802
che,2007,1.007318019866943
che,2008,1.007211565971375
che,2009,1.00741171836853
che,2010,1.007205724716187
che,2011,1.007100343704224
che,2012,1.006994247436523
che,2013,1.006888270378113
che,2014,1.006783962249756
che,2015,1.006679534912109
che,2016,1.00647509098053
che,2017,1.00657320022583
che,2018,1.006670475006104
che,2019,1.006667256355286
che,2020,1.006461977958679
che,2021,1.006460666656494
che,2022,1.006759762763977
che,2023,1.006656646728516
che,2024,1.0067538022995
che,2025,1.006952524185181
chl,1981,0.9926446080207824
chl,1982,0.9944246411323548
chl,1983,0.9954559206962584
chl,1984,0.9978094100952148
chl,1985,0.9992774724960328
chl,1986,1.002026915550232
chl,1987,1.004477739334106
chl,1988,1.009883642196655
chl,1989,1.012411236763
chl,1990,1.013447523117065
chl,1991,1.012229800224304
chl,1992,1.010924339294434
chl,1993,1.01051127910614
chl,1994,1.011772751808167
chl,1995,1.013234853744507
chl,1996,1.012515187263489
chl,1997,1.011025786399841
chl,1998,1.009867310523987
chl,1999,1.010006070137024
chl,2000,1.010678172111511
chl,2001,1.011027574539185
chl,2002,1.011790752410889
chl,2003,1.012441754341125
chl,2004,1.013927459716797
chl,2005,1.015095829963684
chl,2006,1.01678991317749
chl,2007,1.018179178237915
chl,2008,1.019371628761292
chl,2009,1.019858598709106
chl,2010,1.019838452339172
chl,2011,1.018802642822266
chl,2012,1.018079161643982
chl,2013,1.01777172088623
chl,2014,1.018178343772888
chl,2015,1.017979621887207
chl,2016,1.018184065818787
chl,2017,1.019088983535767
chl,2018,1.019578456878662
chl,2019,1.019653558731079
chl,2020,1.019423961639404
chl,2021,1.018991947174072
chl,2022,1.018259644508362
chl,2023,1.017733693122864
chl,2024,1.0176100730896
chl,2025,1.01718270778656
chn,1981,0.6916713714599609
chn,1982,0.6739970445632935
chn,1983,0.6581199765205383
chn,1984,0.6474512219429016
chn,1985,0.6457474231719971
chn,1986,0.6527366638183594
chn,1987,0.670522153377533
chn,1988,0.693200409412384
chn,1989,0.7161017060279846
chn,1990,0.7376101016998291
chn,1991,0.7570438981056213
chn,1992,0.7752954363822937
chn,1993,0.7942082285881042
chn,1994,0.8118100762367249
chn,1995,0.8270455598831177
chn,1996,0.8440776467323303
chn,1997,0.8605440258979797
chn,1998,0.8798746466636658
chn,1999,0.8991742134094238
chn,2000,0.9158760905265808
chn,2001,0.9260907769203186
chn,2002,0.9295712113380432
chn,2003,0.9315611720085144
chn,2004,0.934941291809082
chn,2005,0.940677046775818
chn,2006,0.9550874829292296
chn,2007,0.976688027381897
chn,2008,0.9987766146659852
chn,2009,1.019508361816406
chn,2010,1.035286545753479
chn,2011,1.047695517539978
chn,2012,1.05585789680481
chn,2013,1.061777114868164
chn,2014,1.066691756248474
chn,2015,1.07070517539978
chn,2016,1.074072122573853
chn,2017,1.075920104980469
chn,2018,1.077191829681396
chn,2019,1.078313827514648
chn,2020,1.077914476394653
chn,2021,1.077461957931519
chn,2022,1.07753849029541
chn,2023,1.076993346214294
chn,2024,1.075177788734436
chn,2025,1.073031544685364
civ,1981,0.1626729369163513
civ,1982,0.1763641685247421
civ,1983,0.1897501945495605
civ,1984,0.2020388692617416
civ,1985,0.2101995944976807
civ,1986,0.216931164264679
civ,1987,0.2284413129091263
civ,1988,0.2461067587137222
civ,1989,0.2631145119667053
civ,1990,0.2784730494022369
civ,1991,0.293022632598877
civ,1992,0.3035525977611542
civ,1993,0.3168145716190338
civ,1994,0.3342463076114655
civ,1995,0.3478951454162598
civ,1996,0.3620715141296387
civ,1997,0.3842553198337555
civ,1998,0.40863436460495
civ,1999,0.4352461397647858
civ,2000,0.455897331237793
civ,2001,0.4773966670036316
civ,2002,0.4955868422985077
civ,2003,0.5128315687179565
civ,2004,0.5227054357528687
civ,2005,0.5287694334983826
civ,2006,0.5381134152412415
civ,2007,0.5493301749229431
civ,2008,0.560943603515625
civ,2009,0.5724122524261475
civ,2010,0.581339418888092
civ,2011,0.5919162034988403
civ,2012,0.604108989238739
civ,2013,0.6145365834236145
civ,2014,0.620622992515564
civ,2015,0.6270233988761902
civ,2016,0.6339946389198303
civ,2017,0.6450321078300476
civ,2018,0.6613026261329651
civ,2019,0.6859970092773438
civ,2020,0.7146542072296143
civ,2021,0.7359716296195984
civ,2022,0.7553651928901672
civ,2023,0.773208737373352
civ,2024,0.7888239622116089
civ,2025,0.8018231391906738
cmr,1981,0.4517220258712769
cmr,1982,0.4607786238193512
cmr,1983,0.473247766494751
cmr,1984,0.4802650511264801
cmr,1985,0.4943532645702362
cmr,1986,0.5116795897483826
cmr,1987,0.5345143675804138
cmr,1988,0.5555048584938049
cmr,1989,0.5751519799232483
cmr,1990,0.5938250422477722
cmr,1991,0.6155410408973694
cmr,1992,0.640678882598877
cmr,1993,0.6694654822349548
cmr,1994,0.6954579949378967
cmr,1995,0.7084124088287354
cmr,1996,0.7234367728233337
cmr,1997,0.7376899719238281
cmr,1998,0.7561501264572144
cmr,1999,0.7739965319633484
cmr,2000,0.7782489061355591
cmr,2001,0.7709431052207947
cmr,2002,0.7702146172523499
cmr,2003,0.7778019309043884
cmr,2004,0.7979308366775513
cmr,2005,0.8183760046958923
cmr,2006,0.8337653875350952
cmr,2007,0.8459868431091309
cmr,2008,0.8559221625328064
cmr,2009,0.8690260648727417
cmr,2010,0.8852013349533081
cmr,2011,0.9016226530075072
cmr,2012,0.9190022945404052
cmr,2013,0.9343212842941284
cmr,2014,0.9439367055892944
cmr,2015,0.9492002129554749
cmr,2016,0.9567213654518129
cmr,2017,0.9680773615837096
cmr,2018,0.9782508611679076
cmr,2019,0.9886704087257384
cmr,2020,1.001096367835999
cmr,2021,1.011775970458984
cmr,2022,1.022560834884644
cmr,2023,1.032385468482971
cmr,2024,1.046593427658081
cmr,2025,1.057853221893311
cod,1981,0.4074897170066833
cod,1982,0.4211840927600861
cod,1983,0.4366455376148224
cod,1984,0.4518259167671204
cod,1985,0.4676547944545746
cod,1986,0.4810120165348053
cod,1987,0.4942251145839691
cod,1988,0.5021967887878418
cod,1989,0.5145851373672485
cod,1990,0.5288070440292358
cod,1991,0.54630047082901
cod,1992,0.5631955862045288
cod,1993,0.5816023945808411
cod,1994,0.5974337458610535
cod,1995,0.612140417098999
cod,1996,0.6379947066307068
cod,1997,0.6589275598526001
cod,1998,0.6691997647285461
cod,1999,0.6685736775398254
cod,2000,0.6699208617210388
cod,2001,0.6753123998641968
cod,2002,0.6760750412940979
cod,2003,0.6780831813812256
cod,2004,0.6876600980758667
cod,2005,0.7101402878761292
cod,2006,0.7384403347969055
cod,2007,0.763507604598999
cod,2008,0.7821182608604431
cod,2009,0.7958741188049316
cod,2010,0.8170051574707031
cod,2011,0.8418358564376831
cod,2012,0.8689143061637878
cod,2013,0.8885219097137451
cod,2014,0.9072020649909972
cod,2015,0.9269468784332277
cod,2016,0.9499417543411256
cod,2017,0.976529896259308
cod,2018,1.002679109573364
cod,2019,1.019165635108948
cod,2020,1.031104922294617
cod,2021,1.039910197257996
cod,2022,1.050722599029541
cod,2023,1.062021136283875
cod,2024,1.073274970054626
cod,2025,1.081006407737732
cog,1981,0.4961428344249725
cog,1982,0.5096505284309387
cog,1983,0.5142048001289368
cog,1984,0.521448016166687
cog,1985,0.5310701131820679
cog,1986,0.5391893982887268
cog,1987,0.5446110367774963
cog,1988,0.5449302792549133
cog,1989,0.5573701858520508
cog,1990,0.5723534226417542
cog,1991,0.5919845104217529
cog,1992,0.61456298828125
cog,1993,0.6444399356842041
cog,1994,0.6727761626243591
cog,1995,0.7048391103744507
cog,1996,0.739089846611023
cog,1997,0.7770195007324219
cog,1998,0.81142657995224
cog,1999,0.8401317000389099
cog,2000,0.8607794046401978
cog,2001,0.8782718777656555
cog,2002,0.8965276479721069
cog,2003,0.9173080921173096
cog,2004,0.933574676513672
cog,2005,0.9482775926589966
cog,2006,0.9584465622901917
cog,2007,0.971566379070282
cog,2008,0.9805529117584229
cog,2009,0.9727663993835448
cog,2010,0.9517453908920288
cog,2011,0.9255176186561584
cog,2012,0.8967353105545044
cog,2013,0.8602288365364075
cog,2014,0.8212870359420776
cog,2015,0.7923572659492493
cog,2016,0.7624148726463318
cog,2017,0.7432195544242859
cog,2018,0.7286160588264465
cog,2019,0.7110701203346252
cog,2020,0.700896680355072
cog,2021,0.6954148411750793
cog,2022,0.6925325989723206
cog,2023,0.6889679431915283
cog,2024,0.6904016137123108
cog,2025,0.6872350573539734
col,1981,1.131938695907593
col,1982,1.13912570476532
col,1983,1.145897626876831
col,1984,1.155062675476074
col,1985,1.158675074577332
col,1986,1.160789132118225
col,1987,1.16875946521759
col,1988,1.175773024559021
col,1989,1.180165648460388
col,1990,1.182181835174561
col,1991,1.181052923202515
col,1992,1.175755023956299
col,1993,1.166560649871826
col,1994,1.156811833381653
col,1995,1.151258587837219
col,1996,1.153043508529663
col,1997,1.154616355895996
col,1998,1.152558088302612
col,1999,1.149009346961975
col,2000,1.144931793212891
col,2001,1.139101028442383
col,2002,1.132465720176697
col,2003,1.129884123802185
col,2004,1.127924799919128
col,2005,1.124431848526001
col,2006,1.119874238967896
col,2007,1.1170254945755
col,2008,1.114945530891418
col,2009,1.112578392028809
col,2010,1.110019326210022
col,2011,1.108806133270264
col,2012,1.105643033981323
col,2013,1.098441362380981
col,2014,1.090052723884583
col,2015,1.081931352615356
col,2016,1.078232765197754
col,2017,1.077378153800964
col,2018,1.076400637626648
col,2019,1.07435417175293
col,2020,1.071648955345154
col,2021,1.069231748580933
col,2022,1.068106770515442
col,2023,1.066097855567932
col,2024,1.06421434879303
col,2025,1.063554286956787
com,1981,0.1608279049396515
com,1982,0.1821260750293732
com,1983,0.2090294361114502
com,1984,0.2378081530332565
com,1985,0.2637312114238739
com,1986,0.2863605618476868
com,1987,0.3111466467380524
com,1988,0.3341407477855682
com,1989,0.3508767187595367
com,1990,0.369045615196228
com,1991,0.3929829299449921
com,1992,0.4134330451488495
com,1993,0.4300517141819
com,1994,0.4493380486965179
com,1995,0.4667313098907471
com,1996,0.4904216229915619
com,1997,0.5169050097465515
com,1998,0.5510866045951843
com,1999,0.5885736346244812
com,2000,0.6338469386100769
com,2001,0.6765576601028442
com,2002,0.7174837589263916
com,2003,0.758000373840332
com,2004,0.797109842300415
com,2005,0.8353960514068604
com,2006,0.8752548694610596
com,2007,0.9103229641914368
com,2008,0.9469701647758484
com,2009,0.9881192445755004
com,2010,1.022050261497498
com,2011,1.051632642745972
com,2012,1.080073952674866
com,2013,1.110212087631226
com,2014,1.142197847366333
com,2015,1.167643427848816
com,2016,1.186112284660339
com,2017,1.197159290313721
com,2018,1.207838416099548
com,2019,1.215161919593811
com,2020,1.224437117576599
com,2021,1.236724019050598
com,2022,1.250650644302368
com,2023,1.260365962982178
com,2024,1.268438220024109
com,2025,1.275525450706482
cri,1981,0.9973251819610596
cri,1982,1.001933336257935
cri,1983,1.004376292228699
cri,1984,0.9893910884857178
cri,1985,0.9761474132537842
cri,1986,0.9629431366920472
cri,1987,0.9633463621139526
cri,1988,0.9674673676490784
cri,1989,0.9756555557250975
cri,1990,0.9822531342506408
cri,1991,0.9870988726615906
cri,1992,0.9952916502952576
cri,1993,1.00121283531189
cri,1994,1.005692362785339
cri,1995,1.004433393478394
cri,1996,1.011339664459229
cri,1997,1.023313879966736
cri,1998,1.039483547210693
cri,1999,1.059730768203735
cri,2000,1.084603667259216
cri,2001,1.099527716636658
cri,2002,1.106085062026978
cri,2003,1.106720924377441
cri,2004,1.10962700843811
cri,2005,1.110424757003784
cri,2006,1.114403486251831
cri,2007,1.122764110565186
cri,2008,1.130849719047546
cri,2009,1.136734843254089
cri,2010,1.13884961605072
cri,2011,1.139032244682312
cri,2012,1.135116696357727
cri,2013,1.129089593887329
cri,2014,1.120468616485596
cri,2015,1.11473536491394
cri,2016,1.10974657535553
cri,2017,1.108241677284241
cri,2018,1.108641147613525
cri,2019,1.108234167098999
cri,2020,1.108846545219421
cri,2021,1.107723951339722
cri,2022,1.109224200248718
cri,2023,1.111047387123108
cri,2024,1.112390875816345
cri,2025,1.111687660217285
cub,1981,1.019563436508179
cub,1982,1.021137952804565
cub,1983,1.022902131080627
cub,1984,1.024662137031555
cub,1985,1.027523398399353
cub,1986,1.031594157218933
cub,1987,1.036112427711487
cub,1988,1.039417266845703
cub,1989,1.040215969085693
cub,1990,1.039396643638611
cub,1991,1.039249420166016
cub,1992,1.040114164352417
cub,1993,1.043506860733032
cub,1994,1.047085642814636
cub,1995,1.049954056739807
cub,1996,1.051413297653198
cub,1997,1.052172541618347
cub,1998,1.051896929740906
cub,1999,1.049711942672729
cub,2000,1.045859932899475
cub,2001,1.041465520858765
cub,2002,1.037695646286011
cub,2003,1.034645795822144
cub,2004,1.030960202217102
cub,2005,1.027741193771362
cub,2006,1.02477240562439
cub,2007,1.022127866744995
cub,2008,1.018990039825439
cub,2009,1.015874981880188
cub,2010,1.012681603431702
cub,2011,1.010527372360229
cub,2012,1.009408712387085
cub,2013,1.010040879249573
cub,2014,1.01191782951355
cub,2015,1.014531016349792
cub,2016,1.016947150230408
cub,2017,1.019052982330322
cub,2018,1.020427823066711
cub,2019,1.021988749504089
cub,2020,1.022909283638
cub,2021,1.023097276687622
cub,2022,1.022866010665894
cub,2023,1.022728085517883
cub,2024,1.022692561149597
cub,2025,1.02235209941864
cyp,1981,0.984530508518219
cyp,1982,0.9860495924949646
cyp,1983,0.9871421456336976
cyp,1984,0.989307940006256
cyp,1985,0.9911540746688844
cyp,1986,0.992239773273468
cyp,1987,0.9952574968338012
cyp,1988,0.9976305961608888
cyp,1989,0.9991391897201538
cyp,1990,1.000322341918945
cyp,1991,1.001821279525757
cyp,1992,1.003527164459229
cyp,1993,1.005441427230835
cyp,1994,1.008521199226379
cyp,1995,1.010632634162903
cyp,1996,1.012414693832397
cyp,1997,1.013651847839355
cyp,1998,1.013200759887695
cyp,1999,1.012751221656799
cyp,2000,1.012086510658264
cyp,2001,1.011524677276611
cyp,2002,1.011906504631042
cyp,2003,1.013327240943909
cyp,2004,1.015373229980469
cyp,2005,1.016795754432678
cyp,2006,1.017902255058289
cyp,2007,1.017978310585022
cyp,2008,1.018055558204651
cyp,2009,1.018760800361633
cyp,2010,1.0204097032547
cyp,2011,1.022080302238464
cyp,2012,1.023249506950378
cyp,2013,1.023183345794678
cyp,2014,1.022291541099548
cyp,2015,1.022228360176086
cyp,2016,1.022909164428711
cyp,2017,1.024634838104248
cyp,2018,1.02707839012146
cyp,2019,1.028362274169922
cyp,2020,1.029392957687378
cyp,2021,1.029989361763
cyp,2022,1.029754638671875
cyp,2023,1.030031442642212
cyp,2024,1.030300498008728
cyp,2025,1.030982971191406
cze,1981,1.000943064689636
cze,1982,1.001046776771545
cze,1983,1.001150727272034
cze,1984,1.001254320144653
cze,1985,1.00146222114563
cze,1986,1.00156569480896
cze,1987,1.001356363296509
cze,1988,1.001355409622192
cze,1989,1.001354694366455
cze,1990,1.001354098320007
cze,1991,1.001458048820496
cze,1992,1.001458048820496
cze,1993,1.001353859901428
cze,1994,1.001457810401917
cze,1995,1.001457452774048
cze,1996,1.001561641693115
cze,1997,1.001562118530273
cze,1998,1.001561880111694
cze,1999,1.001457929611206
cze,2000,1.001457810401917
cze,2001,1.001457810401917
cze,2002,1.001353859901428
cze,2003,1.001458048820496
cze,2004,1.001457929611206
cze,2005,1.001457571983337
cze,2006,1.001457571983337
cze,2007,1.001353859901428
cze,2008,1.00124979019165
cze,2009,1.001457571983337
cze,2010,1.001562356948853
cze,2011,1.001667022705078
cze,2012,1.001458764076233
cze,2013,1.001354813575745
cze,2014,1.001458883285522
cze,2015,1.00145947933197
cze,2016,1.001461029052734
cze,2017,1.001461982727051
cze,2018,1.001566648483276
cze,2019,1.001775145530701
cze,2020,1.001774311065674
cze,2021,1.001877665519714
cze,2022,1.001876354217529
cze,2023,1.00156307220459
cze,2024,1.00166642665863
cze,2025,1.001769304275513
deu,1981,0.9607365727424622
deu,1982,0.9618462920188904
deu,1983,0.962733805179596
deu,1984,0.964030623435974
deu,1985,0.9647083878517152
deu,1986,0.9655979871749878
deu,1987,0.966387927532196
deu,1988,0.9677929282188416
deu,1989,0.969299852848053
deu,1990,0.970368266105652
deu,1991,0.971962034702301
deu,1992,0.9729229211807252
deu,1993,0.9748645424842834
deu,1994,0.9761653542518616
deu,1995,0.9779162406921388
deu,1996,0.9799898862838744
deu,1997,0.9815273284912108
deu,1998,0.9826229214668274
deu,1999,0.98339182138443
deu,2000,0.9844925403594972
deu,2001,0.985583484172821
deu,2002,0.9865596890449524
deu,2003,0.9877418875694276
deu,2004,0.9892405271530152
deu,2005,0.9909573793411256
deu,2006,0.992033064365387
deu,2007,0.9928935170173644
deu,2008,0.9936476945877076
deu,2009,0.9940808415412904
deu,2010,0.9940770268440248
deu,2011,0.9950342774391174
deu,2012,0.9970776438713074
deu,2013,0.999891459941864
deu,2014,1.001843690872192
deu,2015,1.003687262535095
deu,2016,1.00369119644165
deu,2017,1.004232406616211
deu,2018,1.004663467407227
deu,2019,1.005306005477905
deu,2020,1.005409479141235
deu,2021,1.005942344665527
deu,2022,1.006473183631897
deu,2023,1.006357550621033
deu,2024,1.006455183029175
deu,2025,1.007412552833557
dji,1981,0.1505952030420303
dji,1982,0.1675336062908173
dji,1983,0.1860979497432709
dji,1984,0.2093700468540192
dji,1985,0.2286428362131119
dji,1986,0.2445982545614243
dji,1987,0.2673172354698181
dji,1988,0.2884242534637451
dji,1989,0.3056451380252838
dji,1990,0.3212058544158936
dji,1991,0.3327621221542358
dji,1992,0.3450609445571899
dji,1993,0.356352835893631
dji,1994,0.3710392713546753
dji,1995,0.3877440690994263
dji,1996,0.4113545119762421
dji,1997,0.4372119307518005
dji,1998,0.4629036486148834
dji,1999,0.4884743094444275
dji,2000,0.5117868185043335
dji,2001,0.5359736084938049
dji,2002,0.5572037100791931
dji,2003,0.5759188532829285
dji,2004,0.5925777554512024
dji,2005,0.6082234978675842
dji,2006,0.6241576671600342
dji,2007,0.641385555267334
dji,2008,0.6559441685676575
dji,2009,0.6736211776733398
dji,2010,0.6925356984138489
dji,2011,0.7128632664680481
dji,2012,0.7313046455383301
dji,2013,0.7501734495162964
dji,2014,0.7597058415412903
dji,2015,0.7758766412734985
dji,2016,0.7930753231048584
dji,2017,0.8111333847045898
dji,2018,0.8249859809875488
dji,2019,0.8396802544593811
dji,2020,0.8544834852218628
dji,2021,0.8672394752502441
dji,2022,0.8785904049873352
dji,2023,0.8907248377799988
dji,2024,0.9033602476119996
dji,2025,0.9178861379623412
dnk,1981,0.9991954565048218
dnk,1982,0.9992961287498474
dnk,1983,0.99919593334198
dnk,1984,0.999296486377716
dnk,1985,0.999397039413452
dnk,1986,0.9995980858802797
dnk,1987,0.9996986389160156
dnk,1988,0.9996986985206604
dnk,1989,0.9997991323471068
dnk,1990,0.9996986985206604
dnk,1991,0.9996986985206604
dnk,1992,0.9997991919517516
dnk,1993,0.9997991919517516
dnk,1994,0.9997991919517516
dnk,1995,0.9997990727424622
dnk,1996,0.9997991919517516
dnk,1997,0.9998995661735536
dnk,1998,0.9998995661735536
dnk,1999,0.9998996257781982
dnk,2000,0.9997991919517516
dnk,2001,0.9996987581253052
dnk,2002,0.9997991323471068
dnk,2003,0.9997991919517516
dnk,2004,0.9998995661735536
dnk,2005,0.9997991323471068
dnk,2006,0.9997991323471068
dnk,2007,1.0
dnk,2008,1.0
dnk,2009,1.0
dnk,2010,1.0
dnk,2011,1.0
dnk,2012,1.0
dnk,2013,1.0
dnk,2014,1.0
dnk,2015,1.000100374221802
dnk,2016,1.000100374221802
dnk,2017,1.000200748443604
dnk,2018,1.000200629234314
dnk,2019,1.000301122665405
dnk,2020,1.000300884246826
dnk,2021,1.000300884246826
dnk,2022,1.000300884246826
dnk,2023,1.000200510025024
dnk,2024,1.000300765037537
dnk,2025,1.000401020050049
dom,1981,1.088771939277649
dom,1982,1.096580982208252
dom,1983,1.106398582458496
dom,1984,1.120844006538391
dom,1985,1.131017804145813
dom,1986,1.139158368110657
dom,1987,1.145048975944519
dom,1988,1.152820348739624
dom,1989,1.160062074661255
dom,1990,1.16737973690033
dom,1991,1.175067901611328
dom,1992,1.179175019264221
dom,1993,1.175405025482178
dom,1994,1.168233752250671
dom,1995,1.162813901901245
dom,1996,1.161268353462219
dom,1997,1.162792563438416
dom,1998,1.161221981048584
dom,1999,1.156973004341125
dom,2000,1.14925217628479
dom,2001,1.14696741104126
dom,2002,1.147579431533813
dom,2003,1.147307395935059
dom,2004,1.146625518798828
dom,2005,1.144640803337097
dom,2006,1.141333341598511
dom,2007,1.137175559997559
dom,2008,1.133328676223755
dom,2009,1.130175590515137
dom,2010,1.126193284988403
dom,2011,1.12273633480072
dom,2012,1.121863842010498
dom,2013,1.121602058410645
dom,2014,1.122445225715637
dom,2015,1.121785402297974
dom,2016,1.12051784992218
dom,2017,1.118267059326172
dom,2018,1.117469310760498
dom,2019,1.116127014160156
dom,2020,1.115209579467773
dom,2021,1.11319625377655
dom,2022,1.110783576965332
dom,2023,1.108703255653381
dom,2024,1.107661724090576
dom,2025,1.106712579727173
dza,1981,0.5260754823684692
dza,1982,0.547980785369873
dza,1983,0.5755327939987183
dza,1984,0.601871907711029
dza,1985,0.6280378699302673
dza,1986,0.6540772318840027
dza,1987,0.6777528524398804
dza,1988,0.7058001756668091
dza,1989,0.7337700128555298
dza,1990,0.7630916237831116
dza,1991,0.7904897928237915
dza,1992,0.8179959058761597
dza,1993,0.8452595472335815
dza,1994,0.8667563199996948
dza,1995,0.8871838450431824
dza,1996,0.9161118865013124
dza,1997,0.9525388479232788
dza,1998,0.9949701428413392
dza,1999,1.036604285240173
dza,2000,1.072380900382996
dza,2001,1.099399924278259
dza,2002,1.121984601020813
dza,2003,1.133803248405457
dza,2004,1.148993253707886
dza,2005,1.162233591079712
dza,2006,1.172609090805054
dza,2007,1.185966491699219
dza,2008,1.198938846588135
dza,2009,1.213362455368042
dza,2010,1.224450707435608
dza,2011,1.230903267860413
dza,2012,1.236671686172485
dza,2013,1.242779731750488
dza,2014,1.248413801193237
dza,2015,1.252118706703186
dza,2016,1.256141543388367
dza,2017,1.257614731788635
dza,2018,1.259119629859924
dza,2019,1.257323741912842
dza,2020,1.2577885389328
dza,2021,1.25940203666687
dza,2022,1.260819315910339
dza,2023,1.26240348815918
dza,2024,1.262497425079346
dza,2025,1.262081980705261
ecu,1981,0.9632193446159364
ecu,1982,0.96808260679245
ecu,1983,0.9754926562309264
ecu,1984,0.9832096695899964
ecu,1985,0.9874955415725708
ecu,1986,0.9971527457237244
ecu,1987,1.007253527641296
ecu,1988,1.014419198036194
ecu,1989,1.020514130592346
ecu,1990,1.023278832435608
ecu,1991,1.026330947875977
ecu,1992,1.03031063079834
ecu,1993,1.035847187042236
ecu,1994,1.03735613822937
ecu,1995,1.036027193069458
ecu,1996,1.037209510803223
ecu,1997,1.041679978370667
ecu,1998,1.044997811317444
ecu,1999,1.042850494384766
ecu,2000,1.039458751678467
ecu,2001,1.033266663551331
ecu,2002,1.025417566299438
ecu,2003,1.020418882369995
ecu,2004,1.018915057182312
ecu,2005,1.021782517433167
ecu,2006,1.025094032287598
ecu,2007,1.026532053947449
ecu,2008,1.025184869766235
ecu,2009,1.025860548019409
ecu,2010,1.029091119766235
ecu,2011,1.035237550735474
ecu,2012,1.040559411048889
ecu,2013,1.043580174446106
ecu,2014,1.041750550270081
ecu,2015,1.035174012184143
ecu,2016,1.025553703308105
ecu,2017,1.016102433204651
ecu,2018,1.008648753166199
ecu,2019,1.003354787826538
ecu,2020,0.9992499947547911
ecu,2021,0.9971371293067932
ecu,2022,0.996003270149231
ecu,2023,0.9952988624572754
ecu,2024,0.9938758611679076
ecu,2025,0.9933859705924988
egy,1981,0.5959673523902893
egy,1982,0.6156312823295593
egy,1983,0.6337531208992004
egy,1984,0.6517691016197205
egy,1985,0.6691594123840332
egy,1986,0.6872574687004089
egy,1987,0.7034770846366882
egy,1988,0.7189216613769531
egy,1989,0.7315348982810974
egy,1990,0.7433735132217407
egy,1991,0.7556352615356445
egy,1992,0.7694803476333618
egy,1993,0.7847837805747986
egy,1994,0.801692008972168
egy,1995,0.8209089636802673
egy,1996,0.8422171473503113
egy,1997,0.8606697916984558
egy,1998,0.8721328973770142
egy,1999,0.8792787194252014
egy,2000,0.8863721489906311
egy,2001,0.8974728584289551
egy,2002,0.9114565253257751
egy,2003,0.9224047064781188
egy,2004,0.932690978050232
egy,2005,0.9462668299674988
egy,2006,0.9613669514656068
egy,2007,0.9739001989364624
egy,2008,0.9827601313591005
egy,2009,0.9900686740875244
egy,2010,0.998346984386444
egy,2011,1.006419658660889
egy,2012,1.014553666114807
egy,2013,1.022017002105713
egy,2014,1.027540445327759
egy,2015,1.03182852268219
egy,2016,1.036113262176514
egy,2017,1.041564345359802
egy,2018,1.045191049575806
egy,2019,1.048247098922729
egy,2020,1.051340579986572
egy,2021,1.053364396095276
egy,2022,1.055870413780212
egy,2023,1.058163285255432
egy,2024,1.061580777168274
egy,2025,1.062726616859436
esp,1981,0.9912114143371582
esp,1982,0.9944872260093688
esp,1983,0.9958075284957886
esp,1984,0.9989912509918212
esp,1985,1.000875949859619
esp,1986,1.003224015235901
esp,1987,1.008793473243713
esp,1988,1.015722155570984
esp,1989,1.022241830825806
esp,1990,1.025891900062561
esp,1991,1.02940845489502
esp,1992,1.032314538955688
esp,1993,1.034170150756836
esp,1994,1.034602165222168
esp,1995,1.034575700759888
esp,1996,1.035209655761719
esp,1997,1.034501552581787
esp,1998,1.033970594406128
esp,1999,1.034183502197266
esp,2000,1.034409999847412
esp,2001,1.035925030708313
esp,2002,1.035833716392517
esp,2003,1.034977555274963
esp,2004,1.033371806144714
esp,2005,1.032270193099976
esp,2006,1.03173828125
esp,2007,1.034077763557434
esp,2008,1.037521362304688
esp,2009,1.03961968421936
esp,2010,1.039966106414795
esp,2011,1.038962125778198
esp,2012,1.037312507629395
esp,2013,1.034843921661377
esp,2014,1.032817244529724
esp,2015,1.031670212745667
esp,2016,1.030768275260925
esp,2017,1.030566573143005
esp,2018,1.030728340148926
esp,2019,1.030930399894714
esp,2020,1.031458139419556
esp,2021,1.032000660896301
esp,2022,1.032326579093933
esp,2023,1.032063841819763
esp,2024,1.031997799873352
esp,2025,1.031827211380005
est,1981,1.019780993461609
est,1982,1.019670128822327
est,1983,1.019653916358948
est,1984,1.019441843032837
est,1985,1.018930077552795
est,1986,1.0188227891922
est,1987,1.01881206035614
est,1988,1.019107460975647
est,1989,1.020012140274048
est,1990,1.02051854133606
est,1991,1.021329283714294
est,1992,1.021844983100891
est,1993,1.022868514060974
est,1994,1.02410876750946
est,1995,1.025551199913025
est,1996,1.027105450630188
est,1997,1.028449296951294
est,1998,1.029391288757324
est,1999,1.030001759529114
est,2000,1.029900074005127
est,2001,1.029280662536621
est,2002,1.029273509979248
est,2003,1.028862357139587
est,2004,1.028164267539978
est,2005,1.027963757514954
est,2006,1.027567148208618
est,2007,1.026963591575623
est,2008,1.025946974754333
est,2009,1.025228142738342
est,2010,1.024299740791321
est,2011,1.023571729660034
est,2012,1.023356437683105
est,2013,1.024357438087463
est,2014,1.025863409042358
est,2015,1.027061104774475
est,2016,1.028058528900146
est,2017,1.028142929077148
est,2018,1.028528451919556
est,2019,1.028210401535034
est,2020,1.028197407722473
est,2021,1.027687072753906
est,2022,1.027270197868347
est,2023,1.027344942092896
est,2024,1.027139544487
est,2025,1.026824712753296
eth,1981,0.3644425868988037
eth,1982,0.3797662854194641
eth,1983,0.3900534510612488
eth,1984,0.4052771031856537
eth,1985,0.4248918294906616
eth,1986,0.441249281167984
eth,1987,0.4679408967494965
eth,1988,0.5026605129241943
eth,1989,0.5405153036117554
eth,1990,0.5877352952957153
eth,1991,0.6327325701713562
eth,1992,0.6682664752006531
eth,1993,0.6991704106330872
eth,1994,0.7202632427215576
eth,1995,0.742000937461853
eth,1996,0.7655321955680847
eth,1997,0.7776660323143005
eth,1998,0.7883402109146118
eth,1999,0.7796180248260498
eth,2000,0.7692468762397766
eth,2001,0.7519503235816956
eth,2002,0.737258791923523
eth,2003,0.7238926887512207
eth,2004,0.7185627818107605
eth,2005,0.7230216264724731
eth,2006,0.7466427683830261
eth,2007,0.7774970531463623
eth,2008,0.8144351840019226
eth,2009,0.8628726601600647
eth,2010,0.921769082546234
eth,2011,0.9836044907569884
eth,2012,1.035278558731079
eth,2013,1.076464891433716
eth,2014,1.110586643218994
eth,2015,1.142998337745667
eth,2016,1.175238370895386
eth,2017,1.202885866165161
eth,2018,1.224268913269043
eth,2019,1.238146066665649
eth,2020,1.255452990531921
eth,2021,1.271740913391113
eth,2022,1.286900401115417
eth,2023,1.29911470413208
eth,2024,1.310662031173706
eth,2025,1.321736335754395
fin,1981,1.000100612640381
fin,1982,1.000100612640381
fin,1983,1.000201106071472
fin,1984,1.000100493431091
fin,1985,1.000100493431091
fin,1986,1.000200986862183
fin,1987,1.000200986862183
fin,1988,1.000301361083984
fin,1989,1.000200867652893
fin,1990,1.000301361083984
fin,1991,1.000200867652893
fin,1992,1.000301361083984
fin,1993,1.000301361083984
fin,1994,1.000301361083984
fin,1995,1.000301361083984
fin,1996,1.000301361083984
fin,1997,1.000301361083984
fin,1998,1.000200867652893
fin,1999,1.000200867652893
fin,2000,1.000301480293274
fin,2001,1.000301361083984
fin,2002,1.000301361083984
fin,2003,1.000301361083984
fin,2004,1.000301361083984
fin,2005,1.000200986862183
fin,2006,1.000200986862183
fin,2007,1.000200867652893
fin,2008,1.000301361083984
fin,2009,1.000200867652893
fin,2010,1.000301361083984
fin,2011,1.000301361083984
fin,2012,1.000301361083984
fin,2013,1.000301241874695
fin,2014,1.000401735305786
fin,2015,1.000301241874695
fin,2016,1.000301241874695
fin,2017,1.000301241874695
fin,2018,1.000200748443604
fin,2019,1.000301122665405
fin,2020,1.000401496887207
fin,2021,1.000301003456116
fin,2022,1.000301003456116
fin,2023,1.000401258468628
fin,2024,1.000501394271851
fin,2025,1.000601649284363
fji,1981,1.09943950176239
fji,1982,1.097112536430359
fji,1983,1.09417200088501
fji,1984,1.092995762825012
fji,1985,1.090474367141724
fji,1986,1.089951753616333
fji,1987,1.089390635490417
fji,1988,1.090511083602905
fji,1989,1.094096422195435
fji,1990,1.098564863204956
fji,1991,1.103731870651245
fji,1992,1.107825517654419
fji,1993,1.109361529350281
fji,1994,1.109153151512146
fji,1995,1.112101435661316
fji,1996,1.11338746547699
fji,1997,1.113309264183044
fji,1998,1.110812783241272
fji,1999,1.10889196395874
fji,2000,1.105106592178345
fji,2001,1.101754665374756
fji,2002,1.099811434745789
fji,2003,1.099629044532776
fji,2004,1.096009969711304
fji,2005,1.090942978858948
fji,2006,1.08577561378479
fji,2007,1.080384016036987
fji,2008,1.075295805931091
fji,2009,1.071259140968323
fji,2010,1.069941997528076
fji,2011,1.067306995391846
fji,2012,1.06282365322113
fji,2013,1.05725622177124
fji,2014,1.052122712135315
fji,2015,1.047771692276001
fji,2016,1.043499112129211
fji,2017,1.04011595249176
fji,2018,1.037020802497864
fji,2019,1.034900784492493
fji,2020,1.032927393913269
fji,2021,1.032397866249084
fji,2022,1.031673550605774
fji,2023,1.030648946762085
fji,2024,1.028925776481628
fji,2025,1.027508616447449
fra,1981,0.9764941930770874
fra,1982,0.9784700870513916
fra,1983,0.9805461764335632
fra,1984,0.9826213121414183
fra,1985,0.9850009083747864
fra,1986,0.9866273999214172
fra,1987,0.9880253076553344
fra,1988,0.9891107678413392
fra,1989,0.9905214309692384
fra,1990,0.9918292164802552
fra,1991,0.9923876523971558
fra,1992,0.9934642910957336
fra,1993,0.994955599308014
fra,1994,0.9975880980491638
fra,1995,0.999790608882904
fra,1996,1.00135862827301
fra,1997,1.001670241355896
fra,1998,1.001771807670593
fra,1999,1.002705335617065
fra,2000,1.004362940788269
fra,2001,1.005398511886597
fra,2002,1.006226301193237
fra,2003,1.007049202919006
fra,2004,1.007449865341187
fra,2005,1.007538080215454
fra,2006,1.008045554161072
fra,2007,1.008557319641113
fra,2008,1.009783267974854
fra,2009,1.010995030403137
fra,2010,1.012504696846008
fra,2011,1.013401746749878
fra,2012,1.013685584068298
fra,2013,1.013867020606995
fra,2014,1.013640761375427
fra,2015,1.013723492622375
fra,2016,1.013405442237854
fra,2017,1.013191699981689
fra,2018,1.013078927993774
fra,2019,1.013065576553345
fra,2020,1.012851238250732
fra,2021,1.01304042339325
fra,2022,1.013229250907898
fra,2023,1.013118386268616
fra,2024,1.013107895851135
fra,2025,1.01330029964447
gab,1981,0.656667947769165
gab,1982,0.6692060232162476
gab,1983,0.6828498840332031
gab,1984,0.6983523964881897
gab,1985,0.7165390849113464
gab,1986,0.7321621179580688
gab,1987,0.7534160614013672
gab,1988,0.7730599641799927
gab,1989,0.7872692346572876
gab,1990,0.7976536154747009
gab,1991,0.8128398060798645
gab,1992,0.8251912593841553
gab,1993,0.8360599875450134
gab,1994,0.8449634313583374
gab,1995,0.8531736135482788
gab,1996,0.8653297424316406
gab,1997,0.8735445141792297
gab,1998,0.888983428478241
gab,1999,0.906341552734375
gab,2000,0.9258060455322266
gab,2001,0.9543748497962952
gab,2002,0.9811986088752748
gab,2003,1.00488543510437
gab,2004,1.02582573890686
gab,2005,1.036931157112122
gab,2006,1.048676371574402
gab,2007,1.06118631362915
gab,2008,1.07792067527771
gab,2009,1.090839385986328
gab,2010,1.102247357368469
gab,2011,1.117242455482483
gab,2012,1.134393572807312
gab,2013,1.149846076965332
gab,2014,1.158128023147583
gab,2015,1.164808511734009
gab,2016,1.168155312538147
gab,2017,1.166040062904358
gab,2018,1.16597318649292
gab,2019,1.166987895965576
gab,2020,1.167393803596497
gab,2021,1.172595262527466
gab,2022,1.177619814872742
gab,2023,1.183822870254517
gab,2024,1.193217873573303
gab,2025,1.200823187828064
gbr,1981,1.000903725624084
gbr,1982,1.000702857971191
gbr,1983,1.000802993774414
gbr,1984,1.000802874565125
gbr,1985,1.000802874565125
gbr,1986,1.000802636146545
gbr,1987,1.000802636146545
gbr,1988,1.000802516937256
gbr,1989,1.000802397727966
gbr,1990,1.000902891159058
gbr,1991,1.000902771949768
gbr,1992,1.000902771949768
gbr,1993,1.000902652740479
gbr,1994,1.000902771949768
gbr,1995,1.000902652740479
gbr,1996,1.000902771949768
gbr,1997,1.000902771949768
gbr,1998,1.000902652740479
gbr,1999,1.000802397727966
gbr,2000,1.000902771949768
gbr,2001,1.000902771949768
gbr,2002,1.000902652740479
gbr,2003,1.000902771949768
gbr,2004,1.000902652740479
gbr,2005,1.000902771949768
gbr,2006,1.001002907752991
gbr,2007,1.000902652740479
gbr,2008,1.000902652740479
gbr,2009,1.000902652740479
gbr,2010,1.000902652740479
gbr,2011,1.000902652740479
gbr,2012,1.001002907752991
gbr,2013,1.001002669334412
gbr,2014,1.001002430915833
gbr,2015,1.001102328300476
gbr,2016,1.001102089881897
gbr,2017,1.001201987266541
gbr,2018,1.001101613044739
gbr,2019,1.001201510429382
gbr,2020,1.00110137462616
gbr,2021,1.001201152801514
gbr,2022,1.001200914382935
gbr,2023,1.001300930976868
gbr,2024,1.001300573348999
gbr,2025,1.001200437545776
geo,1981,0.9913551211357116
geo,1982,0.9918726682662964
geo,1983,0.9931078553199768
geo,1984,0.993625283241272
geo,1985,0.9942438006401062
geo,1986,0.994761049747467
geo,1987,0.9956873655319214
geo,1988,0.9963040947914124
geo,1989,0.9962037205696106
geo,1990,0.996001124382019
geo,1991,0.99600350856781
geo,1992,0.9963119626045228
geo,1993,0.9963130950927734
geo,1994,0.9965180158615112
geo,1995,0.99692702293396
geo,1996,0.9975402355194092
geo,1997,0.9975390434265136
geo,1998,0.9974352717399596
geo,1999,0.997638702392578
geo,2000,0.997740626335144
geo,2001,0.9981512427330016
geo,2002,0.9986647367477416
geo,2003,1.0
geo,2004,1.001641750335693
geo,2005,1.002869009971619
geo,2006,1.003785967826843
geo,2007,1.004189372062683
geo,2008,1.004385471343994
geo,2009,1.004682540893555
geo,2010,1.004878163337708
geo,2011,1.005277156829834
geo,2012,1.005878806114197
geo,2013,1.005977272987366
geo,2014,1.005875468254089
geo,2015,1.005975127220154
geo,2016,1.006074190139771
geo,2017,1.006374955177307
geo,2018,1.006878256797791
geo,2019,1.007180690765381
geo,2020,1.007279992103577
geo,2021,1.007379174232483
geo,2022,1.007678747177124
geo,2023,1.007776379585266
geo,2024,1.00777268409729
geo,2025,1.007970452308655
gha,1981,0.6551425457000732
gha,1982,0.6643415093421936
gha,1983,0.6761735677719116
gha,1984,0.6866452693939209
gha,1985,0.6928465366363525
gha,1986,0.6943628787994385
gha,1987,0.7008594870567322
gha,1988,0.705066442489624
gha,1989,0.7099980115890503
gha,1990,0.7181962728500366
gha,1991,0.7242609858512878
gha,1992,0.7292599678039551
gha,1993,0.7313970923423767
gha,1994,0.7460976839065552
gha,1995,0.7628931403160095
gha,1996,0.7839885950088501
gha,1997,0.8060409426689148
gha,1998,0.8328553438186646
gha,1999,0.8609610199928284
gha,2000,0.8840352296829224
gha,2001,0.9013654589653016
gha,2002,0.9210454821586608
gha,2003,0.941573977470398
gha,2004,0.957120418548584
gha,2005,0.9653342962265016
gha,2006,0.9673190712928772
gha,2007,0.9635918736457824
gha,2008,0.9661617875099182
gha,2009,0.9772160649299622
gha,2010,0.9949483275413512
gha,2011,1.01293420791626
gha,2012,1.024977922439575
gha,2013,1.033904552459717
gha,2014,1.04320228099823
gha,2015,1.054115056991577
gha,2016,1.065085411071777
gha,2017,1.075312972068787
gha,2018,1.081624269485474
gha,2019,1.080615520477295
gha,2020,1.076226592063904
gha,2021,1.075358152389526
gha,2022,1.076175808906555
gha,2023,1.079637408256531
gha,2024,1.083547234535217
gha,2025,1.086545348167419
gin,1981,0.0909938514232635
gin,1982,0.1003428474068642
gin,1983,0.1108227595686913
gin,1984,0.1281129419803619
gin,1985,0.1391273140907288
gin,1986,0.1526491194963455
gin,1987,0.1656685322523117
gin,1988,0.1752584874629974
gin,1989,0.1826751679182053
gin,1990,0.1945453435182571
gin,1991,0.1974080502986908
gin,1992,0.2098722755908966
gin,1993,0.2230110466480255
gin,1994,0.2308109402656555
gin,1995,0.2369081228971481
gin,1996,0.2395014613866806
gin,1997,0.2447086572647095
gin,1998,0.2545513808727264
gin,1999,0.2632192075252533
gin,2000,0.2803629338741302
gin,2001,0.2992302179336548
gin,2002,0.3185478746891022
gin,2003,0.335348904132843
gin,2004,0.3496173918247223
gin,2005,0.3702333569526672
gin,2006,0.3895160853862762
gin,2007,0.4103774726390839
gin,2008,0.4281142950057983
gin,2009,0.446688711643219
gin,2010,0.4711368978023529
gin,2011,0.4928441941738129
gin,2012,0.5188726782798767
gin,2013,0.5450870990753174
gin,2014,0.5719423294067383
gin,2015,0.5985977053642273
gin,2016,0.629483699798584
gin,2017,0.6620299220085144
gin,2018,0.6915181279182434
gin,2019,0.7163813710212708
gin,2020,0.7372881174087524
gin,2021,0.7547756433486938
gin,2022,0.7753172516822815
gin,2023,0.7944465279579163
gin,2024,0.8119046688079834
gin,2025,0.8246645927429199
gmb,1981,0.2117129117250443
gmb,1982,0.2334766685962677
gmb,1983,0.2542088031768799
gmb,1984,0.2729485630989075
gmb,1985,0.2905311286449432
gmb,1986,0.3093357086181641
gmb,1987,0.3277749419212341
gmb,1988,0.343735009431839
gmb,1989,0.3608421087265015
gmb,1990,0.3741087019443512
gmb,1991,0.3914552330970764
gmb,1992,0.4072554111480713
gmb,1993,0.4227798283100128
gmb,1994,0.4391714036464691
gmb,1995,0.4589350819587708
gmb,1996,0.4787057340145111
gmb,1997,0.5028756856918335
gmb,1998,0.5282964110374451
gmb,1999,0.553521990776062
gmb,2000,0.580129086971283
gmb,2001,0.6052776575088501
gmb,2002,0.6263654828071594
gmb,2003,0.654434859752655
gmb,2004,0.6950170993804932
gmb,2005,0.7381272315979004
gmb,2006,0.7748789191246033
gmb,2007,0.8052464723587036
gmb,2008,0.8320110440254211
gmb,2009,0.8636263608932495
gmb,2010,0.8967711329460144
gmb,2011,0.9280253052711488
gmb,2012,0.9555820226669312
gmb,2013,0.9813691973686218
gmb,2014,1.002824544906616
gmb,2015,1.023820519447327
gmb,2016,1.041020154953003
gmb,2017,1.053436160087585
gmb,2018,1.064403891563416
gmb,2019,1.069828510284424
gmb,2020,1.079184651374817
gmb,2021,1.089548826217651
gmb,2022,1.105240345001221
gmb,2023,1.123183250427246
gmb,2024,1.136653304100037
gmb,2025,1.150071501731873
gnb,1981,0.3307563066482544
gnb,1982,0.3411625623703003
gnb,1983,0.3518707156181335
gnb,1984,0.363068014383316
gnb,1985,0.3764640688896179
gnb,1986,0.3979006111621857
gnb,1987,0.4230050146579742
gnb,1988,0.4456585347652435
gnb,1989,0.4725994467735291
gnb,1990,0.4959973990917206
gnb,1991,0.5226294994354248
gnb,1992,0.5513917207717896
gnb,1993,0.5786054134368896
gnb,1994,0.6056239604949951
gnb,1995,0.6234279870986938
gnb,1996,0.6375982761383057
gnb,1997,0.6375003457069397
gnb,1998,0.6443132162094116
gnb,1999,0.6458736062049866
gnb,2000,0.6519514322280884
gnb,2001,0.6631954908370972
gnb,2002,0.673453152179718
gnb,2003,0.6736546754837036
gnb,2004,0.6737514138221741
gnb,2005,0.668246328830719
gnb,2006,0.6641643643379211
gnb,2007,0.6660410761833191
gnb,2008,0.6674070358276367
gnb,2009,0.6729769110679626
gnb,2010,0.6796251535415649
gnb,2011,0.6855089664459229
gnb,2012,0.6915243268013
gnb,2013,0.7133178114891052
gnb,2014,0.7440219521522522
gnb,2015,0.7858338356018066
gnb,2016,0.8297154903411865
gnb,2017,0.872268557548523
gnb,2018,0.9116607904434204
gnb,2019,0.9440411925315856
gnb,2020,0.9733840823173524
gnb,2021,0.9947437644004822
gnb,2022,1.008368015289307
gnb,2023,1.018878698348999
gnb,2024,1.03410017490387
gnb,2025,1.048597812652588
gnq,1981,0.3134939670562744
gnq,1982,0.319173276424408
gnq,1983,0.3252514004707336
gnq,1984,0.3311576247215271
gnq,1985,0.3387474715709686
gnq,1986,0.3440480828285217
gnq,1987,0.3463839292526245
gnq,1988,0.3508085012435913
gnq,1989,0.3520837128162384
gnq,1990,0.3558560311794281
gnq,1991,0.3595514297485352
gnq,1992,0.3689151406288147
gnq,1993,0.3820542097091675
gnq,1994,0.396685779094696
gnq,1995,0.4119486212730408
gnq,1996,0.4233083724975586
gnq,1997,0.4365114867687225
gnq,1998,0.4489015340805054
gnq,1999,0.4599528312683105
gnq,2000,0.4671909213066101
gnq,2001,0.4761130809783936
gnq,2002,0.4818209111690521
gnq,2003,0.4866556823253632
gnq,2004,0.4892514646053314
gnq,2005,0.4997646510601044
gnq,2006,0.5109438300132751
gnq,2007,0.5176601409912109
gnq,2008,0.5285471677780151
gnq,2009,0.5405568480491638
gnq,2010,0.5463254451751709
gnq,2011,0.5527854561805725
gnq,2012,0.5587563514709473
gnq,2013,0.5642789006233215
gnq,2014,0.5699610710144043
gnq,2015,0.5806645750999451
gnq,2016,0.5885316729545593
gnq,2017,0.5967679023742676
gnq,2018,0.607158899307251
gnq,2019,0.6160902380943298
gnq,2020,0.6257992386817932
gnq,2021,0.6350961923599243
gnq,2022,0.6436755061149597
gnq,2023,0.646820604801178
gnq,2024,0.6573238372802734
gnq,2025,0.6600115299224854
grc,1981,0.9530442357063292
grc,1982,0.9589850902557372
grc,1983,0.9648706912994384
grc,1984,0.972351849079132
grc,1985,0.9822275042533876
grc,1986,0.9930317997932434
grc,1987,1.000953555107117
grc,1988,1.00693941116333
grc,1989,1.011497020721436
grc,1990,1.015267014503479
grc,1991,1.018956184387207
grc,1992,1.022147417068481
grc,1993,1.024096727371216
grc,1994,1.024205565452576
grc,1995,1.024908185005188
grc,1996,1.025324702262878
grc,1997,1.026362299919128
grc,1998,1.026143431663513
grc,1999,1.02405571937561
grc,2000,1.020907640457153
grc,2001,1.018352270126343
grc,2002,1.016149282455444
grc,2003,1.013854026794434
grc,2004,1.011881113052368
grc,2005,1.010550498962402
grc,2006,1.010190010070801
grc,2007,1.00866174697876
grc,2008,1.007888317108154
grc,2009,1.007222652435303
grc,2010,1.007404327392578
grc,2011,1.007375597953796
grc,2012,1.007246255874634
grc,2013,1.006811261177063
grc,2014,1.007113218307495
grc,2015,1.007424354553223
grc,2016,1.008260726928711
grc,2017,1.009513139724731
grc,2018,1.010653018951416
grc,2019,1.0113685131073
grc,2020,1.011558771133423
grc,2021,1.011641621589661
grc,2022,1.012029886245728
grc,2023,1.012518286705017
grc,2024,1.013107895851135
grc,2025,1.013389468193054
gtm,1981,0.696386456489563
gtm,1982,0.7052419781684875
gtm,1983,0.7168144583702087
gtm,1984,0.7227457165718079
gtm,1985,0.7251182198524475
gtm,1986,0.7229673266410828
gtm,1987,0.7258508801460266
gtm,1988,0.7333038449287415
gtm,1989,0.7434182167053223
gtm,1990,0.750537097454071
gtm,1991,0.7511640787124634
gtm,1992,0.7521865963935852
gtm,1993,0.7565158009529114
gtm,1994,0.7621135115623474
gtm,1995,0.7690297961235046
gtm,1996,0.7731452584266663
gtm,1997,0.7750669121742249
gtm,1998,0.782316267490387
gtm,1999,0.7888341546058655
gtm,2000,0.7936052680015564
gtm,2001,0.8043150305747986
gtm,2002,0.8184671998023987
gtm,2003,0.8360571265220642
gtm,2004,0.8548170328140259
gtm,2005,0.868376612663269
gtm,2006,0.8860174417495728
gtm,2007,0.9003890752792358
gtm,2008,0.9175420999526978
gtm,2009,0.9275583028793336
gtm,2010,0.9298654794692992
gtm,2011,0.9315201640129088
gtm,2012,0.9305271506309508
gtm,2013,0.9292365312576294
gtm,2014,0.931787133216858
gtm,2015,0.9374548196792604
gtm,2016,0.9464966654777528
gtm,2017,0.9528360962867736
gtm,2018,0.9565200805664064
gtm,2019,0.9613935947418212
gtm,2020,0.9637095332145692
gtm,2021,0.9668986797332764
gtm,2022,0.9690449833869934
gtm,2023,0.9751107096672058
gtm,2024,0.9811872243881226
gtm,2025,0.9841891527175904
guy,1981,1.049492001533508
guy,1982,1.054872989654541
guy,1983,1.059176325798035
guy,1984,1.059990286827087
guy,1985,1.062454342842102
guy,1986,1.064434051513672
guy,1987,1.06424880027771
guy,1988,1.069736957550049
guy,1989,1.076197504997253
guy,1990,1.089396357536316
guy,1991,1.101897001266479
guy,1992,1.110270857810974
guy,1993,1.113350510597229
guy,1994,1.113210678100586
guy,1995,1.113199591636658
guy,1996,1.119709968566895
guy,1997,1.123505234718323
guy,1998,1.125888466835022
guy,1999,1.123563408851624
guy,2000,1.116952776908875
guy,2001,1.111822128295898
guy,2002,1.10617995262146
guy,2003,1.103211522102356
guy,2004,1.10036039352417
guy,2005,1.095579504966736
guy,2006,1.089620351791382
guy,2007,1.08469820022583
guy,2008,1.081309795379639
guy,2009,1.078497290611267
guy,2010,1.075407147407532
guy,2011,1.072165846824646
guy,2012,1.068283200263977
guy,2013,1.064032316207886
guy,2014,1.059841275215149
guy,2015,1.055655360221863
guy,2016,1.052493572235107
guy,2017,1.049676895141602
guy,2018,1.047582030296326
guy,2019,1.044459700584412
guy,2020,1.042269349098206
guy,2021,1.039612650871277
guy,2022,1.038128852844238
guy,2023,1.036057710647583
guy,2024,1.034217953681946
guy,2025,1.032899379730225
hnd,1981,1.034869074821472
hnd,1982,1.063890099525452
hnd,1983,1.084572196006775
hnd,1984,1.102508902549744
hnd,1985,1.10523509979248
hnd,1986,1.10644519329071
hnd,1987,1.113795518875122
hnd,1988,1.118649244308472
hnd,1989,1.11210298538208
hnd,1990,1.103924036026001
hnd,1991,1.1127769947052
hnd,1992,1.141991853713989
hnd,1993,1.176045179367065
hnd,1994,1.199331998825073
hnd,1995,1.214586973190308
hnd,1996,1.225929021835327
hnd,1997,1.227126359939575
hnd,1998,1.21606969833374
hnd,1999,1.207892537117004
hnd,2000,1.215152502059937
hnd,2001,1.231654405593872
hnd,2002,1.243355274200439
hnd,2003,1.237483620643616
hnd,2004,1.227183818817139
hnd,2005,1.218461751937866
hnd,2006,1.213195323944092
hnd,2007,1.213868021965027
hnd,2008,1.214495897293091
hnd,2009,1.218541383743286
hnd,2010,1.220508933067322
hnd,2011,1.225175738334656
hnd,2012,1.225638628005981
hnd,2013,1.222004771232605
hnd,2014,1.21894371509552
hnd,2015,1.21710729598999
hnd,2016,1.213860154151917
hnd,2017,1.206963896751404
hnd,2018,1.200748443603516
hnd,2019,1.193660974502563
hnd,2020,1.190714359283447
hnd,2021,1.188572883605957
hnd,2022,1.186062932014465
hnd,2023,1.186566352844238
hnd,2024,1.188037753105164
hnd,2025,1.183406829833984
hrv,1981,0.983083188533783
hrv,1982,0.9835090637207032
hrv,1983,0.9841391444206238
hrv,1984,0.9844553470611572
hrv,1985,0.9847742319107056
hrv,1986,0.9850959181785583
hrv,1987,0.9860243797302246
hrv,1988,0.98654705286026
hrv,1989,0.9870692491531372
hrv,1990,0.9872837066650392
hrv,1991,0.9881067276000975
hrv,1992,0.9885205626487732
hrv,1993,0.9892406463623048
hrv,1994,0.989755630493164
hrv,1995,0.990476131439209
hrv,1996,0.9911943078041076
hrv,1997,0.9919145703315736
hrv,1998,0.9924298524856568
hrv,1999,0.9931476712226868
hrv,2000,0.993049383163452
hrv,2001,0.993255078792572
hrv,2002,0.9934608340263368
hrv,2003,0.9936692118644714
hrv,2004,0.9937762022018432
hrv,2005,0.993578553199768
hrv,2006,0.9932798743247986
hrv,2007,0.9934902191162108
hrv,2008,0.994105875492096
hrv,2009,0.9947205185890198
hrv,2010,0.995535135269165
hrv,2011,0.996449887752533
hrv,2012,0.9972619414329528
hrv,2013,0.997971773147583
hrv,2014,0.9986811280250548
hrv,2015,0.9994924664497375
hrv,2016,1.000304460525513
hrv,2017,1.000913023948669
hrv,2018,1.001520991325378
hrv,2019,1.001824855804443
hrv,2020,1.002330541610718
hrv,2021,1.002633094787598
hrv,2022,1.002833962440491
hrv,2023,1.002832531929016
hrv,2024,1.00303328037262
hrv,2025,1.003132581710815
hti,1981,0.4795432090759277
hti,1982,0.512266218662262
hti,1983,0.54522305727005
hti,1984,0.5770843625068665
hti,1985,0.6106144785881042
hti,1986,0.6423423886299133
hti,1987,0.675682008266449
hti,1988,0.7189298868179321
hti,1989,0.7556304931640625
hti,1990,0.7898442149162292
hti,1991,0.8145264387130737
hti,1992,0.8352803587913513
hti,1993,0.8512900471687317
hti,1994,0.870858371257782
hti,1995,0.8987267017364502
hti,1996,0.9244434237480164
hti,1997,0.9450750946998596
hti,1998,0.95028954744339
hti,1999,0.9692898392677308
hti,2000,0.9900305867195128
hti,2001,1.011632919311523
hti,2002,1.027094602584839
hti,2003,1.04211962223053
hti,2004,1.062774658203125
hti,2005,1.0869140625
hti,2006,1.114324331283569
hti,2007,1.136720776557922
hti,2008,1.152698636054993
hti,2009,1.167144536972046
hti,2010,1.182195901870728
hti,2011,1.194695472717285
hti,2012,1.205353379249573
hti,2013,1.206890821456909
hti,2014,1.205723404884338
hti,2015,1.207383751869202
hti,2016,1.214722990989685
hti,2017,1.216842174530029
hti,2018,1.227360963821411
hti,2019,1.236650705337524
hti,2020,1.247137069702148
hti,2021,1.25644850730896
hti,2022,1.261231780052185
hti,2023,1.26974093914032
hti,2024,1.2779461145401
hti,2025,1.283836603164673
hun,1981,0.976334512233734
hun,1982,0.9778125882148744
hun,1983,0.9793904423713684
hun,1984,0.9825170636177064
hun,1985,0.9845905303955078
hun,1986,0.9863521456718444
hun,1987,0.9869781732559204
hun,1988,0.9882445335388184
hun,1989,0.9907610416412354
hun,1990,0.9945346117019652
hun,1991,0.9963180422782898
hun,1992,0.9975813627243042
hun,1993,0.999053418636322
hun,1994,1.000630497932434
hun,1995,1.002097010612488
hun,1996,1.00313925743103
hun,1997,1.004393458366394
hun,1998,1.005336761474609
hun,1999,1.00544285774231
hun,2000,1.005336880683899
hun,2001,1.00397801399231
hun,2002,1.002514958381653
hun,2003,1.001572608947754
hun,2004,1.001677274703979
hun,2005,1.002724409103394
hun,2006,1.004500269889832
hun,2007,1.006373286247253
hun,2008,1.0074063539505
hun,2009,1.008126735687256
hun,2010,1.008737325668335
hun,2011,1.009552359580994
hun,2012,1.009639739990234
hun,2013,1.009423613548279
hun,2014,1.009116172790527
hun,2015,1.009022355079651
hun,2016,1.008929252624512
hun,2017,1.010390162467957
hun,2018,1.012679696083069
hun,2019,1.014854669570923
hun,2020,1.015677452087402
hun,2021,1.016077756881714
hun,2022,1.016478896141052
hun,2023,1.016774892807007
hun,2024,1.016662001609802
hun,2025,1.017160892486572
idn,1981,0.6715154647827148
idn,1982,0.6884438395500183
idn,1983,0.7046101689338684
idn,1984,0.7208517789840698
idn,1985,0.7346634864807129
idn,1986,0.7570397853851318
idn,1987,0.7806996703147888
idn,1988,0.8022887110710144
idn,1989,0.8187563419342041
idn,1990,0.8309465050697327
idn,1991,0.8461037278175354
idn,1992,0.8623079061508179
idn,1993,0.8766656517982483
idn,1994,0.8838409781455994
idn,1995,0.8870134353637695
idn,1996,0.8937731385231018
idn,1997,0.9033870100975036
idn,1998,0.9163068532943726
idn,1999,0.9322423338890076
idn,2000,0.949282705783844
idn,2001,0.9659408926963806
idn,2002,0.9805262684822084
idn,2003,0.9895121455192566
idn,2004,0.9994153380393982
idn,2005,1.004590272903442
idn,2006,1.01125967502594
idn,2007,1.015618801116943
idn,2008,1.023259997367859
idn,2009,1.031724691390991
idn,2010,1.040513873100281
idn,2011,1.046518325805664
idn,2012,1.050594687461853
idn,2013,1.052664995193481
idn,2014,1.053401947021484
idn,2015,1.053088307380676
idn,2016,1.050181746482849
idn,2017,1.045259714126587
idn,2018,1.041045427322388
idn,2019,1.038181066513062
idn,2020,1.036834239959717
idn,2021,1.037031412124634
idn,2022,1.037565112113953
idn,2023,1.038709878921509
idn,2024,1.03889524936676
idn,2025,1.039359927177429
ind,1981,0.4094285666942596
ind,1982,0.4301944375038147
ind,1983,0.4520683288574219
ind,1984,0.4740725457668304
ind,1985,0.4955205917358398
ind,1986,0.5156055688858032
ind,1987,0.5306887030601501
ind,1988,0.5461653470993042
ind,1989,0.560314416885376
ind,1990,0.578010618686676
ind,1991,0.5982068181037903
ind,1992,0.6170897483825684
ind,1993,0.6330689787864685
ind,1994,0.6469194293022156
ind,1995,0.6651453971862793
ind,1996,0.681486964225769
ind,1997,0.6992760896682739
ind,1998,0.7155262231826782
ind,1999,0.730902910232544
ind,2000,0.7489224076271057
ind,2001,0.7647384405136108
ind,2002,0.7782008647918701
ind,2003,0.7930827140808105
ind,2004,0.8079578280448914
ind,2005,0.8266894817352295
ind,2006,0.8443507552146912
ind,2007,0.8612147569656372
ind,2008,0.8786945343017578
ind,2009,0.8951535820960999
ind,2010,0.9114048480987548
ind,2011,0.9258477687835692
ind,2012,0.9389647841453552
ind,2013,0.9511676430702208
ind,2014,0.962200939655304
ind,2015,0.971728503704071
ind,2016,0.9780285358428956
ind,2017,0.983302652835846
ind,2018,0.9889172911643982
ind,2019,0.9948640465736388
ind,2020,1.000578045845032
ind,2021,1.005361199378967
ind,2022,1.008909940719604
ind,2023,1.012713670730591
ind,2024,1.015898466110229
ind,2025,1.018382787704468
irl,1981,1.014926075935364
irl,1982,1.014576554298401
irl,1983,1.014542698860168
irl,1984,1.014411091804504
irl,1985,1.014489769935608
irl,1986,1.014244794845581
irl,1987,1.01378858089447
irl,1988,1.013540029525757
irl,1989,1.013289451599121
irl,1990,1.012937903404236
irl,1991,1.012695908546448
irl,1992,1.012349605560303
irl,1993,1.011702537536621
irl,1994,1.010754704475403
irl,1995,1.009401202201843
irl,1996,1.008769750595093
irl,1997,1.008863568305969
irl,1998,1.009576678276062
irl,1999,1.01028835773468
irl,2000,1.011097550392151
irl,2001,1.011088371276855
irl,2002,1.01057243347168
irl,2003,1.009341716766357
irl,2004,1.00841224193573
irl,2005,1.007381081581116
irl,2006,1.006657838821411
irl,2007,1.005733489990234
irl,2008,1.005216598510742
irl,2009,1.004291415214539
irl,2010,1.004385232925415
irl,2011,1.004277348518372
irl,2012,1.004680275917053
irl,2013,1.004881858825684
irl,2014,1.004778742790222
irl,2015,1.004371166229248
irl,2016,1.004165887832642
irl,2017,1.004061102867126
irl,2018,1.003855466842651
irl,2019,1.003751158714294
irl,2020,1.003748893737793
irl,2021,1.003746151924133
irl,2022,1.003642201423645
irl,2023,1.003740072250366
irl,2024,1.003636956214905
irl,2025,1.003937482833862
irn,1981,0.5450989603996277
irn,1982,0.5635161399841309
irn,1983,0.5828076601028442
irn,1984,0.6009642481803894
irn,1985,0.6207495927810669
irn,1986,0.6398707032203674
irn,1987,0.6578729152679443
irn,1988,0.676347017288208
irn,1989,0.6969376802444458
irn,1990,0.7162468433380127
irn,1991,0.7392911911010742
irn,1992,0.7629839777946472
irn,1993,0.7873562574386597
irn,1994,0.812229573726654
irn,1995,0.8356584310531616
irn,1996,0.8625683784484863
irn,1997,0.8906140327453613
irn,1998,0.9193403124809264
irn,1999,0.9405533075332642
irn,2000,0.953835427761078
irn,2001,0.9630858302116394
irn,2002,0.9698467254638672
irn,2003,0.9713155031204224
irn,2004,0.97092467546463
irn,2005,0.9734547138214112
irn,2006,0.9791275858879088
irn,2007,0.986085832118988
irn,2008,0.988212823867798
irn,2009,0.9844030737876892
irn,2010,0.9783845543861388
irn,2011,0.9738025665283204
irn,2012,0.9741087555885316
irn,2013,0.9776475429534912
irn,2014,0.9826627373695374
irn,2015,0.9881808757781982
irn,2016,0.9928043484687804
irn,2017,0.9981566667556764
irn,2018,1.002283811569214
irn,2019,1.006436109542847
irn,2020,1.009613156318665
irn,2021,1.01284396648407
irn,2022,1.015262603759766
irn,2023,1.017436742782593
irn,2024,1.019471526145935
irn,2025,1.021476268768311
irq,1981,0.5309092998504639
irq,1982,0.5565207004547119
irq,1983,0.5795273780822754
irq,1984,0.6055406332015991
irq,1985,0.628060519695282
irq,1986,0.6488291025161743
irq,1987,0.6699740290641785
irq,1988,0.6891638040542603
irq,1989,0.7090216875076294
irq,1990,0.7257516384124756
irq,1991,0.7376494407653809
irq,1992,0.746274471282959
irq,1993,0.7577721476554871
irq,1994,0.7718689441680908
irq,1995,0.7774139642715454
irq,1996,0.7714480757713318
irq,1997,0.7630553245544434
irq,1998,0.7571460008621216
irq,1999,0.749311625957489
irq,2000,0.7431402802467346
irq,2001,0.7397838234901428
irq,2002,0.7501283288002014
irq,2003,0.7727710604667664
irq,2004,0.8008476495742798
irq,2005,0.8278809189796448
irq,2006,0.8544865250587463
irq,2007,0.8873777389526367
irq,2008,0.9201882481575012
irq,2009,0.9532470107078552
irq,2010,0.98158198595047
irq,2011,1.001506686210632
irq,2012,1.023666739463806
irq,2013,1.039935708045959
irq,2014,1.052690625190735
irq,2015,1.057554841041565
irq,2016,1.056034922599792
irq,2017,1.053152799606323
irq,2018,1.057227611541748
irq,2019,1.064173221588135
irq,2020,1.072768092155457
irq,2021,1.080019354820251
irq,2022,1.087165474891663
irq,2023,1.091967701911926
irq,2024,1.096988558769226
irq,2025,1.103877902030945
isl,1981,0.9971627593040466
isl,1982,0.997669756412506
isl,1983,0.998378574848175
isl,1984,0.9985818266868592
isl,1985,0.9988861083984376
isl,1986,0.9991898536682128
isl,1987,0.9993925094604492
isl,1988,0.9994938373565674
isl,1989,0.9992915391921996
isl,1990,0.9991903305053712
isl,1991,0.9990890622138976
isl,1992,0.999190092086792
isl,1993,0.9994937777519226
isl,1994,1.0
isl,1995,0.9996963143348694
isl,1996,0.9998987317085266
isl,1997,0.9995951056480408
isl,1998,0.9996963739395142
isl,1999,0.9994939565658568
isl,2000,0.9991904497146606
isl,2001,0.998988389968872
isl,2002,0.9990893006324768
isl,2003,0.9992915987968444
isl,2004,0.9991905689239502
isl,2005,0.9990895986557008
isl,2006,0.9989886283874512
isl,2007,0.9988876581192015
isl,2008,0.9987866282463074
isl,2009,0.9988877773284912
isl,2010,0.998988687992096
isl,2011,0.998786985874176
isl,2012,0.9983829855918884
isl,2013,0.9981809258461
isl,2014,0.9979792833328248
isl,2015,0.9978777170181274
isl,2016,0.9977768063545228
isl,2017,0.9976762533187866
isl,2018,0.9974750876426696
isl,2019,0.9974762201309204
isl,2020,0.9976778030395508
isl,2021,0.9975777864456176
isl,2022,0.997578263282776
isl,2023,0.997377634048462
isl,2024,0.9973782300949096
isl,2025,0.9971776008605956
isr,1981,0.9667063355445862
isr,1982,0.9701402187347412
isr,1983,0.9738783240318298
isr,1984,0.9769933223724364
isr,1985,0.9798789620399476
isr,1986,0.9824336171150208
isr,1987,0.9844571948051452
isr,1988,0.986169934272766
isr,1989,0.9874659776687622
isr,1990,0.9889675378799438
isr,1991,0.9905611872673036
isr,1992,0.9921480417251588
isr,1993,0.9934181571006776
isr,1994,0.9949923157691956
isr,1995,0.9963541626930236
isr,1996,0.9982316493988036
isr,1997,1.0
isr,1998,1.001760721206665
isr,1999,1.003615736961365
isr,2000,1.004845857620239
isr,2001,1.005865931510925
isr,2002,1.006372094154358
isr,2003,1.006978750228882
isr,2004,1.007681727409363
isr,2005,1.008075714111328
isr,2006,1.008468151092529
isr,2007,1.008763909339905
isr,2008,1.009364724159241
isr,2009,1.009966373443604
isr,2010,1.010668873786926
isr,2011,1.011269211769104
isr,2012,1.011568427085876
isr,2013,1.012269377708435
isr,2014,1.012664794921875
isr,2015,1.013261675834656
isr,2016,1.013958215713501
isr,2017,1.014252305030823
isr,2018,1.014647483825684
isr,2019,1.015040993690491
isr,2020,1.015532374382019
isr,2021,1.01552140712738
isr,2022,1.015612006187439
isr,2023,1.015600681304932
isr,2024,1.015689611434937
isr,2025,1.015876531600952
ita,1981,1.027879595756531
ita,1982,1.026634216308594
ita,1983,1.025806307792664
ita,1984,1.025828719139099
ita,1985,1.025228977203369
ita,1986,1.024003028869629
ita,1987,1.023313760757446
ita,1988,1.022318720817566
ita,1989,1.021329641342163
ita,1990,1.019803762435913
ita,1991,1.018275499343872
ita,1992,1.018415927886963
ita,1993,1.018360137939453
ita,1994,1.018843173980713
ita,1995,1.018096685409546
ita,1996,1.017454385757446
ita,1997,1.016283750534058
ita,1998,1.015110969543457
ita,1999,1.014461755752563
ita,2000,1.014639496803284
ita,2001,1.014615297317505
ita,2002,1.01407265663147
ita,2003,1.013128757476807
ita,2004,1.011876225471497
ita,2005,1.010323286056519
ita,2006,1.009179830551147
ita,2007,1.008960247039795
ita,2008,1.009353160858154
ita,2009,1.009647727012634
ita,2010,1.009234070777893
ita,2011,1.008112549781799
ita,2012,1.007094264030457
ita,2013,1.006381273269653
ita,2014,1.006073474884033
ita,2015,1.005766034126282
ita,2016,1.005458474159241
ita,2017,1.00545346736908
ita,2018,1.005449056625366
ita,2019,1.005143404006958
ita,2020,1.004938364028931
ita,2021,1.004734039306641
ita,2022,1.00452983379364
ita,2023,1.004426240921021
ita,2024,1.004122257232666
ita,2025,1.003818869590759
jam,1981,1.044812202453613
jam,1982,1.044795632362366
jam,1983,1.049044966697693
jam,1984,1.053966879844666
jam,1985,1.057464241981506
jam,1986,1.056380391120911
jam,1987,1.055001497268677
jam,1988,1.054947376251221
jam,1989,1.057425141334534
jam,1990,1.059454798698425
jam,1991,1.058749198913574
jam,1992,1.057263255119324
jam,1993,1.056504130363464
jam,1994,1.056366920471191
jam,1995,1.055943012237549
jam,1996,1.052032709121704
jam,1997,1.048769354820251
jam,1998,1.044610500335693
jam,1999,1.041263461112976
jam,2000,1.038321852684021
jam,2001,1.035795450210571
jam,2002,1.033900141716003
jam,2003,1.032516837120056
jam,2004,1.030824422836304
jam,2005,1.028963088989258
jam,2006,1.027657866477966
jam,2007,1.025968313217163
jam,2008,1.024932980537415
jam,2009,1.02474308013916
jam,2010,1.024154424667358
jam,2011,1.023679375648499
jam,2012,1.023215889930725
jam,2013,1.022656798362732
jam,2014,1.021805286407471
jam,2015,1.021247386932373
jam,2016,1.021000862121582
jam,2017,1.020440340042114
jam,2018,1.019780278205872
jam,2019,1.019737601280212
jam,2020,1.01990008354187
jam,2021,1.019962787628174
jam,2022,1.019930124282837
jam,2023,1.019899725914001
jam,2024,1.018958926200867
jam,2025,1.018521070480347
jor,1981,0.9857977032661438
jor,1982,0.9869137406349182
jor,1983,0.9883022904396056
jor,1984,0.9895257949829102
jor,1985,0.9936124086380004
jor,1986,1.004433631896973
jor,1987,1.015775442123413
jor,1988,1.024878621101379
jor,1989,1.028007507324219
jor,1990,1.029528260231018
jor,1991,1.030225515365601
jor,1992,1.034825444221497
jor,1993,1.04264509677887
jor,1994,1.053341865539551
jor,1995,1.059695482254028
jor,1996,1.05830991268158
jor,1997,1.049741387367249
jor,1998,1.040895938873291
jor,1999,1.033504009246826
jor,2000,1.029042840003967
jor,2001,1.022792816162109
jor,2002,1.020083546638489
jor,2003,1.019687533378601
jor,2004,1.02048134803772
jor,2005,1.022230982780457
jor,2006,1.024264931678772
jor,2007,1.025092363357544
jor,2008,1.023783564567566
jor,2009,1.019786715507507
jor,2010,1.015921950340271
jor,2011,1.012088298797607
jor,2012,1.010049223899841
jor,2013,1.009802579879761
jor,2014,1.009442925453186
jor,2015,1.007652163505554
jor,2016,1.004868984222412
jor,2017,1.002320170402527
jor,2018,1.00088107585907
jor,2019,1.001757740974426
jor,2020,1.003502607345581
jor,2021,1.006209969520569
jor,2022,1.00844669342041
jor,2023,1.010856866836548
jor,2024,1.0121830701828
jor,2025,1.012555718421936
kaz,1981,1.010444283485413
kaz,1982,1.009389162063599
kaz,1983,1.009688258171082
kaz,1984,1.008741140365601
kaz,1985,1.008623003959656
kaz,1986,1.00809383392334
kaz,1987,1.007466316223145
kaz,1988,1.007044672966003
kaz,1989,1.006109356880188
kaz,1990,1.006001353263855
kaz,1991,1.005583524703979
kaz,1992,1.00577974319458
kaz,1993,1.006485342979431
kaz,1994,1.006775736808777
kaz,1995,1.00675904750824
kaz,1996,1.006538152694702
kaz,1997,1.006218671798706
kaz,1998,1.005900502204895
kaz,1999,1.005381107330322
kaz,2000,1.004865765571594
kaz,2001,1.004555940628052
kaz,2002,1.003944873809814
kaz,2003,1.003536224365234
kaz,2004,1.002826571464539
kaz,2005,1.002320289611816
kaz,2006,1.002117037773132
kaz,2007,1.002115607261658
kaz,2008,1.002114295959473
kaz,2009,1.002113223075867
kaz,2010,1.001810669898987
kaz,2011,1.001307487487793
kaz,2012,1.00090503692627
kaz,2013,1.000502824783325
kaz,2014,1.000100493431091
kaz,2015,0.9997988939285278
kaz,2016,0.99959796667099
kaz,2017,0.999497413635254
kaz,2018,0.9992965459823608
kaz,2019,0.9990956783294678
kaz,2020,0.9988948702812196
kaz,2021,0.998794674873352
kaz,2022,0.9990960955619812
kaz,2023,0.9991965889930724
kaz,2024,0.9993975162506104
kaz,2025,0.9993977546691896
ken,1981,0.7038514614105225
ken,1982,0.7182374000549316
ken,1983,0.7365915179252625
ken,1984,0.7538061738014221
ken,1985,0.7771655321121216
ken,1986,0.798371434211731
ken,1987,0.8235721588134766
ken,1988,0.8559153079986572
ken,1989,0.8866743445396423
ken,1990,0.913085401058197
ken,1991,0.941416323184967
ken,1992,0.973275899887085
ken,1993,1.009692907333374
ken,1994,1.043724894523621
ken,1995,1.075090408325195
ken,1996,1.100410223007202
ken,1997,1.114035844802856
ken,1998,1.117578625679016
ken,1999,1.11517870426178
ken,2000,1.111077070236206
ken,2001,1.104220747947693
ken,2002,1.099370241165161
ken,2003,1.101037979125977
ken,2004,1.106741905212402
ken,2005,1.109015226364136
ken,2006,1.1048743724823
ken,2007,1.09908401966095
ken,2008,1.09890604019165
ken,2009,1.102124691009521
ken,2010,1.113051891326904
ken,2011,1.128861904144287
ken,2012,1.142573952674866
ken,2013,1.153408408164978
ken,2014,1.159133315086365
ken,2015,1.164580464363098
ken,2016,1.16733705997467
ken,2017,1.166911721229553
ken,2018,1.164026141166687
ken,2019,1.15880811214447
ken,2020,1.154065489768982
ken,2021,1.153527855873108
ken,2022,1.155957221984863
ken,2023,1.162240982055664
ken,2024,1.167711138725281
ken,2025,1.171622514724731
kgz,1981,0.9963215589523317
kgz,1982,0.9965269565582277
kgz,1983,0.9971407651901244
kgz,1984,0.997243881225586
kgz,1985,0.9973466396331788
kgz,1986,0.9976532459259032
kgz,1987,0.9979596734046936
kgz,1988,0.998163640499115
kgz,1989,0.9981638193130492
kgz,1990,0.998265504837036
kgz,1991,0.9986729621887208
kgz,1992,0.9993869662284852
kgz,1993,0.9998977184295654
kgz,1994,1.000716209411621
kgz,1995,1.001228094100952
kgz,1996,1.001638293266296
kgz,1997,1.001946687698364
kgz,1998,1.002255320549011
kgz,1999,1.002768158912659
kgz,2000,1.0032799243927
kgz,2001,1.003484129905701
kgz,2002,1.003586411476135
kgz,2003,1.0039963722229
kgz,2004,1.004199981689453
kgz,2005,1.004198670387268
kgz,2006,1.00389039516449
kgz,2007,1.003990530967712
kgz,2008,1.004191279411316
kgz,2009,1.004190802574158
kgz,2010,1.004086256027222
kgz,2011,1.004490733146667
kgz,2012,1.00468909740448
kgz,2013,1.004887580871582
kgz,2014,1.005085468292236
kgz,2015,1.005181550979614
kgz,2016,1.005480408668518
kgz,2017,1.005679249763489
kgz,2018,1.006080389022827
kgz,2019,1.006381034851074
kgz,2020,1.006479024887085
kgz,2021,1.006677627563477
kgz,2022,1.007279396057129
kgz,2023,1.007879257202148
kgz,2024,1.008177280426025
kgz,2025,1.008172869682312
khm,1981,0.2602742314338684
khm,1982,0.2845557332038879
khm,1983,0.3210076093673706
khm,1984,0.358436107635498
khm,1985,0.3964662849903107
khm,1986,0.4278625547885895
khm,1987,0.4522965252399445
khm,1988,0.4780560731887817
khm,1989,0.5022431015968323
khm,1990,0.5197965502738953
khm,1991,0.5256248712539673
khm,1992,0.5219677686691284
khm,1993,0.5144393444061279
khm,1994,0.5076829195022583
khm,1995,0.5060312151908875
khm,1996,0.5156651139259338
khm,1997,0.5426761507987976
khm,1998,0.5676841139793396
khm,1999,0.5931308269500732
khm,2000,0.6081103086471558
khm,2001,0.6182054877281189
khm,2002,0.6295322179794312
khm,2003,0.6556909680366516
khm,2004,0.6998835206031799
khm,2005,0.751108705997467
khm,2006,0.7946402430534363
khm,2007,0.8300123810768127
khm,2008,0.8609822988510132
khm,2009,0.8971801996231079
khm,2010,0.9367719292640686
khm,2011,0.975203812122345
khm,2012,1.002531290054321
khm,2013,1.019478678703308
khm,2014,1.029370069503784
khm,2015,1.037149786949158
khm,2016,1.046840667724609
khm,2017,1.052665233612061
khm,2018,1.055222988128662
khm,2019,1.061172366142273
khm,2020,1.075949907302856
khm,2021,1.098181843757629
khm,2022,1.12137234210968
khm,2023,1.137933492660522
khm,2024,1.149203062057495
khm,2025,1.160200715065002
kir,1981,0.9410922527313232
kir,1982,0.9532041549682616
kir,1983,0.962932586669922
kir,1984,0.9787255525588988
kir,1985,0.9894632697105408
kir,1986,1.001082062721252
kir,1987,1.009139060974121
kir,1988,1.020868301391602
kir,1989,1.033204197883606
kir,1990,1.040260553359985
kir,1991,1.050735831260681
kir,1992,1.058889269828796
kir,1993,1.067040205001831
kir,1994,1.074188828468323
kir,1995,1.081014394760132
kir,1996,1.091960549354553
kir,1997,1.101799368858337
kir,1998,1.109707474708557
kir,1999,1.116326332092285
kir,2000,1.126515507698059
kir,2001,1.136414647102356
kir,2002,1.145159482955933
kir,2003,1.153897166252136
kir,2004,1.160324096679688
kir,2005,1.1649329662323
kir,2006,1.169214129447937
kir,2007,1.174566626548767
kir,2008,1.179056286811829
kir,2009,1.184693455696106
kir,2010,1.192764282226563
kir,2011,1.200138688087463
kir,2012,1.208135724067688
kir,2013,1.215931415557861
kir,2014,1.221983075141907
kir,2015,1.225603699684143
kir,2016,1.228024005889893
kir,2017,1.22829532623291
kir,2018,1.228012084960938
kir,2019,1.228183269500732
kir,2020,1.229862689971924
kir,2021,1.231174945831299
kir,2022,1.230089068412781
kir,2023,1.230762481689453
kir,2024,1.231301546096802
kir,2025,1.232040166854858
kor,1981,0.998996376991272
kor,1982,0.999096930027008
kor,1983,0.9990969896316528
kor,1984,0.9991975426673888
kor,1985,0.9992979168891908
kor,1986,0.9993983507156372
kor,1987,0.9994986057281494
kor,1988,0.9994987845420836
kor,1989,0.9994989037513732
kor,1990,0.9995991587638856
kor,1991,0.999599277973175
kor,1992,0.9996994733810424
kor,1993,0.9995993375778198
kor,1994,0.999699592590332
kor,1995,0.9997997283935548
kor,1996,0.99979966878891
kor,1997,0.99979966878891
kor,1998,0.9998998641967772
kor,1999,0.9998998641967772
kor,2000,0.9998998641967772
kor,2001,1.0
kor,2002,0.9998998641967772
kor,2003,1.0
kor,2004,1.000100016593933
kor,2005,1.0
kor,2006,1.000100135803223
kor,2007,1.000100016593933
kor,2008,1.000100016593933
kor,2009,1.000100016593933
kor,2010,1.000100016593933
kor,2011,1.000200033187866
kor,2012,1.000200033187866
kor,2013,1.000100016593933
kor,2014,1.000100016593933
kor,2015,1.000047564506531
kor,2016,1.00004780292511
kor,2017,1.00004780292511
kor,2018,1.0
kor,2019,1.0
kor,2020,1.0
kor,2021,1.0
kor,2022,1.0
kor,2023,1.0
kor,2024,1.0
kor,2025,1.0
lao,1981,0.5624573230743408
lao,1982,0.5736951231956482
lao,1983,0.5861786603927612
lao,1984,0.6000169515609741
lao,1985,0.617627739906311
lao,1986,0.6407881379127502
lao,1987,0.6660664081573486
lao,1988,0.6945835947990417
lao,1989,0.7192980647087097
lao,1990,0.7313785552978516
lao,1991,0.7402862310409546
lao,1992,0.7331184148788452
lao,1993,0.7190073728561401
lao,1994,0.6968281865119934
lao,1995,0.6885678172111511
lao,1996,0.6920945644378662
lao,1997,0.7073239088058472
lao,1998,0.7202003002166748
lao,1999,0.7369654178619385
lao,2000,0.7512915134429932
lao,2001,0.766973078250885
lao,2002,0.7801626920700073
lao,2003,0.7903604507446289
lao,2004,0.7955636978149414
lao,2005,0.8055356740951538
lao,2006,0.8198124170303345
lao,2007,0.8363094925880432
lao,2008,0.8480368256568909
lao,2009,0.8570626378059387
lao,2010,0.8661486506462097
lao,2011,0.8743740320205688
lao,2012,0.8851975202560425
lao,2013,0.8940646052360535
lao,2014,0.9017924666404724
lao,2015,0.91260427236557
lao,2016,0.9247419834136964
lao,2017,0.9254915714263916
lao,2018,0.9329333305358888
lao,2019,0.9441428184509276
lao,2020,0.9564857482910156
lao,2021,0.9665364027023317
lao,2022,0.9734130501747132
lao,2023,0.9770671129226683
lao,2024,0.981350302696228
lao,2025,0.9855762124061584
lbr,1981,0.4188839495182037
lbr,1982,0.4286973476409912
lbr,1983,0.4329670369625092
lbr,1984,0.4419273734092712
lbr,1985,0.4521077573299408
lbr,1986,0.4651564955711365
lbr,1987,0.4719472527503967
lbr,1988,0.4797644317150116
lbr,1989,0.4895349144935608
lbr,1990,0.501240611076355
lbr,1991,0.5169843435287476
lbr,1992,0.5296995043754578
lbr,1993,0.5419030785560608
lbr,1994,0.5498622059822083
lbr,1995,0.5575318336486816
lbr,1996,0.5773418545722961
lbr,1997,0.5941027998924255
lbr,1998,0.6161551475524902
lbr,1999,0.6317036747932434
lbr,2000,0.6439723968505859
lbr,2001,0.652402937412262
lbr,2002,0.6651152968406677
lbr,2003,0.6830730438232422
lbr,2004,0.6993176937103271
lbr,2005,0.7100664973258972
lbr,2006,0.7194132208824158
lbr,2007,0.7316115498542786
lbr,2008,0.7457441091537476
lbr,2009,0.7735252976417542
lbr,2010,0.819262683391571
lbr,2011,0.8653549551963806
lbr,2012,0.9094808101654052
lbr,2013,0.9456186294555664
lbr,2014,0.9752331972122192
lbr,2015,1.001511693000793
lbr,2016,1.021186470985413
lbr,2017,1.034271359443665
lbr,2018,1.051079392433167
lbr,2019,1.064530491828918
lbr,2020,1.081494688987732
lbr,2021,1.091902256011963
lbr,2022,1.104892253875732
lbr,2023,1.114859223365784
lbr,2024,1.127720713615417
lbr,2025,1.137180328369141
lca,1981,0.8453493714332581
lca,1982,0.8691260814666748
lca,1983,0.8983041644096375
lca,1984,0.927223026752472
lca,1985,0.950139343738556
lca,1986,0.9721844792366028
lca,1987,0.9942885041236876
lca,1988,1.013991832733154
lca,1989,1.039126873016357
lca,1990,1.052353620529175
lca,1991,1.069065093994141
lca,1992,1.085165143013
lca,1993,1.095646858215332
lca,1994,1.105937242507935
lca,1995,1.113312005996704
lca,1996,1.12050998210907
lca,1997,1.126288414001465
lca,1998,1.130009055137634
lca,1999,1.132668018341064
lca,2000,1.13253927230835
lca,2001,1.132928490638733
lca,2002,1.131554245948792
lca,2003,1.132492184638977
lca,2004,1.130226254463196
lca,2005,1.128310084342957
lca,2006,1.122435688972473
lca,2007,1.118291616439819
lca,2008,1.113009572029114
lca,2009,1.108368158340454
lca,2010,1.102120041847229
lca,2011,1.096463561058044
lca,2012,1.090054631233215
lca,2013,1.083806395530701
lca,2014,1.078076124191284
lca,2015,1.07317054271698
lca,2016,1.068290233612061
lca,2017,1.063953876495361
lca,2018,1.059013605117798
lca,2019,1.054385781288147
lca,2020,1.049413084983826
lca,2021,1.045273303985596
lca,2022,1.041196703910828
lca,2023,1.037239551544189
lca,2024,1.034077048301697
lca,2025,1.030642867088318
lso,1981,1.308666229248047
lso,1982,1.319140911102295
lso,1983,1.322981238365173
lso,1984,1.333251714706421
lso,1985,1.332912802696228
lso,1986,1.327594518661499
lso,1987,1.323097467422485
lso,1988,1.325012922286987
lso,1989,1.323991417884827
lso,1990,1.318317294120789
lso,1991,1.315588235855103
lso,1992,1.312102794647217
lso,1993,1.310932278633118
lso,1994,1.311885952949524
lso,1995,1.313889026641846
lso,1996,1.314207315444946
lso,1997,1.315717339515686
lso,1998,1.309411525726318
lso,1999,1.302183389663696
lso,2000,1.300860166549683
lso,2001,1.309407949447632
lso,2002,1.315885186195374
lso,2003,1.332794427871704
lso,2004,1.344123601913452
lso,2005,1.355792760848999
lso,2006,1.361067771911621
lso,2007,1.360139966011047
lso,2008,1.352800011634827
lso,2009,1.350070595741272
lso,2010,1.356594443321228
lso,2011,1.37398099899292
lso,2012,1.392185688018799
lso,2013,1.404337763786316
lso,2014,1.412447214126587
lso,2015,1.417513608932495
lso,2016,1.421696543693542
lso,2017,1.423717975616455
lso,2018,1.425477266311646
lso,2019,1.427527546882629
lso,2020,1.42677903175354
lso,2021,1.424517393112183
lso,2022,1.4155193567276
lso,2023,1.404877781867981
lso,2024,1.396168351173401
lso,2025,1.391757130622864
ltu,1981,1.002421736717224
ltu,1982,1.002421259880066
ltu,1983,1.002521514892578
ltu,1984,1.002520680427551
ltu,1985,1.002620935440063
ltu,1986,1.002619862556458
ltu,1987,1.002820730209351
ltu,1988,1.003021597862244
ltu,1989,1.003423810005188
ltu,1990,1.003624677658081
ltu,1991,1.004127979278564
ltu,1992,1.004631280899048
ltu,1993,1.005034565925598
ltu,1994,1.005739688873291
ltu,1995,1.006446957588196
ltu,1996,1.007054090499878
ltu,1997,1.007461786270142
ltu,1998,1.007969379425049
ltu,1999,1.008274674415588
ltu,2000,1.008175849914551
ltu,2001,1.007873296737671
ltu,2002,1.007569551467896
ltu,2003,1.007366180419922
ltu,2004,1.006962060928345
ltu,2005,1.00665819644928
ltu,2006,1.006254196166992
ltu,2007,1.005850076675415
ltu,2008,1.005244374275208
ltu,2009,1.004940986633301
ltu,2010,1.004637837409973
ltu,2011,1.00443696975708
ltu,2012,1.004336833953857
ltu,2013,1.004539012908936
ltu,2014,1.004739761352539
ltu,2015,1.00463879108429
ltu,2016,1.004536867141724
ltu,2017,1.004334211349487
ltu,2018,1.004331946372986
ltu,2019,1.004330635070801
ltu,2020,1.004229784011841
ltu,2021,1.004128456115723
ltu,2022,1.004127621650696
ltu,2023,1.004026412963867
ltu,2024,1.00392472743988
ltu,2025,1.003923535346985
lux,1981,1.027908563613892
lux,1982,1.028673648834229
lux,1983,1.028715968132019
lux,1984,1.029179453849792
lux,1985,1.0296630859375
lux,1986,1.030158877372742
lux,1987,1.032014131546021
lux,1988,1.031120181083679
lux,1989,1.031925916671753
lux,1990,1.033010721206665
lux,1991,1.034356594085693
lux,1992,1.038168549537659
lux,1993,1.039417505264282
lux,1994,1.04105269908905
lux,1995,1.040749311447144
lux,1996,1.039605855941772
lux,1997,1.040486216545105
lux,1998,1.040263652801514
lux,1999,1.040933847427368
lux,2000,1.039926648139954
lux,2001,1.040116906166077
lux,2002,1.03915798664093
lux,2003,1.037423491477966
lux,2004,1.035222291946411
lux,2005,1.034422636032104
lux,2006,1.031723260879517
lux,2007,1.030332326889038
lux,2008,1.029234528541565
lux,2009,1.028539657592773
lux,2010,1.028783321380615
lux,2011,1.029391050338745
lux,2012,1.029160141944885
lux,2013,1.02824079990387
lux,2014,1.026068329811096
lux,2015,1.02436625957489
lux,2016,1.023934006690979
lux,2017,1.023494958877563
lux,2018,1.023518443107605
lux,2019,1.023649096488953
lux,2020,1.024291396141052
lux,2021,1.023817420005798
lux,2022,1.024226307868958
lux,2023,1.024557590484619
lux,2024,1.023554921150208
lux,2025,1.023556709289551
lva,1981,1.020014524459839
lva,1982,1.020408749580383
lva,1983,1.020198345184326
lva,1984,1.020089268684387
lva,1985,1.019885063171387
lva,1986,1.019673228263855
lva,1987,1.0192631483078
lva,1988,1.019154787063599
lva,1989,1.018848657608032
lva,1990,1.018850088119507
lva,1991,1.018549799919128
lva,1992,1.018253207206726
lva,1993,1.018159627914429
lva,1994,1.018673181533813
lva,1995,1.019387245178223
lva,1996,1.019707322120667
lva,1997,1.019921183586121
lva,1998,1.02013111114502
lva,1999,1.020236730575562
lva,2000,1.019831776618958
lva,2001,1.019121050834656
lva,2002,1.018406867980957
lva,2003,1.017896890640259
lva,2004,1.017887473106384
lva,2005,1.018182158470154
lva,2006,1.018071174621582
lva,2007,1.018068432807922
lva,2008,1.017770767211914
lva,2009,1.018078565597534
lva,2010,1.018586039543152
lva,2011,1.018587589263916
lva,2012,1.018987655639648
lva,2013,1.018579840660095
lva,2014,1.018567800521851
lva,2015,1.018252372741699
lva,2016,1.018144845962524
lva,2017,1.017941951751709
lva,2018,1.018040299415588
lva,2019,1.017835736274719
lva,2020,1.017431497573853
lva,2021,1.017126798629761
lva,2022,1.016718745231628
lva,2023,1.01661479473114
lva,2024,1.016606688499451
lva,2025,1.016503691673279
mar,1981,0.622059166431427
mar,1982,0.6306101679801941
mar,1983,0.6377950310707092
mar,1984,0.6449867486953735
mar,1985,0.65549236536026
mar,1986,0.6699866056442261
mar,1987,0.6872660517692566
mar,1988,0.705126166343689
mar,1989,0.7167760729789734
mar,1990,0.7247311472892761
mar,1991,0.7338807582855225
mar,1992,0.7447530031204224
mar,1993,0.754874050617218
mar,1994,0.7631387114524841
mar,1995,0.7688968181610107
mar,1996,0.7728725671768188
mar,1997,0.7794433832168579
mar,1998,0.789055347442627
mar,1999,0.7933173179626465
mar,2000,0.7928791046142578
mar,2001,0.7942302823066711
mar,2002,0.7978846430778503
mar,2003,0.8024729490280151
mar,2004,0.8072555661201477
mar,2005,0.8157902956008911
mar,2006,0.8236737251281738
mar,2007,0.8302664160728455
mar,2008,0.836955189704895
mar,2009,0.8467357158660889
mar,2010,0.8541985750198364
mar,2011,0.8607441186904907
mar,2012,0.8632400035858154
mar,2013,0.8674660325050354
mar,2014,0.8731050491333008
mar,2015,0.880983829498291
mar,2016,0.8920484781265259
mar,2017,0.9021849036216736
mar,2018,0.908079981803894
mar,2019,0.9205968976020812
mar,2020,0.9279390573501588
mar,2021,0.9375393390655518
mar,2022,0.9445174932479858
mar,2023,0.9510211944580078
mar,2024,0.959945261478424
mar,2025,0.9641751646995544
mda,1981,1.020546197891235
mda,1982,1.021820306777954
mda,1983,1.023369312286377
mda,1984,1.025359511375427
mda,1985,1.027281165122986
mda,1986,1.03084921836853
mda,1987,1.03389573097229
mda,1988,1.033991575241089
mda,1989,1.034891128540039
mda,1990,1.034982681274414
mda,1991,1.0334392786026
mda,1992,1.030998945236206
mda,1993,1.028060555458069
mda,1994,1.023990631103516
mda,1995,1.019435524940491
mda,1996,1.015903115272522
mda,1997,1.014748930931091
mda,1998,1.01341724395752
mda,1999,1.013154864311218
mda,2000,1.013125777244568
mda,2001,1.014159798622131
mda,2002,1.01458740234375
mda,2003,1.015550971031189
mda,2004,1.016200542449951
mda,2005,1.016624808311462
mda,2006,1.017034769058228
mda,2007,1.016391396522522
mda,2008,1.016259551048279
mda,2009,1.015709280967712
mda,2010,1.014125466346741
mda,2011,1.012860298156738
mda,2012,1.012321710586548
mda,2013,1.011889219284058
mda,2014,1.012495636940002
mda,2015,1.012475967407227
mda,2016,1.012149214744568
mda,2017,1.011305212974548
mda,2018,1.011287569999695
mda,2019,1.011374831199646
mda,2020,1.010847926139832
mda,2021,1.010627031326294
mda,2022,1.009896993637085
mda,2023,1.009577751159668
mda,2024,1.009256839752197
mda,2025,1.008838176727295
mdg,1981,0.7174468040466309
mdg,1982,0.7301898002624512
mdg,1983,0.7317708730697632
mdg,1984,0.7405634522438049
mdg,1985,0.7526690363883972
mdg,1986,0.7636399269104004
mdg,1987,0.7778263688087463
mdg,1988,0.7906373739242554
mdg,1989,0.7983637452125549
mdg,1990,0.8132405281066895
mdg,1991,0.8353480696678162
mdg,1992,0.8614383935928345
mdg,1993,0.8915590643882751
mdg,1994,0.9108760356903076
mdg,1995,0.9216964840888976
mdg,1996,0.9204892516136168
mdg,1997,0.9142812490463256
mdg,1998,0.9149470329284668
mdg,1999,0.919976532459259
mdg,2000,0.9222065210342408
mdg,2001,0.9180150628089904
mdg,2002,0.9050480127334596
mdg,2003,0.8871738314628601
mdg,2004,0.8687372207641602
mdg,2005,0.8558472990989685
mdg,2006,0.8546040058135986
mdg,2007,0.8653764724731445
mdg,2008,0.8747616410255432
mdg,2009,0.8877258896827698
mdg,2010,0.904224455356598
mdg,2011,0.9261003136634828
mdg,2012,0.9553272128105164
mdg,2013,0.984731674194336
mdg,2014,1.006756544113159
mdg,2015,1.01220428943634
mdg,2016,1.00592052936554
mdg,2017,1.000762820243835
mdg,2018,1.00259792804718
mdg,2019,1.011631488800049
mdg,2020,1.0244140625
mdg,2021,1.032478332519531
mdg,2022,1.038251280784607
mdg,2023,1.042620778083801
mdg,2024,1.046841382980347
mdg,2025,1.051674365997314
mdv,1981,0.0
mdv,1982,0.0
mdv,1983,0.0
mdv,1984,0.0
mdv,1985,0.0
mdv,1986,0.0
mdv,1987,0.0429051332175732
mdv,1988,0.0932427272200584
mdv,1989,0.1458185613155365
mdv,1990,0.2053904831409454
mdv,1991,0.262658029794693
mdv,1992,0.3230863809585571
mdv,1993,0.3791478872299194
mdv,1994,0.4363632798194885
mdv,1995,0.4942263662815094
mdv,1996,0.5575453639030457
mdv,1997,0.6219819784164429
mdv,1998,0.6895435452461243
mdv,1999,0.7591875195503235
mdv,2000,0.8233246803283691
mdv,2001,0.8832056522369385
mdv,2002,0.9359359741210938
mdv,2003,0.9748936891555786
mdv,2004,1.00930380821228
mdv,2005,1.033176779747009
mdv,2006,1.052315831184387
mdv,2007,1.069781064987183
mdv,2008,1.08325183391571
mdv,2009,1.093339681625366
mdv,2010,1.099256634712219
mdv,2011,1.101700305938721
mdv,2012,1.104423403739929
mdv,2013,1.104919910430908
mdv,2014,1.104662179946899
mdv,2015,1.101796746253967
mdv,2016,1.096683144569397
mdv,2017,1.091851592063904
mdv,2018,1.086422681808472
mdv,2019,1.08038854598999
mdv,2020,1.074874520301819
mdv,2021,1.069312691688538
mdv,2022,1.06339168548584
mdv,2023,1.057611584663391
mdv,2024,1.049965262413025
mdv,2025,1.042985200881958
mex,1981,0.8907221555709839
mex,1982,0.8974498510360718
mex,1983,0.9048239588737488
mex,1984,0.9178615808486938
mex,1985,0.9362432956695556
mex,1986,0.9549999237060548
mex,1987,0.9680964350700378
mex,1988,0.9747745990753174
mex,1989,0.9779127240180968
mex,1990,0.9827723503112792
mex,1991,0.9905339479446412
mex,1992,0.9970605969429016
mex,1993,1.003239631652832
mex,1994,1.008450031280518
mex,1995,1.012914776802063
mex,1996,1.01078462600708
mex,1997,1.006203413009644
mex,1998,1.000730156898499
mex,1999,1.002303600311279
mex,2000,1.008197546005249
mex,2001,1.016112804412842
mex,2002,1.022618651390076
mex,2003,1.027062773704529
mex,2004,1.030634522438049
mex,2005,1.032711267471313
mex,2006,1.032686710357666
mex,2007,1.034049868583679
mex,2008,1.036691904067993
mex,2009,1.041559934616089
mex,2010,1.043545603752136
mex,2011,1.042631864547729
mex,2012,1.039821982383728
mex,2013,1.038101434707642
mex,2014,1.035799980163574
mex,2015,1.034773707389832
mex,2016,1.031117677688599
mex,2017,1.029232621192932
mex,2018,1.026082634925842
mex,2019,1.024581074714661
mex,2020,1.023934245109558
mex,2021,1.024601101875305
mex,2022,1.025122046470642
mex,2023,1.025642275810242
mex,2024,1.025951981544495
mex,2025,1.026902556419373
mkd,1981,0.8560329079627991
mkd,1982,0.863560140132904
mkd,1983,0.8712533116340637
mkd,1984,0.8808851838111877
mkd,1985,0.8880146741867065
mkd,1986,0.8948312401771545
mkd,1987,0.9012227058410645
mkd,1988,0.9098719358444214
mkd,1989,0.9188082814216614
mkd,1990,0.927143394947052
mkd,1991,0.9343791007995604
mkd,1992,0.942871630191803
mkd,1993,0.9512840509414672
mkd,1994,0.9588825702667236
mkd,1995,0.9669145941734314
mkd,1996,0.9746936559677124
mkd,1997,0.9819163084030152
mkd,1998,0.9860389828681946
mkd,1999,0.9897140860557556
mkd,2000,0.9921638369560242
mkd,2001,0.9935096502304076
mkd,2002,0.9932166934013368
mkd,2003,0.9911972284317015
mkd,2004,0.9892092943191528
mkd,2005,0.9888352751731871
mkd,2006,0.9889877438545228
mkd,2007,0.989771604537964
mkd,2008,0.9918183088302612
mkd,2009,0.9936410784721376
mkd,2010,0.9957719445228576
mkd,2011,0.997892200946808
mkd,2012,0.9995796084403992
mkd,2013,1.001047015190125
mkd,2014,1.002503752708435
mkd,2015,1.003534078598022
mkd,2016,1.005180239677429
mkd,2017,1.006402373313904
mkd,2018,1.008031725883484
mkd,2019,1.009036779403687
mkd,2020,1.009329557418823
mkd,2021,1.010129928588867
mkd,2022,1.010724067687988
mkd,2023,1.011016488075256
mkd,2024,1.011406898498535
mkd,2025,1.011593818664551
mli,1981,0.3174029886722565
mli,1982,0.3292887806892395
mli,1983,0.3352638781070709
mli,1984,0.3443388342857361
mli,1985,0.3490849137306213
mli,1986,0.3562667965888977
mli,1987,0.3617193102836609
mli,1988,0.3687737286090851
mli,1989,0.3740786015987396
mli,1990,0.3830704092979431
mli,1991,0.391351729631424
mli,1992,0.4048251211643219
mli,1993,0.4089224338531494
mli,1994,0.4113770127296448
mli,1995,0.4157799482345581
mli,1996,0.4082156717777252
mli,1997,0.4020976424217224
mli,1998,0.3937307894229889
mli,1999,0.3933264017105103
mli,2000,0.3964568674564362
mli,2001,0.4065609276294708
mli,2002,0.4215553402900696
mli,2003,0.4370538294315338
mli,2004,0.4481396079063416
mli,2005,0.4584472477436066
mli,2006,0.4712835848331451
mli,2007,0.4860737323760986
mli,2008,0.502013623714447
mli,2009,0.5137619972229004
mli,2010,0.5265487432479858
mli,2011,0.5432760715484619
mli,2012,0.5618903636932373
mli,2013,0.5798518657684326
mli,2014,0.5953676700592041
mli,2015,0.6129961609840393
mli,2016,0.6361966729164124
mli,2017,0.6696972846984863
mli,2018,0.6987490057945251
mli,2019,0.7245814204216003
mli,2020,0.7447831630706787
mli,2021,0.7643823623657227
mli,2022,0.7867656350135803
mli,2023,0.8129450678825378
mli,2024,0.8340833187103271
mli,2025,0.8434097766876221
mlt,1981,0.9983593821525574
mlt,1982,0.9988723397254944
mlt,1983,0.9983609914779664
mlt,1984,0.9987704753875732
mlt,1985,0.999078094959259
mlt,1986,0.9990784525871276
mlt,1987,0.99918133020401
mlt,1988,0.9990795254707336
mlt,1989,0.999386429786682
mlt,1990,0.999488890171051
mlt,1991,0.999488890171051
mlt,1992,0.9990807175636292
mlt,1993,0.9987747073173524
mlt,1994,0.9983671903610228
mlt,1995,0.9983676075935364
mlt,1996,0.9982655644416808
mlt,1997,0.9987755417823792
mlt,1998,0.9987754225730896
mlt,1999,0.9986734986305236
mlt,2000,0.9984697103500366
mlt,2001,0.998775839805603
mlt,2002,0.9987757205963136
mlt,2003,0.9985721111297609
mlt,2004,0.9984701871871948
mlt,2005,0.9983686804771424
mlt,2006,0.9978599548339844
mlt,2007,0.9973511695861816
mlt,2008,0.99714857339859
mlt,2009,0.9976570010185242
mlt,2010,0.997656524181366
mlt,2011,0.9975540041923524
mlt,2012,0.9977568984031676
mlt,2013,0.9981642961502076
mlt,2014,0.9986732006072998
mlt,2015,0.9987747669219972
mlt,2016,0.9990802407264708
mlt,2017,0.9990799427032472
mlt,2018,0.9990799427032472
mlt,2019,0.9991822838783264
mlt,2020,0.9993870854377748
mlt,2021,0.9995914697647096
mlt,2022,0.9998979568481444
mlt,2023,1.000204086303711
mlt,2024,1.0
mlt,2025,0.9996941685676576
mmr,1981,0.9271948337554932
mmr,1982,0.940369188785553
mmr,1983,0.9444008469581604
mmr,1984,0.9560590386390686
mmr,1985,0.9650620222091676
mmr,1986,0.9746776819229126
mmr,1987,0.9850931763648988
mmr,1988,0.99294775724411
mmr,1989,1.009001135826111
mmr,1990,1.021005392074585
mmr,1991,1.027825713157654
mmr,1992,1.03487241268158
mmr,1993,1.039017081260681
mmr,1994,1.045705437660217
mmr,1995,1.059144735336304
mmr,1996,1.070876240730286
mmr,1997,1.081335186958313
mmr,1998,1.083942413330078
mmr,1999,1.078020215034485
mmr,2000,1.060316562652588
mmr,2001,1.040545463562012
mmr,2002,1.026953220367432
mmr,2003,1.024677276611328
mmr,2004,1.025917172431946
mmr,2005,1.025878548622131
mmr,2006,1.035212159156799
mmr,2007,1.047467350959778
mmr,2008,1.062263488769531
mmr,2009,1.070426821708679
mmr,2010,1.067510962486267
mmr,2011,1.060434103012085
mmr,2012,1.057973384857178
mmr,2013,1.063418745994568
mmr,2014,1.069710493087769
mmr,2015,1.080660104751587
mmr,2016,1.091546773910522
mmr,2017,1.102283835411072
mmr,2018,1.105732321739197
mmr,2019,1.107471704483032
mmr,2020,1.110165476799011
mmr,2021,1.116281986236572
mmr,2022,1.117147445678711
mmr,2023,1.118643760681152
mmr,2024,1.120802164077759
mmr,2025,1.122233629226685
mne,1981,0.9585350155830384
mne,1982,0.9607300162315368
mne,1983,0.96261066198349
mne,1984,0.9650967121124268
mne,1985,0.9671757221221924
mne,1986,0.969460904598236
mne,1987,0.9712278246879578
mne,1988,0.9733912348747252
mne,1989,0.9756649732589722
mne,1990,0.9780480265617372
mne,1991,0.979070484638214
mne,1992,0.9795778393745422
mne,1993,0.9801906943321228
mne,1994,0.9810163378715516
mne,1995,0.9812241792678832
mne,1996,0.9811246395111084
mne,1997,0.9818485975265504
mne,1998,0.9833090901374816
mne,1999,0.9849790334701538
mne,2000,0.9863396286964417
mne,2001,0.9880113005638124
mne,2002,0.9900967478752136
mne,2003,0.9918755292892456
mne,2004,0.9930259585380554
mne,2005,0.9938660264015198
mne,2006,0.9951171875
mne,2007,0.996782124042511
mne,2008,0.9984441995620728
mne,2009,1.000414490699768
mne,2010,1.002479910850525
mne,2011,1.004329681396484
mne,2012,1.006683230400085
mne,2013,1.008004426956177
mne,2014,1.009118795394897
mne,2015,1.00992226600647
mne,2016,1.010519742965698
mne,2017,1.011017322540283
mne,2018,1.011515974998474
mne,2019,1.012014865875244
mne,2020,1.012106657028198
mne,2021,1.012502431869507
mne,2022,1.013000011444092
mne,2023,1.01329779624939
mne,2024,1.013590931892395
mne,2025,1.013787746429443
mng,1981,1.132341623306274
mng,1982,1.134369134902954
mng,1983,1.138481020927429
mng,1984,1.142670392990112
mng,1985,1.152972459793091
mng,1986,1.156942129135132
mng,1987,1.16607391834259
mng,1988,1.173754811286926
mng,1989,1.181822776794434
mng,1990,1.190442085266113
mng,1991,1.201003193855286
mng,1992,1.213762283325195
mng,1993,1.229176998138428
mng,1994,1.242138504981995
mng,1995,1.253130912780762
mng,1996,1.262297987937927
mng,1997,1.265086054801941
mng,1998,1.264555215835571
mng,1999,1.261147141456604
mng,2000,1.251304626464844
mng,2001,1.236399531364441
mng,2002,1.220892429351807
mng,2003,1.205999135971069
mng,2004,1.191669821739197
mng,2005,1.176060676574707
mng,2006,1.161473512649536
mng,2007,1.146722912788391
mng,2008,1.132871866226196
mng,2009,1.119307637214661
mng,2010,1.104786515235901
mng,2011,1.090381979942322
mng,2012,1.077522158622742
mng,2013,1.067382097244263
mng,2014,1.058961629867554
mng,2015,1.052339792251587
mng,2016,1.046565294265747
mng,2017,1.040848970413208
mng,2018,1.036031484603882
mng,2019,1.03168261051178
mng,2020,1.027410507202148
mng,2021,1.024216651916504
mng,2022,1.021276235580444
mng,2023,1.018374443054199
mng,2024,1.015301704406738
mng,2025,1.013545989990234
moz,1981,0.3844354450702667
moz,1982,0.3817188143730164
moz,1983,0.3857672214508057
moz,1984,0.3793892860412598
moz,1985,0.3829376101493835
moz,1986,0.3915524780750275
moz,1987,0.4086938202381134
moz,1988,0.4254387021064758
moz,1989,0.4555868804454803
moz,1990,0.4839110374450684
moz,1991,0.510499894618988
moz,1992,0.5414777994155884
moz,1993,0.5567439794540405
moz,1994,0.5700050592422485
moz,1995,0.5847101211547852
moz,1996,0.5925566554069519
moz,1997,0.5891242027282715
moz,1998,0.5918893814086914
moz,1999,0.5992918014526367
moz,2000,0.6066287159919739
moz,2001,0.6020472049713135
moz,2002,0.5862358212471008
moz,2003,0.5740655660629272
moz,2004,0.5728084444999695
moz,2005,0.5659356117248535
moz,2006,0.570319652557373
moz,2007,0.5715745687484741
moz,2008,0.5807920694351196
moz,2009,0.5887213945388794
moz,2010,0.6028504967689514
moz,2011,0.6127625703811646
moz,2012,0.6182594895362854
moz,2013,0.6179571151733398
moz,2014,0.6143998503684998
moz,2015,0.6167819499969482
moz,2016,0.6185925602912903
moz,2017,0.6187281608581543
moz,2018,0.6171503067016602
moz,2019,0.6160966753959656
moz,2020,0.6123857498168945
moz,2021,0.6139317750930786
moz,2022,0.6122471690177917
moz,2023,0.6170036196708679
moz,2024,0.6192294955253601
moz,2025,0.6214494705200195
mrt,1981,0.2399734705686569
mrt,1982,0.2566063702106476
mrt,1983,0.2678239047527313
mrt,1984,0.2825561463832855
mrt,1985,0.297675222158432
mrt,1986,0.3099486529827118
mrt,1987,0.3238566517829895
mrt,1988,0.337138295173645
mrt,1989,0.351166695356369
mrt,1990,0.3670284152030945
mrt,1991,0.3840863406658173
mrt,1992,0.4027983546257019
mrt,1993,0.4260395765304565
mrt,1994,0.4513904452323914
mrt,1995,0.4749484062194824
mrt,1996,0.5024266839027405
mrt,1997,0.526953935623169
mrt,1998,0.5484722256660461
mrt,1999,0.5702502131462097
mrt,2000,0.5946447849273682
mrt,2001,0.6233071684837341
mrt,2002,0.6464678645133972
mrt,2003,0.6622554063796997
mrt,2004,0.6727230548858643
mrt,2005,0.6802272796630859
mrt,2006,0.6886609792709351
mrt,2007,0.6961337924003601
mrt,2008,0.7029159665107727
mrt,2009,0.7049928903579712
mrt,2010,0.7122154235839844
mrt,2011,0.7206856608390808
mrt,2012,0.7362613677978516
mrt,2013,0.7531580328941345
mrt,2014,0.7742980718612671
mrt,2015,0.7972989082336426
mrt,2016,0.8165782690048218
mrt,2017,0.8394536375999451
mrt,2018,0.8597517609596252
mrt,2019,0.8794622421264648
mrt,2020,0.891893208026886
mrt,2021,0.9012964367866516
mrt,2022,0.9119045734405518
mrt,2023,0.9280526041984558
mrt,2024,0.9445680975914
mrt,2025,0.9549333453178406
mus,1981,0.8929146528244019
mus,1982,0.9123489856719972
mus,1983,0.9277887344360352
mus,1984,0.9407605528831482
mus,1985,0.945890486240387
mus,1986,0.948344588279724
mus,1987,0.9506664276123048
mus,1988,0.9598740935325624
mus,1989,0.9742180109024048
mus,1990,0.9912957549095154
mus,1991,1.01122772693634
mus,1992,1.033224940299988
mus,1993,1.053461909294128
mus,1994,1.072388887405396
mus,1995,1.084878206253052
mus,1996,1.093354940414429
mus,1997,1.098226070404053
mus,1998,1.099921464920044
mus,1999,1.100653529167175
mus,2000,1.098806858062744
mus,2001,1.095993041992188
mus,2002,1.092912077903748
mus,2003,1.09099543094635
mus,2004,1.088066816329956
mus,2005,1.082358121871948
mus,2006,1.074270963668823
mus,2007,1.065783739089966
mus,2008,1.058939337730408
mus,2009,1.055330395698547
mus,2010,1.056725263595581
mus,2011,1.062039017677307
mus,2012,1.067887663841248
mus,2013,1.073251605033875
mus,2014,1.076206684112549
mus,2015,1.077396392822266
mus,2016,1.07831084728241
mus,2017,1.077569007873535
mus,2018,1.076463937759399
mus,2019,1.074377179145813
mus,2020,1.074501276016235
mus,2021,1.072876930236816
mus,2022,1.071081161499023
mus,2023,1.069991111755371
mus,2024,1.068613290786743
mus,2025,1.066642165184021
mwi,1981,0.3682887554168701
mwi,1982,0.3880321383476257
mwi,1983,0.4014765322208405
mwi,1984,0.416240394115448
mwi,1985,0.4275889992713928
mwi,1986,0.4394615292549133
mwi,1987,0.4535082578659058
mwi,1988,0.4613436162471771
mwi,1989,0.4624212682247162
mwi,1990,0.457457572221756
mwi,1991,0.4517235159873962
mwi,1992,0.4578064978122711
mwi,1993,0.4708218276500702
mwi,1994,0.4820820689201355
mwi,1995,0.502345860004425
mwi,1996,0.5328789353370667
mwi,1997,0.5752303600311279
mwi,1998,0.616024374961853
mwi,1999,0.6544219255447388
mwi,2000,0.6865459084510803
mwi,2001,0.7201427221298218
mwi,2002,0.7461428046226501
mwi,2003,0.7541606426239014
mwi,2004,0.7445952892303467
mwi,2005,0.735114574432373
mwi,2006,0.7337891459465027
mwi,2007,0.7402454614639282
mwi,2008,0.7519541382789612
mwi,2009,0.7810468673706055
mwi,2010,0.817663311958313
mwi,2011,0.8627892136573792
mwi,2012,0.9080783724784852
mwi,2013,0.9484502673149108
mwi,2014,0.974084734916687
mwi,2015,0.9965373277664183
mwi,2016,1.015454530715942
mwi,2017,1.035944819450378
mwi,2018,1.050193071365356
mwi,2019,1.067081570625305
mwi,2020,1.090079307556152
mwi,2021,1.11576235294342
mwi,2022,1.135085940361023
mwi,2023,1.151844143867493
mwi,2024,1.167665123939514
mwi,2025,1.182195067405701
mys,1981,0.872239351272583
mys,1982,0.8995830416679382
mys,1983,0.928691864013672
mys,1984,0.9520857334136964
mys,1985,0.9735987782478333
mys,1986,0.9907646775245668
mys,1987,1.00464653968811
mys,1988,1.017389178276062
mys,1989,1.027782559394836
mys,1990,1.040162086486816
mys,1991,1.054376125335693
mys,1992,1.071151256561279
mys,1993,1.086492538452148
mys,1994,1.099096536636353
mys,1995,1.111583590507507
mys,1996,1.119709134101868
mys,1997,1.117682456970215
mys,1998,1.10895049571991
mys,1999,1.095319032669067
mys,2000,1.081841945648193
mys,2001,1.069488644599915
mys,2002,1.059688568115234
mys,2003,1.052842497825623
mys,2004,1.047076821327209
mys,2005,1.042804718017578
mys,2006,1.039234757423401
mys,2007,1.035775303840637
mys,2008,1.033769011497498
mys,2009,1.032271504402161
mys,2010,1.032832860946655
mys,2011,1.031637191772461
mys,2012,1.02965259552002
mys,2013,1.027825951576233
mys,2014,1.026464343070984
mys,2015,1.02530312538147
mys,2016,1.024470448493958
mys,2017,1.023043751716614
mys,2018,1.021323800086975
mys,2019,1.020255208015442
mys,2020,1.018675684928894
mys,2021,1.017828345298767
mys,2022,1.016778945922852
mys,2023,1.015438795089722
mys,2024,1.013908743858337
mys,2025,1.012881875038147
nam,1981,0.7436909079551697
nam,1982,0.7605127096176147
nam,1983,0.7701501846313477
nam,1984,0.7831383347511292
nam,1985,0.7975327968597412
nam,1986,0.8173516988754272
nam,1987,0.8427445888519287
nam,1988,0.8703892230987549
nam,1989,0.89804607629776
nam,1990,0.9243282079696656
nam,1991,0.953464150428772
nam,1992,0.9799912571907043
nam,1993,1.008331298828125
nam,1994,1.039023160934448
nam,1995,1.066432356834412
nam,1996,1.083355784416199
nam,1997,1.098484873771667
nam,1998,1.10504674911499
nam,1999,1.107487082481384
nam,2000,1.107548236846924
nam,2001,1.115912437438965
nam,2002,1.126079559326172
nam,2003,1.130664110183716
nam,2004,1.133691787719727
nam,2005,1.136998295783997
nam,2006,1.145082950592041
nam,2007,1.15067982673645
nam,2008,1.15886127948761
nam,2009,1.168112993240356
nam,2010,1.1794114112854
nam,2011,1.190975546836853
nam,2012,1.204880714416504
nam,2013,1.217990517616272
nam,2014,1.225573420524597
nam,2015,1.231387257575989
nam,2016,1.238093852996826
nam,2017,1.246467351913452
nam,2018,1.253006935119629
nam,2019,1.257259130477905
nam,2020,1.264255285263062
nam,2021,1.270558953285217
nam,2022,1.274702310562134
nam,2023,1.277536988258362
nam,2024,1.282513618469238
nam,2025,1.286425590515137
ner,1981,0.3289512395858765
ner,1982,0.3337734937667847
ner,1983,0.3426933884620667
ner,1984,0.3533585369586945
ner,1985,0.3603206872940063
ner,1986,0.3787648975849152
ner,1987,0.4038926064968109
ner,1988,0.4234938621520996
ner,1989,0.4438410699367523
ner,1990,0.4533479809761047
ner,1991,0.4580922424793243
ner,1992,0.4558733701705933
ner,1993,0.4531141817569733
ner,1994,0.4531856775283813
ner,1995,0.4557023644447327
ner,1996,0.4643755853176117
ner,1997,0.4639641642570496
ner,1998,0.4633026719093323
ner,1999,0.4666348397731781
ner,2000,0.463145524263382
ner,2001,0.4631718695163727
ner,2002,0.4510272145271301
ner,2003,0.4428705275058746
ner,2004,0.4408213794231415
ner,2005,0.4470999240875244
ner,2006,0.4526076018810272
ner,2007,0.4583950042724609
ner,2008,0.4607751369476318
ner,2009,0.4614082872867584
ner,2010,0.4543575048446655
ner,2011,0.4612578749656677
ner,2012,0.4636729657649994
ner,2013,0.4596195816993713
ner,2014,0.4540946781635284
ner,2015,0.4463055431842804
ner,2016,0.4340903460979462
ner,2017,0.425551176071167
ner,2018,0.4141288995742798
ner,2019,0.4026959836483002
ner,2020,0.3927495777606964
ner,2021,0.3876127302646637
ner,2022,0.3837132751941681
ner,2023,0.381551057100296
ner,2024,0.3773687779903412
ner,2025,0.3789502680301666
nga,1981,0.7614419460296631
nga,1982,0.7668238282203674
nga,1983,0.7721025347709656
nga,1984,0.7798998951911926
nga,1985,0.7831274271011353
nga,1986,0.7916615009307861
nga,1987,0.7952219247817993
nga,1988,0.8012488484382629
nga,1989,0.8097257614135742
nga,1990,0.821423351764679
nga,1991,0.829870343208313
nga,1992,0.8338769674301147
nga,1993,0.8274772763252258
nga,1994,0.8218623399734497
nga,1995,0.8194411993026733
nga,1996,0.8216311931610107
nga,1997,0.8186665177345276
nga,1998,0.8171703815460205
nga,1999,0.8176791071891785
nga,2000,0.8229287266731262
nga,2001,0.8312008380889893
nga,2002,0.839903712272644
nga,2003,0.84783536195755
nga,2004,0.8576307892799377
nga,2005,0.8678543567657471
nga,2006,0.8763033747673035
nga,2007,0.8812930583953857
nga,2008,0.8838149905204773
nga,2009,0.8865683674812317
nga,2010,0.8885891437530518
nga,2011,0.8900094032287598
nga,2012,0.888599157333374
nga,2013,0.8857502937316895
nga,2014,0.8834623098373413
nga,2015,0.8854114413261414
nga,2016,0.8902647495269775
nga,2017,0.8942344188690186
nga,2018,0.8984894156455994
nga,2019,0.9023869037628174
nga,2020,0.9069866538047792
nga,2021,0.9113548398017884
nga,2022,0.9136148691177368
nga,2023,0.9128062129020692
nga,2024,0.9114474058151244
nga,2025,0.9133198261260986
nic,1981,1.102805018424988
nic,1982,1.107342123985291
nic,1983,1.110727429389954
nic,1984,1.114044427871704
nic,1985,1.124388456344604
nic,1986,1.142559885978699
nic,1987,1.167449712753296
nic,1988,1.193843841552734
nic,1989,1.203788638114929
nic,1990,1.205329775810242
nic,1991,1.200425982475281
nic,1992,1.203317284584045
nic,1993,1.197673559188843
nic,1994,1.193463087081909
nic,1995,1.187634348869324
nic,1996,1.182524800300598
nic,1997,1.181400775909424
nic,1998,1.186721086502075
nic,1999,1.200161099433899
nic,2000,1.218441486358643
nic,2001,1.230570077896118
nic,2002,1.229140400886536
nic,2003,1.223758816719055
nic,2004,1.22044312953949
nic,2005,1.222456574440002
nic,2006,1.220753073692322
nic,2007,1.221147418022156
nic,2008,1.225094795227051
nic,2009,1.227476119995117
nic,2010,1.230470776557922
nic,2011,1.232828617095947
nic,2012,1.235512375831604
nic,2013,1.241049647331238
nic,2014,1.243861794471741
nic,2015,1.245333075523376
nic,2016,1.247861385345459
nic,2017,1.251198887825012
nic,2018,1.256163954734802
nic,2019,1.257253170013428
nic,2020,1.257642388343811
nic,2021,1.262368321418762
nic,2022,1.262865662574768
nic,2023,1.266588568687439
nic,2024,1.268389821052551
nic,2025,1.267525553703308
nld,1981,0.9803664088249208
nld,1982,0.9811908006668092
nld,1983,0.9821066856384276
nld,1984,0.9835005402565002
nld,1985,0.9848878383636476
nld,1986,0.9866167306900024
nld,1987,0.9869726300239564
nld,1988,0.9882439374923706
nld,1989,0.988368034362793
nld,1990,0.9900693297386168
nld,1991,0.9914352297782898
nld,1992,0.993260145187378
nld,1993,0.9967991709709167
nld,1994,0.9991995692253112
nld,1995,1.000913262367249
nld,1996,1.003075838088989
nld,1997,1.004998087882996
nld,1998,1.006797552108765
nld,1999,1.008371233940125
nld,2000,1.009712100028992
nld,2001,1.010928750038147
nld,2002,1.011574506759644
nld,2003,1.012649774551392
nld,2004,1.013033509254456
nld,2005,1.013745307922363
nld,2006,1.013920664787292
nld,2007,1.015655040740967
nld,2008,1.017826199531555
nld,2009,1.021084666252136
nld,2010,1.025303721427917
nld,2011,1.029295921325684
nld,2012,1.031901121139526
nld,2013,1.032846331596375
nld,2014,1.033936858177185
nld,2015,1.035618185997009
nld,2016,1.038230657577515
nld,2017,1.040800094604492
nld,2018,1.042268037796021
nld,2019,1.042707204818726
nld,2020,1.042890191078186
nld,2021,1.043691277503967
nld,2022,1.044266700744629
nld,2023,1.045054197311401
nld,2024,1.044878363609314
nld,2025,1.044794321060181
nor,1981,0.9991949200630188
nor,1982,0.9990943670272828
nor,1983,0.9991950392723083
nor,1984,0.9991954565048218
nor,1985,0.99949711561203
nor,1986,0.9995977878570556
nor,1987,0.9996984004974364
nor,1988,0.9998995065689088
nor,1989,0.999899446964264
nor,1990,1.0
nor,1991,1.0
nor,1992,1.000100493431091
nor,1993,1.000100493431091
nor,1994,1.0
nor,1995,1.0
nor,1996,1.0
nor,1997,0.999899446964264
nor,1998,0.9998995661735536
nor,1999,0.999899446964264
nor,2000,1.0
nor,2001,0.9998995661735536
nor,2002,1.0
nor,2003,1.0
nor,2004,0.999899446964264
nor,2005,0.9998995065689088
nor,2006,0.9997990131378174
nor,2007,0.9998995661735536
nor,2008,1.0
nor,2009,1.000100493431091
nor,2010,1.000200986862183
nor,2011,1.000200867652893
nor,2012,1.000100374221802
nor,2013,1.0
nor,2014,0.9997991919517516
nor,2015,0.9997991919517516
nor,2016,0.999899685382843
nor,2017,0.9998996257781982
nor,2018,0.9998996257781982
nor,2019,1.0
nor,2020,1.0
nor,2021,0.999899685382843
nor,2022,1.0
nor,2023,1.000100255012512
nor,2024,1.000300645828247
nor,2025,1.000300526618958
npl,1981,0.0967177972197533
npl,1982,0.1165191680192947
npl,1983,0.1372129768133163
npl,1984,0.1579383611679077
npl,1985,0.1798762530088425
npl,1986,0.2051031589508057
npl,1987,0.2297692447900772
npl,1988,0.2548175752162933
npl,1989,0.2782126367092133
npl,1990,0.2997616231441498
npl,1991,0.3261590600013733
npl,1992,0.3579925894737244
npl,1993,0.392815113067627
npl,1994,0.4256117343902588
npl,1995,0.4589761197566986
npl,1996,0.4858311116695404
npl,1997,0.5137777328491211
npl,1998,0.5374379754066467
npl,1999,0.5643459558486938
npl,2000,0.5860646367073059
npl,2001,0.6183686256408691
npl,2002,0.6503477692604065
npl,2003,0.6842297315597534
npl,2004,0.7103579640388489
npl,2005,0.7353704571723938
npl,2006,0.7585797309875488
npl,2007,0.7870708703994751
npl,2008,0.8161526918411255
npl,2009,0.8429869413375854
npl,2010,0.8636319637298584
npl,2011,0.88116854429245
npl,2012,0.9000217914581299
npl,2013,0.9184319376945496
npl,2014,0.936942458152771
npl,2015,0.9559710025787354
npl,2016,0.9723379611968994
npl,2017,0.985897183418274
npl,2018,0.9954521059989928
npl,2019,1.004121899604797
npl,2020,1.009577035903931
npl,2021,1.014486312866211
npl,2022,1.019099473953247
npl,2023,1.025263667106628
npl,2024,1.031598448753357
npl,2025,1.037514090538025
nru,1981,0.9097309112548828
nru,1982,0.9210533499717712
nru,1983,0.9300622344017028
nru,1984,0.941752791404724
nru,1985,0.9518297910690308
nru,1986,0.9517322182655334
nru,1987,0.9614023566246032
nru,1988,0.970856547355652
nru,1989,0.9768922328948976
nru,1990,0.9850210547447203
nru,1991,1.000969529151917
nru,1992,1.00592827796936
nru,1993,1.01167368888855
nru,1994,1.0193190574646
nru,1995,1.023429393768311
nru,1996,1.028757810592651
nru,1997,1.035982489585876
nru,1998,1.046473264694214
nru,1999,1.049935579299927
nru,2000,1.053747534751892
nru,2001,1.060481786727905
nru,2002,1.070061087608337
nru,2003,1.075569629669189
nru,2004,1.078210473060608
nru,2005,1.078636407852173
nru,2006,1.082718729972839
nru,2007,1.090209245681763
nru,2008,1.094597220420837
nru,2009,1.098222613334656
nru,2010,1.099881768226624
nru,2011,1.101990699768066
nru,2012,1.104827880859375
nru,2013,1.109300255775452
nru,2014,1.112444996833801
nru,2015,1.114556789398193
nru,2016,1.119643330574036
nru,2017,1.126772165298462
nru,2018,1.132688879966736
nru,2019,1.138986468315125
nru,2020,1.142035961151123
nru,2021,1.147709965705872
nru,2022,1.151272773742676
nru,2023,1.154637694358826
nru,2024,1.156450271606445
nru,2025,1.159888386726379
pak,1981,0.2596928477287292
pak,1982,0.2776513993740082
pak,1983,0.2928325831890106
pak,1984,0.3077121675014496
pak,1985,0.3213970065116882
pak,1986,0.3379189968109131
pak,1987,0.3550971746444702
pak,1988,0.3709169328212738
pak,1989,0.3908397555351257
pak,1990,0.4097764194011688
pak,1991,0.4291622042655945
pak,1992,0.4483932256698608
pak,1993,0.4671740531921387
pak,1994,0.4932318329811096
pak,1995,0.5234864354133606
pak,1996,0.5559290647506714
pak,1997,0.5840413570404053
pak,1998,0.6108852624893188
pak,1999,0.6385332345962524
pak,2000,0.6617105007171631
pak,2001,0.6802614331245422
pak,2002,0.6924899220466614
pak,2003,0.7071114778518677
pak,2004,0.7230491042137146
pak,2005,0.7395926117897034
pak,2006,0.7552953362464905
pak,2007,0.7661494016647339
pak,2008,0.7777888774871826
pak,2009,0.7949331998825073
pak,2010,0.8113499283790588
pak,2011,0.8274334669113159
pak,2012,0.8438228964805603
pak,2013,0.8535065054893494
pak,2014,0.8616430759429932
pak,2015,0.8690949082374573
pak,2016,0.876998245716095
pak,2017,0.8925033807754517
pak,2018,0.9105917811393738
pak,2019,0.9282549023628236
pak,2020,0.944606602191925
pak,2021,0.963035762310028
pak,2022,0.9769354462623596
pak,2023,0.9911656975746156
pak,2024,1.002721548080444
pak,2025,1.017026782035828
pan,1981,1.095121026039124
pan,1982,1.100045680999756
pan,1983,1.105487465858459
pan,1984,1.107809543609619
pan,1985,1.10165536403656
pan,1986,1.098575353622437
pan,1987,1.092734336853027
pan,1988,1.093214750289917
pan,1989,1.091139197349548
pan,1990,1.093542098999023
pan,1991,1.096926093101501
pan,1992,1.104807019233704
pan,1993,1.109777808189392
pan,1994,1.108819723129272
pan,1995,1.107479691505432
pan,1996,1.106487274169922
pan,1997,1.108936190605164
pan,1998,1.113030910491943
pan,1999,1.112248420715332
pan,2000,1.112003684043884
pan,2001,1.110525012016296
pan,2002,1.111648797988892
pan,2003,1.112066030502319
pan,2004,1.112278699874878
pan,2005,1.114634990692139
pan,2006,1.111599564552307
pan,2007,1.106936812400818
pan,2008,1.100482702255249
pan,2009,1.098268508911133
pan,2010,1.092536330223083
pan,2011,1.087137222290039
pan,2012,1.084280133247375
pan,2013,1.087682247161865
pan,2014,1.091159462928772
pan,2015,1.093675971031189
pan,2016,1.094141960144043
pan,2017,1.094830989837646
pan,2018,1.09415328502655
pan,2019,1.09330415725708
pan,2020,1.093407988548279
pan,2021,1.095600247383118
pan,2022,1.094383716583252
pan,2023,1.092898845672607
pan,2024,1.093328237533569
pan,2025,1.092081427574158
per,1981,0.7890141010284424
per,1982,0.8006440997123718
per,1983,0.8107814788818359
per,1984,0.8218251466751099
per,1985,0.8344799280166626
per,1986,0.8450461030006409
per,1987,0.85328608751297
per,1988,0.8577955365180969
per,1989,0.8648858070373535
per,1990,0.872919499874115
per,1991,0.8824355006217957
per,1992,0.8900533318519592
per,1993,0.8916531205177307
per,1994,0.8986108303070068
per,1995,0.9097011089324952
per,1996,0.9212815761566162
per,1997,0.9317784905433656
per,1998,0.9382455945014954
per,1999,0.9450113773345948
per,2000,0.9468346238136292
per,2001,0.9465131759643556
per,2002,0.9443655014038086
per,2003,0.9447388052940368
per,2004,0.9489157795906068
per,2005,0.9553289413452148
per,2006,0.9630884528160096
per,2007,0.9685123562812804
per,2008,0.9735696911811828
per,2009,0.9809740781784058
per,2010,0.9874203205108644
per,2011,0.9939882159233092
per,2012,0.9995118975639344
per,2013,1.002651572227478
per,2014,1.001900196075439
per,2015,1.000468373298645
per,2016,0.9998847842216492
per,2017,1.002270340919495
per,2018,1.004700660705566
per,2019,1.006758570671082
per,2020,1.008786082267761
per,2021,1.009600281715393
per,2022,1.010631918907166
per,2023,1.011539936065674
per,2024,1.012230753898621
per,2025,1.01302182674408
phl,1981,1.070425152778625
phl,1982,1.082507133483887
phl,1983,1.087393164634705
phl,1984,1.087814569473267
phl,1985,1.084740877151489
phl,1986,1.093150496482849
phl,1987,1.103883743286133
phl,1988,1.111502408981323
phl,1989,1.115989565849304
phl,1990,1.122718214988708
phl,1991,1.130982398986816
phl,1992,1.141335248947144
phl,1993,1.14335834980011
phl,1994,1.151044249534607
phl,1995,1.154782891273499
phl,1996,1.159231185913086
phl,1997,1.16225004196167
phl,1998,1.166799426078796
phl,1999,1.171317458152771
phl,2000,1.172236442565918
phl,2001,1.17569363117218
phl,2002,1.182840347290039
phl,2003,1.189902901649475
phl,2004,1.193156599998474
phl,2005,1.193979859352112
phl,2006,1.195026755332947
phl,2007,1.193716049194336
phl,2008,1.191952466964722
phl,2009,1.185594916343689
phl,2010,1.183754801750183
phl,2011,1.184566378593445
phl,2012,1.188437581062317
phl,2013,1.190273761749268
phl,2014,1.184334516525269
phl,2015,1.178095817565918
phl,2016,1.172826409339905
phl,2017,1.169826030731201
phl,2018,1.166952013969421
phl,2019,1.161389231681824
phl,2020,1.157619595527649
phl,2021,1.157129049301147
phl,2022,1.158303260803223
phl,2023,1.158982515335083
phl,2024,1.159121155738831
phl,2025,1.158148646354675
png,1981,0.6105438470840454
png,1982,0.6130549311637878
png,1983,0.618698239326477
png,1984,0.6271868944168091
png,1985,0.6360560655593872
png,1986,0.6520418524742126
png,1987,0.6595597267150879
png,1988,0.6654198169708252
png,1989,0.6788519024848938
png,1990,0.6957199573516846
png,1991,0.7196944355964661
png,1992,0.7551174163818359
png,1993,0.7857815027236938
png,1994,0.8062978982925415
png,1995,0.8236815333366394
png,1996,0.8390324115753174
png,1997,0.850425660610199
png,1998,0.8610677719116211
png,1999,0.8700735569000244
png,2000,0.8806685209274292
png,2001,0.892663836479187
png,2002,0.9084025621414183
png,2003,0.9263501167297364
png,2004,0.9433693289756776
png,2005,0.958038330078125
png,2006,0.9680317640304564
png,2007,0.9726659655570984
png,2008,0.9776358008384703
png,2009,0.9882969856262208
png,2010,1.005396485328674
png,2011,1.030149102210999
png,2012,1.056222081184387
png,2013,1.080382227897644
png,2014,1.100746631622314
png,2015,1.12073814868927
png,2016,1.14004921913147
png,2017,1.159641146659851
png,2018,1.173557162284851
png,2019,1.182758688926697
png,2020,1.190373659133911
png,2021,1.197983741760254
png,2022,1.208142757415771
png,2023,1.217824220657349
png,2024,1.228262662887573
png,2025,1.234194874763489
pol,1981,1.044290900230408
pol,1982,1.047513484954834
pol,1983,1.050507068634033
pol,1984,1.054544925689697
pol,1985,1.057587146759033
pol,1986,1.059383153915405
pol,1987,1.060060501098633
pol,1988,1.059875011444092
pol,1989,1.060185551643372
pol,1990,1.060836791992188
pol,1991,1.063619613647461
pol,1992,1.067636728286743
pol,1993,1.072414994239807
pol,1994,1.076064467430115
pol,1995,1.07875669002533
pol,1996,1.079929947853088
pol,1997,1.079607963562012
pol,1998,1.076261878013611
pol,1999,1.07292652130127
pol,2000,1.072874069213867
pol,2001,1.074121356010437
pol,2002,1.073439002037048
pol,2003,1.069228172302246
pol,2004,1.06143856048584
pol,2005,1.051958441734314
pol,2006,1.042902708053589
pol,2007,1.035137295722961
pol,2008,1.028013467788696
pol,2009,1.021470069885254
pol,2010,1.017412781715393
pol,2011,1.01628053188324
pol,2012,1.016762971878052
pol,2013,1.017241954803467
pol,2014,1.017220735549927
pol,2015,1.016504168510437
pol,2016,1.01618480682373
pol,2017,1.015066862106323
pol,2018,1.014752507209778
pol,2019,1.014336824417114
pol,2020,1.013920307159424
pol,2021,1.013407230377197
pol,2022,1.01279604434967
pol,2023,1.012585520744324
pol,2024,1.012076735496521
pol,2025,1.011467218399048
prt,1981,1.242397785186768
prt,1982,1.241023421287537
prt,1983,1.241341352462769
prt,1984,1.241015315055847
prt,1985,1.239110231399536
prt,1986,1.236470341682434
prt,1987,1.238792777061462
prt,1988,1.243101358413696
prt,1989,1.246610999107361
prt,1990,1.2479327917099
prt,1991,1.243146777153015
prt,1992,1.234554886817932
prt,1993,1.22287118434906
prt,1994,1.211073040962219
prt,1995,1.200679302215576
prt,1996,1.188882946968079
prt,1997,1.176277041435242
prt,1998,1.164498805999756
prt,1999,1.156364917755127
prt,2000,1.151074409484863
prt,2001,1.148373126983643
prt,2002,1.148286938667297
prt,2003,1.148893117904663
prt,2004,1.149616241455078
prt,2005,1.146197199821472
prt,2006,1.135544061660767
prt,2007,1.119187951087952
prt,2008,1.100974202156067
prt,2009,1.08339786529541
prt,2010,1.068383097648621
prt,2011,1.057902693748474
prt,2012,1.050856709480286
prt,2013,1.045846819877625
prt,2014,1.041260123252869
prt,2015,1.0378657579422
prt,2016,1.036501407623291
prt,2017,1.03645658493042
prt,2018,1.037230014801025
prt,2019,1.037856578826904
prt,2020,1.037116527557373
prt,2021,1.034807562828064
prt,2022,1.032503008842468
prt,2023,1.03074836730957
prt,2024,1.028210639953613
prt,2025,1.02653181552887
pry,1981,0.9286335110664368
pry,1982,0.9351993799209596
pry,1983,0.9440059065818788
pry,1984,0.9497625827789308
pry,1985,0.9572278261184692
pry,1986,0.963856041431427
pry,1987,0.9702322483062744
pry,1988,0.9764128923416138
pry,1989,0.984306275844574
pry,1990,0.9869670867919922
pry,1991,0.9960731863975524
pry,1992,1.006207466125488
pry,1993,1.017512083053589
pry,1994,1.022709131240845
pry,1995,1.028178572654724
pry,1996,1.029905557632446
pry,1997,1.029853820800781
pry,1998,1.02797257900238
pry,1999,1.027317404747009
pry,2000,1.03054666519165
pry,2001,1.032066345214844
pry,2002,1.035442352294922
pry,2003,1.037834167480469
pry,2004,1.044562458992004
pry,2005,1.04915452003479
pry,2006,1.057477355003357
pry,2007,1.068169355392456
pry,2008,1.076570391654968
pry,2009,1.082834482192993
pry,2010,1.086366057395935
pry,2011,1.090351462364197
pry,2012,1.091877937316895
pry,2013,1.093246579170227
pry,2014,1.097871661186218
pry,2015,1.102334022521973
pry,2016,1.107339859008789
pry,2017,1.111243724822998
pry,2018,1.112693667411804
pry,2019,1.112386345863342
pry,2020,1.111818075180054
pry,2021,1.112159848213196
pry,2022,1.112932801246643
pry,2023,1.112783193588257
pry,2024,1.113098502159119
pry,2025,1.111807107925415
pse,1981,0.5417829751968384
pse,1982,0.5671408176422119
pse,1983,0.600066602230072
pse,1984,0.6295771598815918
pse,1985,0.6626060009002686
pse,1986,0.6971371173858643
pse,1987,0.7262329459190369
pse,1988,0.7613385319709778
pse,1989,0.7992936372756958
pse,1990,0.8328762054443359
pse,1991,0.8640289902687073
pse,1992,0.8931595683097839
pse,1993,0.9232792258262634
pse,1994,0.951162815093994
pse,1995,0.9755077958106996
pse,1996,1.000182151794434
pse,1997,1.027188777923584
pse,1998,1.052016615867615
pse,1999,1.073334932327271
pse,2000,1.09206485748291
pse,2001,1.108497500419617
pse,2002,1.118424415588379
pse,2003,1.123668313026428
pse,2004,1.1274653673172
pse,2005,1.130873680114746
pse,2006,1.135182023048401
pse,2007,1.138389706611633
pse,2008,1.141749978065491
pse,2009,1.142722368240356
pse,2010,1.14237916469574
pse,2011,1.142818689346313
pse,2012,1.14406943321228
pse,2013,1.143198609352112
pse,2014,1.140506148338318
pse,2015,1.13708233833313
pse,2016,1.133450627326965
pse,2017,1.130297064781189
pse,2018,1.126614928245544
pse,2019,1.122715473175049
pse,2020,1.119027972221375
pse,2021,1.114628791809082
pse,2022,1.110955834388733
pse,2023,1.107139825820923
pse,2024,1.102667450904846
pse,2025,1.097903609275818
qat,1981,0.7563924789428711
qat,1982,0.7655754685401917
qat,1983,0.7768884897232056
qat,1984,0.7901561260223389
qat,1985,0.8009200692176819
qat,1986,0.8078761100769043
qat,1987,0.8165696263313293
qat,1988,0.8238875269889832
qat,1989,0.8302918672561646
qat,1990,0.8354805707931519
qat,1991,0.8407679796218872
qat,1992,0.8451331853866577
qat,1993,0.8466050624847412
qat,1994,0.8491341471672058
qat,1995,0.8499218225479126
qat,1996,0.8528599739074707
qat,1997,0.8594309687614441
qat,1998,0.8715845942497253
qat,1999,0.8840841054916382
qat,2000,0.9002552628517151
qat,2001,0.9153621792793274
qat,2002,0.9319505095481871
qat,2003,0.94868403673172
qat,2004,0.9641290903091432
qat,2005,0.9755842089653016
qat,2006,0.9821717143058776
qat,2007,0.9851553440093994
qat,2008,0.9834453463554382
qat,2009,0.9799677729606628
qat,2010,0.9769375920295716
qat,2011,0.9739125967025756
qat,2012,0.9709957838058472
qat,2013,0.969305157661438
qat,2014,0.9684835076332092
qat,2015,0.9685391187667848
qat,2016,0.9701510667800904
qat,2017,0.9724774956703186
qat,2018,0.9774968028068542
qat,2019,0.983801007270813
qat,2020,0.9896754622459412
qat,2021,0.9948613047599792
qat,2022,0.9980928301811218
qat,2023,1.0
qat,2024,1.000409841537476
qat,2025,1.000376462936401
rou,1981,0.9981341361999512
rou,1982,0.9983423352241516
rou,1983,0.9993785619735718
rou,1984,1.0
rou,1985,1.001241564750671
rou,1986,1.002378106117249
rou,1987,1.002896428108215
rou,1988,1.003623723983765
rou,1989,1.004976153373718
rou,1990,1.006748080253601
rou,1991,1.008216619491577
rou,1992,1.009181499481201
rou,1993,1.00942850112915
rou,1994,1.009893298149109
rou,1995,1.012161612510681
rou,1996,1.014661192893982
rou,1997,1.015683054924011
rou,1998,1.0161372423172
rou,1999,1.015618920326233
rou,2000,1.015938878059387
rou,2001,1.015386581420898
rou,2002,1.015016913414001
rou,2003,1.014875054359436
rou,2004,1.016238212585449
rou,2005,1.017072677612305
rou,2006,1.016748189926147
rou,2007,1.015889883041382
rou,2008,1.01430606842041
rou,2009,1.01304829120636
rou,2010,1.011379957199097
rou,2011,1.009497165679932
rou,2012,1.007274746894836
rou,2013,1.00385844707489
rou,2014,1.000643968582153
rou,2015,0.9986044764518738
rou,2016,0.9983876347541808
rou,2017,0.9989237189292908
rou,2018,1.000323295593262
rou,2019,1.000861525535583
rou,2020,1.001399517059326
rou,2021,1.000968217849731
rou,2022,1.001720070838928
rou,2023,1.002254962921143
rou,2024,1.002466559410095
rou,2025,1.002250194549561
rus,1981,1.002001523971558
rus,1982,1.002312064170837
rus,1983,1.001574516296387
rus,1984,1.002199053764343
rus,1985,1.002194404602051
rus,1986,1.002607822418213
rus,1987,1.002499222755432
rus,1988,1.002495408058167
rus,1989,1.002594947814941
rus,1990,1.002694964408875
rus,1991,1.002588629722595
rus,1992,1.002275109291077
rus,1993,1.002888917922974
rus,1994,1.004319548606873
rus,1995,1.005943655967712
rus,1996,1.008065223693848
rus,1997,1.010071158409119
rus,1998,1.011357188224792
rus,1999,1.012343764305115
rus,2000,1.012830853462219
rus,2001,1.013121247291565
rus,2002,1.013008832931519
rus,2003,1.013099789619446
rus,2004,1.013096213340759
rus,2005,1.012593507766724
rus,2006,1.011790037155151
rus,2007,1.009974122047424
rus,2008,1.008056163787842
rus,2009,1.006539940834045
rus,2010,1.005228042602539
rus,2011,1.004119873046875
rus,2012,1.003013491630554
rus,2013,1.002310395240784
rus,2014,1.001808404922485
rus,2015,1.00150728225708
rus,2016,1.001105308532715
rus,2017,1.001004695892334
rus,2018,1.00130558013916
rus,2019,1.001305341720581
rus,2020,1.00120484828949
rus,2021,1.001004099845886
rus,2022,1.000903487205505
rus,2023,1.000702738761902
rus,2024,1.000702500343323
rus,2025,1.000802516937256
rwa,1981,0.5308846831321716
rwa,1982,0.5533478260040283
rwa,1983,0.581764280796051
rwa,1984,0.6012091636657715
rwa,1985,0.6170497536659241
rwa,1986,0.6346929669380188
rwa,1987,0.6532957553863525
rwa,1988,0.67138671875
rwa,1989,0.6846022009849548
rwa,1990,0.6898590922355652
rwa,1991,0.6931122541427612
rwa,1992,0.7087762355804443
rwa,1993,0.735123336315155
rwa,1994,0.7628353238105774
rwa,1995,0.7836182117462158
rwa,1996,0.8081727623939514
rwa,1997,0.8482940196990967
rwa,1998,0.8901612758636475
rwa,1999,0.9283709526062012
rwa,2000,0.9415019750595092
rwa,2001,0.9348208904266356
rwa,2002,0.926777482032776
rwa,2003,0.9277339577674866
rwa,2004,0.9349188804626464
rwa,2005,0.9415270090103148
rwa,2006,0.952244222164154
rwa,2007,0.9688440561294556
rwa,2008,0.987698256969452
rwa,2009,1.00751006603241
rwa,2010,1.021586179733276
rwa,2011,1.040880441665649
rwa,2012,1.069015741348267
rwa,2013,1.104286313056946
rwa,2014,1.133413076400757
rwa,2015,1.15447735786438
rwa,2016,1.16595184803009
rwa,2017,1.163719892501831
rwa,2018,1.147916197776794
rwa,2019,1.133876204490662
rwa,2020,1.123033881187439
rwa,2021,1.12614107131958
rwa,2022,1.128640532493591
rwa,2023,1.131376504898071
rwa,2024,1.135358929634094
rwa,2025,1.138126492500305
sdn,1981,0.9348668456077576
sdn,1982,0.9423161745071412
sdn,1983,0.9521876573562622
sdn,1984,0.9647091627120972
sdn,1985,0.9707818627357484
sdn,1986,0.9752925038337708
sdn,1987,0.9769344329833984
sdn,1988,0.9799500107765198
sdn,1989,0.983725368976593
sdn,1990,0.9929219484329224
sdn,1991,0.9970971941947936
sdn,1992,0.9922858476638794
sdn,1993,0.9834535717964172
sdn,1994,0.9800149202346802
sdn,1995,0.9795638918876648
sdn,1996,0.9812893867492676
sdn,1997,0.9898877739906312
sdn,1998,0.9954730272293092
sdn,1999,1.001191139221191
sdn,2000,1.004693388938904
sdn,2001,1.01038932800293
sdn,2002,1.011379599571228
sdn,2003,1.013735175132751
sdn,2004,1.018142580986023
sdn,2005,1.026654839515686
sdn,2006,1.032619595527649
sdn,2007,1.040040612220764
sdn,2008,1.042370319366455
sdn,2009,1.044429779052734
sdn,2010,1.04765772819519
sdn,2011,1.048657178878784
sdn,2012,1.050863265991211
sdn,2013,1.05243980884552
sdn,2014,1.054356932640076
sdn,2015,1.049903988838196
sdn,2016,1.045125484466553
sdn,2017,1.040777444839478
sdn,2018,1.039100170135498
sdn,2019,1.042865633964539
sdn,2020,1.047128915786743
sdn,2021,1.055460333824158
sdn,2022,1.064103722572327
sdn,2023,1.068744421005249
sdn,2024,1.071218490600586
sdn,2025,1.072266459465027
sen,1981,0.1328741461038589
sen,1982,0.1588155925273895
sen,1983,0.1830244064331055
sen,1984,0.2025704681873322
sen,1985,0.2238872945308685
sen,1986,0.2424216419458389
sen,1987,0.2620273232460022
sen,1988,0.2810847759246826
sen,1989,0.3022352159023285
sen,1990,0.3150580823421478
sen,1991,0.3249497413635254
sen,1992,0.3338567316532135
sen,1993,0.3447096645832062
sen,1994,0.3644626140594482
sen,1995,0.3828161358833313
sen,1996,0.3998640477657318
sen,1997,0.4212278723716736
sen,1998,0.4391264915466309
sen,1999,0.4507944881916046
sen,2000,0.4546720087528229
sen,2001,0.4596293270587921
sen,2002,0.4642733037471771
sen,2003,0.474390059709549
sen,2004,0.4916284680366516
sen,2005,0.5141530632972717
sen,2006,0.5389642119407654
sen,2007,0.5677371621131897
sen,2008,0.5986024141311646
sen,2009,0.632623553276062
sen,2010,0.6690531969070435
sen,2011,0.7075186967849731
sen,2012,0.745855987071991
sen,2013,0.7805969715118408
sen,2014,0.8253803253173828
sen,2015,0.8750514388084412
sen,2016,0.9314823746681212
sen,2017,0.988178849220276
sen,2018,1.042152523994446
sen,2019,1.084577322006226
sen,2020,1.116776466369629
sen,2021,1.137940526008606
sen,2022,1.150582075119019
sen,2023,1.159968376159668
sen,2024,1.174148917198181
sen,2025,1.188386797904968
sle,1981,0.4574378430843353
sle,1982,0.4595731794834137
sle,1983,0.4674613773822784
sle,1984,0.4825580716133118
sle,1985,0.4907259345054626
sle,1986,0.5062551498413086
sle,1987,0.5244626998901367
sle,1988,0.5520689487457275
sle,1989,0.5784074068069458
sle,1990,0.6042979955673218
sle,1991,0.6258212327957153
sle,1992,0.6416663527488708
sle,1993,0.650733232498169
sle,1994,0.6467611789703369
sle,1995,0.6370212435722351
sle,1996,0.6201716661453247
sle,1997,0.6001041531562805
sle,1998,0.5814271569252014
sle,1999,0.5666202902793884
sle,2000,0.5572706460952759
sle,2001,0.551576554775238
sle,2002,0.550011932849884
sle,2003,0.5518783926963806
sle,2004,0.5580050349235535
sle,2005,0.5747355222702026
sle,2006,0.6010005474090576
sle,2007,0.6376122236251831
sle,2008,0.6794711351394653
sle,2009,0.7266923785209656
sle,2010,0.7738941311836243
sle,2011,0.8174813985824585
sle,2012,0.8571791052818298
sle,2013,0.9013769626617432
sle,2014,0.9410580396652222
sle,2015,0.9648746252059937
sle,2016,0.9790827035903932
sle,2017,0.9806845784187316
sle,2018,0.9770746231079102
sle,2019,0.9710444808006288
sle,2020,0.972947597503662
sle,2021,0.972612202167511
sle,2022,0.9764317274093628
sle,2023,0.983448326587677
sle,2024,0.991110861301422
sle,2025,1.003403425216675
slv,1981,0.6402304768562317
slv,1982,0.656600296497345
slv,1983,0.6743608117103577
slv,1984,0.6889187693595886
slv,1985,0.7080914974212646
slv,1986,0.7229859232902527
slv,1987,0.7382014393806458
slv,1988,0.7459020614624023
slv,1989,0.7516084313392639
slv,1990,0.7525122761726379
slv,1991,0.7652499675750732
slv,1992,0.7787289619445801
slv,1993,0.7943376898765564
slv,1994,0.8099967837333679
slv,1995,0.8221388459205627
slv,1996,0.8300154209136963
slv,1997,0.8323764204978943
slv,1998,0.8306779265403748
slv,1999,0.8361173868179321
slv,2000,0.8450757265090942
slv,2001,0.857556939125061
slv,2002,0.872226357460022
slv,2003,0.8818812966346741
slv,2004,0.8958466649055481
slv,2005,0.9094719290733336
slv,2006,0.9262628555297852
slv,2007,0.947136163711548
slv,2008,0.9656833410263062
slv,2009,0.9811659455299376
slv,2010,0.991275429725647
slv,2011,1.000301003456116
slv,2012,1.01085090637207
slv,2013,1.020638227462769
slv,2014,1.03058660030365
slv,2015,1.041191220283508
slv,2016,1.049680709838867
slv,2017,1.055078387260437
slv,2018,1.05916166305542
slv,2019,1.063762068748474
slv,2020,1.067657232284546
slv,2021,1.071165919303894
slv,2022,1.076998114585876
slv,2023,1.081469416618347
slv,2024,1.083414673805237
slv,2025,1.086651563644409
som,1981,0.3210826516151428
som,1982,0.3205839097499847
som,1983,0.3254148066043854
som,1984,0.3270954191684723
som,1985,0.3334090411663055
som,1986,0.3363304734230042
som,1987,0.3343357443809509
som,1988,0.3320595324039459
som,1989,0.3317409753799438
som,1990,0.3310126662254333
som,1991,0.3291703164577484
som,1992,0.3189926743507385
som,1993,0.3136542141437531
som,1994,0.3061184883117676
som,1995,0.3005332350730896
som,1996,0.2990409433841705
som,1997,0.2995326220989227
som,1998,0.3017052710056305
som,1999,0.3026544451713562
som,2000,0.3086042702198029
som,2001,0.3141375482082367
som,2002,0.3209603726863861
som,2003,0.3314078450202942
som,2004,0.3391242027282715
som,2005,0.347827821969986
som,2006,0.3569476008415222
som,2007,0.3629491329193115
som,2008,0.3700528144836426
som,2009,0.3745220303535461
som,2010,0.3772462904453278
som,2011,0.383506178855896
som,2012,0.3846853971481323
som,2013,0.3925678730010986
som,2014,0.3994923830032349
som,2015,0.4032706618309021
som,2016,0.4054743051528931
som,2017,0.4053465127944946
som,2018,0.4061277806758881
som,2019,0.4101431369781494
som,2020,0.4178663194179535
som,2021,0.4210681021213531
som,2022,0.4233388602733612
som,2023,0.4281297028064728
som,2024,0.4333130121231079
som,2025,0.4333958625793457
srb,1981,0.985891580581665
srb,1982,0.9860015511512756
srb,1983,0.98682302236557
srb,1984,0.9874384999275208
srb,1985,0.9877517819404602
srb,1986,0.9883666038513184
srb,1987,0.9887803792953492
srb,1988,0.9898055791854858
srb,1989,0.9907301664352416
srb,1990,0.992056369781494
srb,1991,0.993481457233429
srb,1992,0.9947036504745485
srb,1993,0.9956196546554564
srb,1994,0.9964339137077332
srb,1995,0.997553527355194
srb,1996,0.9980624914169312
srb,1997,0.9984697103500366
srb,1998,0.9986730813980104
srb,1999,0.9988770484924316
srb,2000,0.9993873238563538
srb,2001,1.000408530235291
srb,2002,1.001224994659424
srb,2003,1.001633048057556
srb,2004,1.00224494934082
srb,2005,1.002753853797913
srb,2006,1.00265109539032
srb,2007,1.002243041992188
srb,2008,1.002039432525635
srb,2009,1.001835107803345
srb,2010,1.001732587814331
srb,2011,1.001324534416199
srb,2012,1.001018166542053
srb,2013,1.00030529499054
srb,2014,0.9997965693473816
srb,2015,0.999390184879303
srb,2016,0.999289095401764
srb,2017,0.9992895126342772
srb,2018,0.9990872740745544
srb,2019,0.9992904663085938
srb,2020,0.9991896152496338
srb,2021,0.9994935393333436
srb,2022,0.9995949864387512
srb,2023,0.9998987317085266
srb,2024,0.9997975826263428
srb,2025,1.0
ssd,1981,0.2137990593910217
ssd,1982,0.2250177413225174
ssd,1983,0.2404810786247253
ssd,1984,0.249067485332489
ssd,1985,0.2531676292419434
ssd,1986,0.2632122337818146
ssd,1987,0.2710286676883698
ssd,1988,0.2781804800033569
ssd,1989,0.2887381911277771
ssd,1990,0.2981206774711609
ssd,1991,0.3070650696754456
ssd,1992,0.3154811859130859
ssd,1993,0.3268647193908691
ssd,1994,0.3294317424297333
ssd,1995,0.3327363431453705
ssd,1996,0.3425872027873993
ssd,1997,0.352642148733139
ssd,1998,0.3586767911911011
ssd,1999,0.3638750016689301
ssd,2000,0.3706424832344055
ssd,2001,0.3791606426239014
ssd,2002,0.3862967491149902
ssd,2003,0.392869770526886
ssd,2004,0.3932337164878845
ssd,2005,0.3977734744548798
ssd,2006,0.3946818709373474
ssd,2007,0.3963987827301025
ssd,2008,0.3941045999526978
ssd,2009,0.4071338772773743
ssd,2010,0.4177942276000977
ssd,2011,0.4287420809268951
ssd,2012,0.4346646964550018
ssd,2013,0.4447003901004791
ssd,2014,0.4505100846290588
ssd,2015,0.4578623473644257
ssd,2016,0.4598712027072906
ssd,2017,0.4657655358314514
ssd,2018,0.470649778842926
ssd,2019,0.4737969934940338
ssd,2020,0.482035368680954
ssd,2021,0.4905825555324554
ssd,2022,0.4976949393749237
ssd,2023,0.5001052618026733
ssd,2024,0.5029745101928711
ssd,2025,0.5112186670303345
stp,1981,0.4541474580764771
stp,1982,0.4458613693714142
stp,1983,0.4327838718891144
stp,1984,0.4223214685916901
stp,1985,0.4158569574356079
stp,1986,0.4167184233665466
stp,1987,0.4271025657653809
stp,1988,0.4551106989383698
stp,1989,0.4933581054210663
stp,1990,0.5343958139419556
stp,1991,0.5771080851554871
stp,1992,0.618984580039978
stp,1993,0.6576023697853088
stp,1994,0.6880349516868591
stp,1995,0.7106979489326477
stp,1996,0.7323319315910339
stp,1997,0.7381300926208496
stp,1998,0.7535181641578674
stp,1999,0.7692141532897949
stp,2000,0.7969189882278442
stp,2001,0.827295184135437
stp,2002,0.8583653569221497
stp,2003,0.8818179965019226
stp,2004,0.8988965749740601
stp,2005,0.9139538407325744
stp,2006,0.9338590502738952
stp,2007,0.9624949097633362
stp,2008,1.004673600196838
stp,2009,1.060088634490967
stp,2010,1.101869106292725
stp,2011,1.126086592674255
stp,2012,1.132853269577026
stp,2013,1.125686168670654
stp,2014,1.114863634109497
stp,2015,1.100224852561951
stp,2016,1.0836021900177
stp,2017,1.069204449653625
stp,2018,1.056283712387085
stp,2019,1.042469024658203
stp,2020,1.034440398216248
stp,2021,1.029947400093079
stp,2022,1.02439820766449
stp,2023,1.021136164665222
stp,2024,1.016263604164124
stp,2025,1.011868715286255
sur,1981,1.010302305221558
sur,1982,1.029776334762573
sur,1983,1.045692086219788
sur,1984,1.062198519706726
sur,1985,1.074447154998779
sur,1986,1.085995435714722
sur,1987,1.093251824378967
sur,1988,1.096486806869507
sur,1989,1.096644282341003
sur,1990,1.100736379623413
sur,1991,1.112699389457703
sur,1992,1.128869652748108
sur,1993,1.139847278594971
sur,1994,1.151849389076233
sur,1995,1.159011006355286
sur,1996,1.165299296379089
sur,1997,1.170189142227173
sur,1998,1.176903367042542
sur,1999,1.185151100158691
sur,2000,1.191902875900269
sur,2001,1.197339534759521
sur,2002,1.198021531105042
sur,2003,1.193194389343262
sur,2004,1.185782790184021
sur,2005,1.180936098098755
sur,2006,1.184254050254822
sur,2007,1.191304326057434
sur,2008,1.199374318122864
sur,2009,1.209112524986267
sur,2010,1.218355417251587
sur,2011,1.223610162734985
sur,2012,1.225114822387695
sur,2013,1.227748274803162
sur,2014,1.23246443271637
sur,2015,1.239686846733093
sur,2016,1.24324643611908
sur,2017,1.245434999465942
sur,2018,1.245843768119812
sur,2019,1.247897863388062
sur,2020,1.252093434333801
sur,2021,1.254409790039063
sur,2022,1.255298972129822
sur,2023,1.25508451461792
sur,2024,1.254833579063416
sur,2025,1.257687449455261
svk,1981,0.9988863468170166
svk,1982,0.9989880323410034
svk,1983,0.9988875985145568
svk,1984,0.9989891052246094
svk,1985,0.9990904331207277
svk,1986,0.9989898204803468
svk,1987,0.9991918802261353
svk,1988,0.9991919994354248
svk,1989,0.9991918802261353
svk,1990,0.9990909099578856
svk,1991,0.9991918802261353
svk,1992,0.9991920590400696
svk,1993,0.9992930293083192
svk,1994,0.9992929697036744
svk,1995,0.9992929100990297
svk,1996,0.99929279088974
svk,1997,0.9993938803672792
svk,1998,0.9993938803672792
svk,1999,0.9993939399719238
svk,2000,0.9993939995765686
svk,2001,0.999494969844818
svk,2002,0.9994950294494628
svk,2003,0.9994949102401732
svk,2004,0.9993939399719238
svk,2005,0.9995958805084229
svk,2006,0.9994949102401732
svk,2007,0.9994949102401732
svk,2008,0.9993938803672792
svk,2009,0.9991918802261353
svk,2010,0.9992928504943848
svk,2011,0.9992929697036744
svk,2012,0.9994951486587524
svk,2013,0.9993945360183716
svk,2014,0.9994956254959106
svk,2015,0.9995964169502258
svk,2016,0.9995962977409364
svk,2017,0.999495267868042
svk,2018,0.9992932677268982
svk,2019,0.9992930293083192
svk,2020,0.999494969844818
svk,2021,0.999696969985962
svk,2022,0.9996970295906068
svk,2023,0.9998990893363952
svk,2024,0.9997979998588562
svk,2025,0.9997981190681458
svn,1981,1.014378547668457
svn,1982,1.014266014099121
svn,1983,1.014053463935852
svn,1984,1.013538002967834
svn,1985,1.013225913047791
svn,1986,1.01311731338501
svn,1987,1.012905836105347
svn,1988,1.012493371963501
svn,1989,1.012381076812744
svn,1990,1.012172698974609
svn,1991,1.011659741401672
svn,1992,1.011247515678406
svn,1993,1.010432958602905
svn,1994,1.009718656539917
svn,1995,1.008803367614746
svn,1996,1.007988810539246
svn,1997,1.007075428962708
svn,1998,1.006466627120972
svn,1999,1.005757451057434
svn,2000,1.00535249710083
svn,2001,1.005250453948975
svn,2002,1.005452513694763
svn,2003,1.005250573158264
svn,2004,1.005351424217224
svn,2005,1.005251288414001
svn,2006,1.005352258682251
svn,2007,1.005454063415527
svn,2008,1.005554914474487
svn,2009,1.005756616592407
svn,2010,1.005958676338196
svn,2011,1.006161451339722
svn,2012,1.006060004234314
svn,2013,1.005757212638855
svn,2014,1.005553245544434
svn,2015,1.004946947097778
svn,2016,1.004036068916321
svn,2017,1.002923965454102
svn,2018,1.001914620399475
svn,2019,1.001511096954346
svn,2020,1.001410126686096
svn,2021,1.001510262489319
svn,2022,1.001308679580688
svn,2023,1.001207828521729
svn,2024,1.00120747089386
svn,2025,1.001006007194519
swe,1981,0.9751655459403992
swe,1982,0.9761072397232056
swe,1983,0.9771397709846495
swe,1984,0.9781806468963624
swe,1985,0.9791167378425598
swe,1986,0.9798444509506226
swe,1987,0.9806732535362244
swe,1988,0.9809949398040771
swe,1989,0.98171865940094
swe,1990,0.9827508330345154
swe,1991,0.983877956867218
swe,1992,0.9850059151649476
swe,1993,0.9859277009963988
swe,1994,0.9863396883010864
swe,1995,0.987355411052704
swe,1996,0.9880650043487548
swe,1997,0.9889816045761108
swe,1998,0.9901034235954284
swe,1999,0.9917360544204712
swe,2000,0.993774712085724
swe,2001,0.9956095218658448
swe,2002,0.9973446726799012
swe,2003,0.9988768100738524
swe,2004,0.9995919466018676
swe,2005,0.9998981952667236
swe,2006,0.9994914531707764
swe,2007,0.9989844560623168
swe,2008,0.9986814856529236
swe,2009,0.9988848567008972
swe,2010,0.99949312210083
swe,2011,1.0
swe,2012,1.000405192375183
swe,2013,1.00070858001709
swe,2014,1.001011490821838
swe,2015,1.001314043998718
swe,2016,1.00151515007019
swe,2017,1.001917243003845
swe,2018,1.002117276191711
swe,2019,1.002418398857117
swe,2020,1.002819776535034
swe,2021,1.00291919708252
swe,2022,1.003218770027161
swe,2023,1.003418326377869
swe,2024,1.00361704826355
swe,2025,1.003816246986389
swz,1981,0.9278290271759032
swz,1982,0.932171642780304
swz,1983,0.9412529468536376
swz,1984,0.9462270736694336
swz,1985,0.9540215134620668
swz,1986,0.9607716798782348
swz,1987,0.9653050303459167
swz,1988,0.9673177003860474
swz,1989,0.9660443663597108
swz,2025,1.133298516273499
syr,1981,0.6508194208145142
syr,1982,0.6654970049858093
syr,1983,0.6731732487678528
syr,1984,0.6900014281272888
syr,1985,0.7050633430480957
syr,1986,0.7205584645271301
syr,1987,0.7397440671920776
syr,1988,0.7623581290245056
syr,1989,0.7922289967536926
syr,1990,0.8202429413795471
syr,1991,0.8456775546073914
syr,1992,0.8660373687744141
syr,1993,0.8834195137023926
syr,1994,0.8997777104377747
syr,1995,0.9234859347343444
syr,1996,0.956285297870636
syr,1997,0.990440547466278
syr,1998,1.021231174468994
syr,1999,1.050425291061401
syr,2000,1.076880693435669
syr,2001,1.101072311401367
syr,2002,1.107717514038086
syr,2003,1.104681015014648
syr,2004,1.092854619026184
syr,2005,1.081843495368958
syr,2006,1.073773622512817
syr,2007,1.072321891784668
syr,2008,1.080316066741943
syr,2009,1.087376713752747
syr,2010,1.098947048187256
syr,2011,1.104826331138611
syr,2012,1.115163445472717
syr,2013,1.123371243476868
syr,2014,1.130519986152649
syr,2015,1.138617753982544
syr,2016,1.147297024726868
syr,2017,1.157012939453125
syr,2018,1.157820701599121
syr,2019,1.166391491889954
syr,2020,1.17084813117981
syr,2021,1.178198575973511
syr,2022,1.179293155670166
syr,2023,1.184264659881592
syr,2024,1.188751339912415
syr,2025,1.194178462028503
tcd,1981,0.3043898940086365
tcd,1982,0.3073996901512146
tcd,1983,0.3044822216033936
tcd,1984,0.3035731911659241
tcd,1985,0.3007918000221252
tcd,1986,0.3025549948215485
tcd,1987,0.2987884283065796
tcd,1988,0.2946428656578064
tcd,1989,0.2858765125274658
tcd,1990,0.2727855145931244
tcd,1991,0.2699247896671295
tcd,1992,0.2666901648044586
tcd,1993,0.2703039646148682
tcd,1994,0.2821834683418274
tcd,1995,0.2976486384868622
tcd,1996,0.3105154633522034
tcd,1997,0.3186880648136139
tcd,1998,0.319073349237442
tcd,1999,0.3187538385391235
tcd,2000,0.3188556134700775
tcd,2001,0.3265977799892426
tcd,2002,0.3300150334835052
tcd,2003,0.3323836326599121
tcd,2004,0.3282232880592346
tcd,2005,0.3252316117286682
tcd,2006,0.3269922435283661
tcd,2007,0.3321723937988281
tcd,2008,0.3385671973228455
tcd,2009,0.3484647274017334
tcd,2010,0.3615016937255859
tcd,2011,0.3776284754276276
tcd,2012,0.3955237567424774
tcd,2013,0.4110244512557983
tcd,2014,0.4276848435401917
tcd,2015,0.4400911331176758
tcd,2016,0.4543497264385223
tcd,2017,0.4668823480606079
tcd,2018,0.4823923408985138
tcd,2019,0.4976956248283386
tcd,2020,0.5074770450592041
tcd,2021,0.5153142809867859
tcd,2022,0.5242624282836914
tcd,2023,0.5338935256004333
tcd,2024,0.5446656942367554
tcd,2025,0.5560042858123779
tgo,1981,0.1922119408845901
tgo,1982,0.2032112628221512
tgo,1983,0.2159861475229263
tgo,1984,0.2248181998729706
tgo,1985,0.227829709649086
tgo,1986,0.2343475818634033
tgo,1987,0.2419859617948532
tgo,1988,0.2452603876590729
tgo,1989,0.2572546005249023
tgo,1990,0.2715951204299927
tgo,1991,0.2866121232509613
tgo,1992,0.3031700849533081
tgo,1993,0.3191912770271301
tgo,1994,0.3372728526592255
tgo,1995,0.357057511806488
tgo,1996,0.378410816192627
tgo,1997,0.3936628103256226
tgo,1998,0.4093859493732452
tgo,1999,0.4196760952472687
tgo,2000,0.4372345805168152
tgo,2001,0.4571201503276825
tgo,2002,0.477545440196991
tgo,2003,0.489228218793869
tgo,2004,0.5034328699111938
tgo,2005,0.5205391049385071
tgo,2006,0.5385697484016418
tgo,2007,0.5547436475753784
tgo,2008,0.569540798664093
tgo,2009,0.5810064673423767
tgo,2010,0.5909387469291687
tgo,2011,0.6028925776481628
tgo,2012,0.6199767589569092
tgo,2013,0.6399214267730713
tgo,2014,0.6598774790763855
tgo,2015,0.6835277676582336
tgo,2016,0.7088920474052429
tgo,2017,0.7329821586608887
tgo,2018,0.7561501264572144
tgo,2019,0.7752071619033813
tgo,2020,0.7918401956558228
tgo,2021,0.8094078302383423
tgo,2022,0.8253726363182068
tgo,2023,0.8402789235115051
tgo,2024,0.857154130935669
tgo,2025,0.872809648513794
tha,1981,0.7932466268539429
tha,1982,0.7988652586936951
tha,1983,0.8086535930633545
tha,1984,0.8193149566650391
tha,1985,0.8307580351829529
tha,1986,0.8388413190841675
tha,1987,0.8579550385475159
tha,1988,0.8773050308227539
tha,1989,0.9044274687767028
tha,1990,0.9293984174728394
tha,1991,0.9557875990867616
tha,1992,0.9756938815116882
tha,1993,0.993674337863922
tha,1994,1.007791876792908
tha,1995,1.019860982894897
tha,1996,1.030974626541138
tha,1997,1.039072751998901
tha,1998,1.046337962150574
tha,1999,1.053532719612122
tha,2000,1.05892288684845
tha,2001,1.064355850219727
tha,2002,1.067875623703003
tha,2003,1.070832252502441
tha,2004,1.073887705802917
tha,2005,1.079112648963928
tha,2006,1.08551824092865
tha,2007,1.091432809829712
tha,2008,1.095286726951599
tha,2009,1.097285032272339
tha,2010,1.099225759506226
tha,2011,1.101693511009216
tha,2012,1.106207132339478
tha,2013,1.110592007637024
tha,2014,1.113672375679016
tha,2015,1.11425518989563
tha,2016,1.113368988037109
tha,2017,1.110920190811157
tha,2018,1.10670280456543
tha,2019,1.100981712341309
tha,2020,1.093406319618225
tha,2021,1.084719181060791
tha,2022,1.074977993965149
tha,2023,1.067499279975891
tha,2024,1.061609506607056
tha,2025,1.057900190353394
tjk,1981,0.881406307220459
tjk,1982,0.890258252620697
tjk,1983,0.9018226861953736
tjk,1984,0.912844181060791
tjk,1985,0.9226105213165284
tjk,1986,0.9307413101196288
tjk,1987,0.9372271299362184
tjk,1988,0.9414944052696228
tjk,1989,0.9440982341766356
tjk,1990,0.943279266357422
tjk,1991,0.9387932419776917
tjk,1992,0.9299278855323792
tjk,1993,0.9157915711402892
tjk,1994,0.8961160182952881
tjk,1995,0.8734623193740845
tjk,1996,0.8519321084022522
tjk,1997,0.8368467688560486
tjk,1998,0.8308278918266296
tjk,1999,0.8339362740516663
tjk,2000,0.8410989046096802
tjk,2001,0.8466704487800598
tjk,2002,0.8480203747749329
tjk,2003,0.8450115919113159
tjk,2004,0.8407229781150818
tjk,2005,0.8390226364135742
tjk,2006,0.8421464562416077
tjk,2007,0.8502062559127808
tjk,2008,0.8627416491508484
tjk,2009,0.8778522610664368
tjk,2010,0.8927397727966309
tjk,2011,0.9068875312805176
tjk,2012,0.9194846749305724
tjk,2013,0.929891049861908
tjk,2014,0.9398975372314452
tjk,2015,0.9488146901130676
tjk,2016,0.9566560983657836
tjk,2017,0.9626725316047668
tjk,2018,0.9677966833114624
tjk,2019,0.9718679785728456
tjk,2020,0.9758015275001526
tjk,2021,0.979024052619934
tjk,2022,0.9819284081459044
tjk,2023,0.9850238561630248
tjk,2024,0.987305223941803
tjk,2025,0.9890614151954652
tkm,1981,0.9953502416610718
tkm,1982,0.9954530000686646
tkm,1983,0.9955551028251648
tkm,1984,0.9957584142684937
tkm,1985,0.995961606502533
tkm,1986,0.9960635900497437
tkm,1987,0.9962661862373352
tkm,1988,0.9964685440063475
tkm,1989,0.9967713952064514
tkm,1990,0.9972758889198304
tkm,1991,0.9977797865867616
tkm,1992,0.9980825185775756
tkm,1993,0.9986878633499146
tkm,1994,0.9990915656089784
tkm,1995,0.9993942975997924
tkm,1996,0.9993944764137268
tkm,1997,0.9992936253547668
tkm,1998,0.9990919232368468
tkm,1999,0.9990919828414916
tkm,2000,0.9987894296646118
tkm,2001,0.9984870553016664
tkm,2002,0.9980838298797609
tkm,2003,0.9978824853897096
tkm,2004,0.9977824687957764
tkm,2005,0.9977831244468688
tkm,2006,0.9976836442947388
tkm,2007,0.9976842999458312
tkm,2008,0.9978861212730408
tkm,2009,0.9979875087738036
tkm,2010,0.9982895851135254
tkm,2011,0.99849134683609
tkm,2012,0.9987933039665222
tkm,2013,0.9990952014923096
tkm,2014,0.9992966055870056
tkm,2015,0.999497652053833
tkm,2016,0.9996986985206604
tkm,2017,0.9997991323471068
tkm,2018,0.9997992515563964
tkm,2019,1.0
tkm,2020,1.000200629234314
tkm,2021,1.000200629234314
tkm,2022,1.000200629234314
tkm,2023,1.000200629234314
tkm,2024,1.000200629234314
tkm,2025,1.000300765037537
tls,1981,0.5052948594093323
tls,1982,0.5295608639717102
tls,1983,0.5569564700126648
tls,1984,0.5799307227134705
tls,1985,0.6064820289611816
tls,1986,0.625805675983429
tls,1987,0.6494819521903992
tls,1988,0.6748864650726318
tls,1989,0.7002655267715454
tls,1990,0.7196002006530762
tls,1991,0.7403779625892639
tls,1992,0.7644173502922058
tls,1993,0.7837240695953369
tls,1994,0.7975663542747498
tls,1995,0.8104953169822693
tls,1996,0.8181260228157043
tls,1997,0.8317722082138062
tls,1998,0.8494752049446106
tls,1999,0.8750562071800232
tls,2000,0.9099521636962892
tls,2001,0.9473384618759156
tls,2002,0.976112961769104
tls,2003,0.992885172367096
tls,2004,1.008794069290161
tls,2005,1.020427942276001
tls,2006,1.035508155822754
tls,2007,1.050392150878906
tls,2008,1.068459391593933
tls,2009,1.084683656692505
tls,2010,1.099192500114441
tls,2011,1.111874580383301
tls,2012,1.123805642127991
tls,2013,1.130058288574219
tls,2014,1.141766428947449
tls,2015,1.15428900718689
tls,2016,1.16486382484436
tls,2017,1.172794103622437
tls,2018,1.180968761444092
tls,2019,1.185778379440308
tls,2020,1.191836595535278
tls,2021,1.195083975791931
tls,2022,1.199486017227173
tls,2023,1.204126477241516
tls,2024,1.209234356880188
tls,2025,1.21282160282135
ton,1981,1.021844029426575
ton,1982,1.02792501449585
ton,1983,1.033192753791809
ton,1984,1.043659925460815
ton,1985,1.0498366355896
ton,1986,1.054574251174927
ton,1987,1.058750987052917
ton,1988,1.063131213188171
ton,1989,1.069111108779907
ton,1990,1.069552779197693
ton,1991,1.075267910957336
ton,1992,1.077430605888367
ton,1993,1.079758286476135
ton,1994,1.083953976631165
ton,1995,1.08652126789093
ton,1996,1.089723467826843
ton,1997,1.092877864837646
ton,1998,1.095007061958313
ton,1999,1.095660328865051
ton,2000,1.099172234535217
ton,2001,1.102949142456055
ton,2002,1.107475996017456
ton,2003,1.107836484909058
ton,2004,1.110510110855103
ton,2005,1.114168643951416
ton,2006,1.116565942764282
ton,2007,1.119193434715271
ton,2008,1.120535373687744
ton,2009,1.120269060134888
ton,2010,1.11998724937439
ton,2011,1.12049674987793
ton,2012,1.11959707736969
ton,2013,1.119172811508179
ton,2014,1.118608832359314
ton,2015,1.119279026985168
ton,2016,1.119638323783875
ton,2017,1.118265986442566
ton,2018,1.116795420646667
ton,2019,1.11467182636261
ton,2020,1.113301634788513
ton,2021,1.111969828605652
ton,2022,1.112114310264587
ton,2023,1.112459540367126
ton,2024,1.111656069755554
ton,2025,1.109944581985474
tto,1981,0.9574284553527832
tto,1982,0.9658825993537904
tto,1983,0.96960711479187
tto,1984,0.9703229665756226
tto,1985,0.967976689338684
tto,1986,0.9674763083457948
tto,1987,0.9702093601226808
tto,1988,0.9740524291992188
tto,1989,0.978047788143158
tto,1990,0.98187655210495
tto,1991,0.9868358969688416
tto,1992,0.9925803542137146
tto,1993,0.9972462058067322
tto,1994,1.002738356590271
tto,1995,1.009275197982788
tto,1996,1.017110347747803
tto,1997,1.024277687072754
tto,1998,1.030735373497009
tto,1999,1.037733674049377
tto,2000,1.043870687484741
tto,2001,1.047789812088013
tto,2002,1.049035549163818
tto,2003,1.046756863594055
tto,2004,1.041475176811218
tto,2005,1.037171125411987
tto,2006,1.034868478775024
tto,2007,1.035739898681641
tto,2008,1.03726327419281
tto,2009,1.040166258811951
tto,2010,1.044441103935242
tto,2011,1.050569772720337
tto,2012,1.056824207305908
tto,2013,1.061418890953064
tto,2014,1.064394950866699
tto,2015,1.065797448158264
tto,2016,1.066224217414856
tto,2017,1.066451787948608
tto,2018,1.06620991230011
tto,2019,1.065261602401733
tto,2020,1.064241886138916
tto,2021,1.062785029411316
tto,2022,1.060731172561646
tto,2023,1.058695912361145
tto,2024,1.056811571121216
tto,2025,1.05443286895752
tun,1981,0.4729802012443542
tun,1982,0.4974331855773926
tun,1983,0.5272884368896484
tun,1984,0.5525134801864624
tun,1985,0.5776676535606384
tun,1986,0.6076462268829346
tun,1987,0.6345071196556091
tun,1988,0.6613686680793762
tun,1989,0.6895264983177185
tun,2025,1.198934674263
tur,1981,0.496497243642807
tur,1982,0.5064222812652588
tur,1983,0.5200337171554565
tur,1984,0.5322805047035217
tur,1985,0.5424398183822632
tur,1986,0.5420641303062439
tur,1987,0.5433134436607361
tur,1988,0.5458502173423767
tur,1989,0.5531821250915527
tur,1990,0.5625572800636292
tur,1991,0.5754155516624451
tur,1992,0.5902075171470642
tur,1993,0.6085120439529419
tur,1994,0.6243681907653809
tur,1995,0.6398855447769165
tur,1996,0.6514354944229126
tur,1997,0.6660298705101013
tur,1998,0.6795471906661987
tur,1999,0.6939420104026794
tur,2000,0.7060503363609314
tur,2001,0.7158688902854919
tur,2002,0.725993812084198
tur,2003,0.742817759513855
tur,2004,0.7668356895446777
tur,2005,0.7953906655311584
tur,2006,0.8235143423080444
tur,2007,0.8479647040367126
tur,2008,0.8674758076667786
tur,2009,0.8862412571907043
tur,2010,0.9038112759590148
tur,2011,0.9205024242401124
tur,2012,0.9360322952270508
tur,2013,0.9509496092796326
tur,2014,0.9655107259750366
tur,2015,0.9781621098518372
tur,2016,0.9877761006355286
tur,2017,0.9947266578674316
tur,2018,0.9992511868476868
tur,2019,1.002754926681519
tur,2020,1.005564212799072
tur,2021,1.007078409194946
tur,2022,1.008372664451599
tur,2023,1.009047031402588
tur,2024,1.009415745735168
tur,2025,1.009686589241028
tuv,1981,1.080465793609619
tuv,1982,1.086135745048523
tuv,1983,1.096875190734863
tuv,1984,1.106927275657654
tuv,1985,1.11550498008728
tuv,1986,1.1228107213974
tuv,1987,1.129242777824402
tuv,1988,1.135581612586975
tuv,1989,1.142779588699341
tuv,1990,1.150652885437012
tuv,1991,1.156558632850647
tuv,1992,1.161260724067688
tuv,1993,1.165984272956848
tuv,1994,1.173274993896484
tuv,1995,1.179709434509277
tuv,1996,1.18376886844635
tuv,1997,1.189113140106201
tuv,1998,1.193588376045227
tuv,1999,1.193770885467529
tuv,2000,1.197898864746094
tuv,2001,1.202304482460022
tuv,2002,1.207651615142822
tuv,2003,1.211865901947021
tuv,2004,1.214564800262451
tuv,2005,1.219434976577759
tuv,2006,1.222842216491699
tuv,2007,1.226573824882507
tuv,2008,1.228300094604492
tuv,2009,1.230576992034912
tuv,2010,1.231859445571899
tuv,2011,1.231737494468689
tuv,2012,1.232859134674072
tuv,2013,1.232692241668701
tuv,2014,1.232629895210266
tuv,2015,1.231701254844666
tuv,2016,1.2324059009552
tuv,2017,1.230923652648926
tuv,2018,1.22951877117157
tuv,2019,1.229142069816589
tuv,2020,1.226429224014282
tuv,2021,1.223501086235046
tuv,2022,1.222080588340759
tuv,2023,1.221211314201355
tuv,2024,1.219125986099243
tuv,2025,1.216474771499634
tza,1981,0.3175008893013
tza,1982,0.3336628675460815
tza,1983,0.3537600040435791
tza,1984,0.3686714172363281
tza,1985,0.3842641413211823
tza,1986,0.3937889039516449
tza,1987,0.408099502325058
tza,1988,0.426601231098175
tza,1989,0.4499168395996094
tza,1990,0.4780941307544708
tza,1991,0.5042803287506104
tza,1992,0.5296621322631836
tza,1993,0.5522646903991699
tza,1994,0.5767835378646851
tza,1995,0.606270968914032
tza,1996,0.6337289214134216
tza,1997,0.6588069796562195
tza,1998,0.6754000782966614
tza,1999,0.6799235343933105
tza,2000,0.6779874563217163
tza,2001,0.6772385835647583
tza,2002,0.6776515245437622
tza,2003,0.6777144074440002
tza,2004,0.6727297306060791
tza,2005,0.6701945066452026
tza,2006,0.6632986664772034
tza,2007,0.6596449017524719
tza,2008,0.6623249053955078
tza,2009,0.6718509197235107
tza,2010,0.69598388671875
tza,2011,0.7346624732017517
tza,2012,0.7776643633842468
tza,2013,0.8206407427787781
tza,2014,0.860677182674408
tza,2015,0.9047574400901794
tza,2016,0.9522902965545654
tza,2017,1.007272601127625
tza,2018,1.049904465675354
tza,2019,1.077567934989929
tza,2020,1.092528581619263
tza,2021,1.097553730010986
tza,2022,1.099847555160522
tza,2023,1.107505321502686
tza,2024,1.113382816314697
tza,2025,1.118253111839294
uga,1981,0.3665846288204193
uga,1982,0.3804523348808289
uga,1983,0.3923192918300629
uga,1984,0.3974083065986633
uga,1985,0.4068054854869843
uga,1986,0.4146609306335449
uga,1987,0.4242295920848846
uga,1988,0.4339941740036011
uga,1989,0.4468379318714142
uga,1990,0.4657418429851532
uga,1991,0.4927774965763092
uga,1992,0.5115377902984619
uga,1993,0.5275751948356628
uga,1994,0.548096239566803
uga,1995,0.5714847445487976
uga,1996,0.5926036238670349
uga,1997,0.6120641827583313
uga,1998,0.6297891736030579
uga,1999,0.6453711986541748
uga,2000,0.6590824723243713
uga,2001,0.6750709414482117
uga,2002,0.6952268481254578
uga,2003,0.7138463854789734
uga,2004,0.7310448884963989
uga,2005,0.7554222941398621
uga,2006,0.7922618985176086
uga,2007,0.8246751427650452
uga,2008,0.8577585816383362
uga,2009,0.8781422972679138
uga,2010,0.8829214572906494
uga,2011,0.8646217584609985
uga,2012,0.8561164140701294
uga,2013,0.8583733439445496
uga,2014,0.8665059208869934
uga,2015,0.8759291172027588
uga,2016,0.8850792050361633
uga,2017,0.9033955335617064
uga,2018,0.9216917157173156
uga,2019,0.9402258396148682
uga,2020,0.9537870287895204
uga,2021,0.9691648483276368
uga,2022,0.9859133958816528
uga,2023,1.001425504684448
uga,2024,1.016597986221313
uga,2025,1.029240012168884
ukr,1981,1.000403046607971
ukr,1982,1.000503778457642
ukr,1983,1.000604271888733
ukr,1984,1.000906467437744
ukr,1985,1.001107811927795
ukr,1986,1.001309156417847
ukr,1987,1.001208782196045
ukr,1988,1.001007556915283
ukr,1989,1.001309871673584
ukr,1990,1.001814484596252
ukr,1991,1.002623081207275
ukr,1992,1.003232002258301
ukr,1993,1.003741025924683
ukr,1994,1.003947138786316
ukr,1995,1.004252672195435
ukr,1996,1.004557967185974
ukr,1997,1.00516676902771
ukr,1998,1.005370855331421
ukr,1999,1.005673408508301
ukr,2000,1.005871057510376
ukr,2001,1.006169319152832
ukr,2002,1.00616443157196
ukr,2003,1.006162047386169
ukr,2004,1.006260871887207
ukr,2005,1.006260871887207
ukr,2006,1.006261944770813
ukr,2007,1.006364583969116
ukr,2008,1.006064295768738
ukr,2009,1.005764484405518
ukr,2010,1.00546407699585
ukr,2011,1.005060434341431
ukr,2012,1.004453659057617
ukr,2013,1.004048705101013
ukr,2014,1.003744840621948
ukr,2015,1.003642797470093
ukr,2016,1.003742694854736
ukr,2017,1.003842949867249
ukr,2018,1.003841757774353
ukr,2019,1.003840446472168
ukr,2020,1.003738880157471
ukr,2021,1.003839015960693
ukr,2022,1.003939032554626
ukr,2023,1.004038572311401
ukr,2024,1.004138112068176
ukr,2025,1.00423789024353
ury,1981,1.085294842720032
ury,1982,1.08722996711731
ury,1983,1.087838888168335
ury,1984,1.087450504302979
ury,1985,1.088818430900574
ury,1986,1.091029047966003
ury,1987,1.096586465835571
ury,1988,1.097855448722839
ury,1989,1.097930908203125
ury,1990,1.098540067672729
ury,1991,1.10573410987854
ury,1992,1.111929416656494
ury,1993,1.117209672927856
ury,1994,1.119463443756104
ury,1995,1.117242932319641
ury,1996,1.11698853969574
ury,1997,1.118387699127197
ury,1998,1.117496013641357
ury,1999,1.118686079978943
ury,2000,1.11650550365448
ury,2001,1.115267992019653
ury,2002,1.11205792427063
ury,2003,1.1086665391922
ury,2004,1.11042845249176
ury,2005,1.110981822013855
ury,2006,1.113815069198608
ury,2007,1.113830089569092
ury,2008,1.118003129959106
ury,2009,1.118159651756287
ury,2010,1.117458820343018
ury,2011,1.116604328155518
ury,2012,1.120875954627991
ury,2013,1.1263267993927
ury,2014,1.129787087440491
ury,2015,1.129110932350159
ury,2016,1.125396609306335
ury,2017,1.119757175445557
ury,2018,1.116089224815369
ury,2019,1.115150570869446
ury,2020,1.116330504417419
ury,2021,1.117936968803406
ury,2022,1.118059754371643
ury,2023,1.117411375045776
ury,2024,1.117225050926208
ury,2025,1.118299841880798
usa,1981,1.002110838890076
usa,1982,1.00295102596283
usa,1983,1.003475546836853
usa,1984,1.003684639930725
usa,1985,1.003578424453735
usa,1986,1.003365039825439
usa,1987,1.003887414932251
usa,1988,1.005041122436523
usa,1989,1.006928324699402
usa,1990,1.007560610771179
usa,1991,1.007769703865051
usa,1992,1.008398652076721
usa,1993,1.009544610977173
usa,1994,1.010581135749817
usa,1995,1.010562300682068
usa,1996,1.011366605758667
usa,1997,1.011231303215027
usa,1998,1.011619448661804
usa,1999,1.010867953300476
usa,2000,1.010532975196838
usa,2001,1.009792566299438
usa,2002,1.009262442588806
usa,2003,1.009342789649963
usa,2004,1.009315967559814
usa,2005,1.009294152259827
usa,2006,1.008968949317932
usa,2007,1.008344888687134
usa,2008,1.007619023323059
usa,2009,1.006394267082214
usa,2010,1.005578994750977
usa,2011,1.005373358726501
usa,2012,1.005470037460327
usa,2013,1.005463838577271
usa,2014,1.005155920982361
usa,2015,1.004851102828979
usa,2016,1.004548072814941
usa,2017,1.004043340682983
usa,2018,1.003638744354248
usa,2019,1.003334045410156
usa,2020,1.003130674362183
usa,2021,1.003029227256775
usa,2022,1.002927541732788
usa,2023,1.002825617790222
usa,2024,1.002824425697327
usa,2025,1.00272262096405
uzb,1981,0.9675152897834778
uzb,1982,0.9696716070175172
uzb,1983,0.9718032479286194
uzb,1984,0.9741250872612
uzb,1985,0.976127028465271
uzb,1986,0.9793004989624025
uzb,1987,0.9814288020133972
uzb,1988,0.9845202565193176
uzb,1989,0.9861328601837158
uzb,1990,0.9870977997779846
uzb,1991,0.9862445592880248
uzb,1992,0.9855846762657166
uzb,1993,0.9853333830833436
uzb,1994,0.9847497940063475
uzb,1995,0.9845802187919616
uzb,1996,0.9848587512969972
uzb,1997,0.9848588109016418
uzb,1998,0.9867541790008544
uzb,1999,0.988775074481964
uzb,2000,0.9910988211631776
uzb,2001,0.9927502870559692
uzb,2002,0.9937435984611512
uzb,2003,0.9951264262199402
uzb,2004,0.99638694524765
uzb,2005,0.997530460357666
uzb,2006,0.9986652135849
uzb,2007,0.9989745616912842
uzb,2008,0.9992827177047728
uzb,2009,0.9995903372764589
uzb,2010,0.9998976588249208
uzb,2011,1.000306725502014
uzb,2012,1.00061297416687
uzb,2013,1.000816702842712
uzb,2014,1.00142765045166
uzb,2015,1.002037644386292
uzb,2016,1.003356456756592
uzb,2017,1.004772543907166
uzb,2018,1.005983114242554
uzb,2019,1.00648307800293
uzb,2020,1.006883382797241
uzb,2021,1.007083058357239
uzb,2022,1.007383942604065
uzb,2023,1.007582306861877
uzb,2024,1.007577657699585
uzb,2025,1.007875561714172
ven,1981,1.071811676025391
ven,1982,1.08336877822876
ven,1983,1.098497152328491
ven,1984,1.111212491989136
ven,1985,1.110600709915161
ven,1986,1.108995199203491
ven,1987,1.110070705413818
ven,1988,1.12645149230957
ven,1989,1.142421841621399
ven,1990,1.162020206451416
ven,1991,1.168401837348938
ven,1992,1.174160003662109
ven,1993,1.177470088005066
ven,1994,1.183453798294067
ven,1995,1.190615296363831
ven,1996,1.196753859519958
ven,1997,1.197657704353333
ven,1998,1.194619417190552
ven,1999,1.195397973060608
ven,2000,1.20122230052948
ven,2001,1.208718180656433
ven,2002,1.21116042137146
ven,2003,1.215271234512329
ven,2004,1.217725872993469
ven,2005,1.222214460372925
ven,2006,1.225635290145874
ven,2007,1.228022217750549
ven,2008,1.232115864753723
ven,2009,1.233548760414124
ven,2010,1.235322594642639
ven,2011,1.236315131187439
ven,2012,1.237322926521301
ven,2013,1.23826265335083
ven,2014,1.240683317184448
ven,2015,1.242777109146118
ven,2016,1.245447635650635
ven,2017,1.246380090713501
ven,2018,1.248434662818909
ven,2019,1.249062299728394
ven,2020,1.251415610313416
ven,2021,1.251347303390503
ven,2022,1.252779006958008
ven,2023,1.252987504005432
ven,2024,1.254685044288635
ven,2025,1.255492448806763
vnm,1981,0.8789107203483582
vnm,1982,0.8755207657814026
vnm,1983,0.8718327879905701
vnm,1984,0.8716054558753967
vnm,1985,0.8783259987831116
vnm,1986,0.8929259181022644
vnm,1987,0.912541925907135
vnm,1988,0.9337106943130492
vnm,1989,0.9490624666213988
vnm,1990,0.9596429467201232
vnm,1991,0.9658399224281312
vnm,1992,0.964702606201172
vnm,1993,0.9620538353919984
vnm,1994,0.953637719154358
vnm,1995,0.94273042678833
vnm,1996,0.9326077699661256
vnm,1997,0.9259854555130004
vnm,1998,0.92417711019516
vnm,1999,0.9268956780433656
vnm,2000,0.9364911317825316
vnm,2001,0.946776270866394
vnm,2002,0.9577445387840272
vnm,2003,0.965115487575531
vnm,2004,0.9745335578918456
vnm,2005,0.9845888018608092
vnm,2006,0.9949483275413512
vnm,2007,1.007136464118958
vnm,2008,1.019239544868469
vnm,2009,1.031138777732849
vnm,2010,1.040497183799744
vnm,2011,1.048666000366211
vnm,2012,1.056900858879089
vnm,2013,1.067012786865234
vnm,2014,1.073880195617676
vnm,2015,1.076632022857666
vnm,2016,1.074684858322144
vnm,2017,1.071152210235596
vnm,2018,1.069570779800415
vnm,2019,1.070659756660461
vnm,2020,1.071805953979492
vnm,2021,1.073476910591125
vnm,2022,1.073603749275208
vnm,2023,1.074165344238281
vnm,2024,1.073559045791626
vnm,2025,1.073223233222961
vut,1981,0.7775383591651917
vut,1982,0.7789924740791321
vut,1983,0.7827109098434448
vut,1984,0.7940744161605835
vut,1985,0.809033989906311
vut,1986,0.8171326518058777
vut,1987,0.8295245170593262
vut,1988,0.8331032991409302
vut,1989,0.8424588441848755
vut,1990,0.8432921171188354
vut,1991,0.8460986018180847
vut,1992,0.8525838851928711
vut,1993,0.8582978844642639
vut,1994,0.8624901175498962
vut,1995,0.8676696419715881
vut,1996,0.8719401955604553
vut,1997,0.877605140209198
vut,1998,0.8793447017669678
vut,1999,0.88136887550354
vut,2000,0.8915957808494568
vut,2001,0.8987969160079956
vut,2002,0.918022096157074
vut,2003,0.9266217947006226
vut,2004,0.9431079626083374
vut,2005,0.9625455737113952
vut,2006,0.9770001769065856
vut,2007,0.9924898743629456
vut,2008,1.000569701194763
vut,2009,1.010009169578552
vut,2010,1.013937950134277
vut,2011,1.020103216171265
vut,2012,1.028117656707764
vut,2013,1.03452455997467
vut,2014,1.039385080337524
vut,2015,1.041551113128662
vut,2016,1.049058794975281
vut,2017,1.054938912391663
vut,2018,1.060638308525085
vut,2019,1.063492178916931
vut,2020,1.070988059043884
vut,2021,1.075021028518677
vut,2022,1.084120392799377
vut,2023,1.09088397026062
vut,2024,1.093837380409241
vut,2025,1.093755125999451
wsm,1981,1.069594383239746
wsm,1982,1.068800330162048
wsm,1983,1.06941032409668
wsm,1984,1.069048643112183
wsm,1985,1.069267749786377
wsm,1986,1.068191885948181
wsm,1987,1.067737460136414
wsm,1988,1.067709565162659
wsm,1989,1.066709280014038
wsm,1990,1.066670656204224
wsm,1991,1.065844655036926
wsm,1992,1.06517481803894
wsm,1993,1.064763784408569
wsm,1994,1.063877463340759
wsm,1995,1.062904477119446
wsm,1996,1.0621178150177
wsm,1997,1.061404705047607
wsm,1998,1.060308456420898
wsm,1999,1.059600710868835
wsm,2000,1.058711290359497
wsm,2001,1.057730078697205
wsm,2002,1.056094288825989
wsm,2003,1.054835677146912
wsm,2004,1.053771376609802
wsm,2005,1.053015232086182
wsm,2006,1.051456212997437
wsm,2007,1.049691677093506
wsm,2008,1.048238754272461
wsm,2009,1.046499729156494
wsm,2010,1.046034574508667
wsm,2011,1.045381546020508
wsm,2012,1.044629693031311
wsm,2013,1.043770670890808
wsm,2014,1.043236494064331
wsm,2015,1.042605996131897
wsm,2016,1.041857719421387
wsm,2017,1.041415095329285
wsm,2018,1.040385723114014
wsm,2019,1.039965987205505
wsm,2020,1.038931012153625
wsm,2021,1.038011312484741
wsm,2022,1.037093997001648
wsm,2023,1.036163806915283
wsm,2024,1.035154342651367
wsm,2025,1.034528374671936
yem,1981,0.0
yem,1982,0.0
yem,1983,0.0031405545305461
yem,1984,0.0178814046084881
yem,1985,0.0360556989908218
yem,1986,0.054946031421423
yem,1987,0.0755833387374878
yem,1988,0.0917934253811836
yem,1989,0.1118336766958237
yem,1990,0.1313930004835129
yem,1991,0.1559720039367676
yem,1992,0.1780664622783661
yem,1993,0.1980919986963272
yem,1994,0.2167777866125107
yem,1995,0.2339133024215698
yem,1996,0.2557178139686584
yem,1997,0.2788281440734863
yem,1998,0.3043838739395142
yem,1999,0.3274279236793518
yem,2000,0.3512916564941406
yem,2001,0.3759960234165192
yem,2002,0.3965655863285065
yem,2003,0.4172324538230896
yem,2004,0.4367179274559021
yem,2005,0.4574272632598877
yem,2006,0.4784464538097382
yem,2007,0.49898561835289
yem,2008,0.5192573666572571
yem,2009,0.5417377948760986
yem,2010,0.5655617117881775
yem,2011,0.591680645942688
yem,2012,0.6164106130599976
yem,2013,0.6376251578330994
yem,2014,0.6574659943580627
yem,2015,0.6742100119590759
yem,2016,0.6897159814834595
yem,2017,0.710464358329773
yem,2018,0.7340543866157532
yem,2019,0.7579492330551147
yem,2020,0.7796868085861206
yem,2021,0.799431324005127
yem,2022,0.8165346384048462
yem,2023,0.8358021378517151
yem,2024,0.857521653175354
yem,2025,0.8804678320884705
zaf,1981,0.9757529497146606
zaf,1982,0.9818828105926514
zaf,1983,0.9873322248458862
zaf,1984,0.9889956116676332
zaf,1985,0.9921013712882996
zaf,1986,0.99293851852417
zaf,1987,0.9967793226242064
zaf,1988,1.000632047653198
zaf,1989,1.010130763053894
zaf,1990,1.019935250282288
zaf,1991,1.028484463691711
zaf,1992,1.036669969558716
zaf,1993,1.044036626815796
zaf,1994,1.051124691963196
zaf,1995,1.056834936141968
zaf,1996,1.059377074241638
zaf,1997,1.063082933425903
zaf,1998,1.063287019729614
zaf,1999,1.06679105758667
zaf,2000,1.069006204605103
zaf,2001,1.073336720466614
zaf,2002,1.074371099472046
zaf,2003,1.073991894721985
zaf,2004,1.072315335273743
zaf,2005,1.069455862045288
zaf,2006,1.069781064987183
zaf,2007,1.069681882858276
zaf,2008,1.070636749267578
zaf,2009,1.070303678512573
zaf,2010,1.068909525871277
zaf,2011,1.069992542266846
zaf,2012,1.070263028144836
zaf,2013,1.071891903877258
zaf,2014,1.071046471595764
zaf,2015,1.068465948104858
zaf,2016,1.065930962562561
zaf,2017,1.063835382461548
zaf,2018,1.063299775123596
zaf,2019,1.06293261051178
zaf,2020,1.062470197677612
zaf,2021,1.061888933181763
zaf,2022,1.0617835521698
zaf,2023,1.061260461807251
zaf,2024,1.060869097709656
zaf,2025,1.060099005699158
zmb,1981,0.5824944376945496
zmb,1982,0.5899185538291931
zmb,1983,0.5972064137458801
zmb,1984,0.6070330739021301
zmb,1985,0.6220341920852661
zmb,1986,0.6323987245559692
zmb,1987,0.640421450138092
zmb,1988,0.6521074175834656
zmb,1989,0.6673102378845215
zmb,1990,0.6827033162117004
zmb,1991,0.6950162053108215
zmb,1992,0.7062693238258362
zmb,1993,0.7192873358726501
zmb,1994,0.7364817261695862
zmb,1995,0.7570948600769043
zmb,1996,0.7723512649536133
zmb,1997,0.7876591086387634
zmb,1998,0.8032585382461548
zmb,1999,0.8245799541473389
zmb,2000,0.8375481963157654
zmb,2001,0.8418698906898499
zmb,2002,0.842228889465332
zmb,2003,0.850779116153717
zmb,2004,0.8611268997192383
zmb,2005,0.8684822916984558
zmb,2006,0.8677387833595276
zmb,2007,0.8730118870735168
zmb,2008,0.8795208930969238
zmb,2009,0.8945093750953674
zmb,2010,0.908234477043152
zmb,2011,0.93129563331604
zmb,2012,0.9558786153793336
zmb,2013,0.9814009070396424
zmb,2014,1.0
zmb,2015,1.012116551399231
zmb,2016,1.020730495452881
zmb,2017,1.030050039291382
zmb,2018,1.03929615020752
zmb,2019,1.053051710128784
zmb,2020,1.060174345970154
zmb,2021,1.072382211685181
zmb,2022,1.080037832260132
zmb,2023,1.084105491638184
zmb,2024,1.090122938156128
zmb,2025,1.098782420158386
zwe,1981,0.7007874250411987
zwe,1982,0.7104051113128662
zwe,1983,0.718744158744812
zwe,1984,0.7266284823417664
zwe,1985,0.7346363067626953
zwe,1986,0.7415457963943481
zwe,1987,0.7495555877685547
zwe,1988,0.7571454644203186
zwe,1989,0.7671993970870972
zwe,1990,0.7772390842437744
zwe,1991,0.7904990911483765
zwe,1992,0.8056574463844299
zwe,1993,0.8212941884994507
zwe,1994,0.8360700607299805
zwe,1995,0.8505544662475586
zwe,1996,0.8657398819923401
zwe,1997,0.8796667456626892
zwe,1998,0.8915713429450989
zwe,1999,0.9016226530075072
zwe,2000,0.911563277244568
zwe,2001,0.9233407974243164
zwe,2002,0.9343727827072144
zwe,2003,0.9450299739837646
zwe,2004,0.9599769115447998
zwe,2005,0.9756144881248474
zwe,2006,0.989497184753418
zwe,2007,1.001636385917664
zwe,2008,1.012702465057373
zwe,2009,1.025362014770508
zwe,2010,1.03489077091217
zwe,2011,1.044551491737366
zwe,2012,1.055878758430481
zwe,2013,1.067738175392151
zwe,2014,1.077278733253479
zwe,2015,1.087586283683777
zwe,2016,1.09545361995697
zwe,2017,1.099989056587219
zwe,2018,1.101419568061829
zwe,2019,1.103801846504211
zwe,2020,1.106472015380859
zwe,2021,1.111298322677612
zwe,2022,1.115073919296265
zwe,2023,1.119441390037537
zwe,2024,1.121942639350891
zwe,2025,1.124642133712769
