country,year,air_1_glast_m
abw,1999,98.65872192382812
abw,2000,88.19538879394531
abw,2001,88.69564819335938
abw,2002,92.65129852294922
abw,2003,93.30600738525392
abw,2004,97.66162109375
abw,2005,90.30143737792967
abw,2006,94.77706909179688
abw,2007,98.25269317626952
abw,2008,92.39691162109376
abw,2009,109.2753601074219
abw,2010,92.77108001708984
abw,2013,96.3276824951172
abw,2014,106.1781616210938
abw,2018,90.89691925048828
abw,2019,109.4452819824219
abw,2020,106.9836578369141
abw,2021,98.73816680908205
abw,2022,96.6560516357422
afg,1974,29.30805015563965
afg,1977,30.13653945922852
afg,1978,32.54824829101563
afg,1980,43.11785888671875
afg,1981,53.90983963012695
afg,1984,27.57942962646484
afg,1985,27.17390060424805
afg,1993,46.86246871948242
afg,2016,99.99665069580078
afg,2017,105.7365188598633
afg,2018,108.0878524780273
afg,2019,107.2017974853516
ago,2008,46.7210693359375
ago,2009,46.33876037597656
ago,2010,49.20899963378906
ago,2011,63.39076995849609
ago,2021,60.62577056884766
ago,2022,62.24199480160912
aia,1999,114.0186920166016
aia,2000,88.0733871459961
aia,2001,98.18182373046876
aia,2002,89.38053131103516
aia,2005,94.84535980224608
aia,2006,100.0
aia,2008,100.9708709716797
aia,2009,95.28302001953124
aia,2010,89.90825653076172
aia,2011,108.2568817138672
aia,2019,102.9126205444336
alb,1996,93.46927642822266
alb,2003,110.8792266845703
alb,2004,105.9973907470703
alb,2007,108.076301574707
alb,2008,109.6332473754883
alb,2009,109.6227035522461
alb,2010,102.6232986450195
alb,2011,100.3163070678711
alb,2012,115.5451812744141
alb,2013,94.25698089599608
alb,2014,104.631706237793
alb,2015,99.3719482421875
alb,2016,99.35204315185548
alb,2017,108.2781066894531
alb,2018,103.6971817016602
alb,2019,102.7732086181641
alb,2020,101.3967208862305
alb,2021,99.45880889892578
alb,2022,104.8047332763672
alb,2023,98.55226135253906
and,2002,105.8309020996094
and,2003,114.9847106933594
and,2004,95.65216827392578
and,2014,65.52567291259766
and,2015,61.95373153686523
and,2016,73.16455841064453
and,2017,65.59632873535156
and,2018,71.83770751953125
and,2019,67.08229064941406
and,2020,64.44444274902344
and,2021,64.77832794189453
and,2023,70.78385162353516
are,1974,39.77146148681641
are,1975,39.60522842407227
are,1976,52.00556182861328
are,1977,57.80688858032227
are,1978,61.17243957519531
are,1979,63.34355926513672
are,1980,62.31003189086914
are,1981,64.49227142333984
are,1982,77.6701431274414
are,1983,78.56317138671875
are,1984,75.93187713623047
are,1985,74.35395050048828
are,1986,72.78143310546875
are,1987,67.45137786865234
are,1988,64.60762023925781
are,1989,71.25415802001953
are,1990,79.76551818847656
are,1991,86.77513885498047
are,1992,87.07914733886719
are,1993,85.27220153808594
are,1994,85.88160705566406
are,1995,86.59632110595703
are,1996,82.57122802734375
are,1997,75.04773712158203
are,1998,70.69730377197266
are,1999,74.0354232788086
are,2000,84.84042358398438
are,2001,113.2189483642578
are,2002,108.9489212036133
are,2003,99.70591735839844
are,2004,97.17799377441406
are,2005,95.10582733154295
are,2006,89.86945343017578
are,2018,105.1778106689453
are,2019,99.8201904296875
are,2020,97.82581329345705
are,2021,95.92691040039064
are,2022,106.280387878418
are,2023,97.41864013671876
arg,1970,67.65843963623047
arg,1971,69.45413970947266
arg,1975,75.31076049804688
arg,1976,75.12091064453125
arg,1996,90.20136260986328
arg,1997,89.17082214355469
arg,1998,98.4460906982422
arg,1999,97.8752670288086
arg,2000,97.51869964599608
arg,2001,97.08798980712892
arg,2002,99.78997039794922
arg,2003,97.82749938964844
arg,2004,96.3771514892578
arg,2005,93.62342834472656
arg,2006,94.89000701904295
arg,2007,97.74803924560548
arg,2008,101.6819229125977
arg,2009,102.4866104125977
arg,2010,103.0198364257813
arg,2011,102.8310470581055
arg,2012,103.3388900756836
arg,2013,103.0964279174805
arg,2014,105.1785736083984
arg,2015,105.736213684082
arg,2016,105.3261489868164
arg,2017,100.9119491577148
arg,2018,99.3931884765625
arg,2019,99.56884765625
arg,2020,98.62171936035156
arg,2021,102.0331268310547
arg,2022,99.70889282226564
arm,2002,95.59821319580078
arm,2003,97.67681884765624
arm,2004,114.7375335693359
arm,2005,102.4797210693359
arm,2006,99.06873321533205
arm,2007,106.751708984375
arm,2008,111.4561996459961
arm,2010,96.82994842529295
arm,2011,97.15860748291016
arm,2012,95.0520477294922
arm,2014,95.96267700195312
arm,2015,93.29328155517578
arm,2016,90.48454284667967
arm,2017,92.17861175537108
arm,2018,90.86145782470705
arm,2019,95.32740783691406
arm,2020,94.91039276123048
arm,2021,94.70516967773438
arm,2022,95.41253662109376
arm,2023,95.181396484375
atg,1975,75.33186340332031
atg,1976,80.751708984375
atg,1992,90.98229217529295
atg,2008,110.6468963623047
atg,2009,103.2388687133789
atg,2010,120.4644393920898
atg,2011,124.8503036499023
atg,2014,129.8192749023438
atg,2015,102.3112487792969
atg,2016,106.5830721003135
atg,2017,109.6366500854492
atg,2018,101.889762878418
atg,2019,102.9320987654321
atg,2022,141.6139240506329
aut,1971,92.55361175537108
aut,1972,95.34513854980467
aut,1973,95.80670928955078
aut,1998,99.33599090576172
aut,1999,99.41404724121094
aut,2002,99.49935913085938
aut,2004,101.5864486694336
aut,2011,100.7909164428711
aut,2012,96.23365020751952
aut,2013,99.17498016357422
aut,2014,96.62325286865234
aut,2015,100.1340637207031
aut,2016,97.71167755126952
aut,2017,98.42204284667967
aut,2018,97.3281478881836
aut,2019,99.91734313964844
aut,2020,97.77509307861328
aut,2021,99.57054901123048
aut,2022,97.66078186035156
aut,2023,98.16130065917967
aze,2000,93.76524353027344
aze,2001,96.32160949707033
aze,2002,94.59821319580078
aze,2003,95.09535217285156
aze,2004,96.2864227294922
aze,2005,97.25189208984376
aze,2006,92.21774291992188
aze,2007,97.80458068847656
aze,2008,91.6603775024414
aze,2009,92.07533264160156
aze,2010,89.9870834350586
aze,2011,93.34938049316406
aze,2012,92.33953094482422
aze,2013,89.43961334228516
aze,2014,98.57418060302734
aze,2015,104.7369995117188
aze,2016,112.6945419311523
aze,2017,106.7825622558594
aze,2018,99.85738372802734
aze,2019,100.3920211791992
aze,2020,97.9841537475586
aze,2021,96.59658050537108
aze,2022,100.3105926513672
aze,2023,96.48526000976564
bdi,1971,8.349559783935547
bdi,1973,14.89371013641357
bdi,1974,14.50654983520508
bdi,1975,15.03872966766357
bdi,1976,13.81849002838135
bdi,1977,14.06301021575928
bdi,1978,13.33868026733398
bdi,1979,13.15417003631592
bdi,1980,13.22206974029541
bdi,1981,13.43070983886719
bdi,1982,15.53822994232178
bdi,1983,20.88591003417969
bdi,1984,28.1613597869873
bdi,1985,29.47913932800293
bdi,1986,31.44301986694336
bdi,1987,31.28940010070801
bdi,1988,42.49491882324219
bdi,1989,35.55208969116211
bdi,1990,44.13465118408203
bdi,1991,44.64405059814453
bdi,1992,50.10429000854492
bdi,1993,54.07938003540039
bdi,2000,26.7092399597168
bdi,2001,27.93399047851563
bdi,2002,28.60207939147949
bdi,2003,34.60559844970703
bdi,2004,38.59835815429688
bdi,2005,39.25276947021484
bdi,2007,51.66476821899414
bdi,2008,44.60311126708984
bdi,2009,49.69802093505859
bdi,2010,54.25909042358398
bdi,2011,57.69736099243164
bdi,2012,61.01314926147461
bdi,2013,65.6844711303711
bdi,2014,62.24514007568359
bdi,2015,55.46128845214844
bdi,2016,57.03787994384766
bdi,2017,56.73768997192383
bdi,2018,51.20473861694336
bdi,2019,47.23899841308594
bdi,2020,43.96102905273438
bel,1974,68.18199157714844
bel,1975,69.00328063964844
bel,1976,69.15428161621094
bel,1977,71.27333068847656
bel,1978,76.06397247314453
bel,1979,68.28117370605469
bel,1980,67.93341064453125
bel,1981,72.94332122802734
bel,1982,72.44866943359375
bel,1983,67.77159881591797
bel,1984,72.20057678222656
bel,1985,72.17807006835938
bel,1986,72.71381378173828
bel,1987,73.37846374511719
bel,1988,73.29097747802734
bel,1991,73.33521270751953
ben,1971,24.46044921875
ben,1972,28.1229305267334
ben,1973,28.23147964477539
ben,1974,27.02518081665039
ben,1975,33.84510040283203
ben,1976,32.42901992797852
ben,1977,32.11685180664063
ben,1978,34.53298187255859
ben,1979,35.84085083007813
ben,1980,36.99306106567383
ben,1981,40.18280029296875
ben,1982,41.87174987792969
ben,1983,48.06851959228516
ben,1984,37.81008911132813
ben,1985,43.56618118286133
ben,1986,39.78644180297852
ben,1987,38.43423080444336
ben,1988,35.13893127441406
ben,1989,34.78118133544922
ben,1990,24.49127960205078
ben,1991,26.97300910949707
ben,1992,27.12484931945801
ben,1993,29.59173965454102
ben,1994,31.85895919799805
ben,1995,37.47111892700195
ben,1996,40.53237915039063
ben,1997,43.36177062988281
ben,1998,46.66109085083008
ben,2000,45.45204162597656
ben,2001,50.16727066040039
ben,2002,52.57522964477539
ben,2003,56.63599014282227
ben,2004,59.12987899780273
ben,2008,68.67933654785156
ben,2010,70.12435150146484
ben,2011,74.00626373291016
ben,2012,75.17120361328125
ben,2013,80.01026916503906
ben,2014,79.55757904052734
ben,2015,79.73922729492188
ben,2016,78.78157806396484
ben,2019,61.8314094543457
ben,2020,60.16468048095703
ben,2021,71.00975799560547
ben,2022,64.13551330566406
bfa,1971,10.0815896987915
bfa,1972,9.261890411376951
bfa,1973,9.350239753723145
bfa,1974,8.72859001159668
bfa,1975,9.878520011901855
bfa,1976,9.833279609680176
bfa,1977,10.84751987457275
bfa,1978,11.16477966308594
bfa,1979,12.29903984069824
bfa,1980,12.03969955444336
bfa,1981,13.46877002716064
bfa,1982,13.63401031494141
bfa,1983,14.36044025421143
bfa,1984,15.07009029388428
bfa,1985,17.60321044921875
bfa,1987,19.69757080078125
bfa,1988,20.93084907531738
bfa,1989,20.5472297668457
bfa,1990,24.13744926452637
bfa,1991,23.99082946777344
bfa,1992,30.33514022827148
bfa,1993,31.42058944702148
bfa,1994,32.06119918823242
bfa,1995,20.96076965332031
bfa,1996,25.96208000183105
bfa,1999,25.81135940551758
bfa,2000,28.0196704864502
bfa,2001,29.87638092041016
bfa,2002,30.27407073974609
bfa,2003,31.54013061523438
bfa,2004,32.90417098999023
bfa,2005,34.56813049316406
bfa,2006,35.70404815673828
bfa,2007,38.18452835083008
bfa,2008,42.15662002563477
bfa,2009,46.00411987304688
bfa,2010,48.96123886108398
bfa,2011,55.41764052890673
bfa,2012,57.37723159790039
bfa,2013,60.94696044921875
bfa,2014,58.11655044555664
bfa,2015,59.23434066772461
bfa,2016,58.21125030517578
bfa,2017,59.1839714050293
bfa,2018,60.09283828735352
bfa,2019,58.39480972290039
bfa,2020,57.85702133178711
bfa,2021,59.06159973144531
bfa,2022,53.0850715637207
bfa,2023,46.32065963745117
bgd,1976,55.4232292175293
bgd,1981,32.60818862915039
bgd,2005,62.09627914428711
bgd,2008,52.70190048217773
bgd,2009,57.73870849609375
bgd,2010,57.73532288632903
bgd,2021,105.2877566786298
bgd,2022,87.65136277510567
bgd,2023,89.12885422715546
bgr,1986,96.48185729980467
bgr,1987,100.8292999267578
bgr,1988,102.8832321166992
bgr,1989,103.0992965698242
bgr,1990,100.8966674804688
bgr,1991,91.72978973388672
bgr,1992,91.43170928955078
bgr,1993,89.63932037353516
bgr,1994,90.35675811767578
bgr,1995,88.12036895751953
bgr,1996,92.8096923828125
bgr,1997,94.96035766601564
bgr,1998,97.2299575805664
bgr,1999,97.77706909179688
bgr,2000,96.10526275634766
bgr,2001,102.2331008911133
bgr,2002,102.4407806396484
bgr,2003,103.4744873046875
bgr,2004,104.6511611938477
bgr,2005,105.1355209350586
bgr,2006,108.3830413818359
bgr,2007,104.1372833251953
bgr,2008,103.8853378295898
bgr,2009,100.3236923217773
bgr,2010,100.0409927368164
bgr,2011,100.6138076782227
bgr,2012,99.9906005859375
bgr,2013,101.6906661987305
bgr,2014,99.09274291992188
bgr,2015,99.86823272705078
bgr,2016,97.78942108154295
bgr,2017,99.17246246337892
bgr,2018,96.70336151123048
bgr,2019,97.45626068115234
bgr,2020,97.49613189697266
bgr,2021,95.7085418701172
bgr,2022,95.99784088134766
bgr,2023,94.6955337524414
bhr,1982,97.55970001220705
bhr,1983,85.97364044189453
bhr,1984,83.09625244140625
bhr,1985,88.03694915771484
bhr,1986,84.4078598022461
bhr,1987,83.1872329711914
bhr,1988,89.31214904785156
bhr,1989,93.43775939941406
bhr,1991,93.53034973144533
bhr,1992,91.85912322998048
bhr,1993,89.25469970703125
bhr,1994,81.1718978881836
bhr,1995,81.27861022949219
bhr,1996,80.19486236572266
bhr,1998,80.14140319824219
bhr,1999,87.60938262939453
bhr,2000,87.03704071044922
bhr,2001,88.26342010498047
bhr,2002,92.70587921142578
bhr,2003,92.08776092529295
bhr,2004,91.970703125
bhr,2005,93.64240264892578
bhr,2011,92.20713043212892
bhr,2012,99.6201171875
bhr,2013,105.7435607910156
bhr,2014,102.3338012695313
bhr,2015,98.57241821289064
bhr,2016,98.11215209960938
bhr,2017,98.0956573486328
bhr,2018,94.37539672851564
bhr,2019,98.14969635009766
bhr,2022,101.1705322265625
bhr,2023,87.42363739013672
bhs,1999,78.23529052734375
bhs,2005,96.82540130615234
bhs,2006,95.07527923583984
bhs,2007,98.9792709350586
bhs,2008,95.0
bhs,2009,95.1308364868164
bhs,2010,90.73371887207033
bhs,2011,100.4606704711914
bhs,2012,104.88330078125
bhs,2013,92.6749267578125
bhs,2014,93.16519927978516
bih,2010,71.36087799072266
bih,2011,78.14389038085938
bih,2012,77.86406707763672
bih,2013,75.44415283203125
bih,2014,83.08325958251953
bih,2015,89.32402801513672
bih,2016,90.52752685546876
bih,2017,91.98088836669922
bih,2018,93.21824645996094
bih,2019,97.66429901123048
bih,2020,95.60967254638672
bih,2021,95.31880950927734
bih,2022,100.2588806152344
bih,2023,99.15445709228516
blr,1993,90.05828857421875
blr,1994,96.19088745117188
blr,1995,97.32650756835938
blr,1996,92.896240234375
blr,1997,98.16651153564452
blr,1999,100.8681564331055
blr,2000,105.2655487060547
blr,2001,110.5530624389648
blr,2002,134.29052734375
blr,2003,105.6082611083984
blr,2004,106.2182388305664
blr,2005,105.0951538085938
blr,2006,106.3813705444336
blr,2007,104.0587921142578
blr,2008,96.97239685058594
blr,2011,103.5561828613281
blr,2012,101.7029190063477
blr,2013,100.2172775268555
blr,2014,100.7558975219727
blr,2015,99.9196319580078
blr,2016,98.19642639160156
blr,2017,97.6091079711914
blr,2018,97.59044647216795
blr,2019,102.2467727661133
blr,2020,97.56555938720705
blr,2021,95.27011871337892
blr,2022,95.33670806884766
blr,2023,94.68505859375
blz,1992,93.80699157714844
blz,1995,92.23545837402344
blz,1996,98.69026947021484
blz,1999,95.60260772705078
blz,2000,97.5456314086914
blz,2001,96.36923217773438
blz,2003,95.40299224853516
blz,2004,99.94048309326172
blz,2005,103.5259323120117
blz,2006,103.7905120849609
blz,2007,101.875
blz,2008,98.5058135986328
blz,2009,99.94671630859376
blz,2010,102.419563293457
blz,2011,102.0340728759766
blz,2012,106.2831192016602
blz,2013,102.3061294555664
blz,2014,105.269889831543
blz,2015,106.3856964111328
blz,2016,105.6777496337891
blz,2017,103.0240936279297
blz,2018,104.7373809814453
blz,2019,102.4611434936523
blz,2020,104.7966613769531
blz,2021,117.7951889038086
blz,2022,110.4428634643555
blz,2023,98.12834167480467
bmu,1975,71.12676239013672
bmu,2001,100.7142868041992
bmu,2002,100.4739303588867
bmu,2003,99.51100158691406
bmu,2011,111.7318420410156
bmu,2012,108.6956481933594
bmu,2013,97.37532806396484
bol,2010,97.13736724853516
bol,2011,97.01676177978516
bol,2012,97.72157287597656
bol,2013,95.05338287353516
bol,2014,91.56613159179688
bol,2015,90.017578125
bol,2016,90.35172271728516
bol,2017,91.90596771240234
bol,2018,94.75785064697266
bol,2019,90.7982177734375
bol,2020,91.814453125
bol,2022,96.18453979492188
bol,2023,96.0972137451172
bra,1971,78.46707153320312
bra,1972,61.85919952392578
bra,1973,63.71269989013672
bra,1974,65.44084167480469
brb,1999,102.3136215209961
brb,2000,100.244140625
brb,2001,105.2960968017578
brb,2002,102.623908996582
brb,2003,108.9034194946289
brb,2004,107.9297485351563
brb,2005,100.2754821777344
brb,2006,107.8651733398438
brb,2007,100.501953125
brb,2008,98.371337890625
brb,2009,95.86644744873048
brb,2010,92.30769348144533
brb,2011,95.15000152587892
brb,2018,84.57083129882812
brb,2019,79.06281280517578
brb,2020,87.52017211914062
brb,2021,93.51904296875
brb,2022,88.79209899902344
brb,2023,91.0332489013672
brn,1972,98.8424835205078
brn,1973,97.02922821044922
brn,1974,99.35244750976564
brn,1975,91.91780853271484
brn,1976,104.1265487670898
brn,1977,100.0
brn,1978,93.46405029296876
brn,1979,97.4614715576172
brn,1980,89.47602081298828
brn,1981,90.69869232177734
brn,1982,87.01022338867188
brn,1983,85.95529174804688
brn,1984,66.37609100341797
brn,1986,125.2983322143555
brn,1997,105.6307678222656
brn,1998,113.3175506591797
brn,1999,116.589729309082
brn,2000,115.7999420166016
brn,2001,125.438102722168
brn,2002,122.2349624633789
brn,2003,126.2871932983398
brn,2004,115.2522888183594
brn,2005,108.9244232177734
brn,2006,113.4711990356445
brn,2007,116.3259201049805
brn,2008,113.8124771118164
brn,2009,108.899772644043
brn,2010,106.7677314564158
brn,2011,110.449377368706
brn,2012,101.811974789916
brn,2013,99.23844537815128
brn,2014,95.6497948016416
brn,2015,96.9722455845248
brn,2016,101.7882486517173
brn,2017,102.9933158965417
brn,2018,104.9511002444988
brn,2019,99.08024104027912
brn,2020,103.1097564697266
brn,2021,101.9301470588235
brn,2022,103.4083802376485
brn,2023,100.029744199881
btn,1978,12.75825023651123
btn,1979,13.87353992462158
btn,1993,26.4123706817627
btn,1994,29.81303977966309
btn,1998,52.39749908447266
btn,1999,55.89667129516602
btn,2000,55.84669876098633
btn,2001,55.47370910644531
btn,2006,68.70584869384766
btn,2008,74.06719207763672
btn,2009,75.21549224853516
btn,2010,82.95454545454545
btn,2011,86.05972515856237
btn,2012,96.2913553895411
btn,2013,93.01328277587892
btn,2014,88.57373809814453
btn,2015,88.1138694009714
btn,2016,90.21054077148438
btn,2017,89.19389394750937
btn,2018,78.8015288015288
btn,2019,68.77904520490071
btn,2020,74.84751670055184
btn,2021,83.42671778236507
btn,2024,78.99469339622641
bwa,1970,44.50082015991211
bwa,1971,49.26934051513672
bwa,1972,55.46944046020508
bwa,1979,55.94831848144531
bwa,1981,72.87727355957031
bwa,1982,76.74478149414062
bwa,1983,69.157958984375
bwa,1984,74.46640014648438
bwa,1985,79.79070281982422
bwa,1986,90.30696105957033
bwa,1987,91.43099212646484
bwa,1988,88.5943832397461
bwa,1989,83.65833282470703
bwa,1990,87.32515716552734
bwa,1991,89.44564056396484
bwa,1992,88.50581359863281
bwa,1993,85.25267791748047
bwa,1994,89.30448913574219
bwa,1995,88.09977722167969
bwa,1996,90.35252380371094
bwa,1998,90.51637268066406
bwa,1999,86.96517944335938
bwa,2000,87.69654846191406
bwa,2001,90.63851165771484
bwa,2002,93.73105621337892
bwa,2003,93.84438323974608
bwa,2004,93.66021728515624
bwa,2005,91.47339630126952
bwa,2006,95.215087890625
bwa,2007,93.2653579711914
bwa,2008,97.20903778076172
bwa,2009,102.1868209838867
bwa,2012,100.8783466416158
bwa,2013,101.8647252231094
bwa,2022,99.56355033447544
caf,1971,35.52033996582031
caf,1972,31.35110092163086
caf,1973,39.52568054199219
caf,1974,34.47283172607422
caf,1975,44.84302139282227
caf,1976,35.21038818359375
caf,1978,50.95444869995117
caf,1981,36.7381706237793
caf,1982,37.26623153686523
caf,1983,34.46783065795898
caf,1986,49.31914901733398
caf,1987,38.91405868530273
caf,1988,40.02347946166992
caf,1989,40.30564117431641
caf,1990,43.40185928344727
caf,1991,37.31930160522461
caf,1992,29.67435073852539
caf,2004,26.52898979187012
caf,2005,28.53211975097656
caf,2006,27.74636077880859
caf,2008,38.66318893432617
caf,2009,41.34299087524414
caf,2010,45.47446823120117
caf,2011,45.37255096435547
caf,2012,46.65782928466797
caf,2016,45.64054107666016
can,1998,93.81215667724608
can,1999,96.50599670410156
can,2000,98.24298858642578
che,1977,51.38219833374023
che,1978,59.26340103149414
che,1979,57.95072937011719
che,1980,58.14530181884766
che,1981,52.723388671875
che,1982,53.38383865356445
che,1983,52.95843124389648
che,1984,51.56666946411133
che,1985,52.28039169311523
che,1986,51.52178955078125
che,1987,51.0363883972168
che,1988,50.73970031738281
che,1989,51.51741027832031
che,1990,50.60511016845703
che,1991,52.29338836669922
che,1992,53.37221145629883
che,1993,59.32110977172852
che,1994,60.89902877807617
che,1996,73.19116973876953
che,1999,93.98312377929688
che,2000,95.11662292480467
che,2001,93.6052017211914
che,2002,94.949951171875
che,2003,93.89732360839844
che,2004,94.94740295410156
che,2005,94.45823669433594
che,2006,95.41007232666016
che,2007,95.18518829345705
che,2008,96.20294189453124
che,2009,94.36878967285156
che,2010,95.40339660644533
che,2011,95.69110870361328
che,2012,96.0019989013672
che,2013,93.41169738769533
che,2014,95.64394378662108
che,2015,95.75624847412108
che,2016,94.6052703857422
che,2017,93.55619049072266
che,2018,93.49877166748048
che,2019,92.58878326416016
che,2020,93.3654327392578
che,2021,94.61750793457033
che,2022,94.60749816894533
che,2023,95.29969024658205
chl,1970,78.71711730957031
chl,1971,86.0948486328125
chl,1972,90.87217712402344
chl,1973,91.84868621826172
chl,1974,90.18882751464844
chl,1975,90.47382354736328
chl,1976,92.3837432861328
chl,1977,90.07070922851562
chl,1983,95.44257354736328
chl,2011,94.9600067138672
chl,2012,97.29255676269533
chl,2013,97.37159729003906
chl,2014,98.14633941650392
chl,2015,97.90750885009766
chl,2016,98.94937896728516
chl,2017,98.75930786132812
chl,2018,98.59796905517578
chl,2019,97.91928100585938
chl,2020,98.38131713867188
chl,2021,100.661003112793
chl,2022,101.6744613647461
chl,2023,102.5586624145508
chn,1996,94.99526977539064
chn,1997,95.06919097900392
chn,2006,91.18260192871094
chn,2007,94.79371643066406
chn,2008,102.9954681396484
chn,2009,103.7726135253906
chn,2010,103.0383987426758
civ,1973,51.46495819091797
civ,1974,51.62477111816406
civ,1976,58.82844924926758
civ,1977,62.55072021484375
civ,1978,62.38758850097656
civ,1979,64.44824981689453
civ,1980,66.4146728515625
civ,1981,69.53559875488281
civ,1983,66.6759033203125
civ,1984,64.43186950683594
civ,1985,52.80569076538086
civ,1986,54.55244827270508
civ,1987,53.22407150268555
civ,1988,54.47254943847656
civ,1989,50.32638931274414
civ,1990,49.21163940429688
civ,1991,54.56845855712891
civ,1992,48.51493835449219
civ,1993,49.35705184936523
civ,1994,47.91944122314453
civ,1995,45.83192825317383
civ,1996,46.52954864501953
civ,1997,43.55427169799805
civ,1998,42.07669067382813
civ,2000,46.35940933227539
civ,2001,51.62823104858398
civ,2006,47.86671829223633
civ,2007,46.61394882202148
civ,2009,47.80978012084961
civ,2011,53.61597061157227
civ,2012,57.73443984985352
civ,2013,56.81636810302734
civ,2014,59.32363891601563
civ,2015,63.76398849487305
civ,2016,67.49224090576172
civ,2017,73.88258361816406
civ,2018,71.71613311767578
civ,2019,71.6643295288086
civ,2020,71.43389129638672
civ,2021,69.217041015625
civ,2022,63.72319030761719
civ,2023,74.18235778808594
cmr,1973,57.34751129150391
cmr,1974,56.84690093994141
cmr,1975,59.53194046020508
cmr,1976,61.20294952392578
cmr,1977,61.38864135742188
cmr,1978,72.82074737548828
cmr,1979,60.87810134887695
cmr,1980,57.75352096557617
cmr,1981,57.0107307434082
cmr,1982,55.21768951416016
cmr,1983,54.94770050048828
cmr,1984,56.86746978759766
cmr,1985,58.38235855102539
cmr,1986,58.72772979736328
cmr,1987,60.38198852539063
cmr,1988,60.85276031494141
cmr,1990,58.95795059204102
cmr,1991,59.78884887695313
cmr,1999,54.76068878173828
cmr,2000,55.21667098999023
cmr,2003,63.01803970336914
cmr,2004,65.96585845947266
cmr,2006,56.98011016845703
cmr,2007,61.32009124755859
cmr,2008,78.94542694091797
cmr,2009,78.45762634277344
cmr,2010,79.7142562866211
cmr,2011,78.07367706298828
cmr,2012,81.97380828857422
cmr,2014,79.71704864501953
cmr,2015,80.02300262451172
cmr,2016,78.55425262451172
cmr,2017,72.48522186279297
cmr,2018,68.52377319335938
cmr,2019,69.46639251708984
cmr,2020,70.52751119063541
cmr,2021,73.07933044433594
cmr,2022,73.68604278564453
cmr,2023,75.14566802978516
cod,1971,62.75051879882813
cod,1972,64.61083984375
cod,1976,72.790771484375
cod,1977,74.36917877197266
cod,1978,77.51421356201172
cod,1980,75.1490707397461
cod,1981,75.8779296875
cod,1982,78.27030944824219
cod,1983,79.13654327392578
cod,1984,80.04093170166016
cod,1988,61.9198112487793
cod,1991,63.45407104492188
cod,1992,58.83143997192383
cod,1993,64.948486328125
cod,1994,56.25661849975586
cod,1999,35.23509979248047
cod,2002,47.45027923583984
cod,2007,57.46139144897461
cod,2008,62.63494873046875
cod,2009,67.08695220947266
cod,2010,66.7306137084961
cod,2011,69.56819915771484
cod,2012,74.03759002685547
cod,2013,70.71135711669922
cod,2014,68.50609930904339
cod,2015,65.6119613647461
cod,2020,80.7650375366211
cod,2021,84.36062622070312
cod,2023,78.50325775146484
cog,1972,64.9591293334961
cog,1973,74.83625793457031
cog,1974,63.31045913696289
cog,1975,71.84709930419922
cog,1976,72.29110717773438
cog,1977,74.4688720703125
cog,1978,73.5985107421875
cog,1979,81.01528930664062
cog,1980,81.2705078125
cog,1981,77.42682647705078
cog,1982,78.67375946044922
cog,1983,70.53861999511719
cog,1984,75.62004089355469
cog,1985,72.6419677734375
cog,1986,72.08345031738281
cog,1987,70.70323181152344
cog,1988,72.6226577758789
cog,1989,67.47807312011719
cog,1990,59.64105987548828
cog,1991,60.06887817382813
cog,1992,62.10831069946289
cog,1993,64.36840057373047
cog,1994,55.49190902709961
cog,1996,48.16151809692383
cog,1999,29.8057804107666
cog,2001,54.07413101196289
cog,2002,57.14183044433594
cog,2003,54.83779907226563
cog,2004,79.87193298339844
cog,2005,69.19991302490234
cog,2006,75.93390655517578
cog,2007,73.75524139404297
cog,2008,68.8335189819336
cog,2009,69.09123992919922
cog,2010,70.12744903564453
cog,2011,75.98161315917969
cog,2012,68.33975219726562
cog,2015,66.17527035298919
cog,2018,64.46614211136018
cog,2023,71.24658966064453
cok,1998,97.53694915771484
cok,1999,94.14633941650392
cok,2010,98.1012725830078
cok,2011,94.80519104003906
cok,2012,100.0
cok,2013,94.63086700439452
cok,2014,97.35099029541016
cok,2015,89.86486053466797
cok,2016,104.5751571655273
cok,2017,104.6052627563477
cok,2018,108.1632690429688
cok,2019,120.9459533691406
cok,2020,111.0344772338867
cok,2021,117.5675735473633
cok,2022,109.5890426635742
cok,2023,124.4604263305664
col,1970,61.22330856323242
col,1971,50.02962875366211
col,1972,50.4317512512207
col,1973,53.39791107177734
col,1974,53.75556182861328
col,1982,69.00350189208984
col,1983,71.37979125976562
col,1984,72.66619873046875
col,1985,67.71601867675781
col,1986,76.03411102294922
col,1987,71.26297760009766
col,1988,70.86280822753906
col,1989,71.15516662597656
col,1990,66.23027038574219
col,1991,73.18108367919922
col,1992,78.46893310546875
col,1993,81.72638702392578
col,1994,83.12104797363281
col,1995,88.15763854980469
col,1996,90.4750518798828
col,1998,96.30168914794922
col,1999,97.50428771972656
col,2000,98.82981872558594
col,2002,95.75628662109376
col,2004,103.0000228881836
col,2005,106.1058578491211
col,2006,111.7053604125977
col,2007,112.8121032714844
col,2008,113.19873046875
col,2009,117.9817428588867
col,2010,118.4192276000977
col,2011,118.8854064941406
col,2012,114.0034713745117
col,2013,104.1848373413086
col,2014,103.18212890625
col,2015,102.8290328979492
col,2016,103.5630493164063
col,2017,106.2680130004883
col,2018,105.9492874145508
col,2019,103.8852767944336
col,2020,99.64363861083984
col,2021,100.0757598876953
col,2022,97.46820068359376
com,1986,70.02693176269531
com,1987,53.42594146728516
com,1992,44.45952987670898
com,1999,45.64064025878906
com,2002,56.03541946411133
com,2003,54.48210906982422
com,2004,56.51219177246094
com,2007,59.679931640625
com,2008,74.41680145263672
com,2013,72.81162660704304
com,2014,76.57072460521896
com,2016,70.83609088903596
com,2017,79.0220988576919
cpv,1974,7.390299797058105
cpv,1975,11.14511966705322
cpv,1977,12.98954010009766
cpv,1978,13.70775985717773
cpv,1979,11.71401977539063
cpv,1980,18.25558090209961
cpv,1981,28.67679977416992
cpv,1982,24.35613059997559
cpv,1983,22.6951904296875
cpv,1984,29.03935050964355
cpv,1985,30.46052932739258
cpv,1986,31.21994018554688
cpv,1987,35.27233123779297
cpv,1988,40.54170989990234
cpv,1990,52.48091888427734
cpv,1994,69.12319946289062
cpv,1998,91.76600646972656
cpv,2000,97.43161010742188
cpv,2001,92.37593841552734
cpv,2002,93.91487121582033
cpv,2003,93.32933807373048
cpv,2004,93.15686798095705
cpv,2005,76.911376953125
cpv,2006,89.1925277709961
cpv,2007,85.44994354248047
cpv,2008,92.47189331054688
cpv,2009,90.84413146972656
cpv,2010,94.12655639648438
cpv,2011,87.9194564819336
cpv,2012,94.23526763916016
cpv,2013,93.60243988037108
cpv,2014,100.5691909790039
cpv,2015,98.3074188232422
cpv,2016,93.93051910400392
cpv,2017,86.29344177246094
cpv,2018,84.19734191894531
cpv,2019,101.8533020019531
cpv,2020,91.90306854248048
cpv,2021,92.31671905517578
cri,1970,74.10752868652344
cri,1971,73.42498016357422
cri,1972,82.90799713134766
cri,1973,88.36329650878906
cri,1974,87.98239135742188
cri,1975,83.7064208984375
cri,1976,79.65621948242188
cri,1977,86.49957275390625
cri,1978,83.43321228027344
cri,1979,82.09716796875
cri,1980,84.10344696044922
cri,1981,85.35891723632812
cri,1982,84.89378356933594
cri,1985,74.54118347167969
cri,1986,76.98084259033203
cri,1987,74.8829574584961
cri,1988,74.99920654296875
cri,1989,74.21550750732422
cri,1991,77.05219268798828
cri,1992,79.66354370117188
cri,1993,81.90638732910156
cri,1994,79.9067611694336
cri,1995,78.72917938232422
cri,1996,79.08599090576172
cri,1999,82.38542938232422
cri,2000,84.70068359375
cri,2001,86.01114654541016
cri,2002,90.79991149902344
cri,2004,90.31459808349608
cri,2005,90.45172119140624
cri,2006,84.0288314819336
cri,2007,89.52198791503906
cri,2008,88.25723266601562
cri,2009,96.33963012695312
cri,2010,93.81786346435548
cri,2011,96.7384033203125
cri,2012,93.55095672607422
cri,2013,94.96024322509766
cri,2014,93.41583251953124
cri,2015,93.78571319580078
cri,2016,92.20298004150392
cri,2017,90.94535064697266
cri,2018,90.24958801269533
cri,2019,93.92204284667967
cri,2020,98.5187530517578
cri,2021,100.5687484741211
cri,2022,93.93189239501952
cri,2023,100.1159362792969
cub,1971,53.26874923706055
cub,1972,51.83576965332031
cub,1999,95.47364044189452
cub,2000,97.2158203125
cub,2001,95.49922943115234
cub,2002,98.55335998535156
cub,2003,95.69277954101564
cub,2004,94.95348358154295
cub,2005,97.74967956542967
cub,2006,98.39745330810548
cub,2007,98.25466918945312
cub,2008,91.66338348388672
cub,2009,97.20796966552734
cub,2010,95.1176528930664
cub,2011,95.10195159912108
cub,2012,93.39527130126952
cub,2013,91.21623229980467
cub,2014,94.54704284667967
cub,2015,95.81452941894533
cub,2016,95.25817108154295
cub,2017,95.18012237548828
cub,2018,91.09187316894533
cub,2019,90.76000213623048
cub,2020,95.6091079711914
cub,2021,97.39459228515624
cub,2022,92.80632019042967
cub,2023,93.43753051757812
cym,1999,95.47511291503906
cym,2000,101.2448120117188
cym,2001,110.6299209594727
cym,2002,103.3457183837891
cym,2004,100.7017517089844
cym,2005,91.45906829833984
cym,2006,106.3604202270508
cym,2007,87.45762634277344
cym,2008,106.3333282470703
cym,2011,105.9006195068359
cym,2012,109.3247604370117
cym,2013,113.0
cym,2018,96.57894897460938
cym,2019,88.30845642089844
cym,2021,90.46454620361328
cym,2022,102.2556381225586
cym,2023,101.7857131958008
cyp,2000,98.02642822265624
cyp,2001,97.554931640625
cyp,2002,100.0179595947266
cyp,2003,98.89376831054688
cyp,2004,87.38997650146484
cyp,2005,99.00122833251952
cyp,2006,98.99874877929688
cyp,2007,97.68839263916016
cyp,2008,98.38861083984376
cyp,2009,99.50337982177734
cyp,2010,97.87957763671876
cyp,2011,101.911506652832
cyp,2012,100.413818359375
cyp,2013,98.7890396118164
cyp,2014,99.5754165649414
cyp,2015,95.89253997802734
cyp,2016,98.01718139648438
cyp,2017,101.3800888061523
cyp,2018,101.8915481567383
cyp,2019,102.9386291503906
cyp,2020,101.3078689575195
cyp,2021,99.24272918701172
cyp,2022,98.6455078125
cze,1993,95.28719329833984
cze,1994,100.3881225585938
cze,1996,109.460563659668
cze,1999,99.9683074951172
cze,2000,101.5402984619141
cze,2001,97.86077880859376
cze,2002,101.1984100341797
cze,2003,101.8304595947266
cze,2004,99.97891235351564
cze,2005,107.397102355957
cze,2006,105.7272567749023
cze,2007,106.4505004882813
cze,2008,101.6829299926758
cze,2009,100.2292861938477
cze,2010,102.3264007568359
cze,2011,100.2981033325195
cze,2012,99.90222930908205
cze,2013,98.21507263183594
cze,2014,99.08200073242188
cze,2015,96.6455307006836
cze,2016,97.39644622802734
cze,2017,97.17414855957033
cze,2018,93.98993682861328
cze,2019,95.18489837646484
cze,2020,96.79750061035156
cze,2021,100.665657043457
cze,2022,103.5217895507813
deu,1993,100.1871032714844
deu,1994,99.1290283203125
deu,1995,99.36593627929688
deu,1996,96.9379425048828
deu,1997,97.5986785888672
deu,1999,101.7177200317383
deu,2000,98.99947357177734
deu,2001,107.1963882446289
deu,2002,103.6880569458008
deu,2003,101.9375915527344
deu,2004,103.1670608520508
deu,2005,100.9873275756836
deu,2006,98.98375701904295
deu,2007,101.3930282592773
deu,2008,102.4020004272461
deu,2009,103.4700088500977
deu,2010,101.5872192382813
deu,2011,103.5137634277344
deu,2012,101.530143737793
deu,2013,102.1835021972656
deu,2014,99.71682739257812
deu,2015,102.3043899536133
deu,2016,99.32231903076172
deu,2017,97.5012664794922
deu,2018,98.4447021484375
deu,2019,99.35086822509766
deu,2020,98.28527069091795
deu,2021,100.9289321899414
deu,2022,97.53014373779295
deu,2023,96.43795013427734
dma,1988,106.2334213256836
dma,1999,110.7142868041992
dma,2000,115.9398498535156
dma,2001,127.8963394165039
dma,2002,111.7734680175781
dma,2003,110.5797119140625
dma,2004,110.780143737793
dma,2005,108.3451232910156
dma,2006,100.4360504150391
dma,2007,101.0638275146484
dma,2008,96.6183624267578
dma,2009,95.76271057128906
dma,2010,92.88256072998048
dma,2011,90.03559112548828
dma,2012,101.7271194458008
dma,2013,102.2429885864258
dma,2014,97.74858856201172
dma,2015,97.13192749023438
dma,2016,99.81752014160156
dma,2019,91.18329466357308
dma,2020,0.0
dma,2021,105.2511367797852
dma,2022,98.38710021972656
dma,2023,106.9377975463867
dnk,1971,96.6714324951172
dnk,1972,92.75016021728516
dnk,1973,94.89453887939452
dnk,1974,93.57998657226564
dnk,1981,98.63777160644533
dnk,1982,99.66863250732422
dnk,1983,99.91156005859376
dnk,1984,98.9629135131836
dnk,1985,99.14447021484376
dnk,1986,99.26880645751952
dnk,1987,98.57791137695312
dnk,1988,98.16356658935548
dnk,1989,99.90850067138672
dnk,1990,99.8810806274414
dnk,1991,98.7992706298828
dnk,1992,98.37641143798828
dnk,1993,99.47087860107422
dnk,1994,100.2849426269531
dnk,1998,99.56584930419922
dnk,1999,99.50611114501952
dnk,2000,99.99668884277344
dnk,2001,99.49846649169922
dnk,2002,102.6809616088867
dnk,2004,99.93905639648438
dnk,2005,98.2698974609375
dnk,2006,103.1273574829102
dnk,2007,100.0
dnk,2008,98.17733764648438
dnk,2009,98.16452026367188
dnk,2010,99.07729339599608
dnk,2011,101.0263214111328
dnk,2012,99.53778839111328
dnk,2013,98.73137664794922
dnk,2014,100.1180801391602
dnk,2015,99.40590667724608
dnk,2016,102.0539093017578
dnk,2017,102.2403106689453
dnk,2018,101.171012878418
dnk,2019,100.7259979248047
dnk,2020,99.7405014038086
dnk,2021,99.79981231689452
dnk,2022,100.1808624267578
dnk,2023,99.29340362548828
dom,1971,32.06457901000977
dom,1999,68.27446746826172
dom,2000,74.23725891113281
dom,2002,87.65010070800781
dom,2004,85.87104797363281
dom,2006,82.492919921875
dom,2007,90.46743774414064
dom,2009,94.16976165771484
dom,2010,93.51538848876952
dom,2011,92.0243911743164
dom,2012,92.37151336669922
dom,2013,93.55345916748048
dom,2014,95.70964050292967
dom,2015,101.4186706542969
dom,2016,101.7867431640625
dom,2017,97.13321685791016
dom,2018,94.29270935058594
dom,2019,94.525146484375
dom,2020,97.10415649414064
dom,2021,86.50411987304688
dom,2022,88.87615966796875
dom,2023,91.03758239746094
dza,1972,52.23057174682617
dza,1973,52.98785018920898
dza,1974,55.80567169189453
dza,1975,61.70891189575195
dza,1976,69.59028625488281
dza,1977,71.73014068603516
dza,1978,73.71977233886719
dza,1979,72.40067291259766
dza,1980,70.34493255615234
dza,1981,75.17513275146484
dza,1982,74.28848266601562
dza,1983,76.70699310302734
dza,1984,81.94670867919922
dza,1985,97.91632080078124
dza,1986,79.90894317626953
dza,1987,82.17415618896484
dza,1988,86.77729034423828
dza,1989,93.49313354492188
dza,1990,91.14421081542967
dza,1991,87.29691314697266
dza,1992,89.29739379882812
dza,1993,86.60823822021484
dza,1994,83.902587890625
dza,1995,83.50251007080078
dza,1996,85.57430267333984
dza,1997,84.3043212890625
dza,1999,83.8812484741211
dza,2000,81.00376892089844
dza,2001,87.94257354736328
dza,2002,90.53627777099608
dza,2003,93.29608154296876
dza,2004,94.39032745361328
dza,2005,97.29972076416016
dza,2006,87.2525405883789
dza,2007,94.74756622314452
dza,2008,118.2229919433594
dza,2009,98.08714294433594
dza,2010,99.27722930908205
dza,2011,97.55283355712892
dza,2012,99.38079071044922
dza,2013,103.102783203125
dza,2014,101.4518890380859
dza,2015,98.24362182617188
dza,2016,99.72866821289064
dza,2017,100.455207824707
dza,2018,100.2150497436523
dza,2019,97.09024810791016
dza,2020,100.7882690429688
dza,2021,98.55992126464844
dza,2022,92.6703872680664
dza,2023,96.61724090576172
dza,2024,101.5696868896484
ecu,1971,56.3385009765625
ecu,1972,54.50210189819336
ecu,1973,57.79682922363281
ecu,1974,61.06906127929688
ecu,1975,64.67166137695312
ecu,1976,68.80290222167969
ecu,1977,70.24933624267578
ecu,1978,69.07855987548828
ecu,1979,73.82274627685547
ecu,1980,76.7174301147461
ecu,1987,91.29010009765624
ecu,1988,90.52374267578124
ecu,1994,89.70323181152344
ecu,1995,87.5107421875
ecu,1996,86.94786834716797
ecu,1997,91.62609100341795
ecu,1999,94.97988128662108
ecu,2000,93.73197174072266
ecu,2001,93.3218994140625
ecu,2002,93.03952026367188
ecu,2003,92.24105834960938
ecu,2004,92.05512237548828
ecu,2005,96.23030853271484
ecu,2006,96.68955993652344
ecu,2007,96.47841644287108
ecu,2009,96.33059692382812
ecu,2010,101.381591796875
ecu,2011,104.3490371704102
ecu,2012,104.5812301635742
ecu,2013,103.5798263549805
ecu,2014,105.2242431640625
ecu,2015,98.83329010009766
ecu,2016,96.23887634277344
ecu,2017,98.17440032958984
ecu,2018,97.7218780517578
ecu,2019,95.1813507080078
ecu,2020,94.99041748046876
ecu,2021,93.21172332763672
ecu,2022,98.24468231201172
ecu,2023,99.00093841552734
egy,1971,71.53353118896484
egy,1972,66.67488861083984
egy,1973,70.52703094482422
egy,1974,72.24559783935547
egy,1975,75.85006713867188
egy,1976,77.06343078613281
egy,1977,78.06822204589844
egy,1978,71.92353820800781
egy,1979,48.82476043701172
egy,1980,56.58628845214844
egy,1981,66.43353271484375
egy,1986,80.1461410522461
egy,1997,89.99408721923828
egy,1999,91.94698333740234
egy,2000,89.81529998779297
egy,2001,86.65025329589844
egy,2002,82.9842529296875
egy,2003,84.22605895996094
egy,2004,85.11041259765625
egy,2005,88.65039825439453
egy,2006,82.67498779296875
egy,2007,87.31205749511719
egy,2009,87.60243225097656
egy,2010,87.88787841796875
egy,2013,88.72151947021484
egy,2016,84.48895263671875
egy,2017,84.1270980834961
egy,2018,86.39502716064453
egy,2019,88.56439971923828
egy,2020,91.52471923828124
egy,2021,92.45706176757812
egy,2023,93.45364379882812
eri,1994,40.68141937255859
eri,1995,51.80640029907227
eri,1996,71.58586120605469
eri,1997,76.56925201416016
eri,1999,64.27874755859375
eri,2000,67.48982238769531
eri,2001,67.46772003173828
eri,2002,68.05500793457031
eri,2003,76.1678237915039
eri,2004,86.685546875
eri,2005,98.25879669189452
eri,2006,89.76740264892578
eri,2007,84.77388763427734
eri,2008,74.7641372680664
eri,2009,78.3122329711914
eri,2010,66.9722900390625
eri,2011,67.25724029541016
eri,2012,64.12995910644531
eri,2013,62.76089859008789
eri,2014,66.45263285905388
eri,2015,66.72486877441406
eri,2017,73.57527923583984
eri,2018,73.53404998779297
eri,2019,69.8697809953103
eri,2022,66.71626281738281
esp,1981,98.0272216796875
esp,1982,97.80303192138672
esp,1983,98.62896728515624
esp,1984,103.168342590332
esp,1985,103.1274337768555
esp,1986,103.2752914428711
esp,1987,100.8976287841797
esp,1988,108.5170669555664
esp,1989,108.8319625854492
esp,1990,105.9748001098633
esp,1993,103.8624801635742
esp,1994,105.3877410888672
esp,2004,100.6039276123047
esp,2006,100.0154418945313
esp,2007,99.97979736328124
esp,2008,99.30303955078124
esp,2009,98.47551727294922
esp,2010,99.30992889404295
esp,2011,96.31012725830078
esp,2012,96.57859802246094
esp,2013,96.63710784912108
esp,2014,96.58975219726564
esp,2015,96.37287139892578
esp,2016,94.66838836669922
esp,2017,96.98451232910156
esp,2018,95.98729705810548
esp,2019,97.04016876220705
esp,2020,96.31194305419922
esp,2021,99.39369964599608
esp,2022,98.1789779663086
esp,2023,99.77455139160156
est,1995,77.76563262939453
est,1996,86.23628234863281
est,1998,89.61724090576172
est,1999,92.70636749267578
est,2000,96.04483795166016
est,2001,101.6274871826172
est,2002,100.2935791015625
est,2003,106.4264602661133
est,2004,107.9124603271484
est,2005,104.6914978027344
est,2006,104.6040267944336
est,2007,106.5922622680664
est,2008,102.415901184082
est,2009,100.4006195068359
est,2010,101.4377975463867
est,2011,99.34890747070312
est,2012,101.2591094970703
est,2013,95.88642120361328
est,2014,97.72039031982422
est,2015,97.72296142578124
est,2016,97.70606231689452
est,2017,96.7496337890625
est,2018,96.39888763427734
est,2019,97.38710784912108
est,2020,95.66828918457033
est,2021,98.25401306152344
est,2022,98.77940368652344
est,2023,96.33885955810548
eth,1982,22.91703987121582
eth,1987,31.03208923339844
eth,1988,30.00369071960449
eth,1989,27.69611930847168
eth,1994,16.5036792755127
eth,1995,17.75019073486328
eth,1996,20.02671051025391
eth,1999,25.67786026000977
eth,2000,27.9631404876709
eth,2001,34.37292861938477
eth,2002,38.40550994873047
eth,2003,41.31389999389648
eth,2004,42.87720108032227
eth,2005,46.79745864868164
eth,2006,48.52085876464844
eth,2007,48.72113037109375
eth,2008,50.01580047607422
eth,2009,50.25556945800781
eth,2010,57.74016952514648
eth,2011,53.51453093564912
eth,2012,49.62704398432935
eth,2013,53.22082734682289
eth,2014,51.34042162088949
eth,2015,52.28617817668019
eth,2016,59.57475327505002
eth,2017,61.05130723136243
eth,2019,64.4955400192864
eth,2020,64.5312661348189
eth,2021,64.8834860423418
eth,2022,62.14171694132593
eth,2023,55.54693809069621
fin,1987,99.69573211669922
fin,1988,99.24038696289064
fin,1989,99.44737243652344
fin,1990,99.76133728027344
fin,1991,99.57015228271484
fin,1992,99.8835220336914
fin,1993,98.7221221923828
fin,1994,99.63120269775392
fin,1995,99.33025360107422
fin,1996,98.24788665771484
fin,1998,99.83750152587892
fin,1999,99.60603332519533
fin,2000,99.37937927246094
fin,2001,99.09471893310548
fin,2002,99.07524871826172
fin,2003,98.7895736694336
fin,2004,99.38488006591795
fin,2005,99.68900299072266
fin,2006,99.58863830566406
fin,2007,98.9324188232422
fin,2008,100.0952224731445
fin,2009,99.14630126953124
fin,2010,99.07122802734376
fin,2011,99.69927978515624
fin,2012,98.94937133789064
fin,2013,99.6066665649414
fin,2014,99.38950347900392
fin,2015,99.41670989990234
fin,2016,99.6816635131836
fin,2017,99.05811309814452
fin,2018,99.80692291259766
fin,2019,99.5010223388672
fin,2020,99.44525146484376
fin,2021,99.13780212402344
fin,2022,98.62493133544922
fin,2023,98.97496795654295
fji,1980,97.55111694335938
fji,1981,95.69226837158205
fji,1983,96.5939483642578
fji,1984,96.11663055419922
fji,1985,100.1033935546875
fji,1986,102.7574005126953
fji,1992,100.9917526245117
fji,1994,99.60489654541016
fji,1995,96.72789001464844
fji,1996,95.58350372314452
fji,1997,100.9675369262695
fji,1998,98.0085906982422
fji,1999,95.6694564819336
fji,2000,92.95140075683594
fji,2001,91.68939971923828
fji,2002,94.00502014160156
fji,2004,98.88067626953124
fji,2006,99.4086685180664
fji,2008,92.63516235351564
fji,2009,93.48658752441406
fji,2011,96.35553741455078
fji,2012,97.78191375732422
fji,2013,98.25804203925212
fji,2014,98.21387416455406
fji,2015,102.9898834228516
fji,2016,101.1148143891507
fji,2017,104.1518522766372
fji,2018,103.4345047923323
fji,2019,109.1324234008789
fji,2020,107.4517593383789
fji,2021,120.5471410120934
fji,2022,121.360608943863
fji,2023,119.6242670814886
fra,1971,91.08531188964844
fra,1972,89.65802001953125
fsm,2013,85.7566765578635
fsm,2014,96.53465346534654
fsm,2015,95.40607054963084
fsm,2016,90.7241668701172
fsm,2017,81.56831042845593
fsm,2018,91.3304721030043
fsm,2019,89.89139515455304
fsm,2020,76.84729064039408
fsm,2021,86.18210862619809
fsm,2022,80.11006289308176
fsm,2023,88.3572567783094
fsm,2024,75.34246575342466
gab,1972,64.94197082519531
gab,1973,63.98503112792969
gab,1975,83.7114028930664
gab,1976,92.02158355712892
gab,1977,83.70879364013672
gab,1978,86.32444763183594
gab,1979,84.38704681396484
gab,1980,85.07888793945312
gab,1981,90.71051025390624
gab,1982,90.7527084350586
gab,1983,88.02130126953125
gab,1984,76.1052474975586
gab,1987,66.9636001586914
gab,1988,65.41152954101562
gab,1989,62.00300979614258
gab,1992,52.69149017333984
gab,1995,61.56196975708008
gab,1996,61.23493957519531
gab,1997,64.56088256835938
gab,2002,68.43811798095703
gab,2003,66.79850769042969
gab,2019,70.83517277360838
gab,2021,81.43778801843318
gbr,2015,98.8441925048828
gbr,2016,98.47796630859376
gbr,2017,98.35594177246094
gbr,2018,98.53878784179688
gbr,2019,100.1965103149414
gbr,2020,99.47863006591795
gbr,2021,99.59755706787108
gbr,2022,100.5512008666992
geo,2000,104.6864471435547
geo,2001,112.2785415649414
geo,2002,120.0830307006836
geo,2003,118.7477416992188
geo,2004,121.7841567993164
geo,2005,114.226188659668
geo,2008,118.728271484375
geo,2009,119.5458984375
geo,2010,117.5719833374023
geo,2012,110.5472717285156
geo,2013,112.8300170898438
geo,2014,111.7350234985352
geo,2015,110.1546173095703
geo,2016,124.5842895507813
geo,2017,124.2354278564453
geo,2018,104.8993988037109
geo,2019,100.0210571289063
geo,2020,97.70810699462892
geo,2021,89.98809051513672
geo,2022,112.2945785522461
geo,2023,107.8408508300781
gha,1971,68.94625091552734
gha,1972,62.78237152099609
gha,1974,51.59138870239258
gha,1975,54.17387008666992
gha,1976,57.71456909179688
gha,1977,60.24517059326172
gha,1978,62.39128112792969
gha,1979,62.30440902709961
gha,1980,62.35363006591797
gha,1981,65.72595977783203
gha,1991,64.86653137207031
gha,1992,71.70262145996094
gha,1999,67.39804077148438
gha,2000,70.78775787353516
gha,2001,66.79763793945312
gha,2002,67.96810913085938
gha,2003,65.05870056152344
gha,2004,70.3575210571289
gha,2005,74.39421081542969
gha,2006,71.12593841552734
gha,2007,78.14602661132812
gha,2008,84.83336639404297
gha,2009,87.55451965332031
gha,2011,91.57836151123048
gha,2012,82.5931396484375
gha,2013,93.19686126708984
gha,2014,91.41999816894533
gha,2015,95.59580230712892
gha,2017,90.48558807373048
gha,2018,89.11209106445312
gha,2022,93.7110595703125
gib,2016,102.2831115722656
gib,2017,109.1836700439453
gib,2019,102.8037414550781
gib,2020,96.03524017333984
gib,2021,116.0869598388672
gib,2022,93.77593231201172
gib,2023,104.9382705688477
gin,1984,26.0180492401123
gin,1985,20.77397918701172
gin,1986,19.89359092712402
gin,1987,19.6474609375
gin,1988,16.13419914245605
gin,1989,18.02585029602051
gin,1990,27.7101993560791
gin,1991,23.65830993652344
gin,1992,23.44696998596191
gin,1993,27.18058967590332
gin,1994,28.69045066833496
gin,1995,29.43530082702637
gin,1998,36.50008010864258
gin,1999,41.27053070068359
gin,2000,43.56317138671875
gin,2001,44.82217025756836
gin,2002,48.72491836547852
gin,2003,46.34428024291992
gin,2004,56.44641876220703
gin,2005,62.49581909179688
gin,2006,65.95059204101562
gin,2007,64.9676513671875
gin,2008,57.32083892822266
gin,2009,63.86296844482422
gin,2010,65.6075668334961
gin,2011,66.00614914927168
gin,2012,66.2902603149414
gin,2013,67.2880630493164
gin,2014,69.54734802246094
gin,2015,71.12707862861836
gin,2016,70.2771987915039
gin,2017,62.01650974152996
gin,2018,63.30546208920484
gin,2019,63.08083551429559
gin,2020,66.8504867553711
gin,2021,69.01463769220398
glp,1971,73.16957092285156
gmb,1971,25.72378921508789
gmb,1972,28.42004013061523
gmb,1973,27.70542907714844
gmb,1974,26.94844055175781
gmb,1975,27.76733016967773
gmb,1976,27.80809020996094
gmb,1977,22.34042930603027
gmb,1978,27.85553932189941
gmb,1979,29.78204917907715
gmb,1980,33.64791870117188
gmb,1981,33.65785980224609
gmb,1982,39.34146118164063
gmb,1983,44.26979064941406
gmb,1984,50.64348983764648
gmb,1985,51.29281997680664
gmb,1986,52.46799087524414
gmb,1987,57.1994514465332
gmb,1989,49.51633834838867
gmb,1992,46.06827163696289
gmb,1993,41.99114990234375
gmb,1994,41.68632888793945
gmb,1995,42.28726959228516
gmb,1996,47.4793701171875
gmb,1997,46.83444976806641
gmb,1999,65.23056030273438
gmb,2000,63.77947998046875
gmb,2001,63.49760055541992
gmb,2002,61.17422866821289
gmb,2003,61.59577178955078
gmb,2004,59.77508163452148
gmb,2005,56.09228897094727
gmb,2006,54.27907943725586
gmb,2007,58.90526962280273
gmb,2008,62.24069976806641
gmb,2010,60.32181930541992
gmb,2011,57.41188597708441
gmb,2012,60.05227024496801
gmb,2013,60.92994226868467
gmb,2014,60.5414551607445
gmb,2015,60.48782285103718
gmb,2016,62.07689543657923
gmb,2017,63.85776911836337
gmb,2018,65.38889076026544
gmb,2019,68.04033460865054
gmb,2020,69.99493799038218
gmb,2021,73.31994438436583
gmb,2022,73.44712564233554
gmb,2023,72.92000349456885
gmb,2024,73.88261851015801
gnb,1979,20.54364967346191
gnb,1980,16.25464057922363
gnb,1981,21.6105899810791
gnb,1982,23.16102027893066
gnb,1983,17.88398933410645
gnb,1984,15.79611015319824
gnb,1987,11.94941997528076
gnb,1988,7.932390213012695
gnb,2000,35.96683120727539
gnb,2010,69.39517211914062
gnq,1994,39.39493179321289
gnq,2000,40.66730117797852
gnq,2003,30.89155960083008
gnq,2005,32.8536491394043
gnq,2008,31.79698944091797
gnq,2009,33.18283843994141
gnq,2010,34.05881881713867
gnq,2011,33.09888076782227
gnq,2012,34.64509963989258
gnq,2015,31.2943000793457
grc,1971,103.5009384155273
grc,1972,99.66246032714844
grc,1973,101.1288986206055
grc,1974,98.40886688232422
grc,1975,101.524543762207
grc,1976,100.5757522583008
grc,1977,97.62050628662108
grc,1978,100.2565383911133
grc,1979,98.38025665283205
grc,1980,99.839599609375
grc,1981,98.29280090332033
grc,1982,97.47930908203124
grc,1983,97.65583038330078
grc,1984,97.62036895751952
grc,1985,100.5831832885742
grc,1986,102.1845397949219
grc,1987,94.38883209228516
grc,1988,96.51949310302734
grc,1989,97.91143798828124
grc,1992,93.13052368164064
grc,2004,96.19029998779295
grc,2005,100.7662963867188
grc,2006,101.0147705078125
grc,2007,101.4759368896484
grc,2010,98.99369049072266
grc,2011,96.33365631103516
grc,2012,98.51396942138672
grc,2013,96.48818206787108
grc,2014,95.20069122314452
grc,2015,98.25672912597656
grc,2016,99.70169830322266
grc,2017,99.13710784912108
grc,2018,98.11717987060548
grc,2019,98.76699066162108
grc,2020,99.06089019775392
grc,2021,96.8777084350586
grc,2022,99.4436492919922
grd,1978,83.1976318359375
grd,1979,83.89312744140625
grd,1983,92.97125244140624
grd,1984,84.24436950683594
grd,1999,100.4504470825195
grd,2002,94.72476959228516
grd,2003,100.8006362915039
grd,2005,103.9893569946289
grd,2007,101.631477355957
grd,2008,121.3017807006836
grd,2009,136.5191040039063
grd,2010,126.2781219482422
grd,2013,111.9221420288086
grd,2018,118.4807256235828
grd,2021,99.11111111111111
grd,2022,95.32293986636972
grd,2023,98.65921787709496
gtm,1976,32.91355895996094
gtm,1977,32.8242301940918
gtm,1978,34.39429092407227
gtm,1996,51.46633148193359
gtm,1999,55.31853103637695
gtm,2000,58.72304153442383
gtm,2001,60.45452880859375
gtm,2002,63.84952163696289
gtm,2004,70.87464141845703
gtm,2005,74.78121185302734
gtm,2006,76.91561126708984
gtm,2007,76.79313659667969
gtm,2008,79.6013412475586
gtm,2009,85.32125091552734
gtm,2010,86.03903198242188
gtm,2011,88.0440673828125
gtm,2012,87.21053314208984
gtm,2013,87.49817657470703
gtm,2014,88.1593017578125
gtm,2015,86.85604858398438
gtm,2016,82.20858001708984
gtm,2017,82.70207214355469
gtm,2018,82.30397033691406
gtm,2019,80.65921020507812
gtm,2020,81.04459381103516
gtm,2021,88.98696899414062
gtm,2022,86.32267761230469
gtm,2023,84.8488998413086
guf,1994,47.89044952392578
guy,1971,98.17401123046876
guy,1972,91.3645477294922
guy,1973,90.79695892333984
guy,1974,89.7506103515625
guy,1976,83.81839752197266
guy,1977,93.53092193603516
guy,1978,89.49114227294922
guy,1979,96.0177764892578
guy,1980,87.49529266357422
guy,1982,90.00283813476562
guy,1987,87.42204284667969
guy,1992,91.85939025878906
guy,1993,90.33313751220705
guy,1995,83.13641357421875
guy,1996,83.56163787841797
guy,1997,86.5451889038086
guy,1999,98.32591247558594
guy,2000,97.18563079833984
guy,2001,90.12950897216795
guy,2003,76.85590362548828
guy,2005,96.69821166992188
guy,2006,99.0534896850586
guy,2007,94.97081756591795
guy,2008,97.30019378662108
guy,2009,100.2282867431641
guy,2010,96.13921356201172
guy,2011,103.570182800293
guy,2012,105.3864974975586
hkg,1980,104.0584411621094
hkg,1981,102.9088973999023
hkg,1982,99.3535385131836
hkg,1983,99.00914764404295
hkg,1984,100.1694488525391
hkg,1985,100.4179229736328
hkg,2003,104.8444976806641
hkg,2004,100.6128997802734
hkg,2005,102.2428588867188
hkg,2006,100.8194808959961
hkg,2007,97.15081024169922
hkg,2008,96.40930938720705
hkg,2009,96.46272277832033
hkg,2010,102.5765762329102
hkg,2011,103.6440124511719
hkg,2012,102.4331207275391
hkg,2013,110.4868927001953
hkg,2014,101.3127288818359
hkg,2015,97.33090972900392
hkg,2016,98.07836151123048
hkg,2017,111.9508209228516
hkg,2018,93.31714630126952
hkg,2019,97.64127349853516
hkg,2020,105.0265808105469
hkg,2021,119.5581436157227
hkg,2022,100.9189224243164
hnd,1980,42.90436935424805
hnd,1982,47.84621047973633
hnd,1984,51.41662979125977
hnd,1991,64.5960922241211
hnd,1992,60.99113845825195
hnd,1993,62.50461959838867
hnd,1994,64.19468688964844
hnd,1995,67.18421173095703
hnd,1996,64.21544647216797
hnd,1997,65.15196990966797
hnd,1998,71.919921875
hnd,2003,74.25367736816406
hnd,2005,73.52494812011719
hnd,2006,78.92423248291016
hnd,2008,77.8569564819336
hnd,2009,80.4319076538086
hnd,2010,83.6569595336914
hnd,2011,84.48886108398438
hnd,2012,81.97949981689453
hnd,2013,76.38430786132812
hnd,2014,73.20967864990234
hnd,2016,77.36224365234375
hnd,2017,78.08016204833984
hnd,2019,74.11129760742188
hnd,2020,73.88152313232422
hnd,2021,69.0303726196289
hnd,2022,66.28829193115234
hnd,2023,71.633056640625
hrv,1995,84.05254364013672
hrv,1996,91.85060119628906
hrv,1997,95.19248199462892
hrv,1998,100.1531219482422
hrv,1999,97.63491058349608
hrv,2001,102.5274276733398
hrv,2002,100.1432876586914
hrv,2003,102.1742782592773
hrv,2005,101.5033874511719
hrv,2006,100.9146194458008
hrv,2007,99.34367370605467
hrv,2008,96.9243392944336
hrv,2009,97.31675720214844
hrv,2010,97.61770629882812
hrv,2011,97.5956573486328
hrv,2012,98.38047027587892
hrv,2013,98.01407623291016
hrv,2014,98.1911392211914
hrv,2015,100.4317016601563
hrv,2016,97.11353302001952
hrv,2017,98.54917907714844
hrv,2018,100.2022323608398
hrv,2019,99.14656829833984
hrv,2020,100.2589416503906
hrv,2021,98.20947265625
hrv,2022,100.5360412597656
hti,1979,28.72473907470703
hti,1980,29.7508602142334
hti,1982,30.34506034851074
hti,1983,32.88571166992188
hti,1985,34.91633987426758
hti,1986,37.45092010498047
hti,1987,39.03963088989258
hti,1997,54.75762176513672
hun,1976,97.07713317871094
hun,1977,98.77928161621094
hun,1978,99.80203247070312
hun,1979,95.54341888427734
hun,1980,95.23140716552734
hun,1981,93.9802474975586
hun,1982,95.18222808837892
hun,1983,95.82846832275392
hun,1984,102.620849609375
hun,1985,99.61788940429688
hun,1986,90.84178161621094
hun,1987,92.61888122558594
hun,1988,91.90210723876952
hun,1989,91.70555114746094
hun,1990,91.04515075683594
hun,1997,96.75814056396484
hun,1998,99.1082763671875
hun,1999,98.9758529663086
hun,2000,99.67195892333984
hun,2001,97.85743713378906
hun,2002,98.45198822021484
hun,2003,98.46156311035156
hun,2004,98.96317291259766
hun,2005,97.33809661865234
hun,2006,99.37606811523438
hun,2007,97.84252166748048
hun,2008,101.3976821899414
hun,2009,99.95127868652344
hun,2010,100.8666381835938
hun,2011,98.32456970214844
hun,2012,98.03672790527344
hun,2013,97.79116821289064
hun,2014,99.07407379150392
hun,2015,98.7607421875
hun,2016,96.51261138916016
hun,2017,100.4912872314453
hun,2018,97.39212799072266
hun,2019,92.94434356689452
hun,2020,93.66465759277344
hun,2021,95.13945770263672
hun,2022,97.30628967285156
hun,2023,97.29315185546876
idn,1995,93.20594024658205
idn,1996,92.69155883789064
idn,1997,95.09232330322266
idn,2001,92.36229705810548
idn,2002,94.1681671142578
idn,2003,96.73709869384766
idn,2004,95.63728332519533
idn,2005,95.93858337402344
idn,2006,94.7107391357422
idn,2007,98.60044097900392
idn,2008,97.20556640625
idn,2009,97.15476989746094
idn,2010,105.8512872935564
idn,2011,98.77063357530744
idn,2012,106.5353796007062
idn,2013,104.870209811043
idn,2014,112.6959729886401
idn,2015,112.206215998848
idn,2016,107.670291803675
idn,2017,105.7270419412687
idn,2018,103.625117965132
idn,2019,103.2621689512252
idn,2020,102.8748786012241
idn,2021,104.6214149510252
idn,2022,103.463262118245
idn,2023,101.0540803625248
ind,1971,50.92346954345703
ind,1974,53.33126831054688
ind,1987,75.33908081054688
ind,1988,76.31231689453125
ind,1995,82.61942291259766
ind,2002,85.58316040039062
ind,2003,86.23146057128906
ind,2008,98.26454925537108
ind,2009,98.80085754394533
ind,2011,95.77971952955862
ind,2013,95.80702509917192
ind,2014,97.76998322060471
ind,2015,98.58769727713003
ind,2016,98.19937649705228
ind,2017,97.66113297539842
ind,2019,95.4084014892578
ind,2020,97.23782348632812
ind,2021,98.57362143264034
ind,2023,93.342321629061
ind,2024,93.83892763013463
irl,1992,97.71643829345705
irl,1993,101.1483993530273
irl,1994,102.3310394287109
irl,1995,103.5015716552734
irl,1998,95.85626220703124
irl,1999,95.27464294433594
irl,2000,96.82013702392578
irl,2001,94.46002960205078
irl,2002,94.91026306152344
irl,2003,94.44032287597656
irl,2004,94.31314086914064
irl,2005,94.39800262451172
irl,2013,96.20156097412108
irl,2014,99.11994171142578
irl,2015,98.12384796142578
irl,2016,98.98605346679688
irl,2017,97.22675323486328
irl,2018,97.44635772705078
irl,2019,98.938720703125
irl,2020,98.11637878417967
irl,2021,97.52574920654295
irl,2022,95.00264739990234
irn,1971,59.68473815917969
irn,1987,91.26422119140624
irn,1988,90.0794677734375
irn,1989,89.45838165283203
irn,1990,90.3174285888672
irn,1991,94.0051727294922
irn,1992,96.90630340576172
irn,1993,98.41542816162108
irn,1994,95.62329864501952
irn,1995,98.410400390625
irn,1997,96.25267028808594
irn,2000,91.8158721923828
irn,2001,93.70890808105467
irn,2002,93.88414764404295
irn,2003,94.37506103515624
irn,2004,100.9166107177734
irn,2005,104.3635711669922
irn,2006,100.3050231933594
irn,2007,93.36441802978516
irn,2008,94.27520751953124
irn,2009,96.26011657714844
irn,2010,96.35749053955078
irn,2011,95.66134643554688
irn,2012,93.88957214355467
irn,2015,95.86093139648438
irn,2016,96.00083923339844
irn,2017,94.5640106201172
irn,2019,98.79456329345705
irn,2020,96.27181243896484
irq,1971,65.72190856933594
irq,1972,64.87391662597656
irq,1973,64.76602935791016
irq,1974,55.61302185058594
irq,1975,67.18431854248047
irq,1976,68.75563049316406
irq,1977,88.28816986083984
irq,1978,89.116943359375
irq,1980,95.52646636962892
irq,1983,64.43480682373047
irq,1985,70.13725280761719
irq,1986,69.88600158691406
irq,1987,61.88700866699219
irq,1988,63.35393905639648
irq,1989,64.81143951416016
irq,1993,66.86593627929688
irq,1999,62.08068084716797
irq,2000,59.84169006347656
irq,2004,82.4502182006836
irq,2007,73.11248779296875
isl,1998,98.78307342529295
isl,1999,100.2562789916992
isl,2000,99.86300659179688
isl,2001,100.1255798339844
isl,2002,99.73673248291016
isl,2003,99.95893096923828
isl,2004,98.74729919433594
isl,2005,100.2921524047852
isl,2006,98.97915649414064
isl,2007,99.22614288330078
isl,2008,98.68016052246094
isl,2009,99.09365844726564
isl,2010,98.97503662109376
isl,2011,99.4114990234375
isl,2012,98.69564819335938
isl,2013,99.41441345214844
isl,2014,99.11669158935548
isl,2015,98.93411254882812
isl,2016,99.24883270263672
isl,2017,98.97869110107422
isl,2018,99.77944183349608
isl,2019,99.15218353271484
isl,2020,98.62328338623048
isl,2021,98.57142639160156
isl,2022,98.67575073242188
isr,2002,96.2887725830078
isr,2003,96.42790985107422
isr,2004,97.74584197998048
isr,2005,94.2358627319336
isr,2006,94.32891082763672
isr,2007,94.60324096679688
isr,2008,92.79425811767578
isr,2009,98.12875366210938
isr,2010,95.62699127197266
isr,2011,95.53360748291016
isr,2012,97.59259033203124
isr,2013,95.40373229980467
isr,2014,95.29200744628906
isr,2015,98.05419921875
isr,2016,94.8722686767578
isr,2017,98.1573486328125
isr,2018,94.83632659912108
isr,2019,94.4468231201172
isr,2020,97.7418212890625
isr,2021,94.22760009765624
isr,2022,94.64649963378906
ita,1971,93.68556213378906
ita,1972,99.54644775390624
ita,1973,100.4429473876953
ita,1974,100.5688323974609
ita,1975,104.4957885742188
ita,1976,102.9440689086914
ita,1977,103.1443481445313
ita,1978,102.4122772216797
ita,1979,102.3182525634766
ita,1980,103.2844314575195
ita,1981,101.2657089233398
ita,1982,99.9477767944336
ita,1983,100.0688400268555
ita,1984,99.34970855712892
ita,1985,100.9369125366211
ita,1986,99.80882263183594
ita,1987,100.3222732543945
ita,1988,100.198486328125
ita,1989,101.4278564453125
ita,1990,103.2487487792969
ita,1991,100.5822525024414
ita,1992,99.78070831298828
ita,1994,102.1184768676758
ita,1995,104.7131805419922
ita,1996,106.9317398071289
ita,1997,103.1720199584961
ita,1999,99.2138214111328
ita,2000,101.560432434082
ita,2001,101.990837097168
ita,2002,100.1624526977539
ita,2003,101.0092926025391
ita,2004,102.8767700195313
ita,2005,102.76708984375
ita,2006,102.5443801879883
ita,2007,103.3690490722656
ita,2008,105.4807891845703
ita,2009,102.1087493896484
ita,2010,101.7187194824219
ita,2011,101.2123031616211
ita,2012,99.19568634033205
ita,2013,99.50421142578124
ita,2014,99.39251708984376
ita,2015,98.94245910644533
ita,2016,98.6330108642578
ita,2017,99.52987670898438
ita,2018,98.99519348144533
ita,2019,98.74835968017578
ita,2020,98.83734893798828
ita,2021,97.74266815185548
ita,2022,97.35299682617188
ita,2023,97.35296630859376
jam,1976,79.42488098144531
jam,1977,80.5470199584961
jam,1979,85.47820281982422
jam,1980,84.94951629638672
jam,1981,85.055419921875
jam,1984,88.15608978271484
jam,1987,86.78170776367188
jam,1988,87.08724975585938
jam,1989,88.6962890625
jam,1990,88.95188903808594
jam,1991,85.646728515625
jam,1993,84.17884063720703
jam,2000,80.98294830322266
jam,2001,75.8318099975586
jam,2002,80.69891357421875
jam,2004,79.15203094482422
jam,2007,82.48401641845703
jam,2009,80.8084716796875
jam,2010,88.99440002441406
jam,2011,87.54534149169922
jam,2012,97.74317169189452
jam,2013,95.09256744384766
jam,2014,90.52963256835938
jam,2015,86.7034683227539
jam,2016,86.95348358154297
jam,2017,87.00824737548828
jam,2018,86.72148895263672
jam,2019,86.188720703125
jam,2020,83.28662109375
jam,2023,80.39958190917969
jor,1972,74.17555236816406
jor,1973,79.56549835205078
jor,1974,91.25965118408205
jor,1975,99.32508850097656
jor,1976,99.00955200195312
jor,1977,101.2126770019531
jor,1978,103.3642196655273
jor,1979,104.0605926513672
jor,1980,104.5823822021484
jor,1981,102.9576110839844
jor,1982,102.1975784301758
jor,1983,97.41023254394533
jor,1984,100.4268188476563
jor,1985,100.3216934204102
jor,1987,87.48902893066406
jor,1988,89.1321792602539
jor,1989,88.55062866210938
jor,1990,89.54913330078125
jor,1991,92.29997253417967
jor,1992,95.10379791259766
jor,1993,95.21066284179688
jor,1994,100.6709823608398
jor,1996,94.22515106201172
jor,1999,89.703369140625
jor,2000,90.05570220947266
jor,2002,85.75186920166016
jor,2003,88.62824249267578
jor,2004,90.3439483642578
jor,2005,93.8769302368164
jor,2006,92.10146331787108
jor,2007,96.48680114746094
jor,2008,94.96463012695312
jor,2011,85.33740234375
jor,2013,89.29036712646484
jor,2014,94.29019927978516
jor,2016,93.75287628173828
jor,2017,94.7467803955078
jor,2018,96.34339141845705
jor,2019,97.20355224609376
jor,2020,98.246337890625
jor,2021,97.72885894775392
jor,2022,96.04805755615234
jor,2023,96.72566223144533
jpn,1971,101.0631103515625
jpn,1972,99.19393920898438
jpn,1973,99.99862670898438
jpn,1974,101.1904373168945
jpn,1975,102.1177215576172
jpn,1976,100.0551681518555
jpn,1977,101.5219573974609
jpn,1978,123.9638595581055
jpn,1979,86.60794067382812
jpn,1980,102.8334121704102
jpn,1981,101.2736968994141
jpn,1982,96.38040161132812
jpn,1983,94.77706909179688
jpn,1984,95.853759765625
jpn,1985,95.37171173095705
jpn,1986,98.50182342529295
jpn,1987,102.9015121459961
jpn,1988,101.8918685913086
jpn,1989,102.3784332275391
jpn,1990,103.0718612670898
jpn,1991,104.3312377929688
jpn,1992,104.4367523193359
jpn,1994,103.5043106079102
jpn,1998,105.735107421875
jpn,1999,104.8649368286133
kaz,1994,96.37222290039064
kaz,1995,94.2723388671875
kaz,2000,95.51326751708984
kaz,2001,98.24770355224608
kaz,2002,98.86238098144533
kaz,2003,100.0274505615234
kaz,2004,105.4718017578125
kaz,2005,105.332160949707
kaz,2006,102.0668182373047
kaz,2007,100.7681427001953
kaz,2008,102.9486694335938
kaz,2009,97.93919372558594
kaz,2010,97.11909590474944
kaz,2011,104.0175650922413
kaz,2012,96.65273317086556
kaz,2013,98.91867465018318
kaz,2014,95.78088426056772
kaz,2015,93.20329414621314
kaz,2016,93.77104919151786
kaz,2017,94.76015878306718
kaz,2018,96.5670935713512
kaz,2019,95.42969320375748
kaz,2020,98.75429485872073
kaz,2021,94.32707355242567
kaz,2022,100.7729768514042
kaz,2023,104.1064661744946
kaz,2024,95.45933114154889
ken,1970,57.96276092529297
ken,1971,59.04558181762695
ken,1972,61.81259918212891
ken,1973,61.86891174316406
ken,1977,69.4871597290039
ken,1978,69.867919921875
ken,1980,86.1008529663086
ken,1981,84.30673217773438
ken,2004,87.86624908447266
ken,2005,89.26952362060547
ken,2014,98.72443439599604
ken,2015,101.3105697631836
ken,2016,102.279410227925
kgz,1999,97.16584014892578
kgz,2000,97.1137466430664
kgz,2001,96.26193237304688
kgz,2002,97.62378692626952
kgz,2003,93.112548828125
kgz,2004,95.3447036743164
kgz,2005,97.0408935546875
kgz,2006,99.81507110595705
kgz,2007,97.82019805908205
kgz,2008,97.47712707519533
kgz,2009,96.55361175537108
kgz,2010,97.37171709264553
kgz,2011,94.67885240126816
kgz,2012,96.83309096784618
kgz,2013,100.2100500888673
kgz,2014,96.35380614745664
kgz,2015,98.42145134863726
kgz,2016,96.86120040979264
kgz,2017,97.69559081678312
kgz,2018,96.47435387040782
kgz,2019,107.8188566705026
kgz,2020,98.12642071526396
kgz,2021,92.1967969384813
kgz,2022,95.89100745530118
kgz,2023,95.91791530944626
kgz,2024,98.27195759026225
khm,1997,22.26886940002441
khm,1998,37.42654037475586
khm,1999,46.63283920288086
khm,2001,55.89059829711914
khm,2002,63.60683059692383
khm,2003,68.96697998046875
khm,2004,80.46334075927734
khm,2005,88.63410186767578
khm,2006,89.47892761230469
khm,2007,89.2106704711914
khm,2008,85.82980346679688
khm,2009,85.93595123291016
khm,2010,87.47712707519531
khm,2011,88.02687022118624
khm,2012,93.7829818725586
khm,2013,95.7676867263366
khm,2014,92.63709458849036
khm,2015,89.55653381347656
khm,2016,85.80874633789062
khm,2017,84.00792694091797
khm,2018,80.9405517578125
khm,2019,81.87162017822266
khm,2020,85.69660186767578
khm,2021,86.67812161919804
khm,2022,85.11210972241726
khm,2023,85.89535878751471
kir,1977,70.52023315429688
kir,1978,73.7259292602539
kir,1979,63.92333984375
kir,1980,74.25286865234375
kir,1981,117.4584274291992
kir,1982,111.7061004638672
kir,1983,118.4313735961914
kir,1984,121.1956481933594
kir,1985,121.0306396484375
kir,1986,119.3006973266602
kir,1987,105.5325012207031
kir,1988,108.1081085205078
kir,1989,115.0326766967773
kir,1990,103.7974700927734
kir,1991,116.3591613769531
kir,1992,112.2886123657227
kir,1993,107.3825531005859
kir,1995,106.2630462646484
kir,1996,118.5598373413086
kir,1997,115.083251953125
kir,1999,107.904411315918
kir,2000,104.2727279663086
kir,2001,117.1122970581055
kir,2002,107.2853393554688
kir,2003,116.4102630615234
kir,2004,114.2123336791992
kir,2005,120.0686111450195
kir,2006,117.6669464111328
kir,2007,138.00830078125
kir,2008,108.2390975952148
kir,2014,97.69033050537108
kir,2016,99.9117387466902
kir,2020,100.3750915527344
kir,2021,104.1394271850586
kir,2022,107.1329574584961
kir,2023,105.8549575805664
kna,1992,135.1410064697266
kna,2000,98.32636260986328
kna,2001,98.75260162353516
kna,2002,108.2627105712891
kna,2003,107.7950973510742
kna,2004,110.189567565918
kna,2005,113.5802536010742
kna,2007,103.7974700927734
kna,2008,98.22335052490234
kna,2009,108.4367218017578
kna,2010,105.6234664916992
kna,2011,105.4054107666016
kna,2012,113.6597900390625
kna,2013,115.2777786254883
kna,2014,110.0
kna,2015,122.256103515625
kna,2016,113.4185333251953
kna,2017,117.948717948718
kna,2018,120.3174603174603
kna,2019,109.9071207430341
kna,2020,116.7192429022082
kna,2021,160.44775390625
kna,2023,133.6633663366337
kor,1971,93.38198852539064
kor,1972,93.69795989990234
kor,1973,102.232307434082
kor,1974,99.23828125
kor,1975,98.25975799560548
kor,1976,107.5385894775391
kor,1977,101.4361877441406
kor,1978,99.86361694335938
kor,1979,103.5514526367188
kor,1980,96.06719970703124
kor,1981,97.0063934326172
kor,1982,95.24725341796876
kor,1983,95.94300842285156
kor,1984,103.0668716430664
kor,1985,103.6981582641602
kor,1986,101.824821472168
kor,1987,105.1050720214844
kor,1988,101.4991683959961
kor,1989,94.95558166503906
kor,1990,98.02262878417967
kor,1991,89.51407623291016
kor,1992,96.50782775878906
kor,1993,96.40805816650392
kor,1994,103.2530517578125
kor,1995,108.0178298950195
kor,1997,100.1758193969727
kor,1998,97.33673095703124
kor,1999,100.1108169555664
kor,2000,99.25045776367188
kor,2001,99.4373779296875
kor,2002,94.08019256591795
kor,2003,99.29170989990234
kor,2004,99.76757049560548
kor,2005,98.93768310546876
kor,2006,99.19190216064452
kor,2007,100.1403427124023
kor,2008,100.2994689941406
kor,2009,101.4122695922852
kor,2010,101.1530838012695
kor,2011,97.64801788330078
kor,2012,102.4742736816406
kor,2013,104.4207916259766
kor,2014,98.82903289794922
kor,2015,100.7789764404297
kor,2016,104.0919570922852
kor,2017,97.97144317626952
kor,2018,97.07656097412108
kor,2019,99.8991928100586
kor,2020,101.2312088012695
kor,2021,98.44925689697266
kor,2022,96.41825103759766
kwt,1971,56.37677001953125
kwt,1972,52.62601852416992
kwt,1973,52.85811996459961
kwt,1974,49.32514953613281
kwt,1975,56.97259902954102
kwt,1976,78.3305892944336
kwt,1977,64.81551361083984
kwt,1978,70.10944366455078
kwt,1979,73.43218994140625
kwt,1980,77.7588119506836
kwt,1981,88.85707092285156
kwt,1982,87.77218627929688
kwt,1983,88.39228820800781
kwt,1984,86.82084655761719
kwt,1985,86.17384338378906
kwt,1986,84.99469757080078
kwt,1987,84.3495864868164
kwt,1992,68.70870208740234
kwt,1994,84.64600372314453
kwt,1995,64.90814208984375
kwt,1996,87.40467834472656
kwt,1997,81.45932006835938
kwt,1999,87.72863006591797
kwt,2000,89.4620132446289
kwt,2001,81.97057342529297
kwt,2002,91.77971649169922
kwt,2003,97.30165863037108
kwt,2004,101.0321502685547
kwt,2005,116.0476913452148
kwt,2007,105.730339050293
kwt,2010,100.5194396972656
kwt,2011,99.22306823730467
kwt,2012,96.18567657470705
kwt,2013,95.94376373291016
lao,1992,44.25611877441406
lao,1993,46.78644180297852
lao,1994,52.95502090454102
lao,1996,61.15113830566406
lao,1997,65.09266662597656
lao,1998,68.5636215209961
lao,1999,74.23995971679688
lao,2000,72.3036117553711
lao,2001,71.49043273925781
lao,2002,71.09651947021484
lao,2003,70.61860656738281
lao,2004,70.83634948730469
lao,2005,73.21446228027344
lao,2006,77.6871337890625
lao,2007,79.70072174072266
lao,2008,81.29109954833984
lao,2009,83.89270782470703
lao,2010,85.78781127929688
lao,2011,91.83770821515137
lao,2012,94.62247355744056
lao,2013,97.47355744056968
lao,2014,101.091629492864
lao,2015,102.3928890815967
lao,2016,101.0288588897957
lao,2017,101.8392711377939
lao,2018,99.4239903429816
lao,2019,93.90955984394228
lao,2020,91.4903355739806
lao,2021,89.28342804886015
lao,2022,88.22173307110202
lao,2023,88.37462001164221
lao,2024,86.87564853127682
lbn,1998,67.5277099609375
lbn,2023,65.96473693847656
lbr,1978,38.32752990722656
lbr,2006,67.84677124023438
lbr,2008,62.73830032348633
lbr,2009,63.49702835083008
lbr,2011,69.27691154134543
lbr,2014,63.37556018208122
lbr,2016,61.69913204796925
lbr,2017,59.93521032823591
lbr,2021,57.57390595903166
lbr,2022,56.70116448116534
lby,1971,51.91526031494141
lby,1972,90.5713119506836
lby,1973,74.57711029052734
lby,1974,87.13294219970703
lby,1975,106.5995025634766
lby,1976,98.97254943847656
lby,1977,95.76450347900392
lby,1978,96.3614501953125
lby,1979,94.14288330078124
lby,1980,87.87512969970703
lby,1981,89.0488510131836
lby,1983,93.82787322998048
lca,1983,100.39794921875
lca,1984,95.42888641357422
lca,1990,117.2732467651367
lca,1991,115.9904479980469
lca,1993,114.3419570922852
lca,2002,103.4052200317383
lca,2003,106.0913696289063
lca,2004,106.5266723632813
lca,2005,102.8768692016602
lca,2006,107.5057678222656
lca,2007,111.0724563598633
lca,2008,95.63397216796876
lca,2009,98.46247863769533
lca,2010,93.83516693115234
lca,2011,94.56954193115234
lca,2012,93.09188079833984
lca,2013,89.71192932128906
lca,2014,97.57142639160156
lca,2016,96.30188751220705
lca,2017,88.94117736816406
lca,2018,92.10526275634766
lca,2019,93.69084930419922
lca,2020,83.59375
lca,2022,91.08061981201172
lca,2023,90.99526214599608
lie,2003,83.12236022949219
lie,2004,114.9171295166016
lie,2005,102.3584899902344
lie,2006,95.16908264160156
lie,2007,103.0042877197266
lie,2008,105.8823471069336
lie,2009,91.96428680419922
lie,2010,116.2921295166016
lie,2011,101.0695190429688
lie,2012,105.3140106201172
lie,2014,100.0
lie,2015,99.44444274902344
lie,2016,97.53694915771484
lie,2017,96.31578826904295
lie,2018,103.6082534790039
lie,2019,93.59606170654295
lie,2020,107.9601974487305
lie,2021,84.32202911376953
lka,1970,66.51289367675781
lka,1983,86.02174377441406
lka,1985,94.6230926513672
lka,1986,93.54921722412108
lka,1987,92.83778381347656
lka,1989,94.68267822265624
lka,1990,93.75911712646484
lka,1991,97.38256072998048
lka,1992,97.05078887939452
lka,1998,99.88555145263672
lka,2001,103.7375564575195
lka,2002,108.7949295043945
lka,2003,100.2333221435547
lka,2005,95.15663909912108
lka,2006,94.08193206787108
lka,2007,92.55735778808594
lka,2008,88.29508209228516
lka,2009,90.04622650146484
lka,2010,96.49456150730444
lka,2011,99.56196240841032
lka,2012,94.99842682488313
lka,2013,97.3435814455232
lka,2014,94.59771246118184
lka,2015,94.86935995875952
lka,2016,96.73098346294032
lka,2017,97.6587308027286
lka,2019,94.38101683075378
lka,2020,93.57273307369024
lka,2021,96.36950854118838
lka,2022,94.25534022252305
lka,2023,93.68053803197031
lso,1972,26.30563926696777
lso,1973,27.62310981750488
lso,1974,33.69543075561523
lso,1975,35.52479934692383
lso,1976,34.33332824707031
lso,1977,30.75488090515137
lso,1978,29.86768913269043
lso,1979,30.1769905090332
lso,1980,29.43489074707031
lso,1981,31.15439987182617
lso,1982,31.68890953063965
lso,1983,33.97573089599609
lso,1984,35.73326110839844
lso,1985,35.99372863769531
lso,1986,35.36756896972656
lso,1987,37.02502059936523
lso,1988,38.80546951293945
lso,1989,39.39323043823242
lso,1990,40.36436080932617
lso,1991,40.44392013549805
lso,1992,43.13650131225586
lso,1993,43.46942138671875
lso,1994,45.85000991821289
lso,1995,50.33266067504883
lso,1996,48.78488159179688
lso,1997,47.85260009765625
lso,1998,48.35660171508789
lso,1999,49.15103912353516
lso,2000,46.50637054443359
lso,2001,49.59415054321289
lso,2002,51.14937973022461
lso,2003,54.75334930419922
lso,2004,57.30318832397461
lso,2005,53.48949813842773
lso,2006,70.74067687988281
lso,2007,70.12834930419922
lso,2008,68.96746063232422
lso,2009,67.91581726074219
lso,2010,70.93821716308594
lso,2011,72.78263092041016
lso,2012,72.27211495285137
lso,2013,72.24517287831162
lso,2014,70.4609959576847
lso,2015,67.68920365642758
lso,2016,70.96324253363964
lso,2019,74.83642425505313
lso,2020,68.03009685423838
lso,2021,73.25549396548335
lso,2022,65.45982360839844
lso,2023,62.07460021972656
ltu,1995,91.44888305664064
ltu,1996,95.96259307861328
ltu,1997,96.56703948974608
ltu,1999,102.3101272583008
ltu,2000,102.006591796875
ltu,2001,103.1550903320313
ltu,2002,102.6911315917969
ltu,2003,102.029899597168
ltu,2004,103.9420928955078
ltu,2005,102.4473724365234
ltu,2006,102.0535583496094
ltu,2007,104.541862487793
ltu,2008,98.51912689208984
ltu,2009,100.100212097168
ltu,2010,99.27044677734376
ltu,2011,100.3379898071289
ltu,2012,101.6367263793945
ltu,2013,101.3747482299805
ltu,2014,101.2056121826172
ltu,2015,97.2029037475586
ltu,2016,100.6452102661133
ltu,2017,101.5540084838867
ltu,2018,104.7463836669922
ltu,2019,110.4302825927734
ltu,2020,107.8069000244141
ltu,2021,101.1987991333008
ltu,2022,100.8604965209961
lux,1975,81.21808624267578
lux,1976,79.50994110107422
lux,1977,82.39740753173828
lux,1978,83.53659057617188
lux,1979,79.97811889648438
lux,1983,78.00813293457031
lux,2010,86.24669647216797
lux,2011,82.15074157714844
lux,2012,82.10621643066406
lux,2013,83.0071792602539
lux,2014,79.50350189208984
lux,2015,78.68388366699219
lux,2016,76.71190643310547
lux,2017,74.68656921386719
lux,2018,77.44178771972656
lux,2019,76.52596282958984
lux,2020,75.4002914428711
lux,2021,74.74343872070312
lux,2022,77.66825866699219
lva,1999,96.1596221923828
lva,2000,99.98358154296876
lva,2001,100.7528305053711
lva,2002,99.80756378173828
lva,2003,102.2565765380859
lva,2004,106.3236999511719
lva,2005,102.4333419799805
lva,2006,102.6643981933594
lva,2007,103.2597427368164
lva,2008,103.2120132446289
lva,2009,102.9496688842773
lva,2010,103.9635467529297
lva,2011,100.5152282714844
lva,2012,98.56923675537108
lva,2013,100.0525817871094
lva,2014,100.7827987670898
lva,2015,99.00746917724608
lva,2016,98.12654113769533
lva,2017,99.59776306152344
lva,2018,97.64386749267578
lva,2019,97.98906707763672
lva,2020,97.73423767089844
lva,2021,98.12033081054688
lva,2022,98.37525939941406
lva,2023,97.26841735839844
mac,1990,107.2921676635742
mac,1992,99.74237823486328
mac,1993,102.8135986328125
mac,1999,96.29280090332033
mac,2000,94.3698501586914
mac,2001,95.59165191650392
mac,2002,99.35897064208984
mac,2003,99.13131713867188
mac,2004,103.4326782226563
mac,2005,92.58055877685548
mac,2006,95.43453979492188
mac,2007,92.36228942871094
mac,2008,91.45559692382812
mac,2009,93.81817626953124
mac,2010,98.83062744140624
mac,2011,96.3923797607422
mac,2012,104.1478805541992
mac,2013,97.04762268066406
mac,2014,95.9499969482422
mac,2015,85.38095092773438
mac,2016,95.65000152587892
mac,2017,98.23809814453124
mac,2018,91.29167175292967
mac,2019,88.9259262084961
mac,2020,89.75862121582031
mac,2021,95.53571319580078
mac,2022,88.96774291992188
mac,2023,87.09091186523438
mar,1973,37.15573120117188
mar,1974,37.36832046508789
mar,1975,39.7465705871582
mar,1977,44.88883972167969
mar,1978,48.63705062866211
mar,1979,51.63898849487305
mar,1980,54.59130859375
mar,1981,55.31679153442383
mar,1982,57.59592056274414
mar,1983,58.67385864257813
mar,1984,59.70021820068359
mar,1985,68.62547302246094
mar,1986,65.8957290649414
mar,1987,64.76167297363281
mar,1988,61.5135612487793
mar,1989,52.88980102539063
mar,1990,59.41542816162109
mar,1991,55.37836074829102
mar,1992,53.41244888305664
mar,1993,53.37553024291992
mar,1994,53.21950149536133
mar,1995,55.83320999145508
mar,1996,57.5821418762207
mar,1997,59.42951965332031
mar,1998,61.98263168334961
mar,1999,62.64004898071289
mar,2000,65.33719635009766
mar,2001,65.45195770263672
mar,2002,66.5792465209961
mar,2003,68.82610321044922
mar,2004,76.15751647949219
mar,2005,81.92626953125
mar,2006,86.44766998291016
mar,2007,86.34819030761719
mar,2008,83.55754852294922
mar,2009,80.5726318359375
mar,2010,83.52787780761719
mar,2011,88.11466217041016
mar,2012,95.40264892578124
mar,2013,92.57000732421876
mar,2014,95.27117156982422
mar,2015,96.17636108398438
mar,2016,94.27189636230467
mar,2017,89.34996032714844
mar,2018,88.76970672607422
mar,2019,91.30699157714844
mar,2020,93.81983947753906
mar,2021,98.32804870605467
mar,2022,97.52886962890624
mar,2023,103.6145782470703
mco,1991,111.538459777832
mco,1992,112.878791809082
mco,2016,138.5714263916016
mco,2024,133.75
mda,2013,93.34651947021484
mda,2014,108.5972290039063
mda,2015,107.7121124267578
mda,2016,106.9904479980469
mda,2017,107.6573791503906
mda,2018,102.4244918823242
mda,2019,105.0664367675781
mda,2020,104.2090530395508
mdg,1971,27.99019050598145
mdg,1972,30.99810028076172
mdg,1973,29.56421089172363
mdg,1975,32.52973175048828
mdg,1988,32.97613143920898
mdg,1989,31.99427032470703
mdg,1990,31.8109302520752
mdg,1991,30.50761985778809
mdg,1992,28.82962989807129
mdg,1993,29.38656044006348
mdg,1994,26.52923011779785
mdg,1995,27.36197090148926
mdg,1996,26.98015975952148
mdg,1998,28.55134963989258
mdg,1999,31.34057998657227
mdg,2000,34.39809036254883
mdg,2001,33.30522918701172
mdg,2002,33.38822174072266
mdg,2003,37.02487945556641
mdg,2004,42.07695007324219
mdg,2005,53.98867034912109
mdg,2006,52.59159851074219
mdg,2007,56.24842834472656
mdg,2008,61.62739944458008
mdg,2009,67.32037353515625
mdg,2010,63.61162375040804
mdg,2011,64.91866542124944
mdg,2012,63.4448507862076
mdg,2013,63.2441575983078
mdg,2014,62.63888630975594
mdg,2015,62.94452584415545
mdg,2016,61.82750446868057
mdg,2017,60.75265373619271
mdg,2018,58.93904051668851
mdg,2019,56.52815424531039
mdg,2020,54.75599535843219
mdg,2021,58.71464859839325
mdg,2022,54.84826152533553
mdg,2023,55.57160425988435
mdg,2024,57.77934954540194
mdv,1997,112.8893890380859
mdv,2005,128.6558990478516
mdv,2006,119.7568435668945
mdv,2008,101.546516418457
mdv,2009,108.1796875
mdv,2010,114.2010080047436
mdv,2011,99.49599762822412
mdv,2012,90.57428214731586
mdv,2013,84.5505617977528
mdv,2014,94.15959252971138
mdv,2015,95.82059123343528
mdv,2016,96.16538846282094
mdv,2017,91.87151753523436
mdv,2018,87.9086004443034
mdv,2019,90.04825090470446
mdv,2022,86.70666974382645
mdv,2023,92.52978918423464
mex,1975,68.55142974853516
mex,1976,69.81417083740234
mex,1977,74.1406021118164
mex,1993,92.01422882080078
mex,1994,93.64743041992188
mex,1995,96.99759674072266
mex,1996,98.4835968017578
mex,1997,98.25527954101564
mex,1999,96.59166717529295
mex,2000,96.87519073486328
mex,2001,97.38506317138672
mex,2002,98.24143981933594
mex,2003,97.7925262451172
mex,2004,98.95459747314452
mex,2005,99.61569213867188
mex,2006,100.397346496582
mex,2007,101.216438293457
mex,2008,100.7208023071289
mex,2009,99.47049713134766
mex,2010,99.63761901855467
mex,2011,100.054069519043
mex,2012,105.931640625
mex,2013,109.7479782104492
mex,2014,111.3197937011719
mex,2015,105.9288711547852
mex,2016,104.7496566772461
mex,2017,104.2658004760742
mex,2018,102.256233215332
mex,2019,102.0931167602539
mex,2020,102.0536499023438
mex,2021,102.5754013061523
mex,2022,102.0204391479492
mhl,1999,107.4218826293945
mhl,2002,115.1057434082031
mhl,2003,110.37890625
mhl,2005,107.1047973632813
mhl,2006,100.3424682617188
mhl,2007,99.01152801513672
mhl,2008,100.4784698486328
mhl,2009,95.09954071044922
mhl,2011,88.67925262451172
mhl,2016,88.46154022216797
mhl,2019,103.0302963256836
mhl,2020,98.39858245849608
mhl,2021,107.2356185913086
mhl,2022,99.62686920166016
mkd,1995,97.59915161132812
mkd,1996,101.9508666992188
mkd,1997,100.9818115234375
mkd,1999,103.3950805664063
mkd,2000,101.6960678100586
mkd,2001,100.3519973754883
mkd,2002,97.1076431274414
mkd,2003,96.4589614868164
mkd,2004,97.0672607421875
mkd,2005,95.8580322265625
mkd,2006,96.38327026367188
mkd,2007,95.23444366455078
mkd,2008,97.74616241455078
mkd,2009,96.04216003417967
mkd,2013,98.08587646484376
mkd,2014,95.41683959960938
mkd,2015,94.59957122802734
mkd,2017,94.72209930419922
mkd,2018,94.32073211669922
mkd,2019,91.27937316894533
mkd,2020,90.40045928955078
mkd,2021,91.45285034179688
mkd,2022,93.24299621582033
mli,1979,17.38030052185059
mli,1981,14.89902019500732
mli,1984,14.11133003234863
mli,1985,13.41606998443604
mli,1987,11.71506023406982
mli,1988,11.16794967651367
mli,2000,34.10504150390625
mli,2001,39.57339859008789
mli,2002,39.54867172241211
mli,2003,43.14237976074219
mli,2004,44.89038848876953
mli,2005,46.73770904541016
mli,2006,52.32009124755859
mli,2007,55.15546035766602
mli,2008,57.38077163696289
mli,2009,58.22019958496094
mli,2010,60.725830078125
mli,2011,60.71419906616211
mli,2012,54.86948013305664
mli,2014,52.76927947998047
mli,2015,50.07387924194336
mli,2016,50.38626098632813
mli,2017,48.25912094116211
mli,2023,49.68066024780273
mlt,1971,105.9388122558594
mlt,1972,113.2634201049805
mlt,1973,111.7364883422852
mlt,1974,118.7520904541016
mlt,1975,106.317626953125
mlt,1976,82.7712631225586
mlt,1977,98.14385223388672
mlt,1978,92.73313903808594
mlt,1979,93.52941131591795
mlt,1980,97.14732360839844
mlt,1981,111.9506607055664
mlt,1982,99.77503204345705
mlt,1983,97.04380035400392
mlt,1984,90.08881378173828
mlt,1985,105.5555572509766
mlt,1986,107.4692993164063
mlt,1987,111.464973449707
mlt,1988,99.56696319580078
mlt,1989,103.4471282958984
mlt,1990,99.9021224975586
mlt,1991,97.52147674560548
mlt,1992,103.1997299194336
mlt,1993,101.0187301635742
mlt,1994,103.2439575195313
mlt,1995,101.5619812011719
mlt,1996,101.0162582397461
mlt,1997,103.4260482788086
mlt,1998,102.8183670043945
mlt,1999,101.2483062744141
mlt,2000,104.9913330078125
mlt,2001,102.4005508422852
mlt,2002,102.3063735961914
mlt,2003,101.9462127685547
mlt,2004,100.9886474609375
mlt,2005,103.0207901000977
mlt,2006,101.2084579467773
mlt,2007,99.0990982055664
mlt,2008,101.2693405151367
mlt,2009,96.4119873046875
mlt,2010,102.9959106445313
mlt,2011,99.90689086914064
mlt,2012,100.7881774902344
mlt,2013,99.32105255126952
mlt,2014,94.8350067138672
mlt,2015,94.61797332763672
mlt,2016,96.94947814941406
mlt,2017,99.48766326904295
mlt,2018,98.64743041992188
mlt,2019,98.5824737548828
mlt,2020,98.55809783935548
mlt,2021,98.40567016601564
mlt,2022,97.4252471923828
mlt,2023,97.15229034423828
mmr,1971,41.13917922973633
mmr,1972,39.12773895263672
mmr,1973,48.25133895874023
mmr,1974,44.69684982299805
mmr,1999,76.10353088378906
mmr,2000,81.37351989746094
mmr,2001,77.83097839355469
mmr,2002,77.66011047363281
mmr,2003,79.17949676513672
mmr,2004,81.65801239013672
mmr,2007,86.01093292236328
mmr,2008,89.8226089477539
mmr,2009,90.1805419921875
mmr,2010,90.1811294555664
mmr,2018,103.9776763916016
mne,2011,75.4265365600586
mne,2012,95.64910888671876
mne,2015,100.1848373413086
mne,2016,97.63329315185548
mne,2017,97.17720794677734
mne,2018,100.4337768554688
mne,2019,99.41204833984376
mne,2020,101.9533996582031
mne,2021,99.1117706298828
mne,2022,111.4364624023438
mne,2023,104.9622421264648
mng,1995,70.8354263305664
mng,1996,74.89318084716797
mng,1997,71.01187896728516
mng,1998,83.7628402709961
mng,1999,84.00662231445312
mng,2000,85.9011001586914
mng,2001,91.99936676025392
mng,2002,99.79886627197266
mng,2003,101.7844467163086
mng,2004,100.4928512573242
mng,2005,96.80190277099608
mng,2015,97.51673124339555
mng,2016,92.62571226552429
mng,2017,90.11132940406024
mng,2018,95.87632496390464
mng,2019,98.49166108613156
mng,2020,93.9184341187613
mng,2021,82.52681764004768
mng,2022,95.39068277052009
mng,2023,92.71526530199137
moz,1973,12.73569011688232
moz,1982,48.41173934936523
moz,1983,37.42076873779297
moz,1984,44.13874816894531
moz,1985,43.93299865722656
moz,1986,56.54423141479492
moz,1987,43.03187942504883
moz,1988,36.91299057006836
moz,1989,36.45386123657227
moz,1990,36.72084045410156
moz,1991,34.94948959350586
moz,1992,31.79862022399902
moz,1993,32.45111846923828
moz,1994,33.00141906738281
moz,1995,31.35272979736328
moz,1999,16.48440933227539
moz,2000,19.20978927612305
moz,2001,22.79759979248047
moz,2002,26.65460968017578
moz,2004,34.52159881591797
moz,2005,48.18716812133789
moz,2006,47.62060165405273
moz,2007,51.85604095458984
moz,2008,65.46214294433594
moz,2009,61.37379837036133
moz,2010,64.52346801757812
moz,2011,60.44493103027344
moz,2012,57.38582992553711
moz,2013,55.02394866943359
moz,2014,54.63188934326172
moz,2015,55.5123291015625
moz,2017,53.83697891235352
moz,2018,59.15042877197266
moz,2019,62.34827041625977
moz,2020,65.0347900390625
moz,2022,76.1567611694336
moz,2023,58.36251299094346
mrt,1976,15.72319030761719
mrt,1977,16.17914009094238
mrt,1978,18.39500045776367
mrt,1979,22.93716049194336
mrt,1981,35.07796096801758
mrt,1985,38.90787887573242
mrt,1986,40.95605087280273
mrt,1987,44.26390075683594
mrt,1988,49.09894943237305
mrt,1989,43.63832855224609
mrt,1990,36.74002075195313
mrt,1991,39.84421920776367
mrt,1992,37.88459014892578
mrt,1993,37.97576141357422
mrt,1994,37.67388916015625
mrt,1995,38.85483169555664
mrt,1996,38.8402099609375
mrt,1997,43.52299880981445
mrt,1998,48.24113082885742
mrt,1999,48.92081832885742
mrt,2001,48.09659957885742
mrt,2002,44.78802871704102
mrt,2005,41.91260147094727
mrt,2006,42.43611145019531
mrt,2007,52.78469848632813
mrt,2009,67.11653137207031
mrt,2012,71.23419952392578
mrt,2013,72.3559799194336
mrt,2014,68.1199722290039
mrt,2015,66.86261749267578
mrt,2017,63.63909912109375
mrt,2018,67.50298309326172
mrt,2019,60.39574813842773
msr,1994,80.95237731933594
msr,1999,60.86957168579102
msr,2000,57.5
msr,2001,81.25
msr,2002,84.6153793334961
msr,2004,48.38710021972656
msr,2007,60.52632141113281
msr,2009,55.26316070556641
msr,2014,96.7741928100586
mtq,1971,79.1772232055664
mus,1983,100.7388916015625
mus,1984,87.99411010742188
mus,1985,98.84073638916016
mus,1986,124.617919921875
mus,1987,96.2094497680664
mus,1988,93.24082946777344
mus,1989,58.67021179199219
mus,1990,98.84526824951172
mus,1991,99.54105377197266
mus,1992,96.78112030029295
mus,1993,94.60550689697266
mus,1994,93.31582641601564
mus,1995,92.93084716796876
mus,1996,90.52146911621094
mus,1997,90.18338775634766
mus,1998,89.71116638183594
mus,1999,95.42028045654295
mus,2000,101.0979614257813
mus,2001,99.98150634765624
mus,2002,97.10262298583984
mus,2003,96.734130859375
mus,2004,95.13995361328124
mus,2005,97.98970794677734
mus,2006,92.07127380371094
mus,2007,96.60899353027344
mus,2008,96.20990753173828
mus,2009,93.16145324707033
mus,2010,99.0576629638672
mus,2011,95.68802642822266
mus,2012,90.63021087646484
mus,2013,95.14959716796876
mus,2014,93.501220703125
mus,2015,94.0173568725586
mus,2016,94.1933364868164
mus,2017,91.3076629638672
mus,2018,94.15838623046876
mus,2019,91.51376342773438
mus,2020,93.22769927978516
mus,2021,93.3999481201172
mus,2023,90.45989990234376
mwi,1974,28.66739082336426
mwi,1975,30.94805908203125
mwi,1976,34.53876876831055
mwi,1977,40.66188049316406
mwi,1978,40.45838165283203
mwi,1979,43.14334106445313
mwi,1980,43.05408096313477
mwi,1981,45.61835098266602
mwi,1982,47.41426086425781
mwi,1983,42.58010864257813
mwi,1984,39.9846305847168
mwi,1985,40.92573165893555
mwi,1986,39.73620986938477
mwi,1987,40.26702880859375
mwi,1988,33.44124984741211
mwi,1989,34.2398796081543
mwi,1990,35.64596176147461
mwi,1991,37.32883834838867
mwi,1992,38.50672912597656
mwi,1993,40.03544998168945
mwi,1994,42.18701171875
mwi,1995,58.10340881347656
mwi,1996,68.3230972290039
mwi,1999,71.0393295288086
mwi,2000,68.85405731201172
mwi,2001,68.86431884765625
mwi,2002,73.62088012695312
mwi,2004,63.35580825805664
mwi,2005,62.9063606262207
mwi,2006,61.97080993652344
mwi,2007,62.64694976806641
mwi,2008,68.16455078125
mwi,2009,67.86222839355469
mwi,2010,65.52415171680879
mwi,2011,69.9840591078161
mwi,2012,74.23789983685172
mwi,2013,80.95515894596332
mwi,2014,77.74274440387948
mwi,2019,72.96476745605469
mwi,2021,81.28211428927709
mys,1974,94.1431884765625
mys,1980,105.3307189941406
mys,1981,100.2340774536133
mys,1982,98.60920715332033
mys,1983,101.7948532104492
mys,1984,99.90492248535156
mys,1985,97.0286865234375
mys,1987,95.77332305908205
mys,1988,95.90252685546876
mys,1989,93.66712951660156
mys,1990,91.0522232055664
mys,1991,91.3327178955078
mys,1993,92.94082641601564
mys,1998,93.53720092773438
mys,1999,93.57045745849608
mys,2000,98.7268295288086
mys,2002,88.52874755859375
mys,2003,88.51676940917969
mys,2004,91.56285858154295
mys,2005,95.83683776855467
mys,2006,93.65927124023438
mys,2007,94.38201141357422
mys,2008,98.1169662475586
mys,2009,100.3930587768555
mys,2010,97.44415283203124
mys,2011,97.5437918554222
mys,2012,101.5085051836731
mys,2013,96.60987441071347
mys,2014,94.66408079375846
mys,2015,91.82458994171073
mys,2016,87.39868893545062
mys,2017,87.45868762480231
mys,2018,89.2859200368706
mys,2019,88.30461696452768
mys,2020,92.30447197234804
mys,2021,88.14722614853414
mys,2022,82.62528856752654
mys,2023,89.86073836140403
nam,1992,72.12284851074219
nam,1994,73.77262115478516
nam,1998,99.273681640625
nam,1999,97.29823303222656
nam,2000,91.04441833496094
nam,2001,94.57501983642578
nam,2002,90.0621109008789
nam,2003,89.80394744873047
nam,2004,76.61052703857422
nam,2005,79.17141723632812
nam,2006,78.32196807861328
nam,2008,77.62602996826172
nam,2009,87.68971252441406
nam,2010,87.8430404663086
nam,2012,90.55988311767578
nam,2013,89.48226165771484
nam,2018,90.79801940917967
ncl,1982,100.9340896606445
ncl,1983,96.90242767333984
ncl,1984,97.30142974853516
ncl,1985,81.4458999633789
ncl,1986,85.49038696289062
ncl,1987,80.97908782958984
ncl,1988,84.90956115722656
ncl,1989,83.44718933105469
ncl,1990,89.31140899658203
ner,1971,6.941649913787842
ner,1972,8.234740257263184
ner,1973,8.270039558410645
ner,1974,8.053589820861816
ner,1975,8.679140090942383
ner,1976,9.644479751586914
ner,1977,10.34655952453613
ner,1978,12.62108993530273
ner,1979,11.41621017456055
ner,1980,16.6096305847168
ner,1981,18.7178897857666
ner,1982,22.50275039672852
ner,1983,23.89097023010254
ner,1984,25.75568962097168
ner,1985,24.83132934570313
ner,1986,27.38212013244629
ner,1987,27.84445953369141
ner,1989,17.95605087280273
ner,1990,20.99361038208008
ner,1991,21.7230396270752
ner,1992,22.59726905822754
ner,1993,18.86794090270996
ner,1995,16.89318084716797
ner,1996,14.0631799697876
ner,1997,21.6965503692627
ner,1998,22.51576995849609
ner,1999,23.42148971557617
ner,2000,21.74723052978516
ner,2001,23.52802085876465
ner,2002,25.07691955566406
ner,2003,23.56745910644531
ner,2004,31.39096069335938
ner,2005,34.98500061035156
ner,2006,38.25376892089844
ner,2007,46.02130126953125
ner,2008,42.907958984375
ner,2009,45.32707977294922
ner,2010,44.29869842529297
ner,2011,49.80532836914063
ner,2012,52.54373931884766
ner,2013,51.8018684387207
ner,2014,62.88119125366211
ner,2015,77.61471807411407
ner,2016,76.75122833251953
ner,2017,70.5309069815867
ner,2019,66.43618774414062
ner,2020,56.48443148765051
ner,2021,61.13092041015625
ner,2022,52.80062866210938
ner,2023,46.74732971191406
nga,2000,88.97210693359375
nga,2004,84.084716796875
nga,2005,86.61524963378906
nga,2006,96.3813018798828
nga,2007,84.77388000488281
nga,2008,71.00514221191406
nga,2009,74.80821990966797
nga,2010,74.65669250488281
nic,1970,26.27461051940918
nic,1971,29.4389705657959
nic,1972,29.16295051574707
nic,1973,30.91468048095703
nic,1977,31.77536010742188
nic,1978,31.50996017456055
nic,1979,27.66592979431152
nic,1980,30.08993911743164
nic,1982,27.356689453125
nic,1983,27.51424026489258
nic,1984,25.47970008850098
nic,1985,26.66787910461426
nic,1986,32.8001708984375
nic,1987,40.44931030273438
nic,1988,40.38362121582031
nic,1993,44.20296859741211
nic,1994,50.12142181396484
nic,1995,46.24272918701172
nic,1999,64.67935180664062
nic,2000,62.45969009399414
nic,2001,62.62685012817383
nic,2002,71.0858383178711
nic,2003,71.46546173095703
nic,2004,72.68913269042969
nic,2005,76.90409851074219
nic,2006,76.84999084472656
nic,2007,76.82945251464844
nic,2008,75.0357894897461
nic,2010,80.42549896240234
nic,2022,80.53141784667969
niu,1998,125.0
niu,1999,116.6666717529297
niu,2001,104.5454483032227
niu,2004,80.0
niu,2014,76.92308044433594
niu,2015,115.3846206665039
niu,2016,121.4285736083984
niu,2021,106.25
nld,1971,94.39118957519533
nld,1972,95.09658050537108
nld,1973,92.81585693359376
nld,1974,93.53874206542967
nld,1975,92.94400787353516
nld,1976,91.98133087158205
nld,1977,93.50975036621094
nld,1978,93.83193206787108
nld,1979,93.36096954345705
nld,1980,93.08596801757812
nld,1981,90.57122802734376
nld,1982,92.7789306640625
nld,1983,93.5214385986328
nld,1984,95.14183044433594
nld,1985,95.83843231201172
nor,1971,95.13202667236328
nor,1973,99.45742797851564
nor,1974,98.77351379394533
nor,1975,100.17578125
nor,1976,98.63697814941406
nor,1977,98.55435943603516
nor,1978,99.85774993896484
nor,1979,99.61380004882812
nor,1980,99.76085662841795
nor,1981,99.50279235839844
nor,1982,99.4938507080078
nor,1984,99.51776885986328
nor,1985,99.36221313476564
nor,1986,99.92450714111328
nor,1987,99.73187255859376
nor,1988,99.66561889648438
nor,1989,99.36035919189452
nor,1990,99.35822296142578
nor,1991,99.03085327148438
nor,1992,99.42046356201172
nor,1993,98.42507934570312
nor,1998,99.76705169677734
nor,1999,99.32041168212892
nor,2000,98.97998809814452
nor,2001,98.97770690917967
nor,2002,99.4066162109375
nor,2003,98.59555816650392
nor,2004,99.14187622070312
nor,2005,99.39476013183594
nor,2006,99.13741302490234
nor,2007,99.29653930664064
nor,2008,99.65865325927734
nor,2009,100.4459075927734
nor,2010,99.83686065673828
nor,2011,99.82942962646484
nor,2012,98.97431182861328
nor,2013,99.96589660644533
nor,2014,99.49925994873048
nor,2015,99.93441772460938
nor,2016,99.20751190185548
nor,2017,99.57125854492188
nor,2018,99.51470184326172
nor,2019,99.38156127929688
nor,2020,99.02385711669922
nor,2021,99.16265106201172
nor,2022,99.35310363769533
nor,2023,99.08625793457033
npl,1992,70.75634002685547
npl,1999,70.74098205566406
npl,2000,73.51270294189453
npl,2001,70.77887725830078
npl,2002,75.37677764892578
npl,2003,74.2717514038086
npl,2004,74.6837387084961
npl,2005,77.26612091064453
npl,2006,79.18585205078125
npl,2008,81.29386901855469
npl,2012,102.5938568115234
npl,2013,102.8781967163086
npl,2014,104.7193222045898
npl,2015,107.2595672607422
npl,2016,112.7979736328125
npl,2017,115.5352783203125
npl,2019,112.823486328125
npl,2021,103.6481421778029
npl,2022,105.4190468868556
npl,2023,116.3686359245684
npl,2024,111.8954896268498
nru,2001,88.7218017578125
nru,2007,91.0569076538086
nru,2012,89.7196273803711
nru,2014,128.3018951416016
nru,2016,116.8067169189453
nru,2019,101.3513488769531
nru,2020,89.33332824707031
nru,2023,113.3333282470703
nzl,1970,102.3683929443359
nzl,1971,101.5929870605469
nzl,1972,102.62890625
nzl,1973,102.477897644043
nzl,1974,102.0959396362305
nzl,1975,101.7816696166992
nzl,1976,100.951530456543
nzl,1977,100.5024795532227
nzl,1978,100.0576629638672
nzl,1979,101.3511810302734
omn,1974,2.521100044250488
omn,1975,8.290419578552246
omn,1976,13.30504989624023
omn,1978,30.34958076477051
omn,1979,37.20634841918945
omn,1983,51.3336181640625
omn,1984,58.04072189331055
omn,1985,56.05358123779297
omn,1986,55.97082138061523
omn,1987,56.80818176269531
omn,1988,62.40536117553711
omn,1989,69.40469360351562
omn,1990,68.65576171875
omn,1992,75.3343276977539
omn,1994,72.7979736328125
omn,1995,76.13258361816406
omn,1996,77.0198974609375
omn,1997,77.84052276611328
omn,1998,79.48726654052734
omn,1999,81.09886932373047
omn,2000,84.89398956298828
omn,2001,83.9623031616211
omn,2002,88.64112854003906
omn,2003,89.13390350341797
omn,2009,96.76502990722656
omn,2011,115.8795776367188
omn,2012,107.7894821166992
omn,2013,97.53254699707033
omn,2014,102.4620132446289
omn,2015,99.14624786376952
omn,2016,100.9389114379883
omn,2017,106.4704284667969
omn,2018,98.17714691162108
omn,2019,99.34517669677734
omn,2020,91.9504623413086
omn,2021,88.07270050048828
omn,2022,86.36302185058594
pak,2005,61.73329925537109
pak,2006,59.25606918334961
pak,2007,57.80923080444336
pak,2008,57.53969955444336
pak,2009,57.12722015380859
pak,2010,59.14918899536133
pak,2011,57.32925033569336
pak,2012,59.74153900146484
pak,2013,60.29158020019531
pak,2014,62.34243011474609
pak,2016,61.22586059570313
pak,2018,64.43789672851562
pak,2019,64.10790252685547
pak,2021,69.35298851776767
pak,2022,69.41107561373437
pan,1970,65.97753143310547
pan,1971,70.28324890136719
pan,1972,73.26741790771484
pan,1973,78.36707305908203
pan,1974,81.18023681640625
pan,1975,84.78962707519531
pan,1976,95.08238220214844
pan,1977,93.12442779541016
pan,1978,89.40532684326172
pan,1979,88.85904693603516
pan,1980,83.7970199584961
pan,1981,83.20391845703125
pan,1982,80.24942016601562
pan,1983,82.27655792236328
pan,1984,80.13774108886719
pan,1985,81.53144836425781
pan,1986,82.22657775878906
pan,1987,83.16143798828125
pan,1988,81.95326232910156
pan,1989,83.56690979003906
pan,1999,89.3580093383789
pan,2000,91.86843872070312
pan,2001,91.13880920410156
pan,2002,91.03671264648438
pan,2004,92.48040008544922
pan,2005,92.71759796142578
pan,2006,90.74429321289064
pan,2007,94.9977798461914
pan,2008,98.73072814941406
pan,2009,99.2951202392578
pan,2010,94.84912109375
pan,2011,99.1234130859375
pan,2012,101.0399322509766
pan,2013,100.0252227783203
pan,2014,97.67655181884766
pan,2017,90.82215118408205
pan,2019,86.63420867919922
pan,2020,87.5479507446289
pan,2021,95.76255798339844
pan,2022,92.90673065185548
pan,2023,93.2760009765625
per,1970,65.40574645996094
per,1977,91.55592346191406
per,1978,89.98448944091797
per,1979,89.23433685302734
per,1980,85.18737030029297
per,1981,83.51954650878906
per,1993,86.71002960205078
per,1995,85.36366271972656
per,1998,95.33323669433594
per,1999,99.8765106201172
per,2000,98.61605072021484
per,2001,94.22866058349608
per,2002,93.81565856933594
per,2003,98.69154357910156
per,2004,99.5654525756836
per,2005,100.1623687744141
per,2006,102.171028137207
per,2007,105.4371795654297
per,2008,105.3080062866211
per,2009,103.2690963745117
per,2010,105.5601501464844
per,2011,103.2316207885742
per,2012,98.10037994384766
per,2013,100.5613403320313
per,2014,100.8868637084961
per,2015,103.3504486083984
per,2016,104.0280227661133
per,2017,95.27435302734376
per,2018,93.10678100585938
per,2019,95.18802642822266
per,2021,108.4023971557617
per,2022,110.0482711791992
per,2023,110.6501770019531
phl,1981,76.91471099853516
phl,1983,81.0033187866211
phl,1984,82.58450317382812
phl,1985,82.16390228271484
phl,1986,81.11123657226562
phl,1987,82.4493637084961
phl,1988,83.20928192138672
phl,1989,85.07935333251953
phl,1998,76.75077056884766
phl,1999,78.70976257324219
phl,2001,89.93831634521484
phl,2002,84.99858856201172
phl,2003,84.98002624511719
phl,2004,85.53047943115234
phl,2005,84.98091125488281
phl,2006,82.65751647949219
phl,2007,82.70419311523438
phl,2008,83.97486114501953
phl,2009,84.0453109741211
phl,2014,88.94754542506116
phl,2017,101.9758278217032
phl,2018,110.6727226217985
phl,2019,100.6656926214363
phl,2020,96.05496897360256
phl,2021,89.40387768476292
phl,2022,86.95827744606129
phl,2023,78.62789044629265
plw,2000,115.8536605834961
plw,2013,113.6752090454102
plw,2014,101.6
plw,2021,104.9586791992188
plw,2022,97.58064516129032
plw,2023,102.34375
png,1987,52.34994125366211
png,1988,55.73804092407227
png,1989,54.86595916748047
png,1990,54.00210952758789
png,1991,50.92787933349609
png,1992,51.90916061401367
png,1994,57.40042114257813
png,1995,55.86563873291016
png,1996,56.41149139404297
png,1997,52.44060134887695
png,1998,53.31174850463867
png,2000,54.76583862304688
png,2001,54.54737091064453
png,2002,55.49456024169922
png,2003,56.77349090576172
png,2014,74.6933822631836
png,2016,77.36035919189453
pol,2009,96.74936676025392
pol,2010,97.48223876953124
pol,2011,97.17215728759766
pol,2012,97.0783233642578
pol,2013,96.51323699951172
pol,2014,96.19886016845705
pol,2015,99.0123291015625
pol,2016,99.65122985839844
pol,2017,103.7386779785156
pol,2018,94.507080078125
pol,2019,95.04889678955078
pol,2022,98.444091796875
pol,2023,104.0100708007813
pri,2015,87.00917053222656
pri,2018,77.07012939453125
pri,2023,74.62265014648438
prk,2009,97.63259887695312
prt,1972,51.95452880859375
prt,1973,58.28535079956055
prt,1974,62.17626953125
prt,1975,72.54630279541016
prt,1976,64.55687713623047
prt,2018,100.330192565918
prt,2019,102.1315383911133
prt,2020,103.3596420288086
prt,2021,105.5654220581055
prt,2022,103.2456817626953
pry,1970,49.08951950073242
pry,1972,47.80448150634766
pry,1973,51.26321029663086
pry,1974,51.71945953369141
pry,1975,50.81258010864258
pry,1976,51.63470840454102
pry,1977,53.48818969726563
pry,1978,54.72053146362305
pry,1980,59.8657112121582
pry,1981,62.83591842651367
pry,1982,64.49376678466797
pry,1983,67.35234069824219
pry,1984,68.4898681640625
pry,1985,70.43122100830078
pry,1986,68.89952850341797
pry,1987,69.84573364257812
pry,1988,70.14637756347656
pry,1989,70.02549743652344
pry,1990,71.40196990966797
pry,1991,74.67858123779297
pry,1992,74.48523712158203
pry,1993,80.3887710571289
pry,1994,79.41529083251953
pry,1995,80.62786865234375
pry,1996,84.37293243408203
pry,1998,92.83383178710938
pry,1999,89.14708709716797
pry,2000,92.28668212890624
pry,2001,91.6950225830078
pry,2002,94.06472778320312
pry,2003,96.12554931640624
pry,2004,95.02719879150392
pry,2005,96.62007904052734
pry,2006,96.97467041015624
pry,2007,98.34104919433594
pry,2008,99.18946075439452
pry,2009,99.26136779785156
pry,2010,98.74156188964844
pry,2011,95.2389678955078
pry,2012,95.19361877441406
pry,2016,97.72329711914064
pry,2020,85.37805938720703
pry,2022,87.53240966796875
pry,2023,90.70079040527344
pse,1995,82.89615631103516
pse,1996,83.21587371826172
pse,1997,82.3297119140625
pse,1999,92.0766372680664
pse,2000,93.37831878662108
pse,2001,95.83367156982422
pse,2002,94.49423980712892
pse,2003,101.8454437255859
pse,2004,95.44316864013672
pse,2005,99.06120300292967
pse,2007,92.79737854003906
pse,2008,94.31980895996094
pse,2009,95.1767578125
pse,2010,102.5711288452148
pse,2011,94.93424224853516
pse,2012,96.17938232421876
pse,2013,97.69361877441406
pse,2014,102.2815704345703
pse,2015,100.2271499633789
pse,2016,98.40699768066406
pse,2017,101.7538986206055
pse,2018,98.27562713623048
pse,2019,96.44780731201172
pse,2020,100.1146926879883
pse,2021,95.44992065429688
pse,2022,94.14594268798828
pse,2023,92.0481185913086
pyf,1983,90.03291320800781
qat,1971,60.79224014282227
qat,1972,49.93975830078125
qat,1973,43.79378890991211
qat,1974,38.19686126708984
qat,1975,37.85287857055664
qat,1976,43.22798919677734
qat,1977,45.81629180908203
qat,1978,57.27933120727539
qat,1979,56.17451858520508
qat,1980,56.95755004882813
qat,1981,57.92350006103516
qat,1982,65.56442260742188
qat,1984,71.75656127929688
qat,1985,73.95612335205078
qat,1986,69.51962280273438
qat,1987,59.74628829956055
qat,1988,65.41007232666016
qat,1989,66.33306121826172
qat,1990,67.81233215332031
qat,1991,73.64737701416016
qat,1992,66.20580291748047
qat,1993,68.17355346679688
qat,1994,69.87162780761719
qat,1995,61.92092895507813
qat,1996,51.74419021606445
qat,1998,85.86564636230469
qat,1999,91.4560317993164
qat,2003,79.51274871826172
qat,2005,79.20716094970703
qat,2006,83.09752655029297
qat,2007,90.03341674804688
qat,2008,93.99755859375
qat,2009,96.06179809570312
qat,2011,96.01251983642578
qat,2013,91.46581268310548
qat,2014,87.09574127197266
qat,2015,95.64813232421876
qat,2016,97.54518127441406
qat,2017,97.53547668457033
qat,2018,98.9616470336914
qat,2019,101.2495574951172
qat,2020,102.5688095092773
qat,2021,91.83966827392578
qat,2022,93.81300354003906
rou,1990,96.828857421875
rou,1993,89.2417221069336
rou,1999,99.20735931396484
rou,2000,94.0296630859375
rou,2001,105.3492584228516
rou,2002,101.0422592163086
rou,2003,96.41780090332033
rou,2004,93.60088348388672
rou,2005,92.9218521118164
rou,2006,92.71365356445312
rou,2008,90.76641082763672
rou,2009,95.53456878662108
rou,2010,96.7294464111328
rou,2011,98.55883026123048
rou,2012,95.7480926513672
rou,2015,93.22998809814452
rou,2016,88.93148040771484
rou,2018,88.04170227050781
rou,2019,87.6163330078125
rou,2020,86.64766693115234
rou,2021,89.34056091308594
rou,2022,83.01802825927734
rou,2023,80.9366226196289
rus,1994,92.41529846191406
rus,1995,92.56295013427734
rus,2014,94.39202880859376
rus,2015,96.59847259521484
rus,2016,94.31503295898438
rus,2018,99.8524932861328
rus,2019,100.356086730957
rwa,1971,23.80550003051758
rwa,1972,25.70616912841797
rwa,1973,27.4073600769043
rwa,1974,28.86108016967773
rwa,1975,29.95673942565918
rwa,1977,31.7435302734375
rwa,1980,37.95848083496094
rwa,1981,48.84722900390625
rwa,1982,48.03205871582031
rwa,1983,45.46855163574219
rwa,1984,46.89424133300781
rwa,1985,47.73361968994141
rwa,1986,44.38021087646484
rwa,1987,43.4282112121582
rwa,1988,44.84674072265625
rwa,1989,45.22695159912109
rwa,1990,43.87678146362305
rwa,1991,42.46577835083008
rwa,1992,43.68510055541992
rwa,1999,24.59473037719727
rwa,2000,22.48983955383301
rwa,2001,28.66052055358887
rwa,2002,33.23400115966797
rwa,2003,44.32884979248047
rwa,2004,42.9334716796875
rwa,2008,51.34117889404297
rwa,2009,69.4486312866211
rwa,2010,71.74507141113281
rwa,2012,70.4848403930664
rwa,2013,53.63063049316406
rwa,2014,59.32406997680664
rwa,2015,57.95920181274414
rwa,2016,61.65185165405273
rwa,2017,66.56812286376953
rwa,2018,77.34832763671875
rwa,2019,89.51914978027344
rwa,2021,89.3960189819336
rwa,2023,53.48754119873047
sau,1979,76.17530059814453
sau,2005,93.74259948730467
sau,2007,104.080810546875
sau,2008,110.4932403564453
sau,2011,116.9050903320313
sau,2012,123.7662963867188
sau,2013,95.39933776855467
sau,2017,99.34020233154295
sau,2018,101.249382019043
sau,2019,99.18019104003906
sau,2020,96.92488861083984
sau,2021,96.83367156982422
sau,2022,119.8962783813477
sdn,2010,63.78522109985352
sdn,2012,57.60425186157227
sdn,2013,56.58792114257813
sdn,2014,56.99789047241211
sdn,2015,57.84743881225586
sdn,2016,57.35668182373047
sdn,2017,58.11956024169922
sdn,2018,60.91017913818359
sdn,2019,60.54325866699219
sen,1971,32.29093933105469
sen,1972,31.92856979370117
sen,1978,35.64767074584961
sen,1979,37.60551834106445
sen,1980,35.20695877075195
sen,1981,37.47901153564453
sen,1982,38.07601165771484
sen,1983,39.18611145019531
sen,1984,39.95613861083984
sen,1985,41.24790954589844
sen,1986,44.07941818237305
sen,1988,49.31927108764648
sen,1989,50.26826095581055
sen,1990,48.6763801574707
sen,1992,45.29861068725586
sen,1994,44.59431838989258
sen,1996,46.29447937011719
sen,1997,46.17745971679688
sen,1998,48.22769927978516
sen,2000,44.14107131958008
sen,2001,49.38330841064453
sen,2002,50.90261840820313
sen,2003,50.26293182373047
sen,2004,51.20381927490234
sen,2005,56.4239387512207
sen,2006,51.91717147827148
sen,2007,52.96347045898438
sen,2008,59.06650161743164
sen,2009,58.27368927001953
sen,2010,56.65417861938477
sen,2011,59.02291107177734
sen,2012,57.47832870483398
sen,2013,57.87617111206055
sen,2014,56.60274124145508
sen,2015,54.26972961425781
sen,2019,54.20943832397461
sen,2020,53.00241851806641
sen,2021,55.09658050537109
sen,2022,53.22158050537109
sen,2023,52.14234161376953
sgp,2016,100.3677978515625
sgp,2017,99.26496124267578
sgp,2018,99.82317352294922
sgp,2019,98.33158111572266
sgp,2020,100.6635513305664
sgp,2021,101.1254501342773
sgp,2022,99.75470733642578
shn,1998,145.1612854003906
slb,1975,57.05546188354492
slb,1980,72.39717102050781
slb,1981,65.44049072265625
slb,1982,61.10451126098633
slb,1983,58.76026153564453
slb,1986,54.50701141357422
slb,2011,84.33338106830875
slb,2012,83.07327946503204
slb,2013,85.9710225689607
slb,2014,83.11210408726508
slb,2015,84.07960199004975
slb,2016,82.2938623682579
slb,2017,80.72157434402332
slb,2018,78.48520710059171
slb,2019,77.20486908589803
slb,2020,76.2761085669608
slb,2023,64.05042700284669
sle,1978,29.27071952819824
sle,2007,87.621337890625
sle,2011,69.26666015243306
sle,2012,64.7216394647323
sle,2013,65.04640329979021
sle,2015,61.20598777145266
sle,2016,71.62409564143286
sle,2017,72.01719891102373
sle,2018,81.36107726566111
sle,2019,83.65203228566422
sle,2020,86.9323046241552
sle,2021,96.95325418593367
sle,2022,100.0771552187204
sle,2023,99.05299756046024
slv,1971,43.01198959350586
slv,1972,45.36190032958984
slv,1973,50.62419891357422
slv,1974,51.27811813354492
slv,1976,48.22935104370117
slv,1977,48.66337966918945
slv,1981,44.55809020996094
slv,1982,48.45024108886719
slv,1983,51.85121917724609
slv,1984,48.75566864013672
slv,1987,61.45626068115234
slv,1988,64.564208984375
slv,1989,61.73125076293945
slv,1991,62.55754089355469
slv,1992,61.71089935302734
slv,1993,62.67148971557617
slv,1995,64.73001098632812
slv,1996,71.77018737792969
slv,1997,0.0
slv,1998,78.1366195678711
slv,2000,89.16667175292969
slv,2001,86.60310363769531
slv,2002,86.23452758789062
slv,2003,86.62898254394531
slv,2005,89.53825378417969
slv,2006,88.52474212646484
slv,2007,90.69528198242188
slv,2008,91.53649139404295
slv,2009,94.44805145263672
slv,2010,98.12274169921876
slv,2011,98.57736206054688
slv,2012,96.5710220336914
slv,2013,94.62342834472656
slv,2014,93.53881072998048
slv,2015,93.52295684814452
slv,2016,92.41239166259766
slv,2017,91.04429626464844
slv,2018,89.5492172241211
slv,2020,81.16110229492188
slv,2021,81.8621826171875
slv,2022,77.32994079589844
slv,2023,79.21459197998047
smr,1992,90.5797119140625
smr,1993,93.00698852539064
smr,2000,90.29850769042967
smr,2008,99.4047622680664
smr,2009,90.39547729492188
smr,2010,93.2203369140625
smr,2011,91.76470947265624
smr,2012,97.7900619506836
smr,2018,93.2926788330078
smr,2019,92.43242645263672
smr,2020,96.21621704101564
smr,2021,94.89795684814452
smr,2022,92.30769348144533
smr,2023,93.6305694580078
srb,2007,102.6111297607422
srb,2008,106.1127166748047
srb,2009,97.97331237792967
srb,2010,95.9660186767578
srb,2011,100.4106903076172
srb,2012,97.70211029052734
srb,2013,97.4685287475586
srb,2014,102.125129699707
srb,2015,102.2893371582031
srb,2016,100.50048828125
srb,2017,100.3305816650391
srb,2018,97.85830688476564
srb,2019,98.62751770019533
srb,2020,99.26210784912108
srb,2021,98.16374969482422
srb,2022,98.00418853759766
ssd,2011,36.93225860595703
stp,1977,42.20922088623047
stp,1984,110.25830078125
stp,1988,76.29122924804688
stp,1999,41.34714889526367
stp,2002,50.83039855957031
stp,2003,52.63943862915039
stp,2004,66.0545883178711
stp,2005,69.28072357177734
stp,2007,68.64366149902344
stp,2008,72.01152038574219
stp,2009,80.44612884521484
stp,2010,79.16858673095703
stp,2011,107.2289199829102
stp,2012,91.06145251396649
stp,2013,95.05403137207033
stp,2014,85.85941314697266
stp,2015,82.68774703557312
stp,2016,78.33206176757812
stp,2017,83.10736846923828
stp,2018,84.10548823948682
stp,2019,85.40862855138548
sur,1976,67.4661865234375
sur,1977,74.83902740478516
sur,1978,71.40653991699219
sur,1979,75.96858215332031
sur,1985,78.29109191894531
sur,1987,71.49215698242188
sur,1988,69.53209686279297
sur,1989,71.76522827148438
sur,2005,68.6388168334961
sur,2006,74.85781860351562
sur,2007,65.4271469116211
sur,2008,72.80310821533203
sur,2009,74.81922912597656
sur,2010,76.32508850097656
sur,2011,73.69696807861328
sur,2012,73.08482360839844
sur,2013,71.44078826904297
sur,2014,74.77867889404297
sur,2015,78.49520111083984
sur,2016,77.29495239257812
sur,2017,77.90506744384766
sur,2018,77.07247161865234
sur,2019,74.86173248291016
sur,2020,79.02881622314453
sur,2021,70.3255615234375
svk,1992,97.3098373413086
svk,1993,96.01307678222656
svk,1994,97.48545074462892
svk,1995,96.65738677978516
svk,1996,97.49310302734376
svk,1997,98.33296966552734
svk,1998,99.40875244140624
svk,1999,100.9543685913086
svk,2000,98.92062377929688
svk,2001,101.1060028076172
svk,2002,99.98137664794922
svk,2003,99.53678131103516
svk,2004,103.6936416625977
svk,2005,101.2425918579102
svk,2006,98.2638931274414
svk,2007,96.80754852294922
svk,2008,97.31298828125
svk,2009,97.13442993164064
svk,2010,95.92278289794922
svk,2011,98.01950073242188
svk,2012,95.10360717773438
svk,2013,94.95947265625
svk,2014,92.45011138916016
svk,2015,93.73863983154295
svk,2016,93.63436126708984
svk,2017,93.83888244628906
svk,2018,91.47315979003906
svk,2019,91.6466827392578
svk,2020,97.08309173583984
svk,2021,91.66507720947266
svk,2022,93.87564849853516
svk,2023,101.5820922851563
svn,1997,98.82877349853516
svn,1998,99.13687133789064
svn,1999,97.09014892578124
svn,2000,99.82453155517578
svn,2001,97.71833038330078
svn,2002,97.4802703857422
svn,2003,104.40234375
svn,2008,94.4472427368164
svn,2009,96.06076049804688
svn,2010,97.6864013671875
svn,2011,97.65809631347656
svn,2012,96.88784027099608
svn,2013,96.7173080444336
svn,2014,97.60607147216795
svn,2015,97.78019714355467
svn,2016,96.5012664794922
svn,2017,97.7298583984375
svn,2018,97.00669860839844
svn,2019,97.21127319335938
svn,2020,96.18692016601564
svn,2021,96.62815856933594
svn,2022,96.79228973388672
svn,2023,97.98905181884766
swe,1971,93.15261840820312
swe,1972,93.87489318847656
swe,1973,94.4216766357422
swe,1974,94.08805847167967
swe,1975,94.83058166503906
swe,1976,95.15022277832033
swe,1977,95.63465118408205
swe,1978,97.10270690917967
swe,1979,98.85337066650392
swe,1980,99.2681121826172
swe,1981,99.51123809814452
swe,1982,99.54183197021484
swe,1983,98.69869995117188
swe,1984,99.06404113769533
swe,1987,98.64044189453124
swe,1988,99.38510894775392
swe,1989,99.08859252929688
swe,1990,99.02774047851564
swe,1991,99.09960174560548
swe,1992,98.62962341308594
swe,1993,101.5713577270508
swe,1994,102.5711669921875
swe,1999,100.6386871337891
swe,2000,100.9984130859375
swe,2001,100.054313659668
swe,2002,100.1666488647461
swe,2003,99.68699645996094
swe,2004,100.1835632324219
swe,2005,99.63923645019533
swe,2006,100.2251129150391
swe,2007,99.91020965576172
swe,2008,100.0596313476563
swe,2009,99.35709381103516
swe,2010,99.33866119384766
swe,2011,97.94963073730467
swe,2012,99.37106323242188
swe,2013,99.6375732421875
swe,2014,99.49038696289064
swe,2015,99.35875701904295
swe,2016,99.85948181152344
swe,2017,100.455322265625
swe,2018,100.2002487182617
swe,2019,99.1596221923828
swe,2020,99.75299072265624
swe,2021,99.91800689697266
swe,2022,99.8764190673828
swe,2023,99.67037963867188
swz,1970,45.16822052001953
swz,1971,43.5843391418457
swz,1972,45.08929061889648
swz,1973,52.87414169311523
swz,1974,57.73060989379883
swz,1975,59.22098922729492
swz,1976,59.53192901611328
swz,1977,60.43024063110352
swz,1978,58.6390495300293
swz,1979,58.84476852416992
swz,1980,57.32519149780273
swz,1981,62.01457977294922
swz,1982,61.13222122192383
swz,1983,62.88385009765625
swz,1984,61.80992126464844
swz,1985,62.19485092163086
swz,1986,62.89308166503906
swz,1987,62.38811874389648
swz,1988,62.64033889770508
swz,1989,58.63724136352539
swz,1990,59.18241119384766
swz,1991,56.92858123779297
swz,1992,55.56649017333984
swz,1993,57.41645812988281
swz,1994,58.50675964355469
swz,1995,60.20386123657227
swz,1996,57.65549850463867
swz,1997,57.04248809814453
swz,1998,61.31856155395508
swz,1999,60.28778839111328
swz,2000,64.75006866455078
swz,2001,63.53403854370117
swz,2002,64.29837036132812
swz,2003,60.53754043579102
swz,2004,64.10533905029297
swz,2005,67.72891998291016
swz,2006,69.63372039794922
swz,2007,81.9854507446289
swz,2009,79.11776733398438
swz,2010,83.40827178955078
swz,2011,83.08030700683594
swz,2012,80.0682373046875
swz,2013,82.5910415649414
swz,2014,82.93692016601562
swz,2015,90.86676025390624
swz,2016,98.89837646484376
swz,2017,99.52263641357422
swz,2018,100.0668487548828
swz,2019,94.40653228759766
swz,2023,91.80008697509766
syc,1970,78.05519104003906
syc,1971,85.64231872558594
syc,1972,92.54279327392578
syc,1974,87.42723846435547
syc,1975,86.12384796142578
syc,1976,93.1584930419922
syc,1977,85.68182373046875
syc,1978,91.86711883544922
syc,1980,96.01873779296876
syc,1981,89.90609741210938
syc,1982,93.75736236572266
syc,1983,103.4400863647461
syc,1984,94.27207946777344
syc,1985,90.98558044433594
syc,1986,113.4220123291016
syc,1987,100.0
syc,1988,90.21066284179688
syc,1989,95.97483825683594
syc,1991,103.3939437866211
syc,1992,103.2490997314453
syc,1993,100.1219482421875
syc,1994,102.2277221679688
syc,1997,103.6585388183594
syc,1998,93.82566833496094
syc,1999,101.0050277709961
syc,2000,113.9601135253906
syc,2001,120.3677520751953
syc,2002,104.6307907104492
syc,2003,113.9726028442383
syc,2004,103.8007888793945
syc,2005,112.4508514404297
syc,2007,110.504768371582
syc,2008,116.1290283203125
syc,2009,157.5107269287109
syc,2010,113.7254867553711
syc,2011,116.5853729248047
syc,2012,114.8026275634766
syc,2013,111.2519836425781
syc,2014,120.2211685180664
syc,2015,136.9318237304688
syc,2016,127.5973968505859
syc,2017,129.3310546875
syc,2018,129.4014129638672
syc,2019,161.9153747558594
syc,2020,122.3642196655273
syc,2021,147.1027984619141
syc,2022,98.83419799804688
syc,2023,94.63868713378906
syr,1971,72.69409942626953
syr,1972,76.68241119384766
syr,1973,75.63919830322266
syr,1974,79.19257354736328
syr,1975,84.56987762451172
syr,1976,88.26905822753906
syr,1977,90.8437271118164
syr,1978,92.01251220703124
syr,1979,87.8507308959961
syr,1980,84.81632232666016
syr,1981,85.29920196533203
syr,1982,89.61183166503906
syr,1983,91.35267639160156
syr,1984,91.36431121826172
syr,1985,93.18170166015624
syr,1986,93.80992126464844
syr,1987,93.78228759765624
syr,1988,93.06101989746094
syr,1989,93.50631713867188
syr,1990,94.48226928710938
syr,1991,96.45439910888672
syr,1992,101.4473114013672
syr,1993,94.17497253417967
syr,1994,96.7851333618164
syr,1995,94.26663970947266
syr,1996,94.6168975830078
syr,1997,93.85749053955078
syr,1998,92.20646667480467
syr,1999,92.19380950927734
syr,2000,91.24681854248048
syr,2001,92.35922241210938
syr,2002,94.02744293212892
syr,2003,99.68360900878906
syr,2004,101.1178512573242
syr,2005,104.0062026977539
syr,2006,106.2878036499023
syr,2007,105.8963775634766
syr,2008,105.1482696533203
syr,2009,104.9128112792969
syr,2010,104.2020568847656
syr,2011,104.6019592285156
syr,2012,106.521842956543
syr,2013,63.73208999633789
syr,2020,55.82440185546875
syr,2021,55.28871154785156
syr,2022,56.53041076660156
syr,2023,59.02713012695313
syr,2024,58.9410285949707
tca,1994,82.9059829711914
tca,1997,80.76923370361328
tca,2000,101.8518524169922
tca,2001,116.470588684082
tca,2002,98.84393310546876
tca,2004,112.2092971801758
tca,2005,113.3720932006836
tca,2009,106.5116271972656
tca,2014,85.26785714285714
tca,2015,73.36448598130842
tca,2018,179.2035369873047
tca,2021,128.9256134033203
tca,2022,129.2576446533203
tcd,1976,17.81880950927734
tcd,1977,16.66153907775879
tcd,1988,18.08625030517578
tcd,1989,20.17633056640625
tcd,1990,26.117919921875
tcd,1991,28.96257019042969
tcd,1994,29.83249092102051
tcd,1995,21.66283988952637
tcd,1996,22.02676010131836
tcd,1997,23.75815963745117
tcd,1999,28.81108093261719
tcd,2000,31.02420043945313
tcd,2001,33.39487838745117
tcd,2002,36.59983062744141
tcd,2003,43.0064697265625
tcd,2004,42.48714065551758
tcd,2005,38.07012939453125
tcd,2006,38.65369033813477
tcd,2009,38.47586822509766
tcd,2010,37.66688919067383
tcd,2011,40.98580932617188
tcd,2012,41.58969879150391
tcd,2013,45.26866912841797
tcd,2015,44.66196060180664
tcd,2016,47.83914947509766
tcd,2017,42.63153839111328
tcd,2018,44.74359893798828
tcd,2021,47.26887130737305
tgo,1971,34.43320846557617
tgo,1972,41.20114135742188
tgo,1976,57.60017013549805
tgo,1978,67.32205200195312
tgo,1979,65.63246154785156
tgo,1980,67.48628997802734
tgo,1981,62.91788864135742
tgo,1982,58.96598815917969
tgo,1983,57.49769973754883
tgo,1984,50.51686096191406
tgo,1985,43.96644973754883
tgo,1986,43.13539123535156
tgo,1987,41.70671081542969
tgo,1988,47.31378173828125
tgo,1989,39.2747802734375
tgo,1990,46.75352096557617
tgo,1991,46.59709930419922
tgo,1992,47.39802169799805
tgo,1994,38.92037963867188
tgo,1995,54.79013824462891
tgo,1996,63.42945098876953
tgo,1999,71.89119720458984
tgo,2000,81.16046905517578
tgo,2001,87.1438217163086
tgo,2003,82.95990753173828
tgo,2004,83.4014663696289
tgo,2005,82.14024353027344
tgo,2006,81.37764739990234
tgo,2008,74.0408706665039
tgo,2009,72.96488189697266
tgo,2010,76.59044647216797
tgo,2011,77.97212982177734
tgo,2012,80.8125991821289
tgo,2013,82.77246856689453
tgo,2014,88.41046142578125
tgo,2016,96.01229095458984
tgo,2017,94.34245300292967
tgo,2018,89.945068359375
tgo,2019,85.86225891113281
tgo,2020,85.7753677368164
tgo,2021,87.5299072265625
tgo,2022,87.2270278930664
tgo,2023,87.66414642333984
tha,1975,40.93901062011719
tha,1976,42.43901824951172
tha,1977,42.39237976074219
tha,1978,43.49969100952148
tha,1981,75.35523986816406
tha,1999,90.06185150146484
tha,2000,85.60726928710938
tha,2001,86.71867370605469
tha,2017,98.0729522705078
tha,2018,98.88265991210938
tha,2019,101.5119580771843
tha,2020,102.8789750910072
tha,2021,104.0829432209565
tha,2022,102.8624068851727
tha,2023,104.1831101167355
tjk,2009,102.6194000244141
tjk,2010,106.5081405639648
tjk,2011,106.0228500366211
tjk,2012,96.15471649169922
tjk,2014,94.3039779663086
tjk,2015,95.5869369506836
tjk,2016,95.02806854248048
tjk,2017,93.6513671875
tkl,2000,76.92308044433594
tkl,2001,133.3333282470703
tkl,2002,128.5714263916016
tkl,2003,42.30768966674805
tkl,2019,48.0
tkl,2020,46.15385055541992
tkl,2021,62.5
tls,2008,97.88330841064452
tls,2009,82.9539566040039
tls,2010,72.34239597803797
tls,2011,78.8714692068532
tls,2012,82.5452196382429
tls,2013,89.71576227390182
tls,2014,93.62559682519998
tls,2015,96.56886517943744
tls,2016,93.8390886861096
tls,2017,94.0810713858663
tls,2018,96.95888754534462
tls,2019,97.85502958579882
tls,2020,97.08217796823796
tls,2021,100.987670260151
tls,2022,75.41262771810322
tls,2023,93.16814853556484
ton,1977,81.78717803955078
ton,1978,89.67167663574219
ton,1979,113.1147537231445
ton,1981,121.2389373779297
ton,1982,112.2589492797852
ton,1984,103.7818222045898
ton,1985,87.4345474243164
ton,1986,92.39543914794922
ton,1990,124.3406219482422
ton,1991,94.24944305419922
ton,1993,103.6443099975586
ton,1998,100.6196670532227
ton,1999,98.82904052734376
ton,2001,104.6047592163086
ton,2005,108.7024078369141
ton,2006,113.7237777709961
ton,2012,103.3044846577498
ton,2013,120.7710464201416
ton,2020,101.9189765458422
ton,2021,98.96694214876032
ton,2022,92.58517034068136
ton,2023,88.91769280622165
tto,1982,109.7741775512695
tto,1985,94.7956314086914
tto,1988,92.94287109375
tto,1991,92.62254333496094
tto,1992,93.84828948974608
tto,1993,95.157470703125
tto,1996,88.48873138427734
tto,1997,86.77316284179688
tto,1999,96.87879180908205
tto,2000,90.7892837524414
tto,2001,84.53447723388672
tto,2003,87.54170989990234
tto,2004,90.83126831054688
tto,2005,86.10247039794922
tto,2007,90.15232849121094
tto,2008,88.00608825683594
tto,2009,89.47422790527344
tto,2010,88.20408630371094
tto,2023,90.64436340332033
tun,1973,78.72476959228516
tun,1976,79.23956298828125
tun,1977,79.15611267089844
tun,1978,81.97041320800781
tun,1979,68.19544982910156
tun,1980,71.01544952392578
tun,1981,94.78759765625
tun,1982,72.45333099365234
tun,1983,72.0626220703125
tun,1984,74.29621887207031
tun,1985,72.78048706054688
tun,1986,74.6977767944336
tun,1987,74.94473266601562
tun,1988,72.8812026977539
tun,1989,77.82943725585938
tun,1990,81.77324676513672
tun,1991,74.58683776855469
tun,1993,73.48583984375
tun,1994,80.87236022949219
tun,1995,90.22547912597656
tun,1996,85.59261322021484
tun,1997,87.48634338378906
tun,1999,87.24440002441406
tun,2000,88.02046203613281
tun,2001,88.11058044433594
tun,2002,91.74845886230467
tun,2003,94.26094818115234
tun,2004,96.69986724853516
tun,2005,99.30059051513672
tun,2007,101.5846862792969
tun,2008,91.11936950683594
tun,2009,86.07341003417969
tun,2010,97.04654693603516
tun,2013,92.20198059082033
tun,2014,94.77404022216795
tun,2015,97.01151275634766
tun,2016,90.41903686523438
tun,2017,85.16800689697266
tun,2020,93.79006958007812
tun,2021,91.24273681640624
tur,1984,90.00428771972656
tur,1985,92.270263671875
tur,1986,96.35086822509766
tur,1987,96.94303894042967
tur,1988,109.1273193359375
tur,1989,94.0334930419922
tur,1990,93.66172790527344
tur,1991,96.24519348144533
tur,1992,101.6738967895508
tur,1993,96.3336181640625
tur,1994,96.20681762695312
tur,1995,93.45320892333984
tur,2013,103.4611587524414
tur,2014,99.0810089111328
tur,2015,98.85752868652344
tur,2016,133.7911834716797
tur,2017,92.23400115966795
tur,2018,90.78996276855467
tur,2019,96.49378204345705
tur,2020,100.472541809082
tur,2021,103.3894424438477
tur,2022,101.4334716796875
tuv,1990,106.8493194580078
tuv,1993,139.1304321289063
tuv,1994,117.1717224121094
tuv,1998,98.29060363769533
tuv,2001,102.5
tuv,2002,84.16667175292969
tuv,2003,90.7563018798828
tuv,2004,96.63865661621094
tuv,2005,102.4590225219727
tuv,2006,90.83332824707033
tuv,2014,95.45455169677734
tuv,2015,92.92034912109376
tuv,2016,100.9009017944336
tuv,2018,100.9009017944336
tuv,2019,88.59648895263672
tuv,2020,104.4642868041992
tuv,2021,110.3773574829102
tuv,2022,114.7058792114258
tuv,2023,103.7036972045898
tza,1975,48.73759078979492
tza,1976,53.59059143066406
tza,1981,89.90493774414062
tza,1982,99.91130065917967
tza,1983,103.9845504760742
tza,1984,127.8445129394531
tza,1986,67.70187377929688
tza,1987,63.45544815063477
tza,1988,56.03303146362305
tza,1989,44.11793899536133
tza,1991,58.2293701171875
tza,1992,53.41643905639648
tza,1993,56.6959114074707
tza,1994,54.71604156494141
tza,1997,57.35457992553711
tza,1998,48.31467056274414
tza,1999,56.47457885742188
tza,2000,49.55538940429688
tza,2001,54.5961799621582
tza,2002,58.48377990722656
tza,2004,58.94351959228516
tza,2005,56.86576843261719
tza,2006,74.26809692382812
tza,2007,85.51171875
tza,2009,100.3837890625
tza,2010,82.69741464412448
tza,2011,77.36235003246146
tza,2012,74.58321472544131
tza,2013,72.48994262236047
tza,2014,64.02017372720135
tza,2015,65.12453841254701
tza,2016,57.02785633182854
tza,2017,63.24224127715169
tza,2018,63.91526384409717
tza,2019,61.4165897639017
tza,2020,65.67956074607163
tza,2021,71.69174638230457
tza,2022,85.71250083723613
tza,2023,83.60204428268888
uga,1982,52.84616088867188
uga,1986,45.42155075073242
uga,2001,66.25311279296875
uga,2002,67.19249725341797
uga,2003,66.59554290771484
uga,2004,62.45946884155273
uga,2005,60.26020050048828
uga,2007,54.10015869140625
uga,2008,57.88230133056641
uga,2009,74.40837097167969
uga,2010,56.81970977783203
uga,2011,55.31684112548828
uga,2012,56.30662155151367
uga,2013,56.50934982299805
uga,2014,59.7459716796875
uga,2015,53.79358378900461
uga,2016,54.59141159057617
uga,2017,52.66135025024414
ukr,1993,90.08560943603516
ukr,1994,92.33184814453124
ukr,1999,94.31114196777344
ukr,2000,95.40033721923828
ukr,2001,98.77922821044922
ukr,2002,101.4533386230469
ukr,2005,120.3502731323242
ukr,2006,105.7404632568359
ukr,2007,104.2510604858398
ukr,2008,101.2035293579102
ukr,2009,99.85397338867188
ukr,2010,99.72844696044922
ukr,2011,100.7400894165039
ukr,2012,96.3627700805664
ukr,2013,98.04817199707033
ukr,2014,95.55103302001952
ukr,2015,87.83641815185547
ukr,2016,85.35231018066406
ukr,2017,86.8521728515625
ukr,2018,82.79685974121094
ukr,2019,88.29534149169922
ukr,2020,89.27706909179688
ukr,2021,88.8297119140625
ury,1974,68.3011474609375
ury,1976,68.53833770751953
ury,1977,66.45352935791016
ury,1978,64.32476043701172
ury,1979,66.35690307617188
ury,1980,68.1968002319336
ury,1985,87.06778717041016
ury,1986,84.28424835205078
ury,1987,87.16600036621094
ury,1988,88.60545349121094
ury,1989,92.62065887451172
ury,1990,93.77089691162108
ury,1991,95.11142730712892
ury,1992,94.54588317871094
ury,1993,95.0078125
ury,1994,92.92073059082033
ury,1995,93.7035675048828
ury,1996,94.42178344726564
ury,1997,97.04383850097656
ury,1998,99.75189971923828
ury,1999,97.01503753662108
ury,2000,95.43694305419922
ury,2001,95.02377319335938
ury,2002,94.54659271240234
ury,2003,92.94629669189452
ury,2004,93.90838623046876
ury,2005,93.64243316650392
ury,2006,96.01564025878906
ury,2007,98.70213317871094
ury,2008,100.4384078979492
ury,2009,101.3393707275391
ury,2010,101.25
ury,2011,99.66133880615234
ury,2012,99.51506042480467
ury,2013,101.0550308227539
ury,2014,100.5137405395508
ury,2015,100.3463363647461
ury,2016,102.8254623413086
ury,2018,100.7953796386719
ury,2020,100.7294998168945
ury,2021,100.5804672241211
ury,2022,99.6091079711914
usa,2017,100.4294662475586
usa,2018,104.5101928710938
usa,2019,97.7526397705078
usa,2020,100.2005386352539
usa,2021,101.8636779785156
usa,2022,97.33879089355467
uzb,2001,100.9751663208008
uzb,2002,99.73731231689452
uzb,2003,95.20240783691406
uzb,2004,96.13716888427734
uzb,2005,100.3063430786133
uzb,2006,95.6865692138672
uzb,2007,95.17031097412108
uzb,2008,94.89539337158205
uzb,2009,98.02586364746094
uzb,2010,97.09946739599827
uzb,2011,95.62135870841638
uzb,2012,95.83185947345302
uzb,2013,97.83643848076468
uzb,2014,96.44887691205334
uzb,2015,94.15626641781996
uzb,2016,97.40382223311389
uzb,2017,98.59356673182867
uzb,2018,97.43469515783757
uzb,2019,96.74929309399046
uzb,2020,98.6533272844488
uzb,2021,98.417332700753
uzb,2022,98.22003813539617
uzb,2023,95.87744494597182
uzb,2024,97.83489785935572
vct,2003,82.86920166015625
vct,2004,87.15753173828125
vct,2008,113.0875625610352
vct,2010,96.40492248535156
vct,2011,80.0943374633789
vct,2012,98.7166831194472
vct,2013,106.7127344521224
vct,2014,105.9016393442623
vct,2015,105.8275058275058
vct,2016,109.6852300242131
vct,2017,105.4254007398274
vct,2018,109.2592592592593
vct,2019,113.2678132678133
vct,2020,115.7509157509158
vct,2021,115.6934306569343
vct,2023,109.2964824120603
ven,1988,72.52105712890625
ven,1989,72.30908966064453
ven,1991,74.45356750488281
ven,1992,77.8675765991211
ven,1993,77.57363891601562
ven,1996,75.46675872802734
ven,1997,76.6716537475586
ven,1999,77.44503021240234
ven,2000,79.83651733398438
ven,2001,81.04859161376953
ven,2002,87.50144958496094
ven,2003,85.27667999267578
ven,2004,84.9793472290039
ven,2005,86.2754135131836
ven,2006,90.23636627197266
ven,2007,92.99420166015624
ven,2008,91.50836944580078
ven,2009,91.13404846191406
ven,2010,89.92900848388672
ven,2011,91.08683776855467
ven,2012,93.14885711669922
ven,2013,92.18356323242188
ven,2014,93.70903778076172
ven,2015,93.18688201904295
ven,2016,91.3887176513672
ven,2017,87.89681243896484
ven,2022,95.59761810302734
ven,2023,104.3126068115234
ven,2024,100.943229675293
vgb,1985,90.0
vgb,1994,118.0555572509766
vgb,2002,101.7045516967773
vgb,2003,97.22222137451172
vgb,2004,107.2625732421875
vgb,2005,95.69892120361328
vgb,2006,96.21621704101564
vgb,2007,86.33879852294922
vgb,2009,65.87677764892578
vgb,2010,95.71428680419922
vgb,2011,85.1674575805664
vgb,2012,91.50942993164064
vgb,2013,104.5685272216797
vgb,2014,85.27919006347656
vgb,2015,99.06102752685548
vgb,2016,88.33332824707031
vgb,2017,81.7120590209961
vgb,2018,64.23076629638672
vgb,2019,63.23529052734375
vgb,2020,59.32202911376953
vgb,2024,86.69950866699219
vnm,1999,108.8679122924805
vnm,2000,105.9333419799805
vnm,2001,110.6755065917969
vnm,2002,107.2737274169922
vnm,2003,108.284797668457
vnm,2013,97.58694647395288
vnm,2014,96.72190902687755
vnm,2015,98.34696889333485
vnm,2016,100.4448718667792
vnm,2018,103.1430587286655
vnm,2022,102.2941550987673
vut,1992,89.02912902832031
vut,1994,79.82063293457031
vut,1998,87.62596130371094
vut,2000,84.6243667602539
vut,2001,99.61904907226564
vut,2004,86.49909973144531
vut,2007,79.94995880126953
vut,2008,80.25180053710938
vut,2009,88.80435180664062
vut,2010,88.74458874458875
vut,2013,93.42339139708496
vut,2019,105.4175396587848
vut,2020,107.455890722823
vut,2021,107.9978179931641
vut,2022,117.2803787480273
vut,2023,114.6316594443028
wsm,1999,100.6148376464844
wsm,2000,95.52041625976564
wsm,2001,88.69493103027344
wsm,2007,104.1084976196289
wsm,2009,104.1427383422852
wsm,2010,104.3024227234754
wsm,2011,98.91395154553048
wsm,2012,103.4365719134493
wsm,2014,105.8441558441558
wsm,2015,105.2035249685271
wsm,2016,112.1110176619007
wsm,2017,105.8336781133637
wsm,2018,108.9471493965876
wsm,2019,100.0767165324127
wsm,2020,107.7876791941108
wsm,2021,100.9120758847136
wsm,2022,102.6269702276708
wsm,2023,99.72677595628416
yem,1999,65.71514129638672
yem,2001,68.26261138916016
yem,2002,66.32840728759766
yem,2003,68.86514282226562
yem,2004,67.16783142089844
yem,2005,65.44467163085938
yem,2008,67.13948822021484
yem,2010,65.05670166015625
yem,2012,66.93277740478516
yem,2013,65.61824798583984
yem,2016,66.12869262695312
zaf,1991,75.95905303955078
zaf,1998,72.2979736328125
zaf,1999,68.09671020507812
zaf,2000,71.04428100585938
zaf,2002,76.5787582397461
zaf,2003,81.31916046142578
zaf,2004,88.85565185546875
zaf,2015,91.58206176757812
zaf,2016,88.6760025024414
zaf,2018,90.22757720947266
zaf,2019,91.558837890625
zaf,2020,91.48284149169922
zaf,2021,94.83310699462892
zaf,2022,99.35066986083984
zmb,1972,84.49928283691406
zmb,1973,85.792236328125
zmb,1974,90.2431182861328
zmb,1975,92.28106689453124
zmb,1976,92.73866271972656
zmb,1977,93.52178955078124
zmb,1978,97.39508056640624
zmb,1979,95.67575073242188
zmb,1980,96.54046630859376
zmb,1981,95.73316192626952
zmb,1982,97.62246704101564
zmb,1983,100.4875869750977
zmb,1984,108.0978393554688
zmb,1986,102.7870864868164
zmb,1998,72.88410949707031
zmb,1999,70.24571228027344
zmb,2000,66.45072937011719
zmb,2002,66.08830261230469
zmb,2004,76.51376342773438
zmb,2005,95.5148468017578
zmb,2006,89.69149780273438
zmb,2007,93.84590911865234
zmb,2008,97.79924774169922
zmb,2009,91.29872131347656
zmb,2010,95.17356872558594
zmb,2012,90.16242218017578
zmb,2013,83.91922760009766
zwe,1984,90.11492919921876
zwe,1999,90.57293701171876
zwe,2001,104.4377365112305
zwe,2002,98.12095642089844
zwe,2003,96.06363677978516
zwe,2012,85.96624755859375
zwe,2013,88.50941965915153
zwe,2014,86.1196851920684
zwe,2015,88.52390211766706
zwe,2016,88.6087895724757
zwe,2017,87.20741647570915
zwe,2018,86.71637712688253
zwe,2019,85.91771234631013
zwe,2020,87.35471968842882
zwe,2021,81.61413303478514
zwe,2022,81.54297513711494
zwe,2023,82.88039922573309
