country,year,cr_mod_3_gpia
ago,1990,0.4728682041168213
ago,1991,0.4772727191448212
ago,1992,0.4850746393203735
ago,1993,0.4963503777980804
ago,1994,0.5
ago,1995,0.5177304744720459
ago,1996,0.5208333134651184
ago,1997,0.5273972749710083
ago,1998,0.5400000214576721
ago,1999,0.5483871102333069
ago,2000,0.5562499761581421
ago,2001,0.5628742575645447
ago,2002,0.5664739608764648
ago,2003,0.5875706076622009
ago,2004,0.6089385747909546
ago,2005,0.6284152865409851
ago,2006,0.6397849321365356
ago,2007,0.6631016135215759
ago,2008,0.682539701461792
ago,2009,0.6927083134651184
ago,2010,0.6974359154701233
ago,2011,0.7055837512016296
ago,2012,0.7070707082748413
ago,2013,0.710659921169281
ago,2014,0.7091836929321289
ago,2015,0.7142857313156128
ago,2016,0.7309644818305969
ago,2017,0.7424242496490479
ago,2018,0.7475247383117676
ago,2019,0.7524271607398987
ago,2020,0.7655502557754517
ago,2021,0.7746478915214539
ago,2022,0.7731481194496155
ago,2023,0.78899085521698
ago,2024,0.8018018007278442
alb,1990,0.9469387531280518
alb,1991,0.967479646205902
alb,1992,0.9817444086074828
alb,1993,0.9857434034347534
alb,1994,0.9917355179786682
alb,1995,1.002105236053467
alb,1996,1.006465554237366
alb,1997,1.006651878356934
alb,1998,1.0
alb,1999,1.004662036895752
alb,2000,1.009367704391479
alb,2001,1.004672884941101
alb,2002,0.990867555141449
alb,2003,0.9670329689979552
alb,2004,0.945492684841156
alb,2005,0.929859697818756
alb,2006,0.9158699512481688
alb,2007,0.9102563858032228
alb,2008,0.9087719321250916
alb,2009,0.9144295454025269
alb,2010,0.9308681488037108
alb,2011,0.9537037014961244
alb,2012,0.9777117371559144
alb,2013,1.002865314483643
alb,2014,1.021798372268677
alb,2015,1.035202145576477
alb,2016,1.044025182723999
alb,2017,1.047677278518677
alb,2018,1.048925995826721
alb,2019,1.048065662384033
alb,2020,1.048498868942261
alb,2021,1.051194548606873
alb,2022,1.051743507385254
alb,2023,1.053392648696899
alb,2024,1.056105613708496
arg,1990,1.128801465034485
arg,1991,1.130511522293091
arg,1992,1.137630701065063
arg,1993,1.141135931015015
arg,1994,1.148211240768433
arg,1995,1.145025253295898
arg,1996,1.144518256187439
arg,1997,1.139802575111389
arg,1998,1.145187616348267
arg,1999,1.149350643157959
arg,2000,1.147249221801758
arg,2001,1.144012928009033
arg,2002,1.143548369407654
arg,2003,1.144694566726685
arg,2004,1.148325324058533
arg,2005,1.149443507194519
arg,2006,1.151090383529663
arg,2007,1.150455951690674
arg,2008,1.148809552192688
arg,2009,1.149187564849854
arg,2010,1.148748159408569
arg,2011,1.154185056686401
arg,2012,1.162756562232971
arg,2013,1.172767162322998
arg,2014,1.176900625228882
arg,2015,1.180494904518127
arg,2016,1.182608723640442
arg,2017,1.185611486434937
arg,2018,1.187142848968506
arg,2019,1.187234044075012
arg,2020,1.189873456954956
arg,2021,1.188811182975769
arg,2022,1.19140088558197
arg,2023,1.189226508140564
arg,2024,1.189560413360596
arm,1990,1.032044172286987
arm,1991,1.033112525939941
arm,1992,1.036343574523926
arm,1993,1.03969132900238
arm,1994,1.042035341262817
arm,1995,1.04565703868866
arm,1996,1.053932547569275
arm,1997,1.066666722297668
arm,1998,1.078231334686279
arm,1999,1.085034012794495
arm,2000,1.08607017993927
arm,2001,1.085972905158997
arm,2002,1.085875749588013
arm,2003,1.085778832435608
arm,2004,1.08661413192749
arm,2005,1.085106372833252
arm,2006,1.083612084388733
arm,2007,1.081201314926147
arm,2008,1.079911231994629
arm,2009,1.075304508209229
arm,2010,1.068508267402649
arm,2011,1.062775373458862
arm,2012,1.060373187065125
arm,2013,1.05914568901062
arm,2014,1.057923555374146
arm,2015,1.058887720108032
arm,2016,1.058759570121765
arm,2017,1.058631896972656
arm,2018,1.057546138763428
arm,2019,1.057421445846558
arm,2020,1.05627703666687
arm,2021,1.057235479354858
arm,2022,1.055135130882263
arm,2023,1.053937435150146
arm,2024,1.053879261016846
aus,1990,1.070000052452087
aus,1991,1.069565176963806
aus,1992,1.070457339286804
aus,1993,1.072481513023376
aus,1994,1.072215437889099
aus,1995,1.071863532066345
aus,1996,1.07272732257843
aus,1997,1.073493957519531
aus,1998,1.072028756141663
aus,1999,1.070489883422852
aus,2000,1.067857146263123
aus,2001,1.064056992530823
aus,2002,1.063604235649109
aus,2003,1.064327478408813
aus,2004,1.066202044487
aus,2005,1.067052006721497
aus,2006,1.06682026386261
aus,2007,1.068807363510132
aus,2008,1.069634675979614
aus,2009,1.068259358406067
aus,2010,1.068104386329651
aus,2011,1.067045450210571
aus,2012,1.064846396446228
aus,2013,1.061433434486389
aus,2014,1.060158967971802
aus,2015,1.059954762458801
aus,2016,1.063063025474548
aus,2017,1.066069483757019
aus,2018,1.06577479839325
aus,2019,1.063263058662415
aus,2020,1.062983393669128
aus,2021,1.061741948127747
aus,2022,1.062637329101563
aus,2023,1.062431573867798
aus,2024,1.063318729400635
aut,1990,0.9049826264381408
aut,1991,0.906682014465332
aut,1992,0.9112903475761414
aut,1993,0.9150401949882508
aut,1994,0.9219288229942322
aut,1995,0.929061770439148
aut,1996,0.9382857084274292
aut,1997,0.9451428651809692
aut,1998,0.9530892372131348
aut,1999,0.9588100910186768
aut,2000,0.963428556919098
aut,2001,0.9668192267417908
aut,2002,0.9701149463653564
aut,2003,0.9767981171607972
aut,2004,0.9824561476707458
aut,2005,0.9882214665412904
aut,2006,0.9928994178771972
aut,2007,0.9976274967193604
aut,2008,1.0
aut,2009,1.004733681678772
aut,2010,1.011778593063354
aut,2011,1.017564415931702
aut,2012,1.023255825042725
aut,2013,1.026651263237
aut,2014,1.033487319946289
aut,2015,1.040369033813477
aut,2016,1.047180652618408
aut,2017,1.052873611450195
aut,2018,1.057273745536804
aut,2019,1.05936074256897
aut,2020,1.061433434486389
aut,2021,1.064625859260559
aut,2022,1.065536737442017
aut,2023,1.067643761634827
aut,2024,1.06749153137207
aze,1990,0.8047945499420166
aze,1991,0.8531468510627747
aze,1992,0.895470380783081
aze,1993,0.9288135766983032
aze,1994,0.9337539672851564
aze,1995,0.9257143139839172
aze,1996,0.9128205180168152
aze,1997,0.9048724174499512
aze,1998,0.9014989137649536
aze,1999,0.9001995921134949
aze,2000,0.9037736058235168
aze,2001,0.9118704795837402
aze,2002,0.9206896424293518
aze,2003,0.9269102811813354
aze,2004,0.9292604327201844
aze,2005,0.9326018691062928
aze,2006,0.9396284818649292
aze,2007,0.9548988938331604
aze,2008,0.9715189933776855
aze,2009,0.9886547923088074
aze,2010,1.009852170944214
aze,2011,1.027823209762573
aze,2012,1.040584444999695
aze,2013,1.04347825050354
aze,2014,1.042993664741516
aze,2015,1.034755110740662
aze,2016,1.02799379825592
aze,2017,1.016845345497131
aze,2018,1.004504561424255
aze,2019,0.9883211851119996
aze,2020,0.9759547114372252
aze,2021,0.9670782089233398
aze,2022,0.9639999866485596
aze,2023,0.963683545589447
aze,2024,0.9657794833183287
bdi,1990,0.3199999928474426
bdi,1991,0.3461538553237915
bdi,1992,0.3846153914928436
bdi,1993,0.3846153914928436
bdi,1994,0.4230769276618958
bdi,1995,0.4444444477558136
bdi,1996,0.5185185074806213
bdi,1997,0.5357142686843872
bdi,1998,0.5862069129943848
bdi,1999,0.5806451439857483
bdi,2000,0.625
bdi,2001,0.6363636255264282
bdi,2002,0.6285714507102966
bdi,2003,0.6111111044883728
bdi,2004,0.6486486196517944
bdi,2005,0.6842105388641357
bdi,2006,0.707317054271698
bdi,2007,0.7272727489471436
bdi,2008,0.7291666865348816
bdi,2009,0.7169811129570007
bdi,2010,0.719298243522644
bdi,2011,0.725806474685669
bdi,2012,0.7313432693481445
bdi,2013,0.75
bdi,2014,0.7866666913032532
bdi,2015,0.807692289352417
bdi,2016,0.8374999761581421
bdi,2017,0.8641975522041321
bdi,2018,0.891566276550293
bdi,2019,0.9285714030265808
bdi,2020,0.9534883499145508
bdi,2021,0.9775280952453612
bdi,2022,1.0
bdi,2023,1.03125
bdi,2024,1.059405922889709
bel,1990,1.048941850662231
bel,1991,1.053524851799011
bel,1992,1.060567021369934
bel,1993,1.068702340126038
bel,1994,1.073140025138855
bel,1995,1.07393479347229
bel,1996,1.073474526405334
bel,1997,1.071782231330872
bel,1998,1.072481513023376
bel,1999,1.073349595069885
bel,2000,1.076735734939575
bel,2001,1.077858924865723
bel,2002,1.079075455665588
bel,2003,1.079171776771545
bel,2004,1.081409454345703
bel,2005,1.084745764732361
bel,2006,1.08674693107605
bel,2007,1.088729023933411
bel,2008,1.088410973548889
bel,2009,1.08949875831604
bel,2010,1.090476155281067
bel,2011,1.09015417098999
bel,2012,1.091872811317444
bel,2013,1.092289686203003
bel,2014,1.090487241744995
bel,2015,1.090909123420715
bel,2016,1.090389013290405
bel,2017,1.091012477874756
bel,2018,1.09276020526886
bel,2019,1.092342376708984
bel,2020,1.092031478881836
bel,2021,1.09172260761261
bel,2022,1.091415882110596
bel,2023,1.090100169181824
bel,2024,1.089800477027893
ben,1990,0.2957746386528015
ben,1991,0.3088235259056091
ben,1992,0.3181818127632141
ben,1993,0.3230769336223602
ben,1994,0.3230769336223602
ben,1995,0.3230769336223602
ben,1996,0.3181818127632141
ben,1997,0.3235294222831726
ben,1998,0.3194444477558136
ben,1999,0.3246753215789795
ben,2000,0.3170731663703918
ben,2001,0.3294117748737335
ben,2002,0.3333333432674408
ben,2003,0.3402061760425568
ben,2004,0.3457943797111511
ben,2005,0.3389830589294434
ben,2006,0.3385826647281647
ben,2007,0.3333333432674408
ben,2008,0.3400000035762787
ben,2009,0.3478260934352875
ben,2010,0.3571428656578064
ben,2011,0.3684210479259491
ben,2012,0.3828571438789368
ben,2013,0.3922652006149292
ben,2014,0.4052631556987762
ben,2015,0.4199999868869781
ben,2016,0.4285714328289032
ben,2017,0.4318181872367859
ben,2018,0.439130425453186
ben,2019,0.4453781545162201
ben,2020,0.4574898779392242
ben,2021,0.4685039222240448
ben,2022,0.4827586114406586
ben,2023,0.4888059794902802
ben,2024,0.4945454597473145
bfa,1990,0.40625
bfa,1991,0.4000000059604645
bfa,1992,0.3947368562221527
bfa,1993,0.4000000059604645
bfa,1994,0.395348846912384
bfa,1995,0.4090909063816071
bfa,1996,0.422222226858139
bfa,1997,0.4545454680919647
bfa,1998,0.4545454680919647
bfa,1999,0.4772727191448212
bfa,2000,0.4772727191448212
bfa,2001,0.5
bfa,2002,0.4888888895511627
bfa,2003,0.5111111402511597
bfa,2004,0.5333333611488342
bfa,2005,0.52173912525177
bfa,2006,0.5
bfa,2007,0.4901960790157318
bfa,2008,0.4642857015132904
bfa,2009,0.4590163826942444
bfa,2010,0.469696968793869
bfa,2011,0.465753436088562
bfa,2012,0.4625000059604645
bfa,2013,0.4651162922382355
bfa,2014,0.4731182754039764
bfa,2015,0.4851485192775726
bfa,2016,0.5090909004211426
bfa,2017,0.5166666507720947
bfa,2018,0.5227272510528564
bfa,2019,0.5205479264259338
bfa,2020,0.5249999761581421
bfa,2021,0.5317919254302979
bfa,2022,0.532608687877655
bfa,2023,0.5364583134651184
bfa,2024,0.5323383212089539
bgd,1990,0.2222222238779068
bgd,1991,0.2344827651977539
bgd,1992,0.2551724016666412
bgd,1993,0.2689655125141144
bgd,1994,0.281879186630249
bgd,1995,0.2960526347160339
bgd,1996,0.3076923191547394
bgd,1997,0.3270440399646759
bgd,1998,0.3664596378803253
bgd,1999,0.3987730145454407
bgd,2000,0.4347825944423676
bgd,2001,0.4528301954269409
bgd,2002,0.4585987329483032
bgd,2003,0.4675324559211731
bgd,2004,0.4771241843700409
bgd,2005,0.5
bgd,2006,0.5096774101257324
bgd,2007,0.5189873576164246
bgd,2008,0.5243902206420898
bgd,2009,0.5523256063461304
bgd,2010,0.5752688050270081
bgd,2011,0.611940324306488
bgd,2012,0.6438356041908264
bgd,2013,0.6864407062530518
bgd,2014,0.72265625
bgd,2015,0.7527272701263428
bgd,2016,0.7815699577331543
bgd,2017,0.8181818127632141
bgd,2018,0.856249988079071
bgd,2019,0.8912386894226074
bgd,2020,0.914956033229828
bgd,2021,0.9435028433799744
bgd,2022,0.9700272679328918
bgd,2023,0.9973614811897278
bgd,2024,1.025125622749329
bgr,1990,1.027744293212891
bgr,1991,1.025331735610962
bgr,1992,1.025331735610962
bgr,1993,1.022974610328674
bgr,1994,1.021818161010742
bgr,1995,1.020631074905396
bgr,1996,1.017031669616699
bgr,1997,1.013398289680481
bgr,1998,1.014616370201111
bgr,1999,1.014652013778687
bgr,2000,1.013480424880981
bgr,2001,1.011070132255554
bgr,2002,1.008631348609924
bgr,2003,1.007407426834106
bgr,2004,1.003708243370056
bgr,2005,0.9987654089927672
bgr,2006,0.996328055858612
bgr,2007,0.9939320683479308
bgr,2008,0.9951748847961426
bgr,2009,0.9951865077018738
bgr,2010,0.9928143620491028
bgr,2011,0.992831528186798
bgr,2012,0.9928486347198486
bgr,2013,0.9964285492897034
bgr,2014,0.9988123774528505
bgr,2015,1.002364039421082
bgr,2016,1.003525257110596
bgr,2017,1.003508806228638
bgr,2018,1.005820751190186
bgr,2019,1.006960511207581
bgr,2020,1.008092522621155
bgr,2021,1.008073806762695
bgr,2022,1.010344862937927
bgr,2023,1.010321140289307
bgr,2024,1.010297536849976
bih,1990,0.9834905862808228
bih,1991,0.9858155846595764
bih,1992,0.9905882477760316
bih,1993,1.00468385219574
bih,1994,1.01616632938385
bih,1995,1.024999976158142
bih,1996,1.028953194618225
bih,1997,1.030501127243042
bih,1998,1.038135647773743
bih,1999,1.04722797870636
bih,2000,1.059523820877075
bih,2001,1.069498062133789
bih,2002,1.077067613601685
bih,2003,1.08088231086731
bih,2004,1.087971329689026
bih,2005,1.091549277305603
bih,2006,1.098445653915405
bih,2007,1.110169529914856
bih,2008,1.11519193649292
bih,2009,1.118811845779419
bih,2010,1.126829266548157
bih,2011,1.130016088485718
bih,2012,1.131537199020386
bih,2013,1.137500047683716
bih,2014,1.137557983398438
bih,2015,1.139356851577759
bih,2016,1.14393937587738
bih,2017,1.144144177436829
bih,2018,1.151111125946045
bih,2019,1.151026368141174
bih,2020,1.153846144676208
bih,2021,1.153956890106201
bih,2022,1.156472206115723
bih,2023,1.161971807479858
bih,2024,1.167130947113037
blr,1990,1.122042298316956
blr,1991,1.111111164093018
blr,1992,1.094362735748291
blr,1993,1.082424283027649
blr,1994,1.071770310401917
blr,1995,1.059241652488708
blr,1996,1.053927302360535
blr,1997,1.047674417495728
blr,1998,1.043879866600037
blr,1999,1.040137648582458
blr,2000,1.039863348007202
blr,2001,1.038461565971375
blr,2002,1.037120342254639
blr,2003,1.035834312438965
blr,2004,1.034559607505798
blr,2005,1.034406185150146
blr,2006,1.033222556114197
blr,2007,1.0298672914505
blr,2008,1.028697609901428
blr,2009,1.029735684394836
blr,2010,1.029670357704163
blr,2011,1.029637813568115
blr,2012,1.030701756477356
blr,2013,1.031763434410095
blr,2014,1.034934520721436
blr,2015,1.035908579826355
blr,2016,1.03474485874176
blr,2017,1.033549785614014
blr,2018,1.030270218849182
blr,2019,1.028047442436218
blr,2020,1.025834202766418
blr,2021,1.023630499839783
blr,2022,1.022483944892883
blr,2023,1.02136754989624
blr,2024,1.019189715385437
bol,1990,0.8274932503700256
bol,1991,0.8315789699554443
bol,1992,0.8363171219825745
bol,1993,0.8411910533905029
bol,1994,0.839712917804718
bol,1995,0.8475750684738159
bol,1996,0.8526785969734192
bol,1997,0.8655097484588623
bol,1998,0.8713080286979675
bol,1999,0.875
bol,2000,0.8754940629005432
bol,2001,0.8824662566184998
bol,2002,0.8928571343421936
bol,2003,0.90625
bol,2004,0.9120287299156188
bol,2005,0.9154929518699646
bol,2006,0.9222797751426696
bol,2007,0.9323180913925172
bol,2008,0.9499165415763856
bol,2009,0.9668874144554138
bol,2010,0.9720394611358644
bol,2011,0.967637538909912
bol,2012,0.96815288066864
bol,2013,0.97347891330719
bol,2014,0.9815950989723206
bol,2015,0.9849849939346312
bol,2016,0.989675521850586
bol,2017,0.994194507598877
bol,2018,0.9985714554786682
bol,2019,1.001404523849487
bol,2020,1.006915688514709
bol,2021,1.008185505867004
bol,2022,1.012096762657166
bol,2023,1.015915155410767
bol,2024,1.018300652503967
bra,1990,1.187667608261108
bra,1991,1.182539701461792
bra,1992,1.186528444290161
bra,1993,1.187817215919495
bra,1994,1.19451367855072
bra,1995,1.198044061660767
bra,1996,1.197619080543518
bra,1997,1.195402264595032
bra,1998,1.191630005836487
bra,1999,1.181818127632141
bra,2000,1.173116087913513
bra,2001,1.168297410011292
bra,2002,1.166351556777954
bra,2003,1.168498158454895
bra,2004,1.168761253356934
bra,2005,1.171378135681152
bra,2006,1.17677640914917
bra,2007,1.181972742080688
bra,2008,1.182274222373962
bra,2009,1.18286657333374
bra,2010,1.182113766670227
bra,2011,1.181380391120911
bra,2012,1.18383514881134
bra,2013,1.186228513717651
bra,2014,1.189522385597229
bra,2015,1.184848427772522
bra,2016,1.172362565994263
bra,2017,1.153284668922424
bra,2018,1.134670495986938
bra,2019,1.123769283294678
bra,2020,1.118784546852112
bra,2021,1.11459755897522
bra,2022,1.112162113189697
bra,2023,1.114819765090942
bra,2024,1.116094946861267
brb,1990,1.114444494247437
brb,1991,1.111849427223206
brb,1992,1.110253572463989
brb,1993,1.10867178440094
brb,1994,1.10819673538208
brb,1995,1.105434775352478
brb,1996,1.101731657981873
brb,1997,1.099031209945679
brb,1998,1.09549355506897
brb,1999,1.093048095703125
brb,2000,1.089552283287048
brb,2001,1.088204026222229
brb,2002,1.086864352226257
brb,2003,1.086589217185974
brb,2004,1.085353016853333
brb,2005,1.085173487663269
brb,2006,1.085953831672668
brb,2007,1.086729407310486
brb,2008,1.086458325386047
brb,2009,1.086189031600952
brb,2010,1.084024906158447
brb,2011,1.082815766334534
brb,2012,1.081611514091492
brb,2013,1.079463362693787
brb,2014,1.077239990234375
brb,2015,1.076053500175476
brb,2016,1.074948668479919
brb,2017,1.073694944381714
brb,2018,1.07252299785614
brb,2019,1.071428537368774
brb,2020,1.069316983222961
brb,2021,1.068228125572205
brb,2022,1.067073225975037
brb,2023,1.065040707588196
brb,2024,1.063959360122681
btn,1990,0.2394366264343262
btn,1991,0.2556053698062897
btn,1992,0.2838428020477295
btn,1993,0.3060344755649567
btn,1994,0.3290598392486572
btn,1995,0.355648547410965
btn,1996,0.3855421543121338
btn,1997,0.4166666567325592
btn,1998,0.4464285671710968
btn,1999,0.4798657596111298
btn,2000,0.5094936490058899
btn,2001,0.544910192489624
btn,2002,0.5790960192680359
btn,2003,0.6096256971359253
btn,2004,0.6430379748344421
btn,2005,0.6802884340286255
btn,2006,0.7185354828834534
btn,2007,0.751091718673706
btn,2008,0.7828810214996338
btn,2009,0.8119999766349792
btn,2010,0.8384615182876587
btn,2011,0.8645640015602112
btn,2012,0.8969258666038513
btn,2013,0.9241622686386108
btn,2014,0.949999988079071
btn,2015,0.9763912558555604
btn,2016,0.9967051148414612
btn,2017,1.017432689666748
btn,2018,1.039573788642883
btn,2019,1.052863478660583
btn,2020,1.068085074424744
btn,2021,1.082417607307434
btn,2022,1.093457937240601
btn,2023,1.101430416107178
btn,2024,1.108998775482178
bwa,1990,0.8401826620101929
bwa,1991,0.8583691120147705
bwa,1992,0.8888888955116272
bwa,1993,0.9163346886634828
bwa,1994,0.945098042488098
bwa,1995,0.9545454382896424
bwa,1996,0.95652174949646
bwa,1997,0.9547038078308104
bwa,1998,0.9693877696990968
bwa,1999,0.9865319728851318
bwa,2000,1.009999990463257
bwa,2001,1.035598754882813
bwa,2002,1.049844264984131
bwa,2003,1.059701442718506
bwa,2004,1.074498534202576
bwa,2005,1.107142806053162
bwa,2006,1.127659559249878
bwa,2007,1.138107419013977
bwa,2008,1.137592196464539
bwa,2009,1.125874161720276
bwa,2010,1.116997838020325
bwa,2011,1.111801266670227
bwa,2012,1.118110179901123
bwa,2013,1.126654028892517
bwa,2014,1.133944988250732
bwa,2015,1.139037489891052
bwa,2016,1.145077705383301
bwa,2017,1.155778884887695
bwa,2018,1.15986955165863
bwa,2019,1.16375195980072
bwa,2020,1.163297057151794
bwa,2021,1.169954419136047
bwa,2022,1.175074219703674
bwa,2023,1.174672484397888
bwa,2024,1.175714254379272
caf,1990,0.2952381074428558
caf,1991,0.2980769276618958
caf,1992,0.3106796145439148
caf,1993,0.3203883469104767
caf,1994,0.3300970792770386
caf,1995,0.343137264251709
caf,1996,0.3627451062202454
caf,1997,0.3823529481887817
caf,1998,0.4019607901573181
caf,1999,0.4215686321258545
caf,2000,0.4356435537338257
caf,2001,0.4356435537338257
caf,2002,0.4399999976158142
caf,2003,0.4444444477558136
caf,2004,0.4591836631298065
caf,2005,0.4693877696990967
caf,2006,0.4848484992980957
caf,2007,0.5049505233764648
caf,2008,0.5142857432365417
caf,2009,0.5321100950241089
caf,2010,0.5446428656578064
caf,2011,0.5398229956626892
caf,2012,0.5495495200157166
caf,2013,0.5596330165863037
caf,2014,0.5700934529304504
caf,2015,0.5754716992378235
caf,2016,0.5794392228126526
caf,2017,0.6037735939025879
caf,2018,0.6132075190544128
caf,2019,0.6285714507102966
caf,2020,0.6380952596664429
caf,2021,0.650943398475647
caf,2022,0.6542056202888489
caf,2023,0.6666666865348816
caf,2024,0.6851851940155029
can,1990,1.04147469997406
can,1991,1.044724822044373
can,1992,1.047999978065491
can,1993,1.05017101764679
can,1994,1.051078319549561
can,1995,1.050847411155701
can,1996,1.051860213279724
can,1997,1.054054021835327
can,1998,1.055180191993713
can,1999,1.053993225097656
can,2000,1.055118083953857
can,2001,1.058558583259583
can,2002,1.062006711959839
can,2003,1.063205361366272
can,2004,1.067720055580139
can,2005,1.069004535675049
can,2006,1.071347713470459
can,2007,1.069239497184753
can,2008,1.067045450210571
can,2009,1.065909147262573
can,2010,1.065759658813477
can,2011,1.065610885620117
can,2012,1.065462708473206
can,2013,1.065241813659668
can,2014,1.0650954246521
can,2015,1.064949631690979
can,2016,1.064876914024353
can,2017,1.06577479839325
can,2018,1.064516186714172
can,2019,1.064372897148132
can,2020,1.06423032283783
can,2021,1.064088344573975
can,2022,1.063947081565857
can,2023,1.062775373458862
can,2024,1.063736319541931
che,1990,0.9779070019721984
che,1991,0.9836829900741576
che,1992,0.9859976768493652
che,1993,0.9859976768493652
che,1994,0.9848484992980956
che,1995,0.9848484992980956
che,1996,0.9860302805900574
che,1997,0.9883990883827208
che,1998,0.99190753698349
che,1999,0.9965397715568542
che,2000,1.001152038574219
che,2001,1.005727410316467
che,2002,1.007990837097168
che,2003,1.009111642837524
che,2004,1.010238885879517
che,2005,1.01022732257843
che,2006,1.011312246322632
che,2007,1.012373447418213
che,2008,1.012276768684387
che,2009,1.013289093971252
che,2010,1.015401482582092
che,2011,1.017486333847046
che,2012,1.018498420715332
che,2013,1.018438220024109
che,2014,1.018418192863464
che,2015,1.018398284912109
che,2016,1.018378376960754
che,2017,1.01943838596344
che,2018,1.020474195480347
che,2019,1.022580623626709
che,2020,1.024678111076355
che,2021,1.02569591999054
che,2022,1.026680946350098
che,2023,1.027688980102539
che,2024,1.027630209922791
chl,1990,1.043844819068909
chl,1991,1.042833566665649
chl,1992,1.048309206962585
chl,1993,1.05039370059967
chl,1994,1.049921989440918
chl,1995,1.049766659736633
chl,1996,1.048361897468567
chl,1997,1.049844264984131
chl,1998,1.052388310432434
chl,1999,1.054545402526855
chl,2000,1.050670623779297
chl,2001,1.046647191047668
chl,2002,1.044159531593323
chl,2003,1.049999952316284
chl,2004,1.055630922317505
chl,2005,1.055999994277954
chl,2006,1.056578993797302
chl,2007,1.056062579154968
chl,2008,1.06064510345459
chl,2009,1.06521737575531
chl,2010,1.072426915168762
chl,2011,1.074778199195862
chl,2012,1.076729536056519
chl,2013,1.074813008308411
chl,2014,1.072839498519897
chl,2015,1.068376064300537
chl,2016,1.06408703327179
chl,2017,1.057692289352417
chl,2018,1.05382776260376
chl,2019,1.053507685661316
chl,2020,1.052009463310242
chl,2021,1.053927302360535
chl,2022,1.053550601005554
chl,2023,1.053240776062012
chl,2024,1.054023027420044
chn,1990,0.7191011309623718
chn,1991,0.75
chn,1992,0.7736842036247253
chn,1993,0.7948718070983887
chn,1994,0.8149999976158142
chn,1995,0.8309178948402405
chn,1996,0.8440366983413696
chn,1997,0.8589743375778198
chn,1998,0.87109375
chn,1999,0.8817204236984253
chn,2000,0.8896321058273315
chn,2001,0.9129032492637634
chn,2002,0.9490445852279664
chn,2003,0.9873816967010498
chn,2004,1.015290498733521
chn,2005,1.026315808296204
chn,2006,1.027777791023254
chn,2007,1.01578950881958
chn,2008,1.007389187812805
chn,2009,1.009111642837524
chn,2010,1.022868990898132
chn,2011,1.048872232437134
chn,2012,1.076660990715027
chn,2013,1.104687452316284
chn,2014,1.129737615585327
chn,2015,1.149931192398071
chn,2016,1.166013121604919
chn,2017,1.177057385444641
chn,2018,1.184210538864136
chn,2019,1.188722610473633
chn,2020,1.193548440933228
chn,2021,1.193513512611389
chn,2022,1.192389011383057
chn,2023,1.193581819534302
chn,2024,1.193285822868347
civ,1990,0.3492063581943512
civ,1991,0.3538461625576019
civ,1992,0.3676470518112183
civ,1993,0.3802816867828369
civ,1994,0.3815789520740509
civ,1995,0.395061731338501
civ,1996,0.395348846912384
civ,1997,0.3913043439388275
civ,1998,0.3814432919025421
civ,1999,0.3762376308441162
civ,2000,0.3846153914928436
civ,2001,0.3925233781337738
civ,2002,0.4128440320491791
civ,2003,0.4272727370262146
civ,2004,0.4414414465427399
civ,2005,0.4642857015132904
civ,2006,0.469565212726593
civ,2007,0.4833333194255829
civ,2008,0.4959999918937683
civ,2009,0.5230769515037537
civ,2010,0.5522388219833374
civ,2011,0.5777778029441833
civ,2012,0.595588207244873
civ,2013,0.6131386756896973
civ,2014,0.6214285492897034
civ,2015,0.6319444179534912
civ,2016,0.6283783912658691
civ,2017,0.6209150552749634
civ,2018,0.612500011920929
civ,2019,0.5952380895614624
civ,2020,0.5852272510528564
civ,2021,0.5846994519233704
civ,2022,0.5904255509376526
civ,2023,0.6000000238418579
civ,2024,0.6100000143051147
cmr,1990,0.4310344755649567
cmr,1991,0.4521739184856415
cmr,1992,0.4732142984867096
cmr,1993,0.4909090995788574
cmr,1994,0.5045871734619141
cmr,1995,0.5233644843101501
cmr,1996,0.5377358198165894
cmr,1997,0.561904788017273
cmr,1998,0.5754716992378235
cmr,1999,0.5981308221817017
cmr,2000,0.6261682510375977
cmr,2001,0.6603773832321167
cmr,2002,0.6886792182922363
cmr,2003,0.7196261882781982
cmr,2004,0.7363636493682861
cmr,2005,0.7350427508354187
cmr,2006,0.7519999742507935
cmr,2007,0.7593985199928284
cmr,2008,0.7785714268684387
cmr,2009,0.7876712083816528
cmr,2010,0.7894737124443054
cmr,2011,0.7935484051704407
cmr,2012,0.7987421154975891
cmr,2013,0.8048780560493469
cmr,2014,0.8235294222831726
cmr,2015,0.8418079018592834
cmr,2016,0.8579235076904297
cmr,2017,0.8823529481887817
cmr,2018,0.9057591557502748
cmr,2019,0.918367326259613
cmr,2020,0.9396985173225404
cmr,2021,0.9554455280303956
cmr,2022,0.9707317352294922
cmr,2023,1.0
cmr,2024,1.018779397010803
cod,1990,0.3819095492362976
cod,1991,0.3948718011379242
cod,1992,0.4179894328117371
cod,1993,0.4395604431629181
cod,1994,0.4602272808551788
cod,1995,0.4797687828540802
cod,1996,0.4941860437393188
cod,1997,0.5087719559669495
cod,1998,0.529411792755127
cod,1999,0.5502958297729492
cod,2000,0.5757575631141663
cod,2001,0.5925925970077515
cod,2002,0.6037735939025879
cod,2003,0.607594907283783
cod,2004,0.6037735939025879
cod,2005,0.6000000238418579
cod,2006,0.5950919985771179
cod,2007,0.5928143858909607
cod,2008,0.6104651093482971
cod,2009,0.6424580812454224
cod,2010,0.6737967729568481
cod,2011,0.7061855792999268
cod,2012,0.7309644818305969
cod,2013,0.7450000047683716
cod,2014,0.7549019455909729
cod,2015,0.7751196026802063
cod,2016,0.8037382960319519
cod,2017,0.8264840245246887
cod,2018,0.8430493474006653
cod,2019,0.8622221946716309
cod,2020,0.8810572624206543
cod,2021,0.9030836820602416
cod,2022,0.921052634716034
cod,2023,0.9429824352264404
cod,2024,0.9650654792785645
cog,1990,0.3385826647281647
cog,1991,0.3467741906642914
cog,1992,0.3512396812438965
cog,1993,0.3544303774833679
cog,1994,0.3722943663597107
cog,1995,0.3955555558204651
cog,1996,0.4200913310050964
cog,1997,0.4528301954269409
cog,1998,0.4900990128517151
cog,1999,0.5263158082962036
cog,2000,0.5617977380752563
cog,2001,0.5892857313156128
cog,2002,0.6000000238418579
cog,2003,0.6064516305923462
cog,2004,0.6184210777282715
cog,2005,0.6381579041481018
cog,2006,0.6538461446762085
cog,2007,0.6646341681480408
cog,2008,0.6686046719551086
cog,2009,0.6836158037185669
cog,2010,0.7071823477745056
cog,2011,0.7234042286872864
cog,2012,0.7227723002433777
cog,2013,0.733031690120697
cog,2014,0.7317073345184326
cog,2015,0.7380073666572571
cog,2016,0.7422680258750916
cog,2017,0.7516340017318726
cog,2018,0.7555555701255798
cog,2019,0.7663551568984985
cog,2020,0.7774389982223511
cog,2021,0.779104471206665
cog,2022,0.7876105904579163
cog,2023,0.7976539731025696
cog,2024,0.7953890562057495
col,1990,1.102756857872009
col,1991,1.106796145439148
col,1992,1.11007022857666
col,1993,1.113122224807739
col,1994,1.112334847450256
col,1995,1.108741998672485
col,1996,1.101030945777893
col,1997,1.096837997436523
col,1998,1.102079391479492
col,1999,1.110307455062866
col,2000,1.113835334777832
col,2001,1.113207578659058
col,2002,1.111864447593689
col,2003,1.107202649116516
col,2004,1.099009871482849
col,2005,1.097402572631836
col,2006,1.0974440574646
col,2007,1.098901152610779
col,2008,1.09538459777832
col,2009,1.098654747009277
col,2010,1.098096609115601
col,2011,1.101865172386169
col,2012,1.107193231582642
col,2013,1.111265659332275
col,2014,1.109266996383667
col,2015,1.10320782661438
col,2016,1.096317291259766
col,2017,1.091172218322754
col,2018,1.087020635604858
col,2019,1.08208954334259
col,2020,1.079341292381287
col,2021,1.077496290206909
col,2022,1.078171133995056
col,2023,1.07860267162323
col,2024,1.07769787311554
com,1990,0.2777777910232544
com,1991,0.2936508059501648
com,1992,0.3095238208770752
com,1993,0.3203125
com,1994,0.3488371968269348
com,1995,0.3740457892417908
com,1996,0.4060150384902954
com,1997,0.4379562139511108
com,1998,0.4615384638309479
com,1999,0.4965986311435699
com,2000,0.5298013091087341
com,2001,0.5779221057891846
com,2002,0.6369426846504211
com,2003,0.699999988079071
com,2004,0.7454545497894287
com,2005,0.7848837375640869
com,2006,0.8222222328186035
com,2007,0.8602150678634644
com,2008,0.9052631855010986
com,2009,0.9637305736541748
com,2010,1.024999976158142
com,2011,1.087962985038757
com,2012,1.142241358757019
com,2013,1.189516186714172
com,2014,1.220532298088074
com,2015,1.246428608894348
com,2016,1.269360303878784
com,2017,1.292063474655151
com,2018,1.315476179122925
com,2019,1.334269642829895
com,2020,1.35026741027832
com,2021,1.361757159233093
com,2022,1.360902309417725
com,2023,1.36956524848938
com,2024,1.383720874786377
cri,1990,1.0
cri,1991,1.006734013557434
cri,1992,1.010067105293274
cri,1993,1.019544005393982
cri,1994,1.040498495101929
cri,1995,1.044910192489624
cri,1996,1.049707651138306
cri,1997,1.043352603912354
cri,1998,1.055865883827209
cri,1999,1.064689993858337
cri,2000,1.088311672210693
cri,2001,1.108860731124878
cri,2002,1.144607901573181
cri,2003,1.165484666824341
cri,2004,1.17511522769928
cri,2005,1.17381489276886
cri,2006,1.167037844657898
cri,2007,1.163398742675781
cri,2008,1.167019009590149
cri,2009,1.176829218864441
cri,2010,1.187134504318237
cri,2011,1.196597337722778
cri,2012,1.19593346118927
cri,2013,1.188644647598267
cri,2014,1.178181767463684
cri,2015,1.166365265846252
cri,2016,1.157423973083496
cri,2017,1.150709271430969
cri,2018,1.150612950325012
cri,2019,1.153979182243347
cri,2020,1.158974409103394
cri,2021,1.159322023391724
cri,2022,1.162479043006897
cri,2023,1.16252076625824
cri,2024,1.160919547080994
cub,1990,1.116242051124573
cub,1991,1.130503177642822
cub,1992,1.144409894943237
cub,1993,1.154083251953125
cub,1994,1.158950567245483
cub,1995,1.16434109210968
cub,1996,1.169014096260071
cub,1997,1.176100611686707
cub,1998,1.177496075630188
cub,1999,1.175159215927124
cub,2000,1.165079355239868
cub,2001,1.160937547683716
cub,2002,1.156534910202026
cub,2003,1.154185056686401
cub,2004,1.149929285049438
cub,2005,1.144808769226074
cub,2006,1.135638356208801
cub,2007,1.127438187599182
cub,2008,1.115236878395081
cub,2009,1.101394176483154
cub,2010,1.086683392524719
cub,2011,1.073842287063599
cub,2012,1.066416025161743
cub,2013,1.063291192054749
cub,2014,1.063063025474548
cub,2015,1.067973852157593
cub,2016,1.075496673583984
cub,2017,1.090545892715454
cub,2018,1.100401639938354
cub,2019,1.107382535934448
cub,2020,1.11229944229126
cub,2021,1.114513993263245
cub,2022,1.116556286811829
cub,2023,1.11345648765564
cub,2024,1.111548542976379
cyp,1990,1.026615977287292
cyp,1991,1.028858184814453
cyp,1992,1.034696459770203
cyp,1993,1.034398078918457
cyp,1994,1.034104704856873
cyp,1995,1.036231875419617
cyp,1996,1.040718555450439
cyp,1997,1.048635840415955
cyp,1998,1.057647109031677
cyp,1999,1.065268039703369
cyp,2000,1.071593523025513
cyp,2001,1.074455857276917
cyp,2002,1.074116349220276
cyp,2003,1.072644710540771
cyp,2004,1.067796587944031
cyp,2005,1.064116954803467
cyp,2006,1.062709927558899
cyp,2007,1.062430381774902
cyp,2008,1.060975551605225
cyp,2009,1.058369994163513
cyp,2010,1.055798649787903
cyp,2011,1.054288864135742
cyp,2012,1.054956912994385
cyp,2013,1.056745171546936
cyp,2014,1.058697938919067
cyp,2015,1.057630777359009
cyp,2016,1.057630777359009
cyp,2017,1.056503176689148
cyp,2018,1.056383013725281
cyp,2019,1.056203603744507
cyp,2020,1.057082414627075
cyp,2021,1.056902050971985
cyp,2022,1.056722640991211
cyp,2023,1.056544542312622
cyp,2024,1.056426286697388
cze,1990,0.9817400574684144
cze,1991,0.9828326106071472
cze,1992,0.983905553817749
cze,1993,0.983922839164734
cze,1994,0.986066460609436
cze,1995,0.9871520400047302
cze,1996,0.989293336868286
cze,1997,0.9924892783164978
cze,1998,0.9957035183906556
cze,1999,0.998924732208252
cze,2000,1.001075267791748
cze,2001,1.001075267791748
cze,2002,1.002152800559998
cze,2003,1.003232717514038
cze,2004,1.005393743515015
cze,2005,1.007559418678284
cze,2006,1.008648633956909
cze,2007,1.010810852050781
cze,2008,1.012987017631531
cze,2009,1.015167951583862
cze,2010,1.015200853347778
cze,2011,1.014161229133606
cze,2012,1.0141921043396
cze,2013,1.013143539428711
cze,2014,1.014254331588745
cze,2015,1.015384674072266
cze,2016,1.017601728439331
cze,2017,1.018722414970398
cze,2018,1.018763780593872
cze,2019,1.019867539405823
cze,2020,1.020948171615601
cze,2021,1.020925164222717
cze,2022,1.020902037620544
cze,2023,1.020879149436951
cze,2024,1.023026347160339
deu,1990,0.9577804803848268
deu,1991,0.962469756603241
deu,1992,0.9659781455993652
deu,1993,0.9695122241973876
deu,1994,0.97177916765213
deu,1995,0.9740098714828492
deu,1996,0.9788293838500975
deu,1997,0.9862155318260192
deu,1998,0.9949811697006226
deu,1999,1.003759384155273
deu,2000,1.009975075721741
deu,2001,1.016169190406799
deu,2002,1.02111804485321
deu,2003,1.025957942008972
deu,2004,1.031980276107788
deu,2005,1.036764740943909
deu,2006,1.041615724563599
deu,2007,1.046511650085449
deu,2008,1.048959612846375
deu,2009,1.0514075756073
deu,2010,1.05256724357605
deu,2011,1.051344752311707
deu,2012,1.04889976978302
deu,2013,1.04523229598999
deu,2014,1.045066952705383
deu,2015,1.046116471290588
deu,2016,1.048309206962585
deu,2017,1.050541520118713
deu,2018,1.053956866264343
deu,2019,1.056220054626465
deu,2020,1.056152939796448
deu,2021,1.056019067764282
deu,2022,1.059453010559082
deu,2023,1.060426592826843
deu,2024,1.060355067253113
dji,1990,0.117241382598877
dji,1991,0.1400000005960464
dji,1992,0.1666666716337204
dji,1993,0.1913580298423767
dji,1994,0.2155688554048538
dji,1995,0.2397660762071609
dji,1996,0.2613636255264282
dji,1997,0.2777777910232544
dji,1998,0.304347813129425
dji,1999,0.3315789401531219
dji,2000,0.3571428656578064
dji,2001,0.3853658437728882
dji,2002,0.4131455421447754
dji,2003,0.4414414465427399
dji,2004,0.469565212726593
dji,2005,0.4957983195781708
dji,2006,0.5247933864593506
dji,2007,0.5487805008888245
dji,2008,0.586345374584198
dji,2009,0.6230158805847168
dji,2010,0.6640625
dji,2011,0.699999988079071
dji,2012,0.7442747950553894
dji,2013,0.7781955003738403
dji,2014,0.8118081092834473
dji,2015,0.8576642274856567
dji,2016,0.8920863270759583
dji,2017,0.9395017623901368
dji,2018,0.9929078221321106
dji,2019,1.027118682861328
dji,2020,1.070739507675171
dji,2021,1.101227045059204
dji,2022,1.142441868782043
dji,2023,1.182320475578308
dji,2024,1.214285731315613
dnk,1990,1.06623375415802
dnk,1991,1.062015533447266
dnk,1992,1.057840585708618
dnk,1993,1.054916977882385
dnk,1994,1.047013998031616
dnk,1995,1.042929291725159
dnk,1996,1.04015052318573
dnk,1997,1.041198492050171
dnk,1998,1.045962691307068
dnk,1999,1.053217768669128
dnk,2000,1.061652302742004
dnk,2001,1.072481513023376
dnk,2002,1.08241081237793
dnk,2003,1.088888883590698
dnk,2004,1.094292759895325
dnk,2005,1.100997447967529
dnk,2006,1.106250047683716
dnk,2007,1.113892316818237
dnk,2008,1.120150208473206
dnk,2009,1.124371886253357
dnk,2010,1.128463506698608
dnk,2011,1.128950715065002
dnk,2012,1.128950715065002
dnk,2013,1.128787875175476
dnk,2014,1.127204060554504
dnk,2015,1.126725196838379
dnk,2016,1.131086111068726
dnk,2017,1.13325035572052
dnk,2018,1.135403752326965
dnk,2019,1.137546420097351
dnk,2020,1.138271570205688
dnk,2021,1.138991355895996
dnk,2022,1.138650298118591
dnk,2023,1.13831090927124
dnk,2024,1.137804865837097
dom,1990,1.274285674095154
dom,1991,1.291784644126892
dom,1992,1.294943809509277
dom,1993,1.292011022567749
dom,1994,1.286486506462097
dom,1995,1.277777791023254
dom,1996,1.264102578163147
dom,1997,1.255583167076111
dom,1998,1.252983331680298
dom,1999,1.251716256141663
dom,2000,1.256070613861084
dom,2001,1.26068377494812
dom,2002,1.263598322868347
dom,2003,1.258655786514282
dom,2004,1.259405970573425
dom,2005,1.257197737693787
dom,2006,1.255159497261047
dom,2007,1.250460386276245
dom,2008,1.245487332344055
dom,2009,1.237258315086365
dom,2010,1.229452013969421
dom,2011,1.235392332077026
dom,2012,1.241776347160339
dom,2013,1.242671012878418
dom,2014,1.237398386001587
dom,2015,1.237864136695862
dom,2016,1.243980765342712
dom,2017,1.254344344139099
dom,2018,1.265842318534851
dom,2019,1.27382755279541
dom,2020,1.278931736946106
dom,2021,1.278592348098755
dom,2022,1.279305338859558
dom,2023,1.276504278182983
dom,2024,1.27903687953949
dza,1990,0.7160493731498718
dza,1991,0.7529411911964417
dza,1992,0.800000011920929
dza,1993,0.8421052694320679
dza,1994,0.8899999856948853
dza,1995,0.9150943160057068
dza,1996,0.9639639854431152
dza,1997,1.033057808876038
dza,1998,1.081481456756592
dza,1999,1.131578922271729
dza,2000,1.160714268684387
dza,2001,1.194594621658325
dza,2002,1.232673287391663
dza,2003,1.264840126037598
dza,2004,1.291139245033264
dza,2005,1.305882334709167
dza,2006,1.316176414489746
dza,2007,1.325342416763306
dza,2008,1.339682579040527
dza,2009,1.349112391471863
dza,2010,1.359116077423096
dza,2011,1.370466351509094
dza,2012,1.390243887901306
dza,2013,1.407407402992249
dza,2014,1.423841118812561
dza,2015,1.437894701957703
dza,2016,1.446464657783508
dza,2017,1.453125
dza,2018,1.45643937587738
dza,2019,1.459558844566345
dza,2020,1.459893107414246
dza,2021,1.460344791412354
dza,2022,1.463576197624207
dza,2023,1.467304587364197
dza,2024,1.470769286155701
ecu,1990,1.011080384254456
ecu,1991,1.024657487869263
ecu,1992,1.0298912525177
ecu,1993,1.027100324630737
ecu,1994,1.024258732795715
ecu,1995,1.023936152458191
ecu,1996,1.026178002357483
ecu,1997,1.023255825042725
ecu,1998,1.023017883300781
ecu,1999,1.022613048553467
ecu,2000,1.022112965583801
ecu,2001,1.024038434028625
ecu,2002,1.023640632629395
ecu,2003,1.023364543914795
ecu,2004,1.018433213233948
ecu,2005,1.009029388427734
ecu,2006,1.004366755485535
ecu,2007,1.004201650619507
ecu,2008,1.01006031036377
ecu,2009,1.015444040298462
ecu,2010,1.029684543609619
ecu,2011,1.040852546691895
ecu,2012,1.054237246513367
ecu,2013,1.068910241127014
ecu,2014,1.079268336296082
ecu,2015,1.090510964393616
ecu,2016,1.097183108329773
ecu,2017,1.100000023841858
ecu,2018,1.099462389945984
ecu,2019,1.098013281822205
ecu,2020,1.099346399307251
ecu,2021,1.100645184516907
ecu,2022,1.101910829544067
ecu,2023,1.101010084152222
ecu,2024,1.099875211715698
egy,1990,0.75
egy,1991,0.7675675749778748
egy,1992,0.7761989235877991
egy,1993,0.7852112650871277
egy,1994,0.796875
egy,1995,0.8057921528816223
egy,1996,0.818030059337616
egy,1997,0.8316993713378906
egy,1998,0.8504823446273804
egy,1999,0.8714285492897034
egy,2000,0.8887147307395935
egy,2001,0.9013867378234864
egy,2002,0.91238671541214
egy,2003,0.920236349105835
egy,2004,0.9303337931632996
egy,2005,0.9374110698699952
egy,2006,0.948106586933136
egy,2007,0.9598893523216248
egy,2008,0.9754098653793336
egy,2009,0.9919028282165528
egy,2010,1.003984093666077
egy,2011,1.010443806648254
egy,2012,1.015424132347107
egy,2013,1.02025318145752
egy,2014,1.027397274971008
egy,2015,1.031901836395264
egy,2016,1.037484884262085
egy,2017,1.040572762489319
egy,2018,1.042452812194824
egy,2019,1.046565771102905
egy,2020,1.047289490699768
egy,2021,1.050228357315063
egy,2022,1.050847411155701
egy,2023,1.052631616592407
egy,2024,1.056540966033936
esp,1990,1.07216489315033
esp,1991,1.087893843650818
esp,1992,1.101286172866821
esp,1993,1.113029837608337
esp,1994,1.120980143547058
esp,1995,1.125560522079468
esp,1996,1.131386876106262
esp,1997,1.138129472732544
esp,1998,1.142653346061707
esp,1999,1.149359941482544
esp,2000,1.154065608978271
esp,2001,1.161428570747375
esp,2002,1.166427493095398
esp,2003,1.171469688415527
esp,2004,1.17706823348999
esp,2005,1.181950449943542
esp,2006,1.184210538864136
esp,2007,1.18248176574707
esp,2008,1.181422352790833
esp,2009,1.177233457565308
esp,2010,1.175714254379272
esp,2011,1.173728823661804
esp,2012,1.169444441795349
esp,2013,1.163710832595825
esp,2014,1.157543420791626
esp,2015,1.14927339553833
esp,2016,1.145478367805481
esp,2017,1.144908666610718
esp,2018,1.145454525947571
esp,2019,1.148195862770081
esp,2020,1.149425268173218
esp,2021,1.152091264724731
esp,2022,1.153459072113037
esp,2023,1.155860304832458
esp,2024,1.158220052719116
est,1990,1.056263327598572
est,1991,1.060767531394958
est,1992,1.066595077514648
est,1993,1.072746992111206
est,1994,1.079120874404907
est,1995,1.085746049880981
est,1996,1.092550754547119
est,1997,1.100456595420837
est,1998,1.107019543647766
est,1999,1.112268567085266
est,2000,1.116144061088562
est,2001,1.117305517196655
est,2002,1.115740776062012
est,2003,1.109573245048523
est,2004,1.103567361831665
est,2005,1.100000023841858
est,2006,1.098850607872009
est,2007,1.098964333534241
est,2008,1.101382493972778
est,2009,1.102652788162231
est,2010,1.103926062583923
est,2011,1.102771401405334
est,2012,1.09919261932373
est,2013,1.094361305236816
est,2014,1.089347124099731
est,2015,1.086758017539978
est,2016,1.08863639831543
est,2017,1.09183669090271
est,2018,1.096153855323792
est,2019,1.098305106163025
est,2020,1.098194122314453
est,2021,1.096956014633179
est,2022,1.095505595207214
est,2023,1.095184803009033
est,2024,1.095982193946838
eth,1990,0.6153846383094788
eth,1991,0.6461538672447205
eth,1992,0.703125
eth,1993,0.75
eth,1994,0.7692307829856873
eth,1995,0.800000011920929
eth,1996,0.8153846263885498
eth,1997,0.84375
eth,1998,0.84375
eth,1999,0.8461538553237915
eth,2000,0.8484848737716675
eth,2001,0.8382353186607361
eth,2002,0.8194444179534912
eth,2003,0.8051947951316833
eth,2004,0.792682945728302
eth,2005,0.7701149582862854
eth,2006,0.7692307829856873
eth,2007,0.7708333134651184
eth,2008,0.7900000214576721
eth,2009,0.8190476298332214
eth,2010,0.853210985660553
eth,2011,0.9017857313156128
eth,2012,0.964601755142212
eth,2013,1.008695602416992
eth,2014,1.057377099990845
eth,2015,1.109375
eth,2016,1.141790986061096
eth,2017,1.164285659790039
eth,2018,1.184931516647339
eth,2019,1.205298066139221
eth,2020,1.219354867935181
eth,2021,1.231250047683716
eth,2022,1.25301206111908
eth,2023,1.263157844543457
eth,2024,1.278409123420715
fin,1990,1.047945261001587
fin,1991,1.052391767501831
fin,1992,1.056753635406494
fin,1993,1.061085939407349
fin,1994,1.066366672515869
fin,1995,1.06718921661377
fin,1996,1.066815137863159
fin,1997,1.065337777137756
fin,1998,1.064017653465271
fin,1999,1.066006541252136
fin,2000,1.068057060241699
fin,2001,1.070252418518066
fin,2002,1.070407032966614
fin,2003,1.070640206336975
fin,2004,1.070953488349915
fin,2005,1.071190237998962
fin,2006,1.0703125
fin,2007,1.069273710250854
fin,2008,1.063829779624939
fin,2009,1.057239055633545
fin,2010,1.049493789672852
fin,2011,1.041760683059692
fin,2012,1.035028219223022
fin,2013,1.031602740287781
fin,2014,1.02924633026123
fin,2015,1.029115319252014
fin,2016,1.029017806053162
fin,2017,1.028921008110046
fin,2018,1.028888940811157
fin,2019,1.029933452606201
fin,2020,1.028792858123779
fin,2021,1.027654886245728
fin,2022,1.028665900230408
fin,2023,1.030803084373474
fin,2024,1.030735492706299
fji,1990,1.015717148780823
fji,1991,1.029906511306763
fji,1992,1.037366509437561
fji,1993,1.048821568489075
fji,1994,1.061904788017273
fji,1995,1.070783138275146
fji,1996,1.079250693321228
fji,1997,1.086592197418213
fji,1998,1.099454998970032
fji,1999,1.110666632652283
fji,2000,1.11503267288208
fji,2001,1.114248991012573
fji,2002,1.112658262252808
fji,2003,1.110137701034546
fji,2004,1.10656750202179
fji,2005,1.105392098426819
fji,2006,1.104116201400757
fji,2007,1.09808611869812
fji,2008,1.08896791934967
fji,2009,1.084606289863586
fji,2010,1.079439282417297
fji,2011,1.075406074523926
fji,2012,1.071510910987854
fji,2013,1.071100950241089
fji,2014,1.066210031509399
fji,2015,1.061155200004578
fji,2016,1.051685452461243
fji,2017,1.045606255531311
fji,2018,1.03969132900238
fji,2019,1.036026239395142
fji,2020,1.033549785614014
fji,2021,1.03114926815033
fji,2022,1.028846144676208
fji,2023,1.027600884437561
fji,2024,1.02745509147644
fra,1990,1.008219122886658
fra,1991,1.016172528266907
fra,1992,1.022546410560608
fra,1993,1.026143789291382
fra,1994,1.024579524993896
fra,1995,1.023076891899109
fra,1996,1.02411162853241
fra,1997,1.03125
fra,1998,1.035891056060791
fra,1999,1.03931200504303
fra,2000,1.040441155433655
fra,2001,1.040293097496033
fra,2002,1.042630910873413
fra,2003,1.047387599945068
fra,2004,1.052184462547302
fra,2005,1.053398013114929
fra,2006,1.052058100700378
fra,2007,1.049457192420959
fra,2008,1.046818733215332
fra,2009,1.045508980751038
fra,2010,1.044152736663818
fra,2011,1.042755365371704
fra,2012,1.043683648109436
fra,2013,1.044653296470642
fra,2014,1.045614004135132
fra,2015,1.047729969024658
fra,2016,1.050867080688477
fra,2017,1.050574660301208
fra,2018,1.051428556442261
fra,2019,1.053409099578857
fra,2020,1.053167462348938
fra,2021,1.055180191993713
fra,2022,1.054932713508606
fra,2023,1.05474865436554
fra,2024,1.054504990577698
gab,1990,0.4585635364055634
gab,1991,0.4777777791023254
gab,1992,0.5
gab,1993,0.5142857432365417
gab,1994,0.5290697813034058
gab,1995,0.5443786978721619
gab,1996,0.5575757622718811
gab,1997,0.5679012537002563
gab,1998,0.597484290599823
gab,1999,0.6363636255264282
gab,2000,0.6710526347160339
gab,2001,0.7086092829704285
gab,2002,0.7434210777282715
gab,2003,0.7960526347160339
gab,2004,0.8486841917037964
gab,2005,0.9200000166893004
gab,2006,0.9668874144554138
gab,2007,1.0
gab,2008,1.019108295440674
gab,2009,1.04347825050354
gab,2010,1.066666722297668
gab,2011,1.094117641448975
gab,2012,1.125
gab,2013,1.153005480766296
gab,2014,1.1875
gab,2015,1.210000038146973
gab,2016,1.240384578704834
gab,2017,1.262672781944275
gab,2018,1.269911527633667
gab,2019,1.28389835357666
gab,2020,1.282786846160889
gab,2021,1.287999987602234
gab,2022,1.303501963615417
gab,2023,1.323193907737732
gab,2024,1.338289976119995
gbr,1990,1.01633608341217
gbr,1991,1.015098690986633
gbr,1992,1.015046238899231
gbr,1993,1.017261266708374
gbr,1994,1.019473075866699
gbr,1995,1.018264889717102
gbr,1996,1.017084240913391
gbr,1997,1.017064809799194
gbr,1998,1.020408153533936
gbr,1999,1.023755669593811
gbr,2000,1.027088046073914
gbr,2001,1.027088046073914
gbr,2002,1.02818489074707
gbr,2003,1.031496047973633
gbr,2004,1.033707857131958
gbr,2005,1.033707857131958
gbr,2006,1.032584309577942
gbr,2007,1.032584309577942
gbr,2008,1.03367006778717
gbr,2009,1.03367006778717
gbr,2010,1.034753322601318
gbr,2011,1.035834312438965
gbr,2012,1.036871552467346
gbr,2013,1.037861943244934
gbr,2014,1.036707401275635
gbr,2015,1.036625981330872
gbr,2016,1.035476684570313
gbr,2017,1.035398244857788
gbr,2018,1.034254193305969
gbr,2019,1.034178614616394
gbr,2020,1.035203576087952
gbr,2021,1.035126209259033
gbr,2022,1.037199139595032
gbr,2023,1.036065578460693
gbr,2024,1.03598690032959
geo,1990,1.01068377494812
geo,1991,1.009584665298462
geo,1992,1.009554147720337
geo,1993,1.008483529090881
geo,1994,1.009533882141113
geo,1995,1.009544014930725
geo,1996,1.009574413299561
geo,1997,1.009615421295166
geo,1998,1.007526874542236
geo,1999,1.006486535072327
geo,2000,1.005440711975098
geo,2001,1.007650256156921
geo,2002,1.009879231452942
geo,2003,1.012087941169739
geo,2004,1.013172388076782
geo,2005,1.016393423080444
geo,2006,1.018498420715332
geo,2007,1.020607352256775
geo,2008,1.022678136825562
geo,2009,1.02045214176178
geo,2010,1.018259882926941
geo,2011,1.015005350112915
geo,2012,1.01391863822937
geo,2013,1.011802554130554
geo,2014,1.01184070110321
geo,2015,1.014038920402527
geo,2016,1.017334818840027
geo,2017,1.018458247184753
geo,2018,1.018458247184753
geo,2019,1.019480466842651
geo,2020,1.019417524337769
geo,2021,1.020430088043213
geo,2022,1.022508025169373
geo,2023,1.022459864616394
geo,2024,1.022435903549194
gha,1990,0.4571428596973419
gha,1991,0.4444444477558136
gha,1992,0.4375
gha,1993,0.4237288236618042
gha,1994,0.4239999949932098
gha,1995,0.4328358173370361
gha,1996,0.4545454680919647
gha,1997,0.4802631437778473
gha,1998,0.5
gha,1999,0.5185185074806213
gha,2000,0.5301204919815063
gha,2001,0.5470588207244873
gha,2002,0.5722543597221375
gha,2003,0.604519784450531
gha,2004,0.6413043737411499
gha,2005,0.668367326259613
gha,2006,0.699999988079071
gha,2007,0.7288888692855835
gha,2008,0.7447698712348938
gha,2009,0.75
gha,2010,0.7624521255493164
gha,2011,0.779411792755127
gha,2012,0.8091872930526733
gha,2013,0.8474576473236084
gha,2014,0.8827361464500427
gha,2015,0.902515709400177
gha,2016,0.9154078364372252
gha,2017,0.9246376752853394
gha,2018,0.9309391975402832
gha,2019,0.9313983917236328
gha,2020,0.931818187236786
gha,2021,0.9325301051139832
gha,2022,0.9356321692466736
gha,2023,0.948775053024292
gha,2024,0.9609544277191162
gin,1990,0.2307692319154739
gin,1991,0.2374999970197678
gin,1992,0.2469135820865631
gin,1993,0.2409638613462448
gin,1994,0.2588235437870026
gin,1995,0.2613636255264282
gin,1996,0.2747252881526947
gin,1997,0.2736842036247253
gin,1998,0.2772277295589447
gin,1999,0.2710280418395996
gin,2000,0.2719298303127289
gin,2001,0.2764227688312531
gin,2002,0.2824427485466003
gin,2003,0.2877697944641113
gin,2004,0.3040540516376495
gin,2005,0.3164556920528412
gin,2006,0.3333333432674408
gin,2007,0.3407821357250214
gin,2008,0.3597883582115173
gin,2009,0.375
gin,2010,0.3942307829856873
gin,2011,0.4166666567325592
gin,2012,0.4369369447231293
gin,2013,0.45652174949646
gin,2014,0.4688796699047089
gin,2015,0.4860557913780212
gin,2016,0.5038461685180664
gin,2017,0.5303030014038086
gin,2018,0.550561785697937
gin,2019,0.5666666626930237
gin,2020,0.5766423344612122
gin,2021,0.5943060517311096
gin,2022,0.6111111044883728
gin,2023,0.6283783912658691
gin,2024,0.6369637250900269
gmb,1990,0.335526317358017
gmb,1991,0.3333333432674408
gmb,1992,0.3375000059604645
gmb,1993,0.3475609719753265
gmb,1994,0.3529411852359772
gmb,1995,0.3595505654811859
gmb,1996,0.3655914068222046
gmb,1997,0.3711340129375458
gmb,1998,0.3823529481887817
gmb,1999,0.39449542760849
gmb,2000,0.4094827473163605
gmb,2001,0.4344262182712555
gmb,2002,0.4584980309009552
gmb,2003,0.4789271950721741
gmb,2004,0.5074626803398132
gmb,2005,0.5342960357666016
gmb,2006,0.5684210658073425
gmb,2007,0.6048110127449036
gmb,2008,0.6508474349975586
gmb,2009,0.6959459185600281
gmb,2010,0.7248322367668152
gmb,2011,0.7542087435722351
gmb,2012,0.7891156673431396
gmb,2013,0.8304498195648193
gmb,2014,0.8645833134651184
gmb,2015,0.8892733454704285
gmb,2016,0.9140893220901488
gmb,2017,0.9417808055877686
gmb,2018,0.9828178882598876
gmb,2019,1.023648619651794
gmb,2020,1.04885995388031
gmb,2021,1.063091516494751
gmb,2022,1.082066893577576
gmb,2023,1.100000023841858
gmb,2024,1.119318127632141
gnb,1990,0.238805964589119
gnb,1991,0.2575757503509521
gnb,1992,0.2878787815570831
gnb,1993,0.3134328424930573
gnb,1994,0.3333333432674408
gnb,1995,0.3661971688270569
gnb,1996,0.4027777910232544
gnb,1997,0.4246575236320496
gnb,1998,0.4383561611175537
gnb,1999,0.4520547986030579
gnb,2000,0.4520547986030579
gnb,2001,0.4594594538211823
gnb,2002,0.460526317358017
gnb,2003,0.4743589758872986
gnb,2004,0.487500011920929
gnb,2005,0.4938271641731262
gnb,2006,0.5121951103210449
gnb,2007,0.529411792755127
gnb,2008,0.5340909361839294
gnb,2009,0.5494505763053894
gnb,2010,0.5531914830207825
gnb,2011,0.5567010045051575
gnb,2012,0.5600000023841858
gnb,2013,0.557692289352417
gnb,2014,0.5648148059844971
gnb,2015,0.5714285969734192
gnb,2016,0.582608699798584
gnb,2017,0.5932203531265259
gnb,2018,0.6083333492279053
gnb,2019,0.6260162591934204
gnb,2020,0.6532257795333862
gnb,2021,0.6666666865348816
gnb,2022,0.6796875
gnb,2023,0.692307710647583
gnb,2024,0.7121211886405945
gnq,1990,0.1263157874345779
gnq,1991,0.1368421018123627
gnq,1992,0.1382978707551956
gnq,1993,0.1521739065647125
gnq,1994,0.1648351699113846
gnq,1995,0.188888892531395
gnq,1996,0.2022471874952316
gnq,1997,0.2159090936183929
gnq,1998,0.2298850566148758
gnq,1999,0.2298850566148758
gnq,2000,0.2413793057203293
gnq,2001,0.2413793057203293
gnq,2002,0.25
gnq,2003,0.2613636255264282
gnq,2004,0.2727272808551788
gnq,2005,0.2777777910232544
gnq,2006,0.2857142984867096
gnq,2007,0.29347825050354
gnq,2008,0.301075279712677
gnq,2009,0.3191489279270172
gnq,2010,0.3368421196937561
gnq,2011,0.3541666567325592
gnq,2012,0.3711340129375458
gnq,2013,0.3877550959587097
gnq,2014,0.4040403962135315
gnq,2015,0.4099999964237213
gnq,2016,0.4300000071525574
gnq,2017,0.4455445408821106
gnq,2018,0.4563106894493103
gnq,2019,0.4615384638309479
gnq,2020,0.4761904776096344
gnq,2021,0.4905660450458527
gnq,2022,0.5
gnq,2023,0.5094339847564697
gnq,2024,0.5283018946647644
grc,1990,1.04200541973114
grc,1991,1.053050398826599
grc,1992,1.056062579154968
grc,1993,1.059202075004578
grc,1994,1.066157817840576
grc,1995,1.078184127807617
grc,1996,1.084788084030151
grc,1997,1.090012311935425
grc,1998,1.089242100715637
grc,1999,1.088484883308411
grc,2000,1.086538434028625
grc,2001,1.083234190940857
grc,2002,1.081367969512939
grc,2003,1.079718589782715
grc,2004,1.07602334022522
grc,2005,1.073170781135559
grc,2006,1.068129301071167
grc,2007,1.063073396682739
grc,2008,1.059090852737427
grc,2009,1.0563063621521
grc,2010,1.052513957023621
grc,2011,1.048943281173706
grc,2012,1.045303821563721
grc,2013,1.042716264724731
grc,2014,1.039045572280884
grc,2015,1.036598443984985
grc,2016,1.034224629402161
grc,2017,1.035069108009338
grc,2018,1.033862471580505
grc,2019,1.034773468971252
grc,2020,1.034627437591553
grc,2021,1.034518837928772
grc,2022,1.035416722297668
grc,2023,1.034267902374268
grc,2024,1.034161448478699
gtm,1990,0.7798742055892944
gtm,1991,0.790123462677002
gtm,1992,0.7987805008888245
gtm,1993,0.8060606122016907
gtm,1994,0.8143712282180786
gtm,1995,0.832335352897644
gtm,1996,0.847953200340271
gtm,1997,0.8620689511299133
gtm,1998,0.855555534362793
gtm,1999,0.8440860509872437
gtm,2000,0.8385416865348816
gtm,2001,0.8484848737716675
gtm,2002,0.8634146451950073
gtm,2003,0.8685445785522461
gtm,2004,0.8772727251052856
gtm,2005,0.8820960521697998
gtm,2006,0.8916666507720947
gtm,2007,0.9051383137702942
gtm,2008,0.9207547307014464
gtm,2009,0.9416058659553528
gtm,2010,0.9577465057373048
gtm,2011,0.9761092066764832
gtm,2012,0.9900662302970886
gtm,2013,0.9936102032661438
gtm,2014,0.9937888383865356
gtm,2015,0.990963876247406
gtm,2016,0.9882698059082032
gtm,2017,0.9885714054107666
gtm,2018,0.9971910119056702
gtm,2019,1.005509614944458
gtm,2020,1.010810852050781
gtm,2021,1.015831112861633
gtm,2022,1.015544056892395
gtm,2023,1.022727251052856
gtm,2024,1.027227759361267
guy,1990,1.0
guy,1991,1.021660685539246
guy,1992,1.041379332542419
guy,1993,1.069078922271729
guy,1994,1.085173487663269
guy,1995,1.090909123420715
guy,1996,1.093294501304626
guy,1997,1.105849623680115
guy,1998,1.122015953063965
guy,1999,1.138888835906982
guy,2000,1.155502438545227
guy,2001,1.159817337989807
guy,2002,1.16304349899292
guy,2003,1.158333301544189
guy,2004,1.159680604934692
guy,2005,1.166986584663391
guy,2006,1.170093417167664
guy,2007,1.173357605934143
guy,2008,1.169946312904358
guy,2009,1.169580459594727
guy,2010,1.172354936599731
guy,2011,1.181364417076111
guy,2012,1.188617944717407
guy,2013,1.198098301887512
guy,2014,1.199381709098816
guy,2015,1.198795199394226
guy,2016,1.195876240730286
guy,2017,1.194805145263672
guy,2018,1.195190906524658
guy,2019,1.194714903831482
guy,2020,1.195890426635742
guy,2021,1.195417761802673
guy,2022,1.194960236549377
guy,2023,1.196870923042297
guy,2024,1.197689294815063
hnd,1990,1.132743358612061
hnd,1991,1.133928537368774
hnd,1992,1.131818175315857
hnd,1993,1.120930194854736
hnd,1994,1.134883761405945
hnd,1995,1.157407402992249
hnd,1996,1.187214612960815
hnd,1997,1.186363577842712
hnd,1998,1.192825078964233
hnd,1999,1.190265536308289
hnd,2000,1.190476179122925
hnd,2001,1.181434631347656
hnd,2002,1.175298810005188
hnd,2003,1.18148148059845
hnd,2004,1.190476179122925
hnd,2005,1.198738217353821
hnd,2006,1.203539848327637
hnd,2007,1.208913683891296
hnd,2008,1.20634925365448
hnd,2009,1.203517556190491
hnd,2010,1.198090672492981
hnd,2011,1.193621873855591
hnd,2012,1.194748401641846
hnd,2013,1.191897630691528
hnd,2014,1.187368392944336
hnd,2015,1.188796639442444
hnd,2016,1.190669417381287
hnd,2017,1.185628771781921
hnd,2018,1.178431391716003
hnd,2019,1.176923036575317
hnd,2020,1.173584938049316
hnd,2021,1.174074053764343
hnd,2022,1.176043510437012
hnd,2023,1.180035591125488
hnd,2024,1.179261803627014
hrv,1990,0.9668965339660645
hrv,1991,0.971506118774414
hrv,1992,0.9760000109672546
hrv,1993,0.9764397740364076
hrv,1994,0.978149116039276
hrv,1995,0.9797979593276978
hrv,1996,0.9826517701148988
hrv,1997,0.985383689403534
hrv,1998,0.9903961420059204
hrv,1999,0.9940758347511292
hrv,2000,0.9976635575294496
hrv,2001,1.0
hrv,2002,1.002272725105286
hrv,2003,1.006718873977661
hrv,2004,1.008859395980835
hrv,2005,1.009890079498291
hrv,2006,1.011995673179626
hrv,2007,1.016233801841736
hrv,2008,1.017185807228088
hrv,2009,1.016008496284485
hrv,2010,1.014861941337585
hrv,2011,1.012671589851379
hrv,2012,1.009463667869568
hrv,2013,1.008376955986023
hrv,2014,1.007306933403015
hrv,2015,1.00832462310791
hrv,2016,1.006230473518372
hrv,2017,1.005181312561035
hrv,2018,1.004132270812988
hrv,2019,1.003092765808105
hrv,2020,1.005133509635925
hrv,2021,1.004098415374756
hrv,2022,1.005107283592224
hrv,2023,1.006109952926636
hrv,2024,1.006097555160522
hti,1990,0.4032258093357086
hti,1991,0.4242424368858337
hti,1992,0.4366197288036346
hti,1993,0.4473684132099152
hti,1994,0.4556961953639984
hti,1995,0.4691357910633087
hti,1996,0.4819277226924896
hti,1997,0.4883720874786377
hti,1998,0.5113636255264282
hti,1999,0.5274725556373596
hti,2000,0.542553186416626
hti,2001,0.5757575631141663
hti,2002,0.5943396091461182
hti,2003,0.6339285969734192
hti,2004,0.6610169410705566
hti,2005,0.688524603843689
hti,2006,0.7120000123977661
hti,2007,0.748031497001648
hti,2008,0.7692307829856873
hti,2009,0.7954545617103577
hti,2010,0.8208954930305481
hti,2011,0.845588207244873
hti,2012,0.8848921060562134
hti,2013,0.9230769276618958
hti,2014,0.9586206674575806
hti,2015,0.99319726228714
hti,2016,1.013244986534119
hti,2017,1.032258033752441
hti,2018,1.049689412117004
hti,2019,1.053892254829407
hti,2020,1.074285745620728
hti,2021,1.087912082672119
hti,2022,1.104166626930237
hti,2023,1.119403004646301
hti,2024,1.138095259666443
hun,1990,0.9642416834831238
hun,1991,0.965389370918274
hun,1992,0.9678217768669128
hun,1993,0.9727723002433776
hun,1994,0.9801734685897828
hun,1995,0.9888476133346558
hun,1996,0.9962871074676514
hun,1997,1.00246000289917
hun,1998,1.00851583480835
hun,1999,1.012048244476318
hun,2000,1.015494585037231
hun,2001,1.018912553787231
hun,2002,1.02467679977417
hun,2003,1.028202056884766
hun,2004,1.028335332870483
hun,2005,1.027283549308777
hun,2006,1.026190519332886
hun,2007,1.02850353717804
hun,2008,1.027283549308777
hun,2009,1.02721893787384
hun,2010,1.023696660995483
hun,2011,1.021301746368408
hun,2012,1.018934965133667
hun,2013,1.01654851436615
hun,2014,1.016528964042664
hun,2015,1.017688632011414
hun,2016,1.018823504447937
hun,2017,1.021101951599121
hun,2018,1.023337244987488
hun,2019,1.025551676750183
hun,2020,1.026620388031006
hun,2021,1.027681708335876
hun,2022,1.028735637664795
hun,2023,1.029816508293152
hun,2024,1.031999945640564
idn,1990,0.7286821603775024
idn,1991,0.7603092789649963
idn,1992,0.7829457521438599
idn,1993,0.800000011920929
idn,1994,0.8103896379470825
idn,1995,0.8165374398231506
idn,1996,0.8298969268798828
idn,1997,0.8396946787834167
idn,1998,0.8457711338996887
idn,1999,0.8536585569381714
idn,2000,0.8681055307388306
idn,2001,0.8841607570648193
idn,2002,0.9044288992881776
idn,2003,0.9243119359016418
idn,2004,0.9389140009880066
idn,2005,0.9510022401809692
idn,2006,0.9562363028526306
idn,2007,0.9613733887672424
idn,2008,0.9622641801834106
idn,2009,0.9691358208656312
idn,2010,0.9777777791023254
idn,2011,0.9881188273429872
idn,2012,0.9980620145797728
idn,2013,1.01500940322876
idn,2014,1.027372241020203
idn,2015,1.039355993270874
idn,2016,1.051327466964722
idn,2017,1.060498237609863
idn,2018,1.071038246154785
idn,2019,1.076045632362366
idn,2020,1.078470826148987
idn,2021,1.070815443992615
idn,2022,1.057077646255493
idn,2023,1.045346021652222
idn,2024,1.039119839668274
ind,1990,0.460317462682724
ind,1991,0.4653846025466919
ind,1992,0.4738805890083313
ind,1993,0.4855072498321533
ind,1994,0.5017544031143188
ind,1995,0.5187713503837585
ind,1996,0.5353535413742065
ind,1997,0.5566666722297668
ind,1998,0.5780730843544006
ind,1999,0.603960394859314
ind,2000,0.6298701167106628
ind,2001,0.6433120965957642
ind,2002,0.6583850979804993
ind,2003,0.6747720241546631
ind,2004,0.6902654767036438
ind,2005,0.7037037014961243
ind,2006,0.7084468603134155
ind,2007,0.7198953032493591
ind,2008,0.7350000143051147
ind,2009,0.7553957104682922
ind,2010,0.7722095847129822
ind,2011,0.7864923477172852
ind,2012,0.8037578463554382
ind,2013,0.8218623399734497
ind,2014,0.8434442281723022
ind,2015,0.8584905862808228
ind,2016,0.8690909147262573
ind,2017,0.8814159035682678
ind,2018,0.8929188251495361
ind,2019,0.9055649042129515
ind,2020,0.9159802198410034
ind,2021,0.92592591047287
ind,2022,0.9367088675498962
ind,2023,0.9485981464385986
ind,2024,0.9570552110671996
irl,1990,1.099873542785645
irl,1991,1.089887619018555
irl,1992,1.084975361824036
irl,1993,1.081310629844666
irl,1994,1.077751159667969
irl,1995,1.074292421340942
irl,1996,1.069848656654358
irl,1997,1.059976935386658
irl,1998,1.055936098098755
irl,1999,1.056625127792358
irl,2000,1.062992095947266
irl,2001,1.06830906867981
irl,2002,1.072463750839233
irl,2003,1.072463750839233
irl,2004,1.072463750839233
irl,2005,1.0703125
irl,2006,1.069042325019836
irl,2007,1.066592693328857
irl,2008,1.064159274101257
irl,2009,1.060639500617981
irl,2010,1.05701756477356
irl,2011,1.053376913070679
irl,2012,1.04978358745575
irl,2013,1.045209884643555
irl,2014,1.041800618171692
irl,2015,1.03739321231842
irl,2016,1.034115195274353
irl,2017,1.030851006507874
irl,2018,1.02972400188446
irl,2019,1.028571486473083
irl,2020,1.02742612361908
irl,2021,1.026288151741028
irl,2022,1.02518367767334
irl,2023,1.025104641914368
irl,2024,1.022964477539063
irn,1990,0.6666666865348816
irn,1991,0.695652186870575
irn,1992,0.7264957427978516
irn,1993,0.7534626126289368
irn,1994,0.7754010558128357
irn,1995,0.8046272397041321
irn,1996,0.8411910533905029
irn,1997,0.8864734172821045
irn,1998,0.9312795996665956
irn,1999,0.9791666865348816
irn,2000,1.021929860115051
irn,2001,1.063265323638916
irn,2002,1.092307686805725
irn,2003,1.109665393829346
irn,2004,1.121157288551331
irn,2005,1.128113865852356
irn,2006,1.123239398002625
irn,2007,1.121951222419739
irn,2008,1.11663806438446
irn,2009,1.112794637680054
irn,2010,1.105610609054565
irn,2011,1.100323677062988
irn,2012,1.102685570716858
irn,2013,1.110599040985107
irn,2014,1.119760513305664
irn,2015,1.128654956817627
irn,2016,1.134477853775024
irn,2017,1.141456604003906
irn,2018,1.147945165634155
irn,2019,1.152086138725281
irn,2020,1.156785249710083
irn,2021,1.159326434135437
irn,2022,1.160509586334229
irn,2023,1.166249990463257
irn,2024,1.171779155731201
irq,1990,0.7749999761581421
irq,1991,0.7857142686843872
irq,1992,0.7894737124443054
irq,1993,0.8121547102928162
irq,1994,0.8265895843505859
irq,1995,0.8383233547210693
irq,1996,0.8433734774589539
irq,1997,0.8443113565444946
irq,1998,0.8373494148254395
irq,1999,0.8518518805503845
irq,2000,0.850931704044342
irq,2001,0.8466257452964783
irq,2002,0.8284023404121399
irq,2003,0.8218390941619873
irq,2004,0.8248587846755981
irq,2005,0.8595505356788635
irq,2006,0.9111111164093018
irq,2007,0.9417989253997804
irq,2008,0.9601989984512328
irq,2009,0.9674418568611144
irq,2010,0.9688888788223268
irq,2011,0.982758641242981
irq,2012,1.008298754692078
irq,2013,1.038609981536865
irq,2014,1.053003549575806
irq,2015,1.060897469520569
irq,2016,1.046647191047668
irq,2017,1.021276593208313
irq,2018,0.9828850626945496
irq,2019,0.9529147744178772
irq,2020,0.930672287940979
irq,2021,0.923541247844696
irq,2022,0.9184466004371644
irq,2023,0.9243856072425842
irq,2024,0.929759681224823
isl,1990,0.9788838624954224
isl,1991,0.9864661693572998
isl,1992,1.0
isl,1993,1.011958122253418
isl,1994,1.028106451034546
isl,1995,1.040875911712646
isl,1996,1.047756910324097
isl,1997,1.054676294326782
isl,1998,1.064469933509827
isl,1999,1.075714230537415
isl,2000,1.085592031478882
isl,2001,1.092592597007751
isl,2002,1.098011374473572
isl,2003,1.1049644947052
isl,2004,1.110795497894287
isl,2005,1.115549206733704
isl,2006,1.121255397796631
isl,2007,1.126961469650269
isl,2008,1.135327577590942
isl,2009,1.139800310134888
isl,2010,1.144699096679688
isl,2011,1.146762609481812
isl,2012,1.151079177856445
isl,2013,1.15450644493103
isl,2014,1.16312050819397
isl,2015,1.175561785697937
isl,2016,1.189415097236633
isl,2017,1.200553297996521
isl,2018,1.211538434028625
isl,2019,1.217510223388672
isl,2020,1.22418475151062
isl,2021,1.225980997085571
isl,2022,1.226720690727234
isl,2023,1.227150559425354
isl,2024,1.229946494102478
isr,1990,1.038798451423645
isr,1991,1.041095852851868
isr,1992,1.042131304740906
isr,1993,1.045398831367493
isr,1994,1.048602700233459
isr,1995,1.051744937896729
isr,1996,1.054696798324585
isr,1997,1.054181337356567
isr,1998,1.05250871181488
isr,1999,1.04965353012085
isr,2000,1.049142837524414
isr,2001,1.049773812294006
isr,2002,1.050505042076111
isr,2003,1.050167202949524
isr,2004,1.054203510284424
isr,2005,1.057205677032471
isr,2006,1.061202168464661
isr,2007,1.064130425453186
isr,2008,1.067099571228027
isr,2009,1.071044087409973
isr,2010,1.070891499519348
isr,2011,1.071811318397522
isr,2012,1.07272732257843
isr,2013,1.074706554412842
isr,2014,1.075612306594849
isr,2015,1.076514363288879
isr,2016,1.077330470085144
isr,2017,1.076109886169434
isr,2018,1.077894687652588
isr,2019,1.077649474143982
isr,2020,1.076439738273621
isr,2021,1.077163696289063
isr,2022,1.075883626937866
isr,2023,1.07572615146637
isr,2024,1.07556939125061
ita,1990,1.128865957260132
ita,1991,1.128595590591431
ita,1992,1.130578517913818
ita,1993,1.132258057594299
ita,1994,1.130708694458008
ita,1995,1.125
ita,1996,1.118361115455627
ita,1997,1.120356559753418
ita,1998,1.123726367950439
ita,1999,1.128388047218323
ita,2000,1.126582264900208
ita,2001,1.131578922271729
ita,2002,1.126200318336487
ita,2003,1.11956524848938
ita,2004,1.110363364219666
ita,2005,1.103861570358276
ita,2006,1.098684191703796
ita,2007,1.096354126930237
ita,2008,1.099099040031433
ita,2009,1.102661609649658
ita,2010,1.097499966621399
ita,2011,1.090123414993286
ita,2012,1.083231329917908
ita,2013,1.083535075187683
ita,2014,1.081437110900879
ita,2015,1.077014207839966
ita,2016,1.071680426597595
ita,2017,1.066511034965515
ita,2018,1.061627864837646
ita,2019,1.058959484100342
ita,2020,1.056257128715515
ita,2021,1.055872321128845
ita,2022,1.054360151290894
ita,2023,1.053993225097656
ita,2024,1.05363130569458
jam,1990,1.104031205177307
jam,1991,1.106683850288391
jam,1992,1.106870174407959
jam,1993,1.105926871299744
jam,1994,1.101123571395874
jam,1995,1.096534609794617
jam,1996,1.092137575149536
jam,1997,1.090243935585022
jam,1998,1.084439039230347
jam,1999,1.081850528717041
jam,2000,1.078088521957397
jam,2001,1.074626922607422
jam,2002,1.071428537368774
jam,2003,1.067415714263916
jam,2004,1.061315536499023
jam,2005,1.058563590049744
jam,2006,1.053728103637695
jam,2007,1.049019575119019
jam,2008,1.04442036151886
jam,2009,1.040992498397827
jam,2010,1.037593960762024
jam,2011,1.035331964492798
jam,2012,1.035218834877014
jam,2013,1.03407883644104
jam,2014,1.034006357192993
jam,2015,1.031813383102417
jam,2016,1.030687808990479
jam,2017,1.02745509147644
jam,2018,1.027368426322937
jam,2019,1.02518367767334
jam,2020,1.026123285293579
jam,2021,1.023983359336853
jam,2022,1.023908495903015
jam,2023,1.022821545600891
jam,2024,1.022774338722229
jor,1990,1.081632614135742
jor,1991,1.094650149345398
jor,1992,1.09375
jor,1993,1.096234321594238
jor,1994,1.100628972053528
jor,1995,1.11924684047699
jor,1996,1.136929512023926
jor,1997,1.153061270713806
jor,1998,1.157684683799744
jor,1999,1.158607363700867
jor,2000,1.161710023880005
jor,2001,1.157706141471863
jor,2002,1.14956521987915
jor,2003,1.13628625869751
jor,2004,1.13567841053009
jor,2005,1.141914248466492
jor,2006,1.153970837593079
jor,2007,1.163232922554016
jor,2008,1.163806557655334
jor,2009,1.163076877593994
jor,2010,1.162861466407776
jor,2011,1.162650585174561
jor,2012,1.160953760147095
jor,2013,1.154302716255188
jor,2014,1.15133535861969
jor,2015,1.150971651077271
jor,2016,1.152567982673645
jor,2017,1.14939022064209
jor,2018,1.147416472434998
jor,2019,1.145864605903625
jor,2020,1.145185232162476
jor,2021,1.145560383796692
jor,2022,1.14814817905426
jor,2023,1.150208592414856
jor,2024,1.153005480766296
kaz,1990,1.066084742546082
kaz,1991,1.062730669975281
kaz,1992,1.05696964263916
kaz,1993,1.053763389587402
kaz,1994,1.050647854804993
kaz,1995,1.047674417495728
kaz,1996,1.044827580451965
kaz,1997,1.040955662727356
kaz,1998,1.037162184715271
kaz,1999,1.03340756893158
kaz,2000,1.0297030210495
kaz,2001,1.026086926460266
kaz,2002,1.021528482437134
kaz,2003,1.02025580406189
kaz,2004,1.016931176185608
kaz,2005,1.014705896377563
kaz,2006,1.011506319046021
kaz,2007,1.010416626930237
kaz,2008,1.009336113929749
kaz,2009,1.009307146072388
kaz,2010,1.008264422416687
kaz,2011,1.008247375488281
kaz,2012,1.008238911628723
kaz,2013,1.008221983909607
kaz,2014,1.007186889648438
kaz,2015,1.00615382194519
kaz,2016,1.005117654800415
kaz,2017,1.004085779190063
kaz,2018,1.004077434539795
kaz,2019,1.00305187702179
kaz,2020,1.002032518386841
kaz,2021,1.002028346061707
kaz,2022,1.001013159751892
kaz,2023,1.002022266387939
kaz,2024,1.001010060310364
ken,1990,0.6627451181411743
ken,1991,0.6758893132209778
ken,1992,0.7051792740821838
ken,1993,0.7246963381767273
ken,1994,0.748971164226532
ken,1995,0.7708333134651184
ken,1996,0.7923728823661804
ken,1997,0.8103448152542114
ken,1998,0.8209607005119324
ken,1999,0.8333333134651184
ken,2000,0.8558952212333679
ken,2001,0.8669527769088745
ken,2002,0.8813559412956238
ken,2003,0.8953974843025208
ken,2004,0.9008264541625975
ken,2005,0.9024389982223512
ken,2006,0.8937007784843445
ken,2007,0.8935361504554749
ken,2008,0.8941605687141418
ken,2009,0.9045936465263368
ken,2010,0.9023569226264954
ken,2011,0.8974359035491943
ken,2012,0.8936170339584351
ken,2013,0.8976607918739319
ken,2014,0.9145299196243286
ken,2015,0.9327731132507324
ken,2016,0.9555555582046508
ken,2017,0.9834254384040833
ken,2018,1.008196711540222
ken,2019,1.026809692382813
ken,2020,1.039893627166748
ken,2021,1.050397872924805
ken,2022,1.060685992240906
ken,2023,1.070496082305908
ken,2024,1.079487204551697
kgz,1990,1.0571049451828
kgz,1991,1.063324570655823
kgz,1992,1.069281101226807
kgz,1993,1.071059465408325
kgz,1994,1.068789839744568
kgz,1995,1.06367039680481
kgz,1996,1.053987741470337
kgz,1997,1.045728087425232
kgz,1998,1.037869811058044
kgz,1999,1.032520294189453
kgz,2000,1.02742862701416
kgz,2001,1.024746894836426
kgz,2002,1.022172927856445
kgz,2003,1.018640398979187
kgz,2004,1.01630437374115
kgz,2005,1.012972950935364
kgz,2006,1.009708762168884
kgz,2007,1.007543087005615
kgz,2008,1.005393743515015
kgz,2009,1.004319667816162
kgz,2010,1.003246784210205
kgz,2011,1.003253817558289
kgz,2012,1.002176284790039
kgz,2013,1.002183437347412
kgz,2014,1.003282308578491
kgz,2015,1.004385948181152
kgz,2016,1.00548243522644
kgz,2017,1.005476474761963
kgz,2018,1.004371643066406
kgz,2019,1.002183437347412
kgz,2020,1.001089334487915
kgz,2021,1.0
kgz,2022,1.0
kgz,2023,0.9967707395553588
kgz,2024,0.9967845678329468
khm,1990,0.300000011920929
khm,1991,0.3157894611358643
khm,1992,0.3232323229312897
khm,1993,0.343137264251709
khm,1994,0.3619047701358795
khm,1995,0.3653846085071564
khm,1996,0.3700000047683716
khm,1997,0.3829787373542786
khm,1998,0.4111111164093018
khm,1999,0.4301075339317322
khm,2000,0.4607843160629272
khm,2001,0.4910714328289032
khm,2002,0.5289255976676941
khm,2003,0.5546875
khm,2004,0.5820895433425903
khm,2005,0.6000000238418579
khm,2006,0.625
khm,2007,0.6644295454025269
khm,2008,0.7077922224998474
khm,2009,0.7484662532806396
khm,2010,0.7823529243469238
khm,2011,0.8333333134651184
khm,2012,0.8908045887947083
khm,2013,0.9375
khm,2014,0.9772727489471436
khm,2015,1.011235952377319
khm,2016,1.038461565971375
khm,2017,1.049180269241333
khm,2018,1.037837862968445
khm,2019,1.041884779930115
khm,2020,1.049261093139648
khm,2021,1.077625513076782
khm,2022,1.093220353126526
khm,2023,1.11155378818512
khm,2024,1.132575750350952
kir,1990,0.8297872543334961
kir,1991,0.8958333134651184
kir,1992,0.8823529481887817
kir,1993,0.9230769276618958
kir,1994,0.9272727370262146
kir,1995,0.9649122953414916
kir,1996,1.01694917678833
kir,1997,1.032258033752441
kir,1998,1.060606002807617
kir,1999,1.085714340209961
kir,2000,1.106666684150696
kir,2001,1.112499952316284
kir,2002,1.139534831047058
kir,2003,1.172042965888977
kir,2004,1.191919207572937
kir,2005,1.201923131942749
kir,2006,1.212962985038757
kir,2007,1.236842155456543
kir,2008,1.25
kir,2009,1.261904716491699
kir,2010,1.265151500701904
kir,2011,1.280575513839722
kir,2012,1.287671208381653
kir,2013,1.298701286315918
kir,2014,1.308642029762268
kir,2015,1.331395387649536
kir,2016,1.337016582489014
kir,2017,1.34375
kir,2018,1.346534609794617
kir,2019,1.349056601524353
kir,2020,1.355855822563171
kir,2021,1.363636374473572
kir,2022,1.368200778961182
kir,2023,1.370967745780945
kir,2024,1.383720874786377
kor,1990,1.010288119316101
kor,1991,1.009249687194824
kor,1992,1.008213520050049
kor,1993,1.008196711540222
kor,1994,1.007164835929871
kor,1995,1.007150173187256
kor,1996,1.006116151809692
kor,1997,1.005096793174744
kor,1998,1.004073262214661
kor,1999,1.00305187702179
kor,2000,1.002034544944763
kor,2001,1.001017332077026
kor,2002,1.0
kor,2003,0.9989837408065796
kor,2004,0.9979695677757264
kor,2005,0.9959431886672974
kor,2006,0.9959431886672974
kor,2007,0.9949341416358948
kor,2008,0.9949341416358948
kor,2009,0.9939271211624146
kor,2010,0.9939271211624146
kor,2011,0.9939271211624146
kor,2012,0.9939332604408264
kor,2013,0.9939332604408264
kor,2014,0.9939393997192384
kor,2015,0.99394553899765
kor,2016,0.99394553899765
kor,2017,0.9939516186714172
kor,2018,0.992950677871704
kor,2019,0.9939576983451844
kor,2020,0.9949647784233092
kor,2021,0.9939637780189514
kor,2022,0.9939637780189514
kor,2023,0.9939698576927184
kor,2024,0.9939698576927184
lao,1990,0.511904776096344
lao,1991,0.5470588207244873
lao,1992,0.5621301531791687
lao,1993,0.5628742575645447
lao,1994,0.5515151619911194
lao,1995,0.539393961429596
lao,1996,0.5269461274147034
lao,1997,0.5204678177833557
lao,1998,0.5340909361839294
lao,1999,0.5549450516700745
lao,2000,0.5789473652839661
lao,2001,0.6050000190734863
lao,2002,0.6333333253860474
lao,2003,0.6636363863945007
lao,2004,0.6926407217979431
lao,2005,0.73221755027771
lao,2006,0.7663934230804443
lao,2007,0.8040816187858582
lao,2008,0.8225806355476379
lao,2009,0.8479999899864197
lao,2010,0.8622047305107117
lao,2011,0.8837209343910217
lao,2012,0.9007633328437804
lao,2013,0.9204545617103576
lao,2014,0.9436089992523192
lao,2015,0.9591078162193298
lao,2016,0.9816849827766418
lao,2017,1.003610134124756
lao,2018,1.021126747131348
lao,2019,1.037542700767517
lao,2020,1.053156137466431
lao,2021,1.070739507675171
lao,2022,1.078616380691528
lao,2023,1.094801187515259
lao,2024,1.107142806053162
lbr,1990,0.3391812741756439
lbr,1991,0.3674698770046234
lbr,1992,0.3899371027946472
lbr,1993,0.412903219461441
lbr,1994,0.4313725531101227
lbr,1995,0.441558450460434
lbr,1996,0.4509803950786591
lbr,1997,0.4569536447525024
lbr,1998,0.4693877696990967
lbr,1999,0.4893617033958435
lbr,2000,0.5074626803398132
lbr,2001,0.5354330539703369
lbr,2002,0.5537189841270447
lbr,2003,0.5677965879440308
lbr,2004,0.5762711763381958
lbr,2005,0.5785123705863953
lbr,2006,0.5934959053993225
lbr,2007,0.6129032373428345
lbr,2008,0.6240000128746033
lbr,2009,0.6484375
lbr,2010,0.6641221642494202
lbr,2011,0.6818181872367859
lbr,2012,0.7099236845970154
lbr,2013,0.7424242496490479
lbr,2014,0.7686567306518555
lbr,2015,0.7867646813392639
lbr,2016,0.8102189898490906
lbr,2017,0.8201438784599304
lbr,2018,0.8357142806053162
lbr,2019,0.8510638475418091
lbr,2020,0.8723404407501221
lbr,2021,0.8802816867828369
lbr,2022,0.9014084339141846
lbr,2023,0.9160839319229126
lbr,2024,0.9305555820465088
lca,1990,1.206388235092163
lca,1991,1.216279029846191
lca,1992,1.224175810813904
lca,1993,1.231732726097107
lca,1994,1.232604384422302
lca,1995,1.234404563903809
lca,1996,1.240574479103088
lca,1997,1.233160614967346
lca,1998,1.228855729103088
lca,1999,1.224522352218628
lca,2000,1.226299643516541
lca,2001,1.225663661956787
lca,2002,1.226495742797852
lca,2003,1.226519346237183
lca,2004,1.224161028862
lca,2005,1.220626592636108
lca,2006,1.217557311058044
lca,2007,1.212422370910645
lca,2008,1.205346345901489
lca,2009,1.200238347053528
lca,2010,1.198366403579712
lca,2011,1.19565212726593
lca,2012,1.190101265907288
lca,2013,1.185840725898743
lca,2014,1.182314395904541
lca,2015,1.177105784416199
lca,2016,1.173774003982544
lca,2017,1.168776392936707
lca,2018,1.163009405136108
lca,2019,1.158385038375854
lca,2020,1.153292179107666
lca,2021,1.146067380905151
lca,2022,1.141987800598145
lca,2023,1.136226058006287
lca,2024,1.130653262138367
lso,1990,1.111111164093018
lso,1991,1.127450942993164
lso,1992,1.125
lso,1993,1.132075428962708
lso,1994,1.145454525947571
lso,1995,1.149122834205627
lso,1996,1.166666626930237
lso,1997,1.17322838306427
lso,1998,1.194029808044434
lso,1999,1.194244623184204
lso,2000,1.191489338874817
lso,2001,1.1875
lso,2002,1.184931516647339
lso,2003,1.193333387374878
lso,2004,1.197452187538147
lso,2005,1.220238089561462
lso,2006,1.225988745689392
lso,2007,1.23369562625885
lso,2008,1.235294103622437
lso,2009,1.231578946113586
lso,2010,1.225641012191772
lso,2011,1.223880648612976
lso,2012,1.227053165435791
lso,2013,1.244131445884705
lso,2014,1.255707740783691
lso,2015,1.265486717224121
lso,2016,1.270386219024658
lso,2017,1.274999976158142
lso,2018,1.27346932888031
lso,2019,1.278884410858154
lso,2020,1.280155658721924
lso,2021,1.288973331451416
lso,2022,1.286245346069336
lso,2023,1.287272691726685
lso,2024,1.291814923286438
ltu,1990,1.008456707000732
ltu,1991,1.009564280509949
ltu,1992,1.012848019599915
ltu,1993,1.018358588218689
ltu,1994,1.026172280311584
ltu,1995,1.033149123191833
ltu,1996,1.041433334350586
ltu,1997,1.047727227210999
ltu,1998,1.054023027420044
ltu,1999,1.059027791023254
ltu,2000,1.065895915031433
ltu,2001,1.068965554237366
ltu,2002,1.073863625526428
ltu,2003,1.076318740844727
ltu,2004,1.077605366706848
ltu,2005,1.076838612556458
ltu,2006,1.07306432723999
ltu,2007,1.071661233901978
ltu,2008,1.070422530174255
ltu,2009,1.070346355438232
ltu,2010,1.068181872367859
ltu,2011,1.065945982933044
ltu,2012,1.062567472457886
ltu,2013,1.059267282485962
ltu,2014,1.057050585746765
ltu,2015,1.055974125862122
ltu,2016,1.057050585746765
ltu,2017,1.057050585746765
ltu,2018,1.056989192962646
ltu,2019,1.056867003440857
ltu,2020,1.057754039764404
ltu,2021,1.056563496589661
ltu,2022,1.055378079414368
ltu,2023,1.055260419845581
ltu,2024,1.054082751274109
lux,1990,0.925000011920929
lux,1991,0.9318885207176208
lux,1992,0.9340490698814392
lux,1993,0.9392096996307372
lux,1994,0.9471299052238464
lux,1995,0.9564564824104308
lux,1996,0.9671151041984558
lux,1997,0.9776785969734192
lux,1998,0.9925705790519714
lux,1999,1.010279059410095
lux,2000,1.022988557815552
lux,2001,1.029619216918945
lux,2002,1.035961270332336
lux,2003,1.03940212726593
lux,2004,1.045333385467529
lux,2005,1.047368407249451
lux,2006,1.051948070526123
lux,2007,1.055199027061462
lux,2008,1.058449864387512
lux,2009,1.061712861061096
lux,2010,1.066332936286926
lux,2011,1.070895552635193
lux,2012,1.074349403381348
lux,2013,1.076732635498047
lux,2014,1.077873945236206
lux,2015,1.080147981643677
lux,2016,1.080049276351929
lux,2017,1.07985258102417
lux,2018,1.079656839370728
lux,2019,1.081607818603516
lux,2020,1.084643244743347
lux,2021,1.086434602737427
lux,2022,1.087112188339233
lux,2023,1.089940786361694
lux,2024,1.090588212013245
lva,1990,1.118589758872986
lva,1991,1.120171666145325
lva,1992,1.12324321269989
lva,1993,1.131004333496094
lva,1994,1.137168169021606
lva,1995,1.144144177436829
lva,1996,1.152873516082764
lva,1997,1.159010648727417
lva,1998,1.164663434028625
lva,1999,1.166869640350342
lva,2000,1.168704152107239
lva,2001,1.167883157730103
lva,2002,1.168471693992615
lva,2003,1.167458415031433
lva,2004,1.166471242904663
lva,2005,1.163763046264648
lva,2006,1.160322904586792
lva,2007,1.154200196266174
lva,2008,1.144994258880615
lva,2009,1.135944724082947
lva,2010,1.126874327659607
lva,2011,1.119540214538574
lva,2012,1.115296840667725
lva,2013,1.111111164093018
lva,2014,1.109357357025146
lva,2015,1.108866453170776
lva,2016,1.107502818107605
lva,2017,1.107142806053162
lva,2018,1.105672955513
lva,2019,1.105321526527405
lva,2020,1.103867411613464
lva,2021,1.103524208068848
lva,2022,1.101098895072937
lva,2023,1.101750493049622
lva,2024,1.100436687469482
mar,1990,0.609375
mar,1991,0.6329787373542786
mar,1992,0.64673912525177
mar,1993,0.6630434989929199
mar,1994,0.6721311211585999
mar,1995,0.6944444179534912
mar,1996,0.7159090638160706
mar,1997,0.7514451146125793
mar,1998,0.7643678188323975
mar,1999,0.7683615684509277
mar,2000,0.7790055274963379
mar,2001,0.792553186416626
mar,2002,0.807106614112854
mar,2003,0.8086124658584595
mar,2004,0.8156682252883911
mar,2005,0.831818163394928
mar,2006,0.8461538553237915
mar,2007,0.8565022349357605
mar,2008,0.8666666746139526
mar,2009,0.8766520023345947
mar,2010,0.8908296823501587
mar,2011,0.9047619104385376
mar,2012,0.906382977962494
mar,2013,0.9198312163352966
mar,2014,0.925000011920929
mar,2015,0.93388432264328
mar,2016,0.9467213153839112
mar,2017,0.9552845358848572
mar,2018,0.9716598987579346
mar,2019,0.9760000109672546
mar,2020,0.9920318722724916
mar,2021,0.9960784316062928
mar,2022,1.0
mar,2023,1.01893937587738
mar,2024,1.029739737510681
mda,1990,1.048177123069763
mda,1991,1.042912840843201
mda,1992,1.040103435516357
mda,1993,1.037275075912476
mda,1994,1.038265347480774
mda,1995,1.04182505607605
mda,1996,1.041719317436218
mda,1997,1.040506362915039
mda,1998,1.041772127151489
mda,1999,1.045454502105713
mda,2000,1.052830219268799
mda,2001,1.060150384902954
mda,2002,1.071161031723022
mda,2003,1.080946445465088
mda,2004,1.087064623832703
mda,2005,1.089440941810608
mda,2006,1.088198781013489
mda,2007,1.089330077171326
mda,2008,1.088198781013489
mda,2009,1.085714340209961
mda,2010,1.084367275238037
mda,2011,1.081683158874512
mda,2012,1.080147981643677
mda,2013,1.07985258102417
mda,2014,1.078431367874146
mda,2015,1.080586075782776
mda,2016,1.080291986465454
mda,2017,1.081212162971497
mda,2018,1.081015706062317
mda,2019,1.08072292804718
mda,2020,1.081632614135742
mda,2021,1.080047845840454
mda,2022,1.080952405929565
mda,2023,1.081850528717041
mda,2024,1.082840204238892
mdg,1990,0.7888888716697693
mdg,1991,0.7906976938247681
mdg,1992,0.8048780560493469
mdg,1993,0.807692289352417
mdg,1994,0.8219178318977356
mdg,1995,0.8405796885490417
mdg,1996,0.8615384697914124
mdg,1997,0.8870967626571655
mdg,1998,0.8999999761581421
mdg,1999,0.9137930870056152
mdg,2000,0.9464285969734192
mdg,2001,0.9818181991577148
mdg,2002,1.018181800842285
mdg,2003,1.035087704658508
mdg,2004,1.033333301544189
mdg,2005,1.015625
mdg,2006,1.0
mdg,2007,0.9733333587646484
mdg,2008,0.9512194991111756
mdg,2009,0.9222221970558168
mdg,2010,0.9263157844543456
mdg,2011,0.9100000262260436
mdg,2012,0.9126213788986206
mdg,2013,0.9245283007621764
mdg,2014,0.962616801261902
mdg,2015,1.009174346923828
mdg,2016,1.026548624038696
mdg,2017,1.04273509979248
mdg,2018,1.041666626930237
mdg,2019,1.040322542190552
mdg,2020,1.054263591766357
mdg,2021,1.044776082038879
mdg,2022,1.04347825050354
mdg,2023,1.049295783042908
mdg,2024,1.055172443389893
mdv,1990,0.2765957415103912
mdv,1991,0.3030303120613098
mdv,1992,0.3333333432674408
mdv,1993,0.3727272748947144
mdv,1994,0.4137931168079376
mdv,1995,0.4508196711540222
mdv,1996,0.4883720874786377
mdv,1997,0.5259259343147278
mdv,1998,0.5642856955528259
mdv,1999,0.5972222089767456
mdv,2000,0.6351351141929626
mdv,2001,0.6645161509513855
mdv,2002,0.7037037014961243
mdv,2003,0.7396449446678162
mdv,2004,0.7727272510528564
mdv,2005,0.807692289352417
mdv,2006,0.835106372833252
mdv,2007,0.8645833134651184
mdv,2008,0.9030612111091614
mdv,2009,0.9452736377716064
mdv,2010,1.004830956459045
mdv,2011,1.061946868896484
mdv,2012,1.102459073066711
mdv,2013,1.14393937587738
mdv,2014,1.181184649467468
mdv,2015,1.209003210067749
mdv,2016,1.2366863489151
mdv,2017,1.252777814865112
mdv,2018,1.267716526985168
mdv,2019,1.2867830991745
mdv,2020,1.299287438392639
mdv,2021,1.31447958946228
mdv,2022,1.330453515052795
mdv,2023,1.344467639923096
mdv,2024,1.356275320053101
mex,1990,0.9354838728904724
mex,1991,0.941747546195984
mex,1992,0.95114004611969
mex,1993,0.9672130942344666
mex,1994,0.9772727489471436
mex,1995,0.9839743375778198
mex,1996,0.9936507940292358
mex,1997,1.0
mex,1998,1.0
mex,1999,0.9848024249076844
mex,2000,0.9852941036224364
mex,2001,0.9886040091514589
mex,2002,1.0
mex,2003,1.00815212726593
mex,2004,1.018229126930237
mex,2005,1.024999976158142
mex,2006,1.036231875419617
mex,2007,1.044600963592529
mex,2008,1.052391767501831
mex,2009,1.048458099365234
mex,2010,1.055555582046509
mex,2011,1.056485414505005
mex,2012,1.061855673789978
mex,2013,1.060975551605225
mex,2014,1.063745021820068
mex,2015,1.05859375
mex,2016,1.053639888763428
mex,2017,1.04878044128418
mex,2018,1.049450516700745
mex,2019,1.051509737968445
mex,2020,1.05892550945282
mex,2021,1.066326498985291
mex,2022,1.070588231086731
mex,2023,1.074626922607422
mex,2024,1.080065369606018
mkd,1990,0.7605041861534119
mkd,1991,0.7858628034591675
mkd,1992,0.8164948225021362
mkd,1993,0.8466257452964783
mkd,1994,0.8704453706741333
mkd,1995,0.8980000019073486
mkd,1996,0.9288537502288818
mkd,1997,0.958984375
mkd,1998,0.9864864945411682
mkd,1999,1.015065908432007
mkd,2000,1.036231875419617
mkd,2001,1.052447557449341
mkd,2002,1.0625
mkd,2003,1.064144730567932
mkd,2004,1.065810561180115
mkd,2005,1.061128497123718
mkd,2006,1.049155116081238
mkd,2007,1.033033013343811
mkd,2008,1.010354995727539
mkd,2009,0.995652198791504
mkd,2010,0.9887005686759948
mkd,2011,0.9875690340995787
mkd,2012,0.987837851047516
mkd,2013,0.9933422207832336
mkd,2014,0.9986876845359802
mkd,2015,1.007731914520264
mkd,2016,1.011421322822571
mkd,2017,1.01127815246582
mkd,2018,1.011152386665344
mkd,2019,1.012254953384399
mkd,2020,1.014527797698975
mkd,2021,1.015587568283081
mkd,2022,1.018957376480103
mkd,2023,1.022248268127441
mkd,2024,1.024361968040466
mli,1990,0.3617021143436432
mli,1991,0.3541666567325592
mli,1992,0.3333333432674408
mli,1993,0.3469387888908386
mli,1994,0.3799999952316284
mli,1995,0.3921568691730499
mli,1996,0.4074074029922485
mli,1997,0.4285714328289032
mli,1998,0.4137931168079376
mli,1999,0.4098360538482666
mli,2000,0.3968254029750824
mli,2001,0.3846153914928436
mli,2002,0.3823529481887817
mli,2003,0.3943662047386169
mli,2004,0.4078947305679321
mli,2005,0.4146341383457184
mli,2006,0.4333333373069763
mli,2007,0.438775509595871
mli,2008,0.4380952417850494
mli,2009,0.4324324429035187
mli,2010,0.4396551847457886
mli,2011,0.4390243887901306
mli,2012,0.4418604671955109
mli,2013,0.4586466252803802
mli,2014,0.4814814925193787
mli,2015,0.5111111402511597
mli,2016,0.5298507213592529
mli,2017,0.5447761416435242
mli,2018,0.5639097690582275
mli,2019,0.5671641826629639
mli,2020,0.5766423344612122
mli,2021,0.5857142806053162
mli,2022,0.5902777910232544
mli,2023,0.5986394286155701
mli,2024,0.6066666841506958
mlt,1990,0.8705233931541443
mlt,1991,0.8924731016159058
mlt,1992,0.913385808467865
mlt,1993,0.9384615421295166
mlt,1994,0.967581033706665
mlt,1995,0.9951691031455994
mlt,1996,1.020594954490662
mlt,1997,1.045454502105713
mlt,1998,1.072016477584839
mlt,1999,1.094861626625061
mlt,2000,1.110898613929749
mlt,2001,1.122448921203613
mlt,2002,1.138489246368408
mlt,2003,1.151304364204407
mlt,2004,1.153457045555115
mlt,2005,1.154723167419434
mlt,2006,1.152515769004822
mlt,2007,1.155015230178833
mlt,2008,1.1548672914505
mlt,2009,1.154727816581726
mlt,2010,1.152022361755371
mlt,2011,1.149659872055054
mlt,2012,1.146082282066345
mlt,2013,1.140625
mlt,2014,1.137003898620605
mlt,2015,1.134007573127747
mlt,2016,1.129999995231628
mlt,2017,1.127160549163818
mlt,2018,1.126829266548157
mlt,2019,1.126201868057251
mlt,2020,1.126777291297913
mlt,2021,1.128504633903503
mlt,2022,1.128175497055054
mlt,2023,1.129840493202209
mlt,2024,1.128668189048767
mmr,1990,1.168421030044556
mmr,1991,1.175257682800293
mmr,1992,1.191919207572937
mmr,1993,1.217821836471558
mmr,1994,1.217821836471558
mmr,1995,1.233009696006775
mmr,1996,1.25
mmr,1997,1.254385948181152
mmr,1998,1.247933864593506
mmr,1999,1.25984251499176
mmr,2000,1.257575750350952
mmr,2001,1.242647051811218
mmr,2002,1.229166626930237
mmr,2003,1.210526347160339
mmr,2004,1.201257824897766
mmr,2005,1.204819321632385
mmr,2006,1.200000047683716
mmr,2007,1.202312111854553
mmr,2008,1.221590876579285
mmr,2009,1.234636902809143
mmr,2010,1.25268816947937
mmr,2011,1.258883237838745
mmr,2012,1.251207709312439
mmr,2013,1.247706413269043
mmr,2014,1.242152452468872
mmr,2015,1.246695995330811
mmr,2016,1.256521701812744
mmr,2017,1.271186470985413
mmr,2018,1.283950567245483
mmr,2019,1.287999987602234
mmr,2020,1.29296875
mmr,2021,1.297709941864014
mmr,2022,1.298507452011108
mmr,2023,1.30434787273407
mmr,2024,1.304964542388916
mne,1990,0.9968944191932678
mne,1991,1.0
mne,1992,1.0
mne,1993,1.001545548439026
mne,1994,0.9969087839126588
mne,1995,0.9984496235847472
mne,1996,1.001550436019897
mne,1997,1.012288808822632
mne,1998,1.024242401123047
mne,1999,1.029895424842834
mne,2000,1.029542088508606
mne,2001,1.033430218696594
mne,2002,1.038681983947754
mne,2003,1.04107654094696
mne,2004,1.047353744506836
mne,2005,1.052054762840271
mne,2006,1.056375861167908
mne,2007,1.055335998535156
mne,2008,1.051880717277527
mne,2009,1.049681544303894
mne,2010,1.047619104385376
mne,2011,1.043209910392761
mne,2012,1.044794201850891
mne,2013,1.042959451675415
mne,2014,1.044653296470642
mne,2015,1.047563791275024
mne,2016,1.050516605377197
mne,2017,1.053409099578857
mne,2018,1.054176092147827
mne,2019,1.054932713508606
mne,2020,1.055741310119629
mne,2021,1.055493950843811
mne,2022,1.057395100593567
mne,2023,1.058177828788757
mne,2024,1.0589519739151
mng,1990,1.205217361450195
mng,1991,1.206896543502808
mng,1992,1.213425159454346
mng,1993,1.227826118469238
mng,1994,1.247771859169006
mng,1995,1.271719098091125
mng,1996,1.292635679244995
mng,1997,1.309716582298279
mng,1998,1.322981357574463
mng,1999,1.331275701522827
mng,2000,1.330000042915344
mng,2001,1.320463299751282
mng,2002,1.301851868629456
mng,2003,1.281914949417114
mng,2004,1.259762287139893
mng,2005,1.242718458175659
mng,2006,1.231124758720398
mng,2007,1.223684191703796
mng,2008,1.2161785364151
mng,2009,1.208277702331543
mng,2010,1.198709726333618
mng,2011,1.188916921615601
mng,2012,1.177199482917786
mng,2013,1.160539269447327
mng,2014,1.145102739334106
mng,2015,1.131985783576965
mng,2016,1.121212124824524
mng,2017,1.108571410179138
mng,2018,1.098654747009277
mng,2019,1.090308427810669
mng,2020,1.08360481262207
mng,2021,1.07626211643219
mng,2022,1.069296360015869
mng,2023,1.066525816917419
mng,2024,1.06295907497406
moz,1990,0.3939394056797028
moz,1991,0.3939394056797028
moz,1992,0.4242424368858337
moz,1993,0.4545454680919647
moz,1994,0.4848484992980957
moz,1995,0.4848484992980957
moz,1996,0.4705882370471954
moz,1997,0.4571428596973419
moz,1998,0.5
moz,1999,0.5
moz,2000,0.4749999940395355
moz,2001,0.4878048896789551
moz,2002,0.4883720874786377
moz,2003,0.5
moz,2004,0.5
moz,2005,0.5106382966041565
moz,2006,0.5102040767669678
moz,2007,0.5306122303009033
moz,2008,0.529411792755127
moz,2009,0.5384615659713745
moz,2010,0.5454545617103577
moz,2011,0.5614035129547119
moz,2012,0.5762711763381958
moz,2013,0.5833333134651184
moz,2014,0.5806451439857483
moz,2015,0.5873016119003296
moz,2016,0.6000000238418579
moz,2017,0.611940324306488
moz,2018,0.6197183132171631
moz,2019,0.6266666650772095
moz,2020,0.6172839403152466
moz,2021,0.6206896305084229
moz,2022,0.6236559152603149
moz,2023,0.6326530575752258
moz,2024,0.6435643434524536
mrt,1990,0.224137932062149
mrt,1991,0.219298243522644
mrt,1992,0.2162162214517593
mrt,1993,0.2129629701375961
mrt,1994,0.2075471729040146
mrt,1995,0.2115384638309479
mrt,1996,0.2254901975393295
mrt,1997,0.2599999904632568
mrt,1998,0.2959183752536774
mrt,1999,0.3263157904148102
mrt,2000,0.351648360490799
mrt,2001,0.3793103396892548
mrt,2002,0.4216867387294769
mrt,2003,0.4444444477558136
mrt,2004,0.4625000059604645
mrt,2005,0.4691357910633087
mrt,2006,0.4878048896789551
mrt,2007,0.4883720874786377
mrt,2008,0.489130437374115
mrt,2009,0.5
mrt,2010,0.5045871734619141
mrt,2011,0.5126050710678101
mrt,2012,0.5413534045219421
mrt,2013,0.5704697966575623
mrt,2014,0.598802387714386
mrt,2015,0.616216242313385
mrt,2016,0.6449999809265137
mrt,2017,0.6745283007621765
mrt,2018,0.7040358781814575
mrt,2019,0.7347826361656189
mrt,2020,0.758474588394165
mrt,2021,0.7800830006599426
mrt,2022,0.8032786846160889
mrt,2023,0.8259109258651733
mrt,2024,0.8385826945304871
mus,1990,0.8444444537162781
mus,1991,0.8661971688270569
mus,1992,0.9047619104385376
mus,1993,0.940397322177887
mus,1994,0.9679487347602844
mus,1995,1.006211161613464
mus,1996,1.05232560634613
mus,1997,1.077348113059998
mus,1998,1.089947104454041
mus,1999,1.081632614135742
mus,2000,1.078048825263977
mus,2001,1.095890402793884
mus,2002,1.107758641242981
mus,2003,1.124498009681702
mus,2004,1.134328365325928
mus,2005,1.144827604293823
mus,2006,1.158227801322937
mus,2007,1.163742661476135
mus,2008,1.158038139343262
mus,2009,1.155612230300903
mus,2010,1.15238094329834
mus,2011,1.154017806053162
mus,2012,1.152866244316101
mus,2013,1.153061270713806
mus,2014,1.15217387676239
mus,2015,1.154875755310059
mus,2016,1.156424522399902
mus,2017,1.158844709396362
mus,2018,1.159369468688965
mus,2019,1.163543462753296
mus,2020,1.162790656089783
mus,2021,1.166666626930237
mus,2022,1.169303774833679
mus,2023,1.171561002731323
mus,2024,1.174962282180786
mwi,1990,0.4583333432674408
mwi,1991,0.460526317358017
mwi,1992,0.4683544337749481
mwi,1993,0.4761904776096344
mwi,1994,0.4888888895511627
mwi,1995,0.5051546096801758
mwi,1996,0.5096153616905212
mwi,1997,0.5370370149612427
mwi,1998,0.5675675868988037
mwi,1999,0.6126126050949097
mwi,2000,0.6428571343421936
mwi,2001,0.6607142686843872
mwi,2002,0.6785714030265808
mwi,2003,0.6902654767036438
mwi,2004,0.686956524848938
mwi,2005,0.6833333373069763
mwi,2006,0.6614173054695129
mwi,2007,0.644444465637207
mwi,2008,0.6382978558540344
mwi,2009,0.6575342416763306
mwi,2010,0.6711409687995911
mwi,2011,0.6887417435646057
mwi,2012,0.7133333086967468
mwi,2013,0.7432432174682617
mwi,2014,0.7739726305007935
mwi,2015,0.8263888955116272
mwi,2016,0.8611111044883728
mwi,2017,0.9034482836723328
mwi,2018,0.9452054500579834
mwi,2019,0.9863013625144958
mwi,2020,1.027027010917664
mwi,2021,1.059602618217468
mwi,2022,1.089743614196777
mwi,2023,1.105590105056763
mwi,2024,1.119760513305664
mys,1990,0.9515151381492616
mys,1991,0.9879518151283264
mys,1992,1.011695861816406
mys,1993,1.033519506454468
mys,1994,1.048648595809937
mys,1995,1.08290159702301
mys,1996,1.107317090034485
mys,1997,1.121621608734131
mys,1998,1.126530647277832
mys,1999,1.114814758300781
mys,2000,1.097643136978149
mys,2001,1.092879295349121
mys,2002,1.09883725643158
mys,2003,1.113259673118591
mys,2004,1.126649022102356
mys,2005,1.143576860427856
mys,2006,1.154216885566711
mys,2007,1.166281700134277
mys,2008,1.17555558681488
mys,2009,1.188034176826477
mys,2010,1.197938203811646
mys,2011,1.210735559463501
mys,2012,1.215799570083618
mys,2013,1.22532594203949
mys,2014,1.23339319229126
mys,2015,1.236933827400208
mys,2016,1.243654847145081
mys,2017,1.251231551170349
mys,2018,1.255591034889221
mys,2019,1.26275110244751
mys,2020,1.26917290687561
mys,2021,1.26764702796936
mys,2022,1.27220630645752
mys,2023,1.279720306396484
mys,2024,1.282786846160889
nam,1990,0.917475700378418
nam,1991,0.9339622855186462
nam,1992,0.9545454382896424
nam,1993,0.9867841601371764
nam,1994,1.021008372306824
nam,1995,1.040650367736816
nam,1996,1.063492059707642
nam,1997,1.08984375
nam,1998,1.115384578704834
nam,1999,1.132575750350952
nam,2000,1.135848999023438
nam,2001,1.133079886436462
nam,2002,1.135135173797607
nam,2003,1.145098090171814
nam,2004,1.150793671607971
nam,2005,1.150793671607971
nam,2006,1.145098090171814
nam,2007,1.14503812789917
nam,2008,1.133333325386047
nam,2009,1.125
nam,2010,1.113402009010315
nam,2011,1.1147540807724
nam,2012,1.131661415100098
nam,2013,1.148036241531372
nam,2014,1.164222836494446
nam,2015,1.169540286064148
nam,2016,1.174647927284241
nam,2017,1.182320475578308
nam,2018,1.188679218292236
nam,2019,1.193633913993835
nam,2020,1.200520873069763
nam,2021,1.206632614135742
nam,2022,1.213567852973938
nam,2023,1.21975302696228
nam,2024,1.223300933837891
ner,1990,0.3055555522441864
ner,1991,0.3142857253551483
ner,1992,0.3030303120613098
ner,1993,0.3030303120613098
ner,1994,0.3333333432674408
ner,1995,0.3333333432674408
ner,1996,0.3333333432674408
ner,1997,0.3333333432674408
ner,1998,0.3333333432674408
ner,1999,0.3333333432674408
ner,2000,0.34375
ner,2001,0.3548386991024017
ner,2002,0.3548386991024017
ner,2003,0.3548386991024017
ner,2004,0.3333333432674408
ner,2005,0.3666666746139526
ner,2006,0.3793103396892548
ner,2007,0.3793103396892548
ner,2008,0.4000000059604645
ner,2009,0.375
ner,2010,0.3823529481887817
ner,2011,0.3611111044883728
ner,2012,0.3684210479259491
ner,2013,0.3658536672592163
ner,2014,0.395348846912384
ner,2015,0.4042553305625916
ner,2016,0.4399999976158142
ner,2017,0.4528301954269409
ner,2018,0.4642857015132904
ner,2019,0.4827586114406586
ner,2020,0.4833333194255829
ner,2021,0.4918032884597778
ner,2022,0.5
ner,2023,0.5079365372657776
ner,2024,0.515625
nga,1990,0.7340205907821655
nga,1991,0.7393075227737427
nga,1992,0.7479838728904724
nga,1993,0.7599206566810608
nga,1994,0.7719298005104065
nga,1995,0.7782026529312134
nga,1996,0.779026210308075
nga,1997,0.779411792755127
nga,1998,0.776576578617096
nga,1999,0.7752212285995483
nga,2000,0.7748690843582153
nga,2001,0.7789291739463806
nga,2002,0.7809846997261047
nga,2003,0.7840531468391418
nga,2004,0.7922077775001526
nga,2005,0.7948718070983887
nga,2006,0.7977706789970398
nga,2007,0.7993630766868591
nga,2008,0.7968254089355469
nga,2009,0.7949526906013489
nga,2010,0.7937008142471313
nga,2011,0.7924528121948242
nga,2012,0.7927786707878113
nga,2013,0.7956318259239197
nga,2014,0.7935284972190857
nga,2015,0.788432240486145
nga,2016,0.7804511189460754
nga,2017,0.7761194109916687
nga,2018,0.776627242565155
nga,2019,0.7789165377616882
nga,2020,0.7840579748153687
nga,2021,0.7873563170433044
nga,2022,0.7928571701049805
nga,2023,0.7957446575164795
nga,2024,0.7985915541648865
nic,1990,1.191588759422302
nic,1991,1.200000047683716
nic,1992,1.194444417953491
nic,1993,1.189189195632935
nic,1994,1.188596487045288
nic,1995,1.187234044075012
nic,1996,1.180672287940979
nic,1997,1.18106997013092
nic,1998,1.178571462631226
nic,1999,1.175572514533997
nic,2000,1.183150172233582
nic,2001,1.200000047683716
nic,2002,1.222996473312378
nic,2003,1.233108162879944
nic,2004,1.228758215904236
nic,2005,1.212025284767151
nic,2006,1.206790089607239
nic,2007,1.213213205337524
nic,2008,1.218289136886597
nic,2009,1.223188400268555
nic,2010,1.225714325904846
nic,2011,1.229691863059998
nic,2012,1.234159827232361
nic,2013,1.240540504455566
nic,2014,1.244680881500244
nic,2015,1.25
nic,2016,1.253846168518066
nic,2017,1.259445786476135
nic,2018,1.262376189231873
nic,2019,1.263414621353149
nic,2020,1.267942547798157
nic,2021,1.269503593444824
nic,2022,1.273781895637512
nic,2023,1.273972630500793
nic,2024,1.276404500007629
nld,1990,1.069117665290833
nld,1991,1.072568893432617
nld,1992,1.077142834663391
nld,1993,1.076379060745239
nld,1994,1.077030777931213
nld,1995,1.077885985374451
nld,1996,1.083906412124634
nld,1997,1.085831046104431
nld,1998,1.086486458778381
nld,1999,1.087365627288818
nld,2000,1.090909123420715
nld,2001,1.095744729042053
nld,2002,1.098143219947815
nld,2003,1.096560835838318
nld,2004,1.094736814498901
nld,2005,1.094240784645081
nld,2006,1.094928503036499
nld,2007,1.097938179969788
nld,2008,1.104458570480347
nld,2009,1.10844898223877
nld,2010,1.115000009536743
nld,2011,1.115527987480164
nld,2012,1.118518471717834
nld,2013,1.119458079338074
nld,2014,1.118081212043762
nld,2015,1.115479111671448
nld,2016,1.112883448600769
nld,2017,1.112745046615601
nld,2018,1.111383080482483
nld,2019,1.113414645195007
nld,2020,1.111786127090454
nld,2021,1.112454652786255
nld,2022,1.112980723381042
nld,2023,1.113636374473572
nld,2024,1.115201950073242
nor,1990,1.089790940284729
nor,1991,1.084766626358032
nor,1992,1.078527569770813
nor,1993,1.07570207118988
nor,1994,1.071688890457153
nor,1995,1.066505432128906
nor,1996,1.063932418823242
nor,1997,1.060240983963013
nor,1998,1.055488586425781
nor,1999,1.051932334899902
nor,2000,1.051995158195496
nor,2001,1.054413557052612
nor,2002,1.05696964263916
nor,2003,1.06067955493927
nor,2004,1.064476847648621
nor,2005,1.069427490234375
nor,2006,1.070991396903992
nor,2007,1.071253061294556
nor,2008,1.069221258163452
nor,2009,1.070719599723816
nor,2010,1.072319149971008
nor,2011,1.074906349182129
nor,2012,1.078553557395935
nor,2013,1.081885814666748
nor,2014,1.083847045898438
nor,2015,1.084558844566345
nor,2016,1.085365891456604
nor,2017,1.086165070533752
nor,2018,1.086851596832275
nor,2019,1.086538434028625
nor,2020,1.088516712188721
nor,2021,1.084826707839966
nor,2022,1.085714340209961
nor,2023,1.086492896080017
nor,2024,1.084023714065552
npl,1990,0.1447368413209915
npl,1991,0.1698113232851028
npl,1992,0.1913580298423767
npl,1993,0.2121212184429169
npl,1994,0.2349397540092468
npl,1995,0.2588235437870026
npl,1996,0.2857142984867096
npl,1997,0.3111111223697662
npl,1998,0.3405405282974243
npl,1999,0.3684210479259491
npl,2000,0.4020618498325348
npl,2001,0.4271356761455536
npl,2002,0.4554455578327179
npl,2003,0.4829268157482147
npl,2004,0.5118483304977417
npl,2005,0.550000011920929
npl,2006,0.5769230723381042
npl,2007,0.6159999966621399
npl,2008,0.6518518328666687
npl,2009,0.6907216310501099
npl,2010,0.7229299545288086
npl,2011,0.7530120611190796
npl,2012,0.7755101919174194
npl,2013,0.7982708811759949
npl,2014,0.818965494632721
npl,2015,0.8356940746307373
npl,2016,0.8484848737716675
npl,2017,0.8624338507652283
npl,2018,0.8810126781463623
npl,2019,0.9012048244476318
npl,2020,0.9221968054771424
npl,2021,0.936956524848938
npl,2022,0.9520833492279052
npl,2023,0.9657257795333862
npl,2024,0.9822834730148317
nru,1990,1.044914126396179
nru,1991,1.051047086715698
nru,1992,1.0546875
nru,1993,1.056994795799255
nru,1994,1.061935424804688
nru,1995,1.066666722297668
nru,1996,1.071428537368774
nru,1997,1.069708466529846
nru,1998,1.073047876358032
nru,1999,1.075093865394592
nru,2000,1.076059818267822
nru,2001,1.076827764511108
nru,2002,1.081280827522278
nru,2003,1.082107901573181
nru,2004,1.086585402488708
nru,2005,1.086479902267456
nru,2006,1.087378621101379
nru,2007,1.088592290878296
nru,2008,1.092882990837097
nru,2009,1.094089269638062
nru,2010,1.099520325660706
nru,2011,1.09916365146637
nru,2012,1.09761905670166
nru,2013,1.098457932472229
nru,2014,1.097992897033691
nru,2015,1.100702524185181
nru,2016,1.103850603103638
nru,2017,1.109175324440002
nru,2018,1.114583373069763
nru,2019,1.118800520896912
nru,2020,1.122260689735413
nru,2021,1.12428081035614
nru,2022,1.126436829566956
nru,2023,1.126002311706543
nru,2024,1.127708077430725
pak,1990,0.4000000059604645
pak,1991,0.4305555522441864
pak,1992,0.4726027250289917
pak,1993,0.5102040767669678
pak,1994,0.5374149680137634
pak,1995,0.565517246723175
pak,1996,0.6013985872268677
pak,1997,0.6206896305084229
pak,1998,0.6506849527359009
pak,1999,0.7006802558898926
pak,2000,0.75
pak,2001,0.7986577153205872
pak,2002,0.8399999737739563
pak,2003,0.860927164554596
pak,2004,0.8881579041481018
pak,2005,0.915032684803009
pak,2006,0.9240506291389464
pak,2007,0.916167676448822
pak,2008,0.909604549407959
pak,2009,0.9086021780967712
pak,2010,0.9222797751426696
pak,2011,0.939393937587738
pak,2012,0.9558823704719543
pak,2013,0.9807692170143129
pak,2014,1.004739284515381
pak,2015,1.023041486740112
pak,2016,1.040178537368774
pak,2017,1.060606002807617
pak,2018,1.079497933387756
pak,2019,1.101214528083801
pak,2020,1.122047185897827
pak,2021,1.147727251052856
pak,2022,1.157509207725525
pak,2023,1.183745622634888
pak,2024,1.198630094528198
pan,1990,1.154838681221008
pan,1991,1.149253726005554
pan,1992,1.138655424118042
pan,1993,1.14078676700592
pan,1994,1.154786109924316
pan,1995,1.171370983123779
pan,1996,1.180360674858093
pan,1997,1.177290797233582
pan,1998,1.172277212142944
pan,1999,1.172147035598755
pan,2000,1.178707242012024
pan,2001,1.186915874481201
pan,2002,1.190740704536438
pan,2003,1.189781069755554
pan,2004,1.187050342559814
pan,2005,1.1875
pan,2006,1.180851101875305
pan,2007,1.181184649467468
pan,2008,1.184300303459167
pan,2009,1.182579517364502
pan,2010,1.18016529083252
pan,2011,1.174267053604126
pan,2012,1.176282048225403
pan,2013,1.176378011703491
pan,2014,1.17729389667511
pan,2015,1.176923036575317
pan,2016,1.178353667259216
pan,2017,1.178247690200806
pan,2018,1.180866956710815
pan,2019,1.182492613792419
pan,2020,1.179675936698914
pan,2021,1.182215690612793
pan,2022,1.179190754890442
pan,2023,1.177905321121216
pan,2024,1.179231882095337
per,1990,0.8613518476486206
per,1991,0.8679245114326477
per,1992,0.8796610236167908
per,1993,0.8899999856948853
per,1994,0.8996710777282715
per,1995,0.9058441519737244
per,1996,0.9124797582626344
per,1997,0.9260450005531312
per,1998,0.9330143332481384
per,1999,0.9418238997459412
per,2000,0.9412673711776732
per,2001,0.9451219439506532
per,2002,0.947209656238556
per,2003,0.9448584318161012
per,2004,0.9398826956748962
per,2005,0.939393937587738
per,2006,0.9446022510528564
per,2007,0.9511173367500304
per,2008,0.957417607307434
per,2009,0.96195650100708
per,2010,0.9663978219032288
per,2011,0.9746666550636292
per,2012,0.9815059304237366
per,2013,0.9881889820098876
per,2014,0.990897297859192
per,2015,0.9922879338264464
per,2016,0.989924430847168
per,2017,0.988875150680542
per,2018,0.989064395427704
per,2019,0.9927710890769958
per,2020,0.9952267408370972
per,2021,0.9976303577423096
per,2022,1.001176476478577
per,2023,1.001168251037598
per,2024,1.002317547798157
phl,1990,1.112522721290588
phl,1991,1.122340440750122
phl,1992,1.131944417953491
phl,1993,1.145051240921021
phl,1994,1.146218538284302
phl,1995,1.154860019683838
phl,1996,1.159677386283875
phl,1997,1.167192459106445
phl,1998,1.170807480812073
phl,1999,1.17378044128418
phl,2000,1.180451154708862
phl,2001,1.185459971427917
phl,2002,1.192930817604065
phl,2003,1.200000047683716
phl,2004,1.204644441604614
phl,2005,1.205797076225281
phl,2006,1.20260488986969
phl,2007,1.201149463653564
phl,2008,1.199430227279663
phl,2009,1.199158430099487
phl,2010,1.194174766540527
phl,2011,1.193989038467407
phl,2012,1.196476936340332
phl,2013,1.200534701347351
phl,2014,1.202113628387451
phl,2015,1.197643995285034
phl,2016,1.195058465003967
phl,2017,1.193255543708801
phl,2018,1.195090413093567
phl,2019,1.196658134460449
phl,2020,1.198726058006287
phl,2021,1.199747204780579
phl,2022,1.200752854347229
phl,2023,1.201743483543396
phl,2024,1.200495004653931
png,1990,0.4806201457977295
png,1991,0.4841269850730896
png,1992,0.4918032884597778
png,1993,0.5
png,1994,0.5267857313156128
png,1995,0.5607476830482483
png,1996,0.5849056839942932
png,1997,0.6190476417541504
png,1998,0.6571428775787354
png,1999,0.6857143044471741
png,2000,0.7211538553237915
png,2001,0.737864077091217
png,2002,0.7549019455909729
png,2003,0.7596153616905212
png,2004,0.7735849022865295
png,2005,0.7798165082931519
png,2006,0.778761088848114
png,2007,0.7777777910232544
png,2008,0.7749999761581421
png,2009,0.7680000066757202
png,2010,0.7674418687820435
png,2011,0.7611940503120422
png,2012,0.760869562625885
png,2013,0.7659574747085571
png,2014,0.7777777910232544
png,2015,0.7945205569267273
png,2016,0.8175675868988037
png,2017,0.8389261960983276
png,2018,0.8476821184158325
png,2019,0.8496732115745544
png,2020,0.8636363744735718
png,2021,0.8709677457809448
png,2022,0.8717948794364929
png,2023,0.8853503465652466
png,2024,0.8812500238418579
pol,1990,1.015642404556274
pol,1991,1.016685247421265
pol,1992,1.019911527633667
pol,1993,1.023076891899109
pol,1994,1.027352333068848
pol,1995,1.031590461730957
pol,1996,1.035791754722595
pol,1997,1.040043234825134
pol,1998,1.04103672504425
pol,1999,1.040948271751404
pol,2000,1.041800618171692
pol,2001,1.041666626930237
pol,2002,1.041533589363098
pol,2003,1.041445255279541
pol,2004,1.042372822761536
pol,2005,1.044350624084473
pol,2006,1.045310854911804
pol,2007,1.047418355941772
pol,2008,1.048574447631836
pol,2009,1.050847411155701
pol,2010,1.053134918212891
pol,2011,1.054429054260254
pol,2012,1.055555582046509
pol,2013,1.054545402526855
pol,2014,1.053475975990295
pol,2015,1.051391839981079
pol,2016,1.04935622215271
pol,2017,1.048335075378418
pol,2018,1.047260999679565
pol,2019,1.047260999679565
pol,2020,1.048231482505798
pol,2021,1.047109246253967
pol,2022,1.047058820724487
pol,2023,1.048025608062744
pol,2024,1.047974467277527
prt,1990,1.22741436958313
prt,1991,1.228070139884949
prt,1992,1.231182813644409
prt,1993,1.24009895324707
prt,1994,1.259860754013062
prt,1995,1.272527456283569
prt,1996,1.275789499282837
prt,1997,1.271255016326904
prt,1998,1.26953125
prt,1999,1.273069739341736
prt,2000,1.272727251052856
prt,2001,1.27336859703064
prt,2002,1.269430041313171
prt,2003,1.27334463596344
prt,2004,1.271812081336975
prt,2005,1.269550800323486
prt,2006,1.269293904304504
prt,2007,1.25806450843811
prt,2008,1.243328094482422
prt,2009,1.218989253044128
prt,2010,1.204172849655151
prt,2011,1.193877577781677
prt,2012,1.186968803405762
prt,2013,1.175172448158264
prt,2014,1.159731507301331
prt,2015,1.146788954734802
prt,2016,1.137179493904114
prt,2017,1.128301858901978
prt,2018,1.121437430381775
prt,2019,1.117359399795532
prt,2020,1.114595890045166
prt,2021,1.110846281051636
prt,2022,1.107184886932373
prt,2023,1.105937123298645
prt,2024,1.101382493972778
pry,1990,1.016666650772095
pry,1991,1.024523138999939
pry,1992,1.032085537910461
pry,1993,1.031578898429871
pry,1994,1.03636360168457
pry,1995,1.040712475776672
pry,1996,1.046683073043823
pry,1997,1.047505974769592
pry,1998,1.050228357315063
pry,1999,1.059080958366394
pry,2000,1.062761545181274
pry,2001,1.063745021820068
pry,2002,1.055769205093384
pry,2003,1.052044630050659
pry,2004,1.047101497650146
pry,2005,1.054577469825745
pry,2006,1.057192325592041
pry,2007,1.060137510299683
pry,2008,1.069727897644043
pry,2009,1.079124569892883
pry,2010,1.091059565544128
pry,2011,1.094771265983582
pry,2012,1.09354841709137
pry,2013,1.091054320335388
pry,2014,1.091338634490967
pry,2015,1.091757416725159
pry,2016,1.087692260742188
pry,2017,1.089393973350525
pry,2018,1.095808386802673
pry,2019,1.100591659545898
pry,2020,1.106725096702576
pry,2021,1.109668135643005
pry,2022,1.111111164093018
pry,2023,1.113924026489258
pry,2024,1.114047288894653
pse,1990,0.791814923286438
pse,1991,0.8169013857841492
pse,1992,0.8382608890533447
pse,1993,0.8630136847496033
pse,1994,0.8802698254585266
pse,1995,0.90150249004364
pse,1996,0.9220563769340516
pse,1997,0.9455445408821106
pse,1998,0.9639344215393066
pse,1999,0.9821717739105223
pse,2000,0.995230495929718
pse,2001,1.006182432174683
pse,2002,1.014992475509644
pse,2003,1.02616274356842
pse,2004,1.039270639419556
pse,2005,1.052631616592407
pse,2006,1.067532420158386
pse,2007,1.082603216171265
pse,2008,1.095873832702637
pse,2009,1.107947826385498
pse,2010,1.120467782020569
pse,2011,1.132712483406067
pse,2012,1.144353866577148
pse,2013,1.151691913604736
pse,2014,1.155555605888367
pse,2015,1.153575658798218
pse,2016,1.147887349128723
pse,2017,1.141852259635925
pse,2018,1.136842131614685
pse,2019,1.131548285484314
pse,2020,1.131639719009399
pse,2021,1.133714318275452
pse,2022,1.135746598243713
pse,2023,1.136618137359619
pse,2024,1.139844655990601
qat,1990,0.8310214281082153
qat,1991,0.8375315070152283
qat,1992,0.8454774022102356
qat,1993,0.8535669445991516
qat,1994,0.8601747751235962
qat,1995,0.8655043840408325
qat,1996,0.8706467747688293
qat,1997,0.8729763627052307
qat,1998,0.8799999952316284
qat,1999,0.8870765566825867
qat,2000,0.8965951800346375
qat,2001,0.9064475297927856
qat,2002,0.9164556860923768
qat,2003,0.9316455721855164
qat,2004,0.946835458278656
qat,2005,0.9595448970794678
qat,2006,0.9734513163566588
qat,2007,0.98740553855896
qat,2008,0.9975000023841858
qat,2009,1.006172895431519
qat,2010,1.012180209159851
qat,2011,1.016867518424988
qat,2012,1.019093036651611
qat,2013,1.022485256195068
qat,2014,1.025851964950562
qat,2015,1.02800464630127
qat,2016,1.031322479248047
qat,2017,1.034602046012878
qat,2018,1.037800669670105
qat,2019,1.039954304695129
qat,2020,1.043181777000427
qat,2021,1.044167637825012
qat,2022,1.046223282814026
qat,2023,1.049493789672852
qat,2024,1.052631616592407
rou,1990,0.9377289414405824
rou,1991,0.9355230927467346
rou,1992,0.9356796145439148
rou,1993,0.9428918361663818
rou,1994,0.9545454382896424
rou,1995,0.965994954109192
rou,1996,0.9765625
rou,1997,0.98525470495224
rou,1998,0.9891008138656616
rou,1999,0.989071011543274
rou,2000,0.98777174949646
rou,2001,0.9865410327911376
rou,2002,0.9879999756813048
rou,2003,0.9867724776268004
rou,2004,0.9907651543617249
rou,2005,0.9947368502616882
rou,2006,0.9986859560012816
rou,2007,1.0
rou,2008,1.001308917999268
rou,2009,1.003921627998352
rou,2010,1.007802367210388
rou,2011,1.00904393196106
rou,2012,1.006426692008972
rou,2013,1.001280426979065
rou,2014,0.9936548471450806
rou,2015,0.9886792302131652
rou,2016,0.9862328171730042
rou,2017,0.9850187301635742
rou,2018,0.9850746393203736
rou,2019,0.9851484894752502
rou,2020,0.9852034449577332
rou,2021,0.9864531755447388
rou,2022,0.9889435172080994
rou,2023,0.9901840686798096
rou,2024,0.990220069885254
rus,1990,1.017985582351685
rus,1991,1.020286440849304
rus,1992,1.023781180381775
rus,1993,1.024940609931946
rus,1994,1.023781180381775
rus,1995,1.026159286499023
rus,1996,1.028469800949097
rus,1997,1.034117698669434
rus,1998,1.0362149477005
rus,1999,1.03935182094574
rus,2000,1.040091633796692
rus,2001,1.040816307067871
rus,2002,1.036117434501648
rus,2003,1.029378533363342
rus,2004,1.024886846542358
rus,2005,1.027118682861328
rus,2006,1.027149319648743
rus,2007,1.026047587394714
rus,2008,1.024943351745605
rus,2009,1.025988698005676
rus,2010,1.026996612548828
rus,2011,1.027964234352112
rus,2012,1.027808666229248
rus,2013,1.025498867034912
rus,2014,1.025386333465576
rus,2015,1.025302529335022
rus,2016,1.026315808296204
rus,2017,1.028446435928345
rus,2018,1.028415322303772
rus,2019,1.029443860054016
rus,2020,1.030434727668762
rus,2021,1.031453371047974
rus,2022,1.032432436943054
rus,2023,1.032362461090088
rus,2024,1.03229284286499
rwa,1990,0.5
rwa,1991,0.5116279125213623
rwa,1992,0.5333333611488342
rwa,1993,0.52173912525177
rwa,1994,0.54347825050354
rwa,1995,0.6000000238418579
rwa,1996,0.644444465637207
rwa,1997,0.6888889074325562
rwa,1998,0.717391312122345
rwa,1999,0.760869562625885
rwa,2000,0.7872340679168701
rwa,2001,0.8163265585899353
rwa,2002,0.8600000143051147
rwa,2003,0.8823529481887817
rwa,2004,0.9038461446762084
rwa,2005,0.9090909361839294
rwa,2006,0.9180327653884888
rwa,2007,0.9264705777168274
rwa,2008,0.9090909361839294
rwa,2009,0.9069767594337464
rwa,2010,0.91304349899292
rwa,2011,0.918367326259613
rwa,2012,0.9320388436317444
rwa,2013,0.9369369149208068
rwa,2014,0.949999988079071
rwa,2015,0.9767441749572754
rwa,2016,0.9927536249160768
rwa,2017,1.006802678108215
rwa,2018,1.025477647781372
rwa,2019,1.047337293624878
rwa,2020,1.060439586639404
rwa,2021,1.082051277160645
rwa,2022,1.091346144676208
rwa,2023,1.100456595420837
rwa,2024,1.116883158683777
sdn,1990,0.8108108043670654
sdn,1991,0.8355262875556946
sdn,1992,0.8535031676292419
sdn,1993,0.8819875717163086
sdn,1994,0.9036144614219666
sdn,1995,0.9075144529342652
sdn,1996,0.9111111164093018
sdn,1997,0.91847825050354
sdn,1998,0.9251337051391602
sdn,1999,0.9312169551849364
sdn,2000,0.9270833134651184
sdn,2001,0.9179487228393556
sdn,2002,0.9049999713897704
sdn,2003,0.8888888955116272
sdn,2004,0.8709677457809448
sdn,2005,0.8728070259094238
sdn,2006,0.8865545988082886
sdn,2007,0.891566276550293
sdn,2008,0.9034749269485474
sdn,2009,0.9151291251182556
sdn,2010,0.9219858050346376
sdn,2011,0.9273356199264526
sdn,2012,0.9385665655136108
sdn,2013,0.9457626938819884
sdn,2014,0.946308732032776
sdn,2015,0.949999988079071
sdn,2016,0.9503311514854432
sdn,2017,0.95114004611969
sdn,2018,0.9485530257225036
sdn,2019,0.9495267868041992
sdn,2020,0.950464367866516
sdn,2021,0.9513677954673768
sdn,2022,0.9522387981414796
sdn,2023,0.964601755142212
sdn,2024,0.9795918464660645
sen,1990,0.2096774131059647
sen,1991,0.2380952388048172
sen,1992,0.2615384757518768
sen,1993,0.2923077046871185
sen,1994,0.296875
sen,1995,0.30158731341362
sen,1996,0.3174603283405304
sen,1997,0.3492063581943512
sen,1998,0.380952388048172
sen,1999,0.4126984179019928
sen,2000,0.4375
sen,2001,0.4761904776096344
sen,2002,0.484375
sen,2003,0.5
sen,2004,0.5
sen,2005,0.5147058963775635
sen,2006,0.5142857432365417
sen,2007,0.5270270109176636
sen,2008,0.5584415793418884
sen,2009,0.5802469253540039
sen,2010,0.604651153087616
sen,2011,0.6153846383094788
sen,2012,0.6315789222717285
sen,2013,0.6464646458625793
sen,2014,0.6699029207229614
sen,2015,0.7169811129570007
sen,2016,0.7545454502105713
sen,2017,0.7982456088066101
sen,2018,0.831932783126831
sen,2019,0.8479999899864197
sen,2020,0.8702290058135986
sen,2021,0.8759124279022217
sen,2022,0.8951048851013184
sen,2023,0.912162184715271
sen,2024,0.9276315569877625
sle,1990,0.4941176474094391
sle,1991,0.4939759075641632
sle,1992,0.5
sle,1993,0.5063291192054749
sle,1994,0.5
sle,1995,0.5
sle,1996,0.4871794879436493
sle,1997,0.4683544337749481
sle,1998,0.4625000059604645
sle,1999,0.4512194991111755
sle,2000,0.43529412150383
sle,2001,0.4111111164093018
sle,2002,0.3958333432674408
sle,2003,0.3823529481887817
sle,2004,0.3853211104869843
sle,2005,0.4086956381797791
sle,2006,0.4333333373069763
sle,2007,0.4724409580230713
sle,2008,0.4962406158447266
sle,2009,0.5251798629760742
sle,2010,0.5416666865348816
sle,2011,0.5570470094680786
sle,2012,0.5844155550003052
sle,2013,0.6000000238418579
sle,2014,0.6134969592094421
sle,2015,0.6242424249649048
sle,2016,0.6325300931930542
sle,2017,0.6463414430618286
sle,2018,0.6645962595939636
sle,2019,0.6772152185440063
sle,2020,0.6772152185440063
sle,2021,0.6812499761581421
sle,2022,0.6832298040390015
sle,2023,0.6932515501976013
sle,2024,0.6927710771560669
slv,1990,0.863070547580719
slv,1991,0.8606557250022888
slv,1992,0.8548387289047241
slv,1993,0.8571428656578064
slv,1994,0.859375
slv,1995,0.8664122223854065
slv,1996,0.88345867395401
slv,1997,0.900735318660736
slv,1998,0.9127272963523864
slv,1999,0.9208633303642272
slv,2000,0.9107142686843872
slv,2001,0.907801389694214
slv,2002,0.9116607904434204
slv,2003,0.9192982316017152
slv,2004,0.9305555820465088
slv,2005,0.9455782175064088
slv,2006,0.9700000286102296
slv,2007,0.9967532753944396
slv,2008,1.02173912525177
slv,2009,1.038805961608887
slv,2010,1.065902590751648
slv,2011,1.088888883590698
slv,2012,1.09863018989563
slv,2013,1.103825092315674
slv,2014,1.106849312782288
slv,2015,1.115384578704834
slv,2016,1.121546983718872
slv,2017,1.133333325386047
slv,2018,1.149584531784058
slv,2019,1.16438353061676
slv,2020,1.177897572517395
slv,2021,1.185676336288452
slv,2022,1.190600514411926
slv,2023,1.193298935890198
slv,2024,1.203045725822449
som,1990,0.1240310072898865
som,1991,0.1395348906517029
som,1992,0.1328125
som,1993,0.1349206417798996
som,1994,0.1382113844156265
som,1995,0.1416666656732559
som,1996,0.1379310339689255
som,1997,0.1415929198265076
som,1998,0.1272727251052856
som,1999,0.1296296268701553
som,2000,0.1214953288435936
som,2001,0.1226415112614632
som,2002,0.1226415112614632
som,2003,0.1296296268701553
som,2004,0.1272727251052856
som,2005,0.125
som,2006,0.1315789520740509
som,2007,0.1379310339689255
som,2008,0.1355932205915451
som,2009,0.1428571492433548
som,2010,0.1416666656732559
som,2011,0.1475409865379333
som,2012,0.1451612859964371
som,2013,0.15079365670681
som,2014,0.15625
som,2015,0.1627907007932663
som,2016,0.1705426424741745
som,2017,0.1755725145339966
som,2018,0.1804511249065399
som,2019,0.1940298527479172
som,2020,0.2014925330877304
som,2021,0.1911764740943909
som,2022,0.2028985470533371
som,2023,0.2000000029802322
som,2024,0.2056737542152405
srb,1990,1.026533961296082
srb,1991,1.036065578460693
srb,1992,1.050324678421021
srb,1993,1.067741990089417
srb,1994,1.092651724815369
srb,1995,1.109872579574585
srb,1996,1.125198125839233
srb,1997,1.139461159706116
srb,1998,1.148089170455933
srb,1999,1.154704928398132
srb,2000,1.156299829483032
srb,2001,1.153724193572998
srb,2002,1.148902773857117
srb,2003,1.145061731338501
srb,2004,1.142640352249146
srb,2005,1.147540926933289
srb,2006,1.156661748886108
srb,2007,1.164028763771057
srb,2008,1.165254235267639
srb,2009,1.164364695549011
srb,2010,1.163072824478149
srb,2011,1.164690375328064
srb,2012,1.164082646369934
srb,2013,1.159033060073853
srb,2014,1.150753736495972
srb,2015,1.144981384277344
srb,2016,1.139364361763
srb,2017,1.132689952850342
srb,2018,1.129916548728943
srb,2019,1.125147581100464
srb,2020,1.121922612190247
srb,2021,1.121212124824524
srb,2022,1.12050986289978
srb,2023,1.122119784355164
srb,2024,1.121420383453369
ssd,1990,0.5555555820465088
ssd,1991,0.5
ssd,1992,0.5555555820465088
ssd,1993,0.5555555820465088
ssd,1994,0.5555555820465088
ssd,1995,0.5
ssd,1996,0.5
ssd,1997,0.5
ssd,1998,0.5
ssd,1999,0.5
ssd,2000,0.5
ssd,2001,0.5
ssd,2002,0.5555555820465088
ssd,2003,0.5555555820465088
ssd,2004,0.5555555820465088
ssd,2005,0.5555555820465088
ssd,2006,0.5555555820465088
ssd,2007,0.5
ssd,2008,0.4545454680919647
ssd,2009,0.5
ssd,2010,0.4000000059604645
ssd,2011,0.3888888955116272
ssd,2012,0.4210526347160339
ssd,2013,0.449999988079071
ssd,2014,0.4285714328289032
ssd,2015,0.4285714328289032
ssd,2016,0.4545454680919647
ssd,2017,0.4347825944423676
ssd,2018,0.47826087474823
ssd,2019,0.4583333432674408
ssd,2020,0.4399999976158142
ssd,2021,0.4799999892711639
ssd,2022,0.4615384638309479
ssd,2023,0.4444444477558136
ssd,2024,0.4642857015132904
stp,1990,0.3391812741756439
stp,1991,0.3705882430076599
stp,1992,0.4071856141090393
stp,1993,0.4512194991111755
stp,1994,0.4846625626087189
stp,1995,0.5182926654815674
stp,1996,0.5481927990913391
stp,1997,0.5654761791229248
stp,1998,0.5823529362678528
stp,1999,0.5838150382041931
stp,2000,0.5875706076622009
stp,2001,0.5956284403800964
stp,2002,0.6203208565711975
stp,2003,0.6510416865348816
stp,2004,0.6871795058250427
stp,2005,0.7185929417610168
stp,2006,0.746268630027771
stp,2007,0.7635468244552612
stp,2008,0.782608687877655
stp,2009,0.8160377144813538
stp,2010,0.8663594722747803
stp,2011,0.9288889169692992
stp,2012,0.9915611743927002
stp,2013,1.048327088356018
stp,2014,1.084967374801636
stp,2015,1.101449251174927
stp,2016,1.107329845428467
stp,2017,1.109785199165344
stp,2018,1.116740107536316
stp,2019,1.125514388084412
stp,2020,1.136452198028564
stp,2021,1.14684009552002
stp,2022,1.161001801490784
stp,2023,1.171280264854431
stp,2024,1.179831981658936
sur,1990,1.18709671497345
sur,1991,1.208860754966736
sur,1992,1.21875
sur,1993,1.234567880630493
sur,1994,1.257485032081604
sur,1995,1.283236980438232
sur,1996,1.309392213821411
sur,1997,1.326315760612488
sur,1998,1.346733689308167
sur,1999,1.368421077728271
sur,2000,1.382882833480835
sur,2001,1.394067764282227
sur,2002,1.401606440544128
sur,2003,1.399224758148193
sur,2004,1.397727251052856
sur,2005,1.392592549324036
sur,2006,1.385454535484314
sur,2007,1.374558329582214
sur,2008,1.363013744354248
sur,2009,1.353333353996277
sur,2010,1.352750778198242
sur,2011,1.359375
sur,2012,1.369369387626648
sur,2013,1.368421077728271
sur,2014,1.364161849021912
sur,2015,1.357348680496216
sur,2016,1.349570155143738
sur,2017,1.346590876579285
sur,2018,1.344537854194641
sur,2019,1.338842988014221
sur,2020,1.345013499259949
sur,2021,1.347480058670044
sur,2022,1.350649356842041
sur,2023,1.357868075370789
sur,2024,1.363184094429016
svk,1990,0.998935043811798
svk,1991,1.001063823699951
svk,1992,1.002125382423401
svk,1993,1.003184676170349
svk,1994,1.005296587944031
svk,1995,1.005296587944031
svk,1996,1.005296587944031
svk,1997,1.006355881690979
svk,1998,1.008465647697449
svk,1999,1.009523868560791
svk,2000,1.009523868560791
svk,2001,1.010581970214844
svk,2002,1.009533882141113
svk,2003,1.010604500770569
svk,2004,1.010615706443787
svk,2005,1.01168966293335
svk,2006,1.012766003608704
svk,2007,1.012779593467712
svk,2008,1.011727094650269
svk,2009,1.010672330856323
svk,2010,1.009615421295166
svk,2011,1.008556127548218
svk,2012,1.007494688034058
svk,2013,1.006430864334106
svk,2014,1.0064377784729
svk,2015,1.004305720329285
svk,2016,1.003232717514038
svk,2017,1.001079916954041
svk,2018,1.001079916954041
svk,2019,1.001078724861145
svk,2020,1.00107753276825
svk,2021,1.001076459884644
svk,2022,1.001075267791748
svk,2023,1.001074075698853
svk,2024,1.001073002815247
svn,1990,0.9960681796073914
svn,1991,1.005194783210754
svn,1992,1.012787699699402
svn,1993,1.021276593208313
svn,1994,1.025766849517822
svn,1995,1.033694386482239
svn,1996,1.041273593902588
svn,1997,1.04965353012085
svn,1998,1.057823181152344
svn,1999,1.0625
svn,2000,1.067180633544922
svn,2001,1.068777322769165
svn,2002,1.067391276359558
svn,2003,1.067172288894653
svn,2004,1.067026972770691
svn,2005,1.068965554237366
svn,2006,1.069892525672913
svn,2007,1.071811318397522
svn,2008,1.07379674911499
svn,2009,1.072805166244507
svn,2010,1.070815443992615
svn,2011,1.067669153213501
svn,2012,1.06135630607605
svn,2013,1.056989192962646
svn,2014,1.054779767990112
svn,2015,1.053648114204407
svn,2016,1.052518725395203
svn,2017,1.051391839981079
svn,2018,1.050160050392151
svn,2019,1.048936128616333
svn,2020,1.04878044128418
svn,2021,1.049682855606079
svn,2022,1.05057954788208
svn,2023,1.051470637321472
svn,2024,1.052356004714966
swe,1990,1.024971604347229
swe,1991,1.02378261089325
swe,1992,1.023755669593811
swe,1993,1.02259886264801
swe,1994,1.023675322532654
swe,1995,1.023648619651794
swe,1996,1.02471911907196
swe,1997,1.02471911907196
swe,1998,1.028121471405029
swe,1999,1.031602740287781
swe,2000,1.035067915916443
swe,2001,1.037372589111328
swe,2002,1.038505077362061
swe,2003,1.039592742919922
swe,2004,1.03954803943634
swe,2005,1.04054057598114
swe,2006,1.041526317596436
swe,2007,1.040268421173096
swe,2008,1.036871552467346
swe,2009,1.032438516616821
swe,2010,1.030201315879822
swe,2011,1.029082775115967
swe,2012,1.027964234352112
swe,2013,1.026845693588257
swe,2014,1.025698304176331
swe,2015,1.024580955505371
swe,2016,1.025669693946838
swe,2017,1.027870655059814
swe,2018,1.030100345611572
swe,2019,1.032258033752441
swe,2020,1.033296346664429
swe,2021,1.033222556114197
swe,2022,1.033185839653015
swe,2023,1.034216284751892
swe,2024,1.035242319107056
syr,1990,0.7318840622901917
syr,1991,0.7435897588729858
syr,1992,0.7666666507720947
syr,1993,0.7932330965995789
syr,1994,0.8192307949066162
syr,1995,0.8339921236038208
syr,1996,0.8473895788192749
syr,1997,0.8582996129989624
syr,1998,0.8857142925262451
syr,1999,0.92592591047287
syr,2000,0.962809920310974
syr,2001,1.0
syr,2002,1.027451038360596
syr,2003,1.066914439201355
syr,2004,1.088652491569519
syr,2005,1.105084776878357
syr,2006,1.10163938999176
syr,2007,1.096153855323792
syr,2008,1.097484230995178
syr,2009,1.108024716377258
syr,2010,1.115501523017883
syr,2011,1.120120167732239
syr,2012,1.126843690872192
syr,2013,1.141618490219116
syr,2014,1.153409123420715
syr,2015,1.166666626930237
syr,2016,1.174863338470459
syr,2017,1.180593013763428
syr,2018,1.187830686569214
syr,2019,1.197402596473694
syr,2020,1.202046036720276
syr,2021,1.211055278778076
syr,2022,1.218905448913574
syr,2023,1.227941155433655
syr,2024,1.236144542694092
tcd,1990,0.2083333283662796
tcd,1991,0.2000000029802322
tcd,1992,0.2075471729040146
tcd,1993,0.2037037014961243
tcd,1994,0.1964285671710968
tcd,1995,0.2068965584039688
tcd,1996,0.2166666686534882
tcd,1997,0.2380952388048172
tcd,1998,0.2537313401699066
tcd,1999,0.2714285850524902
tcd,2000,0.2739726006984711
tcd,2001,0.2837837934494019
tcd,2002,0.2933333218097687
tcd,2003,0.2933333218097687
tcd,2004,0.3026315867900848
tcd,2005,0.3076923191547394
tcd,2006,0.3086419701576233
tcd,2007,0.2976190447807312
tcd,2008,0.302325576543808
tcd,2009,0.2954545319080353
tcd,2010,0.2954545319080353
tcd,2011,0.3033707737922668
tcd,2012,0.3076923191547394
tcd,2013,0.3186813294887543
tcd,2014,0.3260869681835175
tcd,2015,0.3369565308094025
tcd,2016,0.3444444537162781
tcd,2017,0.3522727191448212
tcd,2018,0.380952388048172
tcd,2019,0.3902438879013062
tcd,2020,0.4024390280246735
tcd,2021,0.4096385538578033
tcd,2022,0.4235294163227081
tcd,2023,0.4302325546741486
tcd,2024,0.4431818127632141
tgo,1990,0.3061224520206451
tgo,1991,0.3199999928474426
tgo,1992,0.3333333432674408
tgo,1993,0.3207547068595886
tgo,1994,0.3454545438289642
tgo,1995,0.3571428656578064
tgo,1996,0.3793103396892548
tgo,1997,0.3833333253860474
tgo,1998,0.380952388048172
tgo,1999,0.3939394056797028
tgo,2000,0.4142857193946838
tgo,2001,0.4324324429035187
tgo,2002,0.449999988079071
tgo,2003,0.4642857015132904
tgo,2004,0.4719101190567017
tgo,2005,0.4838709533214569
tgo,2006,0.4848484992980957
tgo,2007,0.4761904776096344
tgo,2008,0.4864864945411682
tgo,2009,0.5
tgo,2010,0.5203251838684082
tgo,2011,0.5343511700630188
tgo,2012,0.5454545617103577
tgo,2013,0.5483871102333069
tgo,2014,0.5470588207244873
tgo,2015,0.5567567348480225
tgo,2016,0.5628140568733215
tgo,2017,0.5687204003334045
tgo,2018,0.5837104320526123
tgo,2019,0.6008771657943726
tgo,2020,0.6059321761131287
tgo,2021,0.6147540807723999
tgo,2022,0.6254979968070984
tgo,2023,0.6307692527770996
tgo,2024,0.6356877088546753
tha,1990,0.8858267664909363
tha,1991,0.8996139168739319
tha,1992,0.9315589070320128
tha,1993,0.9589552283287048
tha,1994,0.9928057789802552
tha,1995,1.010067105293274
tha,1996,1.039393901824951
tha,1997,1.054794549942017
tha,1998,1.076354622840881
tha,1999,1.095982193946838
tha,2000,1.1147540807724
tha,2001,1.128846168518066
tha,2002,1.136531352996826
tha,2003,1.143112659454346
tha,2004,1.150087237358093
tha,2005,1.155821919441223
tha,2006,1.16271185874939
tha,2007,1.169747948646545
tha,2008,1.179700493812561
tha,2009,1.192434191703796
tha,2010,1.206504106521606
tha,2011,1.2173912525177
tha,2012,1.222222208976746
tha,2013,1.223787188529968
tha,2014,1.224270343780518
tha,2015,1.229729771614075
tha,2016,1.232796430587769
tha,2017,1.234620928764343
tha,2018,1.230661034584045
tha,2019,1.223300933837891
tha,2020,1.21418821811676
tha,2021,1.206157922744751
tha,2022,1.199475049972534
tha,2023,1.196911215782166
tha,2024,1.195707082748413
tjk,1990,0.6622390747070312
tjk,1991,0.6761363744735718
tjk,1992,0.6930320262908936
tjk,1993,0.7081784605979919
tjk,1994,0.7267759442329407
tjk,1995,0.7393617033958435
tjk,1996,0.7439446449279785
tjk,1997,0.7360405921936035
tjk,1998,0.7225913405418396
tjk,1999,0.70243901014328
tjk,2000,0.6857143044471741
tjk,2001,0.6713395714759827
tjk,2002,0.6636085510253906
tjk,2003,0.6621417999267578
tjk,2004,0.6651785969734192
tjk,2005,0.6720588207244873
tjk,2006,0.6773256063461304
tjk,2007,0.6844380497932434
tjk,2008,0.691428542137146
tjk,2009,0.6981664299964905
tjk,2010,0.7045769691467285
tjk,2011,0.7119565010070801
tjk,2012,0.7234042286872864
tjk,2013,0.7356770634651184
tjk,2014,0.7493606209754944
tjk,2015,0.7635220289230347
tjk,2016,0.7759901285171509
tjk,2017,0.7890244126319885
tjk,2018,0.7966305613517761
tjk,2019,0.8045291900634766
tjk,2020,0.8094674348831177
tjk,2021,0.8162544369697571
tjk,2022,0.8222222328186035
tjk,2023,0.8281068801879883
tjk,2024,0.8358381390571594
tkm,1990,1.025370001792908
tkm,1991,1.025370001792908
tkm,1992,1.026427030563354
tkm,1993,1.027513265609741
tkm,1994,1.02860164642334
tkm,1995,1.029661059379578
tkm,1996,1.029692411422729
tkm,1997,1.029755592346191
tkm,1998,1.029819011688232
tkm,1999,1.029882550239563
tkm,2000,1.029914498329163
tkm,2001,1.029882550239563
tkm,2002,1.029850721359253
tkm,2003,1.029819011688232
tkm,2004,1.030818223953247
tkm,2005,1.03078556060791
tkm,2006,1.030752897262573
tkm,2007,1.030720353126526
tkm,2008,1.030687808990479
tkm,2009,1.032734990119934
tkm,2010,1.031679034233093
tkm,2011,1.031645536422729
tkm,2012,1.030558466911316
tkm,2013,1.030526280403137
tkm,2014,1.030526280403137
tkm,2015,1.030462145805359
tkm,2016,1.031479597091675
tkm,2017,1.030398368835449
tkm,2018,1.030366539955139
tkm,2019,1.030334711074829
tkm,2020,1.029288649559021
tkm,2021,1.029258131980896
tkm,2022,1.029227614402771
tkm,2023,1.029197096824646
tkm,2024,1.029166698455811
tls,1990,0.5234899520874023
tls,1991,0.5445544719696045
tls,1992,0.5649350881576538
tls,1993,0.5891719460487366
tls,1994,0.6137071847915649
tls,1995,0.6393939256668091
tls,1996,0.6578947305679321
tls,1997,0.6713483333587646
tls,1998,0.6856368780136108
tls,1999,0.6937173008918762
tls,2000,0.7055837512016296
tls,2001,0.7216748595237732
tls,2002,0.7458033561706543
tls,2003,0.7757009267807007
tls,2004,0.8041002154350281
tls,2005,0.8237885236740112
tls,2006,0.8386411666870117
tls,2007,0.8524590134620667
tls,2008,0.8687872886657715
tls,2009,0.8943248391151428
tls,2010,0.9165048599243164
tls,2011,0.9454191327095032
tls,2012,0.9744094610214232
tls,2013,1.003976106643677
tls,2014,1.025641083717346
tls,2015,1.049019575119019
tls,2016,1.064579248428345
tls,2017,1.079611659049988
tls,2018,1.091778159141541
tls,2019,1.106145262718201
tls,2020,1.116575598716736
tls,2021,1.128113865852356
tls,2022,1.136678218841553
tls,2023,1.15059220790863
tls,2024,1.158940434455872
ton,1990,1.097959160804749
ton,1991,1.101078152656555
ton,1992,1.105193018913269
ton,1993,1.108322381973267
ton,1994,1.11125659942627
ton,1995,1.111688256263733
ton,1996,1.1143958568573
ton,1997,1.114795923233032
ton,1998,1.116455674171448
ton,1999,1.115723252296448
ton,2000,1.115960121154785
ton,2001,1.116480827331543
ton,2002,1.118226647377014
ton,2003,1.121175050735474
ton,2004,1.121802687644958
ton,2005,1.124546527862549
ton,2006,1.126050472259521
ton,2007,1.126491665840149
ton,2008,1.126927614212036
ton,2009,1.126179218292236
ton,2010,1.124267339706421
ton,2011,1.122377634048462
ton,2012,1.12296986579895
ton,2013,1.122119784355164
ton,2014,1.121142864227295
ton,2015,1.118181824684143
ton,2016,1.116515874862671
ton,2017,1.114864826202393
ton,2018,1.113228678703308
ton,2019,1.113712430000305
ton,2020,1.111111164093018
ton,2021,1.108407020568848
ton,2022,1.107929468154907
ton,2023,1.107456088066101
ton,2024,1.106986880302429
tto,1990,1.035242319107056
tto,1991,1.035868048667908
tto,1992,1.03389835357666
tto,1993,1.037656903266907
tto,1994,1.044016480445862
tto,1995,1.04884672164917
tto,1996,1.052208781242371
tto,1997,1.056803226470947
tto,1998,1.065359473228455
tto,1999,1.073929905891418
tto,2000,1.077419400215149
tto,2001,1.07938539981842
tto,2002,1.079949259757996
tto,2003,1.079345107078552
tto,2004,1.077210426330566
tto,2005,1.071253061294556
tto,2006,1.065375328063965
tto,2007,1.062052488327026
tto,2008,1.061393141746521
tto,2009,1.067677974700928
tto,2010,1.074971199035645
tto,2011,1.083523988723755
tto,2012,1.089977264404297
tto,2013,1.096590876579285
tto,2014,1.102040767669678
tto,2015,1.108474612236023
tto,2016,1.112739562988281
tto,2017,1.114864826202393
tto,2018,1.115990996360779
tto,2019,1.118110179901123
tto,2020,1.120224714279175
tto,2021,1.122197270393372
tto,2022,1.123042464256287
tto,2023,1.122630953788757
tto,2024,1.121951222419739
tur,1990,0.6092436909675598
tur,1991,0.6097561120986938
tur,1992,0.6047430634498596
tur,1993,0.6115384697914124
tur,1994,0.6125461459159851
tur,1995,0.6228373646736145
tur,1996,0.6387096643447876
tur,1997,0.6626139879226685
tur,1998,0.686956524848938
tur,1999,0.7127071619033813
tur,2000,0.7253333330154419
tur,2001,0.7421875
tur,2002,0.75
tur,2003,0.7692307829856873
tur,2004,0.7814726829528809
tur,2005,0.792792797088623
tur,2006,0.7978723645210266
tur,2007,0.8097165822982788
tur,2008,0.8255813717842102
tur,2009,0.846441924571991
tur,2010,0.8711434006690979
tur,2011,0.8971630930900574
tur,2012,0.931818187236786
tur,2013,0.9634782671928406
tur,2014,0.9965217113494872
tur,2015,1.02195942401886
tur,2016,1.042345285415649
tur,2017,1.060937523841858
tur,2018,1.072180509567261
tur,2019,1.077259421348572
tur,2020,1.077253222465515
tur,2021,1.076163649559021
tur,2022,1.077777743339539
tur,2023,1.084468722343445
tur,2024,1.089572191238403
tuv,1990,0.963235318660736
tuv,1991,0.9818840622901917
tuv,1992,0.9964157938957214
tuv,1993,1.01045298576355
tuv,1994,1.027027010917664
tuv,1995,1.045454502105713
tuv,1996,1.060126543045044
tuv,1997,1.076687097549438
tuv,1998,1.092261910438538
tuv,1999,1.10374641418457
tuv,2000,1.118309855461121
tuv,2001,1.126373648643494
tuv,2002,1.144000053405762
tuv,2003,1.150649309158325
tuv,2004,1.156962037086487
tuv,2005,1.171990156173706
tuv,2006,1.181818127632141
tuv,2007,1.198614358901978
tuv,2008,1.214285731315613
tuv,2009,1.227272748947144
tuv,2010,1.238493680953979
tuv,2011,1.245436072349548
tuv,2012,1.252465486526489
tuv,2013,1.261950254440308
tuv,2014,1.266790986061096
tuv,2015,1.273550748825073
tuv,2016,1.279151916503906
tuv,2017,1.28842830657959
tuv,2018,1.292517066001892
tuv,2019,1.29549252986908
tuv,2020,1.301639318466187
tuv,2021,1.305958151817322
tuv,2022,1.304278969764709
tuv,2023,1.307332277297974
tuv,2024,1.309341549873352
tza,1990,0.3846153914928436
tza,1991,0.4000000059604645
tza,1992,0.4375
tza,1993,0.453125
tza,1994,0.4838709533214569
tza,1995,0.5
tza,1996,0.5333333611488342
tza,1997,0.5833333134651184
tza,1998,0.6000000238418579
tza,1999,0.6393442749977112
tza,2000,0.6507936716079712
tza,2001,0.6515151262283325
tza,2002,0.6428571343421936
tza,2003,0.6301369667053223
tza,2004,0.6399999856948853
tza,2005,0.6410256624221802
tza,2006,0.6265060305595398
tza,2007,0.6363636255264282
tza,2008,0.6451612710952759
tza,2009,0.6597937941551208
tza,2010,0.6764705777168274
tza,2011,0.6915887594223022
tza,2012,0.7053571343421936
tza,2013,0.7280701994895935
tza,2014,0.747826099395752
tza,2015,0.7631579041481018
tza,2016,0.7739130258560181
tza,2017,0.7844827771186829
tza,2018,0.7966101765632629
tza,2019,0.8235294222831726
tza,2020,0.831932783126831
tza,2021,0.8305084705352783
tza,2022,0.8305084705352783
tza,2023,0.8376068472862244
tza,2024,0.8474576473236084
uga,1990,0.4230769276618958
uga,1991,0.4326923191547394
uga,1992,0.4519230723381042
uga,1993,0.4653465449810028
uga,1994,0.4699999988079071
uga,1995,0.4848484992980957
uga,1996,0.5098039507865906
uga,1997,0.5377358198165894
uga,1998,0.5675675868988037
uga,1999,0.5929203629493713
uga,2000,0.6086956262588501
uga,2001,0.6293103694915771
uga,2002,0.6416666507720947
uga,2003,0.6507936716079712
uga,2004,0.6616541147232056
uga,2005,0.6811594367027283
uga,2006,0.6993007063865662
uga,2007,0.7162162065505981
uga,2008,0.7320261597633362
uga,2009,0.7547169923782349
uga,2010,0.7818182110786438
uga,2011,0.8117647171020508
uga,2012,0.8439306616783142
uga,2013,0.8571428656578064
uga,2014,0.8786126971244812
uga,2015,0.8982036113739014
uga,2016,0.925000011920929
uga,2017,0.9677419066429138
uga,2018,0.9934640526771544
uga,2019,1.012820482254028
uga,2020,1.03125
uga,2021,1.054545402526855
uga,2022,1.081871390342712
uga,2023,1.101694941520691
uga,2024,1.125683069229126
ukr,1990,1.058111429214478
ukr,1991,1.055288434028625
ukr,1992,1.053635239601135
ukr,1993,1.049586772918701
ukr,1994,1.043376326560974
ukr,1995,1.039488911628723
ukr,1996,1.03341019153595
ukr,1997,1.029680371284485
ukr,1998,1.024915099143982
ukr,1999,1.021348357200623
ukr,2000,1.020066857337952
ukr,2001,1.0198894739151
ukr,2002,1.020810484886169
ukr,2003,1.021715521812439
ukr,2004,1.022629261016846
ukr,2005,1.023554563522339
ukr,2006,1.023429155349731
ukr,2007,1.025423765182495
ukr,2008,1.025370001792908
ukr,2009,1.027397274971008
ukr,2010,1.027339696884155
ukr,2011,1.027282238006592
ukr,2012,1.028242707252502
ukr,2013,1.027168273925781
ukr,2014,1.027083277702332
ukr,2015,1.025960564613342
ukr,2016,1.02487051486969
ukr,2017,1.023784875869751
ukr,2018,1.022703766822815
ukr,2019,1.021627187728882
ukr,2020,1.021560549736023
ukr,2021,1.020512819290161
ukr,2022,1.019447326660156
ukr,2023,1.017382383346558
ukr,2024,1.017346978187561
ury,1990,1.198433399200439
ury,1991,1.2109375
ury,1992,1.225974082946777
ury,1993,1.242268085479736
ury,1994,1.257731914520264
ury,1995,1.269430041313171
ury,1996,1.275324702262878
ury,1997,1.271540522575378
ury,1998,1.261096596717834
ury,1999,1.252577304840088
ury,2000,1.25563907623291
ury,2001,1.263922572135925
ury,2002,1.267772555351257
ury,2003,1.265258193016052
ury,2004,1.264636993408203
ury,2005,1.264018654823303
ury,2006,1.265116333961487
ury,2007,1.266203761100769
ury,2008,1.260969996452332
ury,2009,1.251152038574219
ury,2010,1.241379261016846
ury,2011,1.235159873962402
ury,2012,1.227990984916687
ury,2013,1.225446462631226
ury,2014,1.221238970756531
ury,2015,1.224890828132629
ury,2016,1.223427295684814
ury,2017,1.221505403518677
ury,2018,1.223404288291931
ury,2019,1.221518993377686
ury,2020,1.223381996154785
ury,2021,1.221991658210754
ury,2022,1.222680449485779
ury,2023,1.222903847694397
ury,2024,1.224696397781372
usa,1990,1.015607595443726
usa,1991,1.015625
usa,1992,1.016778469085693
usa,1993,1.020179390907288
usa,1994,1.022446632385254
usa,1995,1.023595452308655
usa,1996,1.023595452308655
usa,1997,1.025842666625977
usa,1998,1.026966333389282
usa,1999,1.029147982597351
usa,2000,1.029082775115967
usa,2001,1.029017806053162
usa,2002,1.027870655059814
usa,2003,1.028921008110046
usa,2004,1.026637077331543
usa,2005,1.026519298553467
usa,2006,1.026431679725647
usa,2007,1.027412295341492
usa,2008,1.027352333068848
usa,2009,1.027233123779297
usa,2010,1.026058673858643
usa,2011,1.024864912033081
usa,2012,1.023732423782349
usa,2013,1.022580623626709
usa,2014,1.023579835891724
usa,2015,1.022435903549194
usa,2016,1.02452027797699
usa,2017,1.022411942481995
usa,2018,1.023454189300537
usa,2019,1.022364258766174
usa,2020,1.021276593208313
usa,2021,1.021253943443298
usa,2022,1.020191311836243
usa,2023,1.021253943443298
usa,2024,1.021231412887573
uzb,1990,0.788844645023346
uzb,1991,0.7865612506866455
uzb,1992,0.7879377603530884
uzb,1993,0.7938931584358215
uzb,1994,0.8029739856719971
uzb,1995,0.8114901185035706
uzb,1996,0.8254799246788025
uzb,1997,0.8461538553237915
uzb,1998,0.8682432174682617
uzb,1999,0.8862876296043396
uzb,2000,0.9009901285171508
uzb,2001,0.9131832718849182
uzb,2002,0.9271317720413208
uzb,2003,0.94179105758667
uzb,2004,0.9497126340866088
uzb,2005,0.9528432488441468
uzb,2006,0.9528936743736268
uzb,2007,0.9526315927505492
uzb,2008,0.957253873348236
uzb,2009,0.9604591727256776
uzb,2010,0.9637500047683716
uzb,2011,0.9671132564544678
uzb,2012,0.9681227803230286
uzb,2013,0.9703196287155152
uzb,2014,0.9734513163566588
uzb,2015,0.9762930870056152
uzb,2016,0.9809926152229308
uzb,2017,0.9854166507720948
uzb,2018,0.9896801114082336
uzb,2019,0.9938461780548096
uzb,2020,0.9969356656074524
uzb,2021,1.0
uzb,2022,1.00101625919342
uzb,2023,1.002026319503784
uzb,2024,1.002022266387939
ven,1990,1.233009696006775
ven,1991,1.253918528556824
ven,1992,1.276923060417175
ven,1993,1.28484845161438
ven,1994,1.293413162231445
ven,1995,1.28994083404541
ven,1996,1.290322542190552
ven,1997,1.288184404373169
ven,1998,1.290960431098938
ven,1999,1.291208744049072
ven,2000,1.284946203231812
ven,2001,1.280104756355286
ven,2002,1.281329870223999
ven,2003,1.291770577430725
ven,2004,1.29411768913269
ven,2005,1.297820806503296
ven,2006,1.304038047790527
ven,2007,1.306791543960571
ven,2008,1.302540421485901
ven,2009,1.308390021324158
ven,2010,1.313199162483215
ven,2011,1.320879101753235
ven,2012,1.320346355438232
ven,2013,1.321961641311646
ven,2014,1.321428537368774
ven,2015,1.32572615146637
ven,2016,1.328571438789368
ven,2017,1.32997989654541
ven,2018,1.329365134239197
ven,2019,1.328094244003296
ven,2020,1.328820109367371
ven,2021,1.335238099098206
ven,2022,1.340225577354431
ven,2023,1.341372966766357
ven,2024,1.347349166870117
vnm,1990,0.8658536672592163
vnm,1991,0.8832335472106934
vnm,1992,0.8985074758529663
vnm,1993,0.91238671541214
vnm,1994,0.9226006269454956
vnm,1995,0.9203821420669556
vnm,1996,0.909385085105896
vnm,1997,0.8881788849830627
vnm,1998,0.8830769062042236
vnm,1999,0.8914955854415894
vnm,2000,0.9030470848083496
vnm,2001,0.9041450619697572
vnm,2002,0.9055690169334412
vnm,2003,0.915331780910492
vnm,2004,0.9279475808143616
vnm,2005,0.9368420839309692
vnm,2006,0.9506173133850098
vnm,2007,0.9716598987579346
vnm,2008,1.001980185508728
vnm,2009,1.029962539672852
vnm,2010,1.056939482688904
vnm,2011,1.078632473945618
vnm,2012,1.094527363777161
vnm,2013,1.111470103263855
vnm,2014,1.12044370174408
vnm,2015,1.12852668762207
vnm,2016,1.126760601997375
vnm,2017,1.125596165657043
vnm,2018,1.126853346824646
vnm,2019,1.122625231742859
vnm,2020,1.118279576301575
vnm,2021,1.110909104347229
vnm,2022,1.107078075408936
vnm,2023,1.107913613319397
vnm,2024,1.109929084777832
vut,1990,0.6617646813392639
vut,1991,0.6764705777168274
vut,1992,0.6764705777168274
vut,1993,0.6666666865348816
vut,1994,0.6571428775787354
vut,1995,0.6619718074798584
vut,1996,0.6666666865348816
vut,1997,0.662162184715271
vut,1998,0.6800000071525574
vut,1999,0.6973684430122375
vut,2000,0.701298713684082
vut,2001,0.7088607549667358
vut,2002,0.7160493731498718
vut,2003,0.7142857313156128
vut,2004,0.729411780834198
vut,2005,0.7241379022598267
vut,2006,0.7303370833396912
vut,2007,0.7362637519836426
vut,2008,0.75
vut,2009,0.7659574747085571
vut,2010,0.7789473533630371
vut,2011,0.7857142686843872
vut,2012,0.7900000214576721
vut,2013,0.7843137383460999
vut,2014,0.7961165308952332
vut,2015,0.807692289352417
vut,2016,0.8207547068595886
vut,2017,0.8240740895271301
vut,2018,0.8363636136054993
vut,2019,0.8636363744735718
vut,2020,0.8584070801734924
vut,2021,0.8608695864677429
vut,2022,0.8547008633613586
vut,2023,0.8571428656578064
vut,2024,0.8677685856819153
wsm,1990,0.982758641242981
wsm,1991,1.002848982810974
wsm,1992,1.019283771514893
wsm,1993,1.032171607017517
wsm,1994,1.044270873069763
wsm,1995,1.058524131774902
wsm,1996,1.072139263153076
wsm,1997,1.087167024612427
wsm,1998,1.101654887199402
wsm,1999,1.1090487241745
wsm,2000,1.121896147727966
wsm,2001,1.134065985679626
wsm,2002,1.141630887985229
wsm,2003,1.15800416469574
wsm,2004,1.17234468460083
wsm,2005,1.184466004371643
wsm,2006,1.197740077972412
wsm,2007,1.209558844566345
wsm,2008,1.221621632575989
wsm,2009,1.235398173332214
wsm,2010,1.245217442512512
wsm,2011,1.257240176200867
wsm,2012,1.264214038848877
wsm,2013,1.267326712608337
wsm,2014,1.270049095153809
wsm,2015,1.274796724319458
wsm,2016,1.280898928642273
wsm,2017,1.284810185432434
wsm,2018,1.290372729301453
wsm,2019,1.295281529426575
wsm,2020,1.299999952316284
wsm,2021,1.299559473991394
wsm,2022,1.302460193634033
wsm,2023,1.304720997810364
wsm,2024,1.308885812759399
yem,1990,0.1300812959671021
yem,1991,0.1472868174314499
yem,1992,0.1629629582166672
yem,1993,0.1779359430074692
yem,1994,0.196551725268364
yem,1995,0.2140468209981918
yem,1996,0.2352941185235977
yem,1997,0.2547770738601685
yem,1998,0.2701863348484039
yem,1999,0.2878787815570831
yem,2000,0.3097345232963562
yem,2001,0.3391304314136505
yem,2002,0.3600000143051147
yem,2003,0.3859154880046844
yem,2004,0.4145658314228058
yem,2005,0.4425770342350006
yem,2006,0.466292142868042
yem,2007,0.4859550595283508
yem,2008,0.5
yem,2009,0.5225988626480103
yem,2010,0.5470085740089417
yem,2011,0.5747126340866089
yem,2012,0.5988538861274719
yem,2013,0.6285714507102966
yem,2014,0.6591549515724182
yem,2015,0.6859503984451294
yem,2016,0.7043010592460632
yem,2017,0.7255936861038208
yem,2018,0.7402597665786743
yem,2019,0.7571059465408325
yem,2020,0.7729591727256775
yem,2021,0.7959697842597961
yem,2022,0.8217821717262268
yem,2023,0.8442822098731995
yem,2024,0.8657074570655823
zaf,1990,0.90625
zaf,1991,0.9194444417953492
zaf,1992,0.9327957034111024
zaf,1993,0.9453125
zaf,1994,0.954659938812256
zaf,1995,0.9677419066429138
zaf,1996,0.9803439974784852
zaf,1997,0.992682933807373
zaf,1998,1.0
zaf,1999,1.016746401786804
zaf,2000,1.030732870101929
zaf,2001,1.040094375610352
zaf,2002,1.051282048225403
zaf,2003,1.055813908576965
zaf,2004,1.066666722297668
zaf,2005,1.070938229560852
zaf,2006,1.081081032752991
zaf,2007,1.086283206939697
zaf,2008,1.093478202819824
zaf,2009,1.09871244430542
zaf,2010,1.101910829544067
zaf,2011,1.11297070980072
zaf,2012,1.117283940315247
zaf,2013,1.124489784240723
zaf,2014,1.130346179008484
zaf,2015,1.143724679946899
zaf,2016,1.149999976158142
zaf,2017,1.157480359077454
zaf,2018,1.162790656089783
zaf,2019,1.166030526161194
zaf,2020,1.170731663703918
zaf,2021,1.172222256660461
zaf,2022,1.178832173347473
zaf,2023,1.181982040405273
zaf,2024,1.18505334854126
zmb,1990,0.4521276652812958
zmb,1991,0.462365597486496
zmb,1992,0.4680851101875305
zmb,1993,0.4759358167648315
zmb,1994,0.4918918907642365
zmb,1995,0.5027322173118591
zmb,1996,0.510869562625885
zmb,1997,0.5271739363670349
zmb,1998,0.5405405163764954
zmb,1999,0.5531914830207825
zmb,2000,0.5677083134651184
zmb,2001,0.5846154093742371
zmb,2002,0.6040608882904053
zmb,2003,0.6212121248245239
zmb,2004,0.6336633563041687
zmb,2005,0.6473429799079895
zmb,2006,0.6777251362800598
zmb,2007,0.7209302186965942
zmb,2008,0.7420814633369446
zmb,2009,0.7533039450645447
zmb,2010,0.758474588394165
zmb,2011,0.7632653117179871
zmb,2012,0.7803921699523926
zmb,2013,0.7840909361839294
zmb,2014,0.8029739856719971
zmb,2015,0.8248175382614136
zmb,2016,0.8351254463195801
zmb,2017,0.8421052694320679
zmb,2018,0.8453608155250549
zmb,2019,0.8451178669929504
zmb,2020,0.8504983186721802
zmb,2021,0.8590164184570312
zmb,2022,0.8733766078948975
zmb,2023,0.8874598145484924
zmb,2024,0.8980891704559326
zwe,1990,0.6142857074737549
zwe,1991,0.6258992552757263
zwe,1992,0.6402877569198608
zwe,1993,0.6474820375442505
zwe,1994,0.6492537260055542
zwe,1995,0.6484375
zwe,1996,0.6393442749977112
zwe,1997,0.6333333253860474
zwe,1998,0.625
zwe,1999,0.6416666507720947
zwe,2000,0.6499999761581421
zwe,2001,0.6638655662536621
zwe,2002,0.6694915294647217
zwe,2003,0.6694915294647217
zwe,2004,0.6694214940071106
zwe,2005,0.6721311211585999
zwe,2006,0.6693548560142517
zwe,2007,0.671999990940094
zwe,2008,0.6854838728904724
zwe,2009,0.6859503984451294
zwe,2010,0.7043478488922119
zwe,2011,0.7064220309257507
zwe,2012,0.7307692170143127
zwe,2013,0.7227723002433777
zwe,2014,0.7099999785423279
zwe,2015,0.6899999976158142
zwe,2016,0.6767676472663879
zwe,2017,0.6701030731201172
zwe,2018,0.6631578803062439
zwe,2019,0.6489361524581909
zwe,2020,0.6489361524581909
zwe,2021,0.6526315808296204
zwe,2022,0.6526315808296204
zwe,2023,0.6631578803062439
zwe,2024,0.65625
