country,year,air_2_gpv_glast_gpia
abw,1999,1.022950053215027
abw,2000,0.9782099723815918
abw,2001,1.062190055847168
abw,2002,1.054659962654114
abw,2003,1.117069959640503
abw,2004,1.132269978523254
abw,2005,1.030769944190979
abw,2007,1.062180042266846
abw,2009,1.072950005531311
abw,2013,1.135179996490479
abw,2014,1.080579996109009
abw,2018,1.066349983215332
abw,2019,1.163429975509644
abw,2020,1.019680023193359
abw,2021,0.909409999847412
abw,2022,0.8791999816894531
afg,1973,0.1283400058746338
afg,1974,0.1302399933338165
afg,1977,0.2037300020456314
afg,1978,0.2152999937534332
afg,1980,0.2756499946117401
afg,1981,0.2796700000762939
afg,1982,0.5047900080680847
afg,1984,0.5270100235939026
afg,1985,0.5345699787139893
afg,1993,0.3626700043678284
afg,2005,0.3848699927330017
afg,2016,0.5767199993133545
afg,2017,0.5755900144577026
afg,2018,0.5731099843978882
afg,2019,0.5922300219535828
ago,2008,0.9866399765014648
ago,2009,0.6489499807357788
ago,2011,0.6868699789047241
ago,2021,0.9249699711799622
aia,1999,0.9883000254631042
aia,2000,0.8006899952888489
aia,2001,0.8363900184631348
aia,2002,0.9818999767303468
aia,2003,0.8431400060653687
aia,2005,1.092730045318604
aia,2006,1.078080058097839
aia,2007,0.8052999973297119
aia,2008,1.0
aia,2009,1.081140041351318
aia,2011,1.138880014419556
alb,1996,0.9788600206375122
alb,2003,0.99194997549057
alb,2007,0.965590000152588
alb,2008,0.9943299889564514
alb,2009,0.9978700280189514
alb,2010,1.009780049324036
alb,2011,0.9812999963760376
alb,2012,0.996399998664856
alb,2013,0.9869400262832642
alb,2014,0.9380000233650208
alb,2015,1.008119940757751
alb,2017,0.925409972667694
alb,2018,1.004430055618286
alb,2019,0.947629988193512
alb,2020,0.971400022506714
alb,2021,0.9282900094985962
alb,2022,0.9560800194740297
alb,2023,0.9119899868965148
and,2007,1.139340043067932
and,2008,1.27813994884491
and,2009,0.9907400012016296
and,2010,1.153159976005554
and,2011,1.016319990158081
and,2012,0.9527699947357178
and,2013,1.118589997291565
and,2014,1.012109994888306
and,2015,0.9771699905395508
and,2016,1.022819995880127
and,2017,0.99371999502182
and,2018,1.075139999389648
and,2019,1.123170018196106
and,2020,0.9324399828910828
and,2021,1.035809993743896
and,2023,1.002730011940002
are,1974,0.916849970817566
are,1975,1.108420014381409
are,1976,0.9642599821090698
are,1977,1.088580012321472
are,1978,1.17860996723175
are,1980,0.9607999920845032
are,1982,1.0936199426651
are,1983,1.136540055274963
are,1984,1.14411997795105
are,1985,1.128679990768433
are,1986,1.168879985809326
are,1987,1.295140027999878
are,1988,1.296429991722107
are,1989,1.318279981613159
are,1990,1.319260001182556
are,1991,1.268910050392151
are,1992,1.259140014648438
are,1993,1.189450025558472
are,1994,1.167700052261353
are,1995,1.175310015678406
are,1997,1.258159995079041
are,2000,1.354560017585754
are,2001,1.056450009346008
are,2002,1.05783998966217
are,2003,1.029510021209717
are,2004,1.03577995300293
are,2005,1.011829972267151
are,2006,1.01445996761322
are,2018,1.045660018920898
are,2019,0.958299994468689
are,2020,1.059460043907166
are,2022,0.956059992313385
are,2023,1.065680027008057
arg,1970,1.422989964485168
arg,1971,1.390390038490295
arg,1999,1.080479979515076
arg,2000,1.074100017547607
arg,2001,1.07325005531311
arg,2002,1.071660041809082
arg,2003,1.077999949455261
arg,2004,1.090270042419434
arg,2005,1.096410036087036
arg,2006,1.094859957695007
arg,2007,1.096050024032593
arg,2008,1.089329957962036
arg,2009,1.083240032196045
arg,2010,1.067020058631897
arg,2011,1.061269998550415
arg,2012,1.060670018196106
arg,2013,1.054509997367859
arg,2014,1.050060033798218
arg,2015,1.048820018768311
arg,2016,1.096549987792969
arg,2017,1.091830015182495
arg,2018,1.085219979286194
arg,2019,1.078680038452148
arg,2020,1.073629975318909
arg,2021,1.015750050544739
arg,2022,1.04324996471405
arm,2002,0.9860100150108336
arm,2003,0.9583200216293336
arm,2004,0.9206500053405762
arm,2005,0.9430800080299376
arm,2006,0.9526399970054626
arm,2007,0.9370099902153016
arm,2008,0.9191499948501588
arm,2009,0.9080299735069276
arm,2010,0.9238499999046326
arm,2016,0.995519995689392
arm,2017,0.9892799854278564
arm,2018,0.9823700189590454
arm,2019,0.9579200148582458
arm,2020,0.9644200205802916
arm,2021,0.9540899991989136
arm,2022,0.9707800149917604
arm,2023,0.9529899954795836
atg,1992,1.087149977684021
atg,2008,1.162150025367737
atg,2009,0.8759400248527527
atg,2010,1.221750020980835
atg,2012,1.080979943275452
atg,2013,1.227393999322475
atg,2014,1.064929962158203
atg,2015,1.072860962566845
atg,2016,1.055246029679771
atg,2017,0.933899998664856
atg,2018,1.070019960403442
atg,2019,0.9714842563642048
atg,2022,1.099685384562957
aut,2002,1.004379987716675
aut,2003,0.9900100231170654
aut,2006,0.9962400197982788
aut,2007,0.9958599805831908
aut,2008,0.9990699887275696
aut,2009,0.997070014476776
aut,2010,1.00288999080658
aut,2011,1.004739999771118
aut,2012,1.000740051269531
aut,2013,1.01462996006012
aut,2014,1.000480055809021
aut,2015,1.005169987678528
aut,2016,1.018869996070862
aut,2017,0.997349977493286
aut,2018,1.025089979171753
aut,2019,1.004289984703064
aut,2020,1.002320051193237
aut,2021,1.006850004196167
aut,2022,1.015079975128174
aut,2023,0.999109983444214
aze,2000,0.9302300214767456
aze,2001,0.9726099967956544
aze,2002,0.9301900267601012
aze,2003,0.9431599974632264
aze,2004,0.970579981803894
aze,2005,0.8914999961853027
aze,2006,0.971340000629425
aze,2007,0.9626100063323976
aze,2008,0.9644200205802916
aze,2009,0.9717900156974792
aze,2010,0.9716100096702576
aze,2011,0.9377700090408324
aze,2012,0.9734699726104736
aze,2013,0.9455999732017516
aze,2014,0.9892500042915344
aze,2015,0.9591799974441528
aze,2016,0.9797099828720092
aze,2017,0.9824000000953674
aze,2018,0.9735699892044068
aze,2020,0.959850013256073
aze,2021,0.9848300218582152
aze,2022,0.9740599989891052
aze,2023,1.000190019607544
bdi,1971,0.1435700058937073
bdi,1972,0.1529199928045273
bdi,1977,0.3823300004005432
bdi,1978,0.3278000056743622
bdi,1979,0.3408699929714203
bdi,1980,0.3788000047206879
bdi,1981,0.4291099905967712
bdi,1982,0.4149500131607056
bdi,1983,0.3188999891281128
bdi,1984,0.3016400039196014
bdi,1985,0.3392899930477142
bdi,1986,0.3860900104045868
bdi,1987,0.519819974899292
bdi,1988,0.539330005645752
bdi,1989,0.5016499757766724
bdi,1990,0.5456299781799316
bdi,1992,0.6151099801063538
bdi,1993,0.6215800046920776
bdi,2004,0.7337700128555298
bdi,2005,0.7508599758148193
bdi,2006,0.5189200043678284
bdi,2008,0.6654899716377258
bdi,2009,0.5588799715042114
bdi,2010,0.7013900279998779
bdi,2011,0.7325800061225891
bdi,2012,0.730929970741272
bdi,2013,0.7963899970054626
bdi,2014,0.8234300017356873
bdi,2015,0.8948500156402588
bdi,2016,0.881380021572113
bdi,2017,1.15120005607605
bdi,2018,1.191519975662231
bdi,2019,1.207399964332581
bdi,2020,1.22721004486084
bel,1974,1.018010020256042
bel,1975,0.99795001745224
bel,1976,0.9533600211143494
bel,1977,0.9686499834060668
bel,1993,0.9851099848747252
bel,1994,0.9683899879455566
bel,2006,1.042999982833862
bel,2007,1.038730025291443
bel,2008,1.037819981575012
bel,2009,1.042099952697754
bel,2010,1.031419992446899
bel,2011,1.029999971389771
bel,2012,1.029279947280884
bel,2013,1.037340044975281
bel,2014,1.033190011978149
bel,2015,1.024479985237122
bel,2016,1.018290042877197
bel,2017,1.02567994594574
bel,2018,1.042659997940063
bel,2019,1.02813994884491
bel,2020,1.029649972915649
bel,2021,1.021870017051697
bel,2022,1.04121994972229
ben,1971,0.3608799874782562
ben,1972,0.378710001707077
ben,1973,0.5517600178718567
ben,1974,0.3964000046253204
ben,1975,0.5702800154685974
ben,1976,0.358240008354187
ben,1977,0.3910799920558929
ben,1978,0.3520700037479401
ben,1979,0.3660500049591064
ben,1980,0.3645299971103668
ben,1981,0.3234499990940094
ben,1983,0.3315500020980835
ben,1984,0.3300400078296661
ben,1990,0.2428999990224838
ben,2000,0.457150012254715
ben,2001,0.4692699909210205
ben,2002,0.3139500021934509
ben,2006,0.5347700119018555
ben,2011,0.6237900257110596
ben,2013,0.6614300012588501
ben,2014,0.6886000037193298
ben,2015,0.748520016670227
ben,2016,0.7916799783706665
ben,2020,0.8729000091552734
ben,2021,0.9082800149917604
ben,2022,0.912999987602234
bfa,1971,0.3275600075721741
bfa,1972,0.3569299876689911
bfa,1973,0.3619599938392639
bfa,1974,0.3999100029468536
bfa,1975,0.3741300106048584
bfa,1976,0.4108099937438965
bfa,1977,0.4897199869155884
bfa,1979,0.4451900124549866
bfa,1980,0.623449981212616
bfa,1994,0.5148800015449524
bfa,2000,0.6202499866485596
bfa,2001,0.6563299894332886
bfa,2003,0.7087200284004211
bfa,2005,0.7025200128555298
bfa,2006,0.7260800004005432
bfa,2007,0.7103000283241272
bfa,2008,0.7364199757575989
bfa,2009,0.7703999876976013
bfa,2010,0.7931200265884399
bfa,2011,0.7863900065422058
bfa,2012,0.7943800091743469
bfa,2013,0.855929970741272
bfa,2014,0.8637099862098694
bfa,2015,0.8968700170516968
bfa,2016,0.9710000157356262
bfa,2017,0.9965000152587892
bfa,2018,1.05797004699707
bfa,2019,1.11161994934082
bfa,2020,1.143620014190674
bfa,2021,1.176540017127991
bfa,2022,1.240090012550354
bfa,2023,1.263389945030212
bgd,1998,1.032799959182739
bgd,1999,1.088879942893982
bgd,2000,1.114570021629333
bgd,2001,1.219089984893799
bgd,2002,1.245270013809204
bgd,2003,1.227059960365295
bgd,2004,1.108729958534241
bgd,2005,1.111860036849976
bgd,2006,1.108880043029785
bgd,2007,1.101999998092651
bgd,2009,1.177670001983643
bgd,2010,1.155723153331041
bgd,2011,1.182552993709084
bgd,2013,1.133717910428632
bgd,2016,1.166428865578205
bgd,2021,1.321429062147656
bgd,2022,1.21065096335687
bgr,1986,0.976610004901886
bgr,1987,0.9633600115776062
bgr,1988,0.9735900163650512
bgr,1989,0.9902600049972534
bgr,1990,0.9937099814414978
bgr,1991,0.9666900038719176
bgr,1992,0.987280011177063
bgr,1993,0.976170003414154
bgr,1994,0.9455299973487854
bgr,1995,0.9097399711608888
bgr,1996,1.098829984664917
bgr,1997,1.105540037155151
bgr,1999,0.9881399869918824
bgr,2001,0.9722599983215332
bgr,2002,0.9727200269699096
bgr,2003,0.9876099824905396
bgr,2004,0.9924100041389464
bgr,2005,0.9850500226020812
bgr,2006,0.975730001926422
bgr,2007,0.9880499839782716
bgr,2008,0.9830099940299988
bgr,2009,0.9772099852561952
bgr,2010,0.9849799871444702
bgr,2011,0.9802200198173524
bgr,2012,0.9886599779129028
bgr,2013,0.9711899757385254
bgr,2014,0.9808300137519836
bgr,2015,0.9613400101661682
bgr,2016,0.9643999934196472
bgr,2017,0.986549973487854
bgr,2018,0.9845399856567384
bgr,2019,0.995050013065338
bgr,2020,0.9821100234985352
bgr,2021,0.9718000292778016
bgr,2022,0.9839500188827516
bgr,2023,0.987779974937439
bhr,1971,0.920870006084442
bhr,1972,0.9291399717330932
bhr,1973,1.206680059432983
bhr,1974,1.148040056228638
bhr,1975,1.117609977722168
bhr,1976,1.113039970397949
bhr,1977,1.046740055084229
bhr,1978,0.9867200255393982
bhr,1979,0.9684900045394896
bhr,1980,1.068619966506958
bhr,1981,0.9242200255393982
bhr,1982,1.053369998931885
bhr,1983,1.112800002098083
bhr,1984,1.015499949455261
bhr,1986,1.062029957771301
bhr,1988,1.042099952697754
bhr,1991,1.170349955558777
bhr,1992,1.16578996181488
bhr,1993,1.21986997127533
bhr,1999,1.191359996795654
bhr,2000,1.134879946708679
bhr,2001,1.211230039596558
bhr,2002,1.197029948234558
bhr,2003,1.226300001144409
bhr,2004,1.207489967346191
bhr,2005,1.156800031661987
bhr,2006,1.071130037307739
bhr,2008,1.055950045585632
bhr,2009,1.068009972572327
bhr,2011,1.068619966506958
bhr,2012,0.9940900206565856
bhr,2013,0.9874200224876404
bhr,2014,1.030969977378845
bhr,2015,0.9870700240135192
bhr,2016,0.983739972114563
bhr,2017,0.996840000152588
bhr,2018,1.004379987716675
bhr,2019,1.010319948196411
bhr,2022,1.01118004322052
bhr,2023,0.975220024585724
bhs,1999,1.000550031661987
bhs,2004,0.939079999923706
bhs,2005,1.00065004825592
bhs,2006,1.029970049858093
bhs,2007,1.136950016021729
bhs,2008,1.021129965782166
bhs,2010,1.006850004196167
bih,2010,1.02278995513916
bih,2011,1.013649940490723
bih,2012,0.9868800044059752
bih,2013,1.027050018310547
bih,2014,1.04203999042511
bih,2015,1.019279956817627
bih,2016,1.02049994468689
bih,2017,1.017830014228821
bih,2018,1.026859998703003
bih,2019,1.026039958000183
bih,2020,1.016010046005249
bih,2021,1.029559969902039
bih,2022,1.020130038261414
bih,2023,1.032539963722229
blr,1993,1.039289951324463
blr,1994,1.046380043029785
blr,1995,0.9950199723243712
blr,1996,1.028429985046387
blr,1997,1.001719951629639
blr,1999,1.005939960479736
blr,2000,1.004209995269775
blr,2001,1.006240010261536
blr,2002,0.9908000230789183
blr,2003,0.9819599986076356
blr,2004,0.9528800249099731
blr,2005,0.9559500217437744
blr,2006,0.969569981098175
blr,2007,0.95524001121521
blr,2008,0.9904800057411194
blr,2011,0.9781000018119812
blr,2012,0.988759994506836
blr,2013,1.007560014724731
blr,2014,0.9987099766731262
blr,2015,0.9874200224876404
blr,2016,0.9949399828910828
blr,2017,1.000239968299866
blr,2018,1.0
blr,2019,1.005560040473938
blr,2020,0.9880300164222716
blr,2021,0.9997100234031676
blr,2022,0.9839900135993958
blr,2023,1.004840016365051
blz,1994,1.128720045089722
blz,1995,1.161200046539307
blz,1999,1.140229940414429
blz,2000,1.127239942550659
blz,2001,1.123319983482361
blz,2003,1.107730031013489
blz,2004,1.078520059585571
blz,2005,1.109040021896362
blz,2006,1.095469951629639
blz,2007,1.117650032043457
blz,2008,1.144260048866272
blz,2009,1.122490048408508
blz,2010,1.120319962501526
blz,2011,1.123370051383972
blz,2012,1.126000046730042
blz,2013,1.102710008621216
blz,2014,1.146499991416931
blz,2015,1.144870042800903
blz,2016,1.156000018119812
blz,2017,1.148890018463135
blz,2018,1.103929996490479
blz,2019,1.133489966392517
blz,2020,1.170369982719421
blz,2021,1.071149945259094
blz,2022,1.159600019454956
blz,2023,1.103410005569458
bmu,2001,1.080680012702942
bmu,2002,1.087679982185364
bmu,2003,1.207939982414246
bmu,2004,1.174610018730164
bmu,2005,1.104030013084412
bmu,2011,1.20006000995636
bmu,2012,1.177430033683777
bol,1990,0.8327400088310242
bol,1991,0.8758299946784973
bol,1992,0.8920400142669678
bol,1993,0.9054700136184692
bol,1994,0.9180399775505066
bol,1995,0.9301499724388124
bol,1996,0.9452900290489196
bol,1997,0.9531400203704834
bol,1998,0.9603700041770936
bol,1999,0.9510499835014344
bol,2000,0.9389500021934508
bol,2001,0.9454399943351746
bol,2002,0.9571400284767152
bol,2003,0.9510300159454346
bol,2004,0.942170023918152
bol,2005,0.9609100222587584
bol,2006,0.96697998046875
bol,2007,0.9970800280570984
bol,2008,0.9863100051879884
bol,2009,1.019569993019104
bol,2010,1.019129991531372
bol,2011,1.025169968605042
bol,2012,1.036360025405884
bol,2013,1.025580048561096
bol,2014,1.000450015068054
bol,2015,1.011160016059875
bol,2016,1.012150049209595
bol,2017,1.004969954490662
bol,2018,1.016680002212524
bol,2019,1.008579969406128
bol,2020,1.021720051765442
bol,2022,1.042899966239929
bol,2023,1.031110048294067
bra,1971,1.111999988555908
bra,1972,1.102910041809082
bra,1973,1.108500003814697
bra,1974,1.117380023002625
brb,1999,0.981599986553192
brb,2000,0.982699990272522
brb,2001,0.9411100149154664
brb,2002,0.939079999923706
brb,2003,0.9264199733734132
brb,2004,0.9429600238800048
brb,2005,0.9933199882507324
brb,2006,0.985889971256256
brb,2007,0.9223200082778932
brb,2008,0.9775500297546388
brb,2009,0.8960899710655212
brb,2020,1.068330049514771
brb,2021,0.9682999849319458
brb,2022,1.008270025253296
brb,2023,1.123239994049072
brn,1973,1.045060038566589
brn,1975,1.103800058364868
brn,1976,1.276780009269714
brn,1977,1.311699986457825
brn,1978,1.242910027503967
brn,1979,1.240360021591187
brn,1980,1.287299990653992
brn,1981,1.278460025787354
brn,1982,1.319120049476624
brn,1983,1.298079967498779
brn,1984,1.362849950790405
brn,2004,1.047950029373169
brn,2005,1.021620035171509
brn,2006,0.975759983062744
brn,2007,0.985260009765625
brn,2008,1.08244001865387
brn,2009,0.9148399829864502
brn,2010,1.038591247012331
brn,2011,1.054589243042191
brn,2012,1.024109058017832
brn,2013,1.008102197819486
brn,2014,1.030219542261849
brn,2015,1.058820627781868
brn,2016,1.021858420494164
brn,2017,1.035147793366362
brn,2018,1.02058761635403
brn,2019,1.012969995266923
brn,2020,1.01911997795105
brn,2021,1.014600840336135
brn,2022,1.012394823667309
brn,2023,1.017726642737077
btn,1978,0.1774200052022934
btn,1979,0.1932599991559982
btn,1993,0.4338200092315674
btn,1994,0.3717600107192993
btn,1997,0.0
btn,1998,0.6392599940299988
btn,1999,0.6784300208091736
btn,2000,0.7508100271224976
btn,2001,0.8175600171089172
btn,2006,0.950410008430481
btn,2008,1.059249997138977
btn,2009,1.081670045852661
btn,2010,1.101846399421158
btn,2011,1.168017657589573
btn,2012,1.152860045433044
btn,2013,1.197160005569458
btn,2014,1.244160056114197
btn,2016,1.168709993362427
btn,2017,1.145493373036387
btn,2018,1.20012621582342
btn,2019,1.221073896156697
btn,2020,1.181929772993443
btn,2021,1.22627294490532
btn,2022,1.213224855376307
bwa,1985,1.192090034484863
bwa,1986,1.121490001678467
bwa,1987,1.074480056762695
bwa,1988,0.7841799855232239
bwa,1989,1.130399942398071
bwa,1990,1.132200002670288
bwa,1991,1.202999949455261
bwa,1992,1.153749942779541
bwa,1993,1.14903998374939
bwa,1994,1.121109962463379
bwa,1995,1.119850039482117
bwa,1998,1.066200017929077
bwa,1999,1.063770055770874
bwa,2000,1.077980041503906
bwa,2001,1.02836000919342
bwa,2002,1.036020040512085
bwa,2003,1.042060017585754
bwa,2004,1.06072998046875
bwa,2005,1.070490002632141
bwa,2006,1.049800038337708
bwa,2007,1.038169980049133
bwa,2008,1.069309949874878
bwa,2012,1.023074191075582
bwa,2013,0.9969291735634012
bwa,2014,1.036440014839172
bwa,2015,0.9987676059861712
bwa,2017,1.015785809728445
bwa,2018,1.021066631508969
bwa,2019,1.029265345371584
bwa,2022,1.041803735781844
caf,1971,0.1239499971270561
caf,1972,0.1263899952173233
caf,1973,0.1021199971437454
caf,1974,0.1151800006628036
caf,1978,0.155349999666214
caf,1981,0.2320899963378906
caf,1982,0.3122400045394897
caf,1983,0.2824600040912628
caf,1986,0.2831000089645386
caf,1987,0.3281799852848053
caf,1988,0.3283500075340271
caf,1989,0.3515700101852417
caf,1990,0.4038200080394745
caf,1991,0.3925899863243103
caf,2005,0.7498499751091003
caf,2009,0.5614799857139587
caf,2012,0.4950200021266937
caf,2016,0.6470299959182739
caf,2017,0.6165684371050002
can,2023,0.0
che,1999,1.073480010032654
che,2004,1.059260010719299
che,2005,1.049080014228821
che,2008,1.045670032501221
che,2009,1.062119960784912
che,2010,1.053869962692261
che,2011,1.040500044822693
che,2012,1.04255998134613
che,2013,1.054419994354248
che,2014,1.045989990234375
che,2015,1.050469994544983
che,2016,1.029189944267273
che,2017,1.033810019493103
che,2018,1.030709981918335
che,2019,1.029309988021851
che,2020,1.05525004863739
che,2021,1.03193998336792
che,2022,1.033560037612915
che,2023,1.030529975891113
chl,1970,1.03505003452301
chl,1971,1.003909945487976
chl,1972,1.03167998790741
chl,1973,1.067149996757507
chl,1974,1.096779942512512
chl,1975,1.066230058670044
chl,1976,1.065989971160889
chl,1977,1.062170028686523
chl,1983,1.02987003326416
chl,1997,1.036470055580139
chl,2011,1.005789995193481
chl,2012,1.011630058288574
chl,2013,1.018839955329895
chl,2014,1.011199951171875
chl,2015,1.012529969215393
chl,2016,1.014119982719421
chl,2017,1.009789943695068
chl,2018,1.000609993934631
chl,2019,0.993269979953766
chl,2020,0.9858499765396118
chl,2021,0.9690999984741212
chl,2022,0.9767199754714966
chl,2023,0.9588000178337096
chn,1995,0.8728399872779846
chn,1996,0.8848000168800354
chn,1997,0.916159987449646
chn,2007,1.019230008125305
chn,2008,1.026469945907593
chn,2009,1.036010026931763
chn,2010,1.042230010032654
chn,2011,1.040169954299927
chn,2012,1.041579961776733
civ,1971,0.2030200064182281
civ,1973,0.2434699982404709
civ,1974,0.2318300008773804
civ,1975,0.2427700012922287
civ,1976,0.2556099891662598
civ,1977,0.259799987077713
civ,1978,0.275189995765686
civ,1979,0.2799200117588043
civ,1980,0.2903499901294708
civ,1981,0.3047899901866913
civ,1983,0.2923400104045868
civ,1984,0.3173199892044067
civ,1985,0.347680002450943
civ,1986,0.352290004491806
civ,1987,0.3574199974536896
civ,1988,0.3741300106048584
civ,1994,0.481660008430481
civ,1996,0.4829800128936768
civ,1997,0.5020800232887268
civ,1998,0.4961600005626678
civ,2000,1.161550045013428
civ,2001,0.5496199727058411
civ,2002,0.5507299900054932
civ,2006,0.6010800004005432
civ,2007,0.5838299989700317
civ,2008,0.5459399819374084
civ,2009,0.6256999969482422
civ,2011,0.6419500112533569
civ,2012,0.6920700073242188
civ,2013,0.697518937790224
civ,2014,0.7586600184440613
civ,2015,0.7652999758720398
civ,2016,0.7739099860191345
civ,2017,0.7945200204849243
civ,2018,0.8337699770927429
civ,2019,0.8633800148963928
civ,2020,0.8751000165939331
civ,2021,0.8535745791060223
civ,2022,0.9437599778175354
civ,2023,1.037310004234314
cmr,1971,0.3081800043582916
cmr,1972,0.3199799954891205
cmr,1973,0.3618400096893311
cmr,1974,0.4099999964237213
cmr,1975,0.4102999866008759
cmr,1976,0.4338000118732452
cmr,1977,0.4682500064373016
cmr,1978,0.4520699977874756
cmr,1979,0.4625700116157532
cmr,1980,0.4670200049877167
cmr,1981,0.466509997844696
cmr,1982,0.4874100089073181
cmr,1983,0.5184900164604187
cmr,1984,0.5394999980926514
cmr,1985,0.5773500204086304
cmr,1986,0.5763400197029114
cmr,1987,0.585669994354248
cmr,1988,0.640209972858429
cmr,1990,0.5168300271034241
cmr,1991,0.714959979057312
cmr,2003,0.8929299712181091
cmr,2006,0.7867699861526489
cmr,2007,0.7911099791526794
cmr,2008,0.7865899801254272
cmr,2009,0.8552899956703186
cmr,2010,0.9132537872900136
cmr,2011,0.9463800191879272
cmr,2012,0.9446622256989708
cmr,2013,0.9400100111961364
cmr,2014,0.9488400220870972
cmr,2015,0.9686099886894226
cmr,2016,0.9710900187492372
cmr,2017,0.9778925821287692
cmr,2018,0.9725409266370876
cmr,2019,0.950871229301
cmr,2020,0.969397493046095
cmr,2021,0.97885000705719
cmr,2022,1.010489940643311
cmr,2023,1.019309997558594
cod,1971,0.2457499951124191
cod,1972,0.259990006685257
cod,1974,0.3093900084495544
cod,1992,0.5146399736404419
cod,1993,0.5217400193214417
cod,1994,0.4533500075340271
cod,2012,0.6434900164604187
cod,2013,0.6615200042724609
cod,2014,0.5532100200653076
cod,2020,0.8096799850463867
cog,1971,0.2601400017738342
cog,1972,0.3140400052070618
cog,1973,0.3801900148391724
cog,1974,0.4692800045013428
cog,1975,0.4778999984264374
cog,1976,0.4594500064849854
cog,1977,0.4623500108718872
cog,1978,0.4713299870491028
cog,1979,0.4698899984359741
cog,1981,0.5671899914741516
cog,1982,0.5767899751663208
cog,1983,0.6428899765014648
cog,1984,0.5978599786758423
cog,1987,0.6000199913978577
cog,1989,0.5893300175666809
cog,1993,0.6948999762535095
cog,1994,0.7657700181007385
cog,1996,1.051010012626648
cog,2000,0.6569700241088867
cog,2001,0.636489987373352
cog,2002,0.7068300247192383
cog,2003,0.5736200213432312
cog,2004,0.6329500079154968
cog,2008,0.9844499826431274
cog,2009,0.870389997959137
cog,2010,0.8189600110054016
cog,2011,0.9265599846839904
cog,2012,0.9717699885368348
cok,1998,1.106369972229004
cok,2000,1.195940017700195
cok,2001,1.002900004386902
cok,2002,1.019459962844849
cok,2003,1.165650010108948
cok,2007,1.021119952201843
cok,2010,1.047129988670349
cok,2011,1.073830008506775
cok,2012,0.9650099873542786
cok,2013,1.066499948501587
cok,2014,0.9900599718093872
cok,2015,1.029979944229126
cok,2016,0.9333299994468688
cok,2017,0.9431700110435486
cok,2018,0.904229998588562
cok,2019,1.087870001792908
cok,2020,1.053320050239563
cok,2021,0.9633399844169616
cok,2022,1.074290037155151
cok,2023,0.8214700222015381
col,1984,1.040619969367981
col,1985,1.040709972381592
col,1986,1.044440031051636
col,1987,1.040590047836304
col,1988,1.040910005569458
col,1989,1.041180014610291
col,1998,1.112190008163452
col,2001,1.109369993209839
col,2002,1.112630009651184
col,2004,1.114060044288635
col,2005,1.116060018539429
col,2006,1.11217999458313
col,2007,1.115440011024475
col,2008,1.118970036506653
col,2009,1.112169981002808
col,2010,1.111279964447021
col,2011,1.115350008010864
col,2012,1.125499963760376
col,2013,1.123430013656616
col,2014,1.125740051269531
col,2015,1.126160025596619
col,2016,1.115440011024475
col,2017,1.119240045547485
col,2018,1.106099963188171
col,2019,1.104660034179688
col,2020,1.113369941711426
col,2021,1.105999946594238
col,2022,1.098189949989319
com,1981,0.3995400071144104
com,1990,0.7818599939346313
com,1992,0.6327800154685974
com,2002,0.7555299997329712
com,2003,0.7712299823760986
com,2004,0.7104499936103821
com,2013,1.136939719603428
com,2014,1.043934234173052
com,2017,1.132973685701848
com,2021,1.098086753139626
cpv,1980,0.7567800283432007
cpv,1981,0.578249990940094
cpv,1982,0.7093899846076965
cpv,1983,0.6249099969863892
cpv,1984,0.5943700075149536
cpv,1985,0.8072500228881836
cpv,1986,0.7746099829673767
cpv,1988,0.7593500018119812
cpv,1990,1.141559958457947
cpv,1994,1.023659944534302
cpv,1998,0.0
cpv,1999,0.0
cpv,2003,1.220309972763062
cpv,2004,1.227180004119873
cpv,2005,1.226199984550476
cpv,2006,1.248389959335327
cpv,2007,1.275159955024719
cpv,2008,1.168580055236816
cpv,2009,1.215240001678467
cpv,2010,1.265580058097839
cpv,2011,1.25832998752594
cpv,2012,1.269960045814514
cpv,2013,1.246019959449768
cpv,2014,1.252539992332458
cpv,2015,1.22186005115509
cpv,2016,1.225970029830933
cpv,2017,1.211719989776611
cpv,2018,1.281020045280457
cpv,2019,1.216869950294495
cpv,2020,1.238479971885681
cpv,2021,1.147150039672852
cri,1970,1.167610049247742
cri,1971,1.199460029602051
cri,1972,1.172260046005249
cri,1981,1.219560027122498
cri,1982,1.187340021133423
cri,1985,1.15831995010376
cri,1986,1.10669994354248
cri,1987,1.107550024986267
cri,1988,1.101999998092651
cri,1989,1.109040021896362
cri,1991,1.129209995269775
cri,1992,1.134850025177002
cri,1993,1.134909987449646
cri,1994,1.149399995803833
cri,1995,1.152310013771057
cri,1996,1.16949999332428
cri,1999,1.154139995574951
cri,2000,1.138530015945435
cri,2001,1.135779976844788
cri,2002,1.13143002986908
cri,2004,1.147760033607483
cri,2005,1.13821005821228
cri,2006,1.132220029830933
cri,2007,1.116619944572449
cri,2008,1.140100002288818
cri,2009,1.112560033798218
cri,2010,1.127910017967224
cri,2011,1.134600043296814
cri,2012,1.114719986915588
cri,2013,1.118919968605042
cri,2014,1.113289952278137
cri,2015,1.103469967842102
cri,2016,1.093459963798523
cri,2017,1.084499955177307
cri,2018,1.098829984664917
cri,2019,1.010220050811768
cri,2020,1.041970014572144
cri,2021,1.035760045051575
cri,2022,1.028290033340454
cri,2023,1.059700012207031
cub,1971,1.40189003944397
cub,1972,1.220739960670471
cub,1999,1.113999962806702
cub,2000,1.100749969482422
cub,2001,1.061840057373047
cub,2002,1.072919964790344
cub,2003,1.038030028343201
cub,2004,1.035030007362366
cub,2005,1.008649945259094
cub,2006,1.020230054855347
cub,2007,1.020539999008179
cub,2008,1.00094997882843
cub,2009,0.9816200137138368
cub,2010,0.9939500093460084
cub,2011,1.018679976463318
cub,2012,1.019299983978271
cub,2013,1.035809993743896
cub,2014,1.02810001373291
cub,2015,1.020869970321655
cub,2016,1.035879969596863
cub,2017,1.044010043144226
cub,2018,1.027780055999756
cub,2019,1.022130012512207
cub,2021,1.016960024833679
cub,2022,1.014690041542053
cub,2023,1.012899994850159
cym,2001,1.063920021057129
cym,2002,0.9908699989318848
cym,2004,0.8987299799919128
cym,2005,0.8611099720001221
cym,2006,0.9043599963188172
cym,2007,0.9564899802207948
cym,2008,1.014289975166321
cym,2011,0.9592499732971193
cym,2012,1.151540040969849
cym,2013,0.981119990348816
cym,2018,0.8861799836158752
cym,2019,1.046219944953918
cym,2020,0.9679200053215028
cym,2021,1.059839963912964
cym,2022,0.920199990272522
cym,2023,1.033879995346069
cyp,2000,1.044980049133301
cyp,2001,1.044370055198669
cyp,2002,1.018959999084473
cyp,2003,1.03013002872467
cyp,2004,1.049890041351318
cyp,2005,1.022310018539429
cyp,2006,1.070260047912598
cyp,2007,1.025349974632263
cyp,2008,1.014649987220764
cyp,2009,1.030719995498657
cyp,2010,1.015879988670349
cyp,2011,0.9935500025749208
cyp,2012,1.011690020561218
cyp,2013,1.028820037841797
cyp,2014,1.008010029792786
cyp,2015,0.998170018196106
cyp,2016,0.9690600037574768
cyp,2017,0.9964799880981444
cyp,2018,1.023470044136047
cyp,2019,0.9870399832725524
cyp,2020,0.9944999814033508
cyp,2021,1.000830054283142
cyp,2022,0.990880012512207
cze,1996,1.01636004447937
cze,2002,1.05050003528595
cze,2003,1.032860040664673
cze,2004,1.041710019111633
cze,2005,1.035760045051575
cze,2006,1.036229968070984
cze,2007,1.009590029716492
cze,2008,1.027780055999756
cze,2009,1.016540050506592
cze,2010,1.004989981651306
cze,2011,1.001829981803894
cze,2012,1.01075005531311
cze,2013,1.017230033874512
cze,2014,1.010820031166077
cze,2015,1.026749968528748
cze,2016,1.009260058403015
cze,2017,1.026430010795593
cze,2018,1.021100044250488
cze,2019,1.025820016860962
cze,2020,1.018710017204285
cze,2021,1.016839981079102
cze,2022,1.00492000579834
deu,1993,1.120669960975647
deu,1994,1.120059967041016
deu,1995,1.115970015525818
deu,1996,1.123260021209717
deu,1997,1.124940037727356
deu,2021,1.005579948425293
deu,2022,1.008649945259094
deu,2023,1.018339991569519
dma,1988,1.09240996837616
dma,2003,1.030779957771301
dma,2004,1.012159943580627
dma,2005,0.8911299705505371
dma,2006,0.8022400140762329
dma,2007,1.17179000377655
dma,2008,1.253909945487976
dma,2009,0.9539899826049804
dma,2010,1.009060025215149
dma,2011,1.055340051651001
dma,2012,0.9610199928283693
dma,2013,0.8741999864578247
dma,2014,1.003440022468567
dma,2015,0.9649500250816344
dma,2022,0.9634155318365848
dma,2023,0.8169900178909302
dnk,2008,1.007400035858154
dnk,2009,1.00643002986908
dnk,2010,1.027250051498413
dnk,2011,1.01868999004364
dnk,2012,1.009580016136169
dnk,2013,1.002470016479492
dnk,2014,1.00655996799469
dnk,2015,1.001090049743652
dnk,2016,1.004639983177185
dnk,2017,0.9970800280570984
dnk,2018,1.003049969673157
dnk,2019,0.9873700141906738
dnk,2020,0.9878699779510498
dnk,2021,0.9830999970436096
dnk,2022,0.99864000082016
dnk,2023,0.9970399737358092
dom,1999,1.176980018615723
dom,2000,1.172309994697571
dom,2002,1.147889971733093
dom,2004,1.148890018463135
dom,2005,1.158349990844727
dom,2007,1.129770040512085
dom,2008,1.128749966621399
dom,2009,1.101680040359497
dom,2010,1.057929992675781
dom,2011,1.103340029716492
dom,2012,1.09443998336792
dom,2013,1.111549973487854
dom,2014,1.110949993133545
dom,2015,1.096940040588379
dom,2016,1.092519998550415
dom,2017,1.071230053901672
dom,2018,1.035709977149963
dom,2019,1.076310038566589
dom,2020,1.075610041618347
dom,2021,1.135349988937378
dom,2022,1.100399971008301
dom,2023,1.122959971427917
dza,1971,0.4212599992752075
dza,1972,0.4281300008296967
dza,1973,0.4141300022602081
dza,1974,0.4974400103092194
dza,1975,0.5008500218391418
dza,1976,0.561460018157959
dza,1977,0.5666499733924866
dza,1978,0.5704500079154968
dza,1979,0.5848600268363953
dza,1980,0.664110004901886
dza,1982,0.7517799735069275
dza,1984,0.7344200015068054
dza,1985,0.7753599882125854
dza,1989,0.7539799809455872
dza,1990,0.8162599802017212
dza,1991,0.8533899784088135
dza,1992,0.8305799961090088
dza,1993,0.857450008392334
dza,1994,0.907859981060028
dza,1995,0.9556199908256532
dza,1996,0.9669399857521056
dza,1997,1.06685996055603
dza,1999,1.131469964981079
dza,2000,1.199450016021729
dza,2001,1.168349981307983
dza,2002,1.149790048599243
dza,2003,1.192589998245239
dza,2004,1.225430011749268
dza,2005,1.167919993400574
dza,2006,1.233139991760254
dza,2007,1.284780025482178
dza,2008,1.310359954833984
dza,2009,1.283849954605103
dza,2010,1.268049955368042
dza,2011,1.264230012893677
dza,2012,1.297080039978027
dza,2013,1.170099973678589
dza,2014,1.172240018844604
dza,2015,1.196210026741028
dza,2016,1.189409971237183
dza,2018,1.225419998168945
dza,2019,1.206110000610352
dza,2021,1.177819967269897
dza,2022,1.338709950447083
dza,2023,1.196050047874451
dza,2024,1.286730051040649
ecu,1971,0.910860002040863
ecu,1972,0.9133800268173218
ecu,1975,0.9629999995231628
ecu,1976,0.9592499732971193
ecu,1977,0.9790300130844116
ecu,1978,0.9798300266265868
ecu,1979,1.132030010223389
ecu,1994,1.023120045661926
ecu,1999,1.012290000915527
ecu,2000,1.017879962921143
ecu,2001,1.040439963340759
ecu,2002,1.017879962921143
ecu,2003,1.019989967346191
ecu,2004,1.015619993209839
ecu,2005,1.012699961662292
ecu,2006,1.018440008163452
ecu,2007,1.019649982452393
ecu,2009,1.008900046348572
ecu,2010,1.0207200050354
ecu,2011,1.015679955482483
ecu,2012,1.009209990501404
ecu,2013,1.004119992256165
ecu,2014,1.031980037689209
ecu,2015,1.030410051345825
ecu,2016,1.036980032920837
ecu,2017,1.037009954452515
ecu,2018,1.036329984664917
ecu,2019,1.044819951057434
ecu,2020,1.055950045585632
ecu,2021,1.015120029449463
ecu,2022,1.02944004535675
ecu,2023,1.027850031852722
egy,1977,0.5741299986839294
egy,1978,0.576449990272522
egy,1979,0.5817999839782715
egy,1980,0.5658599734306335
egy,1994,0.8632500171661377
egy,2003,0.981220006942749
egy,2004,1.002079963684082
egy,2009,1.121899962425232
egy,2013,1.028980016708374
egy,2014,1.050899982452393
egy,2016,1.052209973335266
egy,2017,1.063040018081665
egy,2018,1.049100041389465
egy,2019,1.040799975395203
egy,2020,1.041700005531311
egy,2021,1.010800004005432
egy,2023,1.036360025405884
eri,1994,0.4242900013923645
eri,1995,0.7126200199127197
eri,1996,0.7455199956893921
eri,1997,0.7311499714851379
eri,1999,0.6392199993133545
eri,2000,0.6702600121498108
eri,2001,0.7607600092887878
eri,2002,0.6868399977684021
eri,2003,0.6824700236320496
eri,2004,0.6839200258255005
eri,2006,0.6700500249862671
eri,2007,0.7435500025749207
eri,2008,0.7133899927139282
eri,2009,0.7359499931335449
eri,2010,0.8143900036811829
eri,2014,0.8834982694000215
eri,2015,0.9340299963951112
eri,2017,0.987429976463318
eri,2018,1.009850025177002
eri,2019,1.016847816270589
eri,2022,0.9560499787330629
esp,1981,1.079699993133545
esp,1982,1.084100008010864
esp,1983,1.079869985580444
esp,1984,1.078979969024658
esp,1985,1.069859981536865
esp,1986,1.065459966659546
esp,1987,1.068060040473938
esp,1988,1.051980018615723
esp,1989,1.170510053634644
esp,1990,1.049860000610352
esp,1993,1.043059945106506
esp,1994,1.031839966773987
esp,2009,1.121230006217957
esp,2010,1.112200021743774
esp,2014,1.061470031738281
esp,2015,1.069779992103577
esp,2016,1.060870051383972
esp,2017,1.058369994163513
esp,2018,1.058189988136292
esp,2019,1.051010012626648
esp,2020,1.046489953994751
esp,2021,1.029559969902039
esp,2022,1.040680050849915
esp,2023,1.041540026664734
est,1995,1.079620003700256
est,1996,1.102949976921082
est,1999,1.054739952087402
est,2000,1.069700002670288
est,2001,1.061360001564026
est,2002,1.058279991149902
est,2004,1.033030033111572
est,2005,1.033939957618713
est,2006,1.036530017852783
est,2008,0.9855899810791016
est,2009,0.9785599708557128
est,2010,0.9587200284004213
est,2011,0.9717199802398682
est,2012,0.985010027885437
est,2013,0.9810699820518494
est,2014,0.9964799880981444
est,2015,0.9563199877738952
est,2016,1.01459002494812
est,2017,1.007390022277832
est,2018,0.9778500199317932
est,2019,0.9995999932289124
est,2020,0.9881700277328492
est,2021,1.001999974250793
est,2022,0.9954400062561036
est,2023,0.9925100207328796
eth,1987,0.6150799989700317
eth,1988,0.6258599758148193
eth,1994,0.8714100122451782
eth,1995,0.7519699931144714
eth,1996,0.7146599888801575
eth,1999,0.6485999822616577
eth,2005,0.5744400024414062
eth,2008,0.6525400280952454
eth,2009,0.7212799787521362
eth,2010,0.7830448327756675
eth,2012,0.8477699756622314
eth,2014,0.9163655949237496
eth,2015,0.9684513855384512
eth,2023,0.9731117354216716
fin,1987,1.022510051727295
fin,1988,1.033609986305237
fin,1989,1.032389998435974
fin,1990,1.030189990997314
fin,1991,1.03436005115509
fin,1992,1.044569969177246
fin,1993,1.020370006561279
fin,1994,1.0205899477005
fin,2004,1.005859971046448
fin,2005,0.9981899857521056
fin,2007,1.002760052680969
fin,2009,1.000290036201477
fin,2010,0.9991999864578248
fin,2011,0.9927499890327454
fin,2012,1.005020022392273
fin,2013,0.9998400211334229
fin,2014,0.997219979763031
fin,2015,1.001559972763062
fin,2016,0.9967600107192992
fin,2017,0.999779999256134
fin,2018,1.002120018005371
fin,2019,0.994159996509552
fin,2020,1.00271999835968
fin,2021,0.996840000152588
fin,2022,0.9958900213241576
fin,2023,1.00108003616333
fji,1980,1.065150022506714
fji,1981,1.062559962272644
fji,1983,1.071799993515015
fji,1984,1.059370040893555
fji,1985,1.024770021438599
fji,1986,1.001360058784485
fji,2003,1.069339990615845
fji,2004,1.059370040893555
fji,2008,1.09660005569458
fji,2009,1.07898998260498
fji,2010,1.069346888192467
fji,2011,1.074012518116817
fji,2012,1.069550037384033
fji,2013,1.080929772751601
fji,2014,1.038349567243541
fji,2015,1.010886731539152
fji,2016,1.031796985082469
fji,2017,1.030097870443968
fji,2018,1.03426030862707
fji,2019,1.038322852455301
fji,2020,1.039240002632141
fji,2021,1.000976799264698
fji,2022,1.03288022622098
fji,2023,0.9847128619032424
fra,1996,1.143759965896606
fra,2007,1.014279961585999
fra,2008,1.020300030708313
fra,2009,1.018120050430298
fra,2010,1.021720051765442
fra,2011,1.018200039863586
fra,2012,1.016649961471558
fra,2013,1.014299988746643
fra,2014,1.016020059585571
fra,2015,1.015830039978027
fra,2016,1.012009978294373
fra,2017,1.004760026931763
fra,2018,0.9996899962425232
fra,2019,1.000349998474121
fra,2020,0.9992499947547911
fra,2021,1.007060050964355
fra,2022,0.9958299994468688
fsm,2013,1.027945619335347
fsm,2014,0.9667928586040202
fsm,2015,1.040373145740939
fsm,2016,1.063199996948242
fsm,2017,0.9979548260100758
fsm,2018,1.063502488502488
fsm,2019,1.027240839378876
fsm,2020,1.083967341912078
fsm,2021,1.038345332777987
fsm,2022,1.063824662813102
fsm,2023,1.020951173113507
fsm,2024,1.043625292983109
gab,1971,0.3169600069522858
gab,1972,0.3536700010299683
gab,1973,0.4057199954986572
gab,1974,0.4675000011920929
gab,1986,0.75559002161026
gab,1995,0.766569972038269
gab,2019,1.083294893059708
gab,2021,1.130529377247873
gbr,2017,1.004269957542419
gbr,2018,1.006080031394958
gbr,2019,1.005110025405884
gbr,2020,1.003049969673157
gbr,2021,0.9982200264930724
gbr,2022,0.9990400075912476
geo,2000,0.9410899877548218
geo,2001,0.9681000113487244
geo,2002,0.9024999737739564
geo,2003,0.8893499970436096
geo,2004,0.926010012626648
geo,2005,0.9492499828338624
geo,2008,0.9320399761199952
geo,2009,0.9314000010490416
geo,2010,0.9435799717903136
geo,2012,0.9277399778366088
geo,2013,0.9383100271224976
geo,2014,0.9363099932670592
geo,2015,0.948170006275177
geo,2016,0.9512100219726564
geo,2017,0.9574300050735474
geo,2018,0.9567700028419496
geo,2019,0.954609990119934
geo,2020,0.9608100056648254
geo,2021,0.9632099866867064
geo,2022,0.968309998512268
geo,2023,0.9352800250053406
gha,1971,0.5453500151634216
gha,1972,0.6025000214576721
gha,1974,0.6156200170516968
gha,1975,0.6229100227355957
gha,1991,0.6360599994659424
gha,1992,0.6442700028419495
gha,1999,0.7980499863624573
gha,2000,0.8144800066947937
gha,2001,0.8494499921798706
gha,2002,0.845740020275116
gha,2003,0.8480100035667419
gha,2004,0.8364499807357788
gha,2005,0.8262799978256226
gha,2008,0.8500800132751465
gha,2009,0.8589900135993958
gha,2011,0.858780026435852
gha,2012,0.872189998626709
gha,2013,0.8888999819755554
gha,2014,0.9081699848175048
gha,2015,0.9236199855804444
gha,2017,0.9412599802017212
gha,2018,0.9614999890327454
gha,2019,0.9846000075340272
gib,2016,1.005560040473938
gib,2017,0.8196899890899658
gib,2019,0.9912999868392944
gib,2020,1.001610040664673
gib,2021,0.9095199704170228
gib,2022,1.021100044250488
gib,2023,0.985889971256256
gin,1985,0.365229994058609
gin,1986,0.354449987411499
gin,1987,0.3103500008583069
gin,1988,0.3305099904537201
gin,1989,0.3934099972248077
gin,1990,0.3371500074863434
gin,1991,0.3442299962043762
gin,1992,0.335860013961792
gin,1993,0.2903400063514709
gin,1994,0.3371599912643433
gin,1998,0.3303999900817871
gin,2000,0.387609988451004
gin,2001,0.4140200018882751
gin,2003,0.5094699859619141
gin,2004,0.4068000018596649
gin,2005,0.4746400117874146
gin,2006,0.5353400111198425
gin,2007,0.5817599892616272
gin,2009,0.6173099875450134
gin,2010,0.6399800181388855
gin,2011,0.6733199954032898
gin,2012,0.6988499760627747
gin,2013,0.6546300053596497
gin,2014,0.6677700281143188
gin,2018,0.7293206598859175
gin,2019,0.7604924406578247
gin,2020,0.7595199942588806
gin,2021,0.7783890613246165
gin,2023,0.7609333593445422
gmb,1974,0.2422399967908859
gmb,1976,0.3447700142860413
gmb,1977,0.3489400148391724
gmb,1978,0.3462699949741364
gmb,1979,0.3813799917697906
gmb,1980,0.4005799889564514
gmb,1981,0.4142700135707855
gmb,1982,0.3577100038528442
gmb,1983,0.4152500033378601
gmb,1984,0.3999899923801422
gmb,1985,0.3398799896240234
gmb,1986,0.3776099979877472
gmb,1987,0.4156000018119812
gmb,1999,0.6267899870872498
gmb,2000,0.6297799944877625
gmb,2001,0.6295899748802185
gmb,2002,0.6495800018310547
gmb,2003,0.6999199986457825
gmb,2004,0.7448300123214722
gmb,2005,0.7658799886703491
gmb,2006,0.8679800033569336
gmb,2007,0.8782399892807007
gmb,2008,0.8966900110244751
gmb,2009,0.9476400017738342
gmb,2010,0.9383699893951416
gmb,2011,1.004337102322067
gmb,2012,1.034955249941026
gmb,2013,0.9907440628241706
gmb,2014,1.015620113682785
gmb,2015,1.019338636807351
gmb,2016,1.065524846645317
gmb,2017,1.105624211419828
gmb,2018,1.12389559086728
gmb,2019,1.143005808355757
gmb,2020,1.159146210179846
gmb,2021,1.183797360209227
gmb,2022,1.217254237427422
gmb,2023,1.259783241754977
gmb,2024,1.265159064510634
gnb,1978,0.2954300045967102
gnb,1979,0.1201400011777878
gnb,1981,0.154559999704361
gnb,1982,0.1843300014734268
gnb,1983,0.1558600068092346
gnb,1984,0.2286700010299683
gnb,1985,0.2174900025129318
gnb,1987,0.3400099873542786
gnb,1989,0.782039999961853
gnb,2000,0.5608000159263611
gnb,2010,0.6566200256347656
gnq,2000,0.5677599906921387
gnq,2005,0.7087900042533875
gnq,2011,0.9101200103759766
gnq,2012,0.916450023651123
gnq,2015,0.9850500226020812
grc,1971,0.9958900213241576
grc,1972,1.010269999504089
grc,1973,1.052600026130676
grc,1974,1.055170059204102
grc,1975,1.049319982528687
grc,1976,1.045050024986267
grc,1977,1.047490000724792
grc,1978,1.074429988861084
grc,1979,1.045089960098267
grc,1980,1.050650000572205
grc,1982,1.037320017814636
grc,1983,1.035290002822876
grc,1984,1.040159940719604
grc,1985,1.003100037574768
grc,1986,1.036479949951172
grc,1987,1.003880023956299
grc,1988,1.016000032424927
grc,1989,1.005920052528381
grc,1990,1.032340049743652
grc,1991,1.03875994682312
grc,1992,1.039409995079041
grc,2005,1.011849999427795
grc,2006,1.013239979743958
grc,2007,0.9504200220108032
grc,2010,0.9634600281715392
grc,2011,0.9866099953651428
grc,2012,0.9939799904823304
grc,2013,0.9868800044059752
grc,2014,0.9929400086402892
grc,2015,0.9891300201416016
grc,2016,0.9754899740219116
grc,2017,1.010079979896545
grc,2018,0.9978500008583068
grc,2019,1.000900030136108
grc,2020,1.017410039901733
grc,2021,0.99958997964859
grc,2022,1.003100037574768
grd,1983,1.346089959144592
grd,1993,1.413769960403442
grd,2002,1.188599944114685
grd,2003,1.130489945411682
grd,2005,1.187479972839355
grd,2007,1.22298002243042
grd,2009,1.136399984359741
grd,2013,1.040050854850893
grd,2014,1.101660013198853
grd,2015,1.040310025215149
grd,2016,1.103780031204224
grd,2018,1.098640373516025
grd,2021,1.114080195898377
grd,2022,1.057445556051689
grd,2023,1.073566773600144
gtm,1971,0.8592699766159058
gtm,1975,0.8505799770355225
gtm,1976,0.8408899903297424
gtm,1999,0.8291699886322021
gtm,2000,0.9218299984931946
gtm,2001,0.9157000184059144
gtm,2002,0.9055200219154358
gtm,2004,0.9130799770355223
gtm,2005,0.9261299967765808
gtm,2006,0.9162700176239014
gtm,2007,0.9395800232887268
gtm,2008,0.9466099739074708
gtm,2009,0.9447699785232544
gtm,2010,0.9385899901390076
gtm,2011,0.9282900094985962
gtm,2012,0.9362900257110596
gtm,2013,0.9353299736976624
gtm,2014,0.9271199703216552
gtm,2015,0.9499599933624268
gtm,2016,0.9410399794578552
gtm,2017,0.9467300176620485
gtm,2018,0.9432100057601928
gtm,2019,0.9547200202941896
gtm,2020,0.959720015525818
gtm,2021,0.9691500067710876
gtm,2022,1.029119968414307
gtm,2023,1.048589944839478
guy,1971,1.062829971313477
guy,1972,1.030480027198792
guy,1973,0.9866399765014648
guy,1974,1.043750047683716
guy,1976,1.004639983177185
guy,1978,1.054180026054382
guy,1979,0.9789299964904784
guy,1980,1.017410039901733
guy,1987,1.066740036010742
guy,1991,1.031479954719543
guy,1992,1.000730037689209
guy,1993,1.021559953689575
guy,1996,1.068230032920837
guy,1997,1.04121994972229
guy,1999,0.9812999963760376
guy,2000,1.08050000667572
guy,2001,1.072849988937378
guy,2008,1.149930000305176
guy,2009,1.033939957618713
guy,2010,1.138579964637756
hkg,1980,1.079689979553223
hkg,1981,1.123299956321716
hkg,1982,1.144739985466003
hkg,1983,1.227309942245483
hkg,1984,1.238659977912903
hkg,1985,1.250409960746765
hkg,2003,1.024510025978088
hkg,2004,1.0207200050354
hkg,2005,1.03629994392395
hkg,2006,1.007130026817322
hkg,2007,0.9971399903297424
hkg,2008,0.9730600118637084
hkg,2009,0.9946600198745728
hkg,2010,1.006739974021912
hkg,2011,0.9755399823188782
hkg,2012,0.9815499782562256
hkg,2013,0.9735599756240844
hkg,2014,0.9652600288391112
hkg,2015,0.9934399724006652
hkg,2016,0.99686998128891
hkg,2017,0.9784799814224244
hkg,2018,0.944509983062744
hkg,2019,0.9701899886131288
hkg,2020,1.000190019607544
hnd,2005,1.212249994277954
hnd,2007,1.219630002975464
hnd,2012,1.228109955787659
hnd,2013,1.188770055770874
hnd,2014,1.188660025596619
hnd,2016,1.174080014228821
hnd,2019,1.152629971504211
hnd,2020,1.157999992370605
hnd,2021,1.212080001831055
hnd,2023,1.185649991035461
hrv,1995,0.9965299963951112
hrv,1996,0.987150013446808
hrv,1997,0.9971699714660645
hrv,1999,0.998960018157959
hrv,2001,0.9928900003433228
hrv,2002,1.00232994556427
hrv,2003,1.003309965133667
hrv,2005,0.9916599988937378
hrv,2006,0.9884200096130372
hrv,2007,0.997979998588562
hrv,2008,1.010220050811768
hrv,2009,0.9964799880981444
hrv,2010,0.991379976272583
hrv,2011,1.00220000743866
hrv,2012,1.00297999382019
hrv,2016,0.9908300042152404
hrv,2017,1.002500057220459
hrv,2018,0.990090012550354
hrv,2019,1.023540019989014
hrv,2020,1.0102299451828
hrv,2021,0.9964900016784668
hrv,2022,1.006199955940247
hti,1977,0.8636199831962585
hti,1978,0.9530900120735168
hti,1979,0.9357200264930724
hti,1980,0.878350019454956
hti,1981,0.9680500030517578
hti,1982,0.972029983997345
hti,1983,1.063889980316162
hti,1985,0.9427700042724608
hti,1986,0.9115200042724608
hti,1987,0.924809992313385
hti,1988,1.027070045471191
hti,1989,1.028180003166199
hti,1990,1.028980016708374
hti,1991,1.029880046844482
hti,1997,0.9184200167655944
hun,1976,1.021589994430542
hun,1977,1.025490045547485
hun,1978,1.024160027503967
hun,1979,1.035820007324219
hun,1980,1.021270036697388
hun,1981,1.033290028572083
hun,1982,1.030480027198792
hun,1983,1.01786994934082
hun,1984,1.042850017547607
hun,1985,1.015059947967529
hun,1986,1.036700010299683
hun,1987,1.043519973754883
hun,1988,1.050809979438782
hun,1989,1.044059991836548
hun,1990,1.037919998168945
hun,1997,0.995389997959137
hun,2013,1.000710010528564
hun,2014,1.010769963264465
hun,2015,1.020799994468689
hun,2016,1.009899973869324
hun,2017,1.013859987258911
hun,2018,1.004770040512085
hun,2019,1.00803005695343
hun,2020,1.018880009651184
hun,2021,1.005169987678528
hun,2022,1.019709944725037
hun,2023,1.01419997215271
idn,1995,0.8476499915122986
idn,2002,1.04587996006012
idn,2003,1.048969984054565
idn,2004,1.062360048294067
idn,2005,1.052230000495911
idn,2006,1.064350008964539
idn,2007,1.055629968643188
idn,2008,1.004580020904541
idn,2009,1.055330038070679
idn,2010,1.053254471574418
idn,2011,1.009235092279908
idn,2012,1.060306785248213
idn,2013,1.047026052309022
idn,2014,1.075674844316743
idn,2015,1.089269337687368
idn,2016,1.021630440086062
idn,2017,1.051779886152694
idn,2018,1.004997348075889
idn,2019,1.03762536210189
idn,2020,1.001907777900828
idn,2021,0.9939982890643012
idn,2022,0.9900283751512742
idn,2023,0.9893666235325322
ind,1987,0.5477100014686584
ind,1988,0.5630499720573425
ind,1989,0.5588099956512451
ind,2002,0.7588099837303162
ind,2003,0.8216300010681152
ind,2006,0.85930997133255
ind,2008,0.9098899960517884
ind,2011,0.9718165606463912
ind,2013,1.037691952449942
ind,2014,1.038241848433694
ind,2015,1.038223381030671
ind,2016,1.039166664001211
ind,2017,1.034536469319568
ind,2019,1.024880051612854
ind,2020,1.029899954795837
ind,2021,1.02739347227828
ind,2022,1.026053113938995
ind,2023,1.023367343577866
ind,2024,1.022080230974909
irl,1996,1.021360039710999
irl,1997,1.030609965324402
irl,1998,1.024539947509766
irl,1999,1.01338005065918
irl,2000,1.01911997795105
irl,2001,1.027740001678467
irl,2002,1.044010043144226
irl,2003,1.031149983406067
irl,2004,1.046599984169006
irl,2005,1.025589942932129
irl,2006,1.031980037689209
irl,2007,1.027690052986145
irl,2008,1.028570055961609
irl,2009,1.029090046882629
irl,2010,1.031849980354309
irl,2011,1.014739990234375
irl,2014,1.027179956436157
irl,2015,1.010910034179688
irl,2016,1.025460004806519
irl,2017,1.018900036811829
irl,2018,0.9984300136566162
irl,2019,1.019709944725037
irl,2020,1.018880009651184
irl,2021,0.9987599849700928
irl,2022,1.020490050315857
irn,1987,0.7297099828720093
irn,1988,0.7399600148200989
irn,1989,0.7402700185775757
irn,1990,0.7630199790000916
irn,1991,0.7946500182151794
irn,1993,0.8089100122451782
irn,1994,0.844290018081665
irn,2000,0.9611600041389464
irn,2001,0.9496600031852722
irn,2002,0.946529984474182
irn,2003,0.9291200041770936
irn,2006,1.015220046043396
irn,2008,1.015190005302429
irn,2009,0.9836000204086304
irn,2010,0.9744899868965148
irn,2011,0.9773799777030944
irn,2012,0.97775000333786
irn,2016,0.984250009059906
irn,2017,0.9761599898338318
irn,2020,1.005990028381348
irq,1971,0.4616099894046783
irq,1972,0.4428600072860718
irq,1973,0.4642400145530701
irq,1974,0.4774500131607056
irq,1975,0.3781000077724457
irq,1976,0.4284299910068512
irq,1977,0.4862599968910217
irq,1978,0.4920600056648254
irq,1979,0.4796299934387207
irq,1980,0.4951199889183044
irq,1983,0.6264500021934509
irq,1985,0.6680700182914734
irq,1986,0.6455000042915344
irq,1987,0.7887099981307983
irq,1988,0.7127500176429749
irq,1989,0.7231400012969971
irq,1993,0.8071900010108948
irq,1999,0.7479000091552734
irq,2000,0.7103099822998047
irq,2004,0.6608200073242188
irq,2007,0.8359400033950806
isl,1998,0.981760025024414
isl,1999,1.00600004196167
isl,2000,0.991320013999939
isl,2001,1.002869963645935
isl,2002,0.9941999912261964
isl,2003,1.004940032958984
isl,2004,0.9910799860954284
isl,2005,1.010519981384277
isl,2006,0.9919400215148926
isl,2007,0.9949799776077272
isl,2008,0.982230007648468
isl,2009,0.9967600107192992
isl,2010,0.9869199991226196
isl,2011,0.9969000220298768
isl,2012,0.9931399822235109
isl,2013,0.9943699836730956
isl,2014,0.988099992275238
isl,2015,0.9989699721336364
isl,2016,0.988979995250702
isl,2017,0.987600028514862
isl,2018,0.9934800267219543
isl,2019,1.00449001789093
isl,2020,0.992550015449524
isl,2021,0.947849988937378
isr,2002,0.9957000017166138
isr,2003,0.9903600215911864
isr,2004,1.001950025558472
isr,2005,0.9919400215148926
isr,2006,1.016119956970215
isr,2007,1.028419971466064
isr,2008,1.031559944152832
isr,2009,1.028849959373474
isr,2010,1.036520004272461
isr,2011,1.020429968833923
isr,2012,1.035850048065186
isr,2013,1.005159974098206
isr,2014,1.002679944038391
isr,2015,1.004629969596863
isr,2016,1.008530020713806
isr,2017,1.010689973831177
isr,2018,1.032109975814819
isr,2019,1.009289979934692
isr,2020,1.025570034980774
isr,2021,1.010900020599365
isr,2022,1.000830054283142
ita,1971,0.954639971256256
ita,1972,0.9637600183486938
ita,1973,0.9755200147628784
ita,1974,0.980840027332306
ita,1975,0.9942399859428406
ita,1976,0.9899600148200988
ita,1977,0.9919999837875366
ita,1978,1.012879967689514
ita,1979,1.014969944953918
ita,1980,1.027629971504211
ita,1981,1.025580048561096
ita,1982,1.035069942474365
ita,1983,1.042250037193298
ita,1984,1.034019947052002
ita,1985,1.032420039176941
ita,1986,1.023569941520691
ita,1987,1.028390049934387
ita,1988,0.9765599966049194
ita,1989,0.9786199927330016
ita,1990,1.014520049095154
ita,1991,1.014930009841919
ita,1992,1.007889986038208
ita,1993,0.9780499935150146
ita,1994,1.008909940719604
ita,1995,0.9990299940109252
ita,1996,0.9853299856185912
ita,1997,0.992900013923645
ita,1999,1.103139996528625
ita,2001,1.004899978637695
ita,2002,0.996429979801178
ita,2003,1.000399947166443
ita,2004,1.002869963645935
ita,2005,1.005959987640381
ita,2006,0.9902700185775756
ita,2007,0.9914699792861938
ita,2008,0.9990699887275696
ita,2009,0.9992600083351136
ita,2010,1.008990049362183
ita,2011,1.011710047721863
ita,2012,1.004070043563843
ita,2013,1.007470011711121
ita,2014,1.006379961967468
ita,2015,0.997730016708374
ita,2016,1.000599980354309
ita,2017,0.996209979057312
ita,2018,0.9991300106048584
ita,2019,0.9931399822235109
ita,2020,1.002490043640137
ita,2021,0.9906100034713744
ita,2022,0.9978899955749512
ita,2023,1.006569981575012
jam,1976,1.12474000453949
jam,1977,1.093569993972778
jam,1980,1.077000021934509
jam,1981,1.099599957466125
jam,1983,1.083170056343079
jam,1984,1.079249978065491
jam,1985,1.066220045089722
jam,1986,1.082299947738647
jam,1990,1.076460003852844
jam,1991,1.077499985694885
jam,1993,1.071470022201538
jam,2000,1.03534996509552
jam,2001,1.02348005771637
jam,2002,1.05594003200531
jam,2003,1.025740027427673
jam,2004,1.025419950485229
jam,2009,0.9866700172424316
jam,2010,0.9783499836921692
jam,2011,0.9991300106048584
jam,2013,0.9916399717330932
jam,2014,1.043670058250427
jam,2015,1.03574001789093
jam,2016,1.008195088872027
jam,2017,1.020830035209656
jam,2018,1.014119982719421
jam,2019,1.008100032806396
jam,2020,1.001350045204163
jam,2023,1.017300009727478
jor,1988,1.175899982452393
jor,1989,1.101789951324463
jor,2002,1.015859961509705
jor,2003,1.022480010986328
jor,2004,1.020830035209656
jor,2006,1.019219994544983
jor,2007,1.046939969062805
jor,2008,1.044710040092468
jor,2011,1.030529975891113
jor,2012,1.039749979972839
jor,2013,1.027719974517822
jor,2014,1.038419961929321
jor,2017,1.112110018730164
jor,2018,1.098610043525696
jor,2019,1.094879984855652
jor,2020,1.078719973564148
jor,2021,1.072759985923767
jor,2022,1.09646999835968
jor,2023,0.9861800074577332
jpn,1972,0.9959700107574464
jpn,1973,1.006229996681213
jpn,1978,1.007220029830933
jpn,1979,1.004690051078796
jpn,1980,0.9973300099372864
jpn,1981,1.019799947738647
jpn,1982,0.9948300123214722
jpn,1983,1.009179949760437
jpn,1984,1.008280038833618
jpn,1985,1.006700038909912
jpn,1986,1.01242995262146
jpn,1987,1.014899969100952
jpn,1988,1.01476001739502
jpn,1989,1.014770030975342
jpn,1990,1.00832998752594
jpn,1991,1.005040049552917
jpn,1992,1.001440048217773
jpn,1994,1.001219987869263
kaz,2000,1.036949992179871
kaz,2001,0.9922999739646912
kaz,2002,0.9747099876403807
kaz,2003,0.9729599952697754
kaz,2004,0.9423900246620178
kaz,2005,0.9324600100517272
kaz,2006,0.9408699870109558
kaz,2007,0.952839970588684
kaz,2008,0.9507499933242798
kaz,2009,0.948520004749298
kaz,2010,0.9397167669464184
kaz,2011,0.9470424156329428
kaz,2012,0.9493653557563888
kaz,2013,0.9999368681810114
kaz,2014,0.9874130326370988
kaz,2015,1.01267133037985
kaz,2016,0.9918714426626098
kaz,2017,1.011309323578509
kaz,2018,1.004785950027165
kaz,2019,1.001234977475983
kaz,2020,0.990196548449538
kaz,2021,0.9965229806591358
kaz,2022,0.9955264608797368
kaz,2023,1.003949344109111
kaz,2024,0.9847912028152588
ken,1971,0.4736199975013733
ken,1972,0.4823600053787231
ken,2014,0.9998496827581924
ken,2015,0.9816300272941588
ken,2016,0.9828038846094308
kgz,2001,0.9307199716567992
kgz,2002,0.9620800018310548
kgz,2003,0.938390016555786
kgz,2004,0.9411399960517884
kgz,2005,0.9438400268554688
kgz,2006,0.9272500276565552
kgz,2007,0.9626500010490416
kgz,2008,0.9783300161361694
kgz,2009,1.005920052528381
kgz,2010,1.008982005552792
kgz,2011,1.000397566360461
kgz,2012,0.9917836967294962
kgz,2013,1.035273894252245
kgz,2014,0.9968921469170768
kgz,2015,1.002329375304258
kgz,2016,0.9942149968198668
kgz,2017,0.9880094047634338
kgz,2018,0.999796690778916
kgz,2019,0.9946349478222436
kgz,2020,0.9997741256436636
kgz,2021,1.018975509257614
kgz,2022,1.032306718095664
kgz,2023,1.023356136614905
kgz,2024,1.006736823444874
khm,1997,0.571120023727417
khm,1999,0.5380200147628784
khm,2001,0.4893499910831451
khm,2002,0.5791800022125244
khm,2003,0.6073300242424011
khm,2004,0.6574599742889404
khm,2005,0.7196999788284302
khm,2006,0.7652599811553955
khm,2007,0.789900004863739
khm,2008,0.840149998664856
khm,2010,0.93503999710083
khm,2011,0.9478392611414416
khm,2012,0.9712563877500596
khm,2013,1.019315404849167
khm,2014,1.026810806228318
khm,2015,1.039479970932007
khm,2016,1.063762177431757
khm,2017,1.109889733908499
khm,2018,1.144140005111694
khm,2019,1.216789960861206
khm,2020,1.168990015983582
khm,2021,1.177861407444386
khm,2022,1.154253199257012
khm,2023,1.169490918448675
kir,1979,1.215270042419434
kir,1980,1.06361997127533
kir,1981,1.289199948310852
kir,1982,1.169149994850159
kir,1983,1.126850008964539
kir,1984,1.123049974441528
kir,1986,1.214179992675781
kir,1989,1.104979991912842
kir,1990,1.03245997428894
kir,1991,1.153579950332642
kir,1992,1.027359962463379
kir,2014,1.125447742738391
kir,2015,1.200931857891672
kir,2016,1.06561005115509
kir,2020,1.035429954528809
kir,2021,1.109130024909973
kir,2022,1.059880018234253
kir,2023,1.084980010986328
kna,2001,0.9873499870300292
kna,2003,1.031790018081665
kna,2004,1.055719971656799
kna,2007,1.078950047492981
kna,2008,0.9121400117874146
kna,2009,0.9650499820709229
kna,2010,0.9127900004386902
kna,2011,1.005300045013428
kna,2013,1.02295994758606
kna,2014,1.026929974555969
kna,2015,0.9495599865913392
kna,2016,1.033249974250793
kna,2017,0.9454683106208092
kna,2018,0.9876091331146708
kna,2019,0.803525641025641
kna,2020,0.8987301587301587
kna,2021,0.8667449168906894
kna,2022,1.047946643035377
kna,2023,0.8466228893058162
kor,1971,0.642799973487854
kor,1972,0.6841800212860107
kor,1973,0.7002800107002258
kor,1976,0.7574300169944763
kor,1977,0.8060799837112427
kor,1978,0.8151599764823914
kor,1979,0.838670015335083
kor,1980,0.8862699866294861
kor,1982,0.9537400007247924
kor,1983,0.9819499850273132
kor,1984,0.9773100018501282
kor,1985,0.9942799806594848
kor,1986,1.000579953193665
kor,1987,0.998199999332428
kor,1988,0.9932399988174438
kor,1995,1.017259955406189
kor,1998,1.017809987068176
kor,1999,1.02386999130249
kor,2000,0.9997100234031676
kor,2001,1.010980010032654
kor,2002,1.012410044670105
kor,2003,1.018200039863586
kor,2004,1.003900051116943
kor,2005,1.008260011672974
kor,2006,1.009699940681458
kor,2007,1.008239984512329
kor,2008,0.9970099925994872
kor,2009,0.996429979801178
kor,2010,0.9997199773788452
kor,2011,0.9867200255393982
kor,2012,1.002349972724915
kor,2013,0.9990599751472472
kor,2014,0.9961599707603456
kor,2015,0.9880800247192384
kor,2016,0.9967600107192992
kor,2017,0.9829699993133544
kor,2018,0.990090012550354
kor,2019,0.9896299839019777
kor,2020,0.9918299913406372
kor,2021,0.9887499809265136
kor,2022,0.995549976825714
kwt,1973,0.942170023918152
kwt,1974,1.020769953727722
kwt,1975,1.057590007781982
kwt,1976,1.046669960021973
kwt,1977,1.040740013122559
kwt,1978,1.072049975395203
kwt,1979,1.003489971160889
kwt,1980,0.9601200222969056
kwt,1981,0.9899700284004213
kwt,1982,0.98308002948761
kwt,1983,0.9419900178909302
kwt,1984,1.012639999389648
kwt,1985,1.004850029945374
kwt,1988,1.057700037956238
kwt,1992,1.003600001335144
kwt,1994,1.021190047264099
kwt,1995,1.034970045089722
kwt,1996,1.07735002040863
kwt,1997,1.073709964752197
kwt,1999,1.057700037956238
kwt,2000,1.032570004463196
kwt,2001,1.081279993057251
kwt,2002,1.053750038146973
kwt,2003,1.024250030517578
kwt,2004,1.060479998588562
kwt,2005,1.016960024833679
kwt,2006,1.125839948654175
kwt,2007,1.034620046615601
kwt,2008,1.088680028915405
kwt,2009,1.066220045089722
kwt,2010,1.074399948120117
kwt,2012,1.10436999797821
kwt,2013,1.087149977684021
kwt,2016,1.097280025482178
kwt,2017,1.109200000762939
kwt,2018,1.145570039749146
kwt,2019,1.156409978866577
kwt,2020,1.172109961509705
kwt,2021,1.171509981155396
lao,1971,0.291839987039566
lao,1972,0.381879985332489
lao,1973,0.4064300060272217
lao,1974,0.384579986333847
lao,1992,0.6727499961853027
lao,1993,0.6631500124931335
lao,1994,0.689490020275116
lao,1997,0.6960999965667725
lao,1999,0.7189599871635437
lao,2000,0.727840006351471
lao,2001,0.7372699975967407
lao,2002,0.7505099773406982
lao,2003,0.7429500222206116
lao,2004,0.7737200260162354
lao,2005,0.7840200066566467
lao,2006,0.8007500171661377
lao,2007,0.8085200190544128
lao,2008,0.8285099864006042
lao,2009,0.8228899836540222
lao,2010,0.8144400119781494
lao,2011,0.8368161071296678
lao,2012,0.8662806347474438
lao,2013,0.8781126671079033
lao,2014,0.9292263337109902
lao,2015,0.9214046617609865
lao,2016,0.9268482000845027
lao,2017,0.937257832916888
lao,2018,0.9564034897213112
lao,2019,0.9627240870200862
lao,2020,0.9686708915728968
lao,2021,0.9871429857302428
lao,2022,0.9961221885208356
lao,2023,0.9901013963037864
lao,2024,0.9867951684650008
lbn,1973,0.8609899878501892
lbn,2023,1.170869946479797
lbr,1978,0.3946099877357483
lbr,2000,0.6749500036239624
lbr,2008,0.7268400192260742
lbr,2009,0.7185199856758118
lbr,2011,0.8039932390756841
lbr,2014,0.7357660845159665
lbr,2016,0.9093157210152636
lbr,2017,0.8995118331204879
lbr,2021,0.9987573132262042
lbr,2022,1.024298768624301
lca,1983,1.243559956550598
lca,1987,1.305590033531189
lca,1999,1.250679969787598
lca,2000,1.274129986763
lca,2001,1.197639942169189
lca,2002,1.256719946861267
lca,2003,1.119029998779297
lca,2004,1.047629952430725
lca,2005,1.227450013160706
lca,2007,1.152130007743835
lca,2008,1.169780015945435
lca,2009,0.9774699807167052
lca,2010,0.9619600176811218
lca,2011,1.051689982414246
lca,2012,0.984529972076416
lca,2013,0.9484999775886536
lca,2014,1.02321994304657
lca,2016,1.0625
lca,2017,1.059200048446655
lca,2018,1.091079950332642
lca,2019,0.9470499753952026
lca,2021,1.013306178379437
lca,2022,1.108860015869141
lca,2023,1.120370030403137
lie,2003,0.8804799914360046
lie,2005,0.9596499800682068
lie,2006,0.9464399814605712
lie,2007,1.182270050048828
lie,2008,0.9700300097465516
lie,2009,0.924310028553009
lie,2010,1.144389986991882
lie,2011,1.090909957885742
lie,2014,0.8947399854660034
lie,2015,0.9922199845314026
lie,2016,1.031999945640564
lie,2017,1.088469982147217
lie,2018,0.2524800002574921
lie,2019,1.082669973373413
lie,2020,0.9794999957084656
lie,2021,1.01324999332428
lka,1970,1.087409973144531
lka,1985,1.16569995880127
lka,1986,1.135300040245056
lka,1987,1.096879959106445
lka,1989,1.091809988021851
lka,1990,1.08213996887207
lka,1991,1.091259956359863
lka,1992,1.08748996257782
lka,1998,1.067280054092407
lka,2001,1.040120005607605
lka,2002,1.028259992599487
lka,2003,1.025730013847351
lka,2005,1.021129965782166
lka,2006,1.012519955635071
lka,2007,1.017779946327209
lka,2009,1.032250046730042
lka,2010,0.9917217993152464
lka,2011,1.000266938656186
lka,2012,1.029058784311445
lka,2013,1.034246966104619
lka,2014,1.030461408900576
lka,2015,1.02340290414225
lka,2016,1.028665778294369
lka,2017,1.017465352083848
lka,2019,1.02016099969345
lka,2020,1.016929364894502
lka,2021,1.01463526342387
lka,2022,1.014779537766781
lka,2023,1.019821456198724
lso,1972,1.042619943618774
lso,1973,1.035989999771118
lso,1986,1.252159953117371
lso,1987,1.294909954071045
lso,1998,1.250990033149719
lso,1999,1.206419944763184
lso,2000,1.221670031547546
lso,2001,1.201079964637756
lso,2002,1.189090013504028
lso,2003,1.218989968299866
lso,2004,1.199169993400574
lso,2005,1.191769957542419
lso,2006,1.204910039901733
lso,2007,1.215240001678467
lso,2008,1.214820027351379
lso,2009,1.282999992370605
lso,2010,1.286298448623644
lso,2012,1.278179668394704
lso,2013,1.27792144914679
lso,2014,1.26427389114059
lso,2016,1.303859915330736
lso,2017,1.294821788412047
lso,2018,1.293322666746724
lso,2019,1.301377689689624
lso,2020,1.314237390486189
lso,2022,1.305957386878056
lso,2023,1.340835797728922
ltu,1989,0.0
ltu,1995,1.072790026664734
ltu,1997,1.095029950141907
ltu,1999,1.245540022850037
ltu,2000,1.128260016441345
ltu,2001,1.077399969100952
ltu,2002,1.032439947128296
ltu,2003,1.030240058898926
ltu,2011,0.9871000051498412
ltu,2012,1.003159999847412
ltu,2013,0.9810699820518494
ltu,2014,0.970990002155304
ltu,2015,0.9529899954795836
ltu,2016,1.016520023345947
ltu,2017,1.00466001033783
ltu,2018,1.036090016365051
ltu,2019,0.9961000084877014
ltu,2020,1.013700008392334
ltu,2021,1.055310010910034
ltu,2022,1.010329961776733
lux,1971,0.8540999889373779
lux,1972,1.051309943199158
lux,1973,1.115280032157898
lux,1974,0.9120000004768372
lux,1975,1.149309992790222
lux,1976,1.1251300573349
lux,1977,1.099419951438904
lux,1978,1.09443998336792
lux,1979,1.106060028076172
lux,1980,1.143800020217896
lux,1985,1.230849981307983
lux,1987,1.214990019798279
lux,2006,1.020910024642944
lux,2007,0.9839699864387512
lux,2008,1.068789958953857
lux,2010,1.024520039558411
lux,2011,1.025429964065552
lux,2012,1.014490008354187
lux,2013,1.008280038833618
lux,2014,1.013010025024414
lux,2015,1.061259984970093
lux,2016,1.003340005874634
lux,2017,1.008340001106262
lux,2018,1.004590034484863
lux,2019,0.9628999829292296
lux,2020,1.050660014152527
lux,2021,0.9403700232505798
lux,2022,1.00941002368927
lva,2013,0.9714999794960022
lva,2014,1.005830049514771
lva,2015,1.011700034141541
lva,2016,1.001940011978149
lva,2017,1.006669998168945
lva,2018,1.015179991722107
lva,2019,1.001320004463196
lva,2020,0.9877600073814392
lva,2021,1.014899969100952
lva,2022,0.9950299859046936
lva,2023,1.003469944000244
mac,1990,1.243929982185364
mac,1992,1.287009954452515
mac,1993,1.167019963264465
mac,1999,1.041689991950989
mac,2000,1.153020024299622
mac,2001,1.105419993400574
mac,2002,1.058079957962036
mac,2003,1.06181001663208
mac,2004,1.060230016708374
mac,2005,1.062819957733154
mac,2006,1.073709964752197
mac,2007,1.047129988670349
mac,2008,1.035380005836487
mac,2009,1.08882999420166
mac,2010,1.051159977912903
mac,2011,1.003900051116943
mac,2012,0.9684799909591676
mac,2013,0.9729599952697754
mac,2014,1.059419989585876
mac,2015,1.037559986114502
mac,2016,1.078649997711182
mac,2017,1.046020030975342
mac,2018,1.148679971694946
mac,2019,0.9319800138473512
mac,2020,1.029659986495972
mac,2021,1.055480003356934
mac,2022,1.057600021362305
mac,2023,0.863099992275238
mar,1975,0.5023699998855591
mar,1976,0.5001400113105774
mar,1977,0.5400000214576721
mar,1978,0.5554599761962891
mar,1979,0.5786799788475037
mar,1980,0.6205999851226807
mar,1981,0.6384699940681458
mar,1983,0.6902099847793579
mar,1985,0.6599400043487549
mar,1986,0.6916400194168091
mar,1987,0.7142300009727478
mar,1988,0.633109986782074
mar,1989,0.7041599750518799
mar,1990,0.746209979057312
mar,1991,0.7496899962425232
mar,1992,0.7273899912834167
mar,1993,0.7337200045585632
mar,1994,0.783270001411438
mar,1995,0.776449978351593
mar,1997,0.7928799986839294
mar,1999,0.8607699871063232
mar,2000,0.8506900072097778
mar,2001,0.8600500226020813
mar,2002,0.8470399975776672
mar,2003,0.8948000073432922
mar,2004,0.92194002866745
mar,2006,0.975130021572113
mar,2007,0.974560022354126
mar,2008,0.9837999939918518
mar,2009,0.95169997215271
mar,2010,0.9447600245475768
mar,2011,0.9370200037956238
mar,2012,0.9398800134658812
mar,2013,0.9533799886703492
mar,2014,0.9622099995613098
mar,2015,1.024719953536987
mar,2016,1.052360057830811
mar,2017,1.094799995422363
mar,2018,1.097659945487976
mar,2019,1.102349996566772
mar,2020,1.111479997634888
mar,2021,1.086120009422302
mar,2022,1.150230050086975
mar,2023,1.12133002281189
mco,1992,1.177350044250488
mco,2016,1.022060036659241
mco,2024,1.081990003585815
mda,2013,0.9810400009155272
mda,2014,0.9855300188064576
mda,2015,1.014240026473999
mda,2016,0.9880499839782716
mda,2017,1.002709984779358
mda,2018,0.9887800216674804
mda,2019,0.988960027694702
mda,2020,0.9679499864578248
mdg,1971,0.7436400055885315
mdg,1972,0.7089999914169312
mdg,1974,0.7386199831962585
mdg,1975,0.782289981842041
mdg,1985,0.8027600049972534
mdg,1988,0.7928500175476074
mdg,1989,0.9671000242233276
mdg,1990,0.9797099828720092
mdg,1991,1.054350018501282
mdg,1994,1.029129981994629
mdg,1996,1.016260027885437
mdg,2000,0.9987800121307372
mdg,2001,1.038370013237
mdg,2002,0.994629979133606
mdg,2003,1.007609963417053
mdg,2004,0.973460018634796
mdg,2005,0.9890900254249572
mdg,2006,0.9822800159454346
mdg,2007,0.9972000122070312
mdg,2008,0.9877099990844728
mdg,2009,0.9819099903106688
mdg,2010,0.959243718649077
mdg,2011,0.9637832147113752
mdg,2012,0.9693946902206736
mdg,2013,0.97776997089386
mdg,2014,1.006588821380849
mdg,2015,1.009837420240524
mdg,2016,1.042388274697391
mdg,2017,1.286002518258732
mdg,2018,1.076954914504063
mdg,2019,1.073618710481478
mdg,2020,1.097091681784188
mdg,2021,1.069770642019834
mdg,2022,1.110491550004683
mdg,2023,1.096299510512701
mdg,2024,1.105257017290939
mdv,2005,1.239439964294434
mdv,2006,1.227220058441162
mdv,2007,1.282259941101074
mdv,2008,1.290369987487793
mdv,2010,1.139863754852701
mdv,2011,1.103614149382533
mdv,2012,1.231326948200829
mdv,2013,1.17156994342804
mdv,2014,1.138689424169546
mdv,2015,1.143500635767655
mdv,2016,1.158113362495722
mdv,2017,1.167870044708252
mdv,2018,1.119336090855471
mdv,2019,1.108115129973664
mdv,2022,1.120163410510267
mdv,2023,1.061067975365966
mex,1993,1.010679960250854
mex,1994,1.002210021018982
mex,1995,1.003759980201721
mex,1997,0.969630002975464
mex,2000,1.010849952697754
mex,2002,1.036730051040649
mex,2003,1.042909979820251
mex,2004,1.046560049057007
mex,2005,1.06043004989624
mex,2006,1.057639956474304
mex,2007,1.065989971160889
mex,2008,1.07354998588562
mex,2009,1.044579982757568
mex,2010,1.053580045700073
mex,2011,1.046929955482483
mex,2012,1.038210034370422
mex,2013,1.037979960441589
mex,2014,1.034299969673157
mex,2015,1.037289977073669
mex,2016,1.038450002670288
mex,2017,1.039250016212463
mex,2018,1.038509964942932
mex,2019,1.038059949874878
mex,2020,1.041120052337646
mex,2021,1.033849954605103
mex,2022,1.02744996547699
mhl,1999,1.08817994594574
mhl,2002,1.056689977645874
mhl,2007,0.9496999979019164
mhl,2008,1.065119981765747
mhl,2009,1.119250059127808
mhl,2011,1.018980026245117
mhl,2018,0.0
mhl,2019,1.088340044021606
mhl,2020,1.16483998298645
mhl,2021,1.102480053901672
mhl,2022,1.12785005569458
mkd,1995,0.9604300260543824
mkd,1996,0.925159990787506
mkd,1997,0.9203699827194214
mkd,1999,0.945330023765564
mkd,2000,0.9668999910354614
mkd,2001,0.9920899868011476
mkd,2002,1.003360033035278
mkd,2003,0.9797800183296204
mkd,2004,1.00288999080658
mkd,2005,0.999970018863678
mkd,2006,1.020470023155212
mkd,2007,0.9902099967002868
mkd,2008,1.005929946899414
mkd,2009,0.9848200082778932
mkd,2010,0.9868599772453308
mkd,2015,0.9996200203895568
mkd,2017,1.00220000743866
mkd,2018,1.001780033111572
mkd,2019,1.00846004486084
mkd,2020,0.9780700206756592
mkd,2021,0.9935500025749208
mkd,2022,0.9755600094795228
mli,1981,0.3725500106811523
mli,1982,0.392659991979599
mli,1984,0.3943600058555603
mli,1985,0.3811599910259247
mli,1987,0.4006600081920624
mli,1988,0.397570013999939
mli,2001,0.5308700203895569
mli,2002,0.5404499769210815
mli,2008,0.6303099989891052
mli,2009,0.6483299732208252
mli,2010,0.6625499725341797
mli,2011,0.6743199825286865
mli,2013,0.7809500098228455
mli,2014,0.7833099961280823
mli,2015,0.7952399849891663
mli,2016,0.7108200192451477
mli,2017,0.8242499828338623
mli,2023,0.9425200223922728
mlt,1971,1.24029004573822
mlt,1972,1.070060014724731
mlt,1973,1.058069944381714
mlt,1974,1.01570999622345
mlt,1975,1.333889961242676
mlt,1976,1.297129988670349
mlt,1977,1.314710021018982
mlt,1978,1.256420016288757
mlt,1979,1.250339984893799
mlt,1980,1.301570057868958
mlt,1981,0.9818999767303468
mlt,1982,1.072520017623901
mlt,1983,1.276280045509338
mlt,1984,1.310289978981018
mlt,1985,1.27567994594574
mlt,1986,1.337630033493042
mlt,1987,1.297070026397705
mlt,1988,1.259570002555847
mlt,1989,1.259510040283203
mlt,1990,1.287840008735657
mlt,1991,1.338320016860962
mlt,1992,1.306089997291565
mlt,1993,1.340950012207031
mlt,1994,1.325340032577515
mlt,1995,1.234609961509705
mlt,1996,1.63332998752594
mlt,1997,1.26147997379303
mlt,1998,1.29014003276825
mlt,1999,1.286790013313293
mlt,2000,1.194460034370422
mlt,2001,1.227810025215149
mlt,2002,1.065269947052002
mlt,2003,1.072610020637512
mlt,2004,0.9429900050163268
mlt,2005,1.040989995002747
mlt,2006,1.039829969406128
mlt,2007,0.9990000128746032
mlt,2008,1.01256000995636
mlt,2009,0.951200008392334
mlt,2010,0.9796599745750428
mlt,2011,1.022650003433228
mlt,2012,1.00108003616333
mlt,2013,1.012349963188171
mlt,2014,1.052889943122864
mlt,2015,1.06361997127533
mlt,2016,1.05594003200531
mlt,2017,1.04721999168396
mlt,2018,1.028149962425232
mlt,2019,1.017230033874512
mlt,2020,0.9902300238609314
mlt,2021,1.003690004348755
mlt,2022,0.992799997329712
mlt,2023,0.9928500056266784
mmr,1971,0.8135700225830078
mmr,1972,0.7815300226211548
mmr,1973,0.8087999820709229
mmr,1974,0.7521899938583374
mmr,1999,1.046650052070618
mmr,2000,1.054049968719482
mmr,2001,0.9554399847984314
mmr,2002,0.9505900144577026
mmr,2003,1.106019973754883
mmr,2004,0.8875200152397156
mmr,2005,0.973829984664917
mmr,2006,1.026469945907593
mmr,2007,1.067489981651306
mmr,2009,1.033689975738525
mmr,2010,1.089050054550171
mmr,2014,1.098389983177185
mmr,2016,1.134979963302612
mmr,2017,1.139219999313354
mmr,2018,1.126459956169128
mne,2011,1.010339975357056
mne,2012,1.017750024795532
mne,2015,1.004130005836487
mne,2016,1.008900046348572
mne,2017,0.993969976902008
mne,2018,1.003309965133667
mne,2019,1.026659965515137
mne,2020,0.9998300075531006
mne,2021,1.014359951019287
mne,2022,1.019240021705627
mne,2023,0.9974899888038636
mng,1995,1.313099980354309
mng,1996,1.276219964027405
mng,1997,1.234570026397705
mng,1999,1.220420002937317
mng,2000,1.205229997634888
mng,2001,1.191460013389587
mng,2002,1.143329977989197
mng,2003,1.109349966049194
mng,2004,1.093989968299866
mng,2005,1.080780029296875
mng,2006,1.079210042953491
mng,2007,1.077299952507019
mng,2008,1.049059987068176
mng,2009,1.091169953346252
mng,2010,1.043959975242615
mng,2018,1.031520281204149
mng,2019,1.066774159310583
mng,2020,1.071102927066497
mng,2021,1.046777053367275
mng,2022,1.064892573883781
mng,2023,1.032821183298344
moz,1983,0.4936400055885315
moz,1985,0.481550008058548
moz,1986,0.5026900172233582
moz,1990,0.5508000254631042
moz,1992,0.6305099725723267
moz,1993,0.6345300078392029
moz,1994,0.6329699754714966
moz,1995,0.6454899907112122
moz,1999,0.6293699741363525
moz,2000,0.6574299931526184
moz,2002,0.6485900282859802
moz,2004,0.7760300040245056
moz,2005,0.6761299967765808
moz,2006,0.6840599775314331
moz,2007,0.7123000025749207
moz,2008,0.7299299836158752
moz,2009,0.7826700210571289
moz,2010,0.8143200278282166
moz,2011,0.884880006313324
moz,2012,0.888189971446991
moz,2013,0.9514200091362
moz,2014,0.9352800250053406
moz,2015,0.960129976272583
moz,2017,1.005519986152649
moz,2019,1.014909982681274
moz,2020,0.940044194334911
moz,2022,0.9363499879837036
moz,2023,1.057338343716788
mrt,1978,0.1684300005435944
mrt,1979,0.1962299942970276
mrt,1980,0.2556799948215485
mrt,1981,0.2558999955654144
mrt,1989,0.461679995059967
mrt,1991,0.4652799963951111
mrt,1992,0.5633999705314636
mrt,1993,0.504289984703064
mrt,1994,0.5059000253677368
mrt,1995,0.6175500154495239
mrt,1999,0.733460009098053
mrt,2001,0.823419988155365
mrt,2002,0.7793599963188171
mrt,2003,0.7679799795150757
mrt,2004,0.7382400035858154
mrt,2005,0.894760012626648
mrt,2006,0.9080299735069276
mrt,2007,0.8472300171852112
mrt,2009,0.7883300185203552
mrt,2012,0.9876499772071838
mrt,2014,0.8716400265693665
mrt,2015,0.9105899930000304
mrt,2016,0.9148100018501282
mrt,2017,0.9289000034332277
mrt,2018,1.044180035591125
mrt,2019,0.910260021686554
msr,1999,1.26691997051239
msr,2001,1.291120052337646
msr,2004,1.037039995193481
msr,2005,0.9884799718856812
msr,2006,0.8468800187110901
msr,2007,1.248049974441528
msr,2009,1.171049952507019
msr,2019,0.7115399837493896
mus,1973,0.7868599891662598
mus,1974,0.8722000122070312
mus,1975,0.8774600028991699
mus,1976,0.92044997215271
mus,1977,1.011790037155151
mus,1978,1.027070045471191
mus,1979,0.9964600205421448
mus,1981,1.027609944343567
mus,1982,1.066570043563843
mus,1991,1.140300035476685
mus,1992,1.139479994773865
mus,1993,1.082540035247803
mus,1994,1.116979956626892
mus,1995,1.137779951095581
mus,1996,1.115079998970032
mus,1997,1.153689980506897
mus,1998,1.10863995552063
mus,1999,1.123000025749207
mus,2000,1.095849990844727
mus,2001,1.083559989929199
mus,2002,1.101590037345886
mus,2003,1.095440030097961
mus,2004,1.137470006942749
mus,2005,1.112329959869385
mus,2006,1.141639947891235
mus,2007,1.080819964408875
mus,2008,1.083950042724609
mus,2009,1.107509970664978
mus,2010,1.115090012550354
mus,2011,1.067139983177185
mus,2012,1.096549987792969
mus,2013,1.093690037727356
mus,2014,1.116199970245361
mus,2015,1.128919959068298
mus,2016,1.085860013961792
mus,2017,1.098880052566528
mus,2018,1.132339954376221
mus,2019,1.065459966659546
mus,2020,0.9890628735854864
mus,2021,0.9406200051307678
mus,2023,0.922439992427826
mwi,1974,0.3615399897098541
mwi,1975,0.3451800048351288
mwi,1976,0.3494099974632263
mwi,1977,0.3465699851512909
mwi,1978,0.3292700052261353
mwi,1979,0.384229987859726
mwi,1980,0.3321200013160706
mwi,1981,0.3396500051021576
mwi,1982,0.3558300137519836
mwi,1983,0.3714799880981445
mwi,1984,0.3862499892711639
mwi,1985,0.4174999892711639
mwi,1986,0.4263300001621246
mwi,1987,0.4484800100326538
mwi,1988,0.4571200013160706
mwi,1989,0.4897800087928772
mwi,1990,0.5117700099945068
mwi,1991,0.5764200091362
mwi,1992,0.7458099722862244
mwi,1993,0.5741199851036072
mwi,1994,0.6425099968910217
mwi,1995,0.6121900081634521
mwi,1996,0.6380400061607361
mwi,1999,0.6382899880409241
mwi,2005,0.6937500238418579
mwi,2006,0.8208600282669067
mwi,2007,0.7463200092315674
mwi,2008,0.7372900247573853
mwi,2009,0.8040300011634827
mwi,2010,0.8249608046112017
mwi,2011,0.8095055053385894
mwi,2012,0.8638186284822201
mwi,2013,0.86560328101088
mwi,2014,0.885430186376235
mwi,2015,0.879990491400383
mwi,2018,0.909889855237532
mwi,2021,0.9563938078703554
mwi,2022,0.9570044047644696
mys,1998,1.105589985847473
mys,1999,1.066439986228943
mys,2000,1.099699974060059
mys,2001,1.064229965209961
mys,2002,1.087550044059753
mys,2003,1.13126003742218
mys,2004,1.121410012245178
mys,2005,1.076089978218079
mys,2006,1.065709948539734
mys,2007,1.061650037765503
mys,2008,1.06633996963501
mys,2009,1.073760032653809
mys,2010,1.074419975280762
mys,2011,1.080407349677589
mys,2012,1.08545896132969
mys,2013,1.075018002856854
mys,2014,1.096717430261353
mys,2015,1.127066233371709
mys,2016,1.101897817922977
mys,2017,1.099360517050516
mys,2018,1.098217995615528
mys,2019,1.100610712604864
mys,2020,1.091283910301014
mys,2021,1.060722085916144
mys,2022,1.060193973723507
mys,2023,1.058019816889895
nam,1992,1.171990036964417
nam,1998,1.083770036697388
nam,1999,1.067589998245239
nam,2000,1.050289988517761
nam,2005,1.068549990653992
nam,2006,1.096269965171814
nam,2008,1.131700038909912
nam,2009,1.108800053596497
nam,2010,1.112849950790405
nam,2012,1.083250045776367
nam,2013,1.085880041122437
nam,2017,1.105769991874695
nam,2021,1.109501724314659
ncl,1988,1.212129950523376
ncl,1989,1.263960003852844
ncl,1990,1.156839966773987
ner,1971,0.3000800013542175
ner,1972,0.2672599852085114
ner,1973,0.3607200086116791
ner,1974,0.3846800029277802
ner,1975,0.3370600044727325
ner,1976,0.4021199941635132
ner,1977,0.3635500073432922
ner,1978,0.3668099939823151
ner,1979,0.4192900061607361
ner,1981,0.4158999919891357
ner,1989,0.4028300046920776
ner,1990,0.461899995803833
ner,1991,0.4035800099372864
ner,1992,0.4255000054836273
ner,1997,0.581279993057251
ner,2000,0.7666599750518799
ner,2001,0.7409700155258179
ner,2002,0.7483400106430054
ner,2003,0.6011599898338318
ner,2004,0.7693399786949158
ner,2005,0.7652699947357178
ner,2006,0.7404199838638306
ner,2007,0.7597699761390686
ner,2008,0.749210000038147
ner,2009,0.7151899933815002
ner,2010,0.7203699946403503
ner,2011,0.7112900018692017
ner,2012,0.702459990978241
ner,2013,0.6990200281143188
ner,2014,0.6973999738693237
ner,2015,0.7335399985313416
ner,2016,0.770550012588501
ner,2017,0.7551800012588501
ner,2018,0.7897400259971619
ner,2019,0.808899998664856
ner,2021,0.8681300282478333
ner,2022,0.9504299759864808
ner,2023,0.9526299834251404
nga,2000,0.8032299876213074
nga,2001,0.8361300230026245
nga,2003,0.8222100138664246
nga,2010,0.8700500130653381
nic,1987,1.443210005760193
nic,1988,1.479550004005432
nic,1993,1.105999946594238
nic,1994,1.12211000919342
nic,1995,1.190520048141479
nic,1999,1.193920016288757
nic,2000,1.167019963264465
nic,2001,1.166730046272278
nic,2002,1.16280996799469
nic,2004,1.15582001209259
nic,2005,1.148640036582947
nic,2006,1.169589996337891
nic,2007,1.142439961433411
nic,2008,1.17333996295929
nic,2010,1.148959994316101
niu,2015,1.083330035209656
niu,2021,0.8928599953651428
niu,2022,0.6363599896430969
nld,1971,1.010710000991821
nld,1972,1.017529964447021
nld,1973,1.065510034561157
nld,1974,1.088250041007996
nld,1975,1.094820022583008
nld,1976,1.112910032272339
nld,1977,1.103950023651123
nld,1978,1.129709959030151
nld,1979,1.137330055236816
nld,1980,1.147420048713684
nld,1981,1.170349955558777
nld,1982,1.180439949035645
nld,1983,1.172559976577759
nld,1984,1.190260052680969
nld,1985,1.191089987754822
nld,1986,1.17929995059967
nld,1987,1.171090006828308
nld,1988,1.161409974098206
nld,1989,1.154150009155273
nld,1990,1.156069993972778
nld,1991,1.163140058517456
nld,1992,1.137400031089783
nld,1999,0.948140025138855
nld,2013,0.0
nld,2014,0.0
nld,2015,0.0
nld,2016,0.0
nld,2017,0.0
nld,2018,0.0
nld,2019,0.0
nor,1998,1.007120013237
nor,1999,0.9998199939727784
nor,2000,1.010169982910156
nor,2001,1.005390048027039
nor,2002,1.007750034332275
nor,2003,1.004979968070984
nor,2004,1.009340047836304
nor,2005,1.010890007019043
nor,2006,1.001240015029907
nor,2007,1.002730011940002
nor,2008,0.9979299902915956
nor,2009,1.000370025634766
nor,2010,1.001350045204163
nor,2011,1.000100016593933
nor,2012,1.018290042877197
nor,2013,0.9975299835205078
nor,2014,0.9999499917030334
nor,2015,1.000309944152832
nor,2016,0.9960799813270568
nor,2017,0.9951000213623048
nor,2018,0.991159975528717
nor,2019,0.9983999729156494
nor,2020,0.9979100227355956
nor,2021,0.9982900023460388
nor,2022,0.9989699721336364
nor,2023,0.9995099902153016
npl,1992,0.5206199884414673
npl,1999,0.6776900291442871
npl,2000,0.7029100060462952
npl,2001,0.6682100296020508
npl,2002,0.7250199913978577
npl,2003,0.7687000036239624
npl,2008,0.9135000109672546
npl,2010,0.9920499920845032
npl,2011,1.010249972343445
npl,2012,1.033980011940002
npl,2013,1.057289958000183
npl,2014,1.068699955940247
npl,2015,1.084789991378784
npl,2016,1.087520003318787
npl,2017,1.070756022363723
npl,2019,1.070950031280518
npl,2020,1.037150025367737
npl,2021,1.035172879044883
npl,2022,1.006175522085632
npl,2023,1.004002577493949
npl,2024,1.013395066307551
nru,1998,1.363639950752258
nru,2001,0.8847799897193909
nru,2002,1.075000047683716
nru,2012,0.7631099820137024
nru,2019,1.273210048675537
nru,2020,1.332990050315857
nru,2022,1.042739987373352
nru,2023,0.9808300137519836
omn,1974,0.3792000114917755
omn,1976,0.2333499938249588
omn,1978,0.1740300059318542
omn,1979,0.3514800071716309
omn,1983,0.3602199852466583
omn,1984,0.4425700008869171
omn,1985,0.4715799987316132
omn,1986,0.5697399973869324
omn,1987,0.666100025177002
omn,1988,0.7079499959945679
omn,1989,0.8027899861335754
omn,1990,0.8500499725341797
omn,1992,1.067149996757507
omn,1994,1.151440024375916
omn,1995,1.119709968566895
omn,1996,1.136430025100708
omn,1997,1.167619943618774
omn,2000,1.116999983787537
omn,2001,1.033159971237183
omn,2002,0.9962499737739564
omn,2003,0.9778900146484376
omn,2009,0.9448800086975098
omn,2011,1.024180054664612
omn,2012,1.033489942550659
omn,2013,1.087499976158142
omn,2014,1.03600001335144
omn,2015,1.046839952468872
omn,2016,1.028419971466064
omn,2017,1.045469999313354
omn,2018,1.032719969749451
omn,2019,1.029270052909851
omn,2020,1.014870047569275
omn,2021,1.008399963378906
omn,2022,0.9822900295257568
pak,2004,0.7136600017547607
pak,2005,0.730970025062561
pak,2008,0.792169988155365
pak,2009,0.7892900109291077
pak,2010,0.7814800143241882
pak,2011,0.7919600009918213
pak,2012,0.8029099702835083
pak,2013,0.797950029373169
pak,2014,0.8197399973869324
pak,2015,0.817870020866394
pak,2016,0.8182700276374817
pak,2017,0.8399199843406677
pak,2018,0.8510100245475769
pak,2019,0.8629299998283386
pak,2021,0.8646240888703319
pak,2022,0.8840531406776369
pan,2004,1.119680047035217
pan,2005,1.132990002632141
pan,2006,1.105800032615662
pan,2007,1.115520000457764
pan,2008,1.11503005027771
pan,2009,1.122779965400696
pan,2010,1.11231005191803
pan,2011,1.133440017700195
pan,2012,1.108119964599609
pan,2017,1.08774995803833
pan,2019,1.087129950523376
pan,2020,1.076529979705811
pan,2021,1.021669983863831
pan,2022,0.989329993724823
pan,2023,1.049160003662109
per,1970,0.7663599848747253
per,1977,0.8085799813270569
per,1978,0.7462800145149231
per,1979,0.7710300087928772
per,1980,0.8849700093269348
per,1981,0.8628600239753723
per,1995,0.94854998588562
per,2000,0.9543799757957458
per,2001,0.9508699774742126
per,2002,0.9488800168037416
per,2004,0.9540200233459472
per,2005,0.9614700078964232
per,2006,0.9829300045967102
per,2008,0.9755200147628784
per,2009,0.9711499810218812
per,2010,0.9818599820137024
per,2011,0.9819099903106688
per,2012,0.9690600037574768
per,2013,0.9989500045776368
per,2014,0.9914399981498718
per,2015,0.9897500276565552
per,2016,0.9899500012397766
per,2017,1.000880002975464
per,2018,1.009039998054504
per,2019,1.007570028305054
per,2021,0.98198002576828
per,2022,0.9772199988365172
per,2023,1.00177001953125
phl,1998,1.148599982261658
phl,1999,1.152130007743835
phl,2001,1.145529985427856
phl,2002,1.1597900390625
phl,2003,1.166110038757324
phl,2004,1.177010059356689
phl,2005,1.155550003051758
phl,2006,1.183650016784668
phl,2007,1.176759958267212
phl,2008,1.166589975357056
phl,2009,1.148110032081604
phl,2014,1.119078802012826
phl,2017,1.139970970586704
phl,2018,1.115692178582993
phl,2019,1.10252037955874
phl,2020,1.100267897519413
phl,2021,1.102313830223334
phl,2022,1.037549808258933
phl,2023,1.001438045408074
plw,2014,1.003506721215663
plw,2021,1.084615384615385
plw,2022,0.9083333333333332
plw,2023,1.17481546905558
png,1998,0.8131499886512756
png,2012,0.911679983139038
png,2018,0.7883899807929993
pol,1970,0.0
pol,1978,0.0
pol,1988,0.0
pol,2013,0.9914199709892272
pol,2014,0.9942399859428406
pol,2015,0.9910600185394288
pol,2016,0.9954800009727478
pol,2017,0.9989699721336364
pol,2018,1.010599970817566
pol,2019,1.014240026473999
pol,2022,1.031769990921021
pol,2023,1.019989967346191
pri,2015,1.055870056152344
pri,2023,1.000370025634766
prt,1972,1.046560049057007
prt,1973,1.098440051078796
prt,1974,1.094059944152832
prt,1975,1.174139976501465
prt,1976,1.174849987030029
prt,1977,1.204049944877625
prt,1978,1.126060009002686
prt,1985,1.222100019454956
prt,1986,1.179290056228638
prt,1991,1.184329986572266
prt,2018,1.059640049934387
prt,2019,1.050400018692017
prt,2020,1.032410025596619
prt,2021,1.002910017967224
prt,2022,1.023790001869202
pry,2001,1.053449988365173
pry,2002,1.050420045852661
pry,2003,1.036030054092407
pry,2004,1.047510027885437
pry,2005,1.072350025177002
pry,2007,1.058349967002869
pry,2008,1.0764399766922
pry,2009,1.064059972763062
pry,2010,1.072970032691956
pry,2011,1.075780034065247
pry,2012,1.08817994594574
pry,2016,1.061789989471436
pry,2020,1.081640005111694
pry,2021,1.077020049095154
pry,2022,1.050609946250916
pry,2023,1.033689975738525
pse,1999,1.077020049095154
pse,2000,1.131919980049133
pse,2001,1.148069977760315
pse,2002,1.118849992752075
pse,2003,1.090980052947998
pse,2004,1.08244001865387
pse,2006,1.095139980316162
pse,2007,1.096750020980835
pse,2008,1.106709957122803
pse,2009,1.096750020980835
pse,2010,1.094449996948242
pse,2011,1.11214005947113
pse,2012,1.112120032310486
pse,2013,1.134479999542236
pse,2014,1.132799983024597
pse,2015,1.125120043754578
pse,2016,1.111629962921143
pse,2017,1.085360050201416
pse,2018,1.045549988746643
pse,2019,1.031479954719543
pse,2020,1.050050020217896
pse,2021,1.034620046615601
pse,2022,1.035979986190796
pse,2023,1.0555499792099
pyf,1993,1.328480005264282
qat,1971,0.8602200150489807
qat,1972,1.276170015335083
qat,1973,1.305999994277954
qat,1974,1.386489987373352
qat,1975,1.538179993629456
qat,1976,1.579259991645813
qat,1977,1.517289996147156
qat,1978,1.558449983596802
qat,1979,1.521679997444153
qat,1980,1.331699967384338
qat,1981,1.48173999786377
qat,1982,1.37267005443573
qat,1983,1.306460022926331
qat,1984,1.32518994808197
qat,1985,1.346050024032593
qat,1986,1.400269985198975
qat,1987,1.399389982223511
qat,1988,1.43491005897522
qat,1989,1.431419968605042
qat,1990,1.37296998500824
qat,1991,1.368549942970276
qat,1992,1.372519969940186
qat,1993,1.295519948005676
qat,1994,1.231690049171448
qat,1995,1.235229969024658
qat,1996,1.12539005279541
qat,2005,1.191009998321533
qat,2006,1.146749973297119
qat,2007,1.151849985122681
qat,2008,1.067119956016541
qat,2009,1.010319948196411
qat,2011,0.9708799719810486
qat,2013,0.8724600076675415
qat,2014,1.022500038146973
qat,2015,0.99125999212265
qat,2016,1.138090014457703
qat,2017,1.009009957313538
qat,2018,0.995039999485016
qat,2019,1.021080017089844
qat,2020,1.043699979782104
qat,2021,1.025519967079163
qat,2022,0.989180028438568
rou,1993,1.038290023803711
rou,1999,1.010329961776733
rou,2001,1.033789992332458
rou,2002,1.031180024147034
rou,2003,1.027469992637634
rou,2004,1.02973997592926
rou,2005,1.016909956932068
rou,2006,1.008020043373108
rou,2007,1.011190056800842
rou,2008,1.014619946479797
rou,2009,1.022070050239563
rou,2010,1.012330055236816
rou,2011,1.018640041351318
rou,2012,0.9944900274276732
rou,2013,0.998740017414093
rou,2014,1.012639999389648
rou,2015,1.010249972343445
rou,2016,1.012549996376038
rou,2017,1.014729976654053
rou,2018,1.010470032691956
rou,2019,1.007799983024597
rou,2020,1.015779972076416
rou,2021,0.9512500166893004
rou,2022,1.008679986000061
rou,2023,1.005900025367737
rus,1994,1.094889998435974
rus,2014,1.017040014266968
rus,2015,1.023589968681335
rus,2016,1.05305004119873
rus,2018,1.005069971084595
rus,2019,0.9922699928283693
rwa,1973,0.5458300113677979
rwa,1974,0.590149998664856
rwa,1975,0.6049000024795532
rwa,1976,0.5228800177574158
rwa,1977,0.5596799850463867
rwa,1978,0.4869599938392639
rwa,1986,0.3128899931907654
rwa,1987,0.2809999883174896
rwa,2012,1.089460015296936
rwa,2014,1.103350043296814
rwa,2015,1.087120056152344
rwa,2016,1.098620057106018
rwa,2017,1.096379995346069
rwa,2018,1.112040042877197
rwa,2019,1.144279956817627
rwa,2021,1.150359988212585
rwa,2022,1.173650026321411
rwa,2023,1.19199001789093
sau,1979,0.5850300192832947
sau,2005,1.244590044021606
sau,2007,1.228099942207336
sau,2008,1.207030057907104
sau,2010,1.14316999912262
sau,2011,1.145439982414246
sau,2016,1.068289995193481
sau,2017,1.054049968719482
sau,2018,1.054649949073792
sau,2019,1.018769979476929
sau,2020,1.021929979324341
sau,2021,1.016000032424927
sau,2022,0.9976999759674072
sdn,2010,0.8207100033760071
sdn,2013,0.8925099968910217
sdn,2014,0.9008700251579284
sdn,2015,0.9253399968147278
sdn,2016,0.9570099711418152
sdn,2018,0.9780899882316588
sdn,2019,1.049219965934753
sen,1973,0.3906599879264832
sen,1990,0.5278400182723999
sen,1992,0.506659984588623
sen,1996,0.594730019569397
sen,1997,0.609790027141571
sen,2000,0.6569899916648865
sen,2001,0.6758599877357483
sen,2002,0.680429995059967
sen,2003,0.7317500114440918
sen,2004,0.7422800064086914
sen,2005,0.792169988155365
sen,2006,0.7594199776649475
sen,2007,0.7749699950218201
sen,2008,0.7837600111961365
sen,2009,0.8083599805831909
sen,2010,0.8565499782562256
sen,2011,0.8568599820137024
sen,2012,0.9175500273704528
sen,2013,0.9278299808502196
sen,2014,0.9899799823760986
sen,2015,1.036960005760193
sen,2019,1.182080030441284
sen,2021,1.218240022659302
sen,2022,1.234089970588684
sen,2023,1.276239991188049
sgp,2016,0.95974999666214
sgp,2017,0.9901099801063538
sgp,2018,0.9904299974441528
sgp,2019,0.9993000030517578
sgp,2020,1.005480051040649
sgp,2021,0.9910100102424622
sgp,2022,1.011919975280762
slb,1980,0.519760012626648
slb,2000,0.7341399788856506
slb,2002,0.7748200297355652
slb,2011,0.9697318531415702
slb,2012,0.9861789485557404
slb,2017,1.015027711859938
slb,2018,1.030469543875821
slb,2019,1.035068687976947
slb,2023,1.068414272335067
sle,1971,0.3070699870586395
sle,1972,0.3172900080680847
sle,1973,0.3287299871444702
sle,1974,0.3161199986934662
sle,1978,0.3816199898719788
sle,1979,0.420769989490509
sle,2001,0.7159299850463867
sle,2011,0.7373499870300293
sle,2012,0.8341867961847228
sle,2013,0.8501234489393156
sle,2015,0.915674172826788
sle,2016,0.9350147242829298
sle,2017,1.006497138845192
sle,2018,0.9795548092281352
sle,2021,1.320405110833218
slv,1970,0.7642499804496765
slv,1971,0.7454800009727478
slv,1972,0.7895900011062622
slv,1973,0.8479999899864197
slv,1974,0.8767899870872498
slv,1976,0.926580011844635
slv,1977,0.9228699803352356
slv,1981,1.091670036315918
slv,1982,1.064550042152405
slv,1983,1.037729978561401
slv,1984,1.042050004005432
slv,1987,1.278810024261475
slv,1988,1.126760005950928
slv,1989,1.062540054321289
slv,1991,1.109349966049194
slv,1992,1.10001003742218
slv,1993,1.099249958992004
slv,1995,1.041890025138855
slv,1996,1.030259966850281
slv,2001,0.9726099967956544
slv,2002,0.9632499814033508
slv,2003,0.9739699959754944
slv,2005,1.016630053520203
slv,2006,1.048499941825867
slv,2007,1.070469975471497
slv,2008,1.050969958305359
slv,2009,1.024410009384155
slv,2010,1.05188000202179
slv,2011,1.036049962043762
slv,2012,1.054419994354248
slv,2013,1.054139971733093
slv,2014,1.067909955978394
slv,2015,1.053599953651428
slv,2016,1.053990006446838
slv,2017,1.04804003238678
slv,2018,1.021389961242676
slv,2020,1.062319993972778
slv,2021,1.069200038909912
slv,2022,1.113119959831238
slv,2023,1.104570031166077
smr,2000,1.08036994934082
smr,2004,0.9746800065040588
smr,2008,1.040830016136169
smr,2009,1.001880049705505
smr,2010,1.035159945487976
smr,2011,0.9567999839782716
smr,2012,1.026679992675781
smr,2018,1.050279974937439
smr,2019,0.971310019493103
smr,2020,1.062510013580322
smr,2021,1.025840044021606
smr,2022,0.9921900033950806
smr,2023,1.014060020446777
srb,2007,1.016520023345947
srb,2008,1.008399963378906
srb,2009,1.017279982566833
srb,2010,1.009580016136169
srb,2011,1.008010029792786
srb,2012,1.012879967689514
srb,2013,1.023429989814758
srb,2014,1.000540018081665
srb,2015,1.003810048103333
srb,2016,1.007660031318665
srb,2017,1.002879977226257
srb,2018,1.003499984741211
srb,2019,0.9897000193595886
srb,2020,0.9922199845314026
srb,2021,1.00820004940033
srb,2022,1.011749982833862
ssd,2011,0.5531700253486633
stp,1977,1.372740030288696
stp,1978,0.7903299927711487
stp,1988,0.7068600058555603
stp,2003,1.310070037841797
stp,2004,1.150859951972961
stp,2005,1.086789965629578
stp,2007,1.031929969787598
stp,2008,1.045680046081543
stp,2010,0.9505299925804138
stp,2011,1.21983003616333
stp,2012,1.055753174544921
stp,2013,1.164499998092651
stp,2014,1.134349942207336
stp,2015,1.087980031967163
stp,2017,1.131899952888489
stp,2018,1.149810285880097
stp,2019,1.114511173569349
sur,1976,1.207579970359802
sur,1977,1.237890005111694
sur,1978,1.210829973220825
sur,1985,1.285709977149963
sur,2007,1.433949947357178
sur,2008,1.452950000762939
sur,2009,1.52564001083374
sur,2010,1.434280037879944
sur,2011,1.375110030174255
sur,2012,1.442909955978394
sur,2013,1.45576000213623
sur,2014,1.46809995174408
sur,2015,1.448320031166077
sur,2016,1.434720039367676
sur,2017,1.46740996837616
sur,2018,1.43815004825592
sur,2019,1.471250057220459
sur,2020,1.433670043945313
sur,2021,1.403229951858521
svk,1993,1.021749973297119
svk,1994,1.040300011634827
svk,1997,1.034240007400513
svk,2004,0.9937899708747864
svk,2005,1.007719993591309
svk,2006,1.001070022583008
svk,2007,0.9963200092315674
svk,2008,0.9979400038719176
svk,2009,0.9866499900817872
svk,2010,1.011980056762695
svk,2011,1.005589962005615
svk,2012,1.0139000415802
svk,2013,0.9830300211906432
svk,2014,0.9866499900817872
svk,2015,0.9940500259399414
svk,2016,0.9876099824905396
svk,2017,0.9967899918556212
svk,2018,0.9819499850273132
svk,2019,0.9971699714660645
svk,2020,0.9723299741744996
svk,2021,0.9847599864006042
svk,2022,0.98444002866745
svk,2023,0.9901900291442872
svn,1999,1.029389977455139
svn,2000,1.027830004692078
svn,2002,1.005429983139038
svn,2003,1.03534996509552
svn,2006,0.9987000226974488
svn,2009,0.9916099905967712
svn,2010,0.9831299781799316
svn,2011,1.001039981842041
svn,2012,0.9865999817848206
svn,2013,1.022940039634705
svn,2014,1.01364004611969
svn,2015,1.027359962463379
svn,2016,1.025149941444397
svn,2017,1.012639999389648
svn,2018,1.031990051269531
svn,2019,1.018530011177063
svn,2020,1.014129996299744
svn,2021,1.027590036392212
svn,2022,1.017230033874512
svn,2023,1.031329989433289
swe,2009,0.993149995803833
swe,2010,0.9949600100517272
swe,2011,0.9900500178337096
swe,2012,0.993340015411377
swe,2013,0.993910014629364
swe,2014,0.9957900047302246
swe,2015,0.9924799799919128
swe,2016,0.9677900075912476
swe,2017,0.9382500052452089
swe,2018,0.9726999998092652
swe,2019,0.995039999485016
swe,2020,0.997409999370575
swe,2021,0.9978399872779846
swe,2022,0.9950799942016602
swe,2023,0.9997400045394896
swz,1970,0.648419976234436
swz,1971,0.6882299780845642
swz,1972,0.701259970664978
swz,1973,0.7132999897003174
swz,1974,0.656279981136322
swz,1975,0.7104899883270264
swz,1976,0.7231199741363525
swz,1977,0.7648800015449524
swz,1978,0.8549100160598755
swz,1979,0.8397499918937683
swz,1980,0.8556399941444397
swz,1981,0.8644099831581116
swz,1982,0.9048500061035156
swz,1983,0.9328699707984924
swz,1984,0.8502200245857239
swz,1985,0.8492799997329712
swz,1986,0.9211500287055968
swz,1987,0.8945099711418152
swz,1988,0.905019998550415
swz,1989,0.9982100129127502
swz,1990,0.9001500010490417
swz,1991,0.9165800213813782
swz,1992,0.9793699979782104
swz,1993,0.97393000125885
swz,1994,0.9649900197982788
swz,1995,0.993250012397766
swz,1998,0.9798799753189088
swz,1999,0.9429600238800048
swz,2000,0.9281799793243408
swz,2001,1.149289965629578
swz,2002,0.9160900115966796
swz,2003,1.024410009384155
swz,2004,0.8687700033187866
swz,2005,0.9171800017356871
swz,2006,0.9211300015449524
swz,2007,0.8944799900054932
swz,2009,0.9419900178909302
swz,2010,0.9293100237846376
swz,2011,0.8154100179672241
swz,2012,0.953719973564148
swz,2013,1.011510014533997
swz,2014,0.9866700172424316
swz,2015,0.8694300055503845
swz,2016,1.037729978561401
swz,2017,1.045650005340576
swz,2019,1.016749978065491
syc,1970,1.427590012550354
syc,1971,1.244040012359619
syc,1972,1.181529998779297
syc,1973,1.408130049705505
syc,1974,1.277940034866333
syc,1977,1.345890045166016
syc,1978,1.394180059432983
syc,1980,1.277269959449768
syc,1981,1.136170029640198
syc,1982,1.09867000579834
syc,1983,1.070309996604919
syc,1988,1.057369947433472
syc,1989,0.9854599833488464
syc,1992,1.025460004806519
syc,1993,1.052070021629333
syc,1994,1.093559980392456
syc,1998,1.0902099609375
syc,1999,1.101160049438477
syc,2000,0.9345200061798096
syc,2001,1.061980009078979
syc,2002,1.002519965171814
syc,2003,1.023309946060181
syc,2005,1.008550047874451
syc,2007,1.091060042381287
syc,2008,1.130450010299683
syc,2009,1.057989954948425
syc,2010,0.994700014591217
syc,2011,1.018280029296875
syc,2012,0.957335942420825
syc,2013,1.070940017700195
syc,2014,1.071699976921082
syc,2015,0.9021400213241576
syc,2016,1.004410028457642
syc,2017,1.085710048675537
syc,2018,0.6980900168418884
syc,2019,1.032899975776672
syc,2020,1.171720027923584
syc,2021,0.9984899759292604
syc,2022,0.986270010471344
syc,2023,0.9592599868774414
syr,1971,0.4061500132083893
syr,1972,0.4093300104141235
syr,1973,0.3333399891853333
syr,1974,0.4437099993228912
syr,1975,0.4800699949264526
syr,1977,0.5613700151443481
syr,1978,0.5626299977302551
syr,1979,0.579479992389679
syr,1980,0.6188300251960754
syr,1981,0.6371899843215942
syr,1982,0.638729989528656
syr,1983,0.6653800010681152
syr,1984,0.6837800145149231
syr,1985,0.7161399722099304
syr,1986,0.7321000099182129
syr,1987,0.737089991569519
syr,1988,0.7552599906921387
syr,1989,0.7586399912834167
syr,1990,0.7788800001144409
syr,1991,0.7730299830436707
syr,1992,0.8105700016021729
syr,1993,0.8588399887084961
syr,1994,0.8662899732589722
syr,1999,0.9669899940490724
syr,2000,0.951610028743744
syr,2001,0.9369800090789796
syr,2002,0.9605500102043152
syr,2003,0.9662399888038636
syr,2004,0.9644799828529358
syr,2005,0.9811000227928162
syr,2006,1.003469944000244
syr,2007,1.028990030288696
syr,2008,1.047629952430725
syr,2009,1.060130000114441
syr,2010,1.060449957847595
syr,2011,1.064039945602417
syr,2012,1.044989943504333
syr,2013,1.009600043296814
syr,2020,1.137269973754883
syr,2021,1.101760029792786
syr,2022,1.150030016899109
syr,2023,1.15421998500824
syr,2024,1.165500044822693
tca,1997,0.9167299866676332
tca,2000,0.9573000073432922
tca,2001,1.199579954147339
tca,2002,1.240319967269897
tca,2003,1.039530038833618
tca,2004,0.9047099947929382
tca,2005,0.8925399780273438
tca,2009,0.8662199974060059
tca,2014,0.9551399946212769
tca,2015,0.84552001953125
tca,2018,0.699180006980896
tca,2021,0.7933800220489502
tca,2022,0.7752799987792969
tcd,1988,0.1987899988889694
tcd,1989,0.2016800045967102
tcd,1990,0.1950599998235703
tcd,1991,0.1908099949359894
tcd,1994,0.1985300034284592
tcd,1995,0.2133499979972839
tcd,1996,0.2246499955654144
tcd,2000,0.2705599963665009
tcd,2002,0.3210799992084503
tcd,2003,0.299890011548996
tcd,2004,0.2972599864006042
tcd,2006,0.325410008430481
tcd,2009,0.3853999972343445
tcd,2010,0.3892599940299988
tcd,2011,0.4088599979877472
tcd,2012,0.4138000011444092
tcd,2013,0.428380012512207
tcd,2015,0.4190700054168701
tcd,2016,0.4024800062179565
tcd,2017,0.4835200011730194
tcd,2018,0.5021799802780151
tcd,2021,0.5832099914550781
tgo,1974,0.2598499953746796
tgo,1975,0.2356400042772293
tgo,1976,0.2402099967002869
tgo,1977,0.2356600016355515
tgo,1978,0.2481700032949448
tgo,1979,0.2621400058269501
tgo,1980,0.2446999996900558
tgo,1981,0.2561199963092804
tgo,1982,0.2713800072669983
tgo,1983,0.2777400016784668
tgo,1984,0.2597100138664246
tgo,1985,0.2678099870681763
tgo,1986,0.2686800062656403
tgo,1987,0.267190009355545
tgo,1988,0.2641600072383881
tgo,1989,0.275739997625351
tgo,1990,0.3025799989700317
tgo,1991,0.3135600090026855
tgo,1992,0.2806499898433685
tgo,1994,0.3288800120353699
tgo,1995,0.3598600029945374
tgo,1996,0.3423900008201599
tgo,1999,0.382889986038208
tgo,2000,0.4333699941635132
tgo,2001,0.4556599855422974
tgo,2002,0.4562700092792511
tgo,2003,0.4813899993896484
tgo,2004,0.5022100210189819
tgo,2005,0.5156599879264832
tgo,2006,0.5328800082206726
tgo,2007,0.5082600116729736
tgo,2008,0.5211799740791321
tgo,2010,0.5385400056838989
tgo,2011,0.5743399858474731
tgo,2013,0.6186500191688538
tgo,2014,0.6348900198936462
tgo,2015,0.6611700057983398
tgo,2016,0.6911699771881104
tgo,2017,0.7244099974632263
tgo,2018,0.762179970741272
tgo,2019,0.8108199834823608
tgo,2020,0.824209988117218
tgo,2021,0.825219988822937
tgo,2022,0.8972399830818176
tgo,2023,0.9045299887657166
tha,1975,0.7548199892044067
tha,1976,0.7825899720191956
tha,1977,0.8130099773406982
tha,1978,0.8388500213623047
tha,2015,1.010800004005432
tha,2016,1.076910018920898
tha,2017,1.072759985923767
tha,2018,1.077489972114563
tha,2020,1.09254002571106
tjk,2009,0.8083999752998352
tjk,2010,0.8140000104904175
tjk,2011,0.8134899735450745
tjk,2012,0.8183599710464478
tjk,2014,0.8484200239181519
tjk,2015,0.8626400232315063
tjk,2016,0.9095900058746338
tjk,2017,0.8977599740028381
tkl,2000,1.136510014533997
tkl,2001,1.307360053062439
tkl,2002,1.272729992866516
tkl,2003,1.0
tkl,2018,0.0
tkl,2019,0.5626599788665771
tkl,2020,1.026090025901794
tkl,2023,0.0
tkl,2024,0.0
tkm,2024,0.0
tls,2008,1.022930026054382
tls,2009,1.02606999874115
tls,2010,1.052963483502916
tls,2011,1.045982142633758
tls,2012,1.065120124932473
tls,2013,1.0576309101232
tls,2016,1.103948801138988
tls,2017,1.104548450489359
tls,2018,1.146697242324365
tls,2019,1.119033089813842
tls,2020,1.085172635028706
ton,1982,1.003520011901855
ton,1983,0.9159799814224244
ton,1984,1.140089988708496
ton,1985,1.271420001983643
ton,1993,0.942300021648407
ton,1999,1.122290015220642
ton,2001,1.271559953689575
ton,2003,1.24110996723175
ton,2004,0.944249987602234
ton,2020,1.280500996491607
ton,2022,1.121196357858912
ton,2023,1.111072652618005
ton,2024,0.0
tto,1971,1.161790013313293
tto,1972,1.133129954338074
tto,1985,1.015220046043396
tto,1988,1.012369990348816
tto,1993,1.039600014686584
tto,1997,1.062659978866577
tto,1999,1.093039989471436
tto,2001,1.078959941864014
tto,2003,1.123980045318604
tto,2004,1.047199964523315
tto,2005,1.053410053253174
tto,2007,1.065919995307922
tto,2008,1.072639942169189
tto,2009,1.048280000686646
tto,2010,1.119400024414063
tto,2023,1.095299959182739
tun,1979,0.6273099780082703
tun,1980,0.6664400100708008
tun,1981,0.6659200191497803
tun,1982,0.7138800024986267
tun,1983,0.7466199994087219
tun,1984,0.7221099734306335
tun,1985,0.7435600161552429
tun,1986,0.8040000200271606
tun,1987,0.8254799842834473
tun,1988,0.8286200165748596
tun,1990,0.8675100207328796
tun,1991,0.9169999957084656
tun,1992,0.9053000211715698
tun,1993,0.911400020122528
tun,1994,0.9432200193405152
tun,1995,0.9911100268363952
tun,1996,0.997409999370575
tun,1997,1.036129951477051
tun,2004,1.185829997062683
tun,2005,1.189290046691895
tun,2006,1.1910400390625
tun,2008,1.185920000076294
tun,2009,1.193359971046448
tun,2010,1.16401994228363
tun,2013,1.202340006828308
tun,2014,1.189779996871948
tun,2015,1.19199001789093
tun,2017,1.217470049858093
tun,2018,1.210479974746704
tun,2021,1.215370059013367
tur,1976,0.5309600234031677
tur,1977,0.5419899821281433
tur,1982,0.6888800263404846
tur,1983,0.682669997215271
tur,1984,0.6826300024986267
tur,1986,0.6514599919319153
tur,1987,0.6496700048446655
tur,1988,0.6595399975776672
tur,1989,0.6539599895477295
tur,1990,0.6611899733543396
tur,1991,0.6920700073242188
tur,1992,0.6419600248336792
tur,2004,0.8652799725532532
tur,2005,0.8658300042152405
tur,2006,0.899649977684021
tur,2007,0.913699984550476
tur,2008,0.923139989376068
tur,2009,0.9335299730300904
tur,2010,0.9356600046157836
tur,2011,0.9605699777603148
tur,2012,0.9692000150680542
tur,2013,0.9697800278663636
tur,2014,0.9830499887466432
tur,2015,0.9775500297546388
tur,2016,0.9721099734306335
tur,2017,0.9864500164985656
tur,2018,0.99576997756958
tur,2019,0.9934800267219543
tur,2020,1.012969970703125
tur,2021,0.9935200214385986
tur,2022,0.9997299909591676
tuv,1990,1.491070032119751
tuv,2014,1.114580035209656
tuv,2015,1.002301495972382
tuv,2016,1.289229989051819
tuv,2019,1.200729966163635
tuv,2020,1.167050004005432
tuv,2021,1.002910017967224
tuv,2022,1.052260041236877
tuv,2023,1.292549967765808
tza,2002,0.7834600210189819
tza,2003,0.8036500215530396
tza,2004,0.7546700239181519
tza,2005,0.76528000831604
tza,2008,0.7784199714660645
tza,2009,0.836679995059967
tza,2011,0.800879238356609
tza,2012,0.8019460526801123
tza,2013,0.8167158453025204
tza,2016,1.114088763206492
tza,2017,1.028186696060141
tza,2018,1.034330657963808
tza,2019,1.074509834203679
tza,2020,1.081686929706439
tza,2021,1.096595534535119
tza,2022,1.13719177601324
tza,2023,1.143949451371097
uga,1995,0.5882899761199951
uga,2000,0.7472599744796753
uga,2001,0.7331600189208984
uga,2002,0.8146799802780151
uga,2003,0.804099977016449
uga,2004,0.8115599751472473
uga,2007,0.8210899829864502
uga,2008,0.8285599946975708
uga,2009,0.8518700003623962
uga,2010,0.8375300168991089
uga,2011,0.8327599763870239
uga,2012,0.8557599782943726
uga,2013,0.8754799962043762
uga,2014,0.8796600103378296
uga,2015,0.91694749995955
uga,2016,0.9097099900245668
uga,2017,0.9091100096702576
ukr,1993,1.03699004650116
ukr,1994,1.033329963684082
ukr,1999,1.036509990692139
ukr,2000,1.023820042610168
ukr,2001,1.019670009613037
ukr,2002,1.012639999389648
ukr,2003,0.9988200068473816
ukr,2004,0.9996600151062012
ukr,2005,0.9974899888038636
ukr,2006,1.005239963531494
ukr,2007,0.9984099864959716
ukr,2008,1.007279992103577
ukr,2009,1.005620002746582
ukr,2010,0.9965999722480774
ukr,2011,0.9954599738121032
ukr,2012,0.998669981956482
ukr,2013,0.9915400147438048
ukr,2014,1.000210046768188
ukr,2015,1.003090023994446
ukr,2016,1.006669998168945
ukr,2017,1.012830018997192
ukr,2018,1.009649991989136
ukr,2019,1.011000037193298
ukr,2020,1.014410018920898
ukr,2021,1.019060015678406
ury,1998,1.228569984436035
ury,2001,1.213879942893982
ury,2002,1.193300008773804
ury,2003,1.187270045280457
ury,2004,1.199839949607849
ury,2005,1.206429958343506
ury,2006,1.215289950370789
ury,2007,1.216109991073608
ury,2008,1.22819995880127
ury,2009,1.223760008811951
ury,2010,1.228549957275391
ury,2019,1.139219999313354
ury,2021,1.143720030784607
ury,2022,1.171650052070618
usa,2017,0.9608200192451476
usa,2018,1.049319982528687
usa,2019,1.006250023841858
usa,2020,1.006209969520569
usa,2021,1.075000047683716
usa,2022,0.9856600165367126
uzb,2001,0.9812999963760376
uzb,2002,1.005329966545105
uzb,2003,1.001489996910095
uzb,2004,0.9821599721908568
uzb,2005,0.996209979057312
uzb,2006,0.9933099746704102
uzb,2007,0.983269989490509
uzb,2008,0.995389997959137
uzb,2009,0.9996100068092346
uzb,2010,0.99159278400368
uzb,2011,0.9988969318042346
uzb,2012,1.009162477291501
uzb,2013,1.05908290524842
uzb,2014,0.9991721388089964
uzb,2015,0.998139524593575
uzb,2016,0.992288295879463
uzb,2017,1.000715318150022
uzb,2018,0.9953535083792128
uzb,2019,1.006897637712632
uzb,2020,0.9974887398667804
uzb,2021,1.001927430486096
uzb,2022,0.9990300725760486
uzb,2023,0.9958681638956182
uzb,2024,0.997354257037369
vct,2003,1.202610015869141
vct,2004,1.307260036468506
vct,2005,1.235999941825867
vct,2010,1.09457004070282
vct,2012,1.065790057182312
vct,2013,1.08256995677948
vct,2014,1.083950042724609
vct,2015,1.094730019569397
vct,2016,1.168143252337079
vct,2017,1.058323387915762
vct,2018,1.063089966773987
vct,2023,1.154423188697382
ven,1972,1.100100040435791
ven,1973,1.121299982070923
ven,1974,1.142920017242432
ven,1975,1.154600024223328
ven,1976,1.14300000667572
ven,1977,1.163490056991577
ven,1978,1.16277003288269
ven,1979,1.195600032806396
ven,1980,1.212579965591431
ven,1983,1.247760057449341
ven,1985,1.237190008163452
ven,1986,1.23334002494812
ven,1987,1.253250002861023
ven,1988,1.247519969940186
ven,1989,1.257969975471497
ven,1991,1.253139972686768
ven,1992,1.264289975166321
ven,1993,1.277009963989258
ven,1996,1.263730049133301
ven,1997,1.261489987373352
ven,1999,1.254619956016541
ven,2000,1.248070001602173
ven,2001,1.230509996414185
ven,2002,1.213260054588318
ven,2003,1.203029990196228
ven,2004,1.187669992446899
ven,2005,1.175750017166138
ven,2006,1.173740029335022
ven,2007,1.158830046653748
ven,2008,1.133599996566772
ven,2009,1.134829998016357
ven,2010,1.145099997520447
ven,2011,1.133960008621216
ven,2012,1.123550057411194
ven,2013,1.132320046424866
ven,2014,1.127830028533936
ven,2015,1.126960039138794
ven,2016,1.126360058784485
ven,2017,1.126749992370605
ven,2022,1.023020029067993
ven,2024,1.084020018577576
vgb,1994,1.389899969100952
vgb,2001,1.06181001663208
vgb,2010,1.129979968070984
vgb,2011,1.226430058479309
vgb,2012,1.252580046653748
vgb,2013,1.049100041389465
vgb,2014,1.163859963417053
vgb,2015,0.993120014667511
vgb,2017,1.062160015106201
vgb,2018,1.020689964294434
vgb,2019,0.930999994277954
vgb,2020,1.110710024833679
vgb,2021,1.056089997291565
vgb,2024,1.150079965591431
vnm,2001,0.9223999977111816
vnm,2002,0.9534199833869934
vnm,2014,0.9516482609472836
vnm,2015,0.9731028598630164
vnm,2016,1.031291747579085
vnm,2018,1.013938476725908
vnm,2022,0.9766774835948012
vnm,2023,0.97822920229459
vut,1994,1.041890025138855
vut,1998,0.8718600273132324
vut,2001,1.00898003578186
vut,2004,1.072420001029968
vut,2006,1.004130005836487
vut,2010,1.075380269596929
vut,2013,1.014129757728748
vut,2019,1.105
vut,2020,1.139027396248407
vut,2021,1.035439968109131
vut,2022,1.133280758566366
vut,2023,1.20996325425477
wsm,1999,1.062809944152832
wsm,2000,1.049710035324097
wsm,2001,0.9924499988555908
wsm,2009,0.9992200136184692
wsm,2010,0.9913724316776382
wsm,2011,0.950030964147048
wsm,2012,0.9965685776484848
wsm,2014,0.9477439008514074
wsm,2015,0.9346230605553968
wsm,2016,0.9497948246523364
wsm,2017,1.057964731113191
wsm,2018,0.9825603840879144
wsm,2019,1.028283663857682
wsm,2020,0.9944434526957932
wsm,2021,1.04405617282624
wsm,2022,0.9652158827536296
wsm,2023,1.043015715711662
yem,1999,0.3694500029087067
yem,2001,0.4198600053787231
yem,2005,0.479559987783432
yem,2010,0.6249499917030334
yem,2012,0.6603599786758423
yem,2013,0.6988000273704529
yem,2016,0.7520899772644043
zaf,1991,1.196920037269592
zaf,2000,1.12405002117157
zaf,2002,1.064800024032593
zaf,2003,1.096230030059814
zaf,2004,1.09672999382019
zaf,2016,1.085409998893738
zaf,2018,1.092560052871704
zaf,2019,1.09417998790741
zaf,2020,1.107049942016602
zaf,2021,1.03004002571106
zaf,2022,1.074399948120117
zmb,1976,0.5209699869155884
zmb,1977,0.520579993724823
zmb,2000,0.7748299837112427
zmb,2001,0.7691699862480164
zmb,2002,0.859279990196228
zmb,2004,0.7981500029563904
zmb,2005,0.8288900256156921
zmb,2007,0.8631700277328491
zmb,2008,0.8123199939727783
zmb,2009,0.8359900116920471
zmb,2010,0.8650699853897095
zmb,2011,0.8136600255966187
zmb,2012,0.9270600080490112
zmb,2013,0.8561800122261047
zwe,1984,0.7373800277709961
zwe,2012,1.005366942102865
zwe,2013,0.9656547643563408
zwe,2014,1.022279137613453
zwe,2015,0.9124946010786984
zwe,2016,0.9322588481106104
zwe,2017,0.9510866909309283
zwe,2018,0.92670196432002
zwe,2019,0.938945804291888
zwe,2020,0.9673599887604516
zwe,2021,1.026647729533557
zwe,2022,1.044866628353691
zwe,2023,1.063573503936111
