country,year,ictskillsetupeff_f_lpia
bgd,2021,0.3765375912189484
bih,2021,0.587836503982544
esp,2020,0.8961780071258545
irn,2021,0.3499735891819
kaz,2019,0.5756699442863464
kaz,2020,0.7826515436172485
kaz,2021,1.070093035697937
kor,2021,0.9834972023963928
mlt,2020,0.874104380607605
rus,2021,0.5620476007461548
zwe,2020,0.1412883549928665
