country,year,air_2_gpv_glast
abw,1999,88.72293090820312
abw,2000,94.53426361083984
abw,2001,98.78787994384766
abw,2002,90.06803131103516
abw,2003,91.53401184082033
abw,2004,90.57665252685548
abw,2005,88.46154022216797
abw,2007,94.95288848876952
abw,2009,101.6371078491211
abw,2013,99.34253692626952
abw,2014,98.92327880859376
abw,2018,83.95574188232422
abw,2019,92.5085906982422
abw,2020,91.55618286132812
abw,2021,95.69342803955078
abw,2022,109.5522384643555
afg,1973,9.788370132446287
afg,1974,8.572500228881836
afg,1977,7.045149803161621
afg,1978,9.350790023803713
afg,1980,13.45489025115967
afg,1981,16.78326988220215
afg,1982,12.47653007507324
afg,1984,14.0939998626709
afg,1985,13.54924964904785
afg,1993,20.2476692199707
afg,2005,17.35588073730469
afg,2016,52.32308959960938
afg,2017,54.77164077758789
afg,2018,57.03900146484375
afg,2019,60.44559860229492
ago,1982,2.702820062637329
ago,2008,18.6446704864502
ago,2009,18.95686912536621
ago,2011,22.27796936035156
ago,2021,44.93954849243164
aia,1999,108.6294403076172
aia,2000,110.8247375488281
aia,2001,99.53270721435548
aia,2002,100.0
aia,2003,109.8654708862305
aia,2005,97.11537933349608
aia,2006,106.1855697631836
aia,2007,102.6315765380859
aia,2008,110.638298034668
aia,2009,115.625
aia,2010,102.5773162841797
aia,2011,106.8965530395508
alb,1996,90.310302734375
alb,2003,92.00161743164064
alb,2007,103.1543579101563
alb,2008,98.53260040283205
alb,2009,95.764892578125
alb,2010,92.5700225830078
alb,2011,99.22650909423828
alb,2012,104.1853332519531
alb,2013,105.9446716308594
alb,2014,96.53108215332033
alb,2015,101.0549697875977
alb,2017,88.220458984375
alb,2018,101.2583770751953
alb,2019,93.52089691162108
alb,2020,93.42149353027344
alb,2021,100.09130859375
alb,2022,97.12444305419922
alb,2023,91.7223892211914
and,2007,72.60637664794922
and,2008,64.38025665283203
and,2009,73.89099884033203
and,2010,72.82463073730469
and,2011,74.49932861328125
and,2012,76.80000305175781
and,2013,78.04583740234375
and,2014,82.1561279296875
and,2015,84.75750732421875
and,2016,87.54765319824219
and,2017,92.62612915039064
and,2018,88.3780288696289
and,2019,91.7098388671875
and,2020,92.71356964111328
and,2021,89.82843017578125
and,2023,100.3717498779297
are,1974,13.2117395401001
are,1975,14.87668037414551
are,1976,23.07226943969727
are,1977,27.27042007446289
are,1978,29.9302806854248
are,1980,34.94496154785156
are,1982,56.77614974975586
are,1983,60.53303909301758
are,1984,62.55667877197266
are,1985,66.52574920654297
are,1986,63.99150085449219
are,1987,54.15756988525391
are,1988,51.62648010253906
are,1989,54.98112106323242
are,1990,57.09360885620117
are,1991,59.72534942626953
are,1992,63.53524017333984
are,1993,66.77381134033203
are,1994,76.26341247558594
are,1995,79.78782653808594
are,1997,67.56463623046875
are,2000,64.7471923828125
are,2001,123.6139984130859
are,2002,122.0223770141602
are,2003,113.4671173095703
are,2004,108.8386383056641
are,2005,100.9784469604492
are,2006,97.13880157470705
are,2018,104.9217910766602
are,2019,103.4265975952148
are,2020,103.8769226074219
are,2022,108.7388610839844
are,2023,104.203727722168
arg,1970,16.71129989624023
arg,1971,15.95952033996582
arg,1974,17.4968204498291
arg,1975,17.92243957519531
arg,1999,80.35298919677734
arg,2000,86.46138763427734
arg,2001,86.91297912597656
arg,2002,86.71581268310547
arg,2003,81.71170806884766
arg,2004,80.216552734375
arg,2005,80.56598663330078
arg,2006,77.2917709350586
arg,2007,75.47280883789062
arg,2008,76.40772247314453
arg,2009,76.69091796875
arg,2010,80.50743865966797
arg,2011,84.51509094238281
arg,2012,85.90309143066406
arg,2013,88.27442932128906
arg,2014,88.42096710205078
arg,2015,90.40020751953124
arg,2016,90.67394256591795
arg,2017,91.81182098388672
arg,2018,93.52604675292967
arg,2019,95.93422698974608
arg,2020,95.46343994140624
arg,2021,108.6547927856445
arg,2022,98.8350830078125
arm,1994,85.94973754882812
arm,2002,87.86512756347656
arm,2003,87.915771484375
arm,2004,88.8334732055664
arm,2005,90.8894271850586
arm,2006,93.80223083496094
arm,2007,93.25035095214844
arm,2008,95.39485931396484
arm,2009,114.9348907470703
arm,2010,101.3817367553711
arm,2016,90.32170104980467
arm,2017,89.7903823852539
arm,2018,91.80328369140624
arm,2019,91.21250915527344
arm,2020,91.32554626464844
arm,2021,91.18820190429688
arm,2022,94.52069854736328
arm,2023,91.67513275146484
atg,1992,105.3453903198242
atg,2008,92.55014038085938
atg,2009,85.23908996582031
atg,2010,95.53630828857422
atg,2012,108.5714263916016
atg,2013,99.70695970695972
atg,2014,101.7345428466797
atg,2015,94.99323410013533
atg,2016,120.7782672540382
atg,2017,118.1540832519531
atg,2018,108.3593826293945
atg,2019,114.0699523052464
atg,2022,105.9514487079092
aut,2002,101.3309097290039
aut,2003,102.2359237670898
aut,2006,102.5261611938477
aut,2007,102.7783126831055
aut,2008,102.9956512451172
aut,2009,102.4617691040039
aut,2010,100.8644409179688
aut,2011,101.9842987060547
aut,2012,100.1577224731445
aut,2013,100.0142974853516
aut,2014,98.40889739990234
aut,2015,99.81297302246094
aut,2016,95.80722808837892
aut,2017,98.51849365234376
aut,2018,96.50897979736328
aut,2019,97.79476928710938
aut,2020,96.11881256103516
aut,2021,99.68488311767578
aut,2022,96.21930694580078
aut,2023,97.37751007080078
aze,2000,38.24668121337891
aze,2001,73.99507141113281
aze,2002,88.55606842041016
aze,2003,85.510009765625
aze,2004,83.64337158203125
aze,2005,82.84026336669922
aze,2006,88.86907196044922
aze,2007,89.59931945800781
aze,2008,88.07868194580078
aze,2009,90.74746704101564
aze,2010,90.57910919189452
aze,2011,89.31443786621094
aze,2012,94.1759796142578
aze,2013,86.74861907958984
aze,2014,86.619140625
aze,2015,86.07421875
aze,2016,89.03829193115234
aze,2017,88.45453643798828
aze,2018,84.71309661865234
aze,2020,84.2437973022461
aze,2021,87.60694122314453
aze,2022,85.17510223388672
aze,2023,87.56549072265625
bdi,1971,0.9333800077438354
bdi,1972,0.824400007724762
bdi,1977,1.14995002746582
bdi,1978,1.229380011558533
bdi,1979,1.144659996032715
bdi,1980,1.0869300365448
bdi,1981,1.345800042152405
bdi,1982,1.715440034866333
bdi,1983,1.349920034408569
bdi,1984,1.183550000190735
bdi,1985,1.158049941062927
bdi,1986,1.216130018234253
bdi,1987,1.96068000793457
bdi,1988,2.107409954071045
bdi,1989,2.319829940795898
bdi,1990,2.659970045089722
bdi,1992,4.371029853820801
bdi,1993,4.580749988555908
bdi,2004,7.893990039825439
bdi,2005,8.333330154418945
bdi,2006,9.286290168762209
bdi,2008,12.3749303817749
bdi,2009,16.85252952575684
bdi,2010,16.36733055114746
bdi,2011,22.45808982849121
bdi,2012,20.1338996887207
bdi,2013,23.49869918823242
bdi,2014,27.38252067565918
bdi,2015,34.59341049194336
bdi,2016,40.83364105224609
bdi,2017,38.61100006103516
bdi,2018,30.63455009460449
bdi,2019,27.28922080993652
bdi,2020,28.00399017333984
bel,1974,40.11193084716797
bel,1975,43.59698867797852
bel,1976,46.08090972900391
bel,1977,49.88039016723633
bel,1993,104.2464370727539
bel,1994,104.257942199707
bel,2006,88.56073760986328
bel,2007,88.5818099975586
bel,2008,88.2635726928711
bel,2009,87.84364318847656
bel,2010,90.88877868652344
bel,2011,91.67877197265624
bel,2012,92.22628021240234
bel,2013,93.49111938476564
bel,2014,92.4155502319336
bel,2015,95.10408020019533
bel,2016,95.74088287353516
bel,2017,94.74519348144533
bel,2018,92.88136291503906
bel,2019,92.51959991455078
bel,2020,93.46633911132812
bel,2021,93.72593688964844
bel,2022,93.37577056884766
ben,1971,3.583329916000366
ben,1972,4.047299861907959
ben,1973,4.643599987030029
ben,1974,5.001319885253906
ben,1975,5.822939872741699
ben,1976,7.701079845428467
ben,1977,7.900010108947754
ben,1978,7.700510025024414
ben,1979,8.482660293579102
ben,1980,8.36100959777832
ben,1981,11.27659034729004
ben,1983,16.32625007629395
ben,1984,14.90439033508301
ben,1985,14.39768981933594
ben,1986,12.4717903137207
ben,1987,8.663530349731445
ben,1990,6.06482982635498
ben,2000,13.90956020355225
ben,2001,15.12469005584717
ben,2002,16.55501937866211
ben,2006,23.70523071289063
ben,2011,34.69667816162109
ben,2013,43.55241012573242
ben,2014,40.42079925537109
ben,2015,42.29507827758789
ben,2016,43.08354187011719
ben,2020,30.57576942443848
ben,2021,34.07566833496094
ben,2022,27.86684036254883
bfa,1971,1.210080027580261
bfa,1972,1.184190034866333
bfa,1973,1.239969968795776
bfa,1974,1.310009956359863
bfa,1975,1.308689951896667
bfa,1976,1.443809986114502
bfa,1977,1.453529953956604
bfa,1979,1.520419955253601
bfa,1980,2.076819896697998
bfa,1981,1.91022002696991
bfa,1982,2.071130037307739
bfa,1983,2.334439992904663
bfa,1984,2.290469884872437
bfa,1986,3.273370027542114
bfa,1988,4.143909931182861
bfa,1989,4.857429981231689
bfa,1990,5.033010005950928
bfa,1991,5.077400207519531
bfa,1992,5.63847017288208
bfa,1993,5.625790119171143
bfa,1994,5.821410179138184
bfa,2000,6.238920211791992
bfa,2001,6.991099834442139
bfa,2003,7.53069019317627
bfa,2005,9.252619743347168
bfa,2006,10.26317024230957
bfa,2007,11.03721046447754
bfa,2008,13.96238040924072
bfa,2009,14.93062973022461
bfa,2010,15.98225975036621
bfa,2011,17.57139015197754
bfa,2012,19.53553009033203
bfa,2013,20.84535026550293
bfa,2014,24.11738967895508
bfa,2015,26.44728088378906
bfa,2016,29.38764953613281
bfa,2017,36.09086990356445
bfa,2018,41.99995040893555
bfa,2019,40.16458129882813
bfa,2020,40.26097869873047
bfa,2021,37.53366851806641
bfa,2022,30.58585929870605
bfa,2023,27.55234909057617
bgd,1998,46.62152862548828
bgd,1999,49.20943069458008
bgd,2000,51.7681999206543
bgd,2001,56.72866058349609
bgd,2002,58.0961799621582
bgd,2003,57.64001083374023
bgd,2004,53.29109954833984
bgd,2005,51.89588928222656
bgd,2006,52.23691940307617
bgd,2007,53.55712890625
bgd,2009,55.41395950317383
bgd,2010,51.68493948763705
bgd,2011,56.11579162086844
bgd,2013,63.23681171659127
bgd,2016,70.71364664899693
bgd,2017,71.64501190185547
bgd,2018,78.24447631835938
bgd,2021,76.43583446841295
bgd,2022,76.5282941598046
bgd,2023,71.36244719038764
bgr,1971,83.84713745117188
bgr,1972,84.22686767578125
bgr,1973,84.3638687133789
bgr,1974,86.22144317626953
bgr,1975,86.49212646484375
bgr,1976,87.94461822509766
bgr,1977,87.03275299072266
bgr,1978,93.39869689941406
bgr,1979,85.8894271850586
bgr,1980,86.18560791015625
bgr,1981,86.24907684326172
bgr,1982,87.2528076171875
bgr,1983,87.8675765991211
bgr,1984,88.2804183959961
bgr,1985,88.03368377685547
bgr,1986,87.40389251708984
bgr,1987,89.27722930908203
bgr,1988,90.34037017822266
bgr,1989,93.01994323730467
bgr,1990,86.79229736328125
bgr,1991,82.99706268310547
bgr,1992,82.99870300292969
bgr,1993,77.93617248535156
bgr,1994,77.30268096923828
bgr,1995,74.661376953125
bgr,1996,92.78526306152344
bgr,1997,92.46598815917967
bgr,1999,86.5392074584961
bgr,2001,91.05371856689452
bgr,2002,91.8335189819336
bgr,2003,91.71463012695312
bgr,2004,96.10356903076172
bgr,2005,93.42082977294922
bgr,2006,94.88732147216795
bgr,2007,95.48300170898438
bgr,2008,95.60253143310548
bgr,2009,97.32843017578124
bgr,2010,95.88626861572266
bgr,2011,97.60787200927734
bgr,2012,97.72384643554688
bgr,2013,98.09284210205078
bgr,2014,95.55193328857422
bgr,2015,98.37265014648438
bgr,2016,101.6091537475586
bgr,2017,98.1555404663086
bgr,2018,99.89424896240234
bgr,2019,98.6806182861328
bgr,2020,100.1068572998047
bgr,2021,97.4689483642578
bgr,2022,96.02752685546876
bgr,2023,93.4889678955078
bhr,1971,54.71630859375
bhr,1972,45.15652847290039
bhr,1973,49.27313995361328
bhr,1974,46.95476150512695
bhr,1975,49.78078842163086
bhr,1976,41.22991180419922
bhr,1977,50.57678985595703
bhr,1978,53.76702880859375
bhr,1979,60.97594833374023
bhr,1980,47.43999099731445
bhr,1981,56.84769058227539
bhr,1982,62.53586959838867
bhr,1983,68.30815124511719
bhr,1984,71.73332977294922
bhr,1986,71.24919128417969
bhr,1988,78.664306640625
bhr,1991,86.11504364013672
bhr,1992,90.2737274169922
bhr,1993,88.26407623291016
bhr,1999,85.32321166992188
bhr,2000,86.0198974609375
bhr,2001,86.8193130493164
bhr,2002,84.51075744628906
bhr,2003,80.18573760986328
bhr,2004,82.1884994506836
bhr,2005,83.43363189697266
bhr,2006,86.40547943115234
bhr,2008,89.11183166503906
bhr,2009,88.7335433959961
bhr,2010,88.35305786132812
bhr,2011,91.51351928710938
bhr,2012,97.13223266601564
bhr,2013,104.897331237793
bhr,2014,101.1526565551758
bhr,2015,96.92176818847656
bhr,2016,95.5344696044922
bhr,2017,96.6823501586914
bhr,2018,100.7815780639648
bhr,2019,101.3478698730469
bhr,2022,102.5692672729492
bhr,2023,102.5407028198242
bhs,1999,87.79058837890625
bhs,2004,91.22573852539064
bhs,2005,90.4777374267578
bhs,2006,81.03781127929688
bhs,2007,91.32074737548828
bhs,2008,98.18096160888672
bhs,2010,95.26409149169922
bih,2010,111.2317733764648
bih,2011,112.3025283813477
bih,2012,85.71428680419922
bih,2013,72.62177276611328
bih,2014,89.49002075195312
bih,2015,92.37286376953124
bih,2016,91.28311157226564
bih,2017,85.39495086669922
bih,2018,81.55281066894531
bih,2019,87.27445220947266
bih,2020,88.12590789794922
bih,2021,88.80177307128906
bih,2022,90.42684936523438
bih,2023,93.78791046142578
blr,1971,96.10878753662108
blr,1972,96.29988861083984
blr,1973,99.83580017089844
blr,1974,104.4625091552734
blr,1975,101.0573806762695
blr,1976,104.8479995727539
blr,1977,99.23597717285156
blr,1978,100.1673278808594
blr,1979,100.6750335693359
blr,1980,101.2151031494141
blr,1981,99.30921173095705
blr,1982,101.2819290161133
blr,1983,98.61766815185548
blr,1984,100.6896209716797
blr,1985,97.8288803100586
blr,1986,98.15242004394533
blr,1988,99.12258911132812
blr,1989,98.16345977783205
blr,1990,96.3559799194336
blr,1991,93.3974609375
blr,1992,93.56781005859376
blr,1993,90.22576904296876
blr,1994,91.37783050537108
blr,1995,81.74968719482422
blr,1996,94.06511688232422
blr,1997,90.75314331054688
blr,1999,95.61225128173828
blr,2000,94.40824127197266
blr,2001,92.84021759033205
blr,2002,98.55709838867188
blr,2003,99.10820770263672
blr,2004,105.6948165893555
blr,2005,111.4304885864258
blr,2006,119.3676223754883
blr,2007,142.3903350830078
blr,2008,106.6587524414063
blr,2010,103.110481262207
blr,2011,104.6270980834961
blr,2012,103.6249465942383
blr,2013,98.12033081054688
blr,2014,100.5300369262695
blr,2015,99.86167144775392
blr,2016,103.2088012695313
blr,2017,100.7405166625977
blr,2018,99.24510955810548
blr,2019,99.69106292724608
blr,2020,97.96481323242188
blr,2021,97.77722930908205
blr,2022,97.4179916381836
blr,2023,96.03237152099608
blz,1994,50.84217071533203
blz,1995,48.73661041259766
blz,1999,50.60089874267578
blz,2000,52.06058120727539
blz,2001,53.47269821166992
blz,2003,59.27320098876953
blz,2004,59.97452926635742
blz,2005,60.78218078613281
blz,2006,61.88171005249023
blz,2007,58.15507888793945
blz,2008,55.22975921630859
blz,2009,59.96001815795898
blz,2010,60.4210205078125
blz,2011,63.28921890258789
blz,2012,65.43477630615234
blz,2013,65.88530731201172
blz,2014,64.04653930664062
blz,2015,67.89775848388672
blz,2016,70.5051498413086
blz,2017,67.73412322998047
blz,2018,68.76204681396484
blz,2019,70.95942687988281
blz,2020,70.27272033691406
blz,2021,76.88207244873047
blz,2022,61.72726058959961
blz,2023,67.9252700805664
bmu,2001,98.44155883789064
bmu,2002,100.9222717285156
bmu,2003,92.75550079345705
bmu,2004,95.1371612548828
bmu,2005,91.35201263427734
bmu,2006,87.60842895507812
bmu,2011,93.45661163330078
bmu,2012,86.73323822021484
bmu,2015,96.14243316650392
bol,1973,35.13537979125977
bol,1990,48.41630935668945
bol,1991,51.15861129760742
bol,1992,49.63962173461914
bol,1993,59.7498893737793
bol,1994,61.34238052368164
bol,1995,63.46261978149414
bol,1996,65.40210723876953
bol,1997,68.88511657714844
bol,1998,64.8592529296875
bol,1999,75.10687255859375
bol,2000,80.49606323242188
bol,2001,85.28775024414062
bol,2002,90.33338928222656
bol,2003,91.76776885986328
bol,2004,96.39192962646484
bol,2005,96.80457305908205
bol,2006,94.27764892578124
bol,2007,90.34043884277344
bol,2008,93.28459930419922
bol,2009,88.26937103271484
bol,2010,87.12333679199219
bol,2011,84.77361297607422
bol,2012,86.08039093017578
bol,2013,89.09677124023438
bol,2014,93.66285705566406
bol,2015,89.91461944580078
bol,2016,86.6622314453125
bol,2017,82.97271728515625
bol,2018,83.10344696044922
bol,2019,85.50315856933594
bol,2020,88.39630126953125
bol,2022,82.48397827148438
bol,2023,88.42192077636719
bra,1970,16.35800933837891
bra,1971,21.93808937072754
bra,1972,24.75978088378906
bra,1973,26.1019401550293
bra,1974,32.32958984375
bra,1975,35.13822937011719
bra,1976,35.50593948364258
bra,1977,35.86140060424805
bra,1978,35.43901824951172
bra,1979,35.87625122070313
bra,1980,36.03757858276367
bra,1981,34.80348968505859
bra,1982,35.70262145996094
bra,1984,37.53131103515625
bra,1985,35.29988098144531
bra,1987,37.399658203125
bra,1992,46.45169830322266
bra,1993,46.47475814819336
bra,1994,46.97272872924805
brb,1999,106.5967025756836
brb,2000,106.0253372192383
brb,2001,106.7560272216797
brb,2002,99.9468231201172
brb,2003,101.5178298950195
brb,2004,105.3228225708008
brb,2005,103.7228775024414
brb,2006,109.9770889282227
brb,2007,108.7752380371094
brb,2008,108.2077102661133
brb,2009,110.036750793457
brb,2020,92.8205108642578
brb,2021,99.186767578125
brb,2022,86.4767837524414
brb,2023,91.97582244873048
brn,1973,38.04476165771484
brn,1975,27.20396041870117
brn,1976,37.91410827636719
brn,1977,38.24362945556641
brn,1978,36.86656951904297
brn,1979,38.40410995483398
brn,1980,33.85993957519531
brn,1981,40.0665397644043
brn,1982,42.45373153686523
brn,1983,53.75992965698242
brn,1984,57.04880905151367
brn,1991,57.74618148803711
brn,1992,57.86801910400391
brn,1993,59.73168182373047
brn,1994,70.1974868774414
brn,2004,103.5419464111328
brn,2005,102.0368423461914
brn,2006,103.7174224853516
brn,2007,105.6668701171875
brn,2008,105.0621490478516
brn,2009,119.4882507324219
brn,2010,107.2616808910748
brn,2011,104.5132359323015
brn,2012,106.2678469446031
brn,2013,107.7349598003881
brn,2014,101.0727547792601
brn,2015,100.434721637919
brn,2016,97.9557069846678
brn,2017,98.85887620973568
brn,2018,100.9828370250844
brn,2019,103.0431491294474
brn,2020,108.1907501220703
brn,2021,101.8631492168178
brn,2022,103.7859424920128
brn,2023,99.47267497603067
btn,1976,1.488019943237305
btn,1977,2.324990034103394
btn,1978,3.324779987335205
btn,1979,3.42071008682251
btn,1988,4.279699802398682
btn,1993,4.997029781341553
btn,1994,5.825570106506348
btn,1997,0.0
btn,1998,18.14735984802246
btn,1999,19.86957931518555
btn,2000,23.81196975708008
btn,2001,31.77879905700684
btn,2004,39.83692932128906
btn,2006,41.65700912475586
btn,2007,46.46297836303711
btn,2008,48.03490829467773
btn,2009,53.04692077636719
btn,2010,64.94485993155025
btn,2011,65.3441500823932
btn,2012,67.89508056640625
btn,2013,70.99727630615234
btn,2014,78.37155151367188
btn,2016,81.3718032836914
btn,2017,82.0
btn,2018,80.74012931627459
btn,2019,81.25856868659172
btn,2020,83.23402506677625
btn,2021,81.97822398190046
btn,2022,61.64654226125137
bwa,1985,41.68762969970703
bwa,1986,39.01787185668945
bwa,1987,38.48556137084961
bwa,1988,18.75573921203613
bwa,1989,58.67710876464844
bwa,1990,55.87971878051758
bwa,1991,75.51091766357422
bwa,1992,77.11408996582031
bwa,1993,90.00531768798828
bwa,1994,85.00485229492188
bwa,1995,83.3476333618164
bwa,1998,88.29975128173828
bwa,1999,87.1041488647461
bwa,2000,87.57945251464844
bwa,2001,85.4112319946289
bwa,2002,82.2123031616211
bwa,2003,82.21881103515625
bwa,2004,84.61274719238281
bwa,2005,85.64861297607422
bwa,2006,89.30303192138672
bwa,2007,87.48374938964844
bwa,2008,88.91352081298828
bwa,2012,95.20095542177484
bwa,2013,91.97466952397004
bwa,2014,93.46926879882812
bwa,2015,93.59110050217308
bwa,2017,86.59159827809233
bwa,2018,83.961734428616
bwa,2019,84.17340372875763
bwa,2022,91.44153185339808
caf,1971,2.407109975814819
caf,1972,3.169339895248413
caf,1973,2.918450117111206
caf,1974,4.284130096435547
caf,1978,5.544939994812012
caf,1981,7.488540172576904
caf,1982,9.97616958618164
caf,1983,9.29872989654541
caf,1986,13.01646041870117
caf,1987,8.98622989654541
caf,1988,7.751560211181641
caf,1989,8.214799880981445
caf,1990,7.337319850921631
caf,1991,7.90477991104126
caf,2005,7.536620140075684
caf,2009,8.091670036315918
caf,2012,11.367600440979
caf,2016,8.886930465698242
caf,2017,11.29362792187
can,2023,0.0
che,1999,98.04910278320312
che,2004,94.2802505493164
che,2005,95.47260284423828
che,2008,95.33875274658205
che,2009,96.12290954589844
che,2010,96.0121612548828
che,2011,97.05793762207033
che,2012,96.68710327148438
che,2013,96.16586303710938
che,2014,95.8362274169922
che,2015,95.7016830444336
che,2016,100.7326889038086
che,2017,98.25501251220705
che,2018,97.43797302246094
che,2019,95.72737884521484
che,2020,96.43985748291016
che,2021,96.1076202392578
che,2022,94.9443130493164
che,2023,95.61821746826172
chl,1970,54.75622940063477
chl,1971,61.7747688293457
chl,1972,66.54884338378906
chl,1973,68.4399185180664
chl,1974,68.41951751708984
chl,1975,67.57994079589844
chl,1976,67.93755340576172
chl,1977,69.82183837890625
chl,1983,77.45451354980469
chl,1997,86.81108856201172
chl,2011,94.70697784423828
chl,2012,94.5769271850586
chl,2013,91.61929321289064
chl,2014,95.3859634399414
chl,2015,94.27648162841795
chl,2016,95.16748809814452
chl,2017,94.75733947753906
chl,2018,96.22663116455078
chl,2019,97.00505828857422
chl,2020,99.44669342041016
chl,2021,101.4795303344727
chl,2022,101.2538986206055
chl,2023,101.6629486083984
chn,1990,56.49861907958984
chn,1991,57.78200912475586
chn,1992,62.65576934814453
chn,1993,64.59551239013672
chn,1994,61.69831085205078
chn,1995,62.73023986816406
chn,1996,62.82117080688477
chn,1997,64.87638092041016
chn,2007,103.0096588134766
chn,2008,102.3221130371094
chn,2009,101.6530227661133
chn,2010,101.2412109375
chn,2011,103.8885879516602
chn,2012,103.6065826416016
civ,1971,7.913249969482422
civ,1973,10.00988006591797
civ,1974,9.435139656066896
civ,1975,10.36079025268555
civ,1976,9.711979866027832
civ,1977,10.45468044281006
civ,1978,11.16689014434814
civ,1979,11.51935958862305
civ,1980,12.5988597869873
civ,1981,14.29473972320557
civ,1982,14.91141986846924
civ,1983,15.49090957641602
civ,1984,15.45856952667236
civ,1985,15.24917984008789
civ,1986,15.06453037261963
civ,1987,13.5733003616333
civ,1988,13.78740978240967
civ,1989,14.45602989196777
civ,1990,14.81151008605957
civ,1991,16.82332038879395
civ,1992,15.98666000366211
civ,1993,16.66493988037109
civ,1994,16.82839012145996
civ,1995,16.63913917541504
civ,1996,15.73935985565186
civ,1997,19.23023986816406
civ,1998,19.96629905700684
civ,2000,20.82856941223145
civ,2001,20.15603065490723
civ,2002,21.52313995361328
civ,2006,22.36764907836914
civ,2007,22.38195037841797
civ,2008,29.33300018310547
civ,2009,28.55779075622559
civ,2011,26.2265796661377
civ,2012,30.67359924316406
civ,2013,35.3023468920226
civ,2014,33.08514022827148
civ,2015,34.67121124267578
civ,2016,39.55543899536133
civ,2017,46.85734939575195
civ,2018,49.74797821044922
civ,2019,52.25212097167969
civ,2020,56.83134078979492
civ,2021,56.54511271612348
civ,2022,56.55424118041992
civ,2023,76.6227035522461
cmr,1971,5.381440162658691
cmr,1972,6.09266996383667
cmr,1973,6.483459949493408
cmr,1974,7.685239791870117
cmr,1975,8.694330215454102
cmr,1976,8.81488037109375
cmr,1977,9.628299713134766
cmr,1978,10.55910015106201
cmr,1979,10.88720035552979
cmr,1980,11.06455039978027
cmr,1981,11.7987699508667
cmr,1982,12.2462797164917
cmr,1983,13.01793003082275
cmr,1984,14.1447696685791
cmr,1985,13.88191986083984
cmr,1986,14.88224983215332
cmr,1987,15.97058963775635
cmr,1988,17.16835975646973
cmr,1990,22.61051940917969
cmr,1991,21.55761909484863
cmr,2003,23.29873085021973
cmr,2006,19.19359970092773
cmr,2007,20.55410003662109
cmr,2008,27.13762092590332
cmr,2009,25.56390953063965
cmr,2010,32.8886852710144
cmr,2011,42.23162841796875
cmr,2012,43.21057982191685
cmr,2013,43.3834114074707
cmr,2014,37.30023956298828
cmr,2015,47.15290832519531
cmr,2016,48.26784133911133
cmr,2017,43.21308036991133
cmr,2018,41.71873040694544
cmr,2019,38.17065207361824
cmr,2020,36.68206325707975
cmr,2021,35.85577011108398
cmr,2022,35.67697906494141
cmr,2023,34.97954177856445
cod,1971,12.2362003326416
cod,1972,13.66324043273926
cod,1974,13.69591045379639
cod,1992,10.61235046386719
cod,1993,11.81661033630371
cod,1994,15.5665397644043
cod,2012,38.10884857177734
cod,2013,38.53657913208008
cod,2014,45.85540008544922
cod,2020,55.89630126953125
cog,1971,11.02365016937256
cog,1972,13.43727016448975
cog,1973,17.78976058959961
cog,1974,22.04361915588379
cog,1975,25.1937198638916
cog,1976,27.71303939819336
cog,1977,34.95819091796875
cog,1978,37.99327087402344
cog,1979,41.71913909912109
cog,1981,44.71527862548828
cog,1982,42.51296997070313
cog,1983,35.14701843261719
cog,1984,37.57257080078125
cog,1987,35.11029815673828
cog,1989,27.07685089111328
cog,1993,33.01165008544922
cog,1994,24.66461944580078
cog,1996,29.96376037597656
cog,2000,26.63669013977051
cog,2001,32.19818878173828
cog,2002,23.28753089904785
cog,2003,26.10997009277344
cog,2004,38.42065048217773
cog,2008,40.85610961914063
cog,2009,42.05395126342773
cog,2010,40.80596160888672
cog,2011,43.04850006103516
cog,2012,47.88901138305664
cok,1998,83.04093933105469
cok,1999,78.83435821533203
cok,2000,68.4375
cok,2001,75.54180145263672
cok,2002,92.26006317138672
cok,2003,97.8125
cok,2007,94.17178344726564
cok,2010,84.1772232055664
cok,2011,93.46405029296876
cok,2012,93.95973205566406
cok,2013,102.7210922241211
cok,2014,96.18055725097656
cok,2015,93.68421173095705
cok,2016,92.55319213867188
cok,2017,99.27797698974608
cok,2018,106.25
cok,2019,100.7692337036133
cok,2020,114.7169799804688
cok,2021,112.7340774536133
cok,2022,113.1086120605469
cok,2023,115.2173919677734
col,1983,33.67810821533203
col,1984,36.876220703125
col,1985,37.8819694519043
col,1986,41.90002059936523
col,1987,42.87712860107422
col,1988,43.54867935180664
col,1989,44.02796173095703
col,1993,48.79777145385742
col,1998,71.26499938964844
col,2001,62.94316101074219
col,2002,68.31745147705078
col,2004,74.25816345214844
col,2005,79.70403289794922
col,2006,82.36038208007812
col,2007,84.40083312988281
col,2008,86.3006591796875
col,2009,92.4254913330078
col,2010,94.73853302001952
col,2011,92.68618011474608
col,2012,89.20213317871094
col,2013,75.19142150878906
col,2014,76.5693130493164
col,2015,76.96299743652344
col,2016,77.2069091796875
col,2017,77.13723754882812
col,2018,78.69976043701172
col,2019,79.67806243896484
col,2020,79.83309936523438
col,2021,85.68514251708984
col,2022,83.01992797851562
com,1981,24.93401908874512
com,1986,29.69231033325195
com,1987,28.2524299621582
com,1990,19.72389030456543
com,1992,19.44076919555664
com,1993,16.46904945373535
com,2002,26.90290069580078
com,2003,30.55261039733887
com,2004,33.33563995361328
com,2013,44.43840579710145
com,2014,48.13779694999696
com,2017,43.89833459061104
com,2021,48.75310999247816
cpv,1980,4.440989971160889
cpv,1981,5.382030010223389
cpv,1982,5.756259918212891
cpv,1983,7.119820117950439
cpv,1984,5.879559993743896
cpv,1985,6.909220218658447
cpv,1986,8.19614028930664
cpv,1988,13.23077011108398
cpv,1990,11.76401042938232
cpv,1994,20.78634071350098
cpv,1998,0.0
cpv,1999,0.0
cpv,2003,50.56476974487305
cpv,2004,51.75508117675781
cpv,2005,53.38494110107422
cpv,2006,71.06710815429688
cpv,2007,67.84513092041016
cpv,2008,71.92748260498047
cpv,2009,71.08966827392578
cpv,2010,69.3395767211914
cpv,2011,78.06906127929688
cpv,2012,78.66642761230469
cpv,2013,78.79041290283203
cpv,2014,77.5973129272461
cpv,2015,80.06848907470703
cpv,2016,86.4281234741211
cpv,2017,89.57259368896484
cpv,2018,73.91812133789062
cpv,2019,75.41754150390625
cpv,2020,75.75350952148438
cpv,2021,101.3329162597656
cri,1970,19.3624095916748
cri,1971,21.39435958862305
cri,1972,26.35980033874512
cri,1980,31.43403053283691
cri,1981,32.63711929321289
cri,1982,31.44211006164551
cri,1983,28.62932014465332
cri,1984,26.68012046813965
cri,1985,27.69404029846191
cri,1986,27.40225982666016
cri,1987,26.1156005859375
cri,1988,27.0975399017334
cri,1989,26.05335998535156
cri,1990,28.10131072998047
cri,1991,29.33344078063965
cri,1992,31.65563011169434
cri,1993,30.04002952575684
cri,1994,31.53759956359863
cri,1995,31.82999038696289
cri,1996,31.5155200958252
cri,1999,38.13243865966797
cri,2000,40.52642059326172
cri,2001,40.96578979492188
cri,2002,43.94419860839844
cri,2004,49.92995834350586
cri,2005,55.1403694152832
cri,2006,54.6378288269043
cri,2007,54.41757965087891
cri,2008,56.58187103271484
cri,2009,51.44757080078125
cri,2010,52.92573165893555
cri,2011,50.98022842407227
cri,2012,57.45458984375
cri,2013,53.29790878295898
cri,2014,55.10329055786133
cri,2015,54.11048889160156
cri,2016,54.54438018798828
cri,2017,56.41207122802734
cri,2018,66.07556915283203
cri,2019,70.422607421875
cri,2020,65.38726806640625
cri,2021,67.58817291259766
cri,2022,65.27056121826172
cri,2023,62.28421020507813
cub,1971,9.519240379333496
cub,1972,8.928899765014648
cub,1973,10.51305961608887
cub,1974,12.17663955688477
cub,1975,16.0987606048584
cub,1976,19.90542030334473
cub,1977,24.53026962280273
cub,1978,49.93659973144531
cub,1979,63.96836853027344
cub,1980,77.13200378417969
cub,1981,77.36295318603516
cub,1982,82.37413787841797
cub,1983,77.36116790771484
cub,1984,76.61119842529297
cub,1985,74.6917724609375
cub,1986,81.49581909179688
cub,1987,76.56745147705078
cub,1988,80.00678253173828
cub,1989,84.14804077148438
cub,1990,85.53507995605469
cub,1991,89.12860870361328
cub,1992,82.73336791992188
cub,1993,78.80496978759766
cub,1994,79.11813354492188
cub,1995,75.84248352050781
cub,1996,74.71875762939453
cub,1997,79.73050689697266
cub,1999,81.26670837402344
cub,2000,93.19003295898438
cub,2001,84.60437774658203
cub,2002,90.41763305664064
cub,2003,92.47122192382812
cub,2004,91.60999298095705
cub,2005,96.42662811279295
cub,2006,93.55323791503906
cub,2007,92.59326171875
cub,2008,94.63588714599608
cub,2009,95.0950164794922
cub,2010,94.84497833251952
cub,2011,87.50192260742188
cub,2012,93.1567611694336
cub,2013,91.98587799072266
cub,2014,91.76849365234376
cub,2015,87.89689636230469
cub,2016,86.78153991699219
cub,2017,90.31455230712892
cub,2018,91.5681381225586
cub,2019,91.43829345703124
cub,2020,91.58425903320312
cub,2021,88.66964721679688
cub,2022,88.34258270263672
cub,2023,89.29956817626953
cym,2001,87.24373626708984
cym,2002,90.4139404296875
cym,2004,94.1176528930664
cym,2005,98.52941131591795
cym,2006,90.89286041259766
cym,2007,95.10489654541016
cym,2008,98.93238067626952
cym,2011,98.99329376220705
cym,2012,94.55445861816406
cym,2013,94.24919891357422
cym,2018,92.9555892944336
cym,2019,100.2967376708984
cym,2020,97.02127838134766
cym,2021,86.96808624267578
cym,2022,83.8627700805664
cym,2023,97.75560760498048
cyp,2000,91.2685775756836
cyp,2001,91.5246810913086
cyp,2002,100.8530197143555
cyp,2003,94.8547592163086
cyp,2004,96.56056213378906
cyp,2005,96.71087646484376
cyp,2006,96.1195068359375
cyp,2007,82.97662353515625
cyp,2008,94.56661224365234
cyp,2009,95.26329040527344
cyp,2010,94.7114486694336
cyp,2011,92.87139129638672
cyp,2012,95.61269378662108
cyp,2013,96.59719848632812
cyp,2014,100.8515701293945
cyp,2015,97.61321258544922
cyp,2016,98.34835052490234
cyp,2017,98.9419174194336
cyp,2018,95.822509765625
cyp,2019,98.0986099243164
cyp,2020,81.83663940429688
cyp,2021,104.0013122558594
cyp,2022,104.4929962158203
cze,1994,116.8279800415039
cze,1995,106.9015502929688
cze,1996,103.9575500488281
cze,2002,93.76660919189452
cze,2003,91.39392852783205
cze,2004,93.39855194091795
cze,2005,90.18840026855467
cze,2006,97.14418792724608
cze,2007,97.11605072021484
cze,2008,96.3125
cze,2009,102.691291809082
cze,2010,97.0124282836914
cze,2011,97.49011993408205
cze,2012,93.53978729248048
cze,2013,93.17154693603516
cze,2014,94.36586761474608
cze,2015,95.997802734375
cze,2016,95.31107330322266
cze,2017,94.38137817382812
cze,2018,94.95675659179688
cze,2019,93.02932739257812
cze,2020,93.36309814453124
cze,2021,96.58612060546876
cze,2022,93.23465728759766
deu,1993,70.79035949707031
deu,1994,72.61824035644531
deu,1995,72.5678482055664
deu,1996,71.31475067138672
deu,1997,73.60563659667969
deu,2021,62.87364959716797
deu,2022,61.61391067504883
deu,2023,63.237548828125
dma,1988,85.52632141113281
dma,2003,107.104248046875
dma,2004,107.8416137695313
dma,2005,103.1514205932617
dma,2006,98.9457778930664
dma,2007,96.37306213378906
dma,2008,96.35144805908205
dma,2009,100.381103515625
dma,2010,95.28376770019533
dma,2011,98.56781768798828
dma,2012,97.69230651855467
dma,2013,87.72563171386719
dma,2014,88.9525375366211
dma,2015,88.96266174316406
dma,2022,100.2314814814815
dma,2023,90.43280029296876
dnk,2008,98.15660095214844
dnk,2009,98.35623168945312
dnk,2010,95.82334136962892
dnk,2011,97.3281707763672
dnk,2012,97.92236328125
dnk,2013,99.54592895507812
dnk,2014,99.2519073486328
dnk,2015,100.2436904907227
dnk,2016,99.47633361816406
dnk,2017,100.4707336425781
dnk,2018,99.87991333007812
dnk,2019,101.5834197998047
dnk,2020,101.9493026733398
dnk,2021,100.3756790161133
dnk,2022,100.1594009399414
dnk,2023,98.87164306640624
dom,1994,46.50957870483398
dom,1999,56.45159149169922
dom,2000,60.13241958618164
dom,2002,63.65016174316406
dom,2004,71.82730102539062
dom,2005,74.6146011352539
dom,2007,80.51437377929688
dom,2008,85.78054809570312
dom,2009,82.21353149414062
dom,2010,83.58870697021484
dom,2011,76.3691177368164
dom,2012,75.62081146240234
dom,2013,77.75852966308594
dom,2014,77.5760269165039
dom,2015,78.19709777832031
dom,2016,85.15986633300781
dom,2017,85.53759002685547
dom,2018,89.95468139648438
dom,2019,84.13005065917969
dom,2020,85.71009063720703
dom,2021,69.73902893066406
dom,2022,78.08235168457031
dom,2023,76.3859634399414
dza,1971,9.692219734191896
dza,1972,9.379980087280272
dza,1973,11.20965003967285
dza,1974,13.83755970001221
dza,1975,17.49727058410645
dza,1976,18.34148025512695
dza,1977,21.53812980651855
dza,1978,25.45241928100586
dza,1979,29.91651916503906
dza,1980,31.61109924316406
dza,1982,35.03630065917969
dza,1984,41.43830108642578
dza,1985,43.81686019897461
dza,1989,61.77513885498047
dza,1990,58.81879043579102
dza,1991,58.28617095947266
dza,1992,61.48731994628906
dza,1993,59.66856002807617
dza,1994,58.65063095092773
dza,1995,57.80406188964844
dza,1996,56.80012130737305
dza,1997,51.76052856445313
dza,1999,54.56147003173828
dza,2000,51.47068023681641
dza,2001,54.82101058959961
dza,2002,61.41867065429688
dza,2003,62.84199142456055
dza,2004,64.37090301513672
dza,2005,75.58165740966797
dza,2006,69.6146469116211
dza,2007,63.64374160766602
dza,2008,58.45384979248047
dza,2009,65.2034683227539
dza,2010,59.91896057128906
dza,2011,71.34651947021484
dza,2012,114.3380508422852
dza,2013,91.09876251220705
dza,2014,81.85587310791016
dza,2015,75.72798156738281
dza,2016,77.12206268310547
dza,2018,79.27948760986328
dza,2019,77.44407653808594
dza,2021,83.26377868652344
dza,2022,74.74140930175781
dza,2023,82.09541320800781
dza,2024,81.47605895996094
ecu,1971,23.49028015136719
ecu,1972,24.6076602935791
ecu,1975,30.88039016723633
ecu,1976,34.66693115234375
ecu,1977,36.1644401550293
ecu,1978,39.12432861328125
ecu,1979,41.37821960449219
ecu,1981,44.65361022949219
ecu,1982,46.94057846069336
ecu,1983,48.08924865722656
ecu,1984,47.11339950561523
ecu,1985,49.59674072265625
ecu,1994,46.16402816772461
ecu,1999,53.93756103515625
ecu,2000,55.20185089111328
ecu,2001,55.16720962524414
ecu,2002,55.57888031005859
ecu,2003,55.55339050292969
ecu,2004,56.51905822753906
ecu,2005,58.370849609375
ecu,2006,59.90476989746094
ecu,2007,61.76055145263672
ecu,2009,77.19397735595703
ecu,2010,84.7901382446289
ecu,2011,82.30728149414062
ecu,2012,83.29134368896484
ecu,2013,89.95716094970703
ecu,2014,96.26113128662108
ecu,2015,98.06974029541016
ecu,2016,96.1001205444336
ecu,2017,92.19661712646484
ecu,2018,90.4998779296875
ecu,2019,89.84430694580078
ecu,2020,96.2876434326172
ecu,2021,99.1940689086914
ecu,2022,93.61721801757812
ecu,2023,90.46589660644533
egy,1975,34.873779296875
egy,1976,37.06533050537109
egy,1977,41.35520172119141
egy,1978,48.03432846069336
egy,1979,46.43661880493164
egy,1980,48.07514190673828
egy,1983,48.21952056884766
egy,1994,64.97805786132812
egy,2002,80.82237243652344
egy,2003,76.6675796508789
egy,2004,74.04730224609375
egy,2009,67.37442016601562
egy,2013,70.55296325683594
egy,2014,69.49169158935547
egy,2016,73.8387222290039
egy,2017,71.98738861083984
egy,2018,73.49749755859375
egy,2019,76.93180847167969
egy,2020,76.75829315185547
egy,2021,82.2641830444336
egy,2023,83.92896270751953
eri,1994,24.05307960510254
eri,1995,30.56831932067871
eri,1996,34.83815002441406
eri,1997,34.49330139160156
eri,1999,49.47755813598633
eri,2000,48.43775939941406
eri,2001,45.75568008422852
eri,2002,51.64974975585938
eri,2003,47.75204849243164
eri,2004,50.33840942382813
eri,2006,52.76456832885742
eri,2007,53.81132888793945
eri,2008,53.79602813720703
eri,2009,54.88082122802734
eri,2010,55.54243087768555
eri,2014,55.58710254084678
eri,2015,49.13143157958984
eri,2017,45.83137130737305
eri,2018,49.28665924072266
eri,2019,51.02168691474919
eri,2022,53.40428924560547
esp,1980,75.6717529296875
esp,1981,79.87068176269531
esp,1982,81.64476776123047
esp,1983,80.21172332763672
esp,1984,81.76219177246094
esp,1985,84.85428619384766
esp,1986,86.88091278076172
esp,1987,88.69204711914062
esp,1988,93.25221252441406
esp,1989,92.02046966552734
esp,1990,93.72927856445312
esp,1993,95.89788055419922
esp,1994,95.57608032226564
esp,2009,80.80612182617188
esp,2010,81.52577209472656
esp,2014,88.85919189453125
esp,2015,89.1406478881836
esp,2016,89.3663330078125
esp,2017,91.19808959960938
esp,2018,90.4036102294922
esp,2019,90.85124969482422
esp,2020,91.1838836669922
esp,2021,95.55039215087892
esp,2022,91.67932891845705
esp,2023,91.39808654785156
est,1995,89.48737335205078
est,1996,93.66564178466795
est,1999,86.0002670288086
est,2000,90.07673645019533
est,2001,93.50418853759766
est,2002,98.56508636474608
est,2004,100.8352966308594
est,2005,102.6826934814453
est,2006,106.0269012451172
est,2008,104.6812362670898
est,2009,107.829460144043
est,2010,107.1374282836914
est,2011,104.3848571777344
est,2012,102.1360015869141
est,2013,104.7360763549805
est,2014,103.8744735717773
est,2015,102.4143524169922
est,2016,100.8017501831055
est,2017,102.2439880371094
est,2018,99.69402313232422
est,2019,101.1541519165039
est,2020,98.48802185058594
est,2021,98.81133270263672
est,2022,99.96167755126952
est,2023,96.10897064208984
eth,1987,17.67625999450684
eth,1988,19.32711029052734
eth,1994,11.73779964447021
eth,1995,11.44184970855713
eth,1996,11.37242984771729
eth,1999,9.064450263977053
eth,2005,18.18304061889648
eth,2008,27.57085037231445
eth,2009,25.96931076049805
eth,2010,25.97457390190467
eth,2012,24.62969017028809
eth,2014,28.44896633287591
eth,2015,28.91580787822689
eth,2023,21.43998741114251
fin,1987,108.8487701416016
fin,1988,108.9603424072266
fin,1989,108.2015380859375
fin,1990,106.5051422119141
fin,1991,106.4771881103516
fin,1992,107.7170867919922
fin,1993,107.1393890380859
fin,1994,106.4101409912109
fin,2004,101.2347183227539
fin,2005,101.4120635986328
fin,2007,99.2449188232422
fin,2009,99.4255828857422
fin,2010,98.7855224609375
fin,2011,99.44403076171876
fin,2012,99.31732177734376
fin,2013,99.1702117919922
fin,2014,99.57626342773438
fin,2015,98.98831939697266
fin,2016,99.4827880859375
fin,2017,99.80454254150392
fin,2018,100.0258712768555
fin,2019,99.99830627441406
fin,2020,99.63619995117188
fin,2021,99.59500885009766
fin,2022,99.87448120117188
fin,2023,99.84903717041016
fji,1972,44.20552062988281
fji,1973,53.26427841186523
fji,1974,59.19535827636719
fji,1977,68.86479187011719
fji,1979,63.70244979858398
fji,1980,63.54473114013672
fji,1981,61.67789077758789
fji,1983,60.13830947875977
fji,1984,60.82120132446289
fji,1985,58.78163909912109
fji,1986,56.12812042236328
fji,2003,80.81678009033203
fji,2004,80.07415008544922
fji,2008,85.04856872558594
fji,2009,83.1156234741211
fji,2010,84.4644412191582
fji,2011,89.23076923076924
fji,2012,85.84652709960938
fji,2013,90.47647587653582
fji,2014,91.75827550205736
fji,2015,91.78604942133248
fji,2016,96.2019688790092
fji,2017,94.55304611880813
fji,2018,94.70186218571696
fji,2019,96.50646834572838
fji,2020,93.55301666259766
fji,2021,100.8696188479092
fji,2022,100.7329779500848
fji,2023,95.87678007507596
fra,1977,70.23829650878906
fra,1978,68.91996765136719
fra,1979,69.96286010742188
fra,1980,71.76107025146484
fra,1982,62.16352844238281
fra,1983,62.37636947631836
fra,1985,64.1942367553711
fra,1986,64.45540618896484
fra,1987,68.3287582397461
fra,1989,82.42771911621094
fra,1990,87.11431121826172
fra,1991,90.19595336914064
fra,1992,88.64697265625
fra,1993,88.98233795166016
fra,1994,78.76270294189453
fra,1995,77.48458862304688
fra,1996,79.62815856933594
fra,2005,89.91944122314453
fra,2006,98.26522827148438
fra,2007,97.3445281982422
fra,2008,99.46753692626952
fra,2009,97.72740173339844
fra,2010,96.58065032958984
fra,2011,97.19853973388672
fra,2012,98.71588134765624
fra,2013,97.2954330444336
fra,2014,97.228271484375
fra,2015,96.09105682373048
fra,2016,98.45285034179688
fra,2017,99.64927673339844
fra,2018,99.3440399169922
fra,2019,99.4796905517578
fra,2020,100.1158294677734
fra,2021,99.77329254150392
fra,2022,100.1256637573242
fsm,2013,80.96146508966044
fsm,2014,86.11430763329497
fsm,2015,83.85481852315394
fsm,2016,79.24292755126953
fsm,2017,80.016346546792
fsm,2018,83.14144736842105
fsm,2019,74.59807073954984
fsm,2020,73.74419586323343
fsm,2021,74.57627118644068
fsm,2022,76.56641604010025
fsm,2023,77.67820773930754
fsm,2024,75.14262428687857
gab,1971,9.322190284729004
gab,1972,10.58458042144775
gab,1973,12.13712978363037
gab,1974,15.0211296081543
gab,1980,16.09122085571289
gab,1981,15.51368045806885
gab,1983,14.37217998504639
gab,1984,15.50436019897461
gab,1985,15.90443992614746
gab,1986,15.83670997619629
gab,1987,15.0203104019165
gab,1988,14.97700977325439
gab,1995,20.17351913452148
gab,2019,54.13138753126362
gab,2021,51.61812647077873
gbr,2017,97.61737823486328
gbr,2018,97.84201049804688
gbr,2019,98.08006286621094
gbr,2020,97.99839782714844
gbr,2021,97.73419952392578
gbr,2022,99.41519927978516
geo,1995,81.51268005371094
geo,1996,80.00634765625
geo,1997,82.79155731201172
geo,1999,85.08390808105469
geo,2000,86.00865173339844
geo,2001,87.2672119140625
geo,2002,91.38227081298828
geo,2003,98.65670013427734
geo,2004,89.71904754638672
geo,2005,100.7088928222656
geo,2006,108.234016418457
geo,2007,117.4794464111328
geo,2008,113.8222274780273
geo,2009,110.57763671875
geo,2010,115.4585571289063
geo,2012,112.9248809814453
geo,2013,112.9766082763672
geo,2014,107.1314392089844
geo,2015,109.6111831665039
geo,2016,109.6308975219727
geo,2017,107.4018936157227
geo,2018,105.4637680053711
geo,2019,119.093017578125
geo,2020,119.3479614257813
geo,2021,102.3316192626953
geo,2022,98.04164123535156
geo,2023,93.64698028564452
gha,1971,46.20100021362305
gha,1972,47.03575897216797
gha,1974,47.93225860595703
gha,1975,47.01123046875
gha,1989,40.55134963989258
gha,1991,53.91942977905273
gha,1992,55.19068908691406
gha,1999,48.50231170654297
gha,2000,49.52798080444336
gha,2001,46.33855056762695
gha,2002,50.56212997436523
gha,2003,48.45719146728516
gha,2004,50.05746841430664
gha,2005,52.88779830932617
gha,2008,61.53876876831055
gha,2009,69.00418090820312
gha,2011,65.98162841796875
gha,2012,64.75730895996094
gha,2013,67.42252349853516
gha,2014,65.53633880615234
gha,2015,72.07489013671875
gha,2017,70.1976318359375
gha,2018,74.4140625
gha,2019,74.75009155273438
gib,2016,96.89922332763672
gib,2017,106.9124374389648
gib,2019,100.0
gib,2020,103.4146270751953
gib,2021,103.6697235107422
gib,2022,101.5151519775391
gib,2023,103.8297882080078
gin,1980,11.39062023162842
gin,1981,8.334939956665039
gin,1985,8.491439819335938
gin,1986,7.226739883422852
gin,1987,6.692520141601563
gin,1988,5.4475998878479
gin,1989,6.140789985656738
gin,1990,6.782040119171143
gin,1991,7.858260154724121
gin,1992,7.634329795837402
gin,1993,8.196660041809082
gin,1994,10.34611034393311
gin,1998,9.572990417480469
gin,2000,11.36445045471191
gin,2001,12.52270984649658
gin,2003,16.44816970825195
gin,2004,21.22580909729004
gin,2005,22.92593955993652
gin,2006,24.68717956542969
gin,2007,30.00589942932129
gin,2009,33.06151962280273
gin,2010,34.44218063354492
gin,2011,30.3211498260498
gin,2012,34.98612976074219
gin,2013,35.12855911254883
gin,2014,34.38887023925781
gin,2016,30.97254503195817
gin,2018,33.86823965690507
gin,2019,34.04256065436918
gin,2020,34.4574089050293
gin,2021,34.72983973204158
gin,2023,40.06361206736064
glp,1991,82.04277038574219
glp,1992,75.42632293701172
gmb,1974,9.389180183410645
gmb,1976,10.12082958221436
gmb,1977,10.7730598449707
gmb,1978,10.19729042053223
gmb,1979,12.20049953460693
gmb,1980,12.19493961334229
gmb,1981,12.4261999130249
gmb,1982,13.00691986083984
gmb,1983,14.11079025268555
gmb,1984,15.28839015960693
gmb,1985,16.94986915588379
gmb,1986,18.46917915344238
gmb,1987,19.075439453125
gmb,1999,31.96895980834961
gmb,2000,33.87026977539063
gmb,2001,33.87277984619141
gmb,2002,33.59748077392578
gmb,2003,42.42208099365234
gmb,2004,48.23603820800781
gmb,2005,52.39469909667969
gmb,2006,51.53910064697266
gmb,2007,49.05514144897461
gmb,2008,44.85604095458984
gmb,2009,47.27780151367188
gmb,2010,47.13238143920898
gmb,2011,50.89588377723972
gmb,2012,52.84877197356938
gmb,2013,53.83417033924363
gmb,2014,54.3159969430031
gmb,2015,55.18866056934711
gmb,2016,52.78118728934089
gmb,2017,51.52366213866758
gmb,2018,52.59324445775913
gmb,2019,52.38069146896061
gmb,2020,53.70399844377244
gmb,2021,57.5554833079516
gmb,2022,55.30300536554857
gmb,2023,58.02613833408259
gmb,2024,60.03732045411779
gnb,1976,1.385460019111633
gnb,1977,2.140870094299316
gnb,1978,3.339720010757446
gnb,1979,2.352720022201538
gnb,1981,2.620539903640747
gnb,1982,5.131120204925537
gnb,1983,2.40585994720459
gnb,1984,6.942269802093506
gnb,1985,5.751930236816406
gnb,1987,3.189340114593506
gnb,1989,3.895380020141602
gnb,2000,13.15944957733154
gnb,2010,36.31988906860352
gnq,2000,11.80550003051758
gnq,2005,12.8251895904541
gnq,2011,19.11396026611328
gnq,2012,22.11875915527344
gnq,2015,18.88721084594727
grc,1971,50.1083984375
grc,1972,51.2205810546875
grc,1973,57.23601913452148
grc,1974,56.8336181640625
grc,1975,57.23635864257813
grc,1976,64.45581817626953
grc,1977,63.46482849121094
grc,1978,65.15087890625
grc,1979,68.24456787109375
grc,1980,71.84661102294922
grc,1982,79.03536987304688
grc,1983,80.05528259277344
grc,1984,78.58435821533203
grc,1985,81.12657928466797
grc,1986,82.65750885009766
grc,1987,84.68824005126953
grc,1988,86.56729888916016
grc,1989,86.30989837646484
grc,1990,84.4505615234375
grc,1991,85.45014953613281
grc,1992,86.62406158447266
grc,2005,85.48919677734375
grc,2006,81.03923034667969
grc,2007,92.40177917480467
grc,2010,101.3906631469727
grc,2011,97.86451721191406
grc,2012,98.15081787109376
grc,2013,94.9099578857422
grc,2014,90.75112915039064
grc,2015,94.89701080322266
grc,2016,92.84961700439452
grc,2017,93.84867095947266
grc,2018,93.33489990234376
grc,2019,93.9472885131836
grc,2020,93.22279357910156
grc,2021,94.04705810546876
grc,2022,95.23387908935548
grd,1983,51.32818984985352
grd,1993,76.85038757324219
grd,2002,94.21922302246094
grd,2003,93.4339599609375
grd,2005,82.35765838623047
grd,2007,81.41197204589844
grd,2008,88.65348052978516
grd,2009,109.0325775146484
grd,2013,105.1336898395722
grd,2014,99.57196044921876
grd,2015,87.22724914550781
grd,2016,101.0539398193359
grd,2018,94.5048309178744
grd,2021,99.53569355774812
grd,2022,95.46498277841562
grd,2023,89.38961779806047
gtm,1971,8.245320320129395
gtm,1975,11.11229038238525
gtm,1976,13.33082962036133
gtm,1979,18.70766067504883
gtm,1980,18.95965003967285
gtm,1999,27.46989059448242
gtm,2000,30.13600921630859
gtm,2001,33.05207824707031
gtm,2002,36.20024108886719
gtm,2004,38.52531051635742
gtm,2005,40.29042816162109
gtm,2006,44.41498184204102
gtm,2007,46.74248123168945
gtm,2008,49.12807846069336
gtm,2009,51.98352813720703
gtm,2010,55.29397964477539
gtm,2011,58.78071975708008
gtm,2012,58.57912063598633
gtm,2013,56.84580993652344
gtm,2014,58.82582855224609
gtm,2015,62.70399856567383
gtm,2016,63.87406158447266
gtm,2017,58.33086013793945
gtm,2018,58.32926177978516
gtm,2019,58.18740844726563
gtm,2020,57.49150848388672
gtm,2021,55.65721130371094
gtm,2022,50.18743896484375
gtm,2023,49.49542999267578
guy,1971,50.97871017456055
guy,1972,45.45648956298828
guy,1973,46.53792190551758
guy,1974,45.75981903076172
guy,1976,46.87593841552734
guy,1978,71.64103698730469
guy,1979,71.05872344970703
guy,1980,75.54765319824219
guy,1981,83.61849212646484
guy,1982,80.58737182617188
guy,1983,69.53909301757812
guy,1984,64.89389038085938
guy,1987,78.0040283203125
guy,1991,83.16974639892578
guy,1992,75.78736877441406
guy,1993,75.3314208984375
guy,1996,79.76921844482422
guy,1997,80.51766204833984
guy,1999,77.68849182128906
guy,2000,89.25048828125
guy,2001,73.12960815429688
guy,2008,74.6534194946289
guy,2009,79.14521026611328
guy,2010,81.29685974121094
hkg,1980,50.9105110168457
hkg,1981,55.7376594543457
hkg,1982,63.85710144042969
hkg,1983,72.85517883300781
hkg,1984,69.18128204345703
hkg,1985,64.6336898803711
hkg,1991,73.14546203613281
hkg,1992,75.46153259277344
hkg,1993,76.59049987792969
hkg,1994,77.48658752441406
hkg,1995,77.38601684570312
hkg,1996,78.07626342773438
hkg,2001,92.0
hkg,2002,91.6201171875
hkg,2003,90.98361206054688
hkg,2004,95.04971313476564
hkg,2005,93.11373901367188
hkg,2006,102.0759811401367
hkg,2007,98.36331939697266
hkg,2008,102.3584365844727
hkg,2009,98.73747253417967
hkg,2010,97.13365173339844
hkg,2011,97.4772720336914
hkg,2012,96.56201171875
hkg,2013,104.2388305664063
hkg,2014,104.7583923339844
hkg,2015,103.6169204711914
hkg,2016,113.9347763061523
hkg,2017,103.3289489746094
hkg,2018,96.02351379394533
hkg,2019,96.46617889404295
hkg,2020,112.3555068969727
hnd,1991,24.65357971191406
hnd,2005,43.09141159057617
hnd,2007,46.31993865966797
hnd,2012,43.78031158447266
hnd,2013,37.40776824951172
hnd,2014,46.59814071655273
hnd,2016,44.54610824584961
hnd,2019,42.36455154418945
hnd,2020,41.90650939941406
hnd,2021,37.76391983032227
hnd,2023,36.10918045043945
hrv,1994,88.59243774414062
hrv,1995,89.41777038574219
hrv,1996,89.55819702148438
hrv,1997,87.57048034667969
hrv,1999,90.56964111328124
hrv,2001,101.7270812988281
hrv,2002,103.3690719604492
hrv,2003,98.90807342529295
hrv,2005,100.306282043457
hrv,2006,97.90109252929688
hrv,2007,100.1828994750977
hrv,2008,95.7729721069336
hrv,2009,98.79141235351564
hrv,2010,97.96678924560548
hrv,2011,97.93766021728516
hrv,2012,96.11634826660156
hrv,2016,99.99748992919922
hrv,2017,98.17994689941406
hrv,2018,98.6393814086914
hrv,2019,101.3949966430664
hrv,2020,98.59636688232422
hrv,2021,99.86628723144533
hrv,2022,101.6260833740234
hti,1977,7.495810031890869
hti,1978,8.80858039855957
hti,1979,10.18972969055176
hti,1980,10.80935001373291
hti,1981,12.25912952423096
hti,1982,12.4307804107666
hti,1983,14.01871013641357
hti,1985,17.35298919677734
hti,1986,15.15979957580566
hti,1987,16.30672073364258
hti,1988,16.27959060668945
hti,1989,17.29077911376953
hti,1990,17.68117904663086
hti,1991,18.09255027770996
hti,1997,27.42996978759766
hun,1971,84.87286376953125
hun,1972,88.27387237548828
hun,1973,88.11945343017578
hun,1974,89.76924896240234
hun,1975,88.29721069335938
hun,1976,87.04667663574219
hun,1977,92.45053863525392
hun,1978,91.37793731689452
hun,1979,92.287353515625
hun,1980,93.13426971435548
hun,1981,95.73641204833984
hun,1982,96.87844848632812
hun,1983,92.22255706787108
hun,1984,92.4744873046875
hun,1985,90.54823303222656
hun,1986,91.76510620117188
hun,1987,91.38761138916016
hun,1988,99.03697967529295
hun,1989,94.47209167480467
hun,1990,87.10687255859375
hun,1991,89.8224868774414
hun,1992,88.98332214355469
hun,1993,89.2332763671875
hun,1997,92.77310943603516
hun,2013,95.17400360107422
hun,2014,95.29810333251952
hun,2015,93.64125823974608
hun,2016,93.4738998413086
hun,2017,93.65847778320312
hun,2018,94.87075805664064
hun,2019,95.28854370117188
hun,2020,93.76448822021484
hun,2021,98.2826690673828
hun,2022,95.93743896484376
hun,2023,93.6632080078125
idn,1971,12.79848003387451
idn,1984,36.01351928710938
idn,1985,38.51937866210938
idn,1986,40.80588150024414
idn,1988,49.96878814697266
idn,1995,51.61946105957031
idn,2002,71.11107635498047
idn,2003,74.10022735595703
idn,2004,74.67149353027344
idn,2005,71.0544662475586
idn,2006,73.26560974121094
idn,2007,79.59561920166016
idn,2008,76.1189193725586
idn,2009,82.4980697631836
idn,2010,84.22230201110652
idn,2011,88.3502764954297
idn,2012,82.01148132170289
idn,2013,81.45252344951946
idn,2014,89.68960465079664
idn,2015,95.78647261558676
idn,2016,99.20776517179608
idn,2017,95.1407555102209
idn,2018,100.2145156654016
idn,2019,100.9844193113142
idn,2020,99.28651862128147
idn,2021,98.32999942006356
idn,2022,100.685474661048
idn,2023,97.65151365319772
ind,1987,42.48234939575195
ind,1988,43.44689178466797
ind,1989,43.69208145141602
ind,2002,55.65884017944336
ind,2003,58.93827819824219
ind,2006,64.90550231933594
ind,2008,70.5070571899414
ind,2011,78.9787047633292
ind,2013,82.45750206232876
ind,2014,86.97458431477872
ind,2015,86.12118976372508
ind,2016,86.25971124383169
ind,2017,85.97372272020478
ind,2019,85.77205657958984
ind,2020,88.21804809570312
ind,2021,90.23415682398638
ind,2022,90.03732944352136
ind,2023,85.47740685363696
ind,2024,87.28213898648126
irl,1996,97.39904022216795
irl,1997,98.08870697021484
irl,1998,96.1413803100586
irl,1999,95.82578277587892
irl,2000,97.01641845703124
irl,2001,97.00375366210938
irl,2002,97.97255706787108
irl,2003,98.32364654541016
irl,2004,97.8605499267578
irl,2005,99.32318115234376
irl,2006,98.51204681396484
irl,2007,98.52217864990234
irl,2008,97.79070281982422
irl,2009,98.67719268798828
irl,2010,99.90876770019533
irl,2011,100.3377838134766
irl,2014,100.8499298095703
irl,2015,98.85193634033205
irl,2016,99.40218353271484
irl,2017,100.1121978759766
irl,2018,99.05756378173828
irl,2019,101.1748504638672
irl,2020,100.3171463012695
irl,2021,100.0476989746094
irl,2022,102.8039932250977
irn,1984,38.79344177246094
irn,1985,42.88011932373047
irn,1986,45.66970825195313
irn,1987,46.44161987304688
irn,1988,50.77017974853516
irn,1989,52.44351959228516
irn,1990,58.10361099243164
irn,1991,55.13816833496094
irn,1993,62.89194869995117
irn,1994,68.15496826171875
irn,2000,74.65638732910156
irn,2001,73.04505157470703
irn,2002,72.40026092529297
irn,2003,80.52754974365234
irn,2006,81.7847671508789
irn,2008,86.44316864013672
irn,2009,89.73719024658203
irn,2010,86.24754333496094
irn,2011,87.19149017333984
irn,2012,88.4405517578125
irn,2016,85.84293365478516
irn,2017,86.80531311035156
irn,2020,86.63004302978516
irq,1971,18.6221809387207
irq,1972,26.75198936462402
irq,1973,26.9406795501709
irq,1974,24.07464027404785
irq,1975,32.51129150390625
irq,1976,31.37466049194336
irq,1977,27.00514030456543
irq,1978,31.86274909973145
irq,1979,35.13185119628906
irq,1980,35.74279022216797
irq,1983,34.8160514831543
irq,1985,35.87042999267578
irq,1986,35.3130989074707
irq,1987,31.94342041015625
irq,1988,34.13953018188477
irq,1989,30.71232986450195
irq,1993,29.65810966491699
irq,1999,24.90690994262695
irq,2000,27.86790084838867
irq,2004,45.85892868041992
irq,2007,44.90190887451172
isl,1998,100.0
isl,1999,98.84651947021484
isl,2000,99.24205017089844
isl,2001,99.25507354736328
isl,2002,99.6147918701172
isl,2003,99.68810272216795
isl,2004,99.07566833496094
isl,2005,99.51219940185548
isl,2006,98.6785125732422
isl,2007,98.57362365722656
isl,2008,98.45011138916016
isl,2009,98.2247314453125
isl,2010,97.76766204833984
isl,2011,98.19126892089844
isl,2012,98.24443817138672
isl,2013,98.57306671142578
isl,2014,98.61239624023438
isl,2015,98.66007995605467
isl,2016,98.39038848876952
isl,2017,98.7948989868164
isl,2018,97.88397979736328
isl,2019,98.79879760742188
isl,2020,97.98716735839844
isl,2021,96.27081298828124
isr,2002,92.3039321899414
isr,2003,92.40921783447266
isr,2004,96.4322509765625
isr,2005,93.0681381225586
isr,2006,90.15283966064452
isr,2007,90.84983825683594
isr,2008,87.4837417602539
isr,2009,88.61096954345703
isr,2010,94.35368347167967
isr,2011,91.38529205322266
isr,2012,94.06462860107422
isr,2013,95.4194793701172
isr,2014,94.97183227539064
isr,2015,97.95671081542967
isr,2016,94.96127319335938
isr,2017,93.88761901855467
isr,2018,96.64939880371094
isr,2019,94.19273376464844
isr,2020,97.40276336669922
isr,2021,93.7484893798828
isr,2022,93.72161865234376
ita,1971,72.31532287597656
ita,1972,75.9288330078125
ita,1973,79.41297149658203
ita,1974,79.43726348876953
ita,1975,84.35652160644531
ita,1976,88.10626983642578
ita,1977,88.81826782226562
ita,1978,91.35037994384766
ita,1979,90.38677215576172
ita,1980,90.7563705444336
ita,1981,90.53125
ita,1982,88.81687927246094
ita,1983,92.97119140625
ita,1984,92.30033111572266
ita,1985,92.42223358154295
ita,1986,94.16361236572266
ita,1987,94.71956634521484
ita,1988,95.12264251708984
ita,1989,95.1633071899414
ita,1990,96.47650909423828
ita,1991,97.44796752929688
ita,1992,99.94348907470705
ita,1993,102.3262329101563
ita,1994,99.52783203125
ita,1995,97.4726104736328
ita,1996,101.2949066162109
ita,1997,102.3057022094727
ita,1999,102.6450271606445
ita,2001,102.4937133789063
ita,2002,101.7747116088867
ita,2003,101.3753662109375
ita,2004,100.650749206543
ita,2005,100.8749694824219
ita,2006,101.6045684814453
ita,2007,101.9614181518555
ita,2008,100.4193267822266
ita,2009,100.1487503051758
ita,2010,99.82891845703124
ita,2011,101.9782104492188
ita,2012,100.1583023071289
ita,2013,100.6880187988281
ita,2014,99.98285675048828
ita,2015,98.72683715820312
ita,2016,99.16130065917967
ita,2017,99.39148712158205
ita,2018,99.17079162597656
ita,2019,99.06925964355467
ita,2020,99.72463989257812
ita,2021,99.66014099121094
ita,2022,95.92867279052734
ita,2023,96.32908630371094
jam,1976,80.03988647460938
jam,1977,78.5645523071289
jam,1980,91.36817169189452
jam,1981,91.8999481201172
jam,1983,89.88053894042969
jam,1984,90.39804840087892
jam,1985,90.49539184570312
jam,1986,88.52401733398438
jam,1990,95.8855209350586
jam,1991,99.74894714355467
jam,1993,95.64057159423828
jam,2000,91.23841857910156
jam,2001,90.16895294189452
jam,2002,88.40168762207031
jam,2003,89.06774139404297
jam,2004,96.8198699951172
jam,2009,93.98103332519533
jam,2010,96.8449478149414
jam,2011,94.71771240234376
jam,2013,94.6122817993164
jam,2014,90.77098083496094
jam,2015,95.02928161621094
jam,2016,94.15481832543443
jam,2017,87.646728515625
jam,2018,82.90396118164062
jam,2019,83.85691833496094
jam,2020,82.58104705810547
jam,2023,83.89634704589844
jor,1988,44.78464889526367
jor,1989,58.45420074462891
jor,2002,83.84185791015625
jor,2003,83.97554779052734
jor,2004,82.77433776855469
jor,2006,81.37767791748047
jor,2007,84.50737762451172
jor,2008,85.97627258300781
jor,2011,90.9810028076172
jor,2012,91.01085662841795
jor,2013,87.0047836303711
jor,2014,90.0145263671875
jor,2017,84.61070251464844
jor,2018,87.87618255615234
jor,2019,90.63150787353516
jor,2020,92.54701995849608
jor,2021,92.2226104736328
jor,2022,89.98307037353516
jor,2023,93.3765106201172
jpn,1971,100.2238235473633
jpn,1972,102.6412734985352
jpn,1973,94.38445281982422
jpn,1974,101.4992294311523
jpn,1975,99.88497924804688
jpn,1976,100.6999435424805
jpn,1977,101.4911270141602
jpn,1978,102.0833587646484
jpn,1979,99.79653167724608
jpn,1980,100.7450790405273
jpn,1981,123.9320678710938
jpn,1982,85.85962677001953
jpn,1983,102.8991470336914
jpn,1984,101.5203094482422
jpn,1985,96.51985168457033
jpn,1986,95.18605041503906
jpn,1987,96.41252899169922
jpn,1988,95.966552734375
jpn,1989,99.19464874267578
jpn,1990,103.2693023681641
jpn,1991,102.1583709716797
jpn,1992,102.3142929077148
jpn,1994,104.3753662109375
kaz,1994,86.25325012207031
kaz,1997,91.34824371337892
kaz,2000,88.15100860595703
kaz,2001,92.35269927978516
kaz,2002,91.70487213134766
kaz,2003,90.02342987060547
kaz,2004,93.70364379882812
kaz,2005,93.99333953857422
kaz,2006,94.9243392944336
kaz,2007,95.65628814697266
kaz,2008,96.9343719482422
kaz,2009,102.5611801147461
kaz,2010,108.3158526760606
kaz,2011,99.42161825284632
kaz,2012,98.54332745395962
kaz,2013,101.3281637743437
kaz,2014,97.88817198849016
kaz,2015,98.1986213550328
kaz,2016,102.9243244148838
kaz,2017,96.0292848500865
kaz,2018,94.7277909587427
kaz,2019,95.95784322950976
kaz,2020,90.39999183412384
kaz,2021,90.36105280155012
kaz,2022,91.2358878459498
kaz,2023,93.83923020322952
kaz,2024,93.98633382928308
ken,1971,13.58825969696045
ken,1972,15.08897972106934
ken,2014,79.22434596016154
ken,2015,80.6297378540039
ken,2016,81.13919012695087
kgz,1995,80.70883178710938
kgz,2001,90.38551330566406
kgz,2002,90.21659088134766
kgz,2003,87.13533782958984
kgz,2004,86.14151000976562
kgz,2005,87.03231048583984
kgz,2006,86.38256072998047
kgz,2007,86.73158264160156
kgz,2008,84.15838623046875
kgz,2009,86.3731689453125
kgz,2010,90.84890798116407
kgz,2011,90.53727154552732
kgz,2012,88.4885851756231
kgz,2013,89.7032545053608
kgz,2014,89.7335274982979
kgz,2015,88.02340254674773
kgz,2016,88.62740109400839
kgz,2017,91.90057353626652
kgz,2018,92.716345436273
kgz,2019,92.3196698604358
kgz,2020,94.69450331424449
kgz,2021,91.78678318635156
kgz,2022,92.72700621674988
kgz,2023,92.52027272360512
kgz,2024,95.38436894536912
khm,1997,17.25178909301758
khm,1999,23.74991035461426
khm,2001,17.2120304107666
khm,2002,24.19573974609375
khm,2003,28.12730979919434
khm,2004,30.43548965454102
khm,2005,33.87749099731445
khm,2006,36.42065811157227
khm,2007,41.39294815063477
khm,2008,46.28401947021484
khm,2010,49.26459884643555
khm,2011,46.71986715254393
khm,2012,46.12692723278263
khm,2013,44.76161585182913
khm,2014,45.31903369811308
khm,2015,49.49610900878906
khm,2016,46.66901988469231
khm,2017,51.40519639741594
khm,2018,55.80564880371094
khm,2019,53.24206924438477
khm,2020,53.95251083374023
khm,2021,53.66322621866202
khm,2022,57.97801097979188
khm,2023,58.53584324944136
kir,1979,13.8344898223877
kir,1980,14.34782981872559
kir,1981,15.34743022918701
kir,1982,11.61676979064941
kir,1983,14.26844024658203
kir,1984,14.88169002532959
kir,1986,22.13946914672852
kir,1989,39.42446136474609
kir,1990,41.38669967651367
kir,1991,50.10512161254883
kir,1992,46.44808959960938
kir,2014,95.8762886597938
kir,2015,92.6458157227388
kir,2016,83.75325775146484
kir,2020,104.2479400634766
kir,2021,100.1228485107422
kir,2022,93.29457092285156
kir,2023,100.1480407714844
kna,2001,101.0799102783203
kna,2003,95.55796051025392
kna,2004,93.81214904785156
kna,2007,122.1534729003906
kna,2008,118.8131332397461
kna,2009,116.4974594116211
kna,2010,116.8797988891602
kna,2011,117.4582824707031
kna,2013,112.2828826904297
kna,2014,110.8478775024414
kna,2015,124.8021087646484
kna,2016,123.5042724609375
kna,2017,126.1904761904762
kna,2018,127.7691107644306
kna,2019,120.1309328968903
kna,2020,111.2540192926045
kna,2021,118.4496124031008
kna,2022,116.4133738601824
kna,2023,119.7492163009404
kor,1971,46.65356826782227
kor,1972,49.77304840087891
kor,1973,52.3957405090332
kor,1976,67.3205795288086
kor,1977,70.69535064697266
kor,1978,73.46047973632812
kor,1979,84.52008819580078
kor,1980,86.05204010009766
kor,1982,97.26426696777344
kor,1983,90.8594970703125
kor,1984,92.90519714355467
kor,1985,90.9655990600586
kor,1986,92.43759918212892
kor,1987,100.3072204589844
kor,1988,100.1606903076172
kor,1995,97.64125061035156
kor,1998,97.86032104492188
kor,1999,94.59506225585938
kor,2000,100.5185699462891
kor,2001,99.56040954589844
kor,2002,99.39083099365234
kor,2003,99.1793212890625
kor,2004,98.67755889892578
kor,2005,94.51396942138672
kor,2006,98.81006622314452
kor,2007,99.41948699951172
kor,2008,98.35225677490234
kor,2009,98.24249267578124
kor,2010,99.17015075683594
kor,2011,98.98155212402344
kor,2012,100.3265075683594
kor,2013,100.4031982421875
kor,2014,96.22435760498048
kor,2015,101.0020065307617
kor,2016,103.3276977539063
kor,2017,97.29843139648438
kor,2018,99.49519348144533
kor,2019,102.5881881713867
kor,2020,96.08464050292967
kor,2021,95.16210174560548
kor,2022,98.38513946533205
kwt,1973,39.87807846069336
kwt,1974,38.61336898803711
kwt,1975,36.66426849365234
kwt,1976,45.76065063476563
kwt,1977,48.48427963256836
kwt,1978,46.75484848022461
kwt,1979,49.23437118530273
kwt,1980,55.76602935791016
kwt,1981,67.96582794189453
kwt,1982,76.1710205078125
kwt,1983,79.5627212524414
kwt,1984,86.90824127197266
kwt,1985,81.53472900390625
kwt,1988,64.72521209716797
kwt,1992,60.10047149658203
kwt,1994,66.71063995361328
kwt,1995,84.86866760253906
kwt,1996,89.819580078125
kwt,1997,87.10922241210938
kwt,1999,77.52144622802734
kwt,2000,83.14804077148438
kwt,2001,80.60185241699219
kwt,2002,87.83611297607422
kwt,2003,91.12581634521484
kwt,2004,96.04947662353516
kwt,2005,109.8894195556641
kwt,2006,80.05287170410156
kwt,2007,98.17324066162108
kwt,2008,95.02308654785156
kwt,2009,95.25502777099608
kwt,2010,94.66127777099608
kwt,2012,96.96331024169922
kwt,2013,92.54501342773438
kwt,2016,84.79396057128906
kwt,2017,85.37158203125
kwt,2018,85.25302124023438
kwt,2019,83.8155288696289
kwt,2020,89.00634765625
kwt,2021,85.3282699584961
lao,1971,1.448879957199097
lao,1972,1.636989951133728
lao,1973,1.722100019454956
lao,1974,2.047110080718994
lao,1988,21.75019073486328
lao,1990,22.13924026489258
lao,1992,20.30986976623535
lao,1993,21.6399097442627
lao,1994,22.60606002807617
lao,1997,25.85375022888184
lao,1999,31.77776908874512
lao,2000,34.50460052490234
lao,2001,36.03440093994141
lao,2002,39.83457183837891
lao,2003,42.61777877807617
lao,2004,44.66986846923828
lao,2005,44.29677963256836
lao,2006,42.68772125244141
lao,2007,42.94060134887695
lao,2008,44.61351013183594
lao,2009,47.69050979614258
lao,2010,42.93148040771484
lao,2011,44.64430045977925
lao,2012,46.9993716661542
lao,2013,49.48223323175814
lao,2014,53.6639604893689
lao,2015,60.11203657900717
lao,2016,64.51798658627465
lao,2017,68.13825815194845
lao,2018,66.24684264579344
lao,2019,64.78724140316889
lao,2020,61.69232344608663
lao,2021,60.92521337389284
lao,2022,58.17859531772576
lao,2023,54.65577315871681
lao,2024,51.02058513547767
lbn,1973,34.83789825439453
lbn,1997,43.52550888061523
lbn,2023,52.91913986206055
lbr,1978,20.75229072570801
lbr,2000,36.78440856933594
lbr,2008,33.12451171875
lbr,2009,37.39950180053711
lbr,2011,40.71970518101019
lbr,2014,36.09598944232579
lbr,2016,40.84971813556992
lbr,2017,42.93423694779116
lbr,2021,43.8260451482323
lbr,2022,44.51178451178451
lca,1983,38.28216934204102
lca,1984,35.78947067260742
lca,1986,46.80233001708984
lca,1987,44.89736938476563
lca,1999,73.0171890258789
lca,2000,77.00698852539062
lca,2001,76.42487335205078
lca,2002,76.22807312011719
lca,2003,74.6036376953125
lca,2004,72.74584197998047
lca,2005,76.11897277832031
lca,2007,86.36627960205078
lca,2008,87.52586364746094
lca,2009,112.0979614257813
lca,2010,99.7331771850586
lca,2011,94.45635986328124
lca,2012,92.6743392944336
lca,2013,89.9966812133789
lca,2014,90.17976379394533
lca,2016,90.14035034179688
lca,2017,92.57755279541016
lca,2018,86.02355194091797
lca,2019,89.53263854980469
lca,2021,87.80587275693311
lca,2022,87.08622741699219
lca,2023,84.75263977050781
lie,2003,73.10513305664062
lie,2005,71.53109741210938
lie,2006,73.0310287475586
lie,2007,83.74717712402344
lie,2008,100.4950485229492
lie,2009,108.7356262207031
lie,2010,119.1066970825195
lie,2011,104.8997802734375
lie,2014,105.4455413818359
lie,2015,95.3431396484375
lie,2016,95.9036102294922
lie,2017,98.44960784912108
lie,2018,63.88888931274414
lie,2019,97.44317626953124
lie,2020,98.5148468017578
lie,2021,94.45844268798828
lka,1970,39.79542922973633
lka,1971,40.85797119140625
lka,1972,46.94364166259766
lka,1973,62.4847297668457
lka,1974,56.63605880737305
lka,1975,57.84833145141602
lka,1976,7.186860084533691
lka,1977,20.06789970397949
lka,1979,77.20832824707031
lka,1980,77.64082336425781
lka,1981,62.08710098266602
lka,1982,39.04143905639648
lka,1983,70.2895278930664
lka,1984,78.84174346923828
lka,1985,73.55680084228516
lka,1986,80.66134643554688
lka,1987,63.21786117553711
lka,1989,67.73152923583984
lka,1990,69.36515045166016
lka,1991,69.84552764892578
lka,1992,71.30049133300781
lka,1998,85.0849609375
lka,2001,85.28839111328125
lka,2002,86.01583862304688
lka,2003,89.68573760986328
lka,2005,93.60710906982422
lka,2006,96.52720642089844
lka,2007,92.46765899658205
lka,2009,85.70198059082031
lka,2010,92.33947085217616
lka,2011,90.94779678559458
lka,2012,88.13971469211656
lka,2013,92.54772806700588
lka,2014,93.97836227001814
lka,2015,94.14438883256692
lka,2016,92.00970594189552
lka,2017,92.58812810988856
lka,2019,92.58124945064604
lka,2020,94.87742387579245
lka,2021,96.91907750381452
lka,2022,95.64765471614064
lka,2023,91.92124877573718
lso,1972,6.497079849243164
lso,1973,12.26548957824707
lso,1986,18.88385009765625
lso,1987,19.4379997253418
lso,1998,23.54059028625488
lso,1999,25.4500904083252
lso,2000,24.26268005371094
lso,2001,25.86878967285156
lso,2002,25.38611030578613
lso,2003,25.80340003967285
lso,2004,27.83773994445801
lso,2005,29.06295013427734
lso,2006,30.43746948242188
lso,2007,30.24167060852051
lso,2008,32.53596115112305
lso,2009,39.77499008178711
lso,2010,44.29527256773061
lso,2012,45.87234042553192
lso,2013,45.37212184462853
lso,2014,48.3277853488528
lso,2016,46.69061172856239
lso,2017,45.78029642545772
lso,2018,46.25224322857978
lso,2019,43.61905553708015
lso,2020,48.34368310620351
lso,2022,47.22345062859309
lso,2023,40.6143896523848
ltu,1989,0.0
ltu,1995,82.12947082519531
ltu,1996,90.54995727539064
ltu,1997,82.1126480102539
ltu,1999,63.88417816162109
ltu,2000,80.34336853027344
ltu,2001,90.53309631347656
ltu,2002,96.3496322631836
ltu,2003,96.525146484375
ltu,2011,103.0432586669922
ltu,2012,102.8973922729492
ltu,2013,106.4439086914063
ltu,2014,96.06491088867188
ltu,2015,97.21418762207033
ltu,2016,97.35877227783205
ltu,2017,89.22183227539062
ltu,2018,89.54678344726562
ltu,2019,92.84307098388672
ltu,2020,99.84120941162108
ltu,2021,96.53881072998048
ltu,2022,100.2845230102539
lux,1971,27.69354057312012
lux,1972,24.40117073059082
lux,1973,21.97823905944824
lux,1974,19.69894027709961
lux,1975,39.47613143920898
lux,1976,40.9941291809082
lux,1977,51.88908004760742
lux,1978,53.88277816772461
lux,1979,53.88217926025391
lux,1980,55.4068717956543
lux,1985,24.54752922058105
lux,1987,22.64413070678711
lux,1988,21.17849922180176
lux,2006,96.94711303710938
lux,2007,94.81099700927734
lux,2008,93.42967987060548
lux,2010,100.227897644043
lux,2011,99.45157623291016
lux,2012,108.8000030517578
lux,2013,102.3721771240234
lux,2014,100.1749420166016
lux,2015,94.93670654296876
lux,2016,101.175163269043
lux,2017,98.41043090820312
lux,2018,118.5191116333008
lux,2019,116.9901428222656
lux,2020,100.276969909668
lux,2021,99.39813232421876
lux,2022,98.32791137695312
lva,1995,83.32820892333984
lva,1996,85.71343231201172
lva,1997,88.82852935791016
lva,2013,104.6511611938477
lva,2014,99.87355041503906
lva,2015,95.57563018798828
lva,2016,96.21353149414064
lva,2017,98.8085708618164
lva,2018,99.35904693603516
lva,2019,96.89453887939452
lva,2020,98.348388671875
lva,2021,96.99542236328124
lva,2022,95.34239959716795
lva,2023,95.03143310546876
mac,1990,67.6553726196289
mac,1992,72.45068359375
mac,1993,64.85885620117188
mac,1999,71.1255874633789
mac,2000,70.07823944091797
mac,2001,70.43756866455078
mac,2002,73.77391052246094
mac,2003,79.61006927490234
mac,2004,86.45809173583984
mac,2005,92.72994995117188
mac,2006,91.58621215820312
mac,2007,89.54862976074219
mac,2008,83.15203094482422
mac,2009,83.34037017822266
mac,2010,85.0750503540039
mac,2011,89.37519073486328
mac,2012,93.5390396118164
mac,2013,95.66667175292967
mac,2014,99.64705657958984
mac,2015,99.9565200805664
mac,2016,100.5348815917969
mac,2017,96.9534912109375
mac,2018,87.29544830322266
mac,2019,84.58695983886719
mac,2020,85.27082824707031
mac,2021,89.82353210449219
mac,2022,85.375
mac,2023,92.9272689819336
mar,1971,11.91211986541748
mar,1972,11.26309967041016
mar,1973,9.749879837036133
mar,1975,12.08874034881592
mar,1976,13.7336597442627
mar,1977,14.28182983398438
mar,1978,16.24181938171387
mar,1979,19.53185081481934
mar,1980,20.40135955810547
mar,1981,20.96697998046875
mar,1983,23.49222946166992
mar,1985,25.35284042358398
mar,1986,27.37619018554688
mar,1987,27.349609375
mar,1988,29.36173057556152
mar,1989,31.55900001525879
mar,1990,32.44150924682617
mar,1991,33.43399047851563
mar,1992,31.49967002868652
mar,1993,29.50050926208496
mar,1994,32.67134094238281
mar,1995,33.04214859008789
mar,1997,32.78900146484375
mar,1999,32.65927886962891
mar,2000,34.35293960571289
mar,2001,35.83042144775391
mar,2002,38.86703872680664
mar,2003,39.69404983520508
mar,2004,40.86917114257813
mar,2006,46.02864074707031
mar,2007,50.93191146850586
mar,2008,54.47713088989258
mar,2009,59.88396072387695
mar,2010,60.34062957763672
mar,2011,61.3189811706543
mar,2012,61.26979064941406
mar,2013,63.20024108886719
mar,2014,66.51873016357422
mar,2015,68.55159759521484
mar,2016,66.14214324951172
mar,2017,64.32472229003906
mar,2018,64.38218688964844
mar,2019,63.46260070800781
mar,2020,65.77726745605469
mar,2021,72.27942657470703
mar,2022,70.25231170654297
mar,2023,72.1715087890625
mco,1992,118.4501800537109
mco,2016,154.8076934814453
mco,2024,148.0891723632813
mda,2013,83.40753936767578
mda,2014,101.5084533691406
mda,2015,104.3580169677734
mda,2016,100.7003936767578
mda,2017,106.0383834838867
mda,2018,107.2569732666016
mda,2019,108.6345291137695
mda,2020,106.8889312744141
mdg,1971,9.16139030456543
mdg,1972,9.912569999694824
mdg,1974,9.41392993927002
mdg,1975,9.702930450439451
mdg,1985,18.10452079772949
mdg,1988,16.36829948425293
mdg,1989,15.73696041107178
mdg,1990,15.04961967468262
mdg,1991,14.0883903503418
mdg,1994,11.18634986877441
mdg,1996,12.34687042236328
mdg,2000,12.57868003845215
mdg,2001,12.1994800567627
mdg,2002,12.54502964019775
mdg,2003,13.55757999420166
mdg,2004,14.72953987121582
mdg,2005,17.13475036621094
mdg,2006,18.82850074768066
mdg,2007,20.91830062866211
mdg,2008,23.27449035644531
mdg,2009,25.11730003356934
mdg,2010,25.65672183678003
mdg,2011,29.0948139611756
mdg,2012,30.91483914370317
mdg,2013,34.81515121459961
mdg,2014,34.37682738823029
mdg,2015,35.36403891719819
mdg,2016,33.99958851803311
mdg,2017,34.72624414843067
mdg,2018,35.20755666713857
mdg,2019,33.73127470751849
mdg,2020,30.64652683077276
mdg,2021,33.71738689659561
mdg,2022,31.99317394327391
mdg,2023,31.02830874137619
mdg,2024,30.94083666073863
mdv,2005,91.18292236328124
mdv,2006,81.17362213134766
mdv,2007,95.2485809326172
mdv,2008,99.1447982788086
mdv,2010,100.066471683063
mdv,2011,88.87264025525127
mdv,2012,91.9268635724332
mdv,2013,95.78268047426084
mdv,2014,92.48012718600954
mdv,2015,93.27398615232444
mdv,2016,96.0207323190102
mdv,2017,96.53760873273067
mdv,2018,94.2658557775847
mdv,2019,95.14767932489453
mdv,2022,90.23248304811108
mdv,2023,100.3743075310675
mex,1977,36.97301864624023
mex,1978,38.5225715637207
mex,1979,41.44631958007813
mex,1980,45.274658203125
mex,1981,45.7206916809082
mex,1982,49.72468185424805
mex,1983,51.65494918823242
mex,1985,59.12583923339844
mex,1986,60.70623016357422
mex,1987,61.37414932250977
mex,1988,61.99272155761719
mex,1989,62.96038818359375
mex,1990,61.14450836181641
mex,1991,59.80257034301758
mex,1992,60.0695915222168
mex,1993,60.57851028442383
mex,1994,61.77058029174805
mex,1995,62.70500183105469
mex,1997,67.44206237792969
mex,2000,69.43744659423828
mex,2002,73.75961303710938
mex,2003,76.34896087646484
mex,2004,78.39942169189453
mex,2005,80.49008178710938
mex,2006,80.5547103881836
mex,2007,81.85035705566406
mex,2008,82.59281921386719
mex,2009,84.861572265625
mex,2010,85.16364288330078
mex,2011,85.37066650390625
mex,2012,85.13523864746094
mex,2013,86.53772735595703
mex,2014,87.09494018554688
mex,2015,93.27706146240234
mex,2016,96.7191925048828
mex,2017,98.26577758789064
mex,2018,92.5740966796875
mex,2019,91.42566680908205
mex,2020,90.88387298583984
mex,2021,92.4205322265625
mex,2022,93.28701019287108
mhl,1999,106.6757507324219
mhl,2002,113.328483581543
mhl,2007,98.45857238769533
mhl,2008,96.27213287353516
mhl,2009,97.84559631347656
mhl,2011,117.5777969360352
mhl,2018,0.0
mhl,2019,128.8713836669922
mhl,2020,136.7180328369141
mhl,2021,141.9385833740234
mhl,2022,39.50979995727539
mkd,1993,84.99942016601562
mkd,1994,87.38813018798828
mkd,1995,88.07225799560547
mkd,1996,90.14575958251952
mkd,1997,91.11064910888672
mkd,1999,92.9489517211914
mkd,2000,94.62168121337892
mkd,2001,95.92929077148438
mkd,2002,96.1473388671875
mkd,2003,93.09326934814452
mkd,2004,92.16980743408205
mkd,2005,93.63877868652344
mkd,2006,91.93492889404295
mkd,2007,91.97222900390624
mkd,2008,92.67507934570312
mkd,2009,91.16931915283205
mkd,2010,91.52327728271484
mkd,2015,87.43920135498047
mkd,2017,92.34002685546876
mkd,2018,90.85968017578124
mkd,2019,87.82666015625
mkd,2020,88.19898223876953
mkd,2021,87.86553955078125
mkd,2022,93.03923034667967
mli,1971,3.860769987106323
mli,1972,3.965939998626709
mli,1973,4.56456995010376
mli,1974,4.119180202484131
mli,1976,5.889220237731934
mli,1978,6.768509864807129
mli,1981,6.072309970855713
mli,1982,4.942550182342529
mli,1983,5.914120197296143
mli,1984,5.457819938659668
mli,1985,5.252630233764648
mli,1986,5.208670139312744
mli,1987,4.53734016418457
mli,1988,4.542970180511475
mli,2001,14.28781986236572
mli,2002,14.74794960021973
mli,2008,28.23200035095215
mli,2009,31.49883079528809
mli,2010,33.74105834960938
mli,2011,37.93487167358398
mli,2012,31.91361432546038
mli,2013,28.4071102142334
mli,2014,31.20402908325195
mli,2015,28.52446937561035
mli,2016,28.45652961730957
mli,2017,27.61305046081543
mli,2023,28.07246017456055
mlt,1971,20.80398941040039
mlt,1972,30.0960807800293
mlt,1973,33.49197006225586
mlt,1974,31.77191925048828
mlt,1975,46.99454116821289
mlt,1976,44.95497894287109
mlt,1977,45.57670974731445
mlt,1978,47.95476913452148
mlt,1979,53.09027862548828
mlt,1980,52.87294006347656
mlt,1981,38.16561889648438
mlt,1982,48.65293121337891
mlt,1983,47.55973052978516
mlt,1984,47.88214111328125
mlt,1985,47.77122116088867
mlt,1986,52.16609954833984
mlt,1987,44.37163162231445
mlt,1988,47.40961837768555
mlt,1989,48.58232879638672
mlt,1990,47.41516876220703
mlt,1991,52.77350997924805
mlt,1992,61.65211868286133
mlt,1993,63.26008987426758
mlt,1994,64.4372787475586
mlt,1995,69.07232666015625
mlt,1996,69.69645690917969
mlt,1997,75.44097900390625
mlt,1998,76.61659240722656
mlt,1999,81.24790954589844
mlt,2000,85.99752044677734
mlt,2001,84.942626953125
mlt,2002,91.73809814453124
mlt,2003,95.80294799804688
mlt,2004,96.47038269042967
mlt,2005,94.76734161376952
mlt,2006,98.79434204101564
mlt,2007,98.21144104003906
mlt,2008,97.00144958496094
mlt,2009,94.67709350585938
mlt,2010,103.7044296264648
mlt,2011,102.8115692138672
mlt,2012,104.1054534912109
mlt,2013,100.5685729980469
mlt,2014,97.06204986572266
mlt,2015,95.1369171142578
mlt,2016,95.50350952148438
mlt,2017,96.8131103515625
mlt,2018,97.5290985107422
mlt,2019,98.52381134033205
mlt,2020,98.59944152832033
mlt,2021,98.7268524169922
mlt,2022,97.90347290039064
mlt,2023,97.33750915527344
mmr,1971,13.05502033233643
mmr,1972,12.15275955200195
mmr,1973,13.52388954162598
mmr,1974,12.90635967254639
mmr,1999,31.556640625
mmr,2000,35.31473159790039
mmr,2001,36.41595077514648
mmr,2002,37.24390029907227
mmr,2003,37.16379928588867
mmr,2004,41.94300079345703
mmr,2005,41.06977081298828
mmr,2006,42.61053848266602
mmr,2007,40.82883834838867
mmr,2009,45.41128158569336
mmr,2010,45.87413024902344
mmr,2014,54.12891006469727
mmr,2016,60.71767044067383
mmr,2017,68.8656005859375
mmr,2018,73.79791259765625
mne,2011,75.36282348632812
mne,2012,96.24939727783205
mne,2015,91.59529876708984
mne,2016,94.25594329833984
mne,2017,95.48560333251952
mne,2018,94.61528778076172
mne,2019,94.76390075683594
mne,2020,96.30085754394533
mne,2021,96.01534271240234
mne,2022,98.82131958007812
mne,2023,97.02175903320312
mng,1974,44.86906814575195
mng,1975,53.04288101196289
mng,1976,61.20629119873047
mng,1978,75.51805114746094
mng,1979,80.35392761230469
mng,1980,83.45758056640625
mng,1995,62.26987075805664
mng,1996,107.8187713623047
mng,1997,57.81100082397461
mng,1999,55.26483917236328
mng,2000,59.52030181884766
mng,2001,63.43486022949219
mng,2002,75.53755187988281
mng,2003,79.34210205078125
mng,2004,84.46774291992188
mng,2005,92.05123138427734
mng,2006,97.01616668701172
mng,2007,97.02764129638672
mng,2008,94.77246856689452
mng,2009,93.54244995117188
mng,2010,107.708137512207
mng,2018,103.4256055363322
mng,2019,93.96928845638784
mng,2020,89.8476085947064
mng,2021,88.36645756385452
mng,2022,95.26850091473258
mng,2023,96.87602170927876
moz,1983,9.55564022064209
moz,1985,11.44738960266113
moz,1986,10.92140960693359
moz,1990,10.42928981781006
moz,1992,9.726329803466797
moz,1993,9.304109573364258
moz,1994,8.907380104064941
moz,1995,9.154170036315918
moz,1999,2.669689893722534
moz,2000,3.711839914321899
moz,2002,5.47396993637085
moz,2004,7.028560161590576
moz,2005,9.45676040649414
moz,2006,10.4412202835083
moz,2007,13.20806980133057
moz,2008,17.26577949523926
moz,2009,19.44615936279297
moz,2010,21.06668090820313
moz,2011,22.85603904724121
moz,2012,22.67815017700195
moz,2013,23.11654090881348
moz,2014,22.94363021850586
moz,2015,23.50441932678223
moz,2017,24.00684928894043
moz,2019,26.08735084533691
moz,2020,34.73870202228643
moz,2022,42.80099105834961
moz,2023,31.87394502842179
mrt,1978,5.489349842071533
mrt,1979,6.319149971008301
mrt,1980,7.655889987945557
mrt,1981,8.509559631347656
mrt,1983,10.6567497253418
mrt,1985,12.71195030212402
mrt,1986,11.99674034118652
mrt,1987,12.98631000518799
mrt,1988,13.38556003570557
mrt,1989,11.9272403717041
mrt,1991,11.27902984619141
mrt,1992,11.74582958221436
mrt,1993,11.28118991851807
mrt,1994,11.61139965057373
mrt,1995,13.13798046112061
mrt,1999,13.89004993438721
mrt,2001,17.33881950378418
mrt,2002,16.4990291595459
mrt,2003,16.77176094055176
mrt,2004,16.67543983459473
mrt,2005,17.78549957275391
mrt,2006,20.23225975036621
mrt,2007,16.84185981750488
mrt,2009,16.2661304473877
mrt,2012,20.22422027587891
mrt,2014,29.63619995117188
mrt,2015,32.29164123535156
mrt,2016,29.13825035095215
mrt,2017,35.56925964355469
mrt,2018,40.49433898925781
mrt,2019,43.84907150268555
msr,1999,52.94118118286133
msr,2001,107.8125
msr,2004,88.33332824707031
msr,2005,118.5185165405273
msr,2006,152.9411773681641
msr,2007,96.49122619628906
msr,2009,121.1267623901367
msr,2017,105.3571395874023
msr,2018,102.0408172607422
msr,2019,135.7142944335938
mus,1973,42.72666931152344
mus,1974,43.16202163696289
mus,1975,43.26976013183594
mus,1976,46.49195861816406
mus,1977,47.20962142944336
mus,1978,52.00130081176758
mus,1979,63.66828155517578
mus,1981,56.28939056396484
mus,1982,56.34857940673828
mus,1984,56.89233016967773
mus,1985,59.9918212890625
mus,1986,53.68394088745117
mus,1987,52.20970153808594
mus,1988,53.7840690612793
mus,1989,63.3874397277832
mus,1990,60.58813095092773
mus,1991,59.1538200378418
mus,1992,51.56842041015625
mus,1993,56.82867813110352
mus,1994,62.25133895874023
mus,1995,68.6039810180664
mus,1996,67.3560562133789
mus,1997,68.68563842773438
mus,1998,73.14021301269531
mus,1999,70.5020980834961
mus,2000,73.14228057861328
mus,2001,78.08152770996094
mus,2002,75.24089050292969
mus,2003,77.68048858642578
mus,2004,76.31802368164062
mus,2005,80.82079315185547
mus,2006,76.89734649658203
mus,2007,76.68589782714844
mus,2008,83.01593017578125
mus,2009,81.24585723876953
mus,2010,81.24092102050781
mus,2011,82.19351196289062
mus,2012,80.00102233886719
mus,2013,83.56185913085938
mus,2014,83.2995834350586
mus,2015,81.51020812988281
mus,2016,88.48544311523438
mus,2017,81.06462860107422
mus,2018,82.925537109375
mus,2019,83.50105285644531
mus,2020,95.72243346007603
mus,2021,127.520866394043
mus,2023,121.318717956543
mwi,1974,17.49885940551758
mwi,1975,20.41607093811035
mwi,1976,21.68608093261719
mwi,1977,24.45112037658691
mwi,1978,25.09991073608398
mwi,1979,21.64938926696777
mwi,1980,28.97077941894531
mwi,1981,27.84552001953125
mwi,1982,31.03933906555176
mwi,1983,30.87394905090332
mwi,1984,32.34640121459961
mwi,1985,32.03575897216797
mwi,1986,30.34819030761719
mwi,1987,27.9636402130127
mwi,1988,27.76811027526855
mwi,1989,27.73076057434082
mwi,1990,28.06123924255371
mwi,1991,30.16021919250488
mwi,1992,22.3471794128418
mwi,1993,34.06668090820313
mwi,1994,24.57753944396973
mwi,1995,47.5760498046875
mwi,1996,45.60586166381836
mwi,1999,31.6663703918457
mwi,2005,17.69041061401367
mwi,2006,20.7711296081543
mwi,2007,18.65483093261719
mwi,2008,19.78109931945801
mwi,2009,20.51347923278809
mwi,2010,18.77501249721883
mwi,2011,19.71757730216108
mwi,2012,19.31388727745831
mwi,2013,21.99214953879898
mwi,2014,22.80011164761092
mwi,2015,23.51926423570359
mwi,2018,22.09664668897305
mwi,2021,20.87871773771834
mwi,2022,22.24188952106759
mys,1998,92.7642822265625
mys,1999,84.94194030761719
mys,2000,84.79781341552734
mys,2001,83.1688232421875
mys,2002,82.37312316894531
mys,2003,91.94384765625
mys,2004,86.34330749511719
mys,2005,80.97210693359375
mys,2006,82.10868072509766
mys,2007,83.21865844726562
mys,2008,83.35262298583984
mys,2009,82.93038177490234
mys,2010,84.4771728515625
mys,2011,86.62009537054006
mys,2012,86.93088365211271
mys,2013,82.48793426880428
mys,2014,81.35894786613663
mys,2015,81.94320504457491
mys,2016,78.27246753833927
mys,2017,76.94402242155577
mys,2018,73.14355483278527
mys,2019,73.90092484861867
mys,2020,75.15327753594185
mys,2021,79.52985392274763
mys,2022,79.44333813583431
mys,2023,81.8215467527372
nam,1992,46.61380004882813
nam,1994,50.76667022705078
nam,1995,53.35781097412109
nam,1996,57.19636917114258
nam,1997,57.11624145507813
nam,1998,57.08953857421875
nam,1999,57.66218185424805
nam,2000,56.20735931396484
nam,2005,61.61215972900391
nam,2006,60.81792068481445
nam,2008,55.74187850952148
nam,2009,59.70645904541016
nam,2010,58.81850814819336
nam,2012,62.65447254276128
nam,2013,65.61853790283203
nam,2015,68.45206213176218
nam,2016,67.69709623786878
nam,2017,72.25018310546875
nam,2019,55.12805025368447
nam,2020,91.54301499605369
nam,2021,92.64612969309414
ncl,1988,42.87557983398438
ncl,1989,46.34334182739258
ncl,1990,48.47307968139648
ner,1971,0.5785199999809265
ner,1972,0.7918599843978882
ner,1973,1.074650049209595
ner,1974,1.270670056343079
ner,1975,1.361389994621277
ner,1976,1.380509972572327
ner,1977,1.893519997596741
ner,1978,1.954020023345947
ner,1979,2.409499883651733
ner,1981,3.805670022964478
ner,1986,5.452340126037598
ner,1989,4.075930118560791
ner,1990,4.538829803466797
ner,1991,4.697979927062988
ner,1992,4.683519840240479
ner,1997,6.118619918823242
ner,2000,4.592380046844482
ner,2001,4.679460048675537
ner,2002,4.25432014465332
ner,2003,4.646450042724609
ner,2004,6.555469989776611
ner,2005,6.87923002243042
ner,2006,7.674039840698242
ner,2007,7.361209869384766
ner,2008,8.581399917602539
ner,2009,8.698929786682129
ner,2010,8.54773998260498
ner,2011,9.87913990020752
ner,2012,11.34615993499756
ner,2013,11.81857013702393
ner,2014,11.97513961791992
ner,2015,14.9253396987915
ner,2016,16.18136024475098
ner,2017,17.40055084228516
ner,2018,18.59135055541992
ner,2019,17.35305976867676
ner,2021,15.96387958526611
ner,2022,14.53277969360352
ner,2023,14.09200954437256
nga,2000,24.46401977539063
nga,2001,26.38161087036133
nga,2003,36.19681167602539
nga,2010,44.22885894775391
nic,1979,20.24917984008789
nic,1987,21.64265060424805
nic,1988,25.91571998596191
nic,1989,22.47006034851074
nic,1991,28.53936958312988
nic,1992,26.6634407043457
nic,1993,26.77655029296875
nic,1994,28.71726989746094
nic,1995,32.052978515625
nic,1999,44.06396865844727
nic,2000,45.15710830688477
nic,2001,46.16437149047852
nic,2002,49.7122802734375
nic,2004,54.44675827026367
nic,2005,59.1053581237793
nic,2006,60.05686187744141
nic,2007,61.9013786315918
nic,2008,59.04877853393555
nic,2010,64.65725708007812
niu,1991,116.6666717529297
niu,2015,96.42857360839844
niu,2021,87.87879180908203
niu,2022,112.5
nld,1971,52.76594924926758
nld,1972,47.87176132202148
nld,1973,51.35630035400391
nld,1974,53.84037017822266
nld,1975,55.58700180053711
nld,1976,55.2794189453125
nld,1977,57.06369018554688
nld,1978,57.13444900512695
nld,1979,57.46754837036133
nld,1980,58.44692993164063
nld,1981,59.5476188659668
nld,1982,60.01037979125977
nld,1983,59.55266189575195
nld,1984,59.02453994750977
nld,1985,60.68534088134766
nld,1986,61.88183975219727
nld,1987,63.76097869873047
nld,1988,66.3501968383789
nld,1989,65.49839782714844
nld,1990,67.36531066894531
nld,1991,65.40888214111328
nld,1992,65.76544952392578
nld,1999,61.31032943725586
nld,2013,0.0
nld,2014,0.0
nld,2015,0.0
nld,2016,0.0
nld,2017,0.0
nld,2018,0.0
nld,2019,0.0
nor,1998,98.9430694580078
nor,1999,98.69589233398438
nor,2000,98.68424224853516
nor,2001,98.82333374023438
nor,2002,98.57470703125
nor,2003,98.54521942138672
nor,2004,98.53858947753906
nor,2005,98.69547271728516
nor,2006,98.3271026611328
nor,2007,99.32533264160156
nor,2008,100.3788375854492
nor,2009,100.1049118041992
nor,2010,99.83338165283205
nor,2011,100.0559692382813
nor,2012,100.003059387207
nor,2013,100.7934417724609
nor,2014,99.64771270751952
nor,2015,99.70480346679688
nor,2016,99.47579956054688
nor,2017,99.84593963623048
nor,2018,99.78648376464844
nor,2019,99.4301300048828
nor,2020,99.57575988769533
nor,2021,99.58580780029295
nor,2022,99.56979370117188
nor,2023,99.18502044677734
npl,1988,30.30304908752441
npl,1991,33.3242301940918
npl,1992,36.18740844726563
npl,1999,37.39570999145508
npl,2000,40.79975128173828
npl,2001,44.33232116699219
npl,2002,45.94062042236328
npl,2003,45.05046844482422
npl,2008,56.24871063232422
npl,2010,67.1435775756836
npl,2011,69.30354309082031
npl,2012,75.81790924072266
npl,2013,80.09390258789062
npl,2014,84.46273040771484
npl,2015,87.47820281982422
npl,2016,90.41591644287108
npl,2017,94.93852552532232
npl,2019,99.79824829101564
npl,2020,98.95372009277344
npl,2021,95.22399523866832
npl,2022,100.6659086111924
npl,2023,103.4671758451585
npl,2024,101.486481295896
nru,1998,35.0
nru,2001,34.22222137451172
nru,2002,31.22171974182129
nru,2012,80.31915283203125
nru,2019,78.37837982177734
nru,2020,87.28070068359375
nru,2022,78.51239776611328
nru,2023,80.0
omn,1974,0.269459992647171
omn,1975,0.6351600289344788
omn,1976,0.925819993019104
omn,1977,1.500079989433289
omn,1978,2.684020042419434
omn,1979,3.85696005821228
omn,1983,19.07506942749023
omn,1984,20.18219947814941
omn,1985,22.89403915405273
omn,1986,24.75559997558594
omn,1987,28.3115406036377
omn,1988,27.81217956542969
omn,1989,33.27851867675781
omn,1990,34.14601135253906
omn,1992,50.52170944213867
omn,1994,55.92068099975586
omn,1995,61.10036087036133
omn,1996,64.5847396850586
omn,1997,59.83311080932617
omn,2000,72.701171875
omn,2001,79.3827896118164
omn,2002,80.37557983398438
omn,2003,81.71904754638672
omn,2009,112.4094161987305
omn,2011,123.606086730957
omn,2012,108.2023696899414
omn,2013,99.88375854492188
omn,2014,97.65074157714844
omn,2015,99.56819915771484
omn,2016,96.69245147705078
omn,2017,97.65431213378906
omn,2018,97.53060913085938
omn,2019,95.69319915771484
omn,2020,94.01793670654295
omn,2021,98.44605255126952
omn,2022,90.0903778076172
pak,2004,28.37512016296387
pak,2005,28.5537109375
pak,2008,33.70697021484375
pak,2009,34.46120071411133
pak,2010,34.11346054077148
pak,2011,33.97657012939453
pak,2012,35.48915863037109
pak,2013,36.95869827270508
pak,2014,38.66654968261719
pak,2015,39.59648895263672
pak,2016,40.90121841430664
pak,2017,41.49528121948242
pak,2018,42.5341911315918
pak,2019,42.1260986328125
pak,2021,44.90826643683518
pak,2022,45.02754145132729
pan,1972,30.98174095153809
pan,1973,31.83468055725098
pan,1974,39.11761856079102
pan,1975,41.25389099121094
pan,1976,42.00424957275391
pan,1977,42.78321075439453
pan,1978,44.62754058837891
pan,1979,47.03810119628906
pan,1982,55.27051162719727
pan,1983,55.79402923583984
pan,1984,57.08581161499023
pan,1985,57.08712005615234
pan,1986,57.27499008178711
pan,1987,55.07511138916016
pan,1988,57.76971817016602
pan,2004,45.08657836914063
pan,2005,46.87651824951172
pan,2006,65.30259704589844
pan,2007,65.58757781982422
pan,2008,65.9321517944336
pan,2009,68.48323059082031
pan,2010,70.79457092285156
pan,2011,71.58616638183594
pan,2012,75.64575958251953
pan,2017,77.14878845214844
pan,2019,71.6217269897461
pan,2020,70.5281982421875
pan,2021,83.76053619384766
pan,2022,82.72648620605469
pan,2023,77.07589721679688
per,1970,29.49003982543945
per,1974,32.23448944091797
per,1975,36.88521957397461
per,1976,42.60654067993164
per,1977,45.88793182373047
per,1978,47.37586975097656
per,1979,57.48490905761719
per,1980,55.19987869262695
per,1981,56.73455810546875
per,1985,59.59194183349609
per,1995,66.20783233642578
per,2000,75.3652572631836
per,2001,78.32685852050781
per,2002,82.06556701660156
per,2004,81.0335464477539
per,2005,80.67362213134766
per,2006,84.42500305175781
per,2008,86.14881134033203
per,2009,89.38819122314453
per,2010,89.91751098632812
per,2011,89.10917663574219
per,2012,82.89836120605469
per,2013,90.11205291748048
per,2014,89.08202362060547
per,2015,89.40461730957031
per,2016,90.57917785644533
per,2017,90.03794860839844
per,2018,91.40811920166016
per,2019,91.97361755371094
per,2021,92.51551818847656
per,2022,94.11862182617188
per,2023,98.2106475830078
phl,1990,64.77071380615234
phl,1992,67.67520904541016
phl,1998,65.61409759521484
phl,1999,64.86553192138672
phl,2001,64.05947875976562
phl,2002,65.01483154296875
phl,2003,68.18135833740234
phl,2004,77.27375793457031
phl,2005,74.1895523071289
phl,2006,70.72229766845703
phl,2007,64.88816833496094
phl,2008,77.00179290771484
phl,2009,74.09784698486328
phl,2014,76.14575849813906
phl,2017,72.99953423799451
phl,2018,76.32916109914282
phl,2019,79.40442383964619
phl,2020,81.7889755279292
phl,2021,85.79141153939524
phl,2022,97.36187448600415
phl,2023,92.27235461207064
plw,2004,96.06742095947266
plw,2014,107.0796460176991
plw,2021,101.219512195122
plw,2022,94.62809917355372
plw,2023,99.5850622406639
png,1998,27.92473983764648
png,2012,59.18714904785156
png,2018,35.25740051269531
pol,1970,0.0
pol,1971,93.50489044189452
pol,1972,92.69229125976564
pol,1973,92.27764129638672
pol,1974,94.58157348632812
pol,1975,95.57303619384766
pol,1976,99.02274322509766
pol,1977,96.44046783447266
pol,1978,0.0
pol,1979,95.56217956542967
pol,1980,95.85952758789064
pol,1981,96.03500366210938
pol,1982,94.09478759765624
pol,1983,88.18353271484375
pol,1984,90.97142791748048
pol,1985,92.00051879882812
pol,1986,92.31591033935548
pol,1987,90.82540130615234
pol,1988,0.0
pol,1989,93.04531860351564
pol,1990,94.2534408569336
pol,1991,95.00475311279295
pol,1992,97.27822875976564
pol,1993,98.84751129150392
pol,1994,99.1968994140625
pol,1995,95.71182250976564
pol,1996,94.40953826904295
pol,1997,95.88020324707033
pol,1998,94.89100646972656
pol,1999,97.24727630615234
pol,2002,94.26746368408205
pol,2003,96.84532165527344
pol,2004,97.7261962890625
pol,2005,97.93036651611328
pol,2013,96.94686889648438
pol,2014,96.76760864257812
pol,2015,96.53917694091795
pol,2016,95.8774871826172
pol,2017,96.036376953125
pol,2018,98.14488983154295
pol,2019,100.9778823852539
pol,2022,132.6671447753906
pol,2023,127.6939010620117
pri,2015,89.06041717529297
pri,2023,80.29731750488281
prt,1972,23.44247055053711
prt,1973,26.89813995361328
prt,1974,34.09387969970703
prt,1975,34.26099014282227
prt,1976,38.69412994384766
prt,1977,34.43439865112305
prt,1978,52.12546157836914
prt,1985,35.75492095947266
prt,1986,41.67570114135742
prt,1990,49.83684158325195
prt,1991,54.27742004394531
prt,2018,93.80016326904295
prt,2019,93.69927978515624
prt,2020,96.3383331298828
prt,2021,100.6037673950195
prt,2022,103.0688781738281
pry,2001,72.7855224609375
pry,2002,72.96172332763672
pry,2003,70.99159240722656
pry,2004,72.09091186523438
pry,2005,90.0560073852539
pry,2007,84.13847351074219
pry,2008,84.19007873535156
pry,2009,73.71295166015625
pry,2010,75.80357360839844
pry,2011,78.3397216796875
pry,2012,80.54640197753906
pry,2013,79.02359501008065
pry,2014,77.45285944918523
pry,2015,76.15255351793672
pry,2016,69.73429107666016
pry,2020,75.02086639404297
pry,2021,72.91004180908203
pry,2022,70.1903305053711
pry,2023,73.6400375366211
pse,1999,62.17621994018555
pse,2000,62.74192047119141
pse,2001,65.46204376220703
pse,2002,67.58831787109375
pse,2003,70.7669906616211
pse,2004,77.71382141113281
pse,2006,81.72413635253906
pse,2007,85.5904769897461
pse,2008,83.50045013427734
pse,2009,91.75563049316406
pse,2010,84.44378662109375
pse,2011,86.9681167602539
pse,2012,82.84662628173828
pse,2013,83.04046630859375
pse,2014,80.91072082519531
pse,2015,80.54562377929688
pse,2016,84.51387786865234
pse,2017,83.7764663696289
pse,2018,88.89643859863281
pse,2019,91.89045715332033
pse,2020,91.65155792236328
pse,2021,91.97720336914064
pse,2022,92.92447662353516
pse,2023,91.20934295654295
pyf,1993,58.59336853027344
qat,1971,31.09756088256836
qat,1972,26.07858085632324
qat,1973,28.41941070556641
qat,1974,25.6182804107666
qat,1975,27.87244033813477
qat,1976,31.47011947631836
qat,1977,32.10166931152344
qat,1978,33.01248931884766
qat,1979,38.03239059448242
qat,1980,41.60467147827148
qat,1981,43.8902702331543
qat,1982,47.90914916992188
qat,1983,62.4114990234375
qat,1984,55.4252815246582
qat,1985,59.91188812255859
qat,1986,62.56695938110352
qat,1987,53.55995941162109
qat,1988,54.29666900634766
qat,1989,53.56438827514648
qat,1990,56.81710052490234
qat,1991,63.42557144165039
qat,1992,61.25767135620117
qat,1993,70.88163757324219
qat,1994,71.26470947265625
qat,1995,71.6916732788086
qat,1996,72.4416275024414
qat,2005,81.84226989746094
qat,2006,86.62737274169922
qat,2007,91.44821166992188
qat,2008,94.0971908569336
qat,2009,94.85417175292967
qat,2011,95.69303131103516
qat,2013,104.0355911254883
qat,2014,83.90094757080078
qat,2015,87.96431732177734
qat,2016,90.51849365234376
qat,2017,95.3786392211914
qat,2018,97.08074188232422
qat,2019,97.49417877197266
qat,2020,95.9914093017578
qat,2021,88.60372161865234
qat,2022,95.00621032714844
rou,1993,80.85514068603516
rou,1996,83.54058074951172
rou,1997,86.82585144042969
rou,1999,86.54966735839844
rou,2001,86.630126953125
rou,2002,89.8248519897461
rou,2003,88.76519012451172
rou,2004,86.5223388671875
rou,2005,79.6934814453125
rou,2006,79.01708984375
rou,2007,75.91944122314453
rou,2008,83.63336181640625
rou,2009,96.0351791381836
rou,2010,94.3808822631836
rou,2011,109.9985961914063
rou,2012,87.78172302246094
rou,2013,86.08354949951172
rou,2014,87.42379760742188
rou,2015,85.92440032958984
rou,2016,87.09445190429688
rou,2017,84.32357788085938
rou,2018,84.09223175048828
rou,2019,86.30914306640625
rou,2020,84.28305053710938
rou,2021,68.5337905883789
rou,2022,78.77174377441406
rou,2023,77.97721862792969
rus,1994,84.962646484375
rus,1999,87.37989807128906
rus,2001,86.67668151855469
rus,2002,90.44261932373048
rus,2003,93.41046905517578
rus,2004,87.64000701904297
rus,2005,84.92707061767578
rus,2006,75.86998748779297
rus,2007,76.9993667602539
rus,2008,76.4109878540039
rus,2009,79.88626098632812
rus,2011,90.12122344970705
rus,2012,89.39013671875
rus,2013,92.3947982788086
rus,2014,89.82251739501953
rus,2015,89.48677062988281
rus,2016,85.74874877929688
rus,2018,95.84291839599608
rus,2019,97.02050018310548
rwa,1971,1.410419940948486
rwa,1972,1.604730010032654
rwa,1973,1.551300048828125
rwa,1974,1.228139996528625
rwa,1975,1.387629985809326
rwa,1976,1.554290056228638
rwa,1977,1.490270018577576
rwa,1978,1.67929995059967
rwa,1986,1.159620046615601
rwa,1987,0.916800022125244
rwa,1988,0.99931001663208
rwa,1989,1.581210017204285
rwa,1990,1.725810050964355
rwa,1991,1.628649950027466
rwa,1992,1.658910036087036
rwa,2012,37.72420120239258
rwa,2014,37.5726203918457
rwa,2015,36.48768997192383
rwa,2016,36.69787979125977
rwa,2017,38.41761016845703
rwa,2018,36.66007995605469
rwa,2019,41.62565994262695
rwa,2021,42.4102783203125
rwa,2022,38.56061935424805
rwa,2023,32.32574081420898
sau,1979,43.24002838134766
sau,2005,81.80458068847656
sau,2007,86.46086120605469
sau,2008,90.72162628173828
sau,2010,110.1466903686523
sau,2011,112.2911224365234
sau,2016,101.2724685668945
sau,2017,106.8482208251953
sau,2018,102.4206924438477
sau,2019,99.98676300048828
sau,2020,98.905029296875
sau,2021,100.8990173339844
sau,2022,116.0699462890625
sdn,2010,48.75194931030273
sdn,2013,48.1462516784668
sdn,2014,47.08531188964844
sdn,2015,47.22188949584961
sdn,2016,45.99663925170898
sdn,2018,46.79272842407227
sdn,2019,47.48155975341797
sen,1971,7.88700008392334
sen,1972,9.113840103149414
sen,1973,8.930569648742676
sen,1977,8.845580101013184
sen,1979,8.426859855651855
sen,1980,8.422209739685059
sen,1981,9.475419998168944
sen,1982,10.01473045349121
sen,1983,9.561039924621582
sen,1984,9.890729904174805
sen,1986,10.22334003448486
sen,1988,11.86522960662842
sen,1989,11.22959995269775
sen,1990,12.28452014923096
sen,1992,15.44505977630615
sen,1996,12.15612983703613
sen,1997,12.43218040466309
sen,2000,13.09813022613525
sen,2001,12.96208000183105
sen,2002,13.98237991333008
sen,2003,19.40657997131348
sen,2004,17.94992065429688
sen,2005,20.26548004150391
sen,2006,22.99051094055176
sen,2007,31.72681999206543
sen,2008,26.6893196105957
sen,2009,28.17975044250488
sen,2010,31.72687911987305
sen,2011,33.8408203125
sen,2012,35.67490005493164
sen,2013,37.3802604675293
sen,2014,41.27429962158203
sen,2015,39.16112899780273
sen,2019,35.55084991455078
sen,2021,40.17324829101563
sen,2022,37.82957077026367
sen,2023,37.97393035888672
sgp,2016,107.3664474487305
sgp,2017,104.6318130493164
sgp,2018,99.64659118652344
sgp,2019,100.1598129272461
sgp,2020,100.3562469482422
sgp,2021,97.75936889648438
sgp,2022,101.3946380615234
slb,1980,7.269909858703613
slb,2000,29.5944995880127
slb,2002,43.6060905456543
slb,2011,66.01652892561984
slb,2012,64.02405253580187
slb,2017,65.82270113042902
slb,2018,66.15275904156228
slb,2019,64.7866140251927
slb,2023,57.75276988224375
sle,1971,5.148990154266357
sle,1972,5.645180225372314
sle,1973,6.173409938812256
sle,1974,6.448770046234131
sle,1978,7.618120193481445
sle,1979,7.902569770812988
sle,2001,21.41457939147949
sle,2011,41.19013977050781
sle,2012,48.99434421018828
sle,2013,47.21166194102913
sle,2015,47.15787067394168
sle,2016,57.60704890308639
sle,2017,50.28736945542632
sle,2018,50.70961219847799
sle,2021,57.05933984094476
slv,1970,16.41839981079102
slv,1971,18.23571968078613
slv,1972,21.26162910461426
slv,1973,24.46479034423828
slv,1974,29.36326026916504
slv,1975,33.17126846313477
slv,1976,35.18598175048828
slv,1977,36.46974182128906
slv,1981,30.36904907226563
slv,1982,34.95988845825195
slv,1983,37.44123077392578
slv,1984,38.10689926147461
slv,1987,37.14849090576172
slv,1988,39.63296127319336
slv,1989,41.19760131835938
slv,1991,42.64558029174805
slv,1992,43.23479080200195
slv,1993,44.61825180053711
slv,1995,49.10348129272461
slv,1996,48.75888061523438
slv,2001,61.31319046020508
slv,2002,66.11351776123047
slv,2003,70.54048156738281
slv,2005,73.39273834228516
slv,2006,71.41071319580078
slv,2007,71.12610626220703
slv,2008,70.69091796875
slv,2009,71.19573974609375
slv,2010,75.76493072509766
slv,2011,78.2841796875
slv,2012,80.06951141357422
slv,2013,77.6883316040039
slv,2014,76.24331665039062
slv,2015,77.28948974609375
slv,2016,73.6349868774414
slv,2017,72.2950668334961
slv,2018,73.54055786132812
slv,2020,71.99861145019531
slv,2021,73.48037719726562
slv,2022,69.09062194824219
slv,2023,68.4327163696289
smr,1971,72.52747344970703
smr,1972,75.1572265625
smr,1973,89.02821350097656
smr,1974,85.9756088256836
smr,1975,88.99082946777344
smr,1976,92.26190185546876
smr,1985,95.35604095458984
smr,1986,97.28916168212892
smr,1994,108.8235321044922
smr,1996,91.63636016845705
smr,2000,90.16393280029295
smr,2004,92.49147033691406
smr,2008,95.89041137695312
smr,2009,91.2751693725586
smr,2010,95.3125
smr,2011,99.68943786621094
smr,2012,91.71598052978516
smr,2018,92.71137237548828
smr,2019,97.82608795166016
smr,2020,95.19519805908205
smr,2021,93.5574188232422
smr,2022,93.13983917236328
smr,2023,93.65994262695312
srb,2007,95.14710235595705
srb,2008,96.04268646240234
srb,2009,95.21537017822266
srb,2010,96.95361328125
srb,2011,100.2748565673828
srb,2012,104.8307800292969
srb,2013,97.56736755371094
srb,2014,96.38009643554688
srb,2015,98.4502182006836
srb,2016,95.51209259033205
srb,2017,94.6920166015625
srb,2018,98.75225067138672
srb,2019,97.92581939697266
srb,2020,96.42304229736328
srb,2021,97.31095123291016
srb,2022,97.09716033935548
ssd,2011,20.54758071899414
stp,1977,11.39416027069092
stp,1978,10.77336025238037
stp,1988,13.77653026580811
stp,2003,25.82271957397461
stp,2004,32.25551986694336
stp,2005,34.7092399597168
stp,2007,30.84280967712402
stp,2008,29.28772926330566
stp,2010,29.0963306427002
stp,2011,43.77745056152344
stp,2012,48.67002156721783
stp,2013,78.36763000488281
stp,2014,71.49342346191406
stp,2015,71.6972885131836
stp,2017,74.92330169677734
stp,2018,74.49731236312961
stp,2019,66.57032755298651
sur,1976,24.25103950500488
sur,1977,23.42073059082031
sur,1978,29.24197959899902
sur,1981,14.57915019989014
sur,1982,18.83658981323242
sur,1983,13.53285026550293
sur,1984,16.68553924560547
sur,1985,23.14602088928223
sur,2007,38.82625961303711
sur,2008,36.22261810302734
sur,2009,36.40681076049805
sur,2010,38.14714050292969
sur,2011,35.95626068115234
sur,2012,36.93880844116211
sur,2013,39.83589935302734
sur,2014,41.76496887207031
sur,2015,43.51393890380859
sur,2016,39.01525115966797
sur,2017,41.08311080932617
sur,2018,40.66011810302734
sur,2019,43.89912033081055
sur,2020,42.56494903564453
sur,2021,42.27281188964844
svk,1993,92.88979339599608
svk,1994,94.30101013183594
svk,1997,93.3522491455078
svk,2004,85.73912048339844
svk,2005,83.44196319580078
svk,2006,86.43704986572266
svk,2007,84.55513000488281
svk,2008,83.84484100341797
svk,2009,85.99186706542969
svk,2010,90.67601776123048
svk,2011,88.76158905029297
svk,2012,86.93699645996094
svk,2013,79.64408111572266
svk,2014,85.77094268798828
svk,2015,85.30774688720703
svk,2016,79.71672058105469
svk,2017,83.22506713867188
svk,2018,81.75177764892578
svk,2019,80.83863067626953
svk,2020,75.76764678955078
svk,2021,83.19415283203125
svk,2022,81.87278747558594
svk,2023,84.72244262695312
svn,1993,88.15068817138672
svn,1994,88.09555053710938
svn,1995,90.19374084472656
svn,1996,90.65750885009766
svn,1999,96.71452331542967
svn,2000,94.69200897216795
svn,2001,102.6592102050781
svn,2002,100.4146499633789
svn,2003,94.56255340576172
svn,2006,95.87464141845705
svn,2009,98.91063690185548
svn,2010,98.04405975341795
svn,2011,95.51724243164064
svn,2012,96.67040252685548
svn,2013,95.5656509399414
svn,2014,95.85684204101564
svn,2015,94.98178100585938
svn,2016,95.11580657958984
svn,2017,95.47395324707033
svn,2018,95.50254058837892
svn,2019,94.54622650146484
svn,2020,94.804443359375
svn,2021,95.66693115234376
svn,2022,94.39380645751952
svn,2023,93.5239028930664
swe,2009,99.67642211914064
swe,2010,99.41045379638672
swe,2011,98.95159912109376
swe,2012,101.2124710083008
swe,2013,99.69490051269533
swe,2014,99.67031860351564
swe,2015,100.0644989013672
swe,2016,101.8434371948242
swe,2017,104.8869323730469
swe,2018,101.9055099487305
swe,2019,100.3147506713867
swe,2020,100.0083465576172
swe,2021,100.3180236816406
swe,2022,100.076042175293
swe,2023,99.70207977294922
swz,1970,15.79304981231689
swz,1971,15.64416980743408
swz,1972,18.19985008239746
swz,1973,21.56571960449219
swz,1974,26.21402931213379
swz,1975,27.35656929016113
swz,1976,29.27082061767578
swz,1977,33.98973083496094
swz,1978,35.47916030883789
swz,1979,35.75511169433594
swz,1980,37.12091827392578
swz,1981,36.91370010375977
swz,1982,38.74900054931641
swz,1983,39.05060958862305
swz,1984,38.0170783996582
swz,1985,36.83404922485352
swz,1986,33.83559036254883
swz,1987,34.19617080688477
swz,1988,33.50735855102539
swz,1989,37.85649871826172
swz,1990,34.3956413269043
swz,1991,38.51993942260742
swz,1992,41.08531188964844
swz,1993,38.17924880981445
swz,1994,38.69184875488281
swz,1995,39.74423980712891
swz,1996,38.14649963378906
swz,1998,39.51108169555664
swz,1999,34.42074966430664
swz,2000,32.8755989074707
swz,2001,33.22010040283203
swz,2002,35.39179992675781
swz,2003,33.34291076660156
swz,2004,37.37322998046875
swz,2005,39.73083114624023
swz,2006,44.6661491394043
swz,2007,47.32624053955078
swz,2009,48.09666061401367
swz,2010,51.56871032714844
swz,2011,51.16519927978516
swz,2012,51.90385055541992
swz,2013,56.30160903930664
swz,2014,53.53921127319336
swz,2015,52.15251159667969
swz,2016,60.99438095092773
swz,2017,67.20207214355469
swz,2019,72.46910095214844
syc,1970,10.61120986938477
syc,1971,7.745930194854736
syc,1972,9.176300048828123
syc,1973,8.539939880371094
syc,1974,23.09210968017578
syc,1977,34.43590927124023
syc,1978,43.20843124389648
syc,1980,96.13555145263672
syc,1981,92.90865325927734
syc,1982,91.0248565673828
syc,1983,96.03224182128906
syc,1988,94.89994049072266
syc,1989,108.8178863525391
syc,1992,97.08029174804688
syc,1993,101.4877090454102
syc,1994,104.7348480224609
syc,1998,110.9054870605469
syc,1999,108.1063995361328
syc,2000,119.6296310424805
syc,2001,110.6539306640625
syc,2002,99.19679260253906
syc,2003,106.9979019165039
syc,2005,109.9800415039063
syc,2007,113.5003509521484
syc,2008,115.0889663696289
syc,2009,118.5011672973633
syc,2010,108.2036819458008
syc,2011,106.7051162719727
syc,2012,120.7712532865907
syc,2013,116.2869186401367
syc,2014,121.5517196655273
syc,2015,118.4320297241211
syc,2016,115.6045837402344
syc,2017,139.6551666259766
syc,2018,147.3629760742188
syc,2019,137.5
syc,2020,139.0243835449219
syc,2021,129.4782562255859
syc,2022,100.5387191772461
syc,2023,93.15821838378906
syr,1971,31.27959060668945
syr,1972,37.02481079101563
syr,1973,43.75299072265625
syr,1974,39.67020034790039
syr,1975,39.76934051513672
syr,1977,40.14942932128906
syr,1978,41.8957405090332
syr,1979,43.45864868164063
syr,1980,44.82696151733398
syr,1981,45.34880828857422
syr,1982,43.89321136474609
syr,1983,44.00741958618164
syr,1984,46.07629013061523
syr,1985,47.99198150634766
syr,1986,51.87733840942383
syr,1987,52.48984909057617
syr,1988,52.71490859985352
syr,1989,51.5817985534668
syr,1990,48.02132034301758
syr,1991,47.16622161865234
syr,1992,48.22697067260742
syr,1993,46.38970947265625
syr,1994,46.16989135742188
syr,1999,47.29170989990234
syr,2000,46.69551849365234
syr,2001,46.87929916381836
syr,2002,47.86038970947266
syr,2003,50.89036178588867
syr,2004,55.04959106445313
syr,2005,58.36782836914063
syr,2006,58.19765853881836
syr,2007,59.09951019287109
syr,2008,62.30551147460938
syr,2009,63.16249084472656
syr,2010,64.79373168945312
syr,2011,65.2199935913086
syr,2012,67.41422271728516
syr,2013,49.76704025268555
syr,2020,42.45421981811523
syr,2021,45.91353988647461
syr,2022,44.47908020019531
syr,2023,43.23395919799805
syr,2024,42.6922607421875
tca,1997,95.020751953125
tca,2000,77.98506927490234
tca,2001,91.66667175292967
tca,2002,62.82051086425781
tca,2003,74.24241638183594
tca,2004,87.15596008300781
tca,2005,95.96273040771484
tca,2009,97.9591827392578
tca,2014,75.86206817626953
tca,2015,84.72505187988281
tca,2018,135.8762969970703
tca,2021,95.13185119628906
tca,2022,99.23224639892578
tcd,1971,1.416859984397888
tcd,1974,1.789190053939819
tcd,1975,2.253580093383789
tcd,1988,4.09915018081665
tcd,1989,3.892719984054565
tcd,1990,4.527910232543945
tcd,1991,4.456669807434082
tcd,1994,6.166309833526611
tcd,1995,5.888140201568604
tcd,1996,6.649650096893311
tcd,2000,8.596209526062012
tcd,2002,10.24724006652832
tcd,2003,10.25747966766357
tcd,2004,10.67084980010986
tcd,2006,11.6099100112915
tcd,2009,16.54435920715332
tcd,2010,16.24084091186523
tcd,2011,16.66242027282715
tcd,2012,15.36892032623291
tcd,2013,17.24900054931641
tcd,2015,14.69915008544922
tcd,2016,14.95662975311279
tcd,2017,15.19137001037598
tcd,2018,15.10955047607422
tcd,2021,18.41653060913086
tgo,1971,4.322410106658936
tgo,1972,5.954520225524902
tgo,1973,5.70048999786377
tgo,1974,6.754149913787842
tgo,1975,8.361980438232422
tgo,1976,9.680780410766602
tgo,1977,12.80445957183838
tgo,1978,15.66434001922607
tgo,1979,18.9177303314209
tgo,1980,21.86437034606934
tgo,1981,21.30847930908203
tgo,1982,20.73605918884277
tgo,1983,16.77976989746094
tgo,1984,12.39997959136963
tgo,1985,11.19874000549316
tgo,1986,10.81387996673584
tgo,1987,10.88525009155273
tgo,1988,10.02943992614746
tgo,1989,11.25881004333496
tgo,1990,12.64210033416748
tgo,1991,12.18400001525879
tgo,1992,13.07236003875732
tgo,1994,12.15499973297119
tgo,1995,15.55815029144287
tgo,1996,15.63166046142578
tgo,1999,20.46437072753906
tgo,2000,22.29339027404785
tgo,2001,26.13283920288086
tgo,2002,29.2849292755127
tgo,2003,31.51297950744629
tgo,2004,34.1486701965332
tgo,2005,38.18704986572266
tgo,2006,38.19649124145508
tgo,2007,32.11595153808594
tgo,2008,33.68230819702148
tgo,2010,33.7482795715332
tgo,2011,37.83163833618164
tgo,2013,37.76137161254883
tgo,2014,36.55625152587891
tgo,2015,39.56510925292969
tgo,2016,41.46794128417969
tgo,2017,45.60594940185547
tgo,2018,47.22246170043945
tgo,2019,49.74792861938477
tgo,2020,52.00793075561523
tgo,2021,56.67023849487305
tgo,2022,61.75276184082031
tgo,2023,56.68564987182617
tha,1975,22.6015796661377
tha,1976,24.72064018249512
tha,1977,26.14113998413086
tha,1978,26.86661911010742
tha,2015,82.44119262695312
tha,2016,83.81381225585938
tha,2017,81.80812072753906
tha,2018,83.94973754882812
tha,2020,89.40760040283203
tjk,1995,86.0860824584961
tjk,1997,88.68282318115234
tjk,1999,87.09107971191406
tjk,2000,83.6732177734375
tjk,2001,67.23606872558594
tjk,2002,62.11574172973633
tjk,2003,84.17400360107422
tjk,2004,84.85002899169922
tjk,2005,85.074462890625
tjk,2006,88.35923767089844
tjk,2007,88.60169982910156
tjk,2008,88.20918273925781
tjk,2009,85.12767028808594
tjk,2010,90.5389404296875
tjk,2011,93.50914764404295
tjk,2012,87.12471771240234
tjk,2014,90.70915222167967
tjk,2015,92.86042785644533
tjk,2016,93.82328033447266
tjk,2017,87.95931243896484
tkl,2000,86.48648834228516
tkl,2001,92.68292999267578
tkl,2002,95.0
tkl,2003,100.0
tkl,2018,0.0
tkl,2019,91.8918914794922
tkl,2020,61.53845977783203
tkl,2023,0.0
tkl,2024,0.0
tkm,2022,81.11572265625
tkm,2024,0.0
tls,2008,56.21723175048828
tls,2009,74.40210723876953
tls,2010,74.02663136583087
tls,2011,78.15371437470799
tls,2012,73.29064629671235
tls,2013,68.102192374658
tls,2016,80.76572766898705
tls,2017,86.27539068767447
tls,2018,90.57832007295828
tls,2019,87.8791626727683
tls,2020,88.26085616543902
ton,1982,84.11650085449219
ton,1983,80.93797302246094
ton,1984,97.61554718017578
ton,1985,90.52945709228516
ton,1993,107.9283905029297
ton,1999,79.28221893310547
ton,2001,88.87960052490234
ton,2003,93.41771697998048
ton,2004,72.77731323242188
ton,2020,78.51493848857645
ton,2022,98.36340746957616
ton,2023,95.93023255813954
ton,2024,0.0
tto,1971,35.75373840332031
tto,1972,37.40102005004883
tto,1985,78.29074096679688
tto,1988,80.2631607055664
tto,1993,73.45652770996094
tto,1996,68.75940704345703
tto,1997,68.69097900390625
tto,1999,71.16105651855469
tto,2001,73.01368713378906
tto,2003,89.78280639648438
tto,2004,81.36553955078125
tto,2005,75.63838195800781
tto,2007,86.44313049316406
tto,2008,85.7216567993164
tto,2009,88.08972930908203
tto,2010,76.41271209716797
tto,2023,77.52967834472656
tun,1979,16.09580039978027
tun,1980,17.12074089050293
tun,1981,18.44791030883789
tun,1982,17.98439979553223
tun,1983,22.91674041748047
tun,1984,29.07144927978516
tun,1985,29.06402015686035
tun,1986,31.63692092895508
tun,1987,31.49057006835938
tun,1988,33.47819137573242
tun,1990,32.50561141967773
tun,1991,42.76459121704102
tun,1992,40.07815170288086
tun,1993,42.8946418762207
tun,1994,46.37820053100586
tun,1995,48.43098831176758
tun,1996,50.30469131469727
tun,1997,54.82302093505859
tun,2004,70.05728149414062
tun,2005,68.3496322631836
tun,2006,66.15728759765625
tun,2008,69.44506072998047
tun,2009,77.84767150878906
tun,2010,72.28337860107422
tun,2013,68.80326843261719
tun,2014,69.97789001464844
tun,2015,68.40499114990234
tun,2017,70.71247863769531
tun,2018,73.60520935058594
tun,2021,82.43383026123047
tur,1976,24.51055908203125
tur,1977,24.89727020263672
tur,1982,22.29693031311035
tur,1983,20.96928977966309
tur,1984,24.61322975158691
tur,1986,28.51602935791016
tur,1987,29.95528030395508
tur,1988,29.15815925598145
tur,1989,32.3916015625
tur,1990,34.12432098388672
tur,1991,37.84329986572266
tur,1992,40.24443054199219
tur,2004,88.28955841064453
tur,2005,92.4553680419922
tur,2006,90.89605712890624
tur,2007,92.85633087158205
tur,2008,93.71443176269533
tur,2009,94.67005157470705
tur,2010,103.6885833740234
tur,2011,95.59171295166016
tur,2012,95.04737091064452
tur,2013,93.97879791259766
tur,2014,97.33854675292967
tur,2015,97.29676055908205
tur,2016,94.60523223876952
tur,2017,98.0840301513672
tur,2018,95.6284637451172
tur,2019,96.55811309814452
tur,2020,131.0280151367188
tur,2021,93.35720825195312
tur,2022,92.3825225830078
tuv,1990,41.66667175292969
tuv,2014,96.7741928100586
tuv,2015,77.35849056603774
tuv,2016,67.98030090332031
tuv,2019,80.20832824707031
tuv,2020,79.89418029785156
tuv,2021,84.65608215332031
tuv,2022,94.02174377441406
tuv,2023,94.44444274902344
tza,2002,6.278289794921875
tza,2003,7.098330020904541
tza,2004,7.490530014038086
tza,2005,9.142230033874512
tza,2008,14.35733032226563
tza,2009,21.5503101348877
tza,2011,41.80311071519684
tza,2012,40.23760081131984
tza,2013,35.12927097973694
tza,2016,29.17496535916396
tza,2017,25.76921917344741
tza,2018,28.58468530565819
tza,2019,32.1227841265211
tza,2020,32.76258519215853
tza,2021,35.81191754784182
tza,2022,36.74727187292826
tza,2023,35.95039562320788
uga,1976,3.947499990463257
uga,1977,4.147960186004639
uga,1995,10.07213020324707
uga,2000,15.25053024291992
uga,2001,15.65443992614746
uga,2002,18.45344924926758
uga,2003,19.00752067565918
uga,2004,18.63792037963867
uga,2006,20.36112022399902
uga,2007,22.02066993713379
uga,2008,23.43391036987305
uga,2009,24.76115989685059
uga,2010,27.16098976135254
uga,2011,26.08815002441406
uga,2012,24.7104606628418
uga,2013,28.97903060913086
uga,2014,29.27860069274902
uga,2015,25.72504354076245
uga,2016,28.56464958190918
uga,2017,26.32571983337402
ukr,1971,96.77076721191406
ukr,1972,96.7697296142578
ukr,1973,97.59700012207033
ukr,1974,101.3890380859375
ukr,1976,99.55419158935548
ukr,1977,95.14009857177734
ukr,1978,97.15778350830078
ukr,1979,100.2827835083008
ukr,1980,99.57916259765624
ukr,1981,100.6463012695313
ukr,1982,98.86570739746094
ukr,1983,98.1521224975586
ukr,1984,97.87277221679688
ukr,1985,98.16384887695312
ukr,1986,97.8940200805664
ukr,1988,98.77983856201172
ukr,1990,97.27091217041016
ukr,1991,97.16004180908205
ukr,1992,96.73516845703124
ukr,1993,93.7263412475586
ukr,1994,89.69335174560547
ukr,1999,96.87078094482422
ukr,2000,94.87515258789064
ukr,2001,93.83010864257812
ukr,2002,97.9946517944336
ukr,2003,101.2408294677734
ukr,2004,101.120719909668
ukr,2005,102.1518630981445
ukr,2006,98.4514389038086
ukr,2007,99.4612274169922
ukr,2008,104.1861724853516
ukr,2009,63.95787048339844
ukr,2010,118.3635711669922
ukr,2011,104.7734069824219
ukr,2012,103.5996017456055
ukr,2013,101.0658111572266
ukr,2014,99.94732666015624
ukr,2015,93.7052001953125
ukr,2016,93.62991333007812
ukr,2017,89.80062866210938
ukr,2018,90.3523178100586
ukr,2019,87.80777740478516
ukr,2020,86.30885314941406
ukr,2021,84.84815979003906
ury,1998,61.42530822753906
ury,2001,69.35575866699219
ury,2002,73.10008239746094
ury,2003,74.74517059326172
ury,2004,73.61316680908203
ury,2005,71.92156982421875
ury,2006,70.1307601928711
ury,2007,67.3983383178711
ury,2008,69.84239196777344
ury,2009,71.13128662109375
ury,2010,70.78305053710938
ury,2019,92.3390884399414
ury,2021,64.36701965332031
ury,2022,87.50395965576172
usa,2017,104.8522567749023
usa,2018,103.3841705322266
usa,2019,103.4084625244141
usa,2020,103.8459396362305
usa,2021,103.4281692504883
usa,2022,101.3581466674805
uzb,2001,90.52455139160156
uzb,2002,95.21814727783205
uzb,2003,95.3053970336914
uzb,2004,94.11224365234376
uzb,2005,96.25881958007812
uzb,2006,98.14263153076172
uzb,2007,95.37663269042967
uzb,2008,92.24662017822266
uzb,2009,92.98982238769533
uzb,2010,92.37721269393036
uzb,2011,91.17060333544048
uzb,2012,91.3521826378536
uzb,2013,91.10594882529634
uzb,2014,94.76326084723765
uzb,2015,91.7226939981784
uzb,2016,93.34635677878126
uzb,2017,93.81091471789551
uzb,2018,92.09069500309258
uzb,2019,94.23732625432233
uzb,2020,92.65840352852216
uzb,2021,96.0602031224925
uzb,2022,97.07854616149214
uzb,2023,95.57138371206268
uzb,2024,95.71399853829648
vct,2003,58.77074813842773
vct,2004,73.07166290283203
vct,2005,75.32288360595703
vct,2008,110.0046081542969
vct,2010,115.7465209960938
vct,2012,99.38079833984376
vct,2013,97.36704254150392
vct,2014,95.80233764648438
vct,2015,104.2168731689453
vct,2016,111.9250425894378
vct,2017,112.4401913875598
vct,2018,107.3744430541992
vct,2023,106.3492063492064
ven,1972,19.7852897644043
ven,1973,28.86278915405273
ven,1974,30.23534965515137
ven,1975,32.4515495300293
ven,1976,33.62004852294922
ven,1977,35.46947860717773
ven,1978,36.41828155517578
ven,1979,36.10346984863281
ven,1980,36.76625823974609
ven,1981,36.2990608215332
ven,1982,37.211181640625
ven,1983,39.52275085449219
ven,1984,40.95986175537109
ven,1985,43.49589920043945
ven,1986,44.35705184936523
ven,1987,41.8284797668457
ven,1988,40.97481155395508
ven,1989,40.4127082824707
ven,1990,40.36365127563477
ven,1991,41.30978012084961
ven,1992,42.03612899780273
ven,1993,42.35448837280273
ven,1996,44.12073135375977
ven,1997,46.70248031616211
ven,1999,46.66582107543945
ven,2000,50.20314025878906
ven,2001,53.22082138061523
ven,2002,56.75967025756836
ven,2003,58.83840179443359
ven,2004,63.09405899047852
ven,2005,66.18415832519531
ven,2006,67.92254638671875
ven,2007,72.56513214111328
ven,2008,77.07234954833984
ven,2009,77.01300048828125
ven,2010,75.3336410522461
ven,2011,75.60488891601562
ven,2012,77.28118896484375
ven,2013,77.99665832519531
ven,2014,75.64051818847656
ven,2015,75.63468170166016
ven,2016,73.36618041992188
ven,2017,71.44835662841797
ven,2022,87.04132843017578
ven,2024,83.1833724975586
vgb,1994,85.81314849853516
vgb,2001,89.93901824951172
vgb,2010,87.36559295654297
vgb,2011,84.30380249023438
vgb,2012,87.46929168701172
vgb,2013,73.75
vgb,2014,78.98551177978516
vgb,2015,94.32624053955078
vgb,2017,89.40886688232422
vgb,2018,66.43518829345703
vgb,2019,70.7158432006836
vgb,2020,64.74227142333984
vgb,2021,69.55644989013672
vgb,2024,71.34615325927734
vir,1986,94.10355377197266
vnm,1979,11.80327033996582
vnm,1999,64.05825805664062
vnm,2000,67.6136474609375
vnm,2001,68.719970703125
vnm,2002,77.03128814697266
vnm,2005,89.3802719116211
vnm,2011,79.6854476928711
vnm,2012,78.82032775878906
vnm,2014,93.34764447988442
vnm,2015,93.61451657099748
vnm,2016,85.74048434139675
vnm,2018,90.62969852777374
vnm,2022,92.5065999182538
vnm,2023,92.98180084759598
vut,1994,46.22834014892578
vut,1998,25.05526924133301
vut,2001,32.93827819824219
vut,2004,38.26015090942383
vut,2006,26.84033966064453
vut,2010,49.37799043062201
vut,2013,56.402137344152
vut,2019,52.86519919956339
vut,2020,58.56343935686823
vut,2021,66.43038177490234
vut,2022,63.32792207792208
vut,2023,63.55905998763141
wsm,1994,115.6181182861328
wsm,1995,107.9901428222656
wsm,1996,100.7824020385742
wsm,1997,102.0706481933594
wsm,1998,95.21988677978516
wsm,1999,97.72782135009766
wsm,2000,92.93115234375
wsm,2001,97.41799926757812
wsm,2002,95.30626678466795
wsm,2003,89.94650268554688
wsm,2004,95.98365783691406
wsm,2005,95.4997787475586
wsm,2006,92.70120239257812
wsm,2007,95.33025360107422
wsm,2009,101.4468078613281
wsm,2010,104.4159234283228
wsm,2011,100.5438329345225
wsm,2012,99.45091148693167
wsm,2014,102.3192360163711
wsm,2015,107.16118497784
wsm,2016,103.3682294037324
wsm,2017,105.0843694493783
wsm,2018,102.7514858023333
wsm,2019,99.67859438611528
wsm,2020,104.9659415513074
wsm,2021,97.82521947326416
wsm,2022,99.72016789926045
wsm,2023,93.60377358490564
yem,1999,34.44729995727539
yem,2001,39.95394134521484
yem,2005,40.12403869628906
yem,2010,40.31412887573242
yem,2012,42.73348999023438
yem,2013,42.28841018676758
yem,2016,45.00458908081055
zaf,1991,56.21033096313477
zaf,1999,66.96006774902344
zaf,2000,63.77323150634766
zaf,2002,80.21231842041016
zaf,2003,69.9652328491211
zaf,2004,68.12460327148438
zaf,2016,80.53050231933594
zaf,2018,82.81305694580078
zaf,2019,83.0667495727539
zaf,2020,86.66815948486328
zaf,2021,93.73445892333984
zaf,2022,86.89900207519531
zmb,1976,16.34165954589844
zmb,1977,17.88755989074707
zmb,1978,17.912109375
zmb,1979,17.94186019897461
zmb,1980,17.64135932922363
zmb,1981,17.57342910766602
zmb,1983,18.98512077331543
zmb,1984,19.92263984680176
zmb,2000,24.83077049255371
zmb,2001,27.0966796875
zmb,2002,37.79098892211914
zmb,2004,37.21215057373047
zmb,2005,41.44834899902344
zmb,2007,50.16765975952148
zmb,2008,65.41655731201172
zmb,2009,63.66770935058594
zmb,2010,59.69350051879883
zmb,2011,57.34383010864258
zmb,2012,55.47037124633789
zmb,2013,55.29624176025391
zwe,1984,52.51119995117188
zwe,2012,68.88741260953466
zwe,2013,67.22290595815537
zwe,2014,66.2709470990993
zwe,2015,63.36555471316654
zwe,2016,61.13241420442736
zwe,2017,61.00544393392312
zwe,2018,56.34379965023375
zwe,2019,63.61532737050506
zwe,2020,63.38148067540354
zwe,2021,70.1040975837654
zwe,2022,70.6723116003387
zwe,2023,67.04382040425023
