country,year,xgdp_fsgov
abw,1998,4.763160228729248
abw,1999,4.395269870758057
abw,2000,4.714680194854736
abw,2001,4.798980236053467
abw,2002,4.872200012207031
abw,2004,4.356989860534668
abw,2005,4.623219966888428
abw,2007,4.702549934387207
abw,2008,4.827300071716309
abw,2009,5.797399997711182
abw,2010,6.751090049743652
abw,2011,5.914669990539551
abw,2012,6.3472900390625
abw,2013,6.442959785461426
abw,2014,5.851280212402344
abw,2015,5.888269901275635
abw,2016,5.491360187530518
abw,2017,4.455819961275041
abw,2018,4.548763552436153
abw,2019,4.435036867769574
abw,2021,3.618557556366949
afg,2010,3.479449987411499
afg,2011,3.462009906768799
afg,2012,2.604209899902344
afg,2013,3.45445990562439
afg,2014,3.695219993591309
afg,2015,3.255789995193481
afg,2016,4.543960094451904
afg,2017,4.34319019317627
ago,1985,4.090219974517822
ago,1986,5.722690105438232
ago,1987,5.058509826660156
ago,1998,2.56712007522583
ago,2000,2.607530117034912
ago,2005,2.120110034942627
ago,2006,2.281460046768188
ago,2010,3.421319961547852
ago,2012,3.08191085718142
ago,2013,4.43894951297476
ago,2015,3.486895803934126
ago,2016,2.754936645827247
ago,2017,2.466878811048856
ago,2018,2.183512989462747
ago,2019,2.07306438181603
ago,2020,2.667447336892847
ago,2021,2.297196895132406
ago,2022,2.385358984166333
ago,2023,2.51273663315785
aia,2011,3.154357383275851
aia,2012,3.370353025852436
aia,2013,3.383008224902446
aia,2014,3.039221344429111
aia,2015,2.979636913890531
aia,2016,3.140121483095378
aia,2017,3.647183764907426
aia,2018,3.296697448973732
aia,2019,2.812934878782516
aia,2020,4.063554651112799
aia,2021,3.569035735380981
aia,2022,2.50012405750642
alb,1994,3.446979999542236
alb,1995,3.141910076141357
alb,1996,3.050299882888794
alb,1997,3.327680110931396
alb,1998,3.463000059127808
alb,1999,3.514349937438965
alb,2000,3.330450057983398
alb,2001,3.341989994049072
alb,2002,3.002530097961426
alb,2003,3.035340070724487
alb,2004,3.130800008773804
alb,2005,3.200239896774292
alb,2006,3.102710008621216
alb,2007,3.146389961242676
alb,2011,3.178813107430264
alb,2012,3.295339869285979
alb,2013,3.533550024032593
alb,2014,3.181777345532536
alb,2015,3.413000106811523
alb,2016,3.919970035552979
alb,2017,3.546730041503906
alb,2018,3.082013704073892
alb,2019,3.870179891586304
alb,2020,3.325050115585327
alb,2021,3.005559921264648
alb,2022,2.729779958724976
alb,2023,3.091530084609985
and,1997,3.713279962539673
and,2002,1.659710049629211
and,2004,1.544119954109192
and,2005,1.644970059394836
and,2006,2.244899988174438
and,2007,2.104690074920654
and,2008,2.873929977416992
and,2009,3.142920017242432
and,2010,2.976629972457886
and,2011,2.987060070037842
and,2012,2.56577895521486
and,2013,2.506160020828247
and,2014,3.074209928512573
and,2015,3.280349969863892
and,2016,3.237070083618164
and,2017,3.217089891433716
and,2018,3.2467200756073
and,2019,3.150609970092773
and,2020,2.632130465530661
and,2021,2.381921736036997
and,2022,2.647279977798462
and,2023,1.898679971694946
are,2019,3.860199928283691
are,2020,3.984179973602295
are,2021,3.894040107727051
arg,1970,1.4580899477005
arg,1972,1.936200022697449
arg,1973,1.780519962310791
arg,1974,1.923519968986511
arg,1975,1.843600034713745
arg,1976,1.165639996528625
arg,1977,1.719840049743652
arg,1978,1.935549974441528
arg,1979,2.400279998779297
arg,1980,2.607150077819824
arg,1982,1.597869992256165
arg,1983,1.617499947547913
arg,1984,2.569720029830933
arg,1985,1.361860036849976
arg,1986,1.261549949645996
arg,1987,1.282299995422363
arg,1989,1.046120047569275
arg,1990,1.067379951477051
arg,1996,3.731980085372925
arg,1998,4.039869785308838
arg,1999,4.521679878234863
arg,2000,4.580309867858887
arg,2001,4.833740234375
arg,2002,4.017340183258057
arg,2003,3.535049915313721
arg,2004,3.486520051956177
arg,2005,3.860009908676147
arg,2006,4.128210067749023
arg,2007,4.462609767913818
arg,2008,4.844389915466309
arg,2009,5.531050205230713
arg,2010,5.019720077514648
arg,2011,5.290639877319336
arg,2012,5.345839977264404
arg,2013,5.436600208282471
arg,2014,5.361440181732178
arg,2015,5.776110172271729
arg,2016,5.54548978805542
arg,2017,5.454329967498779
arg,2018,4.877739906311035
arg,2019,4.771659851074219
arg,2020,5.276899814605713
arg,2021,4.653930187225342
arg,2022,4.792630195617676
arg,2023,5.00324010848999
arm,1996,1.848430037498474
arm,1999,2.235179901123047
arm,2000,2.772720098495483
arm,2001,2.46943998336792
arm,2002,2.135040044784546
arm,2003,2.145050048828125
arm,2004,2.486730098724365
arm,2005,2.712029933929443
arm,2006,2.71577000617981
arm,2007,3.018939971923828
arm,2008,3.172729969024658
arm,2009,3.840790033340454
arm,2010,3.249000072479248
arm,2011,3.143840074539185
arm,2012,2.772480010986328
arm,2013,2.650180101394653
arm,2014,2.24724006652832
arm,2015,2.805910110473633
arm,2016,2.758120059967041
arm,2017,2.707590103149414
arm,2018,2.113311805122895
arm,2019,2.159842398397707
arm,2020,2.705559968948364
arm,2021,2.767849922180176
arm,2022,2.491899967193604
arm,2023,2.438699960708618
asm,2006,14.71704959869385
atg,1999,2.525409936904907
atg,2002,3.078779935836792
atg,2009,2.222640037536621
atg,2012,2.130430259070828
atg,2013,2.35972143126598
atg,2014,2.304440937563795
atg,2015,1.993475530276099
atg,2016,2.171499315046356
atg,2017,2.281583150388969
atg,2018,2.269227084368933
atg,2019,3.357256533825629
atg,2020,3.005183046086398
atg,2021,2.508973931988649
atg,2022,2.503687555523828
atg,2023,3.105051618321362
aus,1978,6.000730037689209
aus,1979,5.8890700340271
aus,1980,5.646170139312744
aus,1982,5.471909999847412
aus,1983,5.364490032196045
aus,1985,5.397459983825684
aus,1986,5.268720149993896
aus,1987,5.057590007781982
aus,1988,4.907010078430176
aus,1989,4.739019870758057
aus,1990,4.666830062866211
aus,1991,4.784739971160889
aus,1992,4.682759761810303
aus,1993,5.505579948425293
aus,1994,5.244820117950439
aus,2020,5.386250019073486
aus,2021,5.341090202331543
aus,2022,5.059150218963623
aut,1970,4.163469791412354
aut,1971,4.299190044403076
aut,1972,4.467649936676025
aut,1973,4.533219814300537
aut,1974,4.67425012588501
aut,1975,5.148119926452637
aut,1976,5.258259773254395
aut,1977,4.973490238189697
aut,1978,5.180079936981201
aut,1979,5.05797004699707
aut,1980,5.028669834136963
aut,1981,5.388919830322266
aut,1982,5.384079933166504
aut,1983,5.324639797210693
aut,1984,5.315289974212646
aut,1985,5.318049907684326
aut,1986,5.521590232849121
aut,1987,5.397260189056396
aut,1988,5.211140155792236
aut,1989,5.037899971008301
aut,1990,4.976739883422852
aut,1991,5.123270034790039
aut,1992,5.317820072174072
aut,1993,5.272640228271484
aut,1995,5.449699878692627
aut,1996,5.288839817047119
aut,1998,6.137269973754883
aut,1999,6.135990142822266
aut,2000,5.620369911193848
aut,2001,5.60476016998291
aut,2002,5.562550067901611
aut,2003,5.392539978027344
aut,2004,5.342239856719971
aut,2005,5.285150051116943
aut,2006,5.263679981231689
aut,2007,5.179180145263672
aut,2008,5.298520088195801
aut,2009,5.765679836273193
aut,2010,5.736259937286377
aut,2011,5.627870082855225
aut,2012,5.516129970550537
aut,2013,5.59404993057251
aut,2014,5.49767017364502
aut,2015,5.491439819335938
aut,2016,5.50954008102417
aut,2017,5.401810169219971
aut,2018,5.254370212554932
aut,2019,5.236780166625977
aut,2020,5.579619884490967
aut,2021,5.480710029602051
aut,2022,5.277490139007568
aze,1992,6.05797004699707
aze,1995,3.337369918823242
aze,1996,3.512569904327393
aze,1998,3.380019903182983
aze,1999,4.212140083312988
aze,2000,3.853990077972412
aze,2001,3.503420114517212
aze,2002,3.154459953308105
aze,2003,3.286149978637695
aze,2004,3.447700023651123
aze,2005,2.97462010383606
aze,2006,2.555520057678223
aze,2007,2.549279928207397
aze,2008,2.440929889678955
aze,2009,3.224309921264648
aze,2010,2.780620098114014
aze,2011,2.435640096664429
aze,2012,2.067630052566528
aze,2013,2.442130088806152
aze,2014,2.633039951324463
aze,2015,2.951679944992065
aze,2016,2.903409957885742
aze,2017,2.473819971084595
aze,2018,2.455430030822754
aze,2019,3.176460027694702
aze,2020,4.33204984664917
aze,2021,3.702080011367798
aze,2022,3.046890020370483
aze,2023,3.660360097885132
bdi,1979,2.803359985351563
bdi,1981,3.346760034561157
bdi,1990,3.35932993888855
bdi,1991,3.493659973144531
bdi,1992,3.805850028991699
bdi,1994,4.565269947052002
bdi,1995,5.015110015869141
bdi,1996,4.083240032196045
bdi,1999,3.417449951171875
bdi,2000,2.645479917526245
bdi,2001,2.903909921646118
bdi,2002,3.004930019378662
bdi,2004,3.74495005607605
bdi,2005,3.632169961929321
bdi,2008,5.192890167236328
bdi,2009,6.171949863433838
bdi,2010,6.775239944458008
bdi,2011,6.319260120391846
bdi,2012,6.167769908905029
bdi,2013,5.995399951934814
bdi,2014,6.784520149230957
bdi,2015,6.371339797973633
bdi,2016,4.691999912261963
bdi,2017,4.762020111083984
bdi,2018,5.078639984130859
bdi,2019,5.346684453784007
bdi,2020,5.321585068387312
bdi,2021,4.871141738923751
bdi,2025,4.504039764404297
bel,1975,5.762819766998291
bel,1976,5.731040000915527
bel,1977,5.988830089569092
bel,1978,5.436339855194092
bel,1979,5.380350112915039
bel,1980,5.31063985824585
bel,1981,5.435319900512695
bel,1982,5.316720008850098
bel,1986,4.852280139923096
bel,1987,4.577119827270508
bel,1988,4.300710201263428
bel,1993,5.372330188751221
bel,1994,5.41103982925415
bel,1995,2.988660097122192
bel,1996,3.049489974975586
bel,2005,5.795849800109863
bel,2008,6.332940101623535
bel,2009,6.434659957885742
bel,2010,6.440780162811279
bel,2011,6.384819984436035
bel,2012,6.566259860992432
bel,2013,6.601359844207764
bel,2014,6.55866003036499
bel,2015,6.469639778137207
bel,2016,6.486130237579346
bel,2017,6.449150085449219
bel,2018,6.388830184936523
bel,2019,6.32381010055542
bel,2020,6.754700183868408
bel,2021,6.380819797515869
bel,2022,6.276110172271729
ben,1998,2.747879981994629
ben,1999,1.921939969062805
ben,2000,2.113660097122192
ben,2001,2.365099906921387
ben,2002,2.15949010848999
ben,2003,2.283159971237183
ben,2004,2.566900014877319
ben,2005,2.656680107116699
ben,2006,2.563400030136108
ben,2007,2.363310098648071
ben,2008,2.77728009223938
ben,2009,3.089270114898682
ben,2010,3.679970026016235
ben,2012,3.562020063400269
ben,2013,3.327510118484497
ben,2014,3.161789894104004
ben,2015,3.172980070114136
ben,2016,2.899100065231323
ben,2017,3.535589933395386
ben,2018,2.931619882583618
ben,2019,2.732047414606282
ben,2020,2.898984319116178
ben,2021,3.096926380903812
ben,2022,3.097264267830495
ben,2023,3.229743220566077
bfa,1978,1.679829955101013
bfa,1980,1.9617999792099
bfa,1983,1.754480004310608
bfa,1985,1.763960003852844
bfa,1988,1.426079988479614
bfa,1994,3.451109886169434
bfa,1996,1.440260052680969
bfa,2005,3.941129922866821
bfa,2006,3.982189893722534
bfa,2007,4.079820156097412
bfa,2010,3.502229928970337
bfa,2011,3.985150098800659
bfa,2012,3.60315990447998
bfa,2013,4.083439826965332
bfa,2014,4.053299903869629
bfa,2015,3.670089960098267
bfa,2017,5.628469944000244
bfa,2018,5.488609790802002
bfa,2019,5.456156325202511
bfa,2020,5.211482770301663
bfa,2021,5.24913346712028
bfa,2022,5.294567533042409
bfa,2023,5.327578409971871
bgd,1979,1.130939960479736
bgd,1980,0.9376000165939332
bgd,1981,1.071499943733215
bgd,1982,1.011639952659607
bgd,1983,1.032670021057129
bgd,1984,1.223029971122742
bgd,1985,1.271180033683777
bgd,1986,1.34349000453949
bgd,1987,1.51364004611969
bgd,1990,1.51911997795105
bgd,1991,1.425660014152527
bgd,1992,1.631770014762878
bgd,1993,1.692630052566528
bgd,1997,1.952479958534241
bgd,1999,2.132819890975952
bgd,2000,2.125070095062256
bgd,2001,2.171930074691772
bgd,2002,2.017149925231934
bgd,2003,2.069400072097778
bgd,2004,1.940140008926392
bgd,2006,2.131289958953857
bgd,2007,2.20221996307373
bgd,2008,2.054569959640503
bgd,2009,1.939419984817505
bgd,2011,2.132699966430664
bgd,2012,2.17549991607666
bgd,2013,1.966169953346252
bgd,2014,2.09871663086838
bgd,2015,1.872254171099784
bgd,2016,1.281839966773987
bgd,2017,2.11342875356648
bgd,2018,2.094774735456656
bgd,2019,1.130949974060059
bgd,2020,2.139743517418768
bgd,2021,2.170908825046537
bgd,2022,2.085386578062429
bgd,2023,2.162138263447007
bgd,2024,2.034384779138396
bgr,1980,3.52947998046875
bgr,1990,4.454060077667236
bgr,1991,5.429619789123535
bgr,1992,5.260459899902344
bgr,1993,4.95048999786377
bgr,1994,4.170660018920898
bgr,1995,2.372070074081421
bgr,1996,2.230079889297485
bgr,1998,2.739429950714111
bgr,2001,3.384239912033081
bgr,2002,3.386080026626587
bgr,2003,3.998450040817261
bgr,2004,4.249889850616455
bgr,2005,4.108799934387207
bgr,2006,3.903460025787354
bgr,2007,3.680340051651001
bgr,2008,4.219089984893799
bgr,2009,4.274290084838867
bgr,2010,3.857460021972656
bgr,2011,3.546900033950806
bgr,2012,3.476500034332275
bgr,2013,4.057660102844238
bgr,2014,4.193880081176758
bgr,2015,3.884690046310425
bgr,2016,3.814359903335571
bgr,2017,4.077549934387207
bgr,2018,4.052010059356689
bgr,2019,4.214300155639648
bgr,2020,4.48298978805542
bgr,2021,4.709239959716797
bgr,2022,4.501090049743652
bhr,1970,2.012170076370239
bhr,1971,2.307810068130493
bhr,1972,2.023930072784424
bhr,2006,2.874409914016724
bhr,2007,2.575000047683716
bhr,2008,2.496779918670654
bhr,2010,2.351149749849765
bhr,2011,2.312353964879852
bhr,2012,2.544830083847046
bhr,2013,2.382869958877563
bhr,2014,2.369189977645874
bhr,2015,2.553440093994141
bhr,2016,2.802482902511535
bhr,2017,2.216370105743408
bhr,2018,2.388939768336617
bhr,2019,2.111469828124909
bhr,2020,2.058019075220523
bhr,2021,1.851159401159178
bhr,2022,1.711921270940046
bhr,2023,1.887781679129928
bhs,2000,2.232840061187744
bhs,2010,2.451659904752094
bhs,2011,2.355766385811955
bhs,2012,2.303911972389348
bhs,2013,2.424288424171301
bhs,2014,2.24714705533939
bhs,2015,2.272317591823097
bhs,2016,2.58786212973921
bhs,2017,2.695101620534948
bhs,2018,2.492641124621506
bhs,2019,2.625731765031269
bhs,2020,3.712522996123798
bhs,2021,3.048906552085074
bhs,2022,2.623670214061692
bhs,2023,2.741915702479339
bih,2014,3.314739656746312
bih,2015,3.018112866777204
bih,2016,4.264510154724121
bih,2017,2.83868424239217
bih,2018,3.892970085144043
bih,2019,4.04449987411499
bih,2020,3.019540883711231
bih,2021,4.136229991912842
bih,2022,2.970129864265237
bih,2023,3.245648265977786
blr,1999,6.000010013580322
blr,2000,6.196619987487793
blr,2004,5.712259769439697
blr,2005,5.871029853820801
blr,2006,6.07696008682251
blr,2007,5.152100086212158
blr,2009,4.368939876556396
blr,2010,5.220039844512939
blr,2011,4.684790134429932
blr,2012,4.959640026092529
blr,2013,5.009419918060303
blr,2014,4.818309783935547
blr,2015,4.787519931793213
blr,2016,4.946549892425537
blr,2017,4.795000076293945
blr,2018,4.836569786071777
blr,2019,4.979489803314209
blr,2020,4.862639904022217
blr,2021,4.606410026550293
blr,2022,4.628230094909668
blr,2023,4.909029960632324
blr,2024,5.045939922332764
blz,1999,4.034949779510498
blz,2000,3.68356990814209
blz,2001,4.235199928283691
blz,2003,3.90120005607605
blz,2004,4.009669780731201
blz,2008,4.299960136413574
blz,2009,4.801199913024902
blz,2010,5.242519855499268
blz,2011,5.517869102335882
blz,2012,5.473519895397871
blz,2013,5.124740123748779
blz,2014,5.139500141143799
blz,2015,5.357110023498535
blz,2016,5.726039886474609
blz,2017,5.950719833374023
blz,2018,6.127799987792969
blz,2019,5.963779926300049
blz,2020,5.213019847869873
blz,2021,5.962989807128906
blz,2022,4.604159832000732
blz,2023,4.231430053710938
blz,2024,4.622763172329727
bmu,1973,4.107900142669678
bmu,1975,3.434420108795166
bmu,1985,3.03449010848999
bmu,1990,3.136199951171875
bmu,1991,3.150650024414063
bmu,1992,3.476049900054932
bmu,1998,2.152270078659058
bmu,2003,1.666270017623901
bmu,2004,1.775879979133606
bmu,2005,1.988770008087158
bmu,2009,2.289200067520142
bmu,2010,2.306689977645874
bmu,2011,2.196569883063237
bmu,2012,2.385971371004854
bmu,2013,2.279503206866903
bmu,2014,1.536880016326904
bmu,2015,1.50163996219635
bmu,2016,2.039058741992874
bmu,2017,1.324959993362427
bmu,2018,1.935954667925642
bmu,2019,1.926798272399705
bmu,2020,1.748347974968563
bmu,2021,1.945653258163358
bmu,2022,1.775833388571663
bmu,2023,1.865104407522758
bol,2006,6.434219837188721
bol,2007,6.720499992370605
bol,2008,6.723010063171387
bol,2009,7.574840068817139
bol,2010,6.973770141601563
bol,2011,6.450540065765381
bol,2012,6.627999782562256
bol,2013,6.803219795227051
bol,2014,7.478119850158691
bol,2015,8.143449783325195
bol,2016,8.150620460510254
bol,2017,8.097229957580566
bol,2018,8.015859603881836
bol,2019,8.09103012084961
bol,2020,8.43710994720459
bol,2021,7.962160110473633
bol,2022,7.575510025024414
bol,2023,7.893819808959961
bol,2024,7.53980016708374
bra,1995,4.568160057067871
bra,1998,4.756669998168945
bra,1999,3.800620079040527
bra,2000,3.948930025100708
bra,2001,3.844670057296753
bra,2002,3.750370025634766
bra,2004,3.97448992729187
bra,2005,4.479090213775635
bra,2006,4.87060022354126
bra,2007,4.974269866943359
bra,2008,5.268849849700928
bra,2009,5.463550090789795
bra,2010,5.648799896240234
bra,2011,5.737410068511963
bra,2012,5.855100154876709
bra,2013,5.838850021362305
bra,2014,5.948480129241943
bra,2015,6.24105978012085
bra,2016,6.314030170440674
bra,2017,6.320479869842529
bra,2018,6.088510036468506
bra,2019,5.963469982147217
bra,2020,5.771490097045898
bra,2021,5.4969801902771
bra,2022,5.619209766387939
brb,1971,6.150650024414063
brb,1972,6.790719985961914
brb,1973,6.722420215606689
brb,1974,7.523749828338623
brb,1976,5.944799900054932
brb,1977,6.517159938812256
brb,1991,6.638700008392334
brb,1999,4.341239929199219
brb,2000,4.715859889984131
brb,2001,6.055369853973389
brb,2002,5.880620002746582
brb,2003,6.245699882507324
brb,2004,6.024280071258545
brb,2005,5.669650077819824
brb,2007,5.22061014175415
brb,2008,4.920740127563477
brb,2009,5.110400199890137
brb,2010,6.052619934082031
brb,2012,4.588230133056641
brb,2013,4.503069877624512
brb,2014,5.359509944915771
brb,2015,5.159975172324714
brb,2016,4.197199821472168
brb,2017,3.956209897994995
brb,2018,5.404478255970884
brb,2019,3.722280025482178
brb,2020,3.865299940109253
brb,2021,4.49793004989624
brb,2022,4.140009880065918
brb,2023,3.775449991226196
brb,2024,3.555931881063215
brn,1970,6.239150047302246
brn,1971,4.995019912719727
brn,1972,4.039289951324463
brn,1973,8.793290138244629
brn,1974,1.570279955863953
brn,1975,0.9178900122642516
brn,1976,0.9177500009536744
brn,1978,1.001109957695007
brn,1979,0.7169299721717834
brn,1980,0.5438100099563599
brn,1981,0.7536100149154663
brn,1982,0.8102099895477295
brn,1987,2.653510093688965
brn,1988,3.20917010307312
brn,1989,2.809700012207031
brn,1990,2.308160066604614
brn,1991,2.161129951477051
brn,1992,2.477720022201538
brn,1993,2.842040061950684
brn,1998,3.834460020065308
brn,1999,3.596090078353882
brn,2000,3.384609937667847
brn,2010,1.843840003013611
brn,2011,3.322139978408813
brn,2012,2.889640092849731
brn,2014,3.353219985961914
brn,2016,4.425399780273438
btn,1971,1.875789999961853
btn,1972,1.650560021400452
btn,1975,3.092390060424805
btn,1978,2.510020017623901
btn,1979,3.476239919662476
btn,2000,5.786759853363037
btn,2001,5.449850082397461
btn,2004,6.123119831085205
btn,2005,6.764200210571289
btn,2008,4.569509983062744
btn,2009,4.418879985809326
btn,2010,3.823189973831177
btn,2011,4.316589832305908
btn,2013,5.16565990447998
btn,2014,5.461850166320801
btn,2015,6.928860187530518
btn,2016,6.404459953308105
btn,2017,6.617249965667725
btn,2018,6.478109836578369
btn,2019,4.509827838186626
btn,2020,5.469917782614635
btn,2021,6.5983860642268
btn,2022,7.469819802800528
btn,2023,5.845180034637451
bwa,1971,4.387239933013916
bwa,1972,3.906389951705933
bwa,1973,3.262789964675903
bwa,1974,3.674240112304688
bwa,1975,5.649429798126221
bwa,1976,6.063960075378418
bwa,1977,5.400310039520264
bwa,1978,5.952139854431152
bwa,1979,6.141729831695557
bwa,1980,5.469319820404053
bwa,1983,5.55226993560791
bwa,1984,5.551660060882568
bwa,1985,5.650720119476318
bwa,1986,5.185929775238037
bwa,1987,6.117730140686035
bwa,1988,6.151110172271729
bwa,1990,5.739630222320557
bwa,1992,6.840610027313232
bwa,2005,10.67858982086182
bwa,2007,9.046669960021973
bwa,2009,9.825300216674805
bwa,2011,10.82655374166309
bwa,2012,8.109872974111402
bwa,2013,8.0172064061589
bwa,2014,7.88874188960311
bwa,2015,8.394579416446737
bwa,2016,8.735892963589285
bwa,2017,7.809244439473921
bwa,2018,7.905386053297099
bwa,2019,8.398996603344601
bwa,2020,8.058336609915406
caf,1978,3.170520067214966
caf,1986,2.207750082015991
caf,1987,2.548049926757813
caf,1990,2.244199991226196
caf,1991,2.276309967041016
caf,1999,1.690019965171814
caf,2000,1.612650036811829
caf,2002,1.519569993019104
caf,2003,1.539790034294128
caf,2004,1.624529957771301
caf,2005,1.652220010757446
caf,2006,1.415060043334961
caf,2007,1.31332004070282
caf,2008,1.29000997543335
caf,2009,1.254580020904541
caf,2010,1.117609977722168
caf,2011,1.107920050621033
caf,2012,1.980347248394731
caf,2013,2.638214238263553
caf,2014,2.220153316986932
caf,2015,1.910228587501197
caf,2016,1.754088982502339
caf,2017,1.753650139114652
caf,2018,1.565875968175352
caf,2019,1.767920746373609
caf,2020,2.144680611639768
caf,2021,1.8725169173301
caf,2022,2.115091294763655
caf,2023,1.829959113104194
can,1971,7.684299945831299
can,1972,7.589809894561768
can,1973,7.01386022567749
can,1974,6.667140007019043
can,1975,6.421329975128174
can,1976,6.698410034179688
can,1977,6.710909843444824
can,1978,7.073830127716064
can,1979,6.692200183868408
can,1980,6.462890148162842
can,1981,6.40900993347168
can,1982,6.497250080108643
can,1983,6.855470180511475
can,1984,6.618410110473633
can,1985,6.189430236816406
can,1986,6.020589828491211
can,1987,6.298279762268066
can,1988,6.150229930877686
can,1989,6.074069976806641
can,1990,5.969220161437988
can,1991,6.859519958496094
can,1992,6.746630191802979
can,1993,7.67834997177124
can,1994,6.658299922943115
can,1995,6.304769992828369
can,1998,5.493770122528076
can,1999,5.530799865722656
can,2000,5.423309803009033
can,2001,4.95304012298584
can,2002,4.993060111999512
can,2005,4.765890121459961
can,2007,4.766429901123047
can,2008,4.626120090484619
can,2009,4.840579986572266
can,2010,5.356379985809326
can,2011,5.262040138244629
can,2013,4.588990211486816
can,2014,4.843589782714844
can,2015,4.739369869232178
can,2016,4.816420078277588
can,2017,4.959980010986328
can,2018,4.888989925384521
can,2019,4.772930145263672
can,2020,4.88794994354248
can,2021,4.748589992523193
can,2022,4.844260215759277
che,1970,3.392519950866699
che,1971,3.496449947357178
che,1972,3.657619953155518
che,1973,3.914720058441162
che,1974,4.114160060882568
che,1975,4.374450206756592
che,1976,4.473599910736084
che,1977,4.496359825134277
che,1978,4.370530128479004
che,1979,4.347700119018555
che,1980,4.234020233154297
che,1981,4.196919918060303
che,1982,4.263160228729248
che,1983,4.367179870605469
che,1984,4.227119922637939
che,1985,4.174630165100098
che,1986,4.210080146789551
che,1987,4.166359901428223
che,1988,4.230800151824951
che,1989,4.14316987991333
che,1990,4.391940116882324
che,1991,4.545070171356201
che,1993,4.944590091705322
che,1994,4.908889770507813
che,1995,4.912899971008301
che,1996,4.922609806060791
che,1998,4.751520156860352
che,1999,4.759530067443848
che,2000,4.658780097961426
che,2001,4.822189807891846
che,2002,5.178820133209229
che,2003,5.384009838104248
che,2004,5.314290046691895
che,2005,5.084720134735107
che,2006,4.841209888458252
che,2007,4.583960056304932
che,2008,4.75724983215332
che,2009,4.925610065460205
che,2010,4.80210018157959
che,2011,4.856639862060547
che,2012,4.898620128631592
che,2013,4.91392993927002
che,2014,4.930570125579834
che,2015,4.99560022354126
che,2016,4.981649875640869
che,2017,5.017650127410889
che,2018,4.930079936981201
che,2019,5.014389991760254
che,2020,5.276760101318359
che,2021,5.025350093841553
che,2022,4.864270210266113
chl,1974,3.66648006439209
chl,1975,3.507030010223389
chl,1978,2.998990058898926
chl,1979,3.412970066070557
chl,1980,4.141560077667236
chl,1981,4.820650100708008
chl,1987,2.778990030288696
chl,1990,2.230590105056763
chl,1993,2.352799892425537
chl,1994,2.492589950561523
chl,1995,2.551650047302246
chl,1996,2.777209997177124
chl,1997,2.985169887542725
chl,1998,3.323129892349243
chl,1999,3.7083899974823
chl,2000,3.757070064544678
chl,2002,4.048810005187988
chl,2003,3.918689966201782
chl,2004,3.543070077896118
chl,2005,3.28016996383667
chl,2006,3.040149927139282
chl,2007,3.233160018920898
chl,2008,3.791899919509888
chl,2009,4.254759788513184
chl,2010,4.189539909362793
chl,2011,4.061739921569824
chl,2013,4.548140048980713
chl,2014,4.751689910888672
chl,2015,4.903900146484375
chl,2016,5.366459846496582
chl,2017,5.43278980255127
chl,2018,5.473060131072998
chl,2019,5.626299858093262
chl,2020,5.62992000579834
chl,2021,5.002250194549561
chl,2022,4.912010192871094
chn,1971,1.386540055274963
chn,1972,1.602190017700195
chn,1973,1.648190021514893
chn,1974,1.758350014686584
chn,1975,1.705809950828552
chn,1976,1.813539981842041
chn,1977,1.746639966964722
chn,1978,1.955600023269653
chn,1979,2.144530057907104
chn,1980,1.908519983291626
chn,1981,1.945320010185242
chn,1982,2.030610084533691
chn,1983,2.072940111160278
chn,1984,1.99481999874115
chn,1985,2.004410028457642
chn,1986,2.057780027389526
chn,1987,1.801069974899292
chn,1988,1.761170029640198
chn,1992,1.648429989814758
chn,1993,1.65106999874115
chn,1994,1.976580023765564
chn,1995,1.832669973373413
chn,1996,1.843209981918335
chn,1998,1.829970002174377
chn,1999,1.871209979057312
chn,2023,3.897140026092529
civ,1970,5.865389823913574
civ,1972,7.531859874725342
civ,1973,7.045609951019287
civ,1974,5.690390110015869
civ,1975,6.785739898681641
civ,1976,6.462120056152344
civ,1978,6.753670215606689
civ,1979,8.231389999389648
civ,1980,6.85975980758667
civ,1992,6.781139850616455
civ,1993,6.503049850463867
civ,1994,4.788690090179443
civ,1995,4.301449775695801
civ,1996,2.724760055541992
civ,1997,2.618119955062866
civ,1998,2.434979915618896
civ,1999,2.685280084609985
civ,2000,2.400310039520264
civ,2001,2.444770097732544
civ,2002,2.810470104217529
civ,2003,2.8643798828125
civ,2004,2.911760091781616
civ,2005,2.919430017471313
civ,2006,2.819989919662476
civ,2007,3.016149997711182
civ,2008,3.098530054092407
civ,2009,3.173939943313599
civ,2010,3.246510028839111
civ,2011,2.865750074386597
civ,2012,3.434459924697876
civ,2013,3.458590030670166
civ,2014,3.314169883728027
civ,2015,3.49412989616394
civ,2016,3.935930013656616
civ,2017,3.736540079116821
civ,2018,3.211649894714355
civ,2019,3.4130699634552
civ,2020,3.786740064620972
civ,2021,3.327179908752441
civ,2022,3.474849939346313
civ,2023,3.39421010017395
civ,2024,3.612799882888794
cmr,1971,3.079869985580444
cmr,1972,3.363889932632446
cmr,1982,2.984970092773438
cmr,1983,3.496890068054199
cmr,1984,3.246370077133179
cmr,1986,2.848340034484863
cmr,1987,2.930910110473633
cmr,1988,2.714730024337769
cmr,1989,2.648960113525391
cmr,1990,3.287100076675415
cmr,1991,3.220230102539063
cmr,1992,2.750999927520752
cmr,2000,1.702849984169006
cmr,2001,2.297339916229248
cmr,2003,2.822590112686157
cmr,2004,2.795300006866455
cmr,2005,2.656529903411865
cmr,2006,2.539900064468384
cmr,2007,2.87814998626709
cmr,2008,2.498260021209717
cmr,2009,2.907900094985962
cmr,2010,2.848020076751709
cmr,2011,2.653359889984131
cmr,2012,2.603049993515015
cmr,2013,2.65546989440918
cmr,2014,2.583960056304932
cmr,2015,2.657910108566284
cmr,2016,2.562340021133423
cmr,2017,3.059619903564453
cmr,2018,3.030960083007813
cmr,2019,3.047399493246804
cmr,2020,3.103901398584921
cmr,2021,2.849307627230595
cmr,2022,2.65952378267367
cmr,2023,2.839076236679354
cod,1980,2.267309904098511
cod,1981,2.535049915313721
cod,1982,2.799819946289063
cod,1983,1.299450039863586
cod,1984,0.7041400074958801
cod,1985,0.8256999850273132
cod,1986,0.7225000262260437
cod,1987,0.8611999750137329
cod,1988,0.8148400187492371
cod,2010,1.524979948997498
cod,2013,2.06220006942749
cod,2014,1.951429963111877
cod,2015,2.170439958572388
cod,2016,2.118690013885498
cod,2017,1.454949975013733
cod,2020,2.622638353115713
cod,2021,2.66048474102788
cod,2022,2.844665144630053
cog,1970,5.7322998046875
cog,1971,5.550950050354004
cog,1973,5.238450050354004
cog,1975,7.743020057678223
cog,1978,8.413310050964355
cog,1979,7.038139820098877
cog,1980,6.359240055084229
cog,1994,6.373119831085205
cog,1995,4.910339832305908
cog,1998,4.068270206451416
cog,2002,3.208319902420044
cog,2003,2.836159944534302
cog,2004,2.288130044937134
cog,2005,1.681020021438599
cog,2010,5.686729907989502
cog,2011,2.646529781738668
cog,2012,2.739230616220469
cog,2013,5.013881408941496
cog,2014,3.182559967041016
cog,2015,3.138829946517944
cog,2016,4.871140968786213
cog,2017,4.172359943389893
cog,2018,2.77167010307312
cog,2019,3.247164139708676
cog,2020,4.222088794661485
cog,2021,3.312815362740686
cog,2022,2.72738253259215
cog,2023,3.340052092569164
cok,2014,4.226510328791595
cok,2015,3.951283215009245
cok,2016,3.973336849422052
cok,2017,2.916932739866642
cok,2018,4.015508408839443
cok,2019,3.50426664598535
cok,2020,3.663785542431186
cok,2021,4.592104088913094
cok,2023,4.417399619582831
col,1979,1.754340052604675
col,1980,1.729120016098022
col,1981,2.597239971160889
col,1984,3.004290103912354
col,1985,2.715270042419434
col,1989,2.705250024795532
col,1998,3.92645001411438
col,1999,4.440800189971924
col,2000,3.511209964752197
col,2001,3.708679914474487
col,2002,4.268129825592041
col,2003,4.325139999389648
col,2004,4.079349994659424
col,2005,4.020989894866943
col,2006,3.916719913482666
col,2007,4.083010196685791
col,2008,3.938780069351196
col,2009,4.776519775390625
col,2010,4.833829879760742
col,2011,4.466080188751221
col,2012,4.370389938354492
col,2013,4.878550052642822
col,2014,4.629459857940674
col,2015,4.470389842987061
col,2016,4.47721004486084
col,2017,4.535510063171387
col,2018,4.449100017547607
col,2019,4.510680198669434
col,2020,5.261660099029541
com,1998,2.201359987258911
com,2002,2.258419990539551
com,2008,4.42264986038208
com,2011,2.830450057983398
com,2012,2.74783992767334
com,2013,2.382760047912598
com,2014,2.744729995727539
com,2015,2.5450599193573
com,2020,2.378050766796171
com,2021,2.27485390045927
com,2022,2.431644241109244
com,2023,2.341468966829894
cpv,1998,6.391769886016846
cpv,1999,6.801680088043213
cpv,2002,7.876820087432861
cpv,2004,7.476640224456787
cpv,2006,6.529600143432617
cpv,2007,4.959829807281494
cpv,2008,5.034649848937988
cpv,2009,4.865880012512207
cpv,2010,5.0765700340271
cpv,2011,4.597859859466553
cpv,2012,5.397695757952081
cpv,2013,4.561560153961182
cpv,2014,4.521339893341064
cpv,2015,4.806220054626465
cpv,2016,4.754759788513184
cpv,2017,4.592780113220215
cpv,2018,4.787922701845367
cpv,2019,4.165289878845215
cpv,2020,7.094007024066618
cpv,2021,6.154903030892839
cpv,2022,4.725255480072198
cpv,2023,4.348285413669305
cri,1980,7.347169876098633
cri,1982,4.885069847106934
cri,1983,4.957779884338379
cri,1986,4.420269966125488
cri,1988,4.013229846954346
cri,1989,4.077849864959717
cri,1995,3.35273003578186
cri,1996,3.890710115432739
cri,1999,5.394360065460205
cri,2000,4.666950225830078
cri,2001,4.832039833068848
cri,2002,5.150440216064453
cri,2003,5.133739948272705
cri,2004,4.890629768371582
cri,2006,4.61614990234375
cri,2007,4.634490013122559
cri,2008,4.886970043182373
cri,2009,6.010310173034668
cri,2010,6.565750122070313
cri,2011,6.379889965057373
cri,2012,6.582399845123291
cri,2013,6.687389850616455
cri,2014,6.679530143737793
cri,2015,6.873499870300293
cri,2016,6.893959999084473
cri,2017,7.069819927215576
cri,2018,6.769929885864258
cri,2019,6.738090038299561
cri,2020,6.628990173339844
cri,2021,6.248429775238037
cri,2022,5.547229766845703
cri,2023,5.312089920043945
cub,1980,8.36909008026123
cub,1991,7.144969940185547
cub,1993,7.074769973754883
cub,1994,5.619480133056641
cub,1998,6.208730220794678
cub,1999,6.755239963531494
cub,2000,7.70481014251709
cub,2001,8.3580904006958
cub,2002,9.571169853210447
cub,2003,9.9408597946167
cub,2004,10.26823043823242
cub,2005,10.55778026580811
cub,2006,9.057169914245604
cub,2007,11.86820983886719
cub,2008,14.05908012390137
cub,2009,13.12485980987549
cub,2010,12.83730983734131
cub,2012,11.55166049137966
cub,2013,10.67169596101001
cub,2014,9.607456844553605
cub,2015,8.963357855939199
cub,2016,9.01309318032688
cub,2017,8.444135404387932
cub,2018,8.024984610986191
cub,2019,9.047004861371626
cub,2020,11.5248184008093
cub,2021,9.385862056253105
cub,2022,8.440863516692838
cuw,2011,5.647253928346951
cuw,2012,5.382835903877058
cuw,2013,5.116330146789551
cuw,2014,5.954647186028185
cuw,2015,5.950112090333241
cuw,2016,6.234953895189386
cuw,2017,5.914447855949509
cuw,2018,5.938732707937207
cuw,2019,5.81155632881729
cuw,2020,7.116452388343469
cuw,2021,6.181602367266637
cuw,2022,6.081670336058129
cuw,2023,5.300741590057882
cuw,2024,5.443137254901961
cym,2018,2.163769459971063
cym,2019,1.136700034141541
cym,2020,1.455420017242432
cym,2021,1.312530040740967
cym,2022,1.488940000534058
cym,2023,1.570240020751953
cyp,1975,4.335020065307617
cyp,1976,3.819700002670288
cyp,1977,3.385489940643311
cyp,1978,3.312340021133423
cyp,1979,3.353130102157593
cyp,1980,3.426009893417358
cyp,1981,3.791320085525513
cyp,1982,3.731780052185059
cyp,1984,3.60191011428833
cyp,1985,3.586960077285767
cyp,1986,3.488970041275024
cyp,1987,3.448709964752197
cyp,1988,3.375469923019409
cyp,1989,3.376270055770874
cyp,1990,3.339240074157715
cyp,1991,3.575390100479126
cyp,1992,3.78029990196228
cyp,1993,4.095550060272217
cyp,1994,4.159969806671143
cyp,1995,3.741230010986328
cyp,1999,4.772079944610596
cyp,2000,4.989540100097656
cyp,2001,5.115520000457764
cyp,2002,5.581669807434082
cyp,2003,6.670229911804199
cyp,2004,6.117720127105713
cyp,2005,6.286670207977295
cyp,2006,6.33027982711792
cyp,2007,6.280839920043945
cyp,2008,6.722770214080811
cyp,2009,7.205470085144043
cyp,2010,6.525599956512451
cyp,2011,6.520420074462891
cyp,2013,6.467470169067383
cyp,2014,6.421110153198242
cyp,2015,6.304910182952881
cyp,2016,6.118110179901123
cyp,2017,5.699619770050049
cyp,2019,5.162930011749268
cyp,2020,5.564620018005371
cyp,2021,5.082479953765869
cyp,2022,4.742109775543213
cze,1992,3.725419998168945
cze,1993,4.129489898681641
cze,1994,4.617300033569336
cze,1995,4.485849857330322
cze,1996,4.2188401222229
cze,1998,3.559890031814575
cze,1999,3.644399881362915
cze,2000,3.619990110397339
cze,2001,3.71491003036499
cze,2002,3.939029932022095
cze,2003,4.103119850158691
cze,2004,3.981300115585327
cze,2005,3.862509965896606
cze,2006,4.19625997543335
cze,2007,3.850069999694824
cze,2008,3.732079982757568
cze,2009,4.155320167541504
cze,2010,3.993419885635376
cze,2011,4.207870006561279
cze,2012,4.190499782562256
cze,2013,4.021329879760742
cze,2014,3.936039924621582
cze,2015,5.719130039215088
cze,2016,5.500800132751465
cze,2017,3.755749940872192
cze,2018,4.215410232543945
cze,2019,4.46737003326416
cze,2020,4.625030040740967
cze,2021,4.651639938354492
cze,2022,4.302919864654541
deu,1993,4.391739845275879
deu,1994,4.316649913787842
deu,1995,4.418350219726563
deu,1996,4.477980136871338
deu,1998,4.444459915161133
deu,2008,4.47337007522583
deu,2010,4.995250225067139
deu,2011,4.885839939117432
deu,2012,4.831530094146729
deu,2013,4.839119911193848
deu,2014,4.825829982757568
deu,2015,4.761579990386963
deu,2016,4.763219833374023
deu,2017,4.77830982208252
deu,2018,4.88401985168457
deu,2019,5.027579784393311
deu,2020,5.51600980758667
deu,2021,5.367340087890625
deu,2022,5.239160060882568
dji,1999,7.629479885101318
dji,2000,9.659999847412108
dji,2001,7.805399894714355
dji,2002,8.447589874267578
dji,2003,8.88988971710205
dji,2004,9.264670372009276
dji,2005,8.365889549255371
dji,2006,8.278779983520508
dji,2007,8.40625
dji,2010,4.490220069885254
dji,2012,6.35127551762696
dji,2013,4.647825331033123
dji,2014,4.384075212585091
dji,2015,3.598959922790527
dji,2016,3.922260046005249
dji,2017,3.733449935913086
dji,2018,3.751430034637451
dma,1989,4.289909839630127
dma,1998,5.739840030670166
dma,1999,4.028580188751221
dma,2012,4.528962878851385
dma,2013,4.354281031663445
dma,2014,4.332166301346466
dma,2015,3.098560094833374
dma,2016,5.12971951862684
dma,2017,4.71605005720456
dma,2018,5.153604627216498
dma,2019,4.887219905853271
dma,2020,4.457779884338379
dma,2021,5.716891830348617
dma,2022,6.043142434065714
dma,2023,4.694237462865927
dma,2024,5.385721890609249
dnk,1970,5.955520153045654
dnk,1971,6.393400192260742
dnk,1972,6.481790065765381
dnk,1973,6.268630027770996
dnk,1974,6.588200092315674
dnk,1975,6.722350120544434
dnk,1977,5.680409908294678
dnk,1978,5.757559776306152
dnk,1979,5.584360122680664
dnk,1980,5.937329769134521
dnk,1986,5.860209941864014
dnk,1987,6.090929985046387
dnk,1988,6.336019992828369
dnk,1989,5.843180179595947
dnk,1991,5.59853982925415
dnk,1993,7.777400016784668
dnk,1994,7.477970123291016
dnk,1995,7.477399826049805
dnk,1996,7.891280174255371
dnk,1998,8.112000465393066
dnk,1999,7.934619903564453
dnk,2000,8.090020179748535
dnk,2001,8.210929870605469
dnk,2002,8.206000328063965
dnk,2003,8.10986042022705
dnk,2004,8.1876802444458
dnk,2005,8.064740180969238
dnk,2006,7.716239929199219
dnk,2007,7.596839904785156
dnk,2008,7.441969871520996
dnk,2009,8.412790298461914
dnk,2010,8.550230026245117
dnk,2011,8.477160453796387
dnk,2012,7.245709896087646
dnk,2013,8.468609809875488
dnk,2014,7.638339996337891
dnk,2016,7.715340137481689
dnk,2017,7.370009899139404
dnk,2018,7.327479839324951
dnk,2019,7.275859832763672
dnk,2020,7.385749816894531
dnk,2021,6.959159851074219
dnk,2022,6.355860233306885
dom,1970,2.640789985656738
dom,1982,1.538910031318665
dom,1983,1.46382999420166
dom,1984,1.334550023078918
dom,1985,1.210190057754517
dom,1993,0.7739499807357788
dom,1994,0.8933699727058411
dom,1995,1.033300042152405
dom,1996,1.227249979972839
dom,2000,1.888290047645569
dom,2001,1.967829942703247
dom,2002,1.914010047912598
dom,2003,1.844650030136108
dom,2007,2.046780109405518
dom,2010,1.887287886801289
dom,2011,1.879257557861533
dom,2013,3.628181520191884
dom,2014,3.622434431445135
dom,2015,3.604002773066728
dom,2016,3.850495607924688
dom,2017,3.920267522792724
dom,2018,3.928494674768024
dom,2019,4.042768731260534
dom,2020,4.517698507789853
dom,2021,3.580432716149572
dom,2022,3.610888720702714
dom,2023,3.760647737525598
dza,1979,7.182010173797607
dza,1980,6.597420215606689
dza,2008,4.111420154571533
dza,2010,8.691770900789098
dza,2011,9.12453448642892
dza,2012,7.029508897722608
dza,2013,6.65906035504841
dza,2014,6.548898415452769
dza,2015,6.176330145640466
dza,2016,6.502108434724575
dza,2017,5.734823508887958
dza,2018,5.812751272017596
dza,2019,5.575365634465231
dza,2020,6.193917244965153
dza,2021,5.514032817699239
dza,2022,4.749246730006033
dza,2023,5.610157177266362
dza,2024,8.977720260620117
ecu,1970,2.002830028533936
ecu,1971,1.879400014877319
ecu,1977,2.418839931488037
ecu,1984,4.203420162200928
ecu,1985,5.233349800109863
ecu,1986,6.872379779815674
ecu,1995,1.997640013694763
ecu,1998,2.195369958877563
ecu,1999,1.547340035438538
ecu,2000,1.202659964561462
ecu,2009,4.517630100250244
ecu,2010,4.600289821624756
ecu,2011,4.744249820709229
ecu,2012,4.65310001373291
ecu,2013,4.929979801177979
ecu,2014,5.21019983291626
ecu,2015,5.105700016021729
ecu,2016,4.463976688045521
ecu,2017,4.606677334993971
ecu,2018,4.625026058588098
ecu,2019,4.24576997756958
ecu,2020,4.261030197143555
ecu,2021,3.656490087509155
ecu,2022,3.613019943237305
ecu,2023,3.819649934768677
ecu,2024,3.690749883651733
egy,1971,4.529920101165771
egy,1972,4.537899971008301
egy,1974,5.226669788360596
egy,1975,4.892429828643799
egy,1976,4.943429946899414
egy,1977,4.549580097198486
egy,1978,4.941120147705078
egy,1980,4.280320167541504
egy,1982,5.60830020904541
egy,1983,5.221489906311035
egy,1988,4.525219917297363
egy,1989,4.600059986114502
egy,1992,4.050670146942139
egy,1993,4.197700023651123
egy,1994,4.583759784698486
egy,1995,4.604000091552734
egy,1996,4.67156982421875
egy,2003,4.945630073547363
egy,2004,4.670720100402832
egy,2005,4.794429779052734
egy,2006,4.001780033111572
egy,2007,3.684609889984131
egy,2008,3.760829925537109
eri,1996,1.638550043106079
eri,1998,4.620580196380615
eri,1999,5.262810230255127
eri,2001,4.047160148620605
eri,2002,3.523900032043457
eri,2004,3.148969888687134
eri,2006,2.127000093460083
esp,1970,1.834319949150085
esp,1971,1.890630006790161
esp,1972,2.066119909286499
esp,1974,1.460600018501282
esp,1976,1.900750041007996
esp,1977,2.078649997711182
esp,1978,2.232320070266724
esp,1979,2.339730024337769
esp,1987,3.130409955978394
esp,1988,3.330679893493652
esp,1989,3.554310083389282
esp,1990,3.636189937591553
esp,1991,3.745019912719727
esp,1992,3.83991003036499
esp,1993,4.24793004989624
esp,1994,4.487880229949951
esp,1995,4.43779993057251
esp,1996,4.459799766540527
esp,1998,4.291210174560547
esp,1999,4.263879776000977
esp,2000,4.16786003112793
esp,2001,4.111470222473145
esp,2002,4.133510112762451
esp,2003,4.17126989364624
esp,2004,4.154850006103516
esp,2005,4.140900135040283
esp,2006,4.179999828338623
esp,2007,4.246150016784668
esp,2008,4.516300201416016
esp,2009,4.895209789276123
esp,2010,4.836060047149658
esp,2011,4.718979835510254
esp,2012,4.46012020111084
esp,2013,4.328529834747314
esp,2014,4.27524995803833
esp,2015,4.249030113220215
esp,2016,4.193270206451416
esp,2017,4.178460121154785
esp,2018,4.150450229644775
esp,2019,4.202559947967529
esp,2020,4.851180076599121
esp,2021,4.813169956207275
esp,2022,4.585539817810059
est,1992,5.281410217285156
est,1993,5.698229789733887
est,1994,5.494289875030518
est,1995,5.898660182952881
est,1996,6.054920196533203
est,1997,6.33788013458252
est,1998,6.235360145568848
est,1999,6.652490139007568
est,2000,5.339459896087646
est,2001,5.232170104980469
est,2002,5.433030128479004
est,2003,5.271719932556152
est,2004,4.875669956207275
est,2005,4.80935001373291
est,2007,4.619669914245605
est,2008,5.483759880065918
est,2009,5.959760189056396
est,2010,5.517539978027344
est,2011,4.995140075683594
est,2012,4.673409938812256
est,2013,4.780069828033447
est,2014,4.325860023498535
est,2015,5.051270008087158
est,2016,5.05511999130249
est,2017,4.862880229949951
est,2018,5.13962984085083
est,2019,5.164150238037109
est,2020,5.441800117492676
est,2021,5.215149879455566
est,2022,5.207339763641357
eth,1971,1.197669982910156
eth,1972,1.314429998397827
eth,1977,2.159859895706177
eth,1978,1.934939980506897
eth,1979,2.00423002243042
eth,1980,1.816200017929077
eth,1981,1.858070015907288
eth,1982,2.060930013656616
eth,1983,2.24603009223938
eth,1984,2.060620069503784
eth,1985,2.280659914016724
eth,1986,2.085900068283081
eth,1993,2.296900033950806
eth,1996,2.707079887390137
eth,1997,2.690799951553345
eth,2000,3.886149883270264
eth,2001,3.700289964675903
eth,2002,3.632450103759766
eth,2006,5.490940093994141
eth,2007,5.451109886169434
eth,2008,5.408199787139893
eth,2009,4.422070026397705
eth,2010,4.496590137481689
eth,2011,5.485770225524902
eth,2012,5.566770076751709
eth,2013,4.498549938201904
eth,2014,4.602019786834717
eth,2015,4.737918688787595
eth,2016,5.061513999984468
eth,2017,5.499050760252714
eth,2018,5.220111895223992
eth,2019,4.480869461270539
eth,2020,4.090565422069898
eth,2021,4.065248743090963
eth,2022,3.736495121888292
eth,2023,2.927244776892699
eth,2024,2.297806956599102
fin,1970,5.413000106811523
fin,1971,5.330900192260742
fin,1972,5.007750034332275
fin,1973,5.092919826507568
fin,1974,4.481910228729248
fin,1975,5.032790184020996
fin,1976,5.227859973907471
fin,1979,4.79649019241333
fin,1980,4.825319766998291
fin,1981,4.83411979675293
fin,1982,4.780519962310791
fin,1983,4.857230186462402
fin,1984,4.700500011444092
fin,1985,5.047160148620605
fin,1986,5.101789951324463
fin,1987,5.202509880065918
fin,1988,5.067880153656006
fin,1989,5.073490142822266
fin,1990,5.338600158691406
fin,1991,6.336460113525391
fin,1992,6.520189762115479
fin,1993,7.495729923248291
fin,1994,6.864860057830811
fin,1995,6.816480159759521
fin,1996,6.866109848022461
fin,1999,5.871230125427246
fin,2000,5.711639881134033
fin,2001,5.840849876403809
fin,2002,6.018650054931641
fin,2003,6.168869972229004
fin,2004,6.158239841461182
fin,2005,6.025829792022705
fin,2006,5.929609775543213
fin,2007,5.671649932861328
fin,2008,5.830460071563721
fin,2009,6.459980010986328
fin,2010,6.504310131072998
fin,2011,6.456240177154541
fin,2012,7.171549797058105
fin,2013,7.152880191802979
fin,2014,7.138329982757568
fin,2015,7.071990013122559
fin,2016,6.908730030059814
fin,2017,6.408269882202148
fin,2018,6.31771993637085
fin,2019,6.453000068664551
fin,2020,6.681280136108398
fin,2021,6.588200092315674
fin,2022,6.37578010559082
fji,1979,5.197609901428223
fji,1981,5.821209907531738
fji,1983,6.486690044403076
fji,1989,4.831099987030029
fji,1998,5.524700164794922
fji,1999,5.16864013671875
fji,2000,5.877739906311035
fji,2001,5.643109798431396
fji,2002,6.275869846343994
fji,2004,6.209159851074219
fji,2005,5.167059898376465
fji,2006,5.655320167541504
fji,2007,5.894720077514648
fji,2008,4.253570079803467
fji,2009,4.498479843139648
fji,2011,4.173059940338135
fji,2012,4.46150592221937
fji,2013,3.882889986038208
fji,2014,3.769609235808963
fji,2015,4.809317810246949
fji,2016,4.835902491753216
fji,2017,4.651191605754516
fji,2018,4.797060493836018
fji,2019,5.15273175975853
fji,2020,5.805195129020547
fji,2021,4.852686271293499
fji,2022,3.938395390741944
fji,2023,4.246797908906035
fra,1970,3.465440034866333
fra,1971,3.207590103149414
fra,1972,3.390379905700684
fra,1973,3.255719900131226
fra,1974,4.278739929199219
fra,1975,4.478829860687256
fra,1976,4.470709800720215
fra,1977,4.473840236663818
fra,1978,4.388279914855957
fra,1979,4.32151985168457
fra,1980,4.349609851837158
fra,1981,4.78016996383667
fra,1982,4.908470153808594
fra,1983,4.909450054168701
fra,1984,4.919929981231689
fra,1985,4.904029846191406
fra,1986,4.748109817504883
fra,1987,4.662630081176758
fra,1988,4.580780029296875
fra,1989,4.49351978302002
fra,1990,4.555349826812744
fra,1991,4.880980014801025
fra,1992,4.775599956512451
fra,1993,5.464419841766357
fra,1994,5.659560203552246
fra,1995,5.812069892883301
fra,1996,5.781169891357422
fra,1998,5.711470127105713
fra,2017,5.464829921722412
fra,2018,5.42540979385376
fra,2019,5.366380214691162
fra,2020,5.65871000289917
fra,2021,5.417439937591553
fra,2022,5.324349880218506
fsm,1972,66.90030670166016
fsm,1999,6.424910068511963
fsm,2000,6.706870079040527
fsm,2012,11.71922913673912
fsm,2013,12.34388319067482
fsm,2014,12.22816809032572
fsm,2015,12.40791988372803
fsm,2016,13.814728
fsm,2017,12.68158217270195
fsm,2018,9.94274464285714
fsm,2019,10.69316827411167
fsm,2020,11.55913978494624
gab,1992,2.805520057678223
gab,1998,3.419660091400146
gab,1999,3.08122992515564
gab,2000,3.82709002494812
gab,2010,3.078089952468872
gab,2011,2.987459897994995
gab,2012,3.013400077819824
gab,2013,3.029710054397583
gab,2014,2.666670083999634
gab,2015,2.824359858235116
gab,2016,2.667730896701992
gab,2017,3.555708010599309
gab,2018,3.071542956298995
gab,2019,2.874309832333694
gab,2020,3.398740879287884
gab,2021,2.700792899397604
gab,2022,2.207736503579309
gab,2023,2.315942877260556
gbr,1971,5.032050132751465
gbr,1972,5.159379959106445
gbr,1973,5.448609828948975
gbr,1974,5.390999794006348
gbr,1975,6.26878023147583
gbr,1976,6.424220085144043
gbr,1977,6.063350200653076
gbr,1980,5.070119857788086
gbr,1981,5.2884202003479
gbr,1982,5.188700199127197
gbr,1983,5.061500072479248
gbr,1984,4.899059772491455
gbr,1985,4.594089984893799
gbr,1986,4.380839824676514
gbr,1987,4.371809959411621
gbr,1988,4.268310070037842
gbr,1989,4.125110149383545
gbr,1990,4.055520057678223
gbr,1991,4.122479915618896
gbr,1992,4.334489822387695
gbr,1994,4.850830078125
gbr,1995,4.839260101318359
gbr,1996,4.378260135650635
gbr,1998,4.207079887390137
gbr,1999,3.988450050354004
gbr,2000,4.018209934234619
gbr,2001,4.100150108337402
gbr,2002,4.611909866333008
gbr,2003,4.801290035247803
gbr,2004,4.735559940338135
gbr,2005,4.929759979248047
gbr,2006,4.976480007171631
gbr,2007,4.924449920654297
gbr,2008,4.909729957580566
gbr,2009,5.062630176544189
gbr,2010,5.698689937591553
gbr,2011,5.572199821472168
gbr,2013,5.525290012359619
gbr,2014,5.601349830627441
gbr,2015,5.554530143737793
gbr,2016,5.42795991897583
gbr,2017,5.452549934387207
gbr,2018,5.204380035400391
gbr,2019,5.261169910430908
gbr,2020,5.43936014175415
gbr,2021,5.906819820404053
geo,1994,6.91565990447998
geo,1998,2.108880043029785
geo,1999,2.155129909515381
geo,2000,2.181050062179565
geo,2001,2.137500047683716
geo,2002,2.23501992225647
geo,2003,2.065599918365479
geo,2004,2.914200067520142
geo,2005,2.484319925308228
geo,2006,3.003649950027466
geo,2007,2.696870088577271
geo,2008,2.919549942016602
geo,2009,3.222379922866821
geo,2010,2.761793333606224
geo,2011,2.514919996261597
geo,2012,1.860339999198914
geo,2013,2.833096685717505
geo,2014,2.941139477362723
geo,2015,3.108703688773453
geo,2016,3.523380041122437
geo,2017,3.524420022964478
geo,2018,3.460949897766113
geo,2019,3.829859972000122
geo,2020,3.809511307081248
geo,2021,3.594419956207275
geo,2022,3.754980087280273
geo,2023,3.709180116653442
geo,2024,3.98011682083814
gha,1971,4.224440097808838
gha,1972,4.621399879455566
gha,1974,3.802710056304932
gha,1975,4.876540184020996
gha,1976,5.828829765319824
gha,1977,6.095280170440674
gha,1979,2.311350107192993
gha,1980,2.707770109176636
gha,1981,1.808120012283325
gha,1982,1.904539942741394
gha,1986,3.354480028152466
gha,1987,3.306699991226196
gha,1988,3.187419891357422
gha,1999,4.11037015914917
gha,2001,5.354440212249756
gha,2004,7.535580158233643
gha,2005,7.422080039978027
gha,2006,5.147940158843994
gha,2007,5.519869804382324
gha,2008,5.757959842681885
gha,2009,5.317440032958984
gha,2010,5.540599822998047
gha,2011,8.140970230102539
gha,2012,7.919139862060547
gha,2013,4.576449871063232
gha,2014,4.399789810180664
gha,2015,4.434040069580078
gha,2016,4.394519805908203
gha,2017,3.533629894256592
gha,2018,3.886130094528198
gha,2019,3.153071148425728
gha,2020,3.409159913517251
gha,2021,3.400504268472202
gha,2022,2.909638316384515
gin,1984,0.3349399864673615
gin,1991,1.382910013198853
gin,1992,1.376009941101074
gin,1993,1.432330012321472
gin,1999,1.619549989700317
gin,2000,1.778650045394897
gin,2001,1.427850008010864
gin,2002,1.778970003128052
gin,2003,1.626129984855652
gin,2004,1.515689969062805
gin,2005,1.268149971961975
gin,2008,1.581120014190674
gin,2009,2.207250118255615
gin,2010,2.55118989944458
gin,2011,2.287420034408569
gin,2012,1.833699941635132
gin,2013,2.634219884872437
gin,2014,2.422810077667236
gin,2015,2.517139911651611
gin,2016,2.544500112533569
gin,2017,2.320339918136597
gin,2018,2.384320020675659
gin,2019,1.858119964599609
gin,2020,2.448060035705566
gin,2021,2.040748206105857
gin,2022,2.007223029811844
gin,2023,1.72470879088585
gmb,1985,4.295149803161621
gmb,1986,3.484730005264282
gmb,1989,2.974090099334717
gmb,1990,2.825839996337891
gmb,1991,3.780610084533691
gmb,1992,1.169839978218079
gmb,1995,2.553560018539429
gmb,1996,2.566279888153076
gmb,1999,1.565129995346069
gmb,2000,1.465870022773743
gmb,2001,1.158100008964539
gmb,2002,1.442919969558716
gmb,2003,1.363379955291748
gmb,2004,0.6224700212478638
gmb,2005,0.6918799877166748
gmb,2006,0.7516300082206726
gmb,2007,0.816860020160675
gmb,2008,2.181299924850464
gmb,2009,1.908139944076538
gmb,2010,2.563220024108887
gmb,2011,2.501169919967651
gmb,2012,2.637569904327393
gmb,2013,1.818390011787415
gmb,2014,2.230940103530884
gmb,2015,2.160029888153076
gmb,2016,2.0244300365448
gmb,2017,2.459194450965247
gmb,2018,2.365439891815186
gmb,2019,2.808097033326556
gmb,2020,2.887345697978075
gmb,2021,3.044776946352264
gmb,2022,2.891687445517012
gmb,2023,2.808381565449767
gnb,1999,2.032370090484619
gnb,2010,1.682219982147217
gnb,2011,1.76593005657196
gnb,2012,1.886379957199097
gnb,2013,2.010270118713379
gnq,1998,2.187969923019409
grc,1970,1.568310022354126
grc,1971,1.32082998752594
grc,1973,1.128309965133667
grc,1974,1.35493004322052
grc,1975,1.481459975242615
grc,1976,1.468670010566711
grc,1977,1.514799952507019
grc,1978,1.709480047225952
grc,1981,1.716670036315918
grc,1982,1.710630059242249
grc,1983,1.712499976158142
grc,1984,1.835559964179993
grc,1986,1.859220027923584
grc,1987,1.860080003738403
grc,1988,1.895300030708313
grc,1989,2.043889999389648
grc,1990,2.074939966201782
grc,1991,1.961619973182678
grc,1998,2.992330074310303
grc,1999,3.148230075836182
grc,2000,3.350860118865967
grc,2001,3.473089933395386
grc,2002,3.522550106048584
grc,2003,3.524070024490356
grc,2004,3.760590076446533
grc,2005,4.054920196533203
grc,2015,3.682389974594116
grc,2017,3.467780113220215
grc,2018,3.576260089874268
grc,2019,3.550620079040527
grc,2022,3.375479936599731
grd,2003,3.926739931106567
grd,2010,5.075082334969784
grd,2011,5.485323420710913
grd,2012,5.072258806860275
grd,2014,4.477565947729415
grd,2015,4.238610359891824
grd,2017,3.173799991607666
grd,2018,3.559193418825943
grd,2021,4.090303342173667
grd,2022,4.037672848691613
grd,2023,5.125448459688934
gtm,1970,1.858719944953918
gtm,1971,2.025540113449097
gtm,1976,1.627290010452271
gtm,1993,1.665750026702881
gtm,1994,1.439980030059814
gtm,1995,1.60479998588562
gtm,1996,1.563699960708618
gtm,2006,3.032850027084351
gtm,2007,3.088099956512451
gtm,2008,3.236860036849976
gtm,2010,2.848649978637695
gtm,2011,2.968650102615356
gtm,2012,3.005249977111816
gtm,2013,2.888089895248413
gtm,2014,2.985630035400391
gtm,2015,3.030329942703247
gtm,2016,2.944740056991577
gtm,2017,2.950099945068359
gtm,2018,3.131939888000488
gtm,2019,3.192970037460327
gtm,2020,3.29485011100769
gtm,2021,3.091890096664429
gtm,2022,3.207870006561279
gtm,2023,3.108779907226563
gtm,2024,3.07588005065918
guy,1970,4.328979969024658
guy,1977,7.088729858398438
guy,1979,9.377869606018066
guy,1983,8.253470420837402
guy,1984,7.227479934692383
guy,1994,3.72445011138916
guy,1995,3.609339952468872
guy,1999,8.561059951782227
guy,2000,8.484149932861328
guy,2001,8.397290229797363
guy,2002,8.36553955078125
guy,2003,6.955900192260742
guy,2004,5.512919902801514
guy,2005,8.139730453491211
guy,2006,3.118910074234009
guy,2007,2.391170024871826
guy,2009,2.150579929351807
guy,2010,2.409389972686768
guy,2011,2.50669002532959
guy,2012,2.241319894790649
guy,2014,4.360330104827881
guy,2015,3.895699977874756
guy,2016,4.737750053405762
guy,2017,4.664780139923096
guy,2018,4.45058012008667
hkg,1971,2.368149995803833
hkg,1972,2.295609951019287
hkg,1973,2.183370113372803
hkg,1974,2.360290050506592
hkg,1975,2.449199914932251
hkg,1976,2.43336009979248
hkg,1977,2.219239950180054
hkg,1978,2.322550058364868
hkg,1980,2.192140102386475
hkg,1981,2.271729946136475
hkg,1982,1.669829964637756
hkg,1983,2.57859992980957
hkg,1984,2.581690073013306
hkg,1985,2.558969974517822
hkg,1990,2.466089963912964
hkg,1992,2.828200101852417
hkg,1996,2.728300094604492
hkg,2001,3.903700113296509
hkg,2002,4.015550136566162
hkg,2003,4.285309791564941
hkg,2004,4.558949947357178
hkg,2005,4.13463020324707
hkg,2006,3.842780113220215
hkg,2007,3.45455002784729
hkg,2008,3.2606201171875
hkg,2009,4.392119884490967
hkg,2010,3.510020017623901
hkg,2011,3.418230056762695
hkg,2012,3.509609937667847
hkg,2013,3.760319948196411
hkg,2014,3.572540044784546
hkg,2015,3.262109994888306
hkg,2016,3.29269003868103
hkg,2017,3.309890031814575
hkg,2018,3.326240062713623
hkg,2019,3.810179948806763
hkg,2020,4.405630111694336
hkg,2021,4.000309944152832
hkg,2022,3.728669881820679
hkg,2023,3.803280115127563
hkg,2024,3.805520057678223
hnd,1978,2.019049882888794
hnd,1979,2.01298999786377
hnd,1980,1.936360001564026
hnd,1994,2.512639999389648
hnd,1995,2.617449998855591
hnd,2012,6.299727935773913
hnd,2013,5.874939918518066
hnd,2014,7.090109825134277
hnd,2015,6.412980079650879
hnd,2016,6.095094920792972
hnd,2017,5.74434396129576
hnd,2018,6.056469917297363
hnd,2019,5.981982663115932
hnd,2020,6.098013286488893
hnd,2021,5.88160201792279
hnd,2022,4.482800308020556
hnd,2023,4.549620371727023
hrv,2002,3.823050022125244
hrv,2003,3.870199918746948
hrv,2004,3.823869943618774
hrv,2007,3.968980073928833
hrv,2008,4.278389930725098
hrv,2009,4.362170219421387
hrv,2010,4.206510066986084
hrv,2011,4.10584020614624
hrv,2013,4.501279830932617
hrv,2017,3.872070074081421
hrv,2018,3.924329996109009
hrv,2019,3.945559978485107
hrv,2020,4.408549785614014
hrv,2021,4.091660022735596
hti,1981,1.393740057945251
hti,1982,1.079540014266968
hti,1983,1.022210001945496
hti,1984,0.9861900210380554
hti,1985,0.969290018081665
hti,1991,1.073989987373352
hti,2014,1.752269983291626
hti,2015,1.854979991912842
hti,2016,1.387760043144226
hti,2017,1.498469948768616
hti,2018,1.637159943580627
hti,2019,1.084149780674085
hti,2020,1.113536415586431
hti,2021,1.242751811170482
hti,2022,1.026898122067983
hti,2023,0.9646480129779644
hun,1970,3.440150022506714
hun,1971,3.425189971923828
hun,1972,3.350059986114502
hun,1973,3.38988995552063
hun,1974,3.595590114593506
hun,1975,3.720139980316162
hun,1976,3.525350093841553
hun,1977,3.593539953231812
hun,1978,3.715070009231567
hun,1979,3.695339918136597
hun,1980,4.289909839630127
hun,1981,4.418570041656494
hun,1982,4.42117977142334
hun,1983,5.189720153808594
hun,1984,4.758379936218262
hun,1985,4.532849788665771
hun,1986,4.735529899597168
hun,1987,4.630799770355225
hun,1988,4.482669830322266
hun,1989,5.046909809112549
hun,1990,5.41418981552124
hun,1991,5.860209941864014
hun,1992,6.059730052947998
hun,1993,5.900290012359619
hun,1994,5.815849781036377
hun,1995,4.831679821014404
hun,1996,4.318550109863281
hun,1998,4.401619911193848
hun,1999,4.559000015258789
hun,2000,4.862470149993896
hun,2001,4.926439762115479
hun,2002,5.177110195159912
hun,2003,5.79872989654541
hun,2004,5.333010196685791
hun,2005,5.325399875640869
hun,2006,5.294859886169434
hun,2007,5.137259960174561
hun,2008,4.970699787139893
hun,2009,4.956260204315186
hun,2010,4.733650207519531
hun,2011,4.57056999206543
hun,2012,4.153590202331543
hun,2013,4.190400123596191
hun,2014,4.598780155181885
hun,2015,4.492879867553711
hun,2016,4.602109909057617
hun,2017,4.640349864959717
hun,2018,4.605679988861084
hun,2019,4.201409816741943
hun,2020,4.122650146484375
hun,2021,4.654079914093018
hun,2022,3.801199913024902
idn,1972,2.788209915161133
idn,1989,0.8714100122451782
idn,1994,0.9985499978065492
idn,1995,1.004349946975708
idn,1996,1.078549981117249
idn,1997,1.072080016136169
idn,2001,2.460030078887939
idn,2002,2.645689964294434
idn,2003,3.217999935150146
idn,2004,2.748460054397583
idn,2005,2.872819900512695
idn,2007,3.044260025024414
idn,2008,2.901900053024292
idn,2009,3.525130033493042
idn,2010,2.812279939651489
idn,2011,3.189440011978149
idn,2012,3.407480001449585
idn,2013,3.359040021896362
idn,2014,3.288009881973267
idn,2015,3.583610057830811
idn,2016,1.210234524969644
idn,2017,1.053243824900565
idn,2018,0.9944364608461786
idn,2019,0.9643990776229272
idn,2020,1.015932213478094
idn,2021,1.032217506583739
idn,2022,0.8639433495759075
idn,2023,1.275170882456738
ind,1997,3.361370086669922
ind,1998,3.572570085525513
ind,1999,4.415380001068115
ind,2000,4.32480001449585
ind,2003,3.613420009613037
ind,2004,3.352540016174316
ind,2005,3.188760042190552
ind,2006,3.142849922180176
ind,2009,3.278249979019165
ind,2010,3.377690076828003
ind,2011,3.796180009841919
ind,2012,3.867500066757202
ind,2013,3.844670057296753
ind,2014,3.89878023242693
ind,2015,4.114560127258301
ind,2016,4.254069805145264
ind,2017,4.305439949035645
ind,2018,4.363749980926514
ind,2019,3.897320032119751
ind,2020,4.293350219726563
ind,2021,4.629499912261963
ind,2022,4.098658141745892
irl,1971,4.486410140991211
irl,1972,4.616899967193604
irl,1973,4.608560085296631
irl,1974,4.68602991104126
irl,1976,4.29649019241333
irl,1977,5.085319995880127
irl,1978,5.067609786987305
irl,1979,5.288129806518555
irl,1980,5.32220983505249
irl,1981,5.732019901275635
irl,1982,5.389530181884766
irl,1983,5.446539878845215
irl,1984,5.281700134277344
irl,1985,5.248370170593262
irl,1986,5.301209926605225
irl,1987,5.528820037841797
irl,1988,5.016160011291504
irl,1989,4.713019847869873
irl,1990,4.600560188293457
irl,1991,4.782670021057129
irl,1992,5.005630016326904
irl,1993,5.115560054779053
irl,1994,5.18871021270752
irl,1995,4.871620178222656
irl,1996,4.753920078277588
irl,1998,4.287539958953857
irl,1999,4.133790016174316
irl,2000,4.132269859313965
irl,2001,4.087500095367432
irl,2002,4.104879856109619
irl,2003,4.204939842224121
irl,2004,4.482950210571289
irl,2005,4.518970012664795
irl,2006,4.547420024871826
irl,2007,4.715419769287109
irl,2008,5.458280086517334
irl,2009,6.156099796295166
irl,2010,6.048359870910645
irl,2011,5.771999835968018
irl,2012,5.707769870758057
irl,2013,5.231770038604736
irl,2014,4.735549926757813
irl,2015,3.624389886856079
irl,2016,3.658819913864136
irl,2017,3.377370119094849
irl,2018,3.303479909896851
irl,2019,3.229840040206909
irl,2020,3.19163990020752
irl,2021,2.904619932174683
irn,1971,2.770339965820313
irn,1972,2.766730070114136
irn,1973,2.876689910888672
irn,1974,2.690340042114258
irn,1975,2.965569972991943
irn,1977,5.416259765625
irn,1981,7.131400108337402
irn,1982,5.802050113677979
irn,1983,4.180540084838867
irn,1984,3.801620006561279
irn,1985,3.460180044174194
irn,1986,3.569900035858154
irn,1987,4.140920162200928
irn,1988,3.681299924850464
irn,1989,3.997210025787354
irn,1990,3.773900032043457
irn,1991,3.743530035018921
irn,1992,3.640460014343262
irn,1993,4.314620018005371
irn,1995,4.081789970397949
irn,1996,3.53777003288269
irn,1999,4.220409870147705
irn,2000,4.030640125274658
irn,2001,4.071680068969727
irn,2002,4.484879970550537
irn,2003,4.363230228424072
irn,2004,4.296629905700684
irn,2005,4.056519985198975
irn,2006,4.289989948272705
irn,2007,4.596819877624512
irn,2008,3.913769960403442
irn,2009,3.842449903488159
irn,2010,3.70917010307312
irn,2011,3.484970092773438
irn,2012,2.938999891281128
irn,2013,2.852790117263794
irn,2014,2.616689920425415
irn,2015,2.629110097885132
irn,2016,3.173969984054565
irn,2017,3.459569931030273
irn,2018,3.619800090789795
irn,2019,3.240050077438354
irn,2020,3.204950094223022
irn,2022,2.669980049133301
irn,2023,2.824432909587118
irq,1977,3.857049942016602
irq,1980,2.423789978027344
irq,1989,3.551500082015991
isl,1990,4.25862979888916
isl,1993,5.141580104827881
isl,1994,4.755579948425293
isl,1995,4.780620098114014
isl,1996,5.218349933624268
isl,1998,6.783830165863037
isl,1999,6.434010028839111
isl,2000,6.431439876556396
isl,2001,6.705910205841064
isl,2002,7.298920154571533
isl,2003,7.24507999420166
isl,2004,7.161190032958984
isl,2005,7.338429927825928
isl,2006,7.195189952850342
isl,2007,6.944340229034424
isl,2008,7.035999774932861
isl,2009,7.189849853515625
isl,2010,6.944220066070557
isl,2011,6.789969921112061
isl,2012,7.582230091094971
isl,2013,7.448669910430908
isl,2014,7.641409873962402
isl,2015,7.45796012878418
isl,2016,7.432219982147217
isl,2017,7.583849906921387
isl,2018,7.563509941101074
isl,2019,7.60129976272583
isl,2020,8.583809852600098
isl,2021,8.226579666137695
isl,2022,7.307980060577393
isr,1973,5.104330062866211
isr,1974,5.650040149688721
isr,1975,5.743159770965576
isr,1976,5.654069900512695
isr,1977,5.554999828338623
isr,1978,6.297820091247559
isr,1979,6.37706995010376
isr,1980,6.800610065460205
isr,1981,6.748209953308105
isr,1982,6.340569972991943
isr,1983,6.67179012298584
isr,1984,6.660719871520996
isr,1985,7.629779815673828
isr,1986,5.830920219421387
isr,1987,5.255650043487549
isr,1988,4.290619850158691
isr,1989,5.430679798126221
isr,1990,5.160029888153076
isr,1991,5.172019958496094
isr,1992,5.309269905090332
isr,1993,5.666810035705566
isr,1994,6.126019954681396
isr,1998,6.400239944458008
isr,1999,6.195600032806396
isr,2000,5.931169986724854
isr,2001,6.176360130310059
isr,2002,6.249239921569824
isr,2003,6.134860038757324
isr,2004,5.750400066375732
isr,2005,5.564899921417236
isr,2006,5.584090232849121
isr,2007,5.331699848175049
isr,2008,5.407169818878174
isr,2009,5.341740131378174
isr,2010,5.40408992767334
isr,2011,5.429289817810059
isr,2012,5.561220169067383
isr,2013,5.769720077514648
isr,2014,5.692259788513184
isr,2015,5.796579837799072
isr,2016,5.802710056304932
isr,2017,6.004250049591064
isr,2018,6.06919002532959
isr,2019,6.068999767303467
isr,2020,6.518249988555908
isr,2021,6.167270183563232
isr,2022,5.932919979095459
ita,1970,3.359060049057007
ita,1971,2.892100095748901
ita,1974,3.826319932937622
ita,1975,3.70307993888855
ita,1976,3.910510063171387
ita,1978,3.771680116653442
ita,1979,4.154160022735596
ita,1983,4.477749824523926
ita,1984,4.763599872589111
ita,1985,4.679029941558838
ita,1986,4.644189834594727
ita,1988,4.582210063934326
ita,1993,4.723010063171387
ita,1994,4.423110008239746
ita,1995,4.308710098266602
ita,1996,4.439670085906982
ita,1998,4.440939903259277
ita,1999,4.501659870147705
ita,2000,4.279960155487061
ita,2001,4.634160041809082
ita,2002,4.415209770202637
ita,2003,4.526549816131592
ita,2004,4.370029926300049
ita,2005,4.222929954528809
ita,2006,4.504640102386475
ita,2007,4.087639808654785
ita,2008,4.371880054473877
ita,2009,4.504149913787842
ita,2010,4.316269874572754
ita,2011,4.094319820404053
ita,2012,4.034810066223145
ita,2013,4.121920108795166
ita,2014,4.04026985168457
ita,2015,4.054220199584961
ita,2016,3.795490026473999
ita,2017,4.02662992477417
ita,2018,4.240940093994141
ita,2019,4.07843017578125
ita,2020,4.418039798736572
ita,2021,4.171189785003662
ita,2022,4.067759990692139
jam,1973,3.631439924240112
jam,1974,4.248970031738281
jam,1975,5.228789806365967
jam,1976,5.858329772949219
jam,1977,6.026519775390625
jam,1985,5.391900062561035
jam,1986,4.60398006439209
jam,1988,3.940860033035278
jam,1989,5.183979988098145
jam,1990,4.779160022735596
jam,1991,4.38306999206543
jam,1992,3.336659908294678
jam,1993,3.214030027389526
jam,1994,4.064189910888672
jam,1995,3.389080047607422
jam,1996,3.677730083465576
jam,1997,4.379539966583252
jam,2000,4.98346996307373
jam,2001,5.381030082702637
jam,2002,5.375229835510254
jam,2003,4.256849765777588
jam,2004,3.91254997253418
jam,2005,4.616419792175293
jam,2007,5.490220069885254
jam,2008,6.191319942474365
jam,2009,6.198480129241943
jam,2010,6.370580196380615
jam,2011,6.266640186309814
jam,2012,6.112470149993896
jam,2013,6.251060009002686
jam,2014,6.01584005355835
jam,2015,5.455230236053467
jam,2016,5.314599990844727
jam,2017,5.260159969329834
jam,2018,5.413790225982666
jam,2019,5.163640022277832
jam,2020,5.380658281973415
jam,2021,5.631229877471924
jam,2022,5.354350090026855
jam,2023,5.654536939794264
jam,2024,5.513830184936523
jor,1970,3.630039930343628
jor,1971,3.297689914703369
jor,1972,2.38742995262146
jor,1973,2.486939907073975
jor,1974,3.557689905166626
jor,1975,3.763479948043823
jor,1976,3.534559965133667
jor,1977,3.679899930953979
jor,1978,3.68162989616394
jor,1979,5.081729888916016
jor,1981,5.167679786682129
jor,1982,5.088540077209473
jor,1983,4.92795991897583
jor,1984,5.936950206756592
jor,1986,3.284359931945801
jor,1987,3.296669960021973
jor,1988,4.047500133514404
jor,1989,5.643539905548096
jor,1996,7.47691011428833
jor,1997,6.364820003509521
jor,1999,4.94366979598999
jor,2010,3.168509890033227
jor,2011,3.599005805984778
jor,2012,3.637160084512309
jor,2013,3.783722280320991
jor,2014,3.766924086635555
jor,2015,3.712721333516289
jor,2016,3.452820062637329
jor,2017,3.213059902191162
jor,2018,2.954619884490967
jor,2019,2.988460063934326
jor,2020,3.553034839801578
jor,2021,3.138370037078857
jor,2022,3.153000116348267
jor,2023,3.514863155963245
jor,2024,3.233560085296631
jpn,1971,3.578629970550537
jpn,1972,3.926100015640259
jpn,1973,3.957079887390137
jpn,1974,3.954200029373169
jpn,1975,4.569799900054932
jpn,1976,4.747759819030762
jpn,1977,4.737430095672607
jpn,1978,4.790450096130371
jpn,1979,4.950009822845459
jpn,1980,4.961050033569336
jpn,1981,4.956820011138916
jpn,1982,4.939760208129883
jpn,1983,4.72346019744873
jpn,1987,5.487939834594727
jpn,1988,5.452839851379395
jpn,1989,5.274350166320801
jpn,1993,3.367110013961792
jpn,1994,3.5693199634552
jpn,1995,3.40211009979248
jpn,1998,3.297970056533813
jpn,1999,3.378129959106445
jpn,2000,3.460119962692261
jpn,2001,3.400820016860962
jpn,2002,3.408989906311035
jpn,2003,3.466629981994629
jpn,2004,3.426110029220581
jpn,2005,3.314939975738525
jpn,2006,3.276679992675781
jpn,2007,3.279340028762817
jpn,2008,3.272419929504395
jpn,2010,3.599519968032837
jpn,2011,3.605269908905029
jpn,2012,3.419450044631958
jpn,2013,3.408740043640137
jpn,2014,3.415299892425537
jpn,2015,3.312210083007813
jpn,2016,3.146430015563965
jpn,2017,3.130579948425293
jpn,2018,3.077820062637329
jpn,2019,3.155339956283569
jpn,2020,3.306289911270142
jpn,2021,3.336639881134033
kaz,1995,4.034450054168701
kaz,1996,3.923710107803345
kaz,1997,4.373439788818359
kaz,1999,3.892560005187988
kaz,2000,3.256629943847656
kaz,2002,3.029700040817261
kaz,2004,2.25590991973877
kaz,2005,2.263530015945435
kaz,2006,2.626790046691895
kaz,2007,2.831389904022217
kaz,2008,2.589469909667969
kaz,2009,3.06072998046875
kaz,2010,3.587354817215655
kaz,2011,3.614340173645605
kaz,2012,3.901637012881941
kaz,2013,3.445648865641087
kaz,2014,3.429039545128238
kaz,2015,2.788589954376221
kaz,2016,2.978090047836304
kaz,2017,2.75081992149353
kaz,2018,2.615950107574463
kaz,2019,2.856970071792603
kaz,2020,4.446203801696185
kaz,2021,4.385693975714663
kaz,2022,4.361853608514047
kaz,2023,4.864699840545654
ken,1971,3.92982006072998
ken,1972,4.476339817047119
ken,1973,4.650519847869873
ken,1974,5.065509796142578
ken,1975,5.606120109558105
ken,1976,5.744100093841553
ken,1977,5.136320114135742
ken,1980,5.387879848480225
ken,1981,5.92372989654541
ken,1982,5.678120136260986
ken,1983,5.438300132751465
ken,1984,4.580959796905518
ken,1985,5.199769973754883
ken,1986,6.01377010345459
ken,1988,6.600540161132813
ken,1989,6.035719871520996
ken,1991,6.570650100708008
ken,1992,6.075900077819824
ken,1993,6.029139995574951
ken,1994,5.92402982711792
ken,1999,5.323249816894531
ken,2000,5.186729907989502
ken,2001,5.206210136413574
ken,2002,6.171999931335449
ken,2003,6.494289875030518
ken,2004,6.796939849853516
ken,2005,7.335649967193604
ken,2006,7.049819946289063
ken,2010,4.815489768981934
ken,2011,4.700129985809326
ken,2012,4.931220054626465
ken,2013,4.837210178375244
ken,2014,4.717299938201904
ken,2015,4.743490219116211
ken,2016,4.895180225372314
ken,2017,4.963089942932129
ken,2018,5.107619762420654
ken,2019,5.373592109980967
ken,2020,5.045748924541551
ken,2021,4.890402022571948
ken,2022,4.511018018298153
ken,2023,3.962293044132629
ken,2024,4.022423460989741
kgz,1994,5.588190078735352
kgz,1995,6.156429767608643
kgz,1996,4.902609825134277
kgz,1998,4.91963005065918
kgz,1999,4.085219860076904
kgz,2000,3.508389949798584
kgz,2001,3.854180097579956
kgz,2002,4.445459842681885
kgz,2003,4.475419998168945
kgz,2004,4.622439861297607
kgz,2005,4.873849868774414
kgz,2006,5.549870014190674
kgz,2007,6.46697998046875
kgz,2008,5.913179874420166
kgz,2009,6.232679843902588
kgz,2010,5.818840026855469
kgz,2011,6.790619850158691
kgz,2012,7.384230136871338
kgz,2013,6.780200004577637
kgz,2014,5.531599998474121
kgz,2015,5.985519886016846
kgz,2016,6.586160182952881
kgz,2017,6.026189804077148
kgz,2018,5.552670001983643
kgz,2019,5.080269813537598
kgz,2020,5.733160018920898
kgz,2021,5.166679859161377
kgz,2022,7.168843822440992
kgz,2023,6.82694680798777
khm,1998,1.259070038795471
khm,2000,1.648699998855591
khm,2001,1.655060052871704
khm,2002,1.628630042076111
khm,2004,1.560359954833984
khm,2007,1.364230036735535
khm,2009,1.385769963264465
khm,2010,1.248729944229126
khm,2011,1.208879947662354
khm,2012,1.23062002658844
khm,2013,1.576480031013489
khm,2014,1.446900010108948
khm,2018,1.603369951248169
khm,2019,2.133453878939777
khm,2020,2.247646249597199
khm,2021,1.962326918127561
khm,2022,1.957932795764161
khm,2023,2.180912834029497
kir,1970,5.926809787750244
kir,1971,5.275529861450195
kir,1974,3.876630067825317
kir,1999,9.70559024810791
kir,2000,10.04244041442871
kir,2001,11.649169921875
kir,2012,12.499488
kir,2013,12.09029425837321
kir,2014,11.51313603603604
kir,2015,10.76839019607843
kir,2016,11.64647338129496
kir,2017,11.47616494845361
kir,2018,12.92041948881789
kir,2019,14.51974134615385
kir,2020,16.23037561419753
kir,2021,13.98715168831169
kir,2022,14.78603128205128
kir,2023,16.39053
kna,1985,3.965029954910278
kna,1987,2.641129970550537
kna,1989,2.197959899902344
kna,1991,1.998450040817261
kna,1992,2.303869962692261
kna,1995,2.576410055160522
kna,1998,4.020569801330566
kna,1999,3.322669982910156
kna,2000,4.740389823913574
kna,2001,4.421549797058105
kna,2002,3.920510053634644
kna,2003,3.790990114212036
kna,2004,3.971349954605103
kna,2005,3.83144998550415
kna,2006,4.05925989151001
kna,2007,4.193809986114502
kna,2010,2.545540156192034
kna,2011,2.497065272763516
kna,2012,2.492001453873181
kna,2013,3.262058572021234
kna,2014,2.853075037927413
kna,2015,2.54938006401062
kna,2016,3.000761474538425
kna,2017,2.771003279791439
kna,2018,3.035249838303494
kna,2019,2.728895664296388
kna,2020,3.105686355846626
kna,2021,2.783790111541748
kna,2022,3.557961552685803
kna,2023,3.497261716290988
kor,1970,3.384030103683472
kor,1971,3.701179981231689
kor,1972,3.183160066604614
kor,1973,2.64382004737854
kor,1975,2.056979894638062
kor,1976,2.712069988250732
kor,1977,2.388040065765381
kor,1979,2.968420028686523
kor,1980,3.398989915847778
kor,1981,2.845809936523438
kor,1982,6.20589017868042
kor,1983,4.225790023803711
kor,1984,3.915420055389404
kor,1985,3.891629934310913
kor,1986,3.541069984436035
kor,1987,3.279119968414307
kor,1988,2.668669939041138
kor,1989,2.974610090255737
kor,1990,2.948240041732788
kor,1991,3.384789943695068
kor,1992,3.466769933700562
kor,1993,3.578160047531128
kor,1994,2.920289993286133
kor,1995,2.836770057678223
kor,1998,3.249749898910522
kor,1999,3.250489950180054
kor,2015,4.242479801177979
kor,2016,4.115029811859131
kor,2017,4.107759952545166
kor,2018,4.216450214385986
kor,2019,4.418139934539795
kor,2020,4.527060031890869
kor,2021,4.555900096893311
kor,2022,5.40910005569458
kwt,1971,3.287339925765991
kwt,1972,2.815749883651733
kwt,1973,3.303689956665039
kwt,1974,3.521600008010864
kwt,1975,2.135540008544922
kwt,1976,3.115080118179321
kwt,1977,3.368669986724854
kwt,1978,4.081850051879883
kwt,1979,3.428560018539429
kwt,1980,2.791019916534424
kwt,1981,2.71914005279541
kwt,1982,3.033509969711304
kwt,1983,5.090270042419434
kwt,1984,5.148880004882813
kwt,1985,5.007619857788086
kwt,1986,5.400839805603027
kwt,1992,14.19882965087891
kwt,1996,5.859610080718994
kwt,1997,5.582630157470703
kwt,2001,6.585830211639404
kwt,2002,6.551109790802002
kwt,2004,5.535069942474365
kwt,2005,4.738339900970459
kwt,2006,3.759979963302612
kwt,2016,5.95593958839578
kwt,2017,6.354442221569867
kwt,2018,6.391652568303817
kwt,2019,6.727895514029909
kwt,2020,6.245130349139658
kwt,2021,7.762467064679285
kwt,2022,6.582364999888908
kwt,2023,5.026260831127895
kwt,2024,6.435926678896848
lao,1992,2.334569931030273
lao,1996,2.429749965667725
lao,1997,2.130199909210205
lao,2000,1.503690004348755
lao,2001,1.990280032157898
lao,2002,2.825220108032227
lao,2004,2.413000106811523
lao,2005,2.414089918136597
lao,2006,2.958790063858032
lao,2007,3.078419923782349
lao,2008,2.278549909591675
lao,2009,1.654850006103516
lao,2010,1.709789991378784
lao,2011,1.708019971847534
lao,2012,1.821470022201538
lao,2013,3.233809947967529
lao,2014,2.937819957733154
lao,2015,2.736897878842152
lao,2016,2.774429761103876
lao,2017,2.497972614140207
lao,2018,2.335012290183165
lao,2019,2.122013937489976
lao,2020,1.915972732238569
lao,2021,1.859491768765364
lao,2022,1.460834404340695
lao,2023,1.233751603557408
lbn,1993,1.666530013084412
lbn,1994,1.931259989738464
lbn,1995,2.22462010383606
lbn,1996,2.084670066833496
lbn,2001,2.841480016708374
lbn,2002,2.552710056304932
lbn,2004,2.640949964523315
lbn,2005,2.646199941635132
lbn,2006,2.779769897460938
lbn,2007,2.583570003509521
lbn,2008,2.014790058135986
lbn,2009,1.76570999622345
lbn,2010,1.613309979438782
lbn,2011,1.652519941329956
lbn,2012,2.149029970169067
lbn,2013,2.4339599609375
lbn,2016,2.178202708414052
lbn,2017,2.216068444232378
lbn,2018,2.616525122573401
lbn,2019,2.51957250612723
lbn,2020,2.4354185601396
lbn,2022,1.331514276287109
lbn,2023,1.504163611080857
lbn,2024,1.224908699930848
lbr,1978,6.994840145111084
lbr,1980,6.259059906005859
lbr,2008,1.70166003704071
lbr,2012,1.777119994163513
lbr,2013,1.69078004360199
lbr,2014,2.200050115585327
lbr,2015,2.115874682079778
lbr,2016,2.114796842230878
lbr,2017,2.663300037384033
lbr,2018,2.503910064697266
lbr,2019,2.165081939261322
lbr,2020,2.136014151117462
lbr,2021,2.4235999584198
lbr,2022,2.276096006870202
lbr,2023,2.266525623268698
lby,1976,4.636509895324707
lby,1977,4.12382984161377
lby,1999,2.264169931411743
lca,1982,5.538790225982666
lca,1986,4.154679775238037
lca,1994,6.532380104064941
lca,1998,5.528940200805664
lca,1999,5.449940204620361
lca,2001,5.707330226898193
lca,2003,3.53449010848999
lca,2004,3.436460018157959
lca,2005,4.238959789276123
lca,2006,4.696690082550049
lca,2008,4.483530044555664
lca,2009,3.067660093307495
lca,2010,3.482899904251099
lca,2011,3.598819971084595
lca,2012,3.290980100631714
lca,2013,3.876610040664673
lca,2014,3.891030073165894
lca,2015,3.880880117416382
lca,2016,5.209549903869629
lca,2017,3.627315220601498
lca,2018,3.332779884338379
lca,2019,3.272670030593872
lca,2020,3.615220069885254
lca,2021,5.861977463358823
lca,2022,4.642350196838379
lca,2023,2.742110013961792
lca,2024,3.847000186534027
lie,2003,2.460139989852905
lie,2004,2.433330059051514
lie,2006,2.053809881210327
lie,2007,1.921190023422241
lie,2008,2.048369884490967
lie,2011,2.556040048599243
lka,1973,3.316400051116943
lka,1975,2.744549989700317
lka,1979,2.567430019378662
lka,1980,2.704169988632202
lka,1981,2.442209959030151
lka,1982,2.558500051498413
lka,1983,2.390609979629517
lka,1984,2.165260076522827
lka,1985,2.5761399269104
lka,1986,2.805419921875
lka,1987,2.644330024719238
lka,1988,2.826359987258911
lka,1989,2.755160093307495
lka,1990,2.410929918289185
lka,1991,2.915580034255981
lka,1994,3.108530044555664
lka,1995,2.957600116729736
lka,1996,3.343600034713745
lka,1998,3.051409959793091
lka,2009,2.055900096893311
lka,2010,1.661769986152649
lka,2011,1.74292004108429
lka,2012,1.45343005657196
lka,2013,1.564589977264404
lka,2014,1.858590006828308
lka,2015,2.10998010635376
lka,2016,3.229290008544922
lka,2017,2.593169927597046
lka,2018,1.987810015678406
lka,2020,1.557923922237233
lka,2021,1.506505796039284
lka,2022,1.203972186611856
lka,2023,1.82774571561927
lso,1971,4.641550064086914
lso,1972,4.526509761810303
lso,1973,4.866559982299805
lso,1974,4.234240055084229
lso,1983,10.09694004058838
lso,1984,6.428410053253174
lso,1985,7.088580131530762
lso,1988,7.216639995574951
lso,1989,6.202280044555664
lso,1993,8.577030181884766
lso,1994,7.025430202484131
lso,1995,8.640970230102539
lso,1997,11.36400985717773
lso,1999,12.49934959411621
lso,2000,10.09154987335205
lso,2001,9.365050315856934
lso,2002,10.10044956207275
lso,2003,13.21957015991211
lso,2004,11.10900974273682
lso,2005,12.07966041564941
lso,2006,11.27128028869629
lso,2008,12.32874011993408
lso,2015,7.642720557281807
lso,2016,7.552474112160233
lso,2017,8.155320167541504
lso,2018,7.283609867095947
lso,2023,7.290113555909573
lso,2024,6.622530660965964
ltu,1993,3.913140058517456
ltu,1994,4.762879848480225
ltu,1995,4.734580039978027
ltu,1996,4.81781005859375
ltu,1997,5.423830032348633
ltu,1998,6.089570045471191
ltu,2001,5.836440086364746
ltu,2002,5.790939807891846
ltu,2003,5.106709957122803
ltu,2004,5.147970199584961
ltu,2005,4.876989841461182
ltu,2006,4.836530208587646
ltu,2007,4.591599941253662
ltu,2008,4.836490154266357
ltu,2009,5.569419860839844
ltu,2010,5.368800163269043
ltu,2011,5.154699802398682
ltu,2012,4.782320022583008
ltu,2013,4.624169826507568
ltu,2014,4.507669925689697
ltu,2015,4.216460227966309
ltu,2016,4.011439800262451
ltu,2017,3.812360048294067
ltu,2018,3.856280088424683
ltu,2019,3.941550016403198
ltu,2020,4.473480224609375
ltu,2021,4.239779949188232
ltu,2022,4.25285005569458
lux,1970,2.300260066986084
lux,1971,2.85506010055542
lux,1972,2.740799903869629
lux,1973,2.812350034713745
lux,1975,3.423029899597168
lux,1976,3.614629983901978
lux,1977,3.69379997253418
lux,1978,4.339330196380615
lux,1979,4.402780055999756
lux,1980,4.552020072937012
lux,1981,4.687980175018311
lux,1982,5.275619983673096
lux,1983,3.319669961929321
lux,1986,3.789819955825806
lux,1987,4.083020210266113
lux,1988,4.014319896697998
lux,1989,3.872380018234253
lux,1995,3.659090042114258
lux,1996,3.47681999206543
lux,2001,3.539730072021484
lux,2012,3.878159999847412
lux,2014,3.855690002441406
lux,2015,3.767920017242432
lux,2017,3.486459970474243
lux,2018,3.65772008895874
lux,2019,3.73705005645752
lux,2020,3.854990005493164
lux,2021,3.685319900512695
lux,2022,3.744519948959351
lva,1990,3.577790021896362
lva,1991,3.864150047302246
lva,1992,4.301350116729736
lva,1996,5.416940212249756
lva,1997,5.66772985458374
lva,1998,5.967750072479248
lva,1999,5.69789981842041
lva,2000,5.408549785614014
lva,2001,5.561019897460938
lva,2002,5.78911018371582
lva,2003,5.294459819793701
lva,2004,5.046840190887451
lva,2006,4.944900035858154
lva,2007,4.890590190887451
lva,2008,5.636710166931152
lva,2009,5.677289962768555
lva,2010,5.14355993270874
lva,2011,5.243159770965576
lva,2012,6.838520050048828
lva,2013,7.249629974365234
lva,2014,5.474790096282959
lva,2015,5.466700077056885
lva,2016,4.823500156402588
lva,2017,4.529059886932373
lva,2018,4.394309997558594
lva,2019,4.586750030517578
lva,2020,4.997499942779541
lva,2021,4.767749786376953
lva,2022,4.3196702003479
mac,1998,3.35004997253418
mac,1999,3.336649894714355
mac,2000,3.314389944076538
mac,2001,2.714469909667969
mac,2002,2.842959880828857
mac,2003,2.78016996383667
mac,2004,2.233489990234375
mac,2005,2.277879953384399
mac,2006,2.193860054016113
mac,2007,2.043450117111206
mac,2008,2.196409940719604
mac,2009,2.533230066299438
mac,2010,2.618489980697632
mac,2011,2.675280094146729
mac,2012,3.325160026550293
mac,2013,2.050489902496338
mac,2014,2.048530101776123
mac,2015,3.002470016479492
mac,2016,3.099529981613159
mac,2017,2.709490060806274
mac,2018,2.733409881591797
mac,2019,3.065439939498901
mac,2020,6.389480113983154
mac,2021,5.106979846954346
mac,2022,6.057069778442383
mac,2023,3.501830101013184
mar,1973,4.671689987182617
mar,1974,4.275489807128906
mar,1975,5.212709903717041
mar,1976,6.027120113372803
mar,1977,6.084249973297119
mar,1978,6.20182991027832
mar,1979,6.31548023223877
mar,1980,5.104859828948975
mar,1981,5.689260005950928
mar,1982,6.122680187225342
mar,1983,6.174670219421387
mar,1984,5.190139770507813
mar,1985,5.102180004119873
mar,1986,5.259300231933594
mar,1987,5.162139892578125
mar,1988,4.577829837799072
mar,1989,4.757339954376221
mar,1990,4.510479927062988
mar,1991,4.303160190582275
mar,1993,4.824979782104492
mar,1995,4.734799861907959
mar,1998,4.599400043487549
mar,1999,4.625279903411865
mar,2008,4.853390216827393
mar,2009,4.83119010925293
mar,2012,5.552948385772083
mar,2014,5.482760366427215
mar,2015,5.133369043676997
mar,2016,5.085301974230728
mar,2017,4.735649820044477
mar,2018,4.960227134869486
mar,2019,5.003256721050203
mar,2020,6.28428263644307
mar,2021,5.642734012851379
mar,2022,5.912246740612769
mar,2023,6.020969288013288
mco,1988,0.8810200095176697
mco,1989,0.957539975643158
mco,1992,0.9136099815368652
mco,1995,1.064560055732727
mco,1996,1.082229971885681
mco,1997,1.212409973144531
mco,1998,1.208819985389709
mco,1999,1.19526994228363
mco,2000,1.255370020866394
mco,2004,1.266680002212524
mco,2009,1.354310035705566
mco,2010,1.317350029945374
mco,2011,1.589890003204346
mco,2012,1.78004002571106
mco,2013,1.334400057792664
mco,2014,1.021860003471375
mco,2016,1.371260046958923
mco,2017,1.458160042762756
mco,2019,1.15896999835968
mco,2021,1.419260025024414
mco,2022,1.171059966087341
mco,2023,1.732239961624146
mda,1996,9.896639823913574
mda,1999,4.662559986114502
mda,2000,4.486390113830566
mda,2001,4.846849918365479
mda,2002,5.497910022735596
mda,2003,5.424890041351318
mda,2004,6.771039962768555
mda,2005,7.162700176239014
mda,2006,7.498990058898926
mda,2007,8.293370246887207
mda,2008,8.23727035522461
mda,2009,9.509759902954102
mda,2010,7.592299938201904
mda,2011,7.136380195617676
mda,2012,6.983409881591797
mda,2013,5.909755164944768
mda,2014,6.338079929351807
mda,2015,5.766654059442463
mda,2016,5.672100067138672
mda,2017,5.710179805755615
mda,2018,5.538869857788086
mda,2019,6.225780010223389
mda,2020,6.601250171661377
mda,2021,5.824059963226318
mda,2022,6.104300022125244
mda,2023,6.55709981918335
mdg,1972,3.21737003326416
mdg,1973,2.711149930953979
mdg,1974,2.673759937286377
mdg,1975,2.516680002212524
mdg,1976,3.255009889602661
mdg,1977,5.053939819335938
mdg,1979,3.970309972763062
mdg,1980,3.357110023498535
mdg,1981,2.879909992218018
mdg,1982,2.321789979934692
mdg,1983,1.989009976387024
mdg,1984,2.204519987106323
mdg,1985,2.071460008621216
mdg,1993,1.775460004806519
mdg,1997,1.53846001625061
mdg,1998,1.588790059089661
mdg,1999,2.405009984970093
mdg,2000,2.438689947128296
mdg,2001,2.707200050354004
mdg,2002,2.231790065765381
mdg,2003,2.610949993133545
mdg,2004,2.812619924545288
mdg,2005,3.309629917144775
mdg,2006,2.830970048904419
mdg,2007,2.902740001678467
mdg,2008,2.55433988571167
mdg,2009,2.825129985809326
mdg,2010,2.288561511481679
mdg,2011,2.381680011749268
mdg,2012,2.340670108795166
mdg,2013,1.776950001716614
mdg,2014,2.381230115890503
mdg,2015,2.210119962692261
mdg,2016,2.687190055847168
mdg,2017,2.701374167075668
mdg,2018,2.844099998474121
mdg,2019,3.013383898977282
mdg,2020,3.254433851036361
mdg,2021,3.198075421172246
mdg,2022,3.067728230032039
mdg,2023,3.047703866935644
mdv,2002,5.791860103607178
mdv,2003,5.324069976806641
mdv,2004,4.661600112915039
mdv,2005,5.016839981079102
mdv,2006,4.64523983001709
mdv,2007,4.417880058288574
mdv,2008,4.470290184020996
mdv,2009,5.081689834594727
mdv,2010,3.633280038833618
mdv,2011,3.080729961395264
mdv,2012,3.340859889984131
mdv,2013,3.388299942016602
mdv,2014,3.088589906692505
mdv,2015,3.868599891662598
mdv,2016,3.661230087280273
mdv,2017,3.82268559882407
mdv,2018,3.856817798472592
mdv,2019,4.123569447954881
mdv,2020,5.847607931088042
mdv,2021,4.613797475001373
mdv,2022,4.67344315449896
mdv,2023,5.167063746648292
mex,1989,2.282010078430176
mex,1990,2.324980020523071
mex,1991,2.54800009727478
mex,1992,3.005009889602661
mex,1994,3.477060079574585
mex,1995,3.497469902038574
mex,1998,3.178380012512207
mex,1999,3.361649990081787
mex,2000,3.808700084686279
mex,2001,4.0313401222229
mex,2002,4.243070125579834
mex,2003,4.832620143890381
mex,2004,4.512040138244629
mex,2005,4.633950233459473
mex,2006,4.493179798126221
mex,2007,4.479199886322021
mex,2008,4.606070041656494
mex,2009,4.949349880218506
mex,2010,4.936970233917236
mex,2011,4.904069900512695
mex,2012,4.883490085601807
mex,2013,4.508580207824707
mex,2014,5.068079948425293
mex,2015,5.050879955291748
mex,2016,4.757959842681885
mex,2017,4.397520065307617
mex,2018,4.139440059661865
mex,2020,4.499660015106201
mex,2021,4.238239765167236
mex,2022,4.059879779815674
mhl,1999,13.84984970092773
mhl,2002,8.1951904296875
mhl,2003,11.84412956237793
mhl,2019,9.882089614868164
mhl,2020,13.83503745402339
mhl,2021,15.18244117278188
mhl,2022,7.70088005065918
mkd,1992,4.733449935913086
mkd,1993,4.630569934844971
mkd,1994,4.526289939880371
mkd,1995,4.271230220794678
mkd,1996,4.303110122680664
mkd,2002,3.300149917602539
mli,1978,3.559590101242065
mli,1980,3.470659971237183
mli,1981,3.447940111160278
mli,1982,3.278850078582764
mli,1986,2.435369968414307
mli,1998,2.649590015411377
mli,1999,2.231839895248413
mli,2000,2.971560001373291
mli,2001,2.65844988822937
mli,2002,2.896229982376099
mli,2003,3.805589914321899
mli,2004,2.959189891815186
mli,2005,2.747220039367676
mli,2008,2.730809926986694
mli,2009,3.143850088119507
mli,2010,2.708539962768555
mli,2011,3.146140098571777
mli,2012,2.90706992149353
mli,2013,2.758369922637939
mli,2014,3.092999935150146
mli,2015,3.19690990447998
mli,2016,2.592449903488159
mli,2017,3.180639982223511
mli,2018,2.982189893722534
mli,2019,3.000010013580322
mli,2020,3.3367600440979
mli,2021,3.66363000869751
mli,2022,4.045122275292753
mli,2023,4.184650942181158
mlt,1971,6.151969909667969
mlt,1972,5.549990177154541
mlt,1973,5.269700050354004
mlt,1974,4.493100166320801
mlt,1975,4.422210216522217
mlt,1976,3.831890106201172
mlt,1977,3.897609949111938
mlt,1978,3.348829984664917
mlt,1979,3.153640031814575
mlt,1981,2.86532998085022
mlt,1982,2.854079961776733
mlt,1983,3.314690113067627
mlt,1984,3.078720092773438
mlt,1985,3.248339891433716
mlt,1986,3.105720043182373
mlt,1987,3.165319919586182
mlt,1988,3.338239908218384
mlt,1989,3.588740110397339
mlt,1990,3.831419944763184
mlt,1991,3.920300006866455
mlt,1992,4.314099788665771
mlt,1998,4.185369968414307
mlt,2002,4.157440185546875
mlt,2004,4.430260181427002
mlt,2007,5.959939956665039
mlt,2008,5.474299907684326
mlt,2009,5.047810077667236
mlt,2010,6.207980155944824
mlt,2011,7.577710151672363
mlt,2012,6.247889995574951
mlt,2013,7.406720161437988
mlt,2014,6.849730014801025
mlt,2015,4.913529872894287
mlt,2016,4.955709934234619
mlt,2017,4.342810153961182
mlt,2019,4.79941987991333
mlt,2021,4.92963981628418
mlt,2022,4.71258020401001
mmr,1972,2.865099906921387
mmr,1973,3.273809909820557
mmr,1975,1.987390041351318
mmr,1976,1.726189970970154
mmr,1977,1.63782000541687
mmr,1978,1.643659949302673
mmr,1995,1.202479958534241
mmr,2011,0.7874400019645691
mmr,2017,2.166529893875122
mmr,2018,1.99249005317688
mmr,2019,1.999760031700134
mng,1997,3.948970079421997
mng,1998,5.493020057678223
mng,1999,5.145669937133789
mng,2000,5.550380229949951
mng,2002,7.210780143737793
mng,2004,4.325729846954346
mng,2007,4.690130233764648
mng,2009,5.144839763641357
mng,2010,4.645100116729736
mng,2011,4.609020233154297
mng,2012,5.195219993591309
mng,2013,4.940780162811279
mng,2014,4.714839935302734
mng,2015,4.223619937896729
mng,2016,5.183110237121582
mng,2017,4.06898021697998
mng,2023,3.657649993896484
mng,2024,5.212299823760986
moz,1998,1.801370024681091
moz,1999,2.64153003692627
moz,2004,3.198379993438721
moz,2005,3.85834002494812
moz,2006,3.7359299659729
moz,2010,5.245397894700584
moz,2011,5.530524940307727
moz,2012,5.557509899139404
moz,2013,6.035759925842285
moz,2014,6.399208435282236
moz,2015,5.915156605752975
moz,2016,5.800869941711426
moz,2017,5.486649990081787
moz,2018,5.38976001739502
moz,2019,5.999695235843539
moz,2020,6.170595569578079
moz,2021,6.34063583505687
moz,2022,5.976073420543141
mrt,1997,1.585800051689148
mrt,1999,1.72203004360199
mrt,2001,2.106839895248413
mrt,2002,2.27714991569519
mrt,2003,2.365010023117065
mrt,2004,1.950799942016602
mrt,2006,1.958500027656555
mrt,2011,2.33102011680603
mrt,2012,2.158210039138794
mrt,2013,2.293529987335205
mrt,2014,2.557964235070345
mrt,2015,2.829565988714448
mrt,2016,1.94405996799469
mrt,2019,1.823179960250854
mrt,2020,1.802639961242676
mrt,2021,1.891970038414001
mrt,2022,1.389660000801086
mrt,2023,4.715219974517822
mrt,2024,7.610079765319824
msr,2010,5.517213771016814
msr,2011,6.076581196581197
msr,2012,5.804913304921478
msr,2013,5.501120727227446
msr,2014,5.271191104410102
msr,2015,6.443187714958063
msr,2016,6.389162442532123
msr,2017,6.724777157045314
msr,2019,8.999224575007455
msr,2020,6.427743284896521
msr,2021,6.65066485677877
msr,2022,7.72079592586759
msr,2023,7.190200399774486
mus,1971,3.112740039825439
mus,1972,3.070919990539551
mus,1973,2.781330108642578
mus,1975,2.519910097122192
mus,1977,4.381899833679199
mus,1978,5.492020130157471
mus,1981,4.986839771270752
mus,1982,4.542620182037354
mus,1983,4.394559860229492
mus,1984,4.032519817352295
mus,1985,3.910439968109131
mus,1986,3.437289953231812
mus,1987,3.016740083694458
mus,1988,3.089849948883057
mus,1989,3.468960046768188
mus,1990,3.128220081329346
mus,1991,3.463259935379028
mus,1999,3.887439966201782
mus,2000,3.719029903411865
mus,2001,3.073479890823364
mus,2002,3.020240068435669
mus,2003,4.357180118560791
mus,2004,4.255760192871094
mus,2005,4.024020195007324
mus,2006,3.648400068283081
mus,2007,3.185400009155273
mus,2008,3.063070058822632
mus,2009,3.04731011390686
mus,2010,3.551470041275024
mus,2011,3.332070112228394
mus,2012,3.418200016021729
mus,2013,3.567759990692139
mus,2014,4.815149784088135
mus,2015,4.758470058441162
mus,2016,4.882070064544678
mus,2017,4.878870010375977
mus,2018,4.674479961395264
mus,2019,4.541950225830078
mus,2020,4.352439880371094
mus,2021,4.671510219573975
mus,2022,4.840859889984131
mus,2023,4.574790000915527
mus,2024,4.247389793395996
mwi,1986,2.197959899902344
mwi,1987,2.422250032424927
mwi,1988,2.179250001907349
mwi,1989,2.182620048522949
mwi,1990,2.247349977493286
mwi,1995,2.754679918289185
mwi,1996,3.69773006439209
mwi,1999,3.432240009307861
mwi,2000,3.606129884719849
mwi,2001,3.098340034484863
mwi,2003,2.209640026092529
mwi,2010,2.432369947433472
mwi,2011,2.853460073471069
mwi,2012,2.528611856252534
mwi,2013,3.721699953079224
mwi,2014,3.325690031051636
mwi,2015,3.85398006439209
mwi,2016,3.282579898834229
mwi,2017,2.768990039825439
mwi,2018,3.322959899902344
mwi,2022,2.748883711058105
mys,1971,4.550940036773682
mys,1979,5.087609767913818
mys,1980,5.726190090179443
mys,1981,6.696969985961914
mys,1982,7.032780170440674
mys,1984,5.666299819946289
mys,1985,6.111110210418701
mys,1986,7.243360042572021
mys,1987,6.326000213623047
mys,1992,5.111430168151855
mys,1993,4.654630184173584
mys,1994,4.705289840698242
mys,1995,4.342549800872803
mys,1996,4.913849830627441
mys,1997,4.62037992477417
mys,1999,5.686789989471436
mys,2000,5.971610069274902
mys,2001,7.484469890594482
mys,2002,7.65792989730835
mys,2003,7.502880096435547
mys,2004,5.923890113830566
mys,2006,4.48576021194458
mys,2007,4.37253999710083
mys,2008,3.95851993560791
mys,2009,5.974180221557617
mys,2010,4.966450214385986
mys,2011,5.762939929962158
mys,2012,5.739029884338379
mys,2013,5.481229782104492
mys,2014,5.212649822235107
mys,2015,4.894879817962646
mys,2016,4.751910209655762
mys,2017,4.675310134887695
mys,2018,4.478650093078613
mys,2019,4.157750129699707
mys,2020,3.911760091781616
mys,2021,4.261093933988669
mys,2022,3.499337819562841
mys,2023,3.514810085296631
nam,1999,7.130760192871094
nam,2000,6.901780128479004
nam,2001,6.888869762420654
nam,2002,6.742330074310303
nam,2003,6.137139797210693
nam,2006,6.031710147857666
nam,2008,6.403429985046387
nam,2010,8.243300437927246
nam,2011,8.021379308181094
nam,2012,9.242812379851651
nam,2013,8.595416595232535
nam,2014,3.667111663532185
nam,2015,9.850768502038797
nam,2016,10.59279485351438
nam,2017,1.395245346058309
nam,2018,8.881122494151846
nam,2019,9.32253195522987
nam,2020,9.277998790734287
nam,2021,10.39144773808952
nam,2022,9.391947084523798
nam,2024,9.084408194348164
ner,1971,1.0522700548172
ner,1990,2.07436990737915
ner,1991,2.308330059051514
ner,1992,2.242980003356934
ner,1993,2.065119981765747
ner,1994,2.265389919281006
ner,1995,2.329750061035156
ner,1996,2.144170045852661
ner,1999,2.568540096282959
ner,2000,2.565020084381104
ner,2001,2.279819965362549
ner,2002,2.401350021362305
ner,2003,1.937059998512268
ner,2006,2.558510065078735
ner,2007,3.014620065689087
ner,2008,2.723119974136353
ner,2009,3.335880041122437
ner,2010,2.721950054168701
ner,2011,3.077620029449463
ner,2012,3.186820030212402
ner,2013,3.689539909362793
ner,2014,5.10368013381958
ner,2015,4.486690044403076
ner,2016,2.958430051803589
ner,2017,2.578180074691772
ner,2018,3.449569940567017
ner,2019,3.533586218160125
ner,2020,3.819067927543221
ner,2021,3.82175828133515
ner,2022,3.71231832079626
ner,2023,4.074127076181141
nga,1974,3.210170030593872
nga,1975,3.063689947128296
nga,2012,0.5492330861219286
nga,2013,0.534206768008091
nga,2014,0.4707425391334693
nga,2015,0.4369549051206445
nga,2016,0.3930456462493638
nga,2017,0.3963540135913455
nga,2018,0.4199984937961266
nga,2019,0.358479005206684
nga,2020,0.3596376371849798
nga,2021,0.3819191043973254
nga,2022,0.3485167078908774
nga,2023,0.3190690497923434
nic,1970,2.038589954376221
nic,1971,2.492029905319214
nic,1987,5.351749897003174
nic,1992,2.984970092773438
nic,1998,2.225850105285645
nic,1999,2.923650026321411
nic,2000,3.001600027084351
nic,2002,2.391010046005249
nic,2003,2.422009944915771
nic,2010,4.484220027923584
nic,2014,4.083290100097656
nic,2015,4.07843017578125
nic,2016,4.081140041351318
nic,2017,4.35768985748291
nic,2018,4.473806932562508
nic,2019,4.599919691213321
nic,2020,4.580340591626848
nic,2021,4.08717467298944
nic,2022,3.800014961740692
nic,2023,2.869549989700317
nld,1970,6.212009906768799
nld,1971,6.318900108337402
nld,1972,6.309209823608398
nld,1973,5.834360122680664
nld,1974,6.3265700340271
nld,1975,6.362279891967773
nld,1976,6.303030014038086
nld,1977,6.173419952392578
nld,1978,6.175340175628662
nld,1979,6.081369876861572
nld,1980,5.88415002822876
nld,1981,5.740910053253174
nld,1982,5.686639785766602
nld,1983,5.492690086364746
nld,1984,5.082630157470703
nld,1985,5.464849948883057
nld,1986,5.553380012512207
nld,1987,5.889259815216064
nld,1988,5.463419914245605
nld,1990,5.221099853515625
nld,1991,5.154069900512695
nld,1993,4.74960994720459
nld,1994,4.656390190124512
nld,1995,4.572150230407715
nld,1996,4.485400199890137
nld,1998,4.534309864044189
nld,1999,4.499660015106201
nld,2000,4.583250045776367
nld,2001,4.689330101013184
nld,2002,4.789040088653564
nld,2003,5.019949913024902
nld,2004,5.041190147399902
nld,2005,5.088719844818115
nld,2006,5.019139766693115
nld,2007,4.858540058135986
nld,2008,4.997379779815674
nld,2009,5.385610103607178
nld,2010,5.456349849700928
nld,2011,5.41595983505249
nld,2012,5.366940021514893
nld,2013,5.484179973602295
nld,2014,5.402050018310547
nld,2015,5.278029918670654
nld,2016,5.389520168304443
nld,2017,5.087470054626465
nld,2018,5.267230033874512
nld,2019,5.0559401512146
nld,2020,5.291399955749512
nld,2021,5.376619815826416
nld,2022,5.179180145263672
nor,1972,5.904059886932373
nor,1973,5.891719818115234
nor,1974,5.673659801483154
nor,1975,5.550220012664795
nor,1976,6.163599967956543
nor,1977,5.972809791564941
nor,1978,6.444379806518555
nor,1980,5.780149936676025
nor,1981,5.54364013671875
nor,1982,5.678850173950195
nor,1983,5.646299839019775
nor,1984,5.429369926452637
nor,1985,5.255670070648193
nor,1986,5.539840221405029
nor,1987,5.788080215454102
nor,1988,5.865970134735107
nor,1989,6.299849987030029
nor,1990,6.310369968414307
nor,1991,6.373219966888428
nor,1992,6.636139869689941
nor,1993,7.676630020141602
nor,1994,7.830440044403076
nor,1995,7.695680141448975
nor,1996,7.138060092926025
nor,1997,7.303430080413818
nor,1998,7.35761022567749
nor,1999,6.962240219116211
nor,2000,6.459350109100342
nor,2001,6.820149898529053
nor,2002,7.422430038452148
nor,2003,7.399300098419189
nor,2004,7.277450084686279
nor,2005,6.840819835662842
nor,2006,6.358230113983154
nor,2007,6.506720066070557
nor,2008,6.249139785766602
nor,2009,7.070680141448975
nor,2010,6.71042013168335
nor,2011,6.414899826049805
nor,2012,7.327660083770752
nor,2013,7.439050197601318
nor,2014,7.644020080566406
nor,2015,7.523359775543213
nor,2016,7.984439849853516
nor,2017,7.845990180969238
nor,2018,7.595640182495117
nor,2019,7.864550113677979
nor,2020,8.372810363769531
nor,2021,6.960219860076904
nor,2022,5.432340145111084
npl,1998,2.892879962921143
npl,1999,2.893310070037842
npl,2000,2.975150108337402
npl,2001,3.708379983901978
npl,2002,3.152829885482788
npl,2003,3.114350080490112
npl,2004,3.171940088272095
npl,2005,3.3646399974823
npl,2006,3.60536003112793
npl,2007,3.517210006713867
npl,2008,3.805170059204102
npl,2009,4.663760185241699
npl,2010,3.631720066070557
npl,2011,3.842639923095703
npl,2012,3.297379970550537
npl,2013,3.018110036849976
npl,2014,3.472140073776245
npl,2015,3.259010076522827
npl,2016,3.903209924697876
npl,2017,4.767230033874512
npl,2018,4.434460163116455
npl,2019,3.892128868817525
npl,2020,4.243556709345021
npl,2021,4.428010346330915
npl,2022,4.136450816903965
npl,2023,3.956411480367056
npl,2024,3.688491737645951
nru,2002,15.86347007751465
nru,2007,4.248589992523193
nru,2014,4.472784259259259
nru,2015,6.252602941176471
nru,2016,4.822146268656716
nru,2017,6.273975172413793
nru,2018,5.052966272189349
nru,2019,5.718281714285714
nru,2020,5.905029032258065
nru,2021,5.16034
nru,2022,5.918279716981132
nru,2023,5.77715015411377
nzl,1973,4.753230094909668
nzl,1974,4.746799945831299
nzl,1975,5.167530059814453
nzl,1976,5.454740047454834
nzl,1977,4.452670097351074
nzl,1978,4.532529830932617
nzl,1979,4.467659950256348
nzl,1980,4.232649803161621
nzl,1981,4.440549850463867
nzl,1982,4.532700061798096
nzl,1984,4.045680046081543
nzl,1985,3.546299934387207
nzl,1986,3.430310010910034
nzl,1987,3.917390108108521
nzl,1988,4.425859928131104
nzl,1989,4.818240165710449
nzl,1994,5.926050186157227
nzl,1995,5.742129802703857
nzl,1996,6.383719921112061
nzl,1997,6.157219886779785
nzl,1999,6.636209964752197
nzl,2000,5.604420185089111
nzl,2013,5.88539981842041
nzl,2014,5.803329944610596
nzl,2015,5.70350980758667
nzl,2016,5.499720096588135
nzl,2017,5.275430202484131
nzl,2018,5.189680099487305
nzl,2019,5.174109935760498
nzl,2020,5.642680168151855
nzl,2021,5.540919780731201
nzl,2022,5.167419910430908
nzl,2023,5.213260173797607
omn,1986,3.792829990386963
omn,1987,3.656260013580322
omn,1988,3.38988995552063
omn,1989,2.978240013122559
omn,1990,2.492280006408691
omn,1991,2.623219966888428
omn,1992,2.741420030593872
omn,1993,3.079920053482056
omn,1994,3.023999929428101
omn,1995,2.996510028839111
omn,1996,2.795769929885864
omn,1997,2.947000026702881
omn,1998,3.610260009765625
omn,1999,3.529129981994629
omn,2000,2.804569959640503
omn,2001,3.521759986877441
omn,2002,3.777009963989258
omn,2003,3.408570051193237
omn,2004,3.515180110931396
omn,2005,3.078890085220337
omn,2006,3.373330116271973
omn,2009,3.654160022735596
omn,2013,4.353839874267578
omn,2017,5.995940208435059
omn,2018,4.585659980773926
omn,2019,5.063630104064941
omn,2020,6.877689838409424
omn,2022,4.383110046386719
pak,1971,1.65421998500824
pak,1972,1.568819999694824
pak,1973,1.830420017242432
pak,1974,1.880650043487549
pak,1975,1.980080008506775
pak,1976,2.237940073013306
pak,1977,2.149830102920532
pak,1978,2.204180002212524
pak,1979,2.198070049285889
pak,1980,2.130949974060059
pak,1981,1.972450017929077
pak,1982,2.013669967651367
pak,1983,1.99576997756958
pak,1984,2.069849967956543
pak,1985,2.43543004989624
pak,1986,2.678129911422729
pak,1987,2.977459907531738
pak,1989,2.36382007598877
pak,1990,2.516809940338135
pak,1991,2.566760063171387
pak,1992,2.54967999458313
pak,1993,2.386430025100708
pak,1994,2.589309930801392
pak,1995,2.795310020446777
pak,1996,2.810570001602173
pak,1997,3.022300004959106
pak,1999,2.611479997634888
pak,2000,1.837820053100586
pak,2004,1.443379998207092
pak,2005,1.67058002948761
pak,2006,1.980559945106506
pak,2007,2.234659910202026
pak,2008,2.272650003433228
pak,2009,2.179169893264771
pak,2010,2.052680015563965
pak,2011,2.001009941101074
pak,2012,1.978800058364868
pak,2013,2.236989974975586
pak,2014,2.204339981079102
pak,2015,2.386090040206909
pak,2016,2.668050050735474
pak,2017,2.576179981231689
pak,2018,2.332169496882934
pak,2019,2.214920043945313
pak,2020,2.057182407184226
pak,2021,1.687461292139914
pak,2022,1.973009457569884
pak,2023,1.946580052375793
pan,1970,4.043280124664307
pan,1971,3.353919982910156
pan,1972,3.9828200340271
pan,1973,3.485749959945679
pan,1974,3.819799900054932
pan,1975,4.154510021209717
pan,1976,4.312729835510254
pan,1977,4.280960083007813
pan,1978,3.605979919433594
pan,1979,3.642549991607666
pan,1980,3.535670042037964
pan,1981,3.43179988861084
pan,1982,3.418509960174561
pan,1983,3.550909996032715
pan,1984,3.468709945678711
pan,1985,3.521460056304932
pan,1986,3.345740079879761
pan,1987,3.870120048522949
pan,1994,3.470540046691895
pan,1995,3.947809934616089
pan,1996,4.393909931182861
pan,1997,4.083640098571777
pan,1999,4.751140117645264
pan,2000,4.893970012664795
pan,2001,4.189350128173828
pan,2002,4.254990100860596
pan,2003,4.19644021987915
pan,2004,3.558079957962036
pan,2008,3.425290107727051
pan,2011,3.070349931716919
pan,2014,3.081079959869385
pan,2015,3.265520095825195
pan,2016,3.322789907455444
pan,2017,3.378340005874634
pan,2018,3.452419996261597
pan,2019,3.281220115791729
pan,2020,4.304870128631592
pan,2021,3.711980104446411
pan,2022,3.377810001373291
pan,2023,2.472259998321533
per,1973,3.391720056533813
per,1996,3.118799924850464
per,1998,3.278179883956909
per,1999,3.44133996963501
per,2000,3.22802996635437
per,2001,3.03712010383606
per,2002,2.82056999206543
per,2003,2.93779993057251
per,2004,2.957870006561279
per,2005,2.839030027389526
per,2006,2.652810096740723
per,2007,2.629400014877319
per,2008,2.867749929428101
per,2009,3.139940023422241
per,2010,2.867300033569336
per,2011,2.663500070571899
per,2012,2.922760009765625
per,2013,3.297290086746216
per,2014,3.695990085601807
per,2015,3.969330072402954
per,2016,3.813169956207275
per,2017,3.931309938430786
per,2018,3.713920116424561
per,2019,3.822429895401001
per,2020,4.259379863739014
per,2021,3.92765998840332
per,2022,3.839750051498413
per,2023,4.245389938354492
per,2024,4.357789993286133
phl,1980,1.512719988822937
phl,1982,1.825889945030212
phl,1983,1.483029961585999
phl,1986,1.517019987106323
phl,1995,2.664000034332275
phl,1996,2.943579912185669
phl,1997,3.077559947967529
phl,1998,3.697459936141968
phl,2000,3.164400100708008
phl,2001,2.924639940261841
phl,2002,2.892220020294189
phl,2003,2.935179948806763
phl,2004,2.46983003616333
phl,2005,2.328069925308228
phl,2006,2.425790071487427
phl,2007,2.485189914703369
phl,2008,2.58282995223999
phl,2009,2.53777003288269
phl,2014,2.664542381299682
phl,2015,2.830523037852032
phl,2016,3.301281090424427
phl,2017,3.963840874039152
phl,2018,3.855027607454556
phl,2019,3.407486491421337
phl,2020,3.858290513080631
phl,2021,3.872497547846333
phl,2022,3.57960089528426
phl,2023,3.6236863467978
phl,2024,3.925010874738207
phl,2025,3.969226466753456
plw,2000,7.84434986114502
plw,2001,7.584159851074219
plw,2002,7.54601001739502
plw,2020,3.47118076238812
plw,2021,3.944171058045329
plw,2022,3.576201334155248
plw,2023,3.437264763213337
png,1972,5.247159957885742
png,1977,7.389709949493408
png,2015,1.625156910175047
png,2016,0.8538063963014576
png,2017,1.964930057525635
png,2018,1.874830007553101
png,2019,0.7617611439146336
png,2020,0.8980185420832575
png,2021,0.7139849059324027
png,2022,0.6433769207518154
png,2023,0.7821228046857319
pol,1991,3.891449928283691
pol,1992,4.187930107116699
pol,1993,4.182759761810303
pol,1995,4.31374979019165
pol,1996,6.233270168304443
pol,1998,4.925189971923828
pol,1999,4.573689937591553
pol,2000,4.962810039520264
pol,2001,5.293580055236816
pol,2002,5.370520114898682
pol,2003,5.306640148162842
pol,2004,5.331299781799316
pol,2005,5.410659790039063
pol,2006,5.18848991394043
pol,2007,4.860869884490967
pol,2008,5.023449897766113
pol,2009,4.976659774780273
pol,2010,5.081260204315186
pol,2011,4.829010009765625
pol,2012,4.833119869232178
pol,2013,4.997799873352051
pol,2014,4.93858003616333
pol,2015,4.787489891052246
pol,2016,4.627260208129883
pol,2017,4.54246997833252
pol,2018,4.559850215911865
pol,2019,4.62736988067627
pol,2020,4.800819873809814
pol,2021,4.61998987197876
pol,2022,4.313729763031006
pri,1971,7.2505202293396
pri,1972,7.214580059051514
pri,1973,6.47992992401123
pri,1974,7.286900043487549
pri,1975,6.229740142822266
pri,1976,7.140490055084229
pri,1977,6.387569904327393
pri,1978,6.681029796600342
pri,2013,6.481060028076172
pri,2014,6.072659969329834
pri,2015,3.340322416820233
pri,2016,2.783584299675953
pri,2017,2.725388731264289
pri,2018,2.603887157147371
pri,2019,3.327910020698892
pri,2020,4.286631843608463
pri,2021,3.729670026102497
pri,2022,3.861299307735079
pri,2023,4.268987539598733
pri,2024,4.271019496747893
prt,1973,1.633919954299927
prt,1974,1.935359954833984
prt,1975,3.062459945678711
prt,1976,3.07873010635376
prt,1978,2.900480031967163
prt,1979,2.699300050735474
prt,1980,3.067430019378662
prt,1981,3.185750007629395
prt,1982,3.329099893569946
prt,1983,3.232810020446777
prt,1984,3.142539978027344
prt,1985,3.262490034103394
prt,1986,3.049249887466431
prt,1987,3.157979965209961
prt,1988,3.387530088424683
prt,1989,3.475239992141724
prt,1990,3.569720029830933
prt,1991,4.071330070495605
prt,1992,4.337470054626465
prt,1993,4.840950012207031
prt,1994,4.671299934387207
prt,1995,4.613309860229492
prt,1996,5.065110206604004
prt,1999,5.046870231628418
prt,2000,5.163869857788086
prt,2001,5.337130069732666
prt,2002,5.258729934692383
prt,2003,5.281529903411865
prt,2004,5.04640007019043
prt,2005,5.073939800262451
prt,2006,4.907690048217773
prt,2007,4.92149019241333
prt,2008,4.696080207824707
prt,2009,5.563159942626953
prt,2010,5.404990196228027
prt,2011,5.116889953613281
prt,2012,4.942269802093506
prt,2013,5.265289783477783
prt,2014,5.120059967041016
prt,2015,4.894259929656982
prt,2017,5.02685022354126
prt,2018,4.679399967193604
prt,2019,4.627520084381104
prt,2020,4.86407995223999
prt,2021,4.773419857025146
prt,2022,4.551609992980957
pry,1970,2.10519003868103
pry,1971,2.265439987182617
pry,1985,1.395840048789978
pry,1990,1.040709972381592
pry,1998,4.198339939117432
pry,1999,4.230879783630371
pry,2000,4.230209827423096
pry,2001,3.833559989929199
pry,2002,3.407730102539063
pry,2003,3.382760047912598
pry,2004,2.869899988174438
pry,2007,2.739510059356689
pry,2010,2.7707200050354
pry,2011,3.692830085754395
pry,2012,3.66877007484436
pry,2013,2.678711938922318
pry,2014,2.59655894629063
pry,2015,3.33377822870463
pry,2016,3.434989929199219
pry,2017,3.090620702422794
pry,2018,3.296196060694298
pry,2019,3.489830271943342
pry,2020,3.936150074005127
pry,2021,3.410700082778931
pry,2022,3.396199941635132
pry,2023,3.393709897994995
pry,2024,3.53410005569458
pse,2010,6.191679954528809
pse,2011,5.335279941558838
pse,2012,4.742109775543213
pse,2013,4.894670009613037
pse,2015,4.663219928741455
pse,2016,4.982960224151611
pse,2017,4.721539974212646
pse,2021,5.434420108795166
qat,1971,3.000279903411865
qat,1972,2.691440105438232
qat,1973,2.867830038070679
qat,1976,1.746970057487488
qat,1977,1.970059990882874
qat,1978,2.776969909667969
qat,1998,3.577670097351074
qat,1999,4.345300197601318
qat,2000,3.725980043411255
qat,2001,3.20019006729126
qat,2002,3.846560001373291
qat,2003,3.373939990997314
qat,2004,3.462589979171753
qat,2005,3.971879959106445
qat,2008,4.227550029754639
qat,2009,3.413150072097778
qat,2010,4.539659976959229
qat,2011,4.012239933013916
qat,2012,3.507440090179443
qat,2013,4.073840141296387
qat,2014,3.605350017547607
qat,2017,2.967459917068481
qat,2019,2.803780078887939
qat,2020,3.233680009841919
rou,1996,3.241219997406006
rou,2000,2.868629932403564
rou,2001,3.266299962997437
rou,2002,3.504110097885132
rou,2003,3.543970108032227
rou,2004,3.312730073928833
rou,2005,3.500380039215088
rou,2006,4.306509971618652
rou,2007,4.149539947509766
rou,2008,4.097229957580566
rou,2009,4.001930236816406
rou,2010,3.416470050811768
rou,2011,2.913599967956543
rou,2012,2.823460102081299
rou,2013,3.067850112915039
rou,2014,3.124949932098389
rou,2015,3.106930017471313
rou,2016,3.025540113449097
rou,2017,3.118190050125122
rou,2018,3.317100048065186
rou,2019,3.557610034942627
rou,2020,3.579689979553223
rou,2021,3.315629959106445
rou,2022,3.278820037841797
rus,2000,2.939790010452271
rus,2001,3.106019973754883
rus,2002,3.835020065307617
rus,2003,3.678550004959106
rus,2004,3.547859907150269
rus,2005,3.771929979324341
rus,2006,3.866260051727295
rus,2008,4.101749897003174
rus,2010,4.089742305268243
rus,2011,3.712612702531856
rus,2012,3.793100118637085
rus,2013,3.763829946517944
rus,2014,4.013879776000977
rus,2015,3.834029912948608
rus,2016,3.760440111160278
rus,2017,4.689909934997559
rus,2018,4.678190231323242
rus,2019,3.695614291983362
rus,2020,4.016418643836367
rus,2021,3.994806978647738
rus,2022,4.054027553237774
rus,2023,4.164548533942253
rwa,1977,2.150209903717041
rwa,1978,2.232470035552979
rwa,1979,2.441279888153076
rwa,1980,2.666330099105835
rwa,1981,4.392970085144043
rwa,1987,3.505779981613159
rwa,1988,3.335340023040771
rwa,1989,3.746629953384399
rwa,1999,3.857990026473999
rwa,2000,3.434180021286011
rwa,2001,4.825019836425781
rwa,2007,3.985029935836792
rwa,2008,3.502150058746338
rwa,2010,4.631269931793213
rwa,2011,4.38346004486084
rwa,2012,4.421030044555664
rwa,2013,4.742149829864502
rwa,2014,4.19644021987915
rwa,2015,3.647130012512207
rwa,2016,3.434829950332642
rwa,2017,3.1247398853302
rwa,2018,3.073760032653809
rwa,2019,3.238212226055821
rwa,2020,3.33309745728459
rwa,2021,5.589849948883057
rwa,2022,4.74213981628418
rwa,2023,4.92002010345459
rwa,2024,4.61476993560791
sau,1981,3.890249967575073
sau,1982,4.142549991607666
sau,1983,5.977970123291016
sau,1984,6.109570026397705
sau,1986,6.255350112915039
sau,1991,5.779469966888428
sau,1992,5.14463996887207
sau,1993,5.999289989471436
sau,1994,6.343820095062256
sau,1995,5.692470073699951
sau,1996,4.943739891052246
sau,1997,4.37706995010376
sau,1998,8.281310081481934
sau,1999,7.072269916534424
sau,2000,5.909820079803467
sau,2001,7.718870162963867
sau,2002,7.636889934539795
sau,2003,7.105090141296387
sau,2004,6.277470111846924
sau,2005,5.430930137634277
sau,2006,5.891170024871826
sau,2008,5.137810230255127
sau,2023,4.480879783630371
sdn,2000,1.012179970741272
sdn,2002,1.164250016212463
sdn,2004,1.312549948692322
sdn,2005,1.178429961204529
sdn,2006,1.553539991378784
sdn,2008,1.851500034332275
sdn,2009,2.022130012512207
sen,1998,2.474580049514771
sen,1999,2.459810018539429
sen,2000,2.463350057601929
sen,2001,2.47150993347168
sen,2002,2.594419956207275
sen,2003,2.751250028610229
sen,2004,3.07778000831604
sen,2005,4.064430236816406
sen,2006,3.82138991355896
sen,2008,4.025680065155029
sen,2009,4.920720100402832
sen,2010,0.5447700023651123
sen,2011,4.903029918670654
sen,2012,4.776989936828613
sen,2013,5.686560153961182
sen,2014,5.72907018661499
sen,2015,5.456349849700928
sen,2016,5.113090038299561
sen,2017,4.740079879760742
sen,2018,5.110199928283691
sen,2019,5.035250186920166
sen,2020,5.6869797706604
sen,2021,5.61201000213623
sen,2022,5.952229976654053
sen,2023,6.162770453663287
sgp,1971,3.109760046005249
sgp,1972,2.868269920349121
sgp,1973,2.48882007598877
sgp,1974,2.388520002365112
sgp,1975,2.439490079879761
sgp,1976,2.692389965057373
sgp,1977,2.450799942016602
sgp,1978,2.290999889373779
sgp,1979,2.249249935150146
sgp,1980,2.559669971466064
sgp,1981,2.583659887313843
sgp,1982,3.267760038375854
sgp,1983,3.947720050811768
sgp,1988,3.652070045471191
sgp,2000,3.321290016174316
sgp,2001,3.542500019073486
sgp,2002,3.878520011901855
sgp,2003,3.981940031051636
sgp,2004,3.652760028839111
sgp,2005,3.19596004486084
sgp,2006,2.859119892120361
sgp,2007,2.946739912033081
sgp,2008,2.764600038528442
sgp,2009,3.010129928588867
sgp,2010,3.080440044403076
sgp,2011,3.030770063400269
sgp,2012,3.070849895477295
sgp,2013,2.854350090026855
sgp,2014,3.013586655036775
sgp,2015,2.991618705099087
sgp,2016,2.944662589465764
sgp,2017,2.879163824217418
sgp,2018,2.853140115737915
sgp,2019,2.727839946746826
sgp,2020,2.692270040512085
sgp,2021,2.827320098876953
sgp,2022,2.474780082702637
sgp,2023,2.103770017623901
sgp,2024,2.190998578197574
slb,1971,3.400000095367432
slb,1991,3.877190113067627
slb,1998,2.315500020980835
slb,2007,7.333270072937012
slb,2008,6.895150184631348
slb,2009,6.658589839935303
slb,2010,7.478370189666748
slb,2020,9.643546203693427
slb,2021,8.332327043800394
slb,2022,8.487378297311048
slb,2023,8.293490800629437
sle,2000,4.94936990737915
sle,2001,2.226180076599121
sle,2002,2.297669887542725
sle,2003,2.108870029449463
sle,2004,2.011670112609863
sle,2005,1.81370997428894
sle,2007,1.520120024681091
sle,2008,1.454130053520203
sle,2009,1.724410057067871
sle,2010,1.565539956092834
sle,2011,1.615380048751831
sle,2012,1.777870059013367
sle,2013,1.56069004535675
sle,2014,1.737540006637573
sle,2015,3.217862735639929
sle,2016,1.848320007324219
sle,2017,3.015010118484497
sle,2018,4.468090057373047
sle,2019,4.651770114898682
sle,2020,5.347020149230957
sle,2021,5.593220233917236
sle,2022,4.90762996673584
sle,2023,2.624552779420462
slv,1975,0.9045100212097168
slv,1998,2.547250032424927
slv,1999,2.562609910964966
slv,2000,2.838680028915405
slv,2002,3.242840051651001
slv,2003,3.13467001914978
slv,2005,3.177850008010864
slv,2006,3.492980003356934
slv,2007,3.60984992980957
slv,2008,4.458109855651855
slv,2009,4.659500122070313
slv,2010,4.048079967498779
slv,2011,3.898540019989014
slv,2012,3.712440013885498
slv,2013,3.801490068435669
slv,2014,3.824160099029541
slv,2015,3.909879922866821
slv,2016,3.825239896774292
slv,2017,3.725229978561401
slv,2018,3.60575008392334
slv,2019,3.387109994888306
slv,2020,3.660880088806152
slv,2021,3.577660083770752
slv,2022,3.268480062484741
slv,2023,3.187340021133423
slv,2024,3.316669940948486
smr,2010,2.62883996963501
smr,2011,2.702960014343262
smr,2013,3.267235346518987
smr,2014,3.19357628015873
smr,2015,3.119142795793684
smr,2016,3.026979771428552
smr,2017,3.369970083236694
smr,2018,3.555160045623779
smr,2019,3.379699945449829
smr,2020,3.424619913101196
smr,2021,3.108920097351074
smr,2022,2.897530078887939
som,1972,1.102839946746826
som,1973,1.338879942893982
som,2018,4.00990834307e-06
som,2019,5.73281247182e-06
som,2020,6.12054361034e-06
som,2021,6.75308344309e-06
som,2022,7.21674775437e-06
som,2023,8.14262404011e-06
srb,2007,4.048810005187988
srb,2009,4.312749862670898
srb,2011,4.073550224304199
srb,2016,3.50275993347168
srb,2017,3.565390110015869
srb,2018,3.436630010604858
srb,2019,3.458659887313843
srb,2021,3.146159887313843
srb,2022,3.082550048828125
srb,2023,3.403779983520508
ssd,2010,1.045330079345848
ssd,2011,0.9628900289535522
ssd,2012,1.576749380854813
ssd,2013,1.024500012397766
ssd,2014,1.232460021972656
ssd,2015,1.465559959411621
ssd,2016,1.56539228959694
stp,2002,2.720580101013184
stp,2003,3.246929883956909
stp,2004,3.234709978103638
stp,2005,4.856450080871582
stp,2006,4.271180152893066
stp,2007,6.286829948425293
stp,2008,5.554490089416504
stp,2009,9.994290351867676
stp,2010,9.988269805908203
stp,2011,8.794102450424667
stp,2012,6.928460121154785
stp,2013,6.685090065002441
stp,2014,4.432169914245605
stp,2015,4.697949886322021
stp,2016,6.11515998840332
stp,2017,5.874899864196777
stp,2018,5.624549865722656
stp,2019,6.105738918969782
stp,2020,5.029311733725912
stp,2021,5.539850411242826
stp,2022,5.193921017126131
stp,2023,5.028857642872704
sur,2015,5.534796105225529
sur,2016,5.640519049709742
sur,2017,5.458613115143494
sur,2018,4.922593557612687
sur,2019,6.778572890126644
sur,2020,4.584257082657823
sur,2021,4.131549729477391
sur,2022,3.43460841988051
sur,2023,2.866233414913631
svk,1992,5.287399768829346
svk,1993,4.391839981079102
svk,1994,3.664299964904785
svk,1995,4.241789817810059
svk,1996,4.08450984954834
svk,1997,4.101799964904785
svk,1999,4.102910041809082
svk,2000,3.868230104446411
svk,2001,3.942369937896729
svk,2002,4.251930236816406
svk,2003,4.236999988555908
svk,2004,4.117479801177979
svk,2005,3.775650024414063
svk,2006,3.708509922027588
svk,2007,3.522239923477173
svk,2008,3.523390054702759
svk,2009,4.008930206298828
svk,2010,4.047049999237061
svk,2011,3.906869888305664
svk,2012,3.854909896850586
svk,2013,4.060780048370361
svk,2014,4.204460144042969
svk,2015,4.564169883728027
svk,2016,3.88375997543335
svk,2017,3.918760061264038
svk,2018,3.935349941253662
svk,2019,4.267799854278564
svk,2020,4.720290184020996
svk,2021,4.71766996383667
svk,2022,4.656889915466309
svn,1991,4.072919845581055
svn,1992,4.721250057220459
svn,1993,4.957019805908203
svn,1994,4.699719905853271
svn,1995,4.902100086212158
svn,2001,5.814610004425049
svn,2002,5.740139961242676
svn,2003,5.756579875946045
svn,2004,5.686930179595947
svn,2005,5.644370079040527
svn,2006,5.622079849243164
svn,2007,5.136600017547607
svn,2008,5.134389877319336
svn,2009,5.620790004730225
svn,2010,5.593629837036133
svn,2011,5.582900047302246
svn,2012,5.670229911804199
svn,2013,5.467679977416992
svn,2014,5.343289852142334
svn,2015,4.955289840698242
svn,2016,4.844190120697021
svn,2017,4.82381010055542
svn,2018,4.979489803314209
svn,2019,4.934790134429932
svn,2020,5.419010162353516
svn,2021,5.391670227050781
svn,2022,5.28065013885498
swe,1979,6.3815598487854
swe,1980,6.546460151672363
swe,1981,6.790969848632813
swe,1990,5.219699859619141
swe,1991,5.451640129089355
swe,1992,5.266089916229248
swe,1993,5.514949798583984
swe,1995,6.153960227966309
swe,1996,6.833740234375
swe,1998,7.059130191802979
swe,1999,6.842510223388672
swe,2000,6.738359928131104
swe,2001,6.614820003509521
swe,2002,6.91077995300293
swe,2003,6.796780109405518
swe,2004,6.672999858856201
swe,2005,6.515160083770752
swe,2006,6.372779846191406
swe,2007,6.186739921569824
swe,2008,6.38263988494873
swe,2009,6.784259796142578
swe,2010,6.56318998336792
swe,2011,6.406559944152832
swe,2012,7.574560165405273
swe,2013,7.646580219268799
swe,2014,7.629240036010742
swe,2015,7.494420051574707
swe,2016,7.639910221099854
swe,2017,7.638490200042725
swe,2018,7.698259830474854
swe,2019,7.663070201873779
swe,2020,7.953330039978027
swe,2021,7.602240085601807
swe,2022,7.319099903106689
swz,1976,3.714349985122681
swz,1977,3.944299936294556
swz,1978,5.796520233154297
swz,1979,6.364280223846436
swz,1980,5.297200202941895
swz,1981,6.583829879760742
swz,1982,6.753640174865723
swz,1987,5.802199840545654
swz,1988,5.511559963226318
swz,1989,5.661290168762207
swz,1990,5.484570026397705
swz,1994,5.140289783477783
swz,1995,5.653140068054199
swz,1996,4.938159942626953
swz,1999,5.090950012207031
swz,2000,5.508480072021484
swz,2001,4.838240146636963
swz,2002,4.440869808197021
swz,2003,5.816770076751709
swz,2004,5.401609897613525
swz,2005,6.484620094299316
swz,2006,6.554759979248047
swz,2008,6.618120193481445
swz,2009,6.471350193023682
swz,2010,6.118370056152344
swz,2011,6.864329814910889
swz,2012,5.593282197781552
swz,2013,5.084610296948712
swz,2014,7.280940055847168
swz,2015,5.354947230064713
swz,2016,5.433553092109788
swz,2017,6.177914116856
swz,2018,5.736873546766173
swz,2019,5.699148241368915
swz,2020,5.325462701228032
swz,2021,5.287148992852215
swz,2022,5.572741757385112
swz,2023,5.00431592836751
swz,2024,6.030829053375339
sxm,2012,4.618348727829093
sxm,2014,3.067594896807268
sxm,2022,4.274205085082849
sxm,2023,3.923638326017227
syc,1970,4.188479900360107
syc,1971,4.066390037536621
syc,1972,4.246940135955811
syc,1974,4.283329963684082
syc,1975,4.345019817352295
syc,1976,4.745960235595703
syc,1984,11.30568981170654
syc,1985,9.617790222167969
syc,1986,9.12957000732422
syc,1988,7.79334020614624
syc,1989,7.734720230102539
syc,1994,8.479280471801758
syc,1995,7.240509986877441
syc,1996,7.311490058898926
syc,1998,5.631790161132813
syc,1999,4.944680213928223
syc,2002,4.88109016418457
syc,2003,5.051770210266113
syc,2006,4.483310222625732
syc,2011,3.629950046539307
syc,2012,2.542160034179688
syc,2013,3.618400096893311
syc,2014,3.952470064163208
syc,2015,4.914609909057617
syc,2016,4.021309852600098
syc,2017,3.346173256576553
syc,2018,3.594469406686617
syc,2019,3.558855571146103
syc,2020,4.187048370493156
syc,2021,4.865473513686255
syc,2022,3.65858904774836
syc,2023,4.454099605470336
syr,1972,3.583559989929199
syr,1973,3.689909934997559
syr,1975,3.934509992599487
syr,1976,5.831459999084473
syr,1977,5.714419841766357
syr,1978,5.514259815216064
syr,1979,4.966169834136963
syr,1980,4.575530052185059
syr,1981,5.383920192718506
syr,1982,5.897610187530518
syr,1984,6.133890151977539
syr,1985,6.07004976272583
syr,1986,5.622940063476563
syr,1987,4.561840057373047
syr,1988,3.615859985351563
syr,1989,4.034140110015869
syr,1996,3.699049949645996
syr,2001,4.54640007019043
syr,2002,5.269839763641357
syr,2003,6.480860233306885
syr,2004,5.371479988098145
syr,2006,5.279660224914551
syr,2007,4.864699840545654
syr,2008,4.595250129699707
syr,2009,5.130129814147949
tca,2000,4.718830108642578
tca,2001,4.843009948730469
tca,2002,5.069139957427979
tca,2003,4.728779792785645
tca,2005,2.540999889373779
tca,2011,3.166633689613573
tca,2012,2.697493264902821
tca,2013,2.804786950538159
tca,2014,2.746546315619208
tca,2015,3.090939998626709
tca,2016,2.907445731208933
tca,2017,2.472782076067459
tca,2018,2.743769884109497
tca,2019,2.121700048446655
tca,2020,2.462137951900623
tca,2021,3.277590036392212
tca,2022,2.776400089263916
tca,2023,2.687654619699813
tca,2024,2.949981132476155
tcd,1997,2.27335000038147
tcd,1998,1.64903998374939
tcd,1999,3.227869987487793
tcd,2000,2.64670991897583
tcd,2001,2.426140069961548
tcd,2004,1.592949986457825
tcd,2005,1.301890015602112
tcd,2009,1.743669986724854
tcd,2010,1.50397002696991
tcd,2011,1.647179961204529
tcd,2012,1.524930000305176
tcd,2013,2.066960096359253
tcd,2014,2.320312295630213
tcd,2015,2.342831495211616
tcd,2016,2.388475862299465
tcd,2017,1.839020013809204
tcd,2018,2.259475013920134
tcd,2019,2.372457953835911
tcd,2020,2.739603904237477
tcd,2021,2.01648998260498
tcd,2022,2.601611889706404
tcd,2023,3.201497258377236
tgo,1970,1.496809959411621
tgo,1979,4.729609966278076
tgo,1981,4.16519021987915
tgo,1984,3.819279909133911
tgo,1987,3.340630054473877
tgo,1992,4.018650054931641
tgo,1996,3.124520063400269
tgo,1998,2.821290016174316
tgo,1999,2.963969945907593
tgo,2000,2.776449918746948
tgo,2001,2.667500019073486
tgo,2002,2.469510078430176
tgo,2003,2.355259895324707
tgo,2004,2.201980113983154
tgo,2005,2.237489938735962
tgo,2006,2.432369947433472
tgo,2007,2.486040115356445
tgo,2008,2.384720087051392
tgo,2009,2.768079996109009
tgo,2010,2.95976996421814
tgo,2011,3.077500104904175
tgo,2012,3.376519918441772
tgo,2013,3.174750089645386
tgo,2014,3.423769950866699
tgo,2015,3.710969924926758
tgo,2016,3.662480115890503
tgo,2017,3.765269994735718
tgo,2018,4.091629981994629
tgo,2019,4.201641966268824
tgo,2020,4.085280173729311
tgo,2021,4.227024424830795
tgo,2022,3.778110832667751
tgo,2023,4.142818851664836
tha,1971,3.066220045089722
tha,1972,3.029150009155273
tha,1973,2.554250001907349
tha,1974,2.146869897842407
tha,1975,2.380880117416382
tha,1976,3.016720056533813
tha,1977,3.215120077133179
tha,1979,2.845289945602417
tha,1980,2.57453989982605
tha,1981,2.883140087127686
tha,1982,3.273880004882813
tha,1983,3.463870048522949
tha,1984,3.437220096588135
tha,1986,3.407969951629639
tha,1987,3.115829944610596
tha,1988,2.753429889678955
tha,1989,2.502439975738525
tha,1991,3.088599920272827
tha,1992,3.045419931411743
tha,1994,3.405230045318604
tha,1995,3.144979953765869
tha,1996,3.49960994720459
tha,1997,4.577189922332764
tha,1998,4.625699996948242
tha,1999,4.832670211791992
tha,2000,5.253459930419922
tha,2001,4.817870140075684
tha,2002,3.864919900894165
tha,2003,3.725610017776489
tha,2004,4.030889987945557
tha,2005,3.938590049743652
tha,2006,4.050380229949951
tha,2007,3.603149890899658
tha,2008,3.508500099182129
tha,2009,3.861939907073975
tha,2010,3.50846004486084
tha,2011,4.805560111999512
tha,2012,4.53672981262207
tha,2013,4.12401008605957
tha,2014,3.919177518521116
tha,2015,3.86397622727286
tha,2016,3.767617567709368
tha,2017,3.465321476403646
tha,2018,3.197693959016189
tha,2019,3.022214111832823
tha,2020,3.153141717371831
tha,2021,2.982124284782678
tha,2022,2.611870227986338
tha,2023,2.521222196287718
tjk,1993,8.185589790344238
tjk,1995,2.065900087356567
tjk,1996,2.043450117111206
tjk,1998,2.52849006652832
tjk,1999,2.076519966125488
tjk,2000,2.328710079193115
tjk,2001,2.376590013504028
tjk,2002,2.775789976119995
tjk,2003,2.420789957046509
tjk,2004,2.772030115127563
tjk,2005,3.51213002204895
tjk,2006,3.403500080108643
tjk,2007,3.413269996643066
tjk,2008,3.459830045700073
tjk,2009,4.098309993743896
tjk,2010,4.006750106811523
tjk,2011,3.935110092163086
tjk,2012,4.018030166625977
tjk,2013,5.293976179000353
tjk,2014,5.593988989667534
tjk,2015,4.967740058898926
tjk,2016,5.730941425763318
tjk,2017,5.544717642622019
tjk,2018,5.385087363775557
tjk,2019,5.484276284354151
tjk,2020,5.135168291878229
tjk,2021,4.382530820775988
tjk,2022,5.398297705990014
tjk,2023,5.436821200154443
tkm,2012,3.049249887466431
tkm,2019,3.120549917221069
tkm,2020,3.762670040130615
tkm,2021,3.848910093307495
tkm,2022,3.580049991607666
tkm,2023,2.712919950485229
tkm,2024,4.288780212402344
tls,2008,8.670149803161621
tls,2009,12.90248012542725
tls,2010,11.10657978057861
tls,2011,10.19351959228516
tls,2012,7.162149906158447
tls,2013,5.666329860687256
tls,2014,7.514309883117676
tls,2015,8.467069625854492
tls,2016,8.128379821777344
tls,2017,7.170939922332764
tls,2018,6.848060131072998
tls,2019,4.179689137429367
tls,2020,3.652873604377507
tls,2021,2.973894041013176
tls,2023,5.240528347818008
ton,1984,10.34650993347168
ton,1998,5.517129898071289
ton,1999,5.380559921264648
ton,2000,4.878079891204834
ton,2001,4.477560043334961
ton,2002,3.795000076293945
ton,2003,4.159510135650635
ton,2004,3.913769960403442
ton,2017,4.636268082884784
ton,2018,4.715143971969753
ton,2019,4.861703962026709
ton,2020,5.048835113469149
ton,2021,5.162544372426001
ton,2022,5.310162780466344
tto,1980,3.768079996109009
tto,1982,5.457399845123291
tto,1983,5.766600131988525
tto,1984,5.873909950256348
tto,1985,5.767749786376953
tto,1989,4.199870109558105
tto,1990,3.654129981994629
tto,1994,3.431809902191162
tto,1995,3.558549880981445
tto,1996,3.248769998550415
tto,1997,3.325210094451904
tto,1998,2.438920021057129
tto,1999,2.756119966506958
tto,2000,2.755650043487549
tto,2001,3.065289974212646
tto,2002,3.543009996414185
tto,2003,3.136600017547607
tto,2010,4.211554588441827
tto,2011,3.850788402150081
tto,2012,3.573980005770182
tto,2013,3.752758729254051
tto,2014,3.590137969830427
tto,2015,4.42459330779419
tto,2016,4.214282275093606
tto,2017,3.329368790312303
tto,2018,3.471417626740523
tto,2019,3.55386116245268
tto,2020,4.220419883728027
tto,2021,3.04397988319397
tto,2022,2.818010091781616
tto,2023,3.233580112457275
tun,1980,5.235159873962402
tun,1981,4.889359951019287
tun,1982,5.286049842834473
tun,1983,5.457630157470703
tun,1984,5.517449855804443
tun,1985,5.539720058441162
tun,1986,5.879489898681641
tun,1990,5.790860176086426
tun,1991,6.027470111846924
tun,1992,5.754889965057373
tun,1993,5.98376989364624
tun,1994,6.176469802856445
tun,1995,6.429759979248047
tun,1996,6.2878098487854
tun,1997,6.679029941558838
tun,1999,6.270989894866943
tun,2000,6.20196008682251
tun,2001,6.201849937438965
tun,2002,5.790060043334961
tun,2003,6.816750049591064
tun,2004,6.720789909362793
tun,2005,6.4515700340271
tun,2006,6.438799858093262
tun,2007,6.46451997756958
tun,2008,6.271570205688477
tun,2009,6.528480052947998
tun,2010,5.963069915771484
tun,2012,5.950860023498535
tun,2015,6.220449924468994
tun,2019,6.173732404101847
tun,2020,7.265075454677822
tun,2021,6.67984656240779
tun,2022,6.804989607392803
tun,2023,6.733988563212064
tur,1978,4.347740173339844
tur,1979,2.915199995040894
tur,1981,2.208300113677979
tur,1982,1.754909992218018
tur,1983,2.647599935531616
tur,1984,2.029230117797852
tur,1985,1.738109946250916
tur,1986,1.509570002555847
tur,1993,3.365469932556152
tur,1994,3.424829959869385
tur,1995,2.251110076904297
tur,1998,0.0
tur,2011,4.22150993347168
tur,2012,4.387219905853271
tur,2013,4.344799995422363
tur,2014,4.412569999694824
tur,2015,4.305500030517578
tur,2016,4.627739906311035
tur,2017,4.323699951171875
tur,2018,4.297299861907959
tur,2019,4.447760105133057
tur,2020,4.033820152282715
tur,2021,3.537879943847656
tur,2022,3.095710039138794
tuv,1990,6.985690116882324
tuv,1997,3.45019006729126
tuv,2020,14.54827761390144
tuv,2021,15.51551196794405
tuv,2022,13.76219124801975
tuv,2023,12.84568977355957
tza,1971,1.723700046539307
tza,1972,1.747550010681152
tza,1973,1.876579999923706
tza,1974,1.914190053939819
tza,1980,2.625319957733154
tza,1989,1.548920035362244
tza,1990,1.4723299741745
tza,1996,1.744169950485229
tza,1997,1.693060040473938
tza,1998,1.498389959335327
tza,2004,3.562459945678711
tza,2005,3.547470092773438
tza,2006,3.009919881820679
tza,2007,4.033430099487305
tza,2008,4.185910224914551
tza,2009,3.960750102996826
tza,2010,4.541699886322021
tza,2011,4.577899059200146
tza,2012,4.229643003424582
tza,2013,4.637694463697187
tza,2014,3.384880065917969
tza,2015,4.194865482850759
tza,2016,4.101967217918641
tza,2017,4.430520057678223
tza,2018,3.699620008468628
tza,2019,3.596836388886481
tza,2020,3.230972559208328
tza,2021,3.115153352887837
tza,2022,3.238245037576404
tza,2023,3.258532221465307
tza,2024,3.155044379069355
uga,1971,3.161050081253052
uga,1973,3.350229978561401
uga,1974,3.390919923782349
uga,1975,3.221029996871948
uga,1976,2.676589965820313
uga,1982,2.515520095825195
uga,1983,1.689090013504028
uga,1984,2.428359985351563
uga,1985,3.431960105895996
uga,1988,5.103660106658936
uga,2000,2.461669921875
uga,2004,4.952370166778564
uga,2010,1.727399945259094
uga,2011,2.298909902572632
uga,2012,1.797469973564148
uga,2013,1.871140003204346
uga,2014,1.914720058441162
uga,2015,2.321520090103149
uga,2016,2.137890100479126
uga,2017,2.253629922866821
uga,2018,2.130520105361938
uga,2019,2.308280812423223
uga,2020,2.572221813082554
uga,2021,2.635936123085326
uga,2022,2.561050271769246
ukr,1970,4.572929859161377
ukr,1997,5.456009864807129
ukr,1998,4.448840141296387
ukr,1999,3.618079900741577
ukr,2000,4.022930145263672
ukr,2001,4.525680065155029
ukr,2002,5.24006986618042
ukr,2003,5.400189876556396
ukr,2004,5.123760223388672
ukr,2005,5.848199844360352
ukr,2006,5.979459762573242
ukr,2007,5.902440071105957
ukr,2008,6.152420043945313
ukr,2009,7.050749778747559
ukr,2011,5.937699794769287
ukr,2012,6.442679882049561
ukr,2013,6.419879913330078
ukr,2014,5.874919891357422
ukr,2015,5.339517274950919
ukr,2016,5.009769916534424
ukr,2017,5.417069911956787
ukr,2018,5.319920063018799
ukr,2019,5.441299915313721
ukr,2020,5.382309913635254
ukr,2021,5.140100002288818
ury,1979,1.987130045890808
ury,1980,2.159509897232056
ury,1984,2.373389959335327
ury,1985,2.566790103912354
ury,1986,3.102829933166504
ury,1991,2.479079961776733
ury,1992,2.411530017852783
ury,1994,2.271719932556152
ury,1995,2.521399974822998
ury,1996,2.869859933853149
ury,1998,2.243370056152344
ury,2000,2.422549962997437
ury,2001,2.800960063934326
ury,2002,2.322200059890747
ury,2003,2.068209886550903
ury,2004,2.499540090560913
ury,2005,2.714760065078735
ury,2006,2.856640100479126
ury,2011,4.149370193481445
ury,2012,4.093533382832418
ury,2013,4.238930225372314
ury,2014,4.267350196838379
ury,2015,4.206369876861572
ury,2016,4.364200115203857
ury,2017,4.417870044708252
ury,2018,4.603610038757324
ury,2019,4.628349781036377
ury,2020,4.55217981338501
ury,2021,4.462110042572021
ury,2022,4.479529857635498
ury,2023,4.764619827270508
usa,2015,4.93064022064209
usa,2016,4.783279895782471
usa,2017,5.09296989440918
usa,2018,4.895020008087158
usa,2019,4.957469940185547
usa,2020,5.395309925079346
usa,2021,5.420380115509033
uzb,2013,5.741919994354248
uzb,2014,5.713250160217285
uzb,2015,5.494440078735352
uzb,2016,5.380899906158447
uzb,2017,4.482490062713623
uzb,2018,4.83589298172277
uzb,2019,6.295346785472161
uzb,2020,4.440219879150391
uzb,2021,4.135809898376465
uzb,2022,5.234771710221517
uzb,2023,5.472875972700241
vct,1986,4.429110050201416
vct,1989,4.468689918518066
vct,1991,4.873770236968994
vct,1998,4.033370018005371
vct,1999,5.752689838409424
vct,2000,7.327879905700684
vct,2002,7.388020038604736
vct,2003,8.17488956451416
vct,2005,6.030829906463623
vct,2007,5.439370155334473
vct,2009,5.376110076904297
vct,2010,4.808390140533447
vct,2015,4.956146348354287
vct,2016,5.45265007019043
vct,2017,5.379749774932861
vct,2018,5.223579883575439
vct,2020,5.463763104065456
vct,2022,7.07575034584772
vct,2023,6.458269170633405
ven,1970,4.162869930267334
ven,1971,4.179920196533203
ven,1972,4.837289810180664
ven,1974,3.947959899902344
ven,1975,5.19851016998291
ven,1977,5.256659984588623
ven,1980,4.400720119476318
ven,1981,5.187439918518066
ven,1982,5.008950233459473
ven,1983,6.059820175170898
ven,1984,4.063729763031006
ven,1987,3.927510023117065
ven,1988,3.629410028457642
ven,1990,2.446710109710693
ven,1992,4.310679912567139
ven,1993,3.817830085754395
ven,1994,5.006030082702637
ven,2006,3.669059991836548
ven,2007,3.627320051193237
ven,2009,6.874670028686523
vgb,2010,3.48700818755313
vgb,2012,3.555607288355643
vgb,2013,4.45811210742524
vgb,2014,4.009198040634382
vgb,2015,4.704499998439622
vgb,2016,3.254677118752579
vgb,2017,2.457089409788501
vgb,2018,2.425560602783186
vgb,2019,2.500967871936999
vgb,2020,2.705392825896763
vgb,2021,3.024553206777504
vgb,2022,2.484018073009072
vgb,2023,3.172838555284353
vnm,2008,4.886730194091797
vnm,2009,4.816500186920166
vnm,2010,4.045949935913086
vnm,2011,3.780230045318604
vnm,2012,4.408170223236084
vnm,2013,4.528339862823486
vnm,2014,3.540123121105839
vnm,2015,3.416604496749425
vnm,2016,3.469069957733154
vnm,2017,3.418656865395266
vnm,2018,3.295370101928711
vnm,2019,3.084998326934617
vnm,2020,3.216529001525142
vnm,2021,2.945174888043272
vnm,2022,2.887386893727493
vut,1994,4.116879940032959
vut,1998,7.641049861907959
vut,1999,6.162650108337402
vut,2000,7.0036301612854
vut,2001,8.951149940490723
vut,2002,8.131979942321777
vut,2003,8.441510200500488
vut,2008,5.951509952545166
vut,2009,5.160510063171387
vut,2014,5.17257022857666
vut,2015,5.390810012817383
vut,2016,7.677425895144439
vut,2017,4.533530235290527
vut,2018,8.606346699480014
vut,2019,1.774070024490356
vut,2020,2.173589944839478
vut,2021,10.11024064197341
vut,2022,10.70334564990629
vut,2023,7.58135986328125
vut,2024,7.636950016021729
wsm,1999,4.016250133514404
wsm,2000,3.630959987640381
wsm,2001,3.97652006149292
wsm,2002,3.939320087432861
wsm,2008,5.116590023040771
wsm,2011,4.774263418391144
wsm,2012,4.891707227776071
wsm,2013,4.614860649476713
wsm,2014,5.413921599587256
wsm,2015,4.424521217281735
wsm,2016,3.981149911880493
wsm,2017,4.188715695847848
wsm,2018,4.472148540404708
wsm,2019,4.58404753905646
wsm,2020,4.503168501521785
wsm,2021,5.216284716230602
wsm,2022,6.15978780645853
wsm,2023,6.109630267641602
wsm,2024,5.456166375442937
yem,2000,9.661629676818848
yem,2001,9.244709968566896
yem,2008,5.151440143585205
zaf,1987,4.753670215606689
zaf,1988,4.854239940643311
zaf,1989,4.441850185394287
zaf,1990,4.697679996490479
zaf,1991,5.259610176086426
zaf,1993,5.388899803161621
zaf,1994,5.29778003692627
zaf,1996,5.04734992980957
zaf,1999,5.291170120239258
zaf,2000,4.908820152282715
zaf,2001,4.63617992401123
zaf,2002,4.545690059661865
zaf,2003,4.352099895477295
zaf,2004,4.508979797363281
zaf,2005,4.524509906768799
zaf,2006,4.526529788970947
zaf,2007,4.446680068969727
zaf,2008,4.374249935150146
zaf,2009,4.761189937591553
zaf,2010,5.134960174560547
zaf,2011,5.288990020751953
zaf,2012,5.523220062255859
zaf,2013,5.350709915161133
zaf,2014,5.489779949188232
zaf,2015,5.482850074768066
zaf,2016,5.444240093231201
zaf,2017,5.598680019378662
zaf,2018,5.644010066986084
zaf,2019,5.911590099334717
zaf,2020,6.170670032501221
zaf,2021,6.555170059204102
zaf,2022,6.155990123748779
zaf,2023,6.123479843139648
zaf,2024,6.021100044250488
zmb,1970,4.387810230255127
zmb,1971,6.095349788665771
zmb,1972,5.945789813995361
zmb,1973,5.488070011138916
zmb,1974,4.878009796142578
zmb,1975,6.238540172576904
zmb,1976,6.026939868927002
zmb,1977,5.69251012802124
zmb,1978,4.740749835968018
zmb,1979,4.154940128326416
zmb,1980,4.126709938049316
zmb,1981,4.000720024108887
zmb,1982,5.15487003326416
zmb,1983,5.388020038604736
zmb,1984,4.988560199737549
zmb,1985,4.145840167999268
zmb,1986,3.338989973068237
zmb,1987,2.662260055541992
zmb,1991,2.740570068359375
zmb,1992,2.091599941253662
zmb,1993,1.942080020904541
zmb,1994,1.793519973754883
zmb,1995,1.838529944419861
zmb,1998,2.118230104446411
zmb,1999,1.77495002746582
zmb,2000,1.788190007209778
zmb,2004,2.463429927825928
zmb,2005,1.735530018806458
zmb,2007,1.240759968757629
zmb,2008,1.099720001220703
zmb,2010,3.416004453937385
zmb,2011,3.357722720469709
zmb,2012,3.695002428429031
zmb,2013,3.718207108920182
zmb,2014,5.152257068116107
zmb,2015,4.624330043792725
zmb,2016,3.747920036315918
zmb,2017,3.729640007019043
zmb,2018,4.739739894866943
zmb,2019,4.418240184479902
zmb,2020,3.943741005617121
zmb,2021,3.113634653077528
zmb,2022,3.658840920239829
zmb,2023,4.073749330491568
zwe,2010,1.544055745758274
zwe,2012,6.070213914058341
zwe,2013,5.995981356679738
zwe,2014,6.13835396313315
zwe,2023,0.3847712972119189
