country,year,ictskillsetupeff_rur_m
BGD,2021,6.559229850769043
BIH,2021,7.468790054321289
ESP,2020,64.84501647949219
IRN,2021,0.0948100015521049
KAZ,2019,7.394350051879883
KAZ,2020,9.371009826660156
KAZ,2021,12.38716983795166
KOR,2021,40.19903182983398
MLT,2020,59.46942138671875
RUS,2021,7.214459896087646
ZWE,2020,3.432909965515137
