country,year,gar_5t8_q3_m
arm,2018,0.26
bfa,2019,0.86
bol,2019,42.28
bra,2008,5.899999999999999
bra,2009,5.98
bra,2011,7.26
bra,2012,7.66
bra,2013,8.84
bra,2014,10.38
chl,2011,41.83
chl,2013,37.12
chl,2015,37.61
chn,2010,12.27
chn,2012,25.62
chn,2016,27.9
civ,2019,2.520570039749146
moz,2015,0.0
nam,2015,2.23
pry,2019,1.91
rus,2019,31.51
uga,2019,1.84
yem,2013,18.75
