country,year,rofst_mod_2_gpia
abw,2000,1.035714268684387
abw,2001,0.8666666150093079
abw,2002,0.7777777314186096
abw,2003,0.7272727489471436
abw,2004,0.6190476417541504
abw,2005,0.5217391848564148
abw,2006,0.4166666567325592
abw,2007,0.3461538553237915
abw,2008,0.3199999928474426
abw,2009,0.3333333432674408
abw,2010,0.3529411852359772
abw,2011,0.3571428656578064
abw,2012,0.3333333134651184
abw,2013,0.300000011920929
abw,2014,0.222222238779068
abw,2015,0.2857142984867096
abw,2016,0.2857142984867096
abw,2017,0.3333333134651184
abw,2018,0.4000000059604645
abw,2019,0.2000000029802322
abw,2020,0.25
abw,2021,0.25
abw,2022,0.25
abw,2023,0.25
abw,2024,0.3333333134651184
abw,2025,0.3333333134651184
afg,2000,1.371257543563843
afg,2001,1.375757575035095
afg,2002,1.376524329185486
afg,2003,1.374807953834534
afg,2004,1.383307576179504
afg,2005,1.401883840560913
afg,2006,1.421221852302551
afg,2007,1.451400399208069
afg,2008,1.473244190216064
afg,2009,1.4747474193573
afg,2010,1.460132956504822
afg,2011,1.442622900009155
afg,2012,1.435980558395386
afg,2013,1.440322518348694
afg,2014,1.455128192901611
afg,2015,1.467084646224976
afg,2016,1.463525891304016
afg,2017,1.45949923992157
afg,2018,1.461095094680786
afg,2019,1.471086025238037
afg,2020,1.476454257965088
afg,2021,1.468200325965881
afg,2022,1.493000030517578
afg,2023,1.493000030517578
afg,2024,1.49399995803833
afg,2025,1.49399995803833
ago,2000,1.151001572608948
ago,2001,1.163009405136108
ago,2002,1.168521523475647
ago,2003,1.172919988632202
ago,2004,1.180701732635498
ago,2005,1.196392893791199
ago,2006,1.245192289352417
ago,2007,1.177514791488647
ago,2008,1.2444988489151
ago,2009,1.353115797042847
ago,2010,1.471947193145752
ago,2011,1.518900394439697
ago,2012,1.508771896362305
ago,2013,1.494545459747314
ago,2014,1.494464993476868
ago,2015,1.489436626434326
ago,2016,1.446202516555786
ago,2017,1.380403518676758
ago,2018,1.32065212726593
ago,2019,1.275132298469543
ago,2020,1.244845390319824
ago,2021,1.231958746910095
ago,2022,1.217741966247559
ago,2023,1.200573086738586
ago,2024,1.16867470741272
ago,2025,1.129518151283264
aia,2000,0.824999988079071
aia,2001,0.6666666865348816
aia,2002,0.5116279125213623
aia,2003,0.3809524178504944
aia,2004,0.292682945728302
aia,2005,0.2249999940395355
aia,2006,0.2857142984867096
aia,2007,0.392857164144516
aia,2008,0.6000000238418579
aia,2009,0.8666666150093079
aia,2010,0.9285714030265808
aia,2011,0.9333333373069764
aia,2012,1.0
aia,2013,1.176470637321472
aia,2014,1.368421077728271
aia,2015,1.52173912525177
aia,2016,1.571428537368774
aia,2017,1.657894730567932
aia,2018,1.673076868057251
aia,2019,1.58208954334259
aia,2020,1.435897469520569
aia,2021,1.227848172187805
aia,2022,0.9729729294776917
aia,2023,0.8157894611358643
aia,2024,0.782608687877655
aia,2025,0.8333333134651184
alb,2000,1.196078419685364
alb,2001,1.219512224197388
alb,2002,1.230769276618958
alb,2003,1.263157844543457
alb,2004,1.365384578704834
alb,2005,1.41304349899292
alb,2006,1.439024448394775
alb,2007,1.514285683631897
alb,2008,1.555555582046509
alb,2009,1.549999952316284
alb,2010,1.588235259056091
alb,2011,1.59375
alb,2012,1.548387050628662
alb,2013,1.571428537368774
alb,2014,1.56521737575531
alb,2015,1.571428656578064
alb,2016,1.571428537368774
alb,2017,1.573770523071289
alb,2018,1.555555582046509
alb,2019,1.615384578704834
alb,2020,1.79411768913269
alb,2021,1.967741966247559
alb,2024,1.975903630256653
alb,2025,1.936507940292358
and,2000,0.9447236061096193
and,2001,0.9509202837944032
and,2002,0.9846153855323792
and,2003,1.034188032150269
and,2004,1.052173972129822
and,2005,1.047999978065491
and,2006,0.9448819160461426
and,2007,0.9051094651222228
and,2008,0.9735099077224731
and,2009,0.964028775691986
and,2010,0.8920863270759583
and,2011,0.953125
and,2012,1.103448390960693
and,2013,1.08730161190033
and,2014,1.191176533699036
and,2015,1.198473334312439
and,2016,1.060869574546814
and,2017,1.102040767669678
and,2018,1.0
and,2019,0.9512195587158204
and,2020,0.940298557281494
and,2021,0.7681159377098083
and,2022,0.8333333134651184
and,2023,0.9807692766189576
and,2024,1.0
and,2025,1.131147503852844
are,2000,0.1528662443161011
are,2001,0.1007194221019745
are,2002,0.0973451361060143
are,2003,0.3599999845027924
are,2004,0.529411792755127
are,2005,0.6381579041481018
are,2006,0.7206704020500183
are,2007,0.8118811249732971
are,2008,0.8864628672599792
are,2009,0.9407114386558532
are,2010,0.9746376276016236
are,2011,1.00343644618988
are,2012,1.037542581558228
are,2013,1.050909042358398
are,2014,1.049792528152466
are,2015,1.040403962135315
are,2016,1.02515721321106
are,2017,1.031496047973633
are,2018,1.030927896499634
are,2019,1.028985500335693
are,2020,1.023255944252014
are,2021,1.039999961853027
are,2022,1.0
are,2023,1.0
are,2024,0.8333333134651184
are,2025,1.0
arg,2000,0.4199999868869781
arg,2001,0.4117646813392639
arg,2002,0.3846153914928436
arg,2003,0.3529411852359772
arg,2004,0.2857142686843872
arg,2005,0.2666666805744171
arg,2006,0.261904776096344
arg,2007,0.292682945728302
arg,2008,0.3499999940395355
arg,2009,0.3611111044883728
arg,2010,0.3529411852359772
arg,2011,0.3448275625705719
arg,2012,0.2916666567325592
arg,2013,0.25
arg,2014,0.1764705926179886
arg,2015,0.1875
arg,2016,0.1875
arg,2017,0.1875
arg,2018,0.2000000029802322
arg,2019,0.2000000029802322
arg,2020,0.2000000029802322
arg,2021,0.2307692468166351
arg,2022,0.2307692468166351
arg,2023,0.25
arg,2024,0.1818181872367859
arg,2025,0.222222238779068
arm,2000,0.7538461685180664
arm,2001,0.7605634331703186
arm,2002,0.7831324934959412
arm,2003,0.8409090638160706
arm,2004,0.8863636255264282
arm,2005,0.9318181276321412
arm,2006,1.0
arm,2007,1.08695650100708
arm,2008,1.175438642501831
arm,2009,1.213114738464355
arm,2010,1.222222208976746
arm,2011,1.233644843101501
arm,2012,1.24369740486145
arm,2013,1.247933864593506
arm,2014,1.25
arm,2015,1.272727251052856
arm,2016,1.33766233921051
arm,2017,1.426666617393494
arm,2018,1.462499976158142
arm,2019,1.448275804519653
arm,2020,1.411111116409302
arm,2021,1.363636374473572
arm,2022,1.337349414825439
arm,2023,1.311688303947449
arm,2024,1.299999952316284
arm,2025,1.322580695152283
atg,2000,0.6530612111091614
atg,2001,0.6666666269302368
atg,2002,0.7111111283302307
atg,2003,0.7441860437393188
atg,2004,0.7804878354072571
atg,2005,0.837837815284729
atg,2006,0.9655172228813172
atg,2007,1.269230723381042
atg,2008,1.43478262424469
atg,2009,1.5
atg,2010,1.555555582046509
atg,2011,1.600000023841858
atg,2012,1.545454502105713
atg,2013,1.399999976158142
atg,2014,1.038461446762085
atg,2015,0.6388888955116272
atg,2016,0.4285714328289032
atg,2017,0.3783783614635468
atg,2018,0.4642857015132904
atg,2019,0.5652173757553101
atg,2020,0.6666666865348816
atg,2021,0.6666666865348816
atg,2022,0.692307710647583
atg,2023,0.6666666269302368
atg,2024,0.6363636255264282
atg,2025,0.6666666865348816
aus,2000,0.975000023841858
aus,2001,0.9473683834075928
aus,2002,0.9428571462631226
aus,2003,0.9354839324951172
aus,2004,0.8965516686439514
aus,2005,0.8518518209457397
aus,2006,0.8333333134651184
aus,2007,0.80952388048172
aus,2008,0.7777777910232544
aus,2009,0.6875
aus,2010,0.692307710647583
aus,2011,0.6363636255264282
aus,2012,0.6000000238418579
aus,2013,0.444444477558136
aus,2014,0.5
aus,2015,0.4285714626312256
aus,2016,0.2857142984867096
aus,2017,0.3333333134651184
aus,2018,0.3333333134651184
aus,2019,0.2000000029802322
aus,2020,0.2000000029802322
aus,2021,0.2000000029802322
aus,2022,0.25
aus,2023,0.25
aus,2024,0.25
aus,2025,0.3333333134651184
aut,2000,1.199999928474426
aut,2001,1.142857074737549
aut,2002,1.153846144676208
aut,2003,1.142857074737549
aut,2004,1.142857074737549
aut,2005,1.142857074737549
aut,2006,1.142857074737549
aut,2007,1.142857074737549
aut,2008,1.076923012733459
aut,2009,1.083333373069763
aut,2010,0.9166666269302368
aut,2011,0.9166666269302368
aut,2012,0.8461539149284363
aut,2013,0.8461539149284363
aut,2014,0.8461539149284363
aut,2015,0.9166666269302368
aut,2016,1.0
aut,2017,1.0
aut,2018,1.0
aut,2019,1.0
aut,2020,1.0
aut,2021,1.083333373069763
aut,2022,1.0
aut,2023,1.090909123420715
aut,2024,1.090909123420715
aut,2025,1.0
aze,2000,1.333333373069763
aze,2001,1.333333373069763
aze,2002,1.309999942779541
aze,2003,1.287128806114197
aze,2004,1.254902005195618
aze,2005,1.235294103622437
aze,2006,1.227722764015198
aze,2007,1.226804137229919
aze,2008,1.225806474685669
aze,2009,1.2173912525177
aze,2010,1.204301118850708
aze,2011,1.168421030044556
aze,2012,1.1546391248703
aze,2013,1.1546391248703
aze,2014,1.16304349899292
aze,2015,1.193181872367859
aze,2016,1.218390822410583
aze,2017,1.204545497894287
aze,2018,1.170454502105713
aze,2019,1.146067380905151
aze,2020,1.129032254219055
aze,2021,1.092783451080322
aze,2022,1.085714221000671
aze,2023,1.070796489715576
aze,2024,1.059321999549866
aze,2025,1.051282048225403
bdi,2000,1.107142806053162
bdi,2001,1.116368293762207
bdi,2002,1.127175331115723
bdi,2003,1.140646934509277
bdi,2004,1.155325412750244
bdi,2005,1.168486714363098
bdi,2006,1.178333401679993
bdi,2007,1.182149410247803
bdi,2008,1.174180388450623
bdi,2009,1.162352919578552
bdi,2010,1.125683069229126
bdi,2011,1.060975551605225
bdi,2012,0.9901960492134094
bdi,2013,0.9166666865348816
bdi,2014,0.8599348068237305
bdi,2015,0.8338369131088257
bdi,2016,0.8383561968803406
bdi,2017,0.8455056548118591
bdi,2018,0.8677685856819153
bdi,2019,0.8787062168121338
bdi,2020,0.8977272510528564
bdi,2021,0.8770301938056946
bdi,2022,0.8876889944076538
bdi,2023,0.8991596698760986
bdi,2024,0.9102563858032228
bdi,2025,0.924778699874878
bel,2000,1.0
bel,2001,1.0
bel,2002,1.25
bel,2003,1.0
bel,2004,1.0
bel,2005,1.0
bel,2006,0.8333333134651184
bel,2007,1.0
bel,2008,0.8571429252624512
bel,2009,0.875
bel,2010,0.888888955116272
bel,2011,0.8999999761581421
bel,2012,1.0
bel,2013,1.0
bel,2014,1.0
bel,2015,1.066666722297668
bel,2016,1.0625
bel,2017,1.0
bel,2018,1.0625
bel,2019,1.0
bel,2020,1.0
bel,2021,1.0
bel,2022,1.0
bel,2023,1.076923012733459
bel,2024,1.0
bel,2025,1.0
ben,2000,1.376936316490173
ben,2001,1.378006815910339
ben,2002,1.382608652114868
ben,2003,1.379928350448608
ben,2004,1.368224263191223
ben,2005,1.37051796913147
ben,2006,1.376086950302124
ben,2007,1.384798049926758
ben,2008,1.402531623840332
ben,2009,1.41282057762146
ben,2010,1.408521294593811
ben,2011,1.39853298664093
ben,2012,1.372839570045471
ben,2013,1.33766233921051
ben,2014,1.307901978492737
ben,2015,1.279329657554626
ben,2016,1.254098296165466
ben,2017,1.231958746910095
ben,2018,1.214111924171448
ben,2019,1.200923800468445
ben,2020,1.184035420417786
ben,2021,1.168122291564941
ben,2022,1.15720522403717
ben,2023,1.148558735847473
ben,2024,1.150684952735901
ben,2025,1.163507103919983
bfa,2000,1.050239205360413
bfa,2001,1.059250235557556
bfa,2002,1.067155122756958
bfa,2003,1.072929501533508
bfa,2004,1.073842287063599
bfa,2005,1.07731306552887
bfa,2006,1.081081032752991
bfa,2007,1.085078477859497
bfa,2008,1.08433723449707
bfa,2009,1.082530975341797
bfa,2010,1.09162712097168
bfa,2011,1.087394952774048
bfa,2012,1.080145716667175
bfa,2013,1.059405922889709
bfa,2014,1.033970236778259
bfa,2015,1.011210799217224
bfa,2016,0.9886877536773682
bfa,2017,0.9688888788223268
bfa,2018,0.9477123618125916
bfa,2019,0.9256899952888488
bfa,2020,0.9051546454429626
bfa,2021,0.8913480639457703
bfa,2022,0.8808593153953552
bfa,2023,0.8698112964630127
bfa,2024,0.8666666150093079
bfa,2025,0.8687391877174377
bgd,2000,0.7699114680290222
bgd,2001,0.7392549514770508
bgd,2002,0.7295774817466736
bgd,2003,0.7325904965400696
bgd,2004,0.7393767833709717
bgd,2005,0.742603600025177
bgd,2006,0.727554202079773
bgd,2007,0.699680507183075
bgd,2008,0.6794871687889099
bgd,2009,0.6603773832321167
bgd,2010,0.6552795171737671
bgd,2011,0.6468750238418579
bgd,2012,0.639072835445404
bgd,2013,0.6227757930755615
bgd,2014,0.6075471639633179
bgd,2015,0.6136363744735718
bgd,2016,0.6479400396347046
bgd,2017,0.6813187003135681
bgd,2018,0.6727940440177917
bgd,2019,0.6349810361862183
bgd,2020,0.5384615063667297
bgd,2021,0.4394619166851044
bgd,2022,0.3366834223270416
bgd,2023,0.277456670999527
bgd,2024,0.2434210628271103
bgd,2025,0.2335766553878784
bgr,2000,1.303030252456665
bgr,2001,1.34375
bgr,2002,1.3125
bgr,2003,1.3125
bgr,2004,1.28125
bgr,2005,1.333333253860474
bgr,2006,1.333333253860474
bgr,2007,1.352941155433655
bgr,2008,1.371428608894348
bgr,2009,1.361111164093018
bgr,2010,1.388888835906982
bgr,2011,1.411764740943909
bgr,2012,1.4375
bgr,2013,1.482758641242981
bgr,2014,1.5
bgr,2015,1.454545497894287
bgr,2016,1.382352948188782
bgr,2017,1.285714268684387
bgr,2018,1.184210538864136
bgr,2019,1.121951222419739
bgr,2020,1.069767475128174
bgr,2021,1.083333373069763
bgr,2022,1.125
bgr,2023,1.171875
bgr,2024,1.183098554611206
bgr,2025,1.197368383407593
bhr,2000,0.4903475046157837
bhr,2001,0.5
bhr,2002,0.5169081687927246
bhr,2003,0.5664740204811096
bhr,2004,0.6363636255264282
bhr,2005,0.6967213153839111
bhr,2006,0.7264150381088257
bhr,2007,0.7582417130470276
bhr,2008,0.8148147463798523
bhr,2009,0.8611111044883728
bhr,2010,0.8870968222618103
bhr,2011,0.826923131942749
bhr,2012,0.7441860437393188
bhr,2013,0.7142857313156128
bhr,2014,0.7333333492279053
bhr,2015,0.7307692766189575
bhr,2016,0.6521739363670349
bhr,2017,0.4736841917037964
bhr,2018,0.3333333432674408
bhr,2019,0.25
bhr,2020,0.300000011920929
bhr,2021,0.375
bhr,2022,0.4285714626312256
bhr,2023,0.375
bhr,2024,0.444444477558136
bhr,2025,0.4166666567325592
bhs,2000,0.6857143044471741
bhs,2001,0.753333330154419
bhs,2002,0.8046875
bhs,2003,0.818965494632721
bhs,2004,0.8181818127632141
bhs,2005,0.8235293626785278
bhs,2006,0.8333333134651184
bhs,2007,0.8374999761581421
bhs,2008,0.824999988079071
bhs,2009,0.8111111521720886
bhs,2010,0.7727272510528564
bhs,2011,0.7419354915618896
bhs,2012,0.7459017038345337
bhs,2013,0.7641509771347046
bhs,2014,0.7800000309944153
bhs,2015,0.7652174234390259
bhs,2016,0.7464789152145386
bhs,2017,0.7735849618911743
bhs,2018,0.8143712282180786
bhs,2019,0.8295454382896423
bhs,2020,0.7958114743232727
bhs,2021,0.7661691308021545
bhs,2022,0.7438424229621887
bhs,2023,0.7464115023612976
bhs,2024,0.7589285969734192
bhs,2025,0.7909836173057556
bih,2000,1.638888835906982
bih,2001,1.64102566242218
bih,2002,1.639999985694885
bih,2003,1.700787425041199
bih,2004,1.823529362678528
bih,2008,1.483333349227905
bih,2009,1.068493127822876
bih,2010,1.159999966621399
bih,2011,0.9659090638160706
bih,2012,0.9038461446762084
bih,2013,0.8936170339584351
bih,2014,0.8658536672592163
bih,2015,0.8735632300376892
bih,2016,0.9157894253730774
bih,2017,0.9038461446762084
bih,2018,0.8834951519966125
bih,2019,0.9120879173278807
bih,2020,0.9135802388191224
bih,2021,0.9722222685813904
bih,2022,1.0
bih,2023,1.021276593208313
bih,2024,0.9473683834075928
bih,2025,0.8285714387893677
blr,2000,0.0
blr,2001,0.0
blr,2002,0.0
blr,2003,0.0
blr,2004,0.0
blr,2005,0.0
blr,2006,0.0
blr,2007,0.0
blr,2008,0.0
blr,2009,0.0
blr,2010,0.0
blr,2011,0.2000000029802322
blr,2012,0.2000000029802322
blr,2013,0.4000000059604645
blr,2014,0.4000000059604645
blr,2015,0.4000000059604645
blr,2016,0.3333333134651184
blr,2017,0.4285714626312256
blr,2018,0.375
blr,2019,0.5
blr,2020,0.5384615659713745
blr,2021,0.6875
blr,2022,0.7727272510528564
blr,2023,0.8214285969734192
blr,2024,0.882352888584137
blr,2025,0.923076868057251
blz,2000,1.204225301742554
blz,2001,1.192307710647583
blz,2002,1.169491529464722
blz,2003,1.159292101860046
blz,2004,1.142857074737549
blz,2005,1.09649121761322
blz,2006,1.04273509979248
blz,2007,1.01694917678833
blz,2008,1.008620738983154
blz,2009,0.991304337978363
blz,2010,1.0
blz,2011,1.050420165061951
blz,2012,1.084745764732361
blz,2013,1.079646110534668
blz,2014,1.046296238899231
blz,2015,0.9907407164573668
blz,2016,0.9553571343421936
blz,2017,0.971962571144104
blz,2018,0.9795918464660645
blz,2019,0.9890109300613404
blz,2020,1.022727251052856
blz,2021,1.048192739486694
blz,2022,1.080000042915344
blz,2023,1.079365134239197
blz,2024,1.053571343421936
blz,2025,0.950819730758667
bmu,2000,0.0
bmu,2001,0.0
bmu,2002,0.0
bmu,2003,0.0
bmu,2004,0.0
bmu,2005,0.0
bmu,2006,0.0
bmu,2007,0.0
bmu,2008,0.0
bmu,2009,0.0
bmu,2010,0.0534351132810116
bmu,2011,0.2480620294809341
bmu,2012,0.5491803288459778
bmu,2013,0.8217054605484009
bmu,2014,0.937062919139862
bmu,2015,0.9513888955116272
bmu,2016,0.9055117964744568
bmu,2017,0.839285671710968
bmu,2018,0.7961164712905884
bmu,2019,0.7857142686843872
bmu,2020,0.7934783101081848
bmu,2021,0.7906976342201233
bmu,2022,0.7710843086242676
bmu,2023,0.7599999904632568
bmu,2024,0.7536231279373169
bmu,2025,0.75
bol,2000,1.440860271453857
bol,2001,1.433735013008118
bol,2002,1.415584444999695
bol,2003,1.383561611175537
bol,2004,1.324324369430542
bol,2005,1.243243217468262
bol,2006,1.194444417953491
bol,2007,1.164179086685181
bol,2008,1.147541046142578
bol,2009,1.135593295097351
bol,2010,1.122807025909424
bol,2011,1.113207578659058
bol,2012,1.117647051811218
bol,2013,1.105263113975525
bol,2014,1.067567586898804
bol,2015,1.03157901763916
bol,2016,1.0
bol,2017,0.9841269254684448
bol,2018,0.9922481179237366
bol,2019,1.023622035980225
bol,2020,1.042372822761536
bol,2021,1.0
bol,2022,0.9090908765792848
bol,2023,0.8243243098258972
bol,2024,0.7538461685180664
bol,2025,0.6935484409332275
bra,2000,0.8500000238418579
bra,2001,0.8108108043670654
bra,2002,0.7500000596046448
bra,2003,0.7142857313156128
bra,2004,0.7272727489471436
bra,2005,0.7666666507720947
bra,2006,0.807692289352417
bra,2007,0.8333333134651184
bra,2008,0.8260869383811951
bra,2009,0.8333333134651184
bra,2010,0.807692289352417
bra,2011,0.807692289352417
bra,2012,0.8461539149284363
bra,2013,0.9166666269302368
bra,2014,0.949999988079071
bra,2015,0.9411764740943908
bra,2016,0.9285714030265808
bra,2017,0.9090908765792848
bra,2018,0.8999999761581421
bra,2019,0.888888955116272
bra,2020,0.875
bra,2021,0.7142857313156128
bra,2022,0.6666666269302368
bra,2023,0.6000000238418579
bra,2024,0.6666666269302368
bra,2025,0.6666666269302368
brb,2000,1.272727251052856
brb,2001,1.333333373069763
brb,2002,1.384615302085876
brb,2003,1.428571462631226
brb,2004,1.529411792755127
brb,2005,1.523809552192688
brb,2006,1.481481552124023
brb,2007,1.411764740943909
brb,2008,1.324324369430542
brb,2009,1.264705896377563
brb,2010,1.160000085830688
brb,2011,1.0
brb,2012,0.9285714030265808
brb,2013,1.0
brb,2014,1.222222208976746
brb,2015,1.333333253860474
brb,2016,1.399999976158142
brb,2017,1.307692289352417
brb,2018,1.105263113975525
brb,2019,0.8611111044883728
brb,2020,0.7666666507720947
brb,2021,0.7631579041481018
brb,2022,0.8765431642532349
brb,2023,1.0
brb,2024,0.967391312122345
brb,2025,0.8947368264198303
brn,2000,0.3333333134651184
brn,2001,0.3333333134651184
brn,2002,0.4000000059604645
brn,2003,0.4000000059604645
brn,2004,0.5
brn,2005,0.3333333134651184
brn,2006,0.5
brn,2007,0.5
brn,2008,0.5
brn,2009,0.3333333134651184
brn,2010,0.0
brn,2011,0.25
brn,2012,0.25
brn,2013,0.25
brn,2014,0.25
brn,2015,0.4000000059604645
brn,2016,0.3333333134651184
brn,2017,0.3333333134651184
brn,2018,0.3333333134651184
brn,2019,0.2000000029802322
brn,2020,0.25
brn,2021,0.3333333134651184
brn,2022,0.0
brn,2023,0.0
brn,2024,0.0
brn,2025,0.0
btn,2000,1.058943152427673
btn,2001,1.047210216522217
btn,2002,1.02961277961731
btn,2003,1.007263898849487
btn,2004,0.9747474789619446
btn,2005,0.9342105388641356
btn,2006,0.8739725947380066
btn,2007,0.7959770560264587
btn,2008,0.7078313231468201
btn,2009,0.6190476417541504
btn,2010,0.5460751056671143
btn,2011,0.4794007539749146
btn,2012,0.4149377644062042
btn,2013,0.3636363744735718
btn,2014,0.343137264251709
btn,2015,0.3451776504516602
btn,2016,0.3386243581771851
btn,2017,0.3297872245311737
btn,2018,0.3179486989974976
btn,2019,0.3284313678741455
btn,2020,0.3472222089767456
btn,2021,0.3652968108654022
btn,2022,0.3644860088825226
btn,2023,0.3482587039470673
btn,2024,0.3081080913543701
btn,2025,0.2696629464626312
bwa,2000,0.6454545259475708
bwa,2001,0.6190476417541504
bwa,2002,0.636363685131073
bwa,2003,0.6630434989929199
bwa,2004,0.6904762387275696
bwa,2005,0.701298713684082
bwa,2006,0.7058823704719543
bwa,2007,0.6984127163887024
bwa,2008,0.7096774578094482
bwa,2009,0.714285671710968
bwa,2010,0.7419354915618896
bwa,2011,0.7666666507720947
bwa,2012,0.7878787517547607
bwa,2013,0.792682945728302
bwa,2014,0.8181818723678589
bwa,2015,0.8290598392486572
bwa,2016,0.8409091234207153
bwa,2017,0.8345324397087097
bwa,2018,0.8248175382614136
bwa,2019,0.7999999523162842
bwa,2020,0.787401556968689
bwa,2021,0.7862595319747925
bwa,2022,0.8222222328186035
bwa,2023,0.8333333730697632
bwa,2024,0.8347107768058777
bwa,2025,0.8190476298332214
caf,2000,1.107329845428467
caf,2001,1.118577122688293
caf,2002,1.125994682312012
caf,2003,1.133155822753906
caf,2004,1.145333409309387
caf,2005,1.167112350463867
caf,2006,1.196500658988953
caf,2007,1.222373843193054
caf,2008,1.242718458175659
caf,2009,1.252840995788574
caf,2010,1.261313915252686
caf,2011,1.267964124679565
caf,2012,1.275384664535522
caf,2013,1.284810066223145
caf,2014,1.285714268684387
caf,2015,1.277683138847351
caf,2016,1.263716816902161
caf,2017,1.240875959396362
caf,2018,1.216014981269836
caf,2019,1.185606002807617
caf,2020,1.156899809837341
caf,2021,1.121042847633362
caf,2022,1.087591171264648
caf,2023,1.062836647033691
caf,2024,1.044642806053162
caf,2025,1.025179862976074
can,2000,0.7916666269302368
can,2001,0.8260869383811951
can,2002,0.782608687877655
can,2003,0.80952388048172
can,2004,0.8571429252624512
can,2005,0.8461539149284363
can,2006,0.8333333134651184
can,2007,0.8181817531585693
can,2008,0.800000011920929
can,2009,0.7777777910232544
can,2010,0.75
can,2011,0.8333333134651184
can,2012,0.888888955116272
can,2013,0.8571429252624512
can,2014,1.0
can,2015,1.0
can,2016,1.0
can,2017,1.125
can,2018,1.111111044883728
can,2019,1.200000047683716
can,2020,1.299999952316284
can,2021,1.363636374473572
can,2022,1.461538434028625
can,2023,1.5
can,2024,1.5
can,2025,1.448275923728943
che,2000,1.25806450843811
che,2001,1.290322542190552
che,2002,1.275862097740173
che,2003,1.259259223937988
che,2004,1.240000009536743
che,2005,1.2173912525177
che,2006,1.227272748947144
che,2007,1.190476179122925
che,2008,1.190476179122925
che,2009,1.200000047683716
che,2010,1.210526347160339
che,2011,1.166666626930237
che,2012,1.222222208976746
che,2013,1.222222208976746
che,2014,1.222222208976746
che,2015,1.235294222831726
che,2016,1.235294222831726
che,2017,1.1875
che,2018,1.1875
che,2019,1.25
che,2020,1.266666650772095
che,2021,1.307692289352417
che,2022,1.272727251052856
che,2023,1.299999952316284
che,2024,1.25
che,2025,1.285714268684387
chl,2000,1.241379261016846
chl,2001,1.17391300201416
chl,2002,1.052631616592407
chl,2003,0.8999999761581421
chl,2004,0.8181817531585693
chl,2005,0.8260869383811951
chl,2006,0.8749999403953552
chl,2007,0.9199999570846558
chl,2008,1.0
chl,2009,1.071428537368774
chl,2010,1.133333325386047
chl,2011,1.129032254219055
chl,2012,1.166666626930237
chl,2013,1.240000009536743
chl,2014,1.263157844543457
chl,2015,1.222222208976746
chl,2016,1.176470637321472
chl,2017,1.176470637321472
chl,2018,1.235294222831726
chl,2019,1.266666650772095
chl,2020,1.25
chl,2021,1.299999952316284
chl,2022,1.375
chl,2023,1.428571462631226
chl,2024,1.399999976158142
chl,2025,1.399999976158142
chn,2000,1.156521797180176
chn,2001,1.133333325386047
chn,2002,1.069444417953491
chn,2003,1.0
chn,2004,0.9682539105415344
chn,2005,0.9305555820465088
chn,2006,0.8941176533699036
chn,2007,0.8163264989852905
chn,2008,0.7450980544090271
chn,2009,0.6730769276618958
chn,2010,0.6153846383094788
chn,2011,0.5957446694374084
chn,2012,0.5866667032241821
chn,2013,0.5517241358757019
chn,2014,0.4800000190734863
chn,2015,0.4347826242446899
chn,2016,0.4318181574344635
chn,2017,0.4444444477558136
chn,2018,0.5199999809265137
chn,2019,0.6206896305084229
chn,2020,0.6911764144897461
chn,2021,0.7432432174682617
chn,2022,0.7402597069740295
chn,2023,0.7272727489471436
chn,2024,0.7307692170143127
chn,2025,0.7272727489471436
civ,2000,1.141990303993225
civ,2001,1.144638419151306
civ,2002,1.153350591659546
civ,2003,1.166219830513
civ,2004,1.181818127632141
civ,2005,1.196792960166931
civ,2006,1.204511284828186
civ,2007,1.203987717628479
civ,2008,1.203416228294373
civ,2009,1.206624627113342
civ,2010,1.208267092704773
civ,2011,1.208667755126953
civ,2012,1.204620480537415
civ,2013,1.188356161117554
civ,2014,1.179533243179321
civ,2015,1.177693843841553
civ,2016,1.167330741882324
civ,2017,1.148620009422302
civ,2018,1.123287677764893
civ,2019,1.103194117546082
civ,2020,1.077720165252686
civ,2021,1.055409073829651
civ,2022,1.042440414428711
civ,2023,1.005464434623718
civ,2024,0.9697801470756532
civ,2025,0.939226508140564
cmr,2000,1.082788705825806
cmr,2001,1.0677570104599
cmr,2002,1.060453414916992
cmr,2003,1.080862522125244
cmr,2004,1.106017231941223
cmr,2005,1.12990939617157
cmr,2006,1.168750047683716
cmr,2007,1.190322518348694
cmr,2008,1.21895432472229
cmr,2009,1.242622971534729
cmr,2010,1.256578922271729
cmr,2011,1.277777791023254
cmr,2012,1.299035429954529
cmr,2013,1.314285755157471
cmr,2014,1.315624952316284
cmr,2015,1.295384645462036
cmr,2016,1.240853667259216
cmr,2017,1.190615773200989
cmr,2018,1.146408915519714
cmr,2019,1.110256433486938
cmr,2020,1.09929084777832
cmr,2021,1.103752732276917
cmr,2022,1.112734913825989
cmr,2023,1.130260467529297
cmr,2024,1.132264614105225
cmr,2025,1.114406824111938
cod,2000,1.472102999687195
cod,2001,1.465168595314026
cod,2002,1.45563542842865
cod,2003,1.441558480262756
cod,2004,1.435393214225769
cod,2005,1.423880577087402
cod,2006,1.413680791854858
cod,2007,1.40217387676239
cod,2008,1.391129016876221
cod,2009,1.327272772789001
cod,2010,1.258536577224731
cod,2011,1.211822628974915
cod,2012,1.182692289352417
cod,2013,1.193236708641052
cod,2014,1.205263137817383
cod,2015,1.147058844566345
cod,2016,1.080745339393616
cod,2017,1.093167662620544
cod,2018,1.118012428283691
cod,2019,1.096774220466614
cod,2020,1.0071941614151
cod,2021,0.9844961166381836
cod,2022,1.016666650772095
cod,2023,1.053571343421936
cod,2024,1.085714221000671
cod,2025,1.132653117179871
cog,2000,0.6235679388046265
cog,2001,0.5962837338447571
cog,2002,0.5734265446662903
cog,2003,0.5501792430877686
cog,2004,0.529197096824646
cog,2005,0.5193370580673218
cog,2006,0.5332103371620178
cog,2007,0.5921052694320679
cog,2008,0.6855468153953552
cog,2009,0.7920997738838196
cog,2010,0.8973214626312256
cog,2011,0.9527186751365662
cog,2012,0.9670886397361756
cog,2013,0.9560438990592957
cog,2014,0.9359756708145142
cog,2015,0.9178081750869752
cog,2016,0.9040590524673462
cog,2017,0.8901098966598511
cog,2018,0.8839590549468994
cog,2019,0.8734567165374756
cog,2020,0.8668555617332458
cog,2021,0.8807587623596191
cog,2022,0.919137477874756
cog,2023,0.980555534362793
cog,2024,1.063360810279846
cog,2025,1.126373648643494
cok,2000,0.5428571105003357
cok,2001,0.5
cok,2002,0.4485981464385986
cok,2003,0.3854166567325592
cok,2004,0.3333333432674408
cok,2005,0.3411764800548553
cok,2006,0.3974358737468719
cok,2007,0.5
cok,2008,0.6129032373428345
cok,2009,0.7592592239379883
cok,2010,0.8799999952316284
cok,2011,0.9795918464660645
cok,2012,1.058823466300964
cok,2013,1.115384578704834
cok,2014,1.13725483417511
cok,2015,1.071428537368774
cok,2016,0.84375
cok,2017,0.6071428656578064
cok,2018,0.4800000190734863
cok,2019,0.4347826242446899
cok,2020,0.4210526347160339
cok,2021,0.4666666686534882
cok,2022,0.5
cok,2023,0.5
cok,2024,0.444444477558136
cok,2025,0.375
col,2000,0.7916666865348816
col,2001,0.7421875
col,2002,0.7117117047309875
col,2003,0.701030969619751
col,2004,0.7222222089767456
col,2005,0.7325581312179565
col,2006,0.7469879388809204
col,2007,0.75
col,2008,0.7647058367729187
col,2009,0.79365074634552
col,2010,0.7903226017951965
col,2011,0.7833333015441895
col,2012,0.7592592239379883
col,2013,0.7906976342201233
col,2014,0.7941176295280457
col,2015,0.7878787517547607
col,2016,0.7777777910232544
col,2017,0.75
col,2018,0.738095223903656
col,2019,0.7209301590919495
col,2020,0.7272727489471436
col,2021,0.7555555701255798
col,2022,0.760869562625885
col,2023,0.760869562625885
col,2024,0.7391304969787598
col,2025,0.7021276950836182
com,2000,1.159090876579285
com,2001,1.158914685249329
com,2002,1.169884204864502
com,2003,1.159362554550171
com,2004,1.157258033752441
com,2005,1.170731782913208
com,2006,1.159836053848267
com,2007,1.146341443061829
com,2008,1.141176462173462
com,2009,1.131578922271729
com,2010,1.112318873405457
com,2011,1.078014254570007
com,2012,1.034965038299561
com,2013,0.975778579711914
com,2014,0.9295302629470824
com,2015,0.9036545157432556
com,2016,0.8989899158477783
com,2017,0.9065744280815125
com,2018,0.9255319237709044
com,2019,0.9448529481887816
com,2020,0.9660377502441406
com,2021,0.9924811720848083
com,2022,1.021052598953247
com,2023,1.044025182723999
com,2024,1.064245820045471
com,2025,1.074742197990417
cpv,2000,0.7777777910232544
cpv,2001,0.7894736528396606
cpv,2002,0.774834394454956
cpv,2003,0.7536231279373169
cpv,2004,0.7364341020584106
cpv,2005,0.7096774578094482
cpv,2006,0.6803278923034668
cpv,2007,0.6829267740249634
cpv,2008,0.6942148208618164
cpv,2009,0.6890756487846375
cpv,2010,0.6638655662536621
cpv,2011,0.6302521228790283
cpv,2012,0.5982906222343445
cpv,2013,0.5575221180915833
cpv,2014,0.5046729445457458
cpv,2015,0.465346485376358
cpv,2016,0.4329896867275238
cpv,2017,0.4374999701976776
cpv,2018,0.4479166567325592
cpv,2019,0.4639175236225128
cpv,2020,0.489583283662796
cpv,2021,0.4842105209827423
cpv,2022,0.4673913419246674
cpv,2023,0.4252873659133911
cpv,2024,0.4124999940395355
cpv,2025,0.3972602784633636
cri,2000,0.993006944656372
cri,2001,1.0
cri,2002,0.9918033480644226
cri,2003,0.9816513657569884
cri,2004,0.9795918464660645
cri,2005,0.9444444179534912
cri,2006,0.9166666865348816
cri,2007,0.8765431642532349
cri,2008,0.8500000238418579
cri,2009,0.8831169009208679
cri,2010,0.8658536672592163
cri,2011,0.8505747318267822
cri,2012,0.8241757750511169
cri,2013,0.8172042965888977
cri,2014,0.8222222328186035
cri,2015,0.8170731663703918
cri,2016,0.816901445388794
cri,2017,0.79365074634552
cri,2018,0.7758620381355286
cri,2019,0.7454545497894287
cri,2020,0.7500000596046448
cri,2021,0.7708333134651184
cri,2022,0.8372092247009277
cri,2023,0.8648648858070374
cri,2024,0.8484848737716675
cri,2025,0.8124999403953552
cub,2000,1.298245549201965
cub,2001,1.306122422218323
cub,2002,1.289473652839661
cub,2003,1.300000071525574
cub,2004,1.346153855323792
cub,2005,1.375
cub,2006,1.458333373069763
cub,2007,1.519999980926514
cub,2008,1.5
cub,2009,1.39393937587738
cub,2010,1.28205132484436
cub,2011,1.181818246841431
cub,2012,1.145833373069763
cub,2013,1.134615302085876
cub,2014,1.181818127632141
cub,2015,1.207547187805176
cub,2016,1.270833373069763
cub,2017,1.309523701667786
cub,2018,1.317073225975037
cub,2019,1.2826087474823
cub,2020,1.267857193946838
cub,2021,1.225806355476379
cub,2022,1.209677338600159
cub,2023,1.196428537368774
cub,2024,1.13725483417511
cub,2025,1.083333373069763
cuw,2000,0.8333333134651184
cuw,2001,0.8191489577293396
cuw,2002,0.8043478727340698
cuw,2003,0.8275861740112305
cuw,2004,0.8045977354049683
cuw,2005,0.8045977354049683
cuw,2006,0.7764706015586853
cuw,2007,0.7500000596046448
cuw,2008,0.7407407164573669
cuw,2009,0.7532467842102051
cuw,2010,0.7402597069740295
cuw,2011,0.7297297120094299
cuw,2012,0.7183098793029785
cuw,2013,0.6857143044471741
cuw,2014,0.6617646813392639
cuw,2015,0.6323529481887817
cuw,2016,0.6363636255264282
cuw,2017,0.6451613306999207
cuw,2018,0.6666666865348816
cuw,2019,0.6470588445663452
cuw,2020,0.719298243522644
cuw,2021,0.5121951103210449
cuw,2022,0.3695652484893799
cuw,2023,0.2666666805744171
cuw,2024,0.1975308507680893
cuw,2025,0.1485148519277573
cym,2000,1.4017094373703
cym,2001,1.367924571037292
cym,2002,1.348314523696899
cym,2003,1.371428608894348
cym,2004,1.365384578704834
cym,2005,1.28205132484436
cym,2006,1.147058844566345
cym,2007,1.057142853736877
cym,2008,0.975000023841858
cym,2009,0.9111111164093018
cym,2010,0.9130434393882751
cym,2011,1.08695650100708
cym,2012,1.254902005195618
cym,2013,1.372549057006836
cym,2014,1.431818246841431
cym,2015,1.421052575111389
cym,2016,1.384615421295166
cym,2017,1.317073225975037
cym,2018,1.210526347160339
cym,2019,1.166666626930237
cym,2020,1.200000047683716
cym,2021,1.194444417953491
cym,2022,1.210526347160339
cym,2023,1.225000023841858
cym,2024,1.219512224197388
cym,2025,1.243902444839478
cyp,2000,0.5789473652839661
cyp,2001,0.6111111640930176
cyp,2002,0.6388888955116272
cyp,2003,0.6111111640930176
cyp,2004,0.5555555820465088
cyp,2005,0.5714285969734192
cyp,2006,0.6176469922065735
cyp,2007,0.6875
cyp,2008,0.7586206793785095
cyp,2009,0.7777777314186096
cyp,2010,0.8260869383811951
cyp,2011,0.8947368860244751
cyp,2012,0.9333333373069764
cyp,2013,1.076923012733459
cyp,2014,1.214285731315613
cyp,2015,1.266666650772095
cyp,2016,1.266666650772095
cyp,2017,1.285714268684387
cyp,2018,1.272727251052856
cyp,2019,1.25
cyp,2020,1.333333373069763
cyp,2021,1.25
cyp,2022,1.333333373069763
cyp,2023,1.333333373069763
cyp,2024,1.0
cyp,2025,1.0
cze,2000,1.333333373069763
cze,2001,1.333333373069763
cze,2002,1.333333373069763
cze,2003,1.333333373069763
cze,2004,1.333333373069763
cze,2005,1.333333373069763
cze,2006,1.333333373069763
cze,2007,1.333333373069763
cze,2008,1.333333373069763
cze,2009,1.333333373069763
cze,2010,1.333333373069763
cze,2011,1.333333373069763
cze,2012,1.333333373069763
cze,2013,1.333333373069763
cze,2014,1.25
cze,2015,1.25
cze,2016,1.0
cze,2017,1.200000047683716
cze,2018,1.0
cze,2019,1.0
cze,2020,0.875
cze,2021,1.0
cze,2022,0.875
cze,2023,1.0
cze,2024,1.0
cze,2025,1.0
deu,2000,0.4545454382896423
deu,2001,0.5
deu,2002,0.5
deu,2003,0.5
deu,2004,0.5555555820465088
deu,2005,0.5555555820465088
deu,2006,0.5555555820465088
deu,2007,0.6666666865348816
deu,2008,0.699999988079071
deu,2009,0.7272727489471436
deu,2010,0.7499999403953552
deu,2011,0.7499999403953552
deu,2012,0.7692307829856873
deu,2013,0.7142857313156128
deu,2014,0.7142857313156128
deu,2015,0.7692307829856873
deu,2016,0.7142857313156128
deu,2017,0.7142857313156128
deu,2018,0.7142857313156128
deu,2019,0.6666666865348816
deu,2020,0.5999999642372131
deu,2021,0.5625
deu,2022,0.5294117331504822
deu,2023,0.5
deu,2024,0.4736841917037964
deu,2025,0.449999988079071
dji,2000,1.155583381652832
dji,2001,1.162878751754761
dji,2002,1.16282045841217
dji,2003,1.158584594726563
dji,2004,1.152814984321594
dji,2005,1.145205497741699
dji,2006,1.139469981193542
dji,2007,1.135135173797607
dji,2008,1.128318667411804
dji,2009,1.120944023132324
dji,2010,1.111600518226624
dji,2011,1.102489113807678
dji,2012,1.098966002464294
dji,2013,1.096385598182678
dji,2014,1.096330285072327
dji,2015,1.099688410758972
dji,2016,1.104430437088013
dji,2017,1.107544183731079
dji,2018,1.109298586845398
dji,2019,1.108153104782104
dji,2020,1.109612107276917
dji,2021,1.110921502113342
dji,2022,1.116117835044861
dji,2023,1.117647051811218
dji,2024,1.11829936504364
dji,2025,1.117533802986145
dma,2000,1.0
dma,2001,1.138888835906982
dma,2002,1.256410241127014
dma,2003,1.30232560634613
dma,2004,1.311111092567444
dma,2005,1.238095164299011
dma,2006,1.138888835906982
dma,2007,1.066666722297668
dma,2008,1.206896543502808
dma,2009,1.399999976158142
dma,2010,1.588235259056091
dma,2011,1.64102566242218
dma,2012,1.642857074737549
dma,2013,1.609756112098694
dma,2014,1.657894730567932
dma,2015,1.714285731315613
dma,2016,1.75
dma,2017,1.799999952316284
dma,2018,1.857142806053162
dma,2019,1.892857193946838
dma,2020,1.967741966247559
dma,2024,1.965517282485962
dma,2025,1.929292917251587
dnk,2000,0.6551724076271057
dnk,2001,0.6896551251411438
dnk,2002,0.699999988079071
dnk,2003,0.7096774578094482
dnk,2004,0.7096774578094482
dnk,2005,0.7241379022598267
dnk,2006,0.7692307829856873
dnk,2007,0.8181817531585693
dnk,2008,0.888888955116272
dnk,2009,0.875
dnk,2010,0.8666666150093079
dnk,2011,0.8571429252624512
dnk,2012,0.8571429252624512
dnk,2013,0.800000011920929
dnk,2014,0.9285714030265808
dnk,2015,0.9285714030265808
dnk,2016,0.9230769872665404
dnk,2017,0.9166666269302368
dnk,2018,1.0
dnk,2019,1.0
dnk,2020,0.9166666269302368
dnk,2021,1.0
dnk,2022,0.9090908765792848
dnk,2023,0.8999999761581421
dnk,2024,1.0
dnk,2025,0.888888955116272
dom,2000,0.6914893984794617
dom,2001,0.7142857313156128
dom,2002,0.7541899681091309
dom,2003,0.7999999523162842
dom,2004,0.8260869383811951
dom,2005,0.8124999403953552
dom,2006,0.8205128908157349
dom,2007,0.8508772253990173
dom,2008,0.8818181753158569
dom,2009,0.9215686321258544
dom,2010,0.9574468731880188
dom,2011,1.012195110321045
dom,2012,1.088235378265381
dom,2013,1.178571462631226
dom,2014,1.269230723381042
dom,2015,1.29411768913269
dom,2016,1.193548321723938
dom,2017,1.102941274642944
dom,2018,1.01265823841095
dom,2019,0.9381443858146667
dom,2020,0.886956512928009
dom,2021,0.8695651888847351
dom,2022,0.8275862336158752
dom,2023,0.7983193397521973
dom,2024,0.7727272510528564
dom,2025,0.7597402930259705
dza,2000,1.111842036247253
dza,2001,1.119718313217163
dza,2002,1.113636374473572
dza,2003,1.098360657691956
dza,2004,1.064814805984497
dza,2005,1.022471904754639
dza,2006,0.98591548204422
dza,2007,0.8854166269302368
dza,2008,0.8780487775802612
dza,2009,1.061224579811096
dza,2010,1.075471758842468
dza,2011,1.125
dza,2012,1.199999928474426
dza,2013,1.272727251052856
dza,2014,1.240740776062012
dza,2015,1.183673501014709
dza,2016,1.162790775299072
dza,2017,1.131578922271729
dza,2018,1.114285707473755
dza,2019,1.088235378265381
dza,2020,1.090909123420715
dza,2021,1.060606122016907
dza,2022,1.085714221000671
dza,2023,1.057142853736877
dza,2024,1.0
dza,2025,0.9411764740943908
ecu,2000,0.9649681448936462
ecu,2001,0.9644013047218324
ecu,2002,0.9733333587646484
ecu,2003,0.9791667461395264
ecu,2004,0.9776120185852052
ecu,2005,0.970711350440979
ecu,2006,0.9519230723381042
ecu,2007,0.949438214302063
ecu,2008,0.9620252847671508
ecu,2009,0.9645389914512634
ecu,2010,0.9838709831237792
ecu,2011,0.9818181991577148
ecu,2012,0.9891304969787598
ecu,2013,0.9589040875434875
ecu,2014,0.8870968222618103
ecu,2015,0.8095237612724304
ecu,2016,0.7499999403953552
ecu,2017,0.7567567229270935
ecu,2018,0.7763158082962036
ecu,2019,0.7808218598365784
ecu,2020,0.7462686896324158
ecu,2021,0.682539701461792
ecu,2022,0.6615384817123413
ecu,2023,0.6617646813392639
ecu,2024,0.6428571343421936
ecu,2025,0.5972222685813904
egy,2000,1.200913190841675
egy,2001,1.160173177719116
egy,2002,1.111999988555908
egy,2003,1.060377359390259
egy,2004,1.040740728378296
egy,2005,0.9864864945411682
egy,2006,0.9930313229560852
egy,2007,0.9961977601051332
egy,2008,1.008546948432922
egy,2009,1.032710194587708
egy,2010,1.072115421295166
egy,2011,1.086124420166016
egy,2012,1.052884578704834
egy,2013,1.004878044128418
egy,2014,0.975000023841858
egy,2015,0.9947089552879332
egy,2016,1.016853928565979
egy,2017,1.023529410362244
egy,2018,1.03125
egy,2019,1.04054057598114
egy,2020,1.04411768913269
egy,2021,1.041322350502014
egy,2022,1.028301954269409
egy,2023,1.0
egy,2024,1.012048244476318
egy,2025,1.012987017631531
eri,2000,1.495049476623535
eri,2001,1.484848499298096
eri,2002,1.485714316368103
eri,2003,1.4921875
eri,2004,1.481751799583435
eri,2005,1.473684191703796
eri,2006,1.458937168121338
eri,2007,1.445273637771606
eri,2008,1.422784805297852
eri,2009,1.389162540435791
eri,2010,1.347417831420898
eri,2011,1.310572743415833
eri,2012,1.275362253189087
eri,2013,1.255186676979065
eri,2014,1.261802554130554
eri,2015,1.28341019153595
eri,2016,1.305210947990417
eri,2017,1.318537831306458
eri,2018,1.312169313430786
eri,2019,1.294270873069763
eri,2020,1.274111747741699
eri,2021,1.256723761558533
eri,2022,1.242924571037292
eri,2023,1.23201858997345
eri,2024,1.225352048873901
eri,2025,1.226506114006042
esp,2000,0.6562499403953552
esp,2001,0.6521739363670349
esp,2002,0.699999988079071
esp,2003,0.75
esp,2004,0.75
esp,2005,0.75
esp,2006,0.7368420958518982
esp,2007,0.7058823704719543
esp,2008,0.8571429252624512
esp,2009,0.9166666269302368
esp,2010,1.0
esp,2011,0.9166666269302368
esp,2012,0.8461539149284363
esp,2013,0.7692307829856873
esp,2014,0.7142857313156128
esp,2015,0.6666666865348816
esp,2016,0.625
esp,2017,0.6470588445663452
esp,2018,0.6499999761581421
esp,2019,0.695652186870575
esp,2020,0.7407407164573669
esp,2021,0.8214285969734192
esp,2022,0.92592591047287
esp,2023,1.0
esp,2024,1.041666746139526
esp,2025,1.08695650100708
est,2000,0.4545454382896423
est,2001,0.5
est,2002,0.444444477558136
est,2003,0.375
est,2004,0.4285714626312256
est,2005,0.3333333134651184
est,2006,0.6000000238418579
est,2007,0.75
est,2008,0.75
est,2009,0.800000011920929
est,2010,0.8333333134651184
est,2011,0.8571429252624512
est,2012,1.0
est,2013,0.8999999761581421
est,2014,1.0
est,2015,1.071428537368774
est,2016,1.066666722297668
est,2017,1.0
est,2018,1.055555462837219
est,2019,1.0
est,2020,1.0
est,2021,1.04347825050354
est,2022,1.0
est,2023,0.949999988079071
est,2024,0.944444477558136
est,2025,1.0
eth,2000,1.24592387676239
eth,2001,1.265734314918518
eth,2002,1.286549687385559
eth,2003,1.298921465873718
eth,2004,1.295934915542603
eth,2005,1.28205132484436
eth,2006,1.25268816947937
eth,2007,1.217228531837463
eth,2008,1.18482494354248
eth,2009,1.149193525314331
eth,2010,1.122916698455811
eth,2011,1.111827969551086
eth,2012,1.110619425773621
eth,2013,1.117647051811218
eth,2014,1.125858068466187
eth,2015,1.122448921203613
eth,2016,1.115299224853516
eth,2017,1.100217938423157
eth,2018,1.08817195892334
eth,2019,1.076595664024353
eth,2020,1.069767475128174
eth,2021,1.058091282844543
eth,2022,1.044000029563904
eth,2023,1.041015625
eth,2024,1.050096392631531
eth,2025,1.082533597946167
fin,2000,1.157894730567932
fin,2001,1.157894730567932
fin,2002,1.210526347160339
fin,2003,1.157894730567932
fin,2004,1.149999976158142
fin,2005,1.100000023841858
fin,2006,1.049999952316284
fin,2007,1.049999952316284
fin,2008,1.052631616592407
fin,2009,1.055555462837219
fin,2010,1.117647051811218
fin,2011,1.133333325386047
fin,2012,1.142857074737549
fin,2013,1.230769157409668
fin,2014,1.166666746139526
fin,2015,1.25
fin,2016,1.25
fin,2017,1.090909123420715
fin,2018,1.0
fin,2019,1.0
fin,2020,0.8571429252624512
fin,2021,0.8666666150093079
fin,2022,0.875
fin,2023,0.8235293626785278
fin,2024,0.882352888584137
fin,2025,0.875
fji,2000,0.8369565010070801
fji,2001,0.8333333134651184
fji,2002,0.8514851331710815
fji,2003,0.8725489974021912
fji,2004,0.9072165489196776
fji,2005,0.9325843453407288
fji,2006,0.9382715225219728
fji,2007,0.9350649118423462
fji,2008,0.9078947901725768
fji,2009,0.9200000166893004
fji,2010,0.9178081750869752
fji,2011,0.940298557281494
fji,2012,0.9827585816383362
fji,2013,1.07272732257843
fji,2014,1.142857074737549
fji,2015,1.15517246723175
fji,2016,1.118644118309021
fji,2017,1.018181800842285
fji,2018,0.9800000190734864
fji,2019,1.0
fji,2020,1.085714221000671
fji,2021,1.111111044883728
fji,2022,1.149999976158142
fji,2023,1.133333325386047
fji,2024,1.166666746139526
fji,2025,1.200000047683716
fra,2000,0.9230769872665404
fra,2001,0.8695652484893799
fra,2002,0.800000011920929
fra,2003,0.8235293626785278
fra,2004,0.8124999403953552
fra,2005,0.875
fra,2006,0.882352888584137
fra,2007,0.882352888584137
fra,2008,0.882352888584137
fra,2009,0.882352888584137
fra,2010,0.882352888584137
fra,2011,0.9411764740943908
fra,2012,0.888888955116272
fra,2013,0.9411764740943908
fra,2014,1.0
fra,2015,1.0
fra,2016,1.0
fra,2017,1.0
fra,2018,0.9285714030265808
fra,2019,0.9090908765792848
fra,2020,0.75
fra,2021,0.800000011920929
fra,2022,0.75
fra,2023,1.0
fra,2024,0.5
fra,2025,1.0
fsm,2000,1.196202516555786
fsm,2001,1.190322518348694
fsm,2002,1.177257537841797
fsm,2003,1.15120267868042
fsm,2004,1.148275852203369
fsm,2005,1.139860153198242
fsm,2006,1.132867217063904
fsm,2007,1.124555110931396
fsm,2008,1.126353740692139
fsm,2009,1.115241646766663
fsm,2010,1.109022498130798
fsm,2011,1.072519183158875
fsm,2012,1.027777791023254
fsm,2013,0.9753087162971495
fsm,2014,0.9419087171554564
fsm,2015,0.9380165338516236
fsm,2016,0.96120685338974
fsm,2017,0.963800847530365
fsm,2018,0.9860465526580812
fsm,2019,1.028037428855896
fsm,2020,1.060747623443604
fsm,2021,1.028168916702271
fsm,2022,0.9631335735321044
fsm,2023,0.8888888955116272
fsm,2024,0.8346154093742371
fsm,2025,0.7979451417922974
gab,2000,0.9455782175064088
gab,2001,0.935153603553772
gab,2002,0.9319728016853333
gab,2003,0.931506872177124
gab,2004,0.9448275566101074
gab,2005,0.9475524425506592
gab,2006,0.9641577005386353
gab,2007,0.9601449370384216
gab,2008,0.9630996584892272
gab,2009,0.9469696879386902
gab,2010,0.94140625
gab,2011,0.9395161271095276
gab,2012,0.9783784151077272
gab,2013,1.0326087474823
gab,2014,1.084210515022278
gab,2015,1.096938729286194
gab,2016,1.082524299621582
gab,2017,1.03636360168457
gab,2018,0.9875518083572388
gab,2019,0.9595587849617004
gab,2020,0.949999988079071
gab,2021,0.9689440727233888
gab,2022,1.011695981025696
gab,2023,1.048780560493469
gab,2024,1.066838145256042
gab,2025,1.060301423072815
gbr,2000,0.4000000059604645
gbr,2001,0.4000000059604645
gbr,2002,0.4285714626312256
gbr,2003,0.5
gbr,2004,0.5555555820465088
gbr,2005,0.625
gbr,2006,0.6666666269302368
gbr,2007,0.6000000238418579
gbr,2008,0.5
gbr,2009,0.3333333134651184
gbr,2010,0.5
gbr,2011,0.5
gbr,2012,0.6666666269302368
gbr,2013,0.75
gbr,2014,0.7142857313156128
gbr,2015,0.6666666865348816
gbr,2016,0.699999988079071
gbr,2017,0.6363636255264282
gbr,2018,0.6363636255264282
gbr,2019,0.699999988079071
gbr,2020,0.7777777910232544
gbr,2021,0.75
gbr,2022,0.8333333134651184
gbr,2023,0.800000011920929
gbr,2024,0.75
gbr,2025,1.0
geo,2000,0.6551724076271057
geo,2001,0.6585366129875183
geo,2002,0.7083333134651184
geo,2003,0.714285671710968
geo,2004,0.6973684430122375
geo,2005,0.800000011920929
geo,2006,0.9375
geo,2007,1.052631616592407
geo,2008,1.142857074737549
geo,2009,1.181818246841431
geo,2010,1.111111044883728
geo,2011,1.200000047683716
geo,2012,1.299999952316284
geo,2013,1.399999976158142
geo,2014,1.5
geo,2015,1.399999976158142
geo,2016,1.333333373069763
geo,2017,1.5
geo,2018,1.0
geo,2019,1.0
geo,2020,1.0
gha,2000,1.092243194580078
gha,2001,1.098591446876526
gha,2002,1.100529074668884
gha,2003,1.098802447319031
gha,2004,1.102040767669678
gha,2005,1.104651093482971
gha,2006,1.104166626930237
gha,2007,1.105932235717773
gha,2008,1.082251071929932
gha,2009,1.07207202911377
gha,2010,1.074418663978577
gha,2011,1.092592597007751
gha,2012,1.103286385536194
gha,2013,1.080808043479919
gha,2014,1.02793300151825
gha,2015,0.9939758777618408
gha,2016,0.9820358753204346
gha,2017,0.9880952835083008
gha,2018,1.011834263801575
gha,2019,1.017964124679565
gha,2020,1.012820601463318
gha,2021,0.9716311693191528
gha,2022,0.9323307871818542
gha,2023,0.9071428179740906
gha,2024,0.8766233921051025
gha,2025,0.8516128659248352
gin,2000,1.280991673469543
gin,2001,1.29353928565979
gin,2002,1.29538905620575
gin,2003,1.290989637374878
gin,2004,1.283333301544189
gin,2005,1.277519345283508
gin,2006,1.276025176048279
gin,2007,1.276527285575867
gin,2008,1.280065894126892
gin,2009,1.285472989082336
gin,2010,1.283993124961853
gin,2011,1.281739115715027
gin,2012,1.279720306396484
gin,2013,1.281690120697021
gin,2014,1.281639933586121
gin,2015,1.275362372398376
gin,2016,1.274725317955017
gin,2017,1.271559596061707
gin,2018,1.267035007476807
gin,2019,1.26286768913269
gin,2020,1.255474448204041
gin,2021,1.243144392967224
gin,2022,1.225688099861145
gin,2023,1.201492547988892
gin,2024,1.182879447937012
gin,2025,1.178423285484314
gmb,2000,1.165919303894043
gmb,2001,1.169059038162231
gmb,2002,1.152920961380005
gmb,2003,1.121996283531189
gmb,2004,1.081871390342712
gmb,2005,1.047337293624878
gmb,2006,1.021611094474792
gmb,2007,1.009881377220154
gmb,2008,1.004132270812988
gmb,2009,0.9978070259094238
gmb,2010,0.9885844588279724
gmb,2011,0.9699074029922484
gmb,2012,0.953596293926239
gmb,2013,0.9272300601005554
gmb,2014,0.90487802028656
gmb,2015,0.8756476640701294
gmb,2016,0.8342391848564148
gmb,2017,0.7823691368103027
gmb,2018,0.7270194888114929
gmb,2019,0.6763848662376404
gmb,2020,0.6332288980484009
gmb,2021,0.581632673740387
gmb,2022,0.5309091210365295
gmb,2023,0.4826254844665527
gmb,2024,0.4504131972789764
gmb,2025,0.4130434691905975
gnb,2000,1.292562007904053
gnb,2001,1.298126101493835
gnb,2002,1.296296238899231
gnb,2003,1.287313342094421
gnb,2004,1.269841313362122
gnb,2005,1.2536381483078
gnb,2006,1.234042525291443
gnb,2007,1.218415379524231
gnb,2008,1.220779180526733
gnb,2009,1.240909099578857
gnb,2010,1.268656730651855
gnb,2011,1.242524981498718
gnb,2012,1.2173912525177
gnb,2013,1.202572345733643
gnb,2014,1.19565224647522
gnb,2015,1.202416896820068
gnb,2016,1.231671452522278
gnb,2017,1.249291777610779
gnb,2018,1.253406047821045
gnb,2019,1.23421049118042
gnb,2020,1.216284990310669
gnb,2021,1.191066980361938
gnb,2022,1.185365796089172
gnb,2023,1.18159806728363
gnb,2024,1.180722832679749
gnb,2025,1.176755428314209
gnq,2000,1.220502972602844
gnq,2001,1.177551031112671
gnq,2002,1.129629611968994
gnq,2003,1.094188332557678
gnq,2004,1.070038914680481
gnq,2005,1.05904757976532
gnq,2006,1.054104447364807
gnq,2007,1.034050107002258
gnq,2008,1.029876947402954
gnq,2009,1.024096369743347
gnq,2010,1.020134210586548
gnq,2011,1.013050556182861
gnq,2012,1.0015949010849
gnq,2013,0.9921875
gnq,2014,0.9860897064208984
gnq,2015,0.9861538410186768
gnq,2016,0.9817352294921876
gnq,2017,0.9804805517196656
gnq,2018,0.9821693301200868
gnq,2019,0.991111159324646
gnq,2020,0.9985119104385376
gnq,2021,1.002980589866638
gnq,2022,1.008982181549072
gnq,2023,1.008995532989502
gnq,2024,1.006051421165466
gnq,2025,1.007598757743835
grc,2000,0.8689655661582947
grc,2001,0.9150943160057068
grc,2002,0.9780219197273254
grc,2003,1.0
grc,2004,1.0
grc,2005,1.013333320617676
grc,2006,1.125
grc,2007,1.375
grc,2008,1.53125
grc,2009,1.551724195480347
grc,2010,1.516129016876221
grc,2011,1.447368383407593
grc,2012,1.377777814865112
grc,2013,1.333333373069763
grc,2014,1.3125
grc,2015,1.25
grc,2016,1.149999976158142
grc,2017,1.085714221000671
grc,2018,1.129032254219055
grc,2019,1.178571462631226
grc,2020,1.160000085830688
grc,2021,1.17391300201416
grc,2022,1.17391300201416
grc,2023,1.083333373069763
grc,2024,0.9600000381469728
grc,2025,0.8799999952316284
grd,2000,0.5379310250282288
grd,2001,0.5668789744377136
grd,2002,0.6410256028175354
grd,2003,0.7737226486206055
grd,2004,0.9150943160057068
grd,2005,1.0
grd,2006,0.944444477558136
grd,2007,0.8787879347801208
grd,2008,0.8032787442207336
grd,2009,0.8166666626930237
grd,2010,0.819672167301178
grd,2011,0.75
grd,2012,0.5999999642372131
grd,2013,0.4868421256542206
grd,2014,0.52173912525177
grd,2015,0.7391304969787598
grd,2016,1.419354796409607
grd,2017,1.629629611968994
grd,2018,1.583333373069763
grd,2019,1.5
grd,2020,1.384615302085876
grd,2021,1.303030252456665
grd,2022,1.319148898124695
grd,2023,1.328571438789368
grd,2024,1.319587588310242
grd,2025,1.291666626930237
gtm,2000,1.244588732719421
gtm,2001,1.231981992721558
gtm,2002,1.223809599876404
gtm,2003,1.237244963645935
gtm,2004,1.261235952377319
gtm,2005,1.297546029090881
gtm,2006,1.314935088157654
gtm,2007,1.300970911979675
gtm,2008,1.277419328689575
gtm,2009,1.265780687332153
gtm,2010,1.27816903591156
gtm,2011,1.298892974853516
gtm,2012,1.306273102760315
gtm,2013,1.291366815567017
gtm,2014,1.268292665481567
gtm,2015,1.240131497383118
gtm,2016,1.210365891456604
gtm,2017,1.184136033058167
gtm,2018,1.160857915878296
gtm,2019,1.142118811607361
gtm,2020,1.134517788887024
gtm,2021,1.122762084007263
gtm,2022,1.105263113975525
gtm,2023,1.090410947799683
gtm,2024,1.075362324714661
gtm,2025,1.065015435218811
guy,2000,1.060606122016907
guy,2001,1.066901445388794
guy,2002,1.072368383407593
guy,2003,1.058064460754395
guy,2004,1.034482717514038
guy,2005,1.004000067710876
guy,2006,0.948113203048706
guy,2007,0.8793103694915771
guy,2008,0.8239436745643616
guy,2009,0.8151260614395142
guy,2010,0.8230088353157043
guy,2011,0.853448212146759
guy,2012,0.8595040440559387
guy,2013,0.8548387885093689
guy,2014,0.8455284237861633
guy,2015,0.8145161867141724
guy,2016,0.7846153974533081
guy,2017,0.769784152507782
guy,2018,0.7785235643386841
guy,2019,0.7914110422134399
guy,2020,0.8409090638160706
guy,2021,0.9114583134651184
guy,2022,0.995433747768402
guy,2023,1.022641539573669
guy,2024,1.026755809783936
guy,2025,1.022727251052856
hkg,2000,1.514285683631897
hkg,2001,1.515463948249817
hkg,2002,1.472527503967285
hkg,2003,1.360465168952942
hkg,2004,1.25301206111908
hkg,2005,1.253164529800415
hkg,2006,1.356164455413818
hkg,2007,1.46875
hkg,2008,1.553571462631226
hkg,2009,1.571428656578064
hkg,2010,1.571428537368774
hkg,2011,1.588235259056091
hkg,2012,1.600000023841858
hkg,2013,1.70588231086731
hkg,2014,1.769230723381042
hkg,2015,1.785714268684387
hkg,2016,1.899999976158142
hkg,2017,1.928571462631226
hkg,2018,1.888888835906982
hkg,2019,1.840909123420715
hkg,2020,1.769230723381042
hkg,2021,1.732142806053162
hkg,2022,1.660377383232117
hkg,2023,1.620000004768372
hkg,2024,1.607142806053162
hkg,2025,1.59375
hnd,2000,0.9309576153755188
hnd,2001,0.9271523356437684
hnd,2002,0.9254386425018312
hnd,2003,0.9441176056861876
hnd,2004,0.9268292784690856
hnd,2005,0.8964401483535767
hnd,2006,0.8602150678634644
hnd,2007,0.8178137540817261
hnd,2008,0.8154506683349609
hnd,2009,0.8373983502388
hnd,2010,0.8681319355964661
hnd,2011,0.8797250986099243
hnd,2012,0.8809523582458496
hnd,2013,0.8870431780815125
hnd,2014,0.900602400302887
hnd,2015,0.9126984477043152
hnd,2016,0.9162679314613342
hnd,2017,0.9082568883895874
hnd,2018,0.9020044207572936
hnd,2019,0.895652174949646
hnd,2020,0.8907922506332397
hnd,2021,0.8905579447746277
hnd,2022,0.8930131196975708
hnd,2023,0.8991031646728516
hnd,2024,0.8949772119522095
hnd,2025,0.8814317584037781
hrv,2000,0.5
hrv,2001,1.0
hrv,2002,1.0
hrv,2003,1.0
hrv,2004,1.0
hrv,2005,1.0
hrv,2006,0.0
hrv,2007,0.0
hrv,2008,0.0
hti,2000,0.9844961166381836
hti,2001,0.9811320304870604
hti,2002,0.9647058844566344
hti,2003,0.9729729294776917
hti,2004,0.9736842513084412
hti,2005,0.9879517555236816
hti,2006,1.022988438606262
hti,2007,1.059523701667786
hti,2008,1.050632953643799
hti,2009,0.9722222685813904
hti,2010,0.865671694278717
hti,2011,0.7962962985038757
hti,2012,0.7317073345184326
hti,2013,0.75
hti,2014,0.75
hti,2015,0.7291666269302368
hti,2016,0.7058823704719543
hti,2017,0.6666666865348816
hti,2018,0.6363636255264282
hti,2019,0.6133333444595337
hti,2020,0.6172839403152466
hti,2021,0.626505970954895
hti,2022,0.6352941393852234
hti,2023,0.6179775595664978
hti,2024,0.5894736647605896
hti,2025,0.5656566023826599
hun,2000,1.157894730567932
hun,2001,1.1875
hun,2002,1.230769157409668
hun,2003,1.272727251052856
hun,2004,1.222222208976746
hun,2005,1.285714268684387
hun,2006,1.333333373069763
hun,2007,1.200000047683716
hun,2008,1.166666746139526
hun,2009,1.0
hun,2010,1.142857074737549
hun,2011,1.125
hun,2012,1.0
hun,2013,1.0
hun,2014,1.0
hun,2015,0.8666666150093079
hun,2016,0.9473683834075928
hun,2017,0.9615384936332704
hun,2018,1.0
hun,2019,1.04878044128418
hun,2020,1.04347825050354
hun,2021,1.0625
hun,2022,1.06521737575531
hun,2023,1.069767475128174
hun,2024,1.075000047683716
hun,2025,1.027777791023254
idn,2000,1.037656903266907
idn,2001,1.007782101631165
idn,2002,0.9807692170143129
idn,2003,0.945833384990692
idn,2004,0.9116279482841492
idn,2005,0.8999999761581421
idn,2006,0.9015544056892396
idn,2007,0.8994413614273071
idn,2008,0.8853502869606018
idn,2009,0.8721804618835449
idn,2010,0.8974359035491943
idn,2011,0.9174312353134156
idn,2012,0.9215686321258544
idn,2013,0.8936170339584351
idn,2014,0.8255813717842102
idn,2015,0.8043478727340698
idn,2016,0.8317756652832031
idn,2017,0.839285671710968
idn,2018,0.8333333134651184
idn,2019,0.7922077775001526
idn,2020,0.782608687877655
idn,2021,0.8333333134651184
idn,2022,0.8799999952316284
idn,2023,0.8297873139381409
idn,2024,0.8139534592628479
idn,2025,0.8333333730697632
ind,2000,1.182628035545349
ind,2001,1.181818127632141
ind,2002,1.188829779624939
ind,2003,1.198795199394226
ind,2004,1.189003467559814
ind,2005,1.178030252456665
ind,2006,1.166666626930237
ind,2007,1.131578922271729
ind,2008,1.078431367874146
ind,2009,1.011173129081726
ind,2010,0.9583333730697632
ind,2011,0.9254658222198486
ind,2012,0.9072847366333008
ind,2013,0.8913043737411499
ind,2014,0.8897638320922852
ind,2015,0.8760330677032471
ind,2016,0.8620689511299133
ind,2017,0.8468467593193054
ind,2018,0.834862470626831
ind,2019,0.8272727727890015
ind,2020,0.8407079577445984
ind,2021,0.8499999642372131
ind,2022,0.8582677245140076
ind,2023,0.8712121248245239
ind,2024,0.8796992301940918
ind,2025,0.8787879347801208
irl,2000,0.2413793057203293
irl,2001,0.2400000095367432
irl,2002,0.2857142984867096
irl,2003,0.3157894909381866
irl,2004,0.3125
irl,2005,0.3076923191547394
irl,2006,0.4000000059604645
irl,2007,0.375
irl,2008,0.4000000059604645
irl,2009,0.3333333134651184
irl,2010,0.5
irl,2011,0.0
irl,2012,0.0
irl,2013,0.0
irn,2000,1.376237630844116
irn,2001,1.435294151306152
irn,2002,1.4375
irn,2003,1.432098746299744
irn,2004,1.435897469520569
irn,2005,1.47826087474823
irn,2006,1.5
irn,2007,1.5
irn,2008,1.475409865379333
irn,2009,1.447761178016663
irn,2010,1.426666617393494
irn,2011,1.369047522544861
irn,2012,1.301075339317322
irn,2013,1.276785612106323
irn,2014,1.254902005195618
irn,2015,1.220930337905884
irn,2016,1.193877577781677
irn,2017,1.166666626930237
irn,2018,1.13095235824585
irn,2019,1.118421077728271
irn,2020,1.142857193946838
irn,2021,1.135135173797607
irn,2022,1.133333325386047
irn,2023,1.160000085830688
irn,2024,1.136363625526428
irn,2025,1.142857074737549
irq,2000,1.414498090744019
irq,2001,1.422857165336609
irq,2002,1.412667870521545
irq,2003,1.386666655540466
irq,2004,1.352611899375916
irq,2005,1.32962965965271
irq,2006,1.317669153213501
irq,2007,1.327553033828735
irq,2008,1.344621539115906
irq,2009,1.359667301177979
irq,2010,1.357758641242981
irq,2011,1.325431108474731
irq,2012,1.276955604553223
irq,2013,1.240938186645508
irq,2014,1.230425000190735
irq,2015,1.237529754638672
irq,2016,1.248120307922363
irq,2017,1.259358286857605
irq,2018,1.277286171913147
irq,2019,1.266447424888611
irq,2020,1.231047034263611
irq,2021,1.191999912261963
irq,2022,1.180094838142395
irq,2023,1.169590711593628
irq,2024,1.168918967247009
irq,2025,1.156462550163269
isl,2000,1.074074149131775
isl,2001,1.038461446762085
isl,2002,1.0
isl,2003,1.0
isl,2004,1.083333373069763
isl,2005,1.090909123420715
isl,2006,1.100000023841858
isl,2007,1.117647051811218
isl,2008,1.071428537368774
isl,2009,1.076923012733459
isl,2010,1.0
isl,2011,0.9166666269302368
isl,2012,0.8333333134651184
isl,2013,0.9166666269302368
isl,2014,0.9230769872665404
isl,2015,1.0
isl,2016,1.0
isl,2017,1.0
isl,2018,0.8461539149284363
isl,2019,0.785714328289032
isl,2020,0.7142857313156128
isl,2021,0.7142857313156128
isl,2022,0.7142857313156128
isl,2023,0.7333333492279053
isl,2024,0.6875
isl,2025,0.6470588445663452
isr,2000,0.8571429252624512
isr,2001,0.8571429252624512
isr,2002,0.75
isr,2003,0.7777777910232544
isr,2004,0.800000011920929
isr,2005,0.7499999403953552
isr,2006,0.7142857313156128
isr,2007,0.800000011920929
isr,2008,0.8124999403953552
isr,2009,0.875
isr,2010,1.0
isr,2011,1.0625
isr,2012,1.176470637321472
isr,2013,1.176470637321472
isr,2014,1.166666626930237
isr,2015,1.210526347160339
isr,2016,1.157894730567932
isr,2017,1.200000047683716
isr,2018,1.200000047683716
isr,2019,1.285714268684387
isr,2020,1.285714268684387
isr,2021,1.238095164299011
isr,2022,1.149999976158142
isr,2023,1.100000023841858
isr,2024,1.100000023841858
isr,2025,1.055555462837219
ita,2000,0.888888955116272
ita,2001,1.0
ita,2002,1.125
ita,2003,1.25
ita,2004,1.285714268684387
ita,2005,1.333333373069763
ita,2006,1.333333373069763
ita,2007,1.333333373069763
ita,2008,1.333333373069763
ita,2009,1.399999976158142
ita,2010,1.399999976158142
ita,2011,1.399999976158142
ita,2012,1.399999976158142
ita,2013,1.399999976158142
ita,2014,1.399999976158142
ita,2015,1.399999976158142
ita,2016,1.5
ita,2017,1.5
ita,2018,1.625
ita,2019,1.444444417953491
ita,2020,1.5
ita,2021,1.357142806053162
ita,2022,1.3125
ita,2023,1.263157844543457
ita,2024,1.200000047683716
ita,2025,1.190476179122925
jam,2000,0.7844310998916626
jam,2001,0.8150684237480164
jam,2002,0.8370370268821716
jam,2003,0.8682170510292053
jam,2004,0.8759124279022217
jam,2005,0.8684210777282715
jam,2006,0.8545454740524292
jam,2007,0.8641974925994873
jam,2008,0.8775510191917419
jam,2009,0.8837209343910217
jam,2010,0.841269850730896
jam,2011,0.7737226486206055
jam,2012,0.7123287320137024
jam,2013,0.6666666865348816
jam,2014,0.6449275016784668
jam,2015,0.6490066051483154
jam,2016,0.637305736541748
jam,2017,0.6518218517303467
jam,2018,0.6897810101509094
jam,2019,0.7198443412780762
jam,2020,0.739534854888916
jam,2021,0.7409327030181885
jam,2022,0.8385416269302368
jam,2023,1.005076169967651
jam,2024,1.089622735977173
jam,2025,1.055000066757202
jor,2000,0.9514824748039246
jor,2001,0.930635929107666
jor,2002,0.9102563858032228
jor,2003,0.9037036895751952
jor,2004,0.9155555963516236
jor,2005,0.9378530979156494
jor,2006,0.9084506630897522
jor,2007,0.843478262424469
jor,2008,0.7765957713127136
jor,2009,0.7023810148239136
jor,2010,0.6867469549179077
jor,2011,0.7241379618644714
jor,2012,0.7291666269302368
jor,2013,0.7196261882781982
jor,2014,0.718181848526001
jor,2015,0.7142857313156128
jor,2016,0.6947368383407593
jor,2017,0.6746987700462341
jor,2018,0.6712328791618347
jor,2019,0.6818181872367859
jor,2020,0.714285671710968
jor,2021,0.7540983557701111
jor,2022,0.7627118229866028
jor,2023,0.7719298601150513
jor,2024,0.75
jor,2025,0.7272727489471436
kaz,2000,1.375
kaz,2001,1.413793087005615
kaz,2002,1.444444417953491
kaz,2003,1.480000019073486
kaz,2004,1.5
kaz,2005,1.5
kaz,2006,1.480000019073486
kaz,2007,1.480000019073486
kaz,2008,1.5
kaz,2009,1.480000019073486
kaz,2010,1.464285731315613
kaz,2011,1.419354796409607
kaz,2012,1.382352948188782
kaz,2013,1.314285635948181
kaz,2014,1.277777791023254
kaz,2015,1.236842036247253
kaz,2016,1.179487228393555
kaz,2017,1.195122003555298
kaz,2018,1.170731663703918
kaz,2019,1.149999976158142
kaz,2020,1.147058844566345
kaz,2021,1.125
kaz,2022,1.064516067504883
kaz,2023,1.064516067504883
kaz,2024,1.0625
kaz,2025,1.030303001403809
ken,2000,1.112359523773193
ken,2001,1.025974035263062
ken,2002,0.9343066215515136
ken,2003,0.9639639258384703
ken,2004,1.042105197906494
ken,2005,1.077777743339539
ken,2006,1.090909123420715
ken,2007,1.14130437374115
ken,2008,1.148936152458191
ken,2009,1.070588231086731
ken,2010,0.9863013029098512
ken,2011,0.9411764740943908
ken,2012,0.9104477763175964
ken,2013,0.9090909361839294
ken,2014,1.0
ken,2015,1.095890402793884
ken,2016,1.095890402793884
ken,2017,0.9545454978942872
ken,2018,0.8285714387893677
ken,2019,0.8333333134651184
ken,2020,0.855555534362793
ken,2021,0.8557692170143127
ken,2022,0.8448275923728943
ken,2023,0.8278688788414001
ken,2024,0.7952756285667419
ken,2025,0.7480915784835815
kgz,2000,1.356435656547546
kgz,2001,1.356435656547546
kgz,2002,1.365384578704834
kgz,2003,1.370370388031006
kgz,2004,1.369369387626648
kgz,2005,1.357142806053162
kgz,2006,1.342342376708984
kgz,2007,1.339449524879456
kgz,2008,1.320388317108154
kgz,2009,1.292929291725159
kgz,2010,1.221052646636963
kgz,2011,1.148936152458191
kgz,2012,1.088888883590698
kgz,2013,1.045976996421814
kgz,2014,1.056818127632141
kgz,2015,1.056179761886597
kgz,2016,1.078651666641235
kgz,2017,1.090909123420715
kgz,2018,1.094117641448975
kgz,2019,1.088607668876648
kgz,2020,1.134328246116638
kgz,2021,1.153846144676208
kgz,2022,1.125
kgz,2023,1.090909123420715
kgz,2024,1.068965554237366
kgz,2025,1.0
khm,2000,1.445876240730286
khm,2001,1.456896543502808
khm,2002,1.441176414489746
khm,2003,1.377697825431824
khm,2004,1.315573692321777
khm,2005,1.25806450843811
khm,2006,1.206896543502808
khm,2007,1.17435896396637
khm,2008,1.166666626930237
khm,2009,1.140096664428711
khm,2010,1.109090924263
khm,2011,1.109170317649841
khm,2012,1.133928537368774
khm,2013,1.139423012733459
khm,2014,1.099502444267273
khm,2015,1.034482717514038
khm,2016,0.9712918400764464
khm,2017,0.8980582356452942
khm,2018,0.8423646092414856
khm,2019,0.867647111415863
khm,2020,0.9897435307502748
khm,2021,1.156862735748291
khm,2022,1.25
khm,2023,1.264573931694031
khm,2024,1.256637215614319
khm,2025,1.261261343955994
kir,2000,0.692307710647583
kir,2001,0.6875
kir,2002,0.6547619104385376
kir,2003,0.6292135119438171
kir,2004,0.5858586430549622
kir,2005,0.5714285969734192
kir,2006,0.5714285373687744
kir,2007,0.5616437792778015
kir,2008,0.5739644765853882
kir,2009,0.5789473652839661
kir,2010,0.5721153616905212
kir,2011,0.5429863929748535
kir,2012,0.5022222399711609
kir,2013,0.4678899049758911
kir,2014,0.4550000131130219
kir,2015,0.4754098355770111
kir,2016,0.4727272987365723
kir,2017,0.4125874042510986
kir,2018,0.31451615691185
kir,2019,0.2049180418252945
kir,2020,0.1013513505458832
kir,2021,0.0468749962747097
kir,2022,0.0405405387282372
kir,2023,0.0681818202137947
kir,2024,0.1144278571009636
kir,2025,0.1701030880212784
kna,2000,0.2658227682113647
kna,2001,0.2571428418159485
kna,2002,0.2881355881690979
kna,2003,0.3125
kna,2004,0.4390243887901306
kna,2005,0.6875
kna,2006,1.0
kna,2007,1.0
kna,2008,0.8947368860244751
kna,2009,0.9411764740943908
kna,2010,0.9333333373069764
kna,2011,1.0
kna,2012,1.100000023841858
kna,2013,1.125
kna,2014,1.285714268684387
kna,2015,1.75
kor,2000,0.5151515603065491
kor,2001,0.53125
kor,2002,0.5151515603065491
kor,2003,0.4848484992980957
kor,2004,0.5
kor,2005,0.4827586114406586
kor,2006,0.5416666269302368
kor,2007,0.6000000238418579
kor,2008,0.6875
kor,2009,0.7142857313156128
kor,2010,0.7499999403953552
kor,2011,0.699999988079071
kor,2012,0.7777777910232544
kor,2013,0.8571429252624512
kor,2014,1.0
kor,2015,1.0
kor,2016,1.0
kor,2017,1.166666746139526
kor,2018,1.166666746139526
kor,2019,1.285714268684387
kor,2020,1.25
kor,2021,1.333333253860474
kor,2022,1.333333253860474
kor,2023,1.333333253860474
kor,2024,1.222222208976746
kor,2025,1.333333253860474
lao,2000,1.374384164810181
lao,2001,1.382198929786682
lao,2002,1.381868124008179
lao,2003,1.365439057350159
lao,2004,1.343023300170898
lao,2005,1.323353290557861
lao,2006,1.315624952316284
lao,2007,1.306188941001892
lao,2008,1.284745693206787
lao,2009,1.264808416366577
lao,2010,1.25080394744873
lao,2011,1.234693884849548
lao,2012,1.220149278640747
lao,2013,1.207317113876343
lao,2014,1.201754331588745
lao,2015,1.179372191429138
lao,2016,1.132478594779968
lao,2017,1.095041394233704
lao,2018,1.059999942779541
lao,2019,1.038167953491211
lao,2020,1.032374143600464
lao,2021,1.030405402183533
lao,2022,1.028846144676208
lao,2023,1.024844765663147
lao,2024,1.015432119369507
lao,2025,0.9908536672592164
lbn,2000,0.9402061700820924
lbn,2001,0.9323467016220092
lbn,2002,0.9360189437866212
lbn,2003,0.9378378391265868
lbn,2004,0.9325153827667236
lbn,2005,0.9130434393882751
lbn,2006,0.8933823108673096
lbn,2007,0.8840000033378601
lbn,2008,0.888888955116272
lbn,2009,0.8924302458763123
lbn,2010,0.8909090757369995
lbn,2011,0.9099999666213988
lbn,2012,0.9230769276618958
lbn,2013,0.9298245310783386
lbn,2014,0.9293785095214844
lbn,2015,0.9194443821907043
lbn,2016,0.9019073247909546
lbn,2017,0.8840970396995544
lbn,2018,0.8726286888122559
lbn,2019,0.8675675392150879
lbn,2020,0.8693332672119141
lbn,2021,0.8739945888519287
lbn,2022,0.8698061108589172
lbn,2023,0.8681947588920593
lbn,2024,0.8706896305084229
lbn,2025,0.8735955357551575
lbr,2000,1.27212381362915
lbr,2001,1.276887893676758
lbr,2002,1.260143280029297
lbr,2003,1.239898920059204
lbr,2004,1.209115266799927
lbr,2005,1.185393214225769
lbr,2006,1.176811575889587
lbr,2007,1.188235282897949
lbr,2008,1.214076280593872
lbr,2009,1.233918070793152
lbr,2010,1.238235354423523
lbr,2011,1.225225210189819
lbr,2012,1.204402565956116
lbr,2013,1.193877458572388
lbr,2014,1.197761178016663
lbr,2015,1.196850419044495
lbr,2016,1.17578125
lbr,2017,1.134328246116638
lbr,2018,1.102473497390747
lbr,2019,1.084175109863281
lbr,2020,1.07073962688446
lbr,2021,1.053731322288513
lbr,2022,1.016260266304016
lbr,2023,0.9692671298980712
lbr,2024,0.9348269701004028
lbr,2025,0.9276672601699828
lby,2000,0.9944674968719482
lby,2001,0.9902641773223876
lby,2002,0.9791377186775208
lby,2003,0.9638386964797974
lby,2004,0.9663394093513488
lby,2005,0.9689702987670898
lby,2006,0.969870924949646
lby,2007,0.9653180241584778
lby,2008,0.9680696129798888
lby,2009,0.9692531824111938
lby,2010,0.9673590064048768
lby,2011,0.96257483959198
lby,2012,0.9635258316993712
lby,2013,0.9615975618362428
lby,2014,0.949999988079071
lby,2015,0.9381107091903688
lby,2016,0.924369752407074
lby,2017,0.925476610660553
lby,2018,0.9413854479789734
lby,2019,0.96494460105896
lby,2020,0.9788461923599244
lby,2021,0.983967900276184
lby,2022,0.9728600382804872
lby,2023,0.9632829427719116
lby,2024,0.9628008604049684
lby,2025,0.9579645395278932
lca,2000,0.6967508792877197
lca,2001,0.7132616639137268
lca,2002,0.7112676501274109
lca,2003,0.6813187003135681
lca,2004,0.6394850015640259
lca,2005,0.6000000238418579
lca,2006,0.6296296119689941
lca,2007,0.6896551251411438
lca,2008,0.7663551568984985
lca,2009,0.801980197429657
lca,2010,0.7894737124443054
lca,2011,0.7872340679168701
lca,2012,0.8181818723678589
lca,2013,0.837837815284729
lca,2014,0.8888888955116272
lca,2015,0.9322033524513244
lca,2016,0.9482758045196532
lca,2017,0.921052634716034
lca,2018,0.9739130139350892
lca,2019,1.132352948188782
lca,2020,1.184210538864136
lca,2021,1.041958093643188
lca,2022,0.6751592755317688
lca,2023,0.4121212363243103
lca,2024,0.3006993234157562
lca,2025,0.3298969268798828
lie,2000,0.1543624103069305
lie,2001,0.2673267424106598
lie,2002,0.4508196711540222
lie,2003,0.5826771855354309
lie,2004,0.8297873139381409
lie,2005,1.176470637321472
lie,2006,1.452380895614624
lie,2007,1.615384578704834
lie,2008,1.71875
lie,2009,1.756756782531738
lie,2010,1.821428537368774
lie,2011,1.91304349899292
lie,2012,1.924731135368347
lie,2013,1.881720423698425
lie,2014,1.855670094490051
lie,2015,1.840000033378601
lie,2016,1.892156839370728
lie,2017,1.978947401046753
lie,2020,1.977777719497681
lie,2021,1.916666626930237
lie,2022,1.857142806053162
lie,2023,1.833333373069763
lie,2024,1.857142806053162
lie,2025,1.888888835906982
lka,2000,1.037500023841858
lka,2001,0.9736842513084412
lka,2002,0.9166666865348816
lka,2003,0.8676470518112183
lka,2004,0.8571428656578064
lka,2005,0.8472222089767456
lka,2006,0.8533333539962769
lka,2007,0.8607594966888428
lka,2008,0.8505747318267822
lka,2009,0.8510638475418091
lka,2010,0.8333333134651184
lka,2011,0.8241757750511169
lka,2012,0.8125
lka,2013,0.8030303716659546
lka,2014,0.7966101169586182
lka,2015,0.7931033968925476
lka,2016,0.8064516186714172
lka,2017,0.84375
lka,2018,0.873015820980072
lka,2019,0.8833333849906921
lka,2020,0.8727273344993591
lka,2021,0.849056601524353
lka,2022,0.800000011920929
lka,2023,0.7627118229866028
lka,2024,0.75
lka,2025,0.7142857313156128
lso,2000,0.8035087585449219
lso,2001,0.7740740776062012
lso,2002,0.7322834730148315
lso,2003,0.6919831037521362
lso,2004,0.6621621251106262
lso,2005,0.634615421295166
lso,2006,0.6030150651931763
lso,2007,0.578125
lso,2008,0.570652186870575
lso,2009,0.5706214904785156
lso,2010,0.5706214904785156
lso,2011,0.570652186870575
lso,2012,0.5816326141357422
lso,2013,0.5970873832702637
lso,2014,0.5972222089767456
lso,2015,0.6008772253990173
lso,2016,0.6138211488723755
lso,2017,0.6335877776145935
lso,2018,0.6617100238800049
lso,2019,0.6849817037582397
lso,2020,0.7127659320831299
lso,2021,0.7441860437393188
lso,2022,0.7647058963775635
lso,2023,0.7941176295280457
lso,2024,0.8174157738685608
lso,2025,0.8407310843467712
ltu,2000,0.3571428656578064
ltu,2001,0.3636363744735718
ltu,2002,0.25
ltu,2003,0.4000000059604645
ltu,2004,0.3333333134651184
ltu,2005,0.3333333134651184
ltu,2006,0.6666666269302368
ltu,2007,0.75
ltu,2008,0.8333333134651184
ltu,2009,0.875
ltu,2010,1.0
ltu,2011,0.9333333373069764
ltu,2012,1.0
ltu,2013,0.9199999570846558
ltu,2014,0.8965516686439514
ltu,2015,0.875
ltu,2016,0.8235293626785278
ltu,2017,0.7878787517547607
ltu,2018,0.800000011920929
ltu,2019,0.785714328289032
ltu,2020,0.7142857313156128
ltu,2021,0.75
ltu,2022,1.0
ltu,2023,0.5
ltu,2024,1.0
ltu,2025,1.0
lux,2000,0.5783132910728455
lux,2001,0.5833333730697632
lux,2002,0.5903614163398743
lux,2003,0.5874999761581421
lux,2004,0.5945945978164673
lux,2005,0.6029411554336548
lux,2006,0.6451613306999207
lux,2007,0.7017543911933899
lux,2008,0.7222222089767456
lux,2009,0.7115384936332703
lux,2010,0.6599999666213989
lux,2011,0.6382979154586792
lux,2012,0.6511627435684204
lux,2013,0.6304348111152649
lux,2014,0.625
lux,2015,0.6041666865348816
lux,2016,0.5869565606117249
lux,2017,0.6086956262588501
lux,2018,0.6279069781303406
lux,2019,0.6666666269302368
lux,2020,0.7352941036224365
lux,2021,0.8214285969734192
lux,2022,0.8260869383811951
lux,2023,0.8421052694320679
lux,2024,0.8124999403953552
lux,2025,0.9230769872665404
lva,2000,1.0
lva,2001,1.0
lva,2002,1.090909123420715
lva,2003,1.090909123420715
lva,2004,1.090909123420715
lva,2005,1.083333373069763
lva,2006,1.083333373069763
lva,2007,1.199999928474426
lva,2008,1.230769157409668
lva,2009,1.100000023841858
lva,2010,1.0
lva,2011,0.8571429252624512
lva,2012,0.800000011920929
lva,2013,0.5
lva,2014,0.6666666269302368
lva,2015,0.3333333134651184
lva,2016,0.25
lva,2017,0.0
lva,2018,0.0
lva,2019,0.0
lva,2020,0.0
lva,2021,0.0
lva,2022,0.0
lva,2023,0.0
lva,2024,0.0
lva,2025,0.0
mac,2000,1.255924224853516
mac,2001,1.258883237838745
mac,2002,1.275132298469543
mac,2003,1.299999952316284
mac,2004,1.288770079612732
mac,2005,1.252873539924622
mac,2006,1.211538434028625
mac,2007,1.190140843391418
mac,2008,1.149253726005554
mac,2009,1.109375
mac,2010,1.081300854682922
mac,2011,1.034188032150269
mac,2012,0.946902632713318
mac,2013,0.8828828930854797
mac,2014,0.8205128908157349
mac,2015,0.7352941036224365
mac,2016,0.658227801322937
mac,2017,0.6601307392120361
mac,2018,0.7045454978942871
mac,2019,0.7586206793785095
mac,2020,0.7747747898101807
mac,2021,0.8598130941390991
mac,2022,0.9514563083648682
mac,2023,0.97247713804245
mac,2024,0.9185184836387634
mac,2025,0.8756757378578186
mar,2000,1.261954188346863
mar,2001,1.2591792345047
mar,2002,1.262921333312988
mar,2003,1.261792540550232
mar,2004,1.263157963752747
mar,2005,1.267379760742188
mar,2006,1.266853928565979
mar,2007,1.268786072731018
mar,2008,1.274052500724792
mar,2009,1.28994083404541
mar,2010,1.310126662254333
mar,2011,1.321554780006409
mar,2012,1.319672107696533
mar,2013,1.293023228645325
mar,2014,1.261780142784119
mar,2015,1.23699414730072
mar,2016,1.226415038108826
mar,2017,1.236111044883728
mar,2018,1.240601539611816
mar,2019,1.234375
mar,2020,1.225806355476379
mar,2021,1.216216206550598
mar,2022,1.208791255950928
mar,2023,1.202898502349854
mar,2024,1.15217387676239
mar,2025,1.133333325386047
mco,2000,0.800000011920929
mco,2001,0.9375
mco,2002,0.9655172228813172
mco,2003,0.9615384936332704
mco,2004,0.9740260243415833
mco,2005,0.9800000190734864
mco,2006,0.9821428656578064
mco,2007,0.9909090399742126
mco,2008,1.0
mco,2009,0.9893617630004884
mco,2010,1.0
mco,2011,1.013333320617676
mco,2012,1.030303001403809
mco,2013,1.051724195480347
mco,2014,1.080000042915344
mco,2015,1.113636374473572
mco,2016,1.131578922271729
mco,2017,1.151515126228333
mco,2018,1.133333325386047
mco,2019,1.111111044883728
mco,2020,1.120000004768372
mco,2021,1.13043475151062
mco,2022,1.136363625526428
mco,2023,1.149999976158142
mco,2024,1.210526347160339
mco,2025,1.176470637321472
mda,2000,1.111675143241882
mda,2001,1.05978262424469
mda,2002,1.012121200561523
mda,2003,0.9798658490180968
mda,2004,0.939393937587738
mda,2005,0.9196428656578064
mda,2006,0.9255319237709044
mda,2007,0.9655172228813172
mda,2008,0.9879517555236816
mda,2009,1.012820601463318
mda,2010,1.014492750167847
mda,2011,1.034482836723328
mda,2012,1.042553186416626
mda,2013,1.054054021835327
mda,2014,1.076923012733459
mda,2015,1.111111044883728
mda,2016,1.083333373069763
mda,2017,1.111111044883728
mda,2018,1.0
mda,2019,1.200000047683716
mda,2020,1.25
mda,2021,1.0
mda,2022,1.0
mda,2023,1.0
mda,2024,1.0
mda,2025,1.0
mdg,2000,1.057742714881897
mdg,2001,1.055118083953857
mdg,2002,1.058666706085205
mdg,2003,1.068493127822876
mdg,2004,1.075630307197571
mdg,2005,1.076923012733459
mdg,2006,1.074928045272827
mdg,2007,1.073099374771118
mdg,2008,1.069069027900696
mdg,2009,1.063091516494751
mdg,2010,1.054237246513367
mdg,2011,1.044776082038879
mdg,2012,1.028806567192078
mdg,2013,1.008849620819092
mdg,2014,0.9780701994895936
mdg,2015,0.9631147980690002
mdg,2016,0.950943410396576
mdg,2017,0.9295774698257446
mdg,2018,0.9264214634895324
mdg,2019,0.9310345053672792
mdg,2020,0.9289772510528564
mdg,2021,0.9411764740943908
mdg,2022,0.94418603181839
mdg,2023,0.9415584206581116
mdg,2024,0.9373695254325868
mdg,2025,0.9257028102874756
mdv,2000,0.5416666865348816
mdv,2001,0.5634920597076416
mdv,2002,0.5955882668495178
mdv,2003,0.6137930750846863
mdv,2004,0.5933333039283752
mdv,2005,0.5394736528396606
mdv,2006,0.4777069985866547
mdv,2007,0.4642857611179352
mdv,2008,0.5109890103340149
mdv,2009,0.5606061220169067
mdv,2010,0.5911329984664917
mdv,2011,0.5979899168014526
mdv,2012,0.614130437374115
mdv,2013,0.6298342347145081
mdv,2014,0.6178010702133179
mdv,2015,0.599033772945404
mdv,2016,0.5917431116104126
mdv,2017,0.599033772945404
mdv,2018,0.6084656119346619
mdv,2019,0.6024096012115479
mdv,2020,0.5815602540969849
mdv,2021,0.530434787273407
mdv,2022,0.4731182754039764
mdv,2023,0.3793103396892548
mdv,2024,0.304347813129425
mdv,2025,0.2400000095367432
mex,2000,1.111842036247253
mex,2001,1.079710125923157
mex,2002,1.071428656578064
mex,2003,1.058333277702332
mex,2004,1.04273509979248
mex,2005,1.027272701263428
mex,2006,1.009999990463257
mex,2007,0.9890109300613404
mex,2008,0.977011501789093
mex,2009,0.9880952835083008
mex,2010,1.0
mex,2011,1.013333320617676
mex,2012,1.029850721359253
mex,2013,1.015873074531555
mex,2014,1.0
mex,2015,0.949999988079071
mex,2016,0.9375
mex,2017,0.9154929518699646
mex,2018,0.8589743375778198
mex,2019,0.8554216623306274
mex,2020,0.8390805125236511
mex,2021,0.7999999523162842
mex,2022,0.7684210538864136
mex,2023,0.7676767706871033
mex,2024,0.8265306353569031
mex,2025,0.8659793734550476
mhl,2000,1.051020383834839
mhl,2001,1.032258033752441
mhl,2002,1.0
mhl,2003,0.9659090638160706
mhl,2004,0.9120879173278807
mhl,2005,0.8315789699554443
mhl,2006,0.7777777910232544
mhl,2007,0.7281553149223328
mhl,2008,0.7027027010917664
mhl,2009,0.694915235042572
mhl,2010,0.7166666984558105
mhl,2011,0.7264957427978516
mhl,2012,0.7321428656578064
mhl,2013,0.737864077091217
mhl,2014,0.698924720287323
mhl,2015,0.6692307591438293
mhl,2016,0.6166666746139526
mhl,2017,0.5405405163764954
mhl,2018,0.4571428894996643
mhl,2019,0.2333333343267441
mhl,2020,0.1739130467176437
mhl,2021,0.228571429848671
mhl,2022,0.1818181872367859
mhl,2023,0.1860465109348297
mhl,2024,0.205882340669632
mhl,2025,0.2592592537403107
mkd,2000,1.095238089561462
mkd,2001,1.14814817905426
mkd,2002,1.169811367988586
mkd,2003,1.149532675743103
mkd,2004,1.128440380096436
mkd,2005,1.107843041419983
mkd,2006,1.105263113975525
mkd,2007,1.134831428527832
mkd,2008,1.142857193946838
mkd,2009,1.127272725105286
mkd,2010,1.085714221000671
mkd,2011,1.051947951316833
mkd,2012,1.034246563911438
mkd,2013,1.029629588127136
mkd,2014,1.038095235824585
mkd,2015,1.070588231086731
mkd,2016,1.051282048225403
mkd,2017,1.04411768913269
mkd,2018,1.044776082038879
mkd,2019,1.028571367263794
mkd,2020,1.013888835906982
mkd,2021,0.9861111044883728
mkd,2022,0.9571428298950196
mkd,2023,0.939393937587738
mkd,2024,0.950819730758667
mkd,2025,0.9285714030265808
mli,2000,1.190798401832581
mli,2001,1.196721315383911
mli,2002,1.203038692474365
mli,2003,1.207282900810242
mli,2004,1.219686150550842
mli,2005,1.232796549797058
mli,2006,1.243243217468262
mli,2007,1.243865013122559
mli,2008,1.232704401016235
mli,2009,1.216129064559937
mli,2010,1.20364248752594
mli,2011,1.194256782531738
mli,2012,1.184931516647339
mli,2013,1.168402671813965
mli,2014,1.155322790145874
mli,2015,1.14956521987915
mli,2016,1.144329905509949
mli,2017,1.133220911026001
mli,2018,1.115702509880066
mli,2019,1.100813031196594
mli,2020,1.095008015632629
mli,2021,1.102073431015015
mli,2022,1.106180667877197
mli,2023,1.102236390113831
mli,2024,1.096721291542053
mli,2025,1.103092789649963
mlt,2000,1.038461446762085
mlt,2001,0.9166666269302368
mlt,2002,0.7499999403953552
mlt,2003,0.782608687877655
mlt,2004,0.9130434393882751
mlt,2005,1.037037134170532
mlt,2006,1.138888835906982
mlt,2007,1.195122003555298
mlt,2008,1.272727251052856
mlt,2009,1.238095164299011
mlt,2010,0.9411764740943908
mlt,2011,0.7368420958518982
mlt,2012,0.6666666269302368
mlt,2013,0.6666666269302368
mlt,2014,0.6666666269302368
mlt,2015,0.800000011920929
mlt,2016,0.800000011920929
mlt,2017,0.800000011920929
mlt,2018,0.8333333134651184
mlt,2019,0.8333333134651184
mlt,2020,0.8571429252624512
mlt,2021,1.111111044883728
mlt,2022,1.230769157409668
mlt,2023,1.333333373069763
mlt,2024,1.34375
mlt,2025,1.32608699798584
mmr,2000,1.051225066184998
mmr,2001,1.04121470451355
mmr,2002,1.036876320838928
mmr,2003,1.028697609901428
mmr,2004,1.011389493942261
mmr,2005,1.0
mmr,2006,0.9832134246826172
mmr,2007,0.9653465151786804
mmr,2008,0.9411764740943908
mmr,2009,0.9107612371444702
mmr,2010,0.8796791434288025
mmr,2011,0.8571428656578064
mmr,2012,0.8477011919021606
mmr,2013,0.8425925374031067
mmr,2014,0.8458904027938843
mmr,2015,0.841269850730896
mmr,2016,0.8285714387893677
mmr,2017,0.8081395030021667
mmr,2018,0.7567567229270935
mmr,2019,0.6760563850402832
mmr,2020,0.6041666865348816
mmr,2021,0.5686274170875549
mmr,2022,0.5900620818138123
mmr,2023,0.6521738767623901
mmr,2024,0.6878980994224548
mmr,2025,0.699999988079071
mne,2000,1.375
mne,2001,1.285714268684387
mne,2002,1.285714268684387
mne,2003,1.285714268684387
mne,2004,1.285714268684387
mne,2005,1.142857074737549
mne,2006,1.0
mne,2007,1.0
mne,2008,0.800000011920929
mne,2009,1.0
mne,2010,0.75
mne,2011,0.6000000238418579
mne,2012,0.4000000059604645
mne,2013,0.5
mne,2014,0.6666666269302368
mne,2015,1.0
mne,2016,1.5
mne,2017,1.5
mne,2021,1.0
mne,2022,1.0
mne,2023,1.0
mne,2024,1.0
mne,2025,1.0
mng,2000,0.569343090057373
mng,2001,0.53125
mng,2002,0.504273533821106
mng,2003,0.4807692468166351
mng,2004,0.4673913419246674
mng,2005,0.4939758777618408
mng,2006,0.5365853905677795
mng,2007,0.5747126340866089
mng,2008,0.5909090638160706
mng,2009,0.6206896305084229
mng,2010,0.6111111044883728
mng,2011,0.5849056243896484
mng,2012,0.5714285373687744
mng,2013,0.5348836779594421
mng,2014,0.4871794581413269
mng,2015,0.410256415605545
mng,2016,0.3902439177036285
mng,2017,0.422222226858139
mng,2018,0.4680851399898529
mng,2019,0.4893617033958435
mng,2020,0.5111110806465149
mng,2021,0.4888888895511627
mng,2022,0.4693877398967743
mng,2023,0.4545454680919647
mng,2024,0.4444444179534912
mng,2025,0.4492753446102142
moz,2000,1.319078922271729
moz,2001,1.328042387962341
moz,2002,1.32402241230011
moz,2003,1.324853181838989
moz,2004,1.333333373069763
moz,2005,1.337028861045837
moz,2006,1.325581431388855
moz,2007,1.311163902282715
moz,2008,1.29691207408905
moz,2009,1.287383198738098
moz,2010,1.268965482711792
moz,2011,1.247139573097229
moz,2012,1.233100175857544
moz,2013,1.222760319709778
moz,2014,1.218362212181091
moz,2015,1.215346574783325
moz,2016,1.215158939361572
moz,2017,1.212345719337463
moz,2018,1.211734771728516
moz,2019,1.185983777046204
moz,2020,1.140401124954224
moz,2021,1.092814445495605
moz,2022,1.072674512863159
moz,2023,1.056451678276062
moz,2024,1.031100511550903
moz,2025,1.014613747596741
mrt,2000,0.9590643048286438
mrt,2001,0.9590908885002136
mrt,2002,0.9648000001907348
mrt,2003,0.9795918464660645
mrt,2004,1.0
mrt,2005,1.021032452583313
mrt,2006,1.048484921455383
mrt,2007,1.0625
mrt,2008,1.07628870010376
mrt,2009,1.077922105789185
mrt,2010,1.068027257919312
mrt,2011,1.062937021255493
mrt,2012,1.063529372215271
mrt,2013,1.061176419258118
mrt,2014,1.065420508384705
mrt,2015,1.058139562606812
mrt,2016,1.046838402748108
mrt,2017,1.035377383232117
mrt,2018,1.02142858505249
mrt,2019,1.007425785064697
mrt,2020,0.9896640181541444
mrt,2021,0.9754099249839784
mrt,2022,0.954285740852356
mrt,2023,0.9248555302619934
mrt,2024,0.8951841592788696
mrt,2025,0.8767123222351074
msr,2000,0.7674418091773987
msr,2001,0.8961039185523987
msr,2002,1.082191824913025
msr,2003,1.274999976158142
msr,2004,1.340659379959106
msr,2005,1.269230723381042
msr,2006,1.081818103790283
msr,2007,0.8538461923599243
msr,2008,0.6818181872367859
msr,2009,0.631355881690979
msr,2010,0.6576271057128906
msr,2011,0.7555555105209351
msr,2012,0.8119122385978699
msr,2013,0.7974275946617126
msr,2014,0.7188612222671509
msr,2015,0.6621621251106262
msr,2016,0.6375839114189148
msr,2017,0.8192771077156067
msr,2018,0.8518518209457397
msr,2019,0.6730769276618958
msr,2020,0.4728682339191437
msr,2021,0.2974683344364166
msr,2022,0.2814070284366608
msr,2023,0.3073770403862
msr,2024,0.3207547068595886
msr,2025,0.2738095223903656
mus,2000,0.7525773644447327
mus,2001,0.75
mus,2002,0.7384615540504456
mus,2003,0.7207207083702087
mus,2004,0.7227722406387329
mus,2005,0.7216495275497437
mus,2006,0.7234042882919312
mus,2007,0.7241379618644714
mus,2008,0.7105263471603394
mus,2009,0.6969696879386902
mus,2010,0.7068964838981628
mus,2011,0.698113203048706
mus,2012,0.6730769276618958
mus,2013,0.6428571343421936
mus,2014,0.6393442749977112
mus,2015,0.6268656849861145
mus,2016,0.6376811861991882
mus,2017,0.6111111640930176
mus,2018,0.5949366688728333
mus,2019,0.5999999642372131
mus,2020,0.6333333253860474
mus,2021,0.6842105388641357
mus,2022,0.7575758099555969
mus,2023,0.8247422575950623
mus,2024,0.8901098966598511
mus,2025,0.9518072009086608
mwi,2000,0.9869791865348816
mwi,2001,1.015544056892395
mwi,2002,1.02717387676239
mwi,2003,1.043859601020813
mwi,2004,1.062893033027649
mwi,2005,1.089701056480408
mwi,2006,1.120274901390076
mwi,2007,1.139285683631897
mwi,2008,1.154135346412659
mwi,2009,1.162601590156555
mwi,2010,1.169642806053162
mwi,2011,1.159420371055603
mwi,2012,1.107142925262451
mwi,2013,1.050251245498657
mwi,2014,1.013761401176453
mwi,2015,1.004273533821106
mwi,2016,1.0
mwi,2017,0.9797570705413818
mwi,2018,0.9338521361351012
mwi,2019,0.9124087691307068
mwi,2020,0.9149659872055054
mwi,2021,0.915032684803009
mwi,2022,0.8906752467155457
mwi,2023,0.8419355154037476
mwi,2024,0.8059210777282715
mwi,2025,0.8088737726211548
mys,2000,0.4590163826942444
mys,2001,0.4545454382896423
mys,2002,0.5
mys,2003,0.5633803009986877
mys,2004,0.6216216087341309
mys,2005,0.6551724076271057
mys,2006,0.6619718074798584
mys,2007,0.6546763181686401
mys,2008,0.6350364685058594
mys,2009,0.6287878751754761
mys,2010,0.6307691931724548
mys,2011,0.6231884360313416
mys,2012,0.625806450843811
mys,2013,0.6342857480049133
mys,2014,0.6455026268959045
mys,2015,0.6650000214576721
mys,2016,0.6883720755577087
mys,2017,0.6995515823364258
mys,2018,0.7008928656578064
mys,2019,0.7095237970352173
mys,2020,0.7422680258750916
mys,2021,0.7621622085571289
mys,2022,0.7567567825317383
mys,2023,0.7301587462425232
mys,2024,0.717277467250824
mys,2025,0.6938775777816772
nam,2000,0.949367105960846
nam,2001,0.925000011920929
nam,2002,0.887499988079071
nam,2003,0.8364779949188232
nam,2004,0.8026315569877625
nam,2005,0.7770270109176636
nam,2006,0.7887324094772339
nam,2007,0.8175182342529297
nam,2008,0.8333333730697632
nam,2009,0.8560000061988831
nam,2010,0.8974359035491943
nam,2011,0.9537037014961244
nam,2012,0.9896907806396484
nam,2013,0.9772727489471436
nam,2014,0.9397590160369872
nam,2015,0.9240506291389464
nam,2016,0.905405342578888
nam,2017,0.90625
nam,2018,0.8653846383094788
nam,2019,0.8461537957191467
nam,2020,0.800000011920929
nam,2021,0.7916666269302368
nam,2022,0.75
nam,2023,0.7647058367729187
nam,2024,0.7333333492279053
nam,2025,0.7142857313156128
ner,2000,1.070000052452087
ner,2001,1.077095031738281
ner,2002,1.083333373069763
ner,2003,1.086265563964844
ner,2004,1.085910677909851
ner,2005,1.090173482894897
ner,2006,1.097189784049988
ner,2007,1.108204483985901
ner,2008,1.113526582717896
ner,2009,1.114914417266846
ner,2010,1.112207174301147
ner,2011,1.104607701301575
ner,2012,1.0997474193573
ner,2013,1.09431529045105
ner,2014,1.094289541244507
ner,2015,1.097796082496643
ner,2016,1.100995779037476
ner,2017,1.101744294166565
ner,2018,1.095447897911072
ner,2019,1.086383581161499
ner,2020,1.075581431388855
ner,2021,1.067723393440247
ner,2022,1.058571457862854
ner,2023,1.049295783042908
ner,2024,1.034916162490845
ner,2025,1.019635319709778
nga,2000,1.347499966621399
nga,2001,1.3378746509552
nga,2002,1.292834877967834
nga,2003,1.249110341072083
nga,2004,1.198412656784058
nga,2005,1.168776392936707
nga,2006,1.155844211578369
nga,2007,1.150862097740173
nga,2008,1.145299077033997
nga,2009,1.135802388191223
nga,2010,1.12109375
nga,2011,1.107407450675964
nga,2012,1.107142806053162
nga,2013,1.111498236656189
nga,2014,1.10689651966095
nga,2015,1.095890402793884
nga,2016,1.090592384338379
nga,2017,1.08243727684021
nga,2018,1.085714221000671
nga,2019,1.08833920955658
nga,2020,1.074204921722412
nga,2021,1.040590405464172
nga,2022,0.988505721092224
nga,2023,0.9610894918441772
nga,2024,0.963265299797058
nga,2025,0.9784482717514038
nic,2000,0.993311047554016
nic,2001,0.9806451201438904
nic,2002,0.9771986603736876
nic,2003,0.9728813767433168
nic,2004,0.967391312122345
nic,2005,0.96138995885849
nic,2006,0.9310345053672792
nic,2007,0.8560000061988831
nic,2008,0.782608687877655
nic,2009,0.7850466966629028
nic,2010,0.8155339360237122
nic,2011,0.8631578683853149
nic,2012,0.9036144614219666
nic,2013,0.9090909361839294
nic,2014,0.935897409915924
nic,2015,0.9438202381134032
nic,2016,0.9716981053352356
nic,2017,1.007751941680908
nic,2018,1.032258033752441
nic,2019,1.034482836723328
nic,2020,1.016574621200562
nic,2021,0.9722222089767456
nic,2022,0.91011244058609
nic,2023,0.8343195915222168
nic,2024,0.7814569473266602
nic,2025,0.7388059496879578
niu,2000,0.2567567527294159
niu,2001,0.2347417920827866
niu,2002,0.2049999982118607
niu,2003,0.1878172606229782
niu,2004,0.157068058848381
niu,2005,0.1739130467176437
niu,2006,0.1685393303632736
niu,2007,0.1715976446866989
niu,2008,0.1533742398023605
niu,2009,0.167701855301857
niu,2010,0.1879194676876068
niu,2011,0.221374049782753
niu,2012,0.2761904895305634
niu,2013,0.4430379569530487
niu,2014,0.7543860077857971
niu,2015,1.346153855323792
niu,2016,1.830769181251526
niu,2024,1.935483813285828
niu,2025,1.754716992378235
nld,2000,1.111111044883728
nld,2001,1.071428537368774
nld,2002,1.090909123420715
nld,2003,1.111111044883728
nld,2004,1.125
nld,2005,1.142857074737549
nld,2006,1.166666746139526
nld,2007,1.200000047683716
nld,2008,1.0
nld,2009,1.25
nld,2010,1.0
nld,2011,1.0
nld,2012,1.333333373069763
nld,2013,1.333333373069763
nld,2014,1.0
nld,2015,1.0
nld,2016,1.0
nld,2017,0.75
nld,2018,0.75
nld,2019,1.0
nld,2020,0.75
nld,2021,0.75
nld,2022,0.6666666269302368
nld,2023,0.6666666269302368
nld,2024,0.6666666269302368
nld,2025,0.6666666269302368
nor,2000,0.8500000238418579
nor,2001,0.8421052694320679
nor,2002,0.8333333730697632
nor,2003,0.875
nor,2004,0.9333333373069764
nor,2005,0.9333333373069764
nor,2006,0.9333333373069764
nor,2007,0.9285714030265808
nor,2008,0.9285714030265808
nor,2009,0.9230769872665404
nor,2010,1.0
nor,2011,1.0
nor,2012,0.9166666269302368
nor,2013,0.9166666269302368
nor,2014,0.9166666269302368
nor,2015,0.9166666269302368
nor,2016,0.9090908765792848
nor,2017,1.0
nor,2018,1.0
nor,2019,1.090909123420715
nor,2020,1.0
nor,2021,1.0
nor,2022,1.0
nor,2023,1.0
nor,2024,0.9166666269302368
nor,2025,1.0
npl,2000,1.210116744041443
npl,2001,1.212550640106201
npl,2002,1.19157886505127
npl,2003,1.176600456237793
npl,2004,1.207729458808899
npl,2005,1.202777743339539
npl,2006,1.141538500785828
npl,2007,1.08116888999939
npl,2008,1.075085282325745
npl,2009,1.104247093200684
npl,2010,1.112676024436951
npl,2011,1.090361475944519
npl,2012,1.038759708404541
npl,2013,0.9819819331169128
npl,2014,0.9807692766189576
npl,2015,1.009999990463257
npl,2016,1.028301954269409
npl,2017,1.0
npl,2018,1.016000032424927
npl,2019,1.065573811531067
npl,2020,1.153846144676208
npl,2021,1.213333368301392
npl,2022,1.220000028610229
npl,2023,1.225000023841858
npl,2024,1.222222208976746
npl,2025,1.176470637321472
nru,2000,1.180672287940979
nru,2001,1.16883111000061
nru,2002,1.171806216239929
nru,2003,1.166666746139526
nru,2004,1.14814817905426
nru,2005,1.144186019897461
nru,2006,1.138755917549133
nru,2007,1.133004903793335
nru,2008,1.125628113746643
nru,2009,1.115577816963196
nru,2010,1.120772957801819
nru,2011,1.118721485137939
nru,2012,1.090909123420715
nru,2013,1.048245549201965
nru,2014,1.018691539764404
nru,2015,0.9268292784690856
nru,2016,0.7669903039932251
nru,2017,0.6195122003555298
nru,2018,0.5314009189605713
nru,2019,0.5051020383834839
nru,2020,0.5523255467414856
nru,2021,0.6339868903160095
nru,2022,0.6690647602081299
nru,2023,0.6428571343421936
nru,2024,0.5862069129943848
nru,2025,0.5436893105506897
nzl,2000,1.100000023841858
nzl,2001,1.119047522544861
nzl,2002,1.171428561210632
nzl,2003,1.137931108474731
nzl,2004,1.120000004768372
nzl,2005,1.136363625526428
nzl,2006,1.100000023841858
nzl,2007,1.058823585510254
nzl,2008,1.0625
nzl,2009,1.0
nzl,2010,0.9285714030265808
nzl,2011,0.800000011920929
nzl,2012,0.800000011920929
nzl,2013,0.75
nzl,2014,0.75
nzl,2015,0.75
nzl,2016,0.75
nzl,2017,0.7333333492279053
nzl,2018,0.785714328289032
nzl,2019,0.7692307829856873
nzl,2020,0.8333333134651184
nzl,2021,0.8181817531585693
nzl,2022,0.8999999761581421
nzl,2023,0.800000011920929
nzl,2024,0.800000011920929
nzl,2025,0.7777777910232544
omn,2000,0.6933962106704712
omn,2001,0.6859902739524841
omn,2002,0.6915422677993774
omn,2003,0.6994819045066833
omn,2004,0.6954023241996765
omn,2005,0.6785714030265808
omn,2006,0.6599999666213989
omn,2007,0.6307691931724548
omn,2008,0.6086956262588501
omn,2009,0.5897435545921326
omn,2010,0.6216216087341309
omn,2011,0.6578947305679321
omn,2012,0.7297297120094299
omn,2013,0.84375
omn,2014,0.8333333134651184
omn,2015,0.6571428179740906
omn,2016,0.5333333611488342
omn,2017,0.5357142686843872
omn,2018,0.6875
omn,2019,0.7702702283859253
omn,2020,0.8414634466171265
omn,2021,0.898876428604126
omn,2022,0.9313725829124452
omn,2023,0.9583333134651184
omn,2024,0.9708029627799988
omn,2025,0.9863945841789246
pak,2000,1.358722329139709
pak,2001,1.371212124824524
pak,2002,1.380208373069763
pak,2003,1.391420841217041
pak,2004,1.38997220993042
pak,2005,1.379310369491577
pak,2006,1.356083035469055
pak,2007,1.349544167518616
pak,2008,1.335423111915588
pak,2009,1.333333373069763
pak,2010,1.330188632011414
pak,2011,1.326153874397278
pak,2012,1.335329294204712
pak,2013,1.349854230880737
pak,2014,1.357348680496216
pak,2015,1.359195351600647
pak,2016,1.349854230880737
pak,2017,1.330330371856689
pak,2018,1.328125
pak,2019,1.346405267715454
pak,2020,1.386206865310669
pak,2021,1.41911768913269
pak,2022,1.435294151306152
pak,2023,1.433884382247925
pak,2024,1.414529919624329
pak,2025,1.386956453323364
pan,2000,1.0
pan,2001,0.9489796161651612
pan,2002,0.936936855316162
pan,2003,0.9448819160461426
pan,2004,0.95302015542984
pan,2005,0.9506171941757202
pan,2006,0.931676983833313
pan,2007,0.923076868057251
pan,2008,0.9083333015441896
pan,2009,0.8899999856948853
pan,2010,0.8709677457809448
pan,2011,0.8700000047683716
pan,2012,0.8648648858070374
pan,2013,0.889830470085144
pan,2014,0.9119999408721924
pan,2015,0.9179105162620544
pan,2016,0.907801389694214
pan,2017,0.917241394519806
pan,2018,0.9399999976158142
pan,2019,0.9935065507888794
pan,2020,1.067073106765747
pan,2021,1.089285612106323
pan,2022,1.03125
pan,2023,0.9350649118423462
pan,2024,0.8750000596046448
pan,2025,0.8484848737716675
per,2000,1.408602118492126
per,2001,1.376344084739685
per,2002,1.333333373069763
per,2003,1.295454621315002
per,2004,1.269230842590332
per,2005,1.3125
per,2006,1.399999976158142
per,2007,1.458333373069763
per,2008,1.523809552192688
per,2009,1.552631616592407
per,2010,1.552631616592407
per,2011,1.536585330963135
per,2012,1.5
per,2013,1.439024448394775
per,2014,1.399999976158142
per,2015,1.410256385803223
per,2016,1.405405402183533
per,2017,1.388888835906982
per,2018,1.361111164093018
per,2019,1.277777791023254
per,2020,1.20588231086731
per,2021,1.17241382598877
per,2022,1.181818246841431
per,2023,1.1875
per,2024,1.166666746139526
per,2025,1.222222208976746
phl,2000,0.7611940503120422
phl,2001,0.739910364151001
phl,2002,0.739130437374115
phl,2003,0.737556517124176
phl,2004,0.7233009338378906
phl,2005,0.6931217312812805
phl,2006,0.672316312789917
phl,2007,0.670807421207428
phl,2008,0.680272102355957
phl,2009,0.6764705777168274
phl,2010,0.6643356680870056
phl,2011,0.6730769276618958
phl,2012,0.6871165633201599
phl,2013,0.7116565108299255
phl,2014,0.731249988079071
phl,2015,0.7417218089103699
phl,2016,0.7535211443901062
phl,2017,0.7562500238418579
phl,2018,0.7814569473266602
phl,2019,0.8150684237480164
phl,2020,0.8439716100692749
phl,2021,0.8947368264198303
phl,2022,0.9430894255638124
phl,2023,0.9824561476707458
phl,2024,1.035714268684387
phl,2025,1.079646110534668
plw,2000,1.245535731315613
plw,2001,1.25
plw,2002,1.2579185962677
plw,2003,1.260368704795837
plw,2004,1.264636993408203
plw,2005,1.267942547798157
plw,2006,1.26913583278656
plw,2007,1.256997466087341
plw,2008,1.232620358467102
plw,2009,1.154302716255188
plw,2010,0.9931740760803224
plw,2011,0.8723404407501221
plw,2012,0.7147650718688965
plw,2013,0.7288135886192322
plw,2014,0.9695817828178406
plw,2015,1.254125356674194
plw,2016,1.377419352531433
plw,2017,1.408921957015991
plw,2018,1.361233472824097
plw,2019,1.300469517707825
plw,2020,1.28636360168457
plw,2021,1.298076868057251
plw,2022,1.350000023841858
plw,2023,1.475728154182434
plw,2024,1.65625
plw,2025,1.767441868782043
png,2000,0.922535240650177
png,2001,0.8851351737976074
png,2002,0.8516128659248352
png,2003,0.8282209038734436
png,2004,0.8135592937469482
png,2005,0.8281249403953552
png,2006,0.864077627658844
png,2007,0.9242424368858336
png,2008,1.0
png,2009,1.095744609832764
png,2010,1.21463418006897
png,2011,1.321739077568054
png,2012,1.369747877120972
png,2013,1.353711724281311
png,2014,1.300925970077515
png,2015,1.263414621353149
png,2016,1.238095283508301
png,2017,1.194945931434631
png,2018,1.143835663795471
png,2019,1.103448271751404
png,2020,1.084269642829895
png,2021,1.090378999710083
png,2022,1.085561513900757
png,2023,1.099502444267273
png,2024,1.113022208213806
png,2025,1.091139197349548
pol,2000,0.9310344457626344
pol,2001,1.04347825050354
pol,2002,1.038461446762085
pol,2003,1.083333373069763
pol,2004,1.041666746139526
pol,2005,1.0
pol,2006,1.0
pol,2007,1.0
pol,2008,1.0
pol,2009,1.0
pol,2010,1.037037134170532
pol,2011,1.071428537368774
pol,2012,1.071428537368774
pol,2013,1.103448390960693
pol,2014,1.033333301544189
pol,2015,1.0
pol,2016,0.9687499403953552
pol,2017,0.9677419662475586
pol,2018,1.0
pol,2019,1.0
pol,2020,0.9166666269302368
pol,2021,0.8999999761581421
pol,2022,0.9333333373069764
pol,2023,0.8999999761581421
pol,2024,1.0
pol,2025,1.0
prk,2000,1.0
prk,2001,1.0
prk,2002,1.0
prk,2003,1.0
prk,2004,1.0
prk,2005,0.75
prk,2006,0.800000011920929
prk,2007,0.875
prk,2008,0.9285714030265808
prk,2009,0.8695652484893799
prk,2010,0.8928571343421936
prk,2011,0.9285714030265808
prk,2012,0.9166666269302368
prk,2013,0.884615421295166
prk,2014,0.8999999761581421
prk,2015,0.8545454144477844
prk,2016,0.8235293626785278
prk,2017,0.7727272510528564
prk,2018,0.7368420958518982
prk,2019,0.7142857313156128
prk,2020,0.6666666865348816
prk,2021,0.6774193644523621
prk,2022,0.6333333253860474
prk,2023,0.6071428656578064
prk,2024,0.6399999856948853
prk,2025,0.6666666269302368
prt,2000,0.7741935849189758
prt,2001,0.7575757503509521
prt,2002,0.71875
prt,2003,0.7307692766189575
prt,2004,0.7368420958518982
prt,2005,0.6428571343421936
prt,2006,0.7272727489471436
prt,2007,0.6363636255264282
prt,2008,0.6363636255264282
prt,2009,0.7777777910232544
prt,2010,0.8333333134651184
prt,2011,1.0
prt,2012,1.0
prt,2013,1.0
prt,2014,1.0
prt,2015,1.0
prt,2016,1.0
pry,2000,1.136000037193298
pry,2001,1.116279125213623
pry,2002,1.093023300170898
pry,2003,1.065040707588196
pry,2004,1.043859601020813
pry,2005,1.009615302085876
pry,2006,0.9797980189323424
pry,2007,0.967391312122345
pry,2008,0.9638553857803344
pry,2009,0.959999978542328
pry,2010,0.9577465057373048
pry,2011,0.9420289993286132
pry,2012,0.9558823108673096
pry,2013,0.9701492786407472
pry,2014,0.9295774698257446
pry,2015,0.8815789222717285
pry,2016,0.8717948794364929
pry,2017,0.8846153616905212
pry,2018,0.8809524178504944
pry,2019,0.8854166269302368
pry,2020,0.9051724076271056
pry,2021,0.9202898144721984
pry,2022,0.9375
pry,2023,0.9333332777023317
pry,2024,0.9285714626312256
pry,2025,0.9509803652763368
pse,2000,1.017543911933899
pse,2001,1.0
pse,2002,0.9923663735389708
pse,2003,0.9736842513084412
pse,2004,0.949999988079071
pse,2005,0.923076868057251
pse,2006,0.91566264629364
pse,2007,0.9480519890785216
pse,2008,0.9866666793823242
pse,2009,1.012987017631531
pse,2010,1.02439022064209
pse,2011,1.011627912521362
pse,2012,1.0
pse,2013,0.9775280952453612
pse,2014,0.9651162624359132
pse,2015,0.9629629254341124
pse,2016,0.9733333587646484
pse,2017,0.94366192817688
pse,2018,1.100000023841858
pse,2019,1.06521737575531
pse,2020,1.044444441795349
pse,2021,1.066666722297668
pse,2022,1.104166626930237
pse,2023,1.092592597007751
pse,2024,1.048387050628662
pse,2025,1.0
qat,2000,0.8307692408561707
qat,2001,0.925000011920929
qat,2002,0.990476131439209
qat,2003,1.0
qat,2004,1.011764764785767
qat,2005,1.058139562606812
qat,2006,1.081395387649536
qat,2007,1.024999976158142
qat,2008,0.8933333158493042
qat,2009,0.8059701919555664
qat,2010,0.7636363506317139
qat,2011,0.7291666269302368
qat,2012,0.7234042882919312
qat,2013,0.7391304969787598
qat,2014,0.7619048357009888
qat,2015,0.837837815284729
qat,2016,0.970588207244873
qat,2017,1.0
qat,2018,0.9268292784690856
qat,2019,0.8043478727340698
qat,2020,0.714285671710968
qat,2021,0.6666666269302368
qat,2022,0.6818181872367859
qat,2023,0.7441860437393188
qat,2024,0.7346938252449036
qat,2025,0.7288135886192322
rou,2000,0.4827586114406586
rou,2001,0.7352941036224365
rou,2002,0.9692307710647584
rou,2003,1.078014254570007
rou,2004,1.03649640083313
rou,2005,0.962406039237976
rou,2006,0.951612949371338
rou,2007,0.9619048237800598
rou,2008,0.9888888597488404
rou,2009,1.011764764785767
rou,2010,1.023529410362244
rou,2011,1.034482836723328
rou,2012,1.022471904754639
rou,2013,1.022727251052856
rou,2014,1.034090876579285
rou,2015,1.033333301544189
rou,2016,1.031914830207825
rou,2017,1.039215683937073
rou,2018,1.043859601020813
rou,2019,1.047999978065491
rou,2020,1.037037014961243
rou,2021,1.027972102165222
rou,2022,1.020547986030579
rou,2023,1.013333320617676
rou,2024,1.018749952316284
rou,2025,1.011049747467041
rus,2000,1.096385598182678
rus,2001,1.050000071525574
rus,2002,1.1875
rus,2003,1.410256385803223
rus,2004,1.194444417953491
rus,2005,1.269662857055664
rus,2006,1.226190447807312
rus,2007,1.149999976158142
rus,2008,1.077922105789185
rus,2009,0.7096774578094482
rus,2010,0.4385965168476105
rus,2011,0.4193548262119293
rus,2012,0.4782608449459076
rus,2013,0.4931506514549255
rus,2014,0.5135135054588318
rus,2015,0.5352112650871277
rus,2016,0.5396825671195984
rus,2017,0.5490196347236633
rus,2018,0.5609756112098694
rus,2019,0.5999999642372131
rus,2020,0.6499999761581421
rus,2021,0.692307710647583
rus,2022,0.7142857313156128
rus,2023,0.75
rus,2024,0.6666666269302368
rus,2025,1.0
rwa,2000,1.029535889625549
rwa,2001,1.031963467597961
rwa,2002,1.024999976158142
rwa,2003,1.0
rwa,2004,0.9664634466171264
rwa,2005,0.9431438446044922
rwa,2006,0.9275362491607666
rwa,2007,0.9239543676376344
rwa,2008,0.9230769276618958
rwa,2009,0.926069974899292
rwa,2010,0.9240000247955322
rwa,2011,0.9102563858032228
rwa,2012,0.8842592835426331
rwa,2013,0.8769230842590332
rwa,2014,0.867816150188446
rwa,2015,0.8719512224197388
rwa,2016,0.8787878751754761
rwa,2017,0.8734939694404602
rwa,2018,0.8679245710372925
rwa,2019,0.8400000333786011
rwa,2020,0.8098591566085815
rwa,2021,0.7867646813392639
rwa,2022,0.7559055685997009
rwa,2023,0.7130434513092041
rwa,2024,0.6699029207229614
rwa,2025,0.6224489808082581
sau,2000,1.074074149131775
sau,2001,0.844919741153717
sau,2002,0.6114285588264465
sau,2003,0.4012345373630524
sau,2004,0.2337662279605865
sau,2005,0.1164383590221405
sau,2006,0.0296296309679747
sau,2007,0.0
sau,2008,0.0
sau,2009,0.0
sau,2010,0.0
sau,2011,0.0
sau,2012,0.0
sau,2013,0.0
sau,2014,0.0
sau,2015,0.0
sau,2016,0.0
sau,2017,0.0
sau,2018,0.0
sau,2019,0.0
sau,2020,0.0
sau,2021,0.0
sau,2022,0.0
sau,2023,0.0
sau,2024,0.0
sau,2025,0.0
sdn,2000,1.042929172515869
sdn,2001,1.065976738929749
sdn,2002,1.101876616477966
sdn,2003,1.148725271224976
sdn,2004,1.204511284828186
sdn,2005,1.237639546394348
sdn,2006,1.249146699905396
sdn,2007,1.234003663063049
sdn,2008,1.188571453094482
sdn,2009,1.178571462631226
sdn,2010,1.206250071525574
sdn,2011,1.258474588394165
sdn,2012,1.304904103279114
sdn,2013,1.311688303947449
sdn,2014,1.279642105102539
sdn,2015,1.251732110977173
sdn,2016,1.247747778892517
sdn,2017,1.266094326972961
sdn,2018,1.297826051712036
sdn,2019,1.291375279426575
sdn,2020,1.244897961616516
sdn,2021,1.198135137557983
sdn,2022,1.159722208976746
sdn,2023,1.103686690330505
sdn,2024,1.05227267742157
sdn,2025,1.049438238143921
sen,2000,1.122388124465942
sen,2001,1.116071343421936
sen,2002,1.106824994087219
sen,2003,1.099259257316589
sen,2004,1.096026539802551
sen,2005,1.103741526603699
sen,2006,1.110320329666138
sen,2007,1.109640836715698
sen,2008,1.105691075325012
sen,2009,1.089912295341492
sen,2010,1.068396210670471
sen,2011,1.040302276611328
sen,2012,1.007978677749634
sen,2013,0.9731903672218324
sen,2014,0.9440000653266908
sen,2015,0.9336870312690736
sen,2016,0.9267016053199768
sen,2017,0.9149484634399414
sen,2018,0.9030612707138062
sen,2019,0.8737373948097229
sen,2020,0.8511165976524353
sen,2021,0.8280872106552124
sen,2022,0.7971360683441162
sen,2023,0.7734939455986023
sen,2024,0.7531172633171082
sen,2025,0.7164948582649231
sgp,2000,1.0
sgp,2001,1.0
sgp,2002,1.0
sgp,2003,1.0
sgp,2004,1.0
sgp,2005,1.0
sgp,2006,1.0
sgp,2007,1.0
sgp,2008,1.0
sgp,2009,1.0
sgp,2010,1.0
sgp,2011,1.5
sgp,2012,1.0
sgp,2013,1.0
sgp,2014,1.0
sgp,2015,1.25
sgp,2016,1.0
sgp,2017,1.125
sgp,2018,1.090909123420715
sgp,2019,0.944444477558136
sgp,2020,0.8787879347801208
sgp,2021,0.8113207817077637
sgp,2022,0.7746478915214539
sgp,2023,0.7816092371940613
sgp,2024,0.7924527525901794
sgp,2025,0.800000011920929
slb,2000,1.222222208976746
slb,2001,1.221052646636963
slb,2002,1.219780206680298
slb,2003,1.204545497894287
slb,2004,1.188235282897949
slb,2005,1.172839522361755
slb,2006,1.144736886024475
slb,2007,1.112676024436951
slb,2008,1.046153903007507
slb,2009,0.9833333492279052
slb,2010,0.9310344457626344
slb,2011,0.92592591047287
slb,2012,0.9215686321258544
slb,2013,0.9166666269302368
slb,2014,0.9166666269302368
slb,2015,0.9230769872665404
slb,2016,0.8965516686439514
slb,2017,0.8461538553237915
slb,2018,0.8055555820465088
slb,2019,0.7764706015586853
slb,2020,0.8018867373466492
slb,2021,0.8214285969734192
slb,2022,0.8444444537162781
slb,2023,0.8755980730056763
slb,2024,0.9107142686843872
slb,2025,0.927966058254242
sle,2000,1.318777322769165
sle,2001,1.297179937362671
sle,2002,1.268817186355591
sle,2003,1.248917698860168
sle,2004,1.236486434936523
sle,2005,1.225419640541077
sle,2006,1.201511383056641
sle,2007,1.163636326789856
sle,2008,1.122340440750122
sle,2009,1.083557963371277
sle,2010,1.056300282478333
sle,2011,1.052083373069763
sle,2012,1.061224579811096
sle,2013,1.055702924728394
sle,2014,1.02816903591156
sle,2015,0.993957817554474
sle,2016,0.9747633934020996
sle,2017,0.9395973682403564
sle,2018,0.8913043737411499
sle,2019,0.8378378748893738
sle,2020,0.78925621509552
sle,2021,0.7409090399742126
sle,2022,0.686170220375061
sle,2023,0.6490066051483154
sle,2024,0.6218487620353699
sle,2025,0.5978261232376099
slv,2000,1.167999982833862
slv,2001,1.159999966621399
slv,2002,1.161290287971497
slv,2003,1.146341443061829
slv,2004,1.145161271095276
slv,2005,1.144000053405762
slv,2006,1.122950792312622
slv,2007,1.120689749717712
slv,2008,1.094339609146118
slv,2009,1.072916746139526
slv,2010,1.033333301544189
slv,2011,0.9890109300613404
slv,2012,0.979166567325592
slv,2013,0.9519230723381042
slv,2014,0.94017094373703
slv,2015,0.940740704536438
slv,2016,0.9430379271507264
slv,2017,0.9467455744743348
slv,2018,0.9000000357627869
slv,2019,0.8505154848098755
slv,2020,0.8317756652832031
slv,2021,0.8232758641242981
slv,2022,0.8252031803131104
slv,2023,0.8320609927177429
slv,2024,0.8514492511749268
slv,2025,0.867132842540741
smr,2000,0.3548387289047241
smr,2001,0.375
smr,2002,0.4117646813392639
smr,2003,0.444444477558136
smr,2004,0.59375
smr,2005,0.7407407164573669
smr,2006,0.8399999737739563
smr,2007,0.7666666507720947
smr,2008,0.7250000238418579
smr,2009,0.7532467842102051
smr,2010,0.8475610017776489
smr,2011,0.8805970549583435
smr,2012,0.8701923489570618
smr,2013,0.9617834687232972
smr,2014,1.085106492042542
smr,2015,1.21854305267334
smr,2016,1.178571462631226
smr,2017,1.150375962257385
smr,2018,1.016666650772095
smr,2019,0.9824561476707458
smr,2020,0.990990936756134
smr,2021,1.112149477005005
smr,2022,1.140186905860901
smr,2023,1.100917339324951
smr,2024,1.074999928474426
smr,2025,1.015748023986816
srb,2000,0.5517241358757019
srb,2001,0.5714285969734192
srb,2002,0.6296296119689941
srb,2003,0.6399999856948853
srb,2004,0.6818181872367859
srb,2005,0.7777777910232544
srb,2006,0.6875
srb,2007,0.7692307829856873
srb,2008,0.7272727489471436
srb,2009,0.699999988079071
srb,2010,0.75
srb,2011,0.8571429252624512
srb,2012,0.875
srb,2013,1.0
srb,2014,1.0
srb,2015,1.153846144676208
srb,2016,1.153846144676208
srb,2017,1.083333373069763
srb,2018,1.090909123420715
srb,2019,1.100000023841858
srb,2020,1.0
srb,2021,1.100000023841858
srb,2022,0.8999999761581421
srb,2023,0.8181817531585693
srb,2024,0.692307710647583
srb,2025,0.7142857313156128
ssd,2000,1.073619604110718
ssd,2001,1.108527183532715
ssd,2002,1.144881844520569
ssd,2003,1.180665612220764
ssd,2004,1.207936525344849
ssd,2005,1.235483884811401
ssd,2006,1.253706812858582
ssd,2007,1.267886877059937
ssd,2008,1.276033043861389
ssd,2009,1.268656730651855
ssd,2010,1.258278131484985
ssd,2011,1.258649110794067
ssd,2012,1.269867539405823
ssd,2013,1.258706450462341
ssd,2014,1.243980765342712
ssd,2015,1.22585666179657
ssd,2016,1.213836431503296
ssd,2017,1.210355997085571
ssd,2018,1.211570262908936
ssd,2019,1.207357883453369
ssd,2020,1.198664426803589
ssd,2021,1.187396287918091
ssd,2022,1.181063175201416
ssd,2023,1.18120801448822
ssd,2024,1.178268194198608
ssd,2025,1.183986306190491
stp,2000,0.8840206265449524
stp,2001,0.915816366672516
stp,2002,0.9575596451759338
stp,2003,1.0
stp,2004,1.011152386665344
stp,2005,0.9681817889213562
stp,2006,0.8977272510528564
stp,2007,0.857988178730011
stp,2008,0.8181818723678589
stp,2009,0.7894736528396606
stp,2010,0.7350427508354187
stp,2011,0.6875
stp,2012,0.6724137663841248
stp,2013,0.6967213153839111
stp,2014,0.7177419066429138
stp,2015,0.7049180865287781
stp,2016,0.6725663542747498
stp,2017,0.6274510025978088
stp,2018,0.6000000238418579
stp,2019,0.5822784900665283
stp,2020,0.5652173757553101
stp,2021,0.5245901942253113
stp,2022,0.5
stp,2023,0.4807692468166351
stp,2024,0.4230769574642181
stp,2025,0.3846153914928436
sur,2000,0.7042253613471985
sur,2001,0.7102040648460388
sur,2002,0.7056366801261902
sur,2003,0.6986899971961975
sur,2004,0.6932084560394287
sur,2005,0.6989795565605164
sur,2006,0.725490152835846
sur,2007,0.7710843086242676
sur,2008,0.8275862336158752
sur,2009,0.8692810535430908
sur,2010,0.8916083574295044
sur,2011,0.9083968997001648
sur,2012,0.9112903475761414
sur,2013,0.9068825244903564
sur,2014,0.9015747904777528
sur,2015,0.8931297063827515
sur,2016,0.9042145609855652
sur,2017,0.9343629479408264
sur,2018,0.9628252983093262
sur,2019,0.9860626459121704
sur,2020,0.9867109656333924
sur,2021,0.9736842513084412
sur,2022,0.9601328372955322
sur,2023,0.9470198750495912
sur,2024,0.9523809552192688
sur,2025,0.9615384936332704
svk,2000,1.142857074737549
svk,2001,1.153846144676208
svk,2002,1.083333373069763
svk,2003,1.083333373069763
svk,2004,1.153846144676208
svk,2005,1.076923012733459
svk,2006,1.142857074737549
svk,2007,1.125
svk,2008,1.058823585510254
svk,2009,1.052631616592407
svk,2010,1.045454621315002
svk,2011,1.041666746139526
svk,2012,1.0
svk,2013,1.0
svk,2014,1.0
svk,2015,0.9714285731315612
svk,2016,0.9729729294776917
svk,2017,0.9736842513084412
svk,2018,0.9487179517745972
svk,2019,0.9487179517745972
svk,2020,0.9473683834075928
svk,2021,0.9189189076423644
svk,2022,0.9428571462631226
svk,2023,0.9375
svk,2024,0.92592591047287
svk,2025,0.9545453786849976
svn,2000,0.8799999952316284
svn,2001,0.9166666269302368
svn,2002,0.8799999952316284
svn,2003,0.9199999570846558
svn,2004,0.9230769872665404
svn,2005,0.9615384936332704
svn,2006,1.0
svn,2007,1.0
svn,2008,1.0
svn,2009,1.0
svn,2010,1.047618985176086
svn,2011,1.052631616592407
svn,2012,1.055555462837219
svn,2013,1.058823585510254
svn,2014,1.0625
svn,2015,1.0
svn,2016,1.0
svn,2017,1.0
svn,2018,1.076923012733459
svn,2019,1.0
svn,2020,1.0
svn,2021,1.0
svn,2022,1.0
svn,2023,1.100000023841858
svn,2024,1.0
svn,2025,1.111111044883728
swe,2000,0.4000000059604645
swe,2001,0.4736841917037964
swe,2002,0.5882352590560913
swe,2003,0.7333333492279053
swe,2004,0.785714328289032
swe,2005,0.7692307829856873
swe,2006,0.7692307829856873
swe,2007,0.8333333134651184
swe,2008,0.8333333134651184
swe,2009,0.8181817531585693
swe,2010,0.8999999761581421
swe,2011,1.111111044883728
swe,2012,1.375
swe,2013,1.625
swe,2014,1.714285731315613
swe,2015,1.714285731315613
swe,2016,1.714285731315613
swe,2017,1.571428537368774
swe,2018,1.428571462631226
swe,2019,1.428571462631226
swe,2020,1.333333373069763
swe,2021,1.333333373069763
swe,2022,1.200000047683716
swe,2023,1.200000047683716
swe,2024,1.0
swe,2025,1.25
swz,2000,1.219584584236145
swz,2001,1.222910165786743
swz,2002,1.236666679382324
swz,2003,1.267399191856384
swz,2004,1.304000020027161
swz,2005,1.329113960266113
swz,2006,1.354260087013245
swz,2007,1.363636374473572
swz,2008,1.375
swz,2009,1.386666655540466
swz,2010,1.398601412773132
swz,2011,1.404580116271973
swz,2012,1.360360383987427
swz,2013,1.266666650772095
swz,2014,1.205128192901611
swz,2015,1.176470637321472
swz,2016,1.157894730567932
swz,2017,1.156862735748291
swz,2018,1.13725483417511
swz,2019,1.129629731178284
swz,2020,1.127272725105286
swz,2021,1.150943398475647
swz,2022,1.160000085830688
swz,2023,1.145833373069763
swz,2024,1.10869562625885
swz,2025,1.023255944252014
sxm,2000,0.0
sxm,2001,0.0
sxm,2002,0.0
sxm,2003,0.0
sxm,2004,0.0
sxm,2005,0.0
sxm,2006,0.0
sxm,2007,0.0
sxm,2008,0.0
sxm,2009,0.0
sxm,2010,0.0
sxm,2011,0.0
sxm,2012,0.0
sxm,2013,0.0
sxm,2014,0.0
sxm,2015,0.0
sxm,2016,0.0
sxm,2017,0.0
sxm,2018,0.0
sxm,2019,0.0
sxm,2020,0.0
sxm,2021,0.0
sxm,2022,0.0
sxm,2023,0.0
sxm,2024,0.0
sxm,2025,0.0
syc,2000,0.4107142984867096
syc,2001,0.3333333432674408
syc,2002,0.21875
syc,2003,0.1724137812852859
syc,2004,0.2727272808551788
syc,2005,0.375
syc,2006,0.4390243887901306
syc,2007,0.444444477558136
syc,2008,0.4137931168079376
syc,2009,0.4090908765792847
syc,2010,0.3333333432674408
syc,2011,0.25
syc,2012,0.25
syc,2013,0.0
syc,2014,0.0
syc,2015,0.0
syc,2016,0.0
syc,2017,0.0
syc,2018,0.0714285746216774
syc,2019,0.1333333402872086
syc,2020,0.2000000029802322
syc,2021,0.2857142984867096
syc,2022,0.3076923191547394
syc,2023,0.3333333134651184
syc,2024,0.25
syc,2025,0.2727272808551788
syr,2000,1.202020168304443
syr,2001,1.200520873069763
syr,2002,1.197831988334656
syr,2003,1.227642297744751
syr,2004,1.219827651977539
syr,2005,1.207373261451721
syr,2006,1.197044372558594
syr,2007,1.18324601650238
syr,2008,1.175824165344238
syr,2009,1.16853928565979
syr,2010,1.14673912525177
syr,2011,1.120000004768372
syr,2012,1.089686155319214
syr,2013,1.067193627357483
syr,2014,1.029154539108276
syr,2015,1.02949059009552
syr,2016,1.017369747161865
syr,2017,1.0
syr,2018,0.9765458106994628
syr,2019,0.9475806951522828
syr,2020,0.9226305484771729
syr,2021,0.9135338068008424
syr,2022,0.910614550113678
syr,2023,0.8996212482452393
syr,2024,0.8825831413269043
syr,2025,0.8755019903182983
tca,2000,0.9563106894493104
tca,2001,1.044943809509277
tca,2002,1.191082835197449
tca,2003,1.313432812690735
tca,2004,1.363636374473572
tca,2005,1.289999961853027
tca,2006,1.162393093109131
tca,2007,1.0625
tca,2008,1.023255944252014
tca,2009,1.065656542778015
tca,2010,1.078341007232666
tca,2011,1.075892806053162
tca,2012,1.11063826084137
tca,2013,1.24609375
tca,2014,1.374100685119629
tca,2015,1.430656909942627
tca,2016,1.438246965408325
tca,2017,1.5
tca,2018,1.642105221748352
tca,2019,1.821917772293091
tca,2020,1.970000028610229
tca,2022,1.976744174957275
tca,2023,1.866666674613953
tca,2024,1.681818246841431
tca,2025,1.578947305679321
tcd,2000,1.223880529403687
tcd,2001,1.251028895378113
tcd,2002,1.278939962387085
tcd,2003,1.310984253883362
tcd,2004,1.346097230911255
tcd,2005,1.375
tcd,2006,1.383280754089355
tcd,2007,1.37785017490387
tcd,2008,1.368333339691162
tcd,2009,1.356302499771118
tcd,2010,1.352445125579834
tcd,2011,1.347529888153076
tcd,2012,1.332191824913025
tcd,2013,1.314974188804626
tcd,2014,1.308219194412231
tcd,2015,1.295109629631042
tcd,2016,1.28145694732666
tcd,2017,1.267973899841309
tcd,2018,1.246329545974731
tcd,2019,1.221682906150818
tcd,2020,1.201288223266602
tcd,2021,1.175718903541565
tcd,2022,1.159557580947876
tcd,2023,1.151898741722107
tcd,2024,1.150882840156555
tcd,2025,1.166386604309082
tgo,2000,1.354661822319031
tgo,2001,1.370437979698181
tgo,2002,1.396648049354553
tgo,2003,1.429126262664795
tgo,2004,1.458248496055603
tgo,2005,1.481720447540283
tgo,2006,1.489795923233032
tgo,2007,1.486997604370117
tgo,2008,1.48522162437439
tgo,2009,1.483290553092957
tgo,2010,1.483870983123779
tgo,2011,1.47863245010376
tgo,2012,1.471810102462769
tgo,2013,1.453703761100769
tgo,2014,1.416128993034363
tgo,2015,1.367892980575562
tgo,2016,1.308771848678589
tgo,2017,1.270370364189148
tgo,2018,1.25680935382843
tgo,2019,1.255060791969299
tgo,2020,1.2295081615448
tgo,2021,1.166666626930237
tgo,2022,1.083999991416931
tgo,2023,1.008130073547363
tgo,2024,0.9537816047668456
tgo,2025,0.924882709980011
tha,2000,0.8741721510887146
tha,2001,0.9219858050346376
tha,2002,1.0
tha,2003,1.038961052894592
tha,2004,0.9934640526771544
tha,2005,0.8741721510887146
tha,2006,0.7323943376541138
tha,2007,0.6428571343421936
tha,2008,0.7090909481048584
tha,2009,0.8913043737411499
tha,2010,0.9740260243415833
tha,2011,0.951612949371338
tha,2012,0.9166666269302368
tha,2013,0.8780487775802612
tha,2014,0.8048780560493469
tha,2015,0.8536585569381714
tha,2016,0.9761905074119568
tha,2017,0.9555556178092957
tha,2018,0.8199999928474426
tha,2019,0.692307710647583
tha,2020,0.6382979154586792
tha,2021,0.6578947305679321
tha,2022,0.6875
tha,2023,0.6774193644523621
tha,2024,0.6875
tha,2025,0.6388888955116272
tjk,2000,1.835897445678711
tjk,2001,1.826732635498047
tjk,2002,1.823529362678528
tjk,2003,1.823232293128967
tjk,2004,1.8219895362854
tjk,2005,1.825136661529541
tjk,2006,1.830409407615662
tjk,2007,1.827160477638245
tjk,2008,1.834394931793213
tjk,2009,1.863945603370667
tjk,2010,1.90839695930481
tjk,2011,1.924999952316284
tjk,2012,1.928571462631226
tjk,2013,1.939393877983093
tjk,2014,1.987804889678955
tjk,2018,1.986666679382324
tjk,2019,1.957746505737305
tjk,2020,1.936507940292358
tjk,2021,1.877192974090576
tjk,2022,1.821428537368774
tjk,2023,1.775862097740173
tjk,2024,1.734375
tjk,2025,1.718309879302979
tkl,2000,0.2120343744754791
tkl,2001,0.2063037157058716
tkl,2002,0.1959064155817032
tkl,2003,0.1681415736675262
tkl,2004,0.155688613653183
tkl,2005,0.1512345671653748
tkl,2006,0.1614906787872314
tkl,2007,0.15479876101017
tkl,2008,0.1536050140857697
tkl,2009,0.1703470051288605
tkl,2010,0.1800643056631088
tkl,2011,0.1812297701835632
tkl,2012,0.2100313454866409
tkl,2013,0.2523076832294464
tkl,2014,0.328125
tkl,2015,0.4161290228366852
tkl,2016,0.503333330154419
tkl,2017,0.5719298124313354
tkl,2018,0.5812274217605591
tkl,2019,0.6043956279754639
tkl,2020,0.7176870703697205
tkl,2021,0.8023255467414856
tkl,2022,0.8638613820075989
tkl,2023,0.9037199020385742
tkl,2024,0.9065817594528198
tkl,2025,0.9188597202301024
tkm,2000,0.7011834979057312
tkm,2001,0.6895522475242615
tkm,2002,0.6856287121772766
tkm,2003,0.6893491148948669
tkm,2004,0.6898550391197205
tkm,2005,0.6974789500236511
tkm,2006,0.7069892287254333
tkm,2007,0.727979302406311
tkm,2008,0.7493606209754944
tkm,2009,0.768831193447113
tkm,2010,0.7945205569267273
tkm,2011,0.811377227306366
tkm,2012,0.819444477558136
tkm,2013,0.8235294818878174
tkm,2014,0.8605577945709229
tkm,2015,0.8472906947135925
tkm,2016,0.8141025304794312
tkm,2017,0.7657657265663147
tkm,2018,0.7439024448394775
tkm,2019,0.720588207244873
tkm,2020,0.7288135886192322
tkm,2021,0.7454545497894287
tkm,2022,0.7735848426818848
tkm,2023,0.800000011920929
tkm,2024,0.7659574747085571
tkm,2025,0.7619048357009888
tls,2000,1.116455674171448
tls,2001,1.111111164093018
tls,2002,1.091412782669067
tls,2003,1.08695650100708
tls,2004,1.07621955871582
tls,2005,1.065573811531067
tls,2006,1.060498237609863
tls,2007,1.054474711418152
tls,2008,1.045643210411072
tls,2009,1.03125
tls,2010,1.014563202857971
tls,2011,1.0
tls,2012,0.9759036302566528
tls,2013,0.9271522760391236
tls,2014,0.8776978254318237
tls,2015,0.8270676732063293
tls,2016,0.7822580933570862
tls,2017,0.7280000448226929
tls,2018,0.6594203114509583
tls,2019,0.6148648858070374
tls,2020,0.568493127822876
tls,2021,0.5333333015441895
tls,2022,0.5538461208343506
tls,2023,0.5984252095222473
tls,2024,0.6259541511535645
tls,2025,0.6397058367729187
ton,2000,1.910447716712952
ton,2001,1.985915541648865
ton,2006,1.859375
ton,2007,1.622641563415527
ton,2008,1.325581431388855
ton,2009,1.108108162879944
ton,2010,0.9428571462631226
ton,2011,0.8285714387893677
ton,2012,0.6341463327407837
ton,2013,0.5625
ton,2014,0.4936708807945251
ton,2015,0.425000011920929
ton,2016,0.3536585569381714
ton,2017,0.3170731663703918
ton,2018,0.3012048006057739
ton,2019,0.3222222328186035
ton,2020,0.3437499701976776
ton,2021,0.3645833134651184
ton,2022,0.3956043720245361
ton,2023,0.3977272510528564
ton,2024,0.375
ton,2025,0.3258427083492279
tto,2000,0.7329192757606506
tto,2001,0.7801418304443359
tto,2002,0.7846153974533081
tto,2003,0.772357702255249
tto,2004,0.7456140518188477
tto,2005,0.7572815418243408
tto,2006,0.7843137383460999
tto,2007,0.7870370149612427
tto,2008,0.7457627058029175
tto,2009,0.7310924530029297
tto,2010,0.7758620381355286
tto,2011,0.8103447556495667
tto,2012,0.7983193397521973
tto,2013,0.7459017038345337
tto,2014,0.7131147384643555
tto,2015,0.6991870403289795
tto,2016,0.7200000286102295
tto,2017,0.7894736528396606
tto,2018,0.8472222089767456
tto,2019,0.8580645322799683
tto,2020,0.8598726391792297
tto,2021,0.8888888955116272
tto,2022,0.92948716878891
tto,2023,0.9590643048286438
tto,2024,0.9648241996765136
tto,2025,0.9732142686843872
tun,2000,1.088000059127808
tun,2001,1.03389835357666
tun,2002,1.017094016075134
tun,2003,1.008474588394165
tun,2004,1.0
tun,2005,0.990654230117798
tun,2006,0.9702970385551452
tun,2007,0.9489796161651612
tun,2008,0.9393939971923828
tun,2009,0.9320388436317444
tun,2010,0.9245283007621764
tun,2011,0.9245283007621764
tun,2012,0.9126213192939758
tun,2013,0.8910890817642212
tun,2014,0.8469387888908386
tun,2015,0.77173912525177
tun,2016,0.6860464811325073
tun,2017,0.6410256028175354
tun,2018,0.591549277305603
tun,2019,0.5538461208343506
tun,2020,0.5081967115402222
tun,2021,0.5245901942253113
tun,2022,0.5352112650871277
tun,2023,0.5568181872367859
tun,2024,0.5660377144813538
tun,2025,0.5882353186607361
tur,2000,1.627737283706665
tur,2001,1.571428537368774
tur,2002,1.48739492893219
tur,2003,1.383333325386047
tur,2004,1.328000068664551
tur,2005,1.322580695152283
tur,2006,1.321428537368774
tur,2007,1.31521737575531
tur,2008,1.287671327590942
tur,2009,1.25
tur,2010,1.244897961616516
tur,2011,1.210526347160339
tur,2012,1.233333349227905
tur,2013,1.26086950302124
tur,2014,1.25
tur,2015,1.29411768913269
tur,2016,1.357142806053162
tur,2017,1.363636374473572
tur,2018,1.25
tur,2019,1.285714268684387
tur,2020,1.166666746139526
tur,2021,1.200000047683716
tur,2022,1.200000047683716
tur,2023,1.200000047683716
tur,2024,1.200000047683716
tur,2025,1.0
tuv,2000,0.6388888955116272
tuv,2001,0.6345608830451965
tuv,2002,0.6321839094161987
tuv,2003,0.6173912882804871
tuv,2004,0.6115942001342773
tuv,2005,0.6135692596435547
tuv,2006,0.6054216623306274
tuv,2007,0.5902140140533447
tuv,2008,0.5727848410606384
tuv,2009,0.55409836769104
tuv,2010,0.5479452013969421
tuv,2011,0.5523465871810913
tuv,2012,0.5752895474433899
tuv,2013,0.5767634510993958
tuv,2014,0.5638766288757324
tuv,2015,0.5454545617103577
tuv,2016,0.5622119307518005
tuv,2017,0.6009615659713745
tuv,2018,0.6408839821815491
tuv,2019,0.6870748400688171
tuv,2020,0.7372881174087524
tuv,2021,0.7425742149353027
tuv,2022,0.698924720287323
tuv,2023,0.6666666865348816
tuv,2024,0.6477272510528564
tuv,2025,0.6463415026664734
tza,2000,1.065349578857422
tza,2001,1.072327017784119
tza,2002,1.078303456306458
tza,2003,1.084175109863281
tza,2004,1.092173933982849
tza,2005,1.106115102767944
tza,2006,1.12662935256958
tza,2007,1.139805793762207
tza,2008,1.14460277557373
tza,2009,1.1349036693573
tza,2010,1.116071462631226
tza,2011,1.089040994644165
tza,2012,1.052752256393433
tza,2013,1.022371411323547
tza,2014,1.004338383674622
tza,2015,1.002118706703186
tza,2016,0.9979252815246582
tza,2017,0.9938649535179138
tza,2018,0.9918367266654968
tza,2019,0.9815574288368224
tza,2020,0.9748953580856324
tza,2021,0.9676724076271056
tza,2022,0.9618834853172302
tza,2023,0.957446813583374
tza,2024,0.952141046524048
tza,2025,0.9356569051742554
uga,2000,1.08713698387146
uga,2001,1.075999975204468
uga,2002,1.065636992454529
uga,2003,1.060836434364319
uga,2004,1.047058820724487
uga,2005,1.041152238845825
uga,2006,1.034934520721436
uga,2007,1.050691246986389
uga,2008,1.058252453804016
uga,2009,1.046153783798218
uga,2010,1.031746029853821
uga,2011,1.010581970214844
uga,2012,0.9950000047683716
uga,2013,0.9867256283760072
uga,2014,0.9841269254684448
uga,2015,0.9739777445793152
uga,2016,0.9607142806053162
uga,2017,0.9453925490379332
uga,2018,0.9392971396446228
uga,2019,0.937313437461853
uga,2020,0.9340973496437072
uga,2021,0.9346591234207152
uga,2022,0.9333333373069764
uga,2023,0.9305136203765868
uga,2024,0.91076922416687
uga,2025,0.8892307281494141
ukr,2000,0.7297297120094299
ukr,2001,0.6451613306999207
ukr,2002,0.5666666626930237
ukr,2003,0.517241358757019
ukr,2004,0.5185185074806213
ukr,2005,0.5199999809265137
ukr,2006,0.5217391848564148
ukr,2007,0.5454545617103577
ukr,2008,0.5909090638160706
ukr,2009,0.6666666865348816
ukr,2010,0.699999988079071
ukr,2011,0.7368420958518982
ukr,2012,0.6842105388641357
ukr,2013,0.6315789818763733
ukr,2014,0.5789473652839661
ukr,2015,0.5555555820465088
ukr,2016,0.5
ukr,2017,0.5
ukr,2018,0.4736841917037964
ukr,2019,0.449999988079071
ukr,2020,0.4736841917037964
ukr,2021,0.4736841917037964
ukr,2022,0.4736841917037964
ukr,2023,0.4736841917037964
ukr,2024,0.444444477558136
ukr,2025,0.444444477558136
ury,2000,0.7692307233810425
ury,2001,0.8139534592628479
ury,2002,0.8510638475418091
ury,2003,0.849056601524353
ury,2004,0.7903226017951965
ury,2005,0.7611940503120422
ury,2006,0.7575757503509521
ury,2007,0.7846153974533081
ury,2008,0.7857142686843872
ury,2009,0.7733333706855774
ury,2010,0.7435897588729858
ury,2011,0.7567567229270935
ury,2012,0.7941176295280457
ury,2013,0.78125
ury,2014,0.7377049326896667
ury,2015,0.7368420958518982
ury,2016,0.7169811129570007
ury,2017,0.6734693646430969
ury,2018,0.6818181872367859
ury,2019,0.7105263471603394
ury,2020,0.6969696879386902
ury,2021,0.7142857313156128
ury,2022,0.7083333134651184
ury,2023,0.75
ury,2024,0.7647058367729187
ury,2025,0.785714328289032
usa,2000,0.7142857313156128
usa,2001,0.7222222089767456
usa,2002,0.75
usa,2003,0.7222222089767456
usa,2004,0.7894737124443054
usa,2005,0.7894737124443054
usa,2006,0.882352888584137
usa,2007,0.9375
usa,2008,0.9411764740943908
usa,2009,0.9411764740943908
usa,2010,1.0
usa,2011,1.0
usa,2012,1.0
usa,2013,1.058823585510254
usa,2014,1.166666626930237
usa,2015,1.176470637321472
usa,2016,1.133333325386047
usa,2017,1.0
usa,2018,1.066666722297668
usa,2019,1.0625
usa,2020,1.176470637321472
usa,2021,1.117647051811218
usa,2022,1.111111044883728
usa,2023,1.049999952316284
usa,2024,0.9230769872665404
usa,2025,0.9090909361839294
uzb,2000,1.076923131942749
uzb,2001,1.076923131942749
uzb,2002,1.077922105789185
uzb,2003,1.09333336353302
uzb,2004,1.112676024436951
uzb,2005,1.129032254219055
uzb,2006,1.117647051811218
uzb,2007,1.121951222419739
uzb,2008,1.09375
uzb,2009,1.039999961853027
uzb,2010,1.045454621315002
uzb,2011,1.0
uzb,2012,1.0
uzb,2013,1.071428537368774
uzb,2014,1.083333373069763
uzb,2015,1.073170781135559
uzb,2016,1.046511650085449
uzb,2017,1.0
uzb,2018,0.9714285731315612
uzb,2019,0.9565218091011048
uzb,2020,0.9333333373069764
uzb,2021,0.9090908765792848
uzb,2022,0.888888955116272
uzb,2023,0.875
uzb,2024,0.8571429252624512
uzb,2025,0.8333333134651184
vct,2000,0.4594594240188599
vct,2001,0.4699999690055847
vct,2002,0.4651162624359131
vct,2003,0.4571428596973419
vct,2004,0.4693877398967743
vct,2005,0.4000000059604645
vct,2006,0.3214285671710968
vct,2007,0.3199999928474426
vct,2008,0.3749999701976776
vct,2009,0.4583333134651184
vct,2010,0.5185185074806213
vct,2011,0.5483871102333069
vct,2012,0.5
vct,2013,0.4871794581413269
vct,2014,0.6388888955116272
vct,2015,1.17241382598877
vct,2016,1.647058844566345
vct,2017,1.918918967247009
vct,2018,1.972972989082336
vct,2019,1.942857146263123
vct,2020,1.903225779533386
vct,2021,1.892857193946838
vct,2022,1.923076868057251
vct,2023,1.958333373069763
vct,2024,1.954545497894287
vct,2025,1.950000047683716
ven,2000,0.7322404384613037
ven,2001,0.7307692170143127
ven,2002,0.7314285635948181
ven,2003,0.7365269064903259
ven,2004,0.7295597791671753
ven,2005,0.6959459781646729
ven,2006,0.6666666865348816
ven,2007,0.6504064798355103
ven,2008,0.643478274345398
ven,2009,0.6228070259094238
ven,2010,0.6228070259094238
ven,2011,0.6416666507720947
ven,2012,0.671999990940094
ven,2013,0.6899224519729614
ven,2014,0.7099236845970154
ven,2015,0.7067669034004211
ven,2016,0.7153846025466919
ven,2017,0.7272727489471436
ven,2018,0.7321428656578064
ven,2019,0.7264150381088257
ven,2020,0.7113402485847473
ven,2021,0.699999988079071
ven,2022,0.7118643522262573
ven,2023,0.7619048357009888
ven,2024,0.800000011920929
ven,2025,0.8260869383811951
vgb,2000,1.237288117408752
vgb,2001,1.227545022964478
vgb,2002,1.197368383407593
vgb,2003,1.142857193946838
vgb,2004,1.055555582046509
vgb,2005,0.9655172228813172
vgb,2006,1.049999952316284
vgb,2007,1.114285707473755
vgb,2008,0.970588207244873
vgb,2009,0.7234042882919312
vgb,2010,0.6779661178588867
vgb,2011,0.7903226017951965
vgb,2012,1.052631497383118
vgb,2013,1.210526347160339
vgb,2014,1.132075548171997
vgb,2015,0.9180327653884888
vgb,2016,0.9204545617103576
vgb,2017,1.0546875
vgb,2018,1.172774910926819
vgb,2019,1.166666626930237
vgb,2020,1.112627983093262
vgb,2021,1.110759496688843
vgb,2022,1.162939310073853
vgb,2023,1.251748323440552
vgb,2024,1.313953399658203
vgb,2025,1.290196061134338
vnm,2000,1.189759016036987
vnm,2001,1.164179086685181
vnm,2002,1.155251145362854
vnm,2003,1.139037489891052
vnm,2004,1.136094689369202
vnm,2005,1.113207459449768
vnm,2006,1.059602737426758
vnm,2007,0.993006944656372
vnm,2008,0.9568345546722412
vnm,2009,0.931818187236786
vnm,2010,0.959999978542328
vnm,2011,0.9824561476707458
vnm,2012,0.970873773097992
vnm,2013,1.01075267791748
vnm,2014,1.023809552192688
vnm,2015,1.013513445854187
vnm,2016,1.013888835906982
vnm,2017,0.9729729294776917
vnm,2018,0.921052634716034
vnm,2019,0.9078947901725768
vnm,2020,0.9305555820465088
vnm,2021,0.9846153855323792
vnm,2022,1.066666722297668
vnm,2023,1.111111044883728
vnm,2024,1.142857193946838
vnm,2025,1.191489338874817
vut,2000,1.036511182785034
vut,2001,1.033970236778259
vut,2002,1.038031339645386
vut,2003,1.043165445327759
vut,2004,1.052356004714966
vut,2005,1.052941203117371
vut,2006,1.054607510566711
vut,2007,1.056910514831543
vut,2008,1.073170781135559
vut,2009,1.098265886306763
vut,2010,1.138157844543457
vut,2011,1.180451154708862
vut,2012,1.230769276618958
vut,2013,1.252427220344543
vut,2014,1.234693884849548
vut,2015,1.175257682800293
vut,2016,1.07608687877655
vut,2017,0.9523810148239136
vut,2018,0.8181818723678589
vut,2019,0.7428570985794067
vut,2020,0.819444477558136
vut,2021,0.9375
vut,2022,1.01075267791748
vut,2023,1.047169804573059
vut,2024,1.0467289686203
vut,2025,1.020833373069763
wsm,2000,0.6571428179740906
wsm,2001,0.6818181872367859
wsm,2002,0.6666666269302368
wsm,2003,0.6721311211585999
wsm,2004,0.6724137663841248
wsm,2005,0.6727272868156433
wsm,2006,0.6666666865348816
wsm,2007,0.6739130616188049
wsm,2008,0.6829268336296082
wsm,2009,0.7500000596046448
wsm,2010,0.75
wsm,2011,0.785714328289032
wsm,2012,0.7777777314186096
wsm,2013,0.7407407164573669
wsm,2014,0.6785714030265808
wsm,2015,0.6071428656578064
wsm,2016,0.5666666626930237
wsm,2017,0.5757575631141663
wsm,2018,0.5277777910232544
wsm,2019,0.514285683631897
wsm,2020,0.5
wsm,2021,0.5454545617103577
wsm,2022,0.5806451439857483
wsm,2023,0.6333333253860474
wsm,2024,0.6562499403953552
wsm,2025,0.6857143044471741
yem,2000,1.51326048374176
yem,2001,1.522979378700256
yem,2002,1.520833373069763
yem,2003,1.505654335021973
yem,2004,1.470016241073608
yem,2005,1.422512173652649
yem,2006,1.386776924133301
yem,2007,1.373310804367065
yem,2008,1.37937068939209
yem,2009,1.381125211715698
yem,2010,1.378277182579041
yem,2011,1.363636374473572
yem,2012,1.344761848449707
yem,2013,1.337186932563782
yem,2014,1.327380895614624
yem,2015,1.31535267829895
yem,2016,1.309168457984924
yem,2017,1.316017270088196
yem,2018,1.324675321578979
yem,2019,1.317391276359558
yem,2020,1.308533906936646
yem,2021,1.318777322769165
yem,2022,1.337837815284729
yem,2023,1.363207578659058
yem,2024,1.369077324867249
yem,2025,1.37726104259491
zaf,2000,0.9005847573280334
zaf,2001,0.8922154903411865
zaf,2002,0.8795180916786194
zaf,2003,0.8771929740905762
zaf,2004,0.8757396936416626
zaf,2005,0.8395061492919922
zaf,2006,0.8456376194953918
zaf,2007,0.8731343150138855
zaf,2008,0.888059675693512
zaf,2009,0.8776978254318237
zaf,2010,0.8805970549583435
zaf,2011,0.9140625
zaf,2012,0.9701492786407472
zaf,2013,0.9637681245803832
zaf,2014,0.8809523582458496
zaf,2015,0.83620685338974
zaf,2016,0.7931033968925476
zaf,2017,0.7606837153434753
zaf,2018,0.7387387156486511
zaf,2019,0.7184466123580933
zaf,2020,0.714285671710968
zaf,2021,0.7157894968986511
zaf,2022,0.7191011905670166
zaf,2023,0.7469879388809204
zaf,2024,0.8024690747261047
zaf,2025,0.8227847814559937
zmb,2000,1.31829571723938
zmb,2001,1.331658244132996
zmb,2002,1.322418212890625
zmb,2003,1.317333340644836
zmb,2004,1.331307053565979
zmb,2005,1.350000023841858
zmb,2006,1.352458953857422
zmb,2007,1.328767061233521
zmb,2008,1.306122422218323
zmb,2009,1.293103456497192
zmb,2010,1.278145790100098
zmb,2011,1.262773633003235
zmb,2012,1.255319118499756
zmb,2013,1.232704401016235
zmb,2014,1.20108699798584
zmb,2015,1.200000047683716
zmb,2016,1.220183491706848
zmb,2017,1.235555529594421
zmb,2018,1.221739172935486
zmb,2019,1.177215218544006
zmb,2020,1.12601625919342
zmb,2021,1.106557369232178
zmb,2022,1.116379380226135
zmb,2023,1.1355140209198
zmb,2024,1.147208213806152
zmb,2025,1.15760862827301
zwe,2000,1.061349630355835
zwe,2001,1.051446914672852
zwe,2002,1.027681589126587
zwe,2003,1.0
zwe,2004,0.9764705896377563
zwe,2005,0.9644268751144408
zwe,2006,0.9709542989730836
zwe,2007,0.986111044883728
zwe,2008,0.9615384936332704
zwe,2009,0.9185519814491272
zwe,2010,0.9039301872253418
zwe,2011,0.9136363863945008
zwe,2012,0.9126213192939758
zwe,2013,0.8970587849617004
zwe,2014,0.8783783316612244
zwe,2015,0.976271152496338
zwe,2016,0.9673202633857728
zwe,2017,0.9555555582046508
zwe,2018,0.9341692924499512
zwe,2019,0.9071207642555236
zwe,2020,0.9021406769752502
zwe,2021,0.844897985458374
zwe,2022,0.8237705230712891
zwe,2023,0.8318964838981628
zwe,2024,0.8380952477455139
zwe,2025,0.8500000238418579
