country,year,math_g3_native
AUS,1995,67.09887229713921
AUS,2003,56.92378609956357
AUS,2007,53.51103768291296
AUS,2015,71.73811587912533
AUS,2019,70.51141064410314
DNK,2007,58.14479436200666
DNK,2015,74.40041356500211
DNK,2019,76.13649123926653
IRL,1995,59.7866194459277
IRL,2015,81.56746058981113
IRL,2019,84.22402736895663
ISL,1995,34.87550129221995
NOR,1995,26.10533173092196
NOR,2003,26.34513497267721
NOR,2007,35.74864451974892
NOR,2019,83.26089691023739
ZAF,2019,16.95359254092095
