country,year,ictskillverifrel_ag75orover_gpia
bgd,2021,0.3093374073505402
cze,2021,0.2260781079530716
fra,2021,0.5257112979888916
mex,2017,0.5996333956718445
mex,2018,0.8915882110595703
nor,2021,0.776151180267334
