country,year,ictskillchangpriv_ag75orover_gpia
DNK,2020,0.7043579816818237
MAC,2021,0.4012356400489807
MEX,2018,1.555862784385681
