country,year,ictskillverifrel_agunder15y_gpia
BGD,2021,0.8736220598220825
IRN,2021,0.5458024740219116
MEX,2017,1.009401798248291
MEX,2018,0.9898691177368164
