country,year,cr_mod_3_f
afg,1981,0.5990034937858582
afg,1982,0.7409519553184509
afg,1983,0.8519570231437683
afg,1984,1.011620998382568
afg,1985,1.125056982040405
afg,1986,1.264570713043213
afg,1987,1.423364520072937
afg,1988,1.612623810768127
afg,1989,1.812306761741638
afg,2025,27.82113265991211
ago,1981,1.692580342292786
ago,1982,1.95567798614502
ago,1983,2.167895793914795
ago,1984,2.459467649459839
ago,1985,2.646319150924683
ago,1986,3.018481731414795
ago,1987,3.341749906539917
ago,1988,3.628634214401245
ago,1989,3.864053964614868
ago,1990,4.129565238952637
ago,1991,4.376312732696533
ago,1992,4.663499355316162
ago,1993,5.04329252243042
ago,1994,5.384871959686279
ago,1995,5.710906505584717
ago,1996,6.039266109466553
ago,1997,6.370857238769531
ago,1998,6.727650165557861
ago,1999,7.066284656524658
ago,2000,7.496139526367188
ago,2001,7.985870361328125
ago,2002,8.405439376831055
ago,2003,8.722061157226562
ago,2004,9.215960502624512
ago,2005,9.725232124328612
ago,2006,10.41014099121094
ago,2007,11.23129749298096
ago,2008,12.04877853393555
ago,2009,12.84759044647217
ago,2010,13.63741397857666
ago,2011,14.31260013580322
ago,2012,14.85215473175049
ago,2013,15.21146392822266
ago,2014,15.47562122344971
ago,2015,15.81412315368652
ago,2016,16.46693420410156
ago,2017,17.20500183105469
ago,2018,18.06809425354004
ago,2019,18.81664276123047
ago,2020,19.62978744506836
ago,2021,20.41781616210938
ago,2022,21.3256664276123
ago,2023,22.15878295898438
ago,2024,22.91240692138672
ago,2025,23.686279296875
alb,1981,39.2022590637207
alb,1982,39.66885375976563
alb,1983,39.89842224121094
alb,1984,40.25249481201172
alb,1985,40.70134735107422
alb,1986,41.42866516113281
alb,1987,42.27541351318359
alb,1988,43.30486297607422
alb,1989,44.56563186645508
alb,1990,46.15877914428711
alb,1991,47.58373260498047
alb,1992,48.32352447509766
alb,1993,48.58506774902344
alb,1994,48.13488388061523
alb,1995,47.40254211425781
alb,1996,46.26245880126953
alb,1997,44.84319686889648
alb,1998,43.59428787231445
alb,1999,42.84039306640625
alb,2000,42.61574935913086
alb,2001,42.80233001708984
alb,2002,43.16179275512695
alb,2003,43.71515655517578
alb,2004,44.79958343505859
alb,2005,46.19424438476563
alb,2006,47.90891265869141
alb,2007,49.74050521850586
alb,2008,51.92439270019531
alb,2009,54.49180221557617
alb,2010,57.74943161010742
alb,2011,61.51764678955078
alb,2012,65.60590362548828
alb,2013,69.59002685546875
alb,2014,73.32521057128906
alb,2015,76.55315399169922
alb,2016,79.46659088134766
alb,2017,81.78966522216797
alb,2018,83.5654067993164
alb,2019,85.18303680419922
alb,2020,86.61917114257812
alb,2021,87.67711639404297
alb,2022,88.88224792480469
alb,2023,89.89824676513672
alb,2024,90.76117706298828
alb,2025,91.5918197631836
arg,1981,49.04001235961914
arg,1982,49.40217590332031
arg,1983,49.63842010498047
arg,1984,50.33566284179688
arg,1985,51.54741668701172
arg,1986,52.99681854248047
arg,1987,53.92862319946289
arg,1988,54.66650390625
arg,1989,55.30484390258789
arg,1990,55.78850936889648
arg,1991,56.46779251098633
arg,1992,57.1451301574707
arg,1993,57.93080139160156
arg,1994,58.51010894775391
arg,1995,59.26566314697266
arg,1996,60.16242599487305
arg,1997,60.75624084472656
arg,1998,61.35054397583008
arg,1999,61.58962249755859
arg,2000,61.99367141723633
arg,2001,62.30895233154297
arg,2002,62.85929107666016
arg,2003,63.36370468139648
arg,2004,63.77582168579102
arg,2005,64.1627197265625
arg,2006,65.23169708251953
arg,2007,66.67505645751953
arg,2008,67.87372589111328
arg,2009,68.33599853515625
arg,2010,68.8340835571289
arg,2011,69.28498840332031
arg,2012,69.600830078125
arg,2013,69.73707580566406
arg,2014,70.0511245727539
arg,2015,70.44385528564453
arg,2016,70.97109985351562
arg,2017,71.5326156616211
arg,2018,72.10157775878906
arg,2019,72.5247802734375
arg,2020,73.08877563476562
arg,2021,73.66800689697266
arg,2022,74.25059509277344
arg,2023,74.69149017333984
arg,2024,75.17066192626953
arg,2025,75.79154968261719
arm,1981,95.04478454589844
arm,1982,95.14131927490234
arm,1983,95.23170471191406
arm,1984,95.32599639892578
arm,1985,95.40031433105467
arm,1986,95.45137786865234
arm,1987,95.39076232910156
arm,1988,95.29227447509766
arm,1989,95.17454528808594
arm,1990,95.22676849365234
arm,1991,95.2779541015625
arm,1992,95.39827728271484
arm,1993,95.37859344482422
arm,1994,95.1110382080078
arm,1995,94.72979736328124
arm,1996,94.23240661621094
arm,1997,93.90612030029295
arm,1998,93.69794464111328
arm,1999,93.6826400756836
arm,2000,93.76506042480467
arm,2001,93.87571716308594
arm,2002,93.93233489990234
arm,2003,94.01589965820312
arm,2004,94.1448211669922
arm,2005,94.34972381591795
arm,2006,94.63470458984376
arm,2007,94.78919982910156
arm,2008,94.90191650390624
arm,2009,95.00745391845705
arm,2010,95.15921783447266
arm,2011,95.32891082763672
arm,2012,95.46922302246094
arm,2013,95.62755584716795
arm,2014,95.7445831298828
arm,2015,95.93062591552734
arm,2016,96.06235504150392
arm,2017,96.14891052246094
arm,2018,96.22153472900392
arm,2019,96.31362152099608
arm,2020,96.4045181274414
arm,2021,96.4481964111328
arm,2022,96.49967193603516
arm,2023,96.62786102294922
arm,2024,96.65113830566406
arm,2025,96.69271087646484
aus,1981,75.25516510009766
aus,1982,75.97425842285156
aus,1983,76.62089538574219
aus,1984,77.22537231445312
aus,1985,77.60655212402344
aus,1986,77.98057556152344
aus,1987,78.48421478271484
aus,1988,78.93290710449219
aus,1989,79.27130889892578
aus,1990,79.72931671142578
aus,1991,80.31473541259766
aus,1992,80.70818328857422
aus,1993,81.04674530029297
aus,1994,81.51445770263672
aus,1995,81.93168640136719
aus,1996,82.21589660644531
aus,1997,82.74501037597656
aus,1998,83.09387969970703
aus,1999,83.46395111083984
aus,2000,83.70199584960938
aus,2001,84.09587097167969
aus,2002,84.59230041503906
aus,2003,85.26506805419922
aus,2004,85.82562255859375
aus,2005,86.35357666015625
aus,2006,86.75636291503906
aus,2007,87.07035064697266
aus,2008,87.47122192382812
aus,2009,87.80583953857422
aus,2010,87.96316528320312
aus,2011,87.95145416259766
aus,2012,87.87518310546875
aus,2013,87.90931701660156
aus,2014,88.08748626708984
aus,2015,88.4317398071289
aus,2016,88.8689956665039
aus,2017,89.47230529785156
aus,2018,89.95099639892578
aus,2019,90.35829925537108
aus,2020,90.7362823486328
aus,2021,91.05919647216795
aus,2022,91.36018371582033
aus,2023,91.62571716308594
aus,2024,91.90035247802734
aus,2025,92.12461853027344
aut,1981,72.46003723144531
aut,1982,73.17579650878906
aut,1983,73.98584747314453
aut,1984,74.65153503417969
aut,1985,75.2969741821289
aut,1986,76.07518768310547
aut,1987,76.89872741699219
aut,1988,77.44306945800781
aut,1989,77.86978149414062
aut,1990,78.12107849121094
aut,1991,78.71757507324219
aut,1992,79.10450744628906
aut,1993,79.67857360839844
aut,1994,80.36630249023438
aut,1995,81.18421936035156
aut,1996,82.0702133178711
aut,1997,82.7073745727539
aut,1998,83.314453125
aut,1999,83.8589859008789
aut,2000,84.35785675048828
aut,2001,84.58883666992188
aut,2002,84.4249267578125
aut,2003,84.17786407470703
aut,2004,83.95247650146484
aut,2005,83.89408111572266
aut,2006,83.93122863769531
aut,2007,84.08344268798828
aut,2008,84.24519348144531
aut,2009,84.54319763183594
aut,2010,84.94731140136719
aut,2011,85.41242218017578
aut,2012,85.99967193603516
aut,2013,86.34556579589844
aut,2014,86.5630111694336
aut,2015,86.68302154541016
aut,2016,86.87462615966797
aut,2017,87.09376525878906
aut,2018,87.32088470458984
aut,2019,87.57810974121094
aut,2020,87.9239273071289
aut,2021,88.16488647460938
aut,2022,88.41046142578125
aut,2023,88.64754486083984
aut,2024,88.90605926513672
aut,2025,89.18814086914062
aze,1981,29.6358642578125
aze,1982,29.56210327148438
aze,1983,29.52677726745605
aze,1984,29.42789459228516
aze,1985,29.86739921569824
aze,1986,30.64869499206543
aze,1987,31.68959808349609
aze,1988,32.62309646606445
aze,1989,33.24318313598633
aze,1990,33.93556213378906
aze,1991,34.94562530517578
aze,1992,36.55224609375
aze,1993,38.65260314941406
aze,1994,41.14926528930664
aze,1995,44.20839691162109
aze,1996,47.81764602661133
aze,1997,51.49362945556641
aze,1998,54.84960556030273
aze,1999,57.96759796142578
aze,2000,60.74287033081055
aze,2001,63.36353302001953
aze,2002,65.7436752319336
aze,2003,68.0273208618164
aze,2004,70.0252456665039
aze,2005,72.10811614990234
aze,2006,74.15874481201172
aze,2007,76.09579467773438
aze,2008,77.86764526367188
aze,2009,79.46338653564453
aze,2010,81.05816650390625
aze,2011,82.40972900390625
aze,2012,83.7735366821289
aze,2013,84.9515380859375
aze,2014,86.03792572021484
aze,2015,87.16559600830078
aze,2016,88.13248443603516
aze,2017,88.95345306396484
aze,2018,89.76763916015625
aze,2019,90.65995025634766
aze,2020,91.37554168701172
aze,2021,92.14261627197266
aze,2022,92.74727630615234
aze,2023,93.39420318603516
aze,2024,94.07049560546876
aze,2025,94.70470428466795
bdi,1981,0.3194612860679626
bdi,1982,0.3692587614059448
bdi,1983,0.4140450656414032
bdi,1984,0.4587186574935913
bdi,1985,0.4982608556747437
bdi,1986,0.5575055480003357
bdi,1987,0.6270157694816589
bdi,1988,0.6772996187210083
bdi,1989,0.7475286722183228
bdi,1990,0.7923524975776672
bdi,1991,0.8574013710021973
bdi,1992,0.9527876377105712
bdi,1993,1.025668382644653
bdi,1994,1.115236043930054
bdi,1995,1.236829280853271
bdi,1996,1.360934615135193
bdi,1997,1.495172023773193
bdi,1998,1.670463919639587
bdi,1999,1.820982933044434
bdi,2000,1.981614828109741
bdi,2001,2.077694892883301
bdi,2002,2.148688316345215
bdi,2003,2.234203815460205
bdi,2004,2.369317293167114
bdi,2005,2.598977327346802
bdi,2006,2.868703126907349
bdi,2007,3.173594951629639
bdi,2008,3.458755016326904
bdi,2009,3.744228363037109
bdi,2010,4.054580688476563
bdi,2011,4.414641857147217
bdi,2012,4.85955286026001
bdi,2013,5.37934398651123
bdi,2014,5.878726482391357
bdi,2015,6.302733421325684
bdi,2016,6.691647529602051
bdi,2017,7.100910663604736
bdi,2018,7.500534534454346
bdi,2019,7.950407981872559
bdi,2020,8.3902587890625
bdi,2021,8.830049514770508
bdi,2022,9.299779891967772
bdi,2023,9.789490699768066
bdi,2024,10.27412796020508
bdi,2025,10.78343486785889
bel,1981,69.8297348022461
bel,1982,70.58714294433594
bel,1983,71.02841186523438
bel,1984,71.58277893066406
bel,1985,72.26679229736328
bel,1986,72.87832641601562
bel,1987,73.52831268310547
bel,1988,74.19158935546875
bel,1989,74.7753677368164
bel,1990,75.59764862060547
bel,1991,76.51895141601562
bel,1992,77.53312683105469
bel,1993,78.44664764404297
bel,1994,79.2455062866211
bel,1995,79.87063598632812
bel,1996,80.39068603515625
bel,1997,80.95404052734375
bel,1998,81.4832534790039
bel,1999,81.84789276123047
bel,2000,82.18524932861328
bel,2001,82.1971206665039
bel,2002,82.17815399169922
bel,2003,82.10707092285156
bel,2004,82.26045227050781
bel,2005,82.56112670898438
bel,2006,83.01680755615234
bel,2007,83.43341064453125
bel,2008,83.71126556396484
bel,2009,83.85283660888672
bel,2010,84.05326080322266
bel,2011,84.51416778564453
bel,2012,85.02648162841797
bel,2013,85.63321685791016
bel,2014,86.30361938476562
bel,2015,86.88349151611328
bel,2016,87.48429870605469
bel,2017,87.90150451660156
bel,2018,88.22013092041016
bel,2019,88.56825256347656
bel,2020,88.9935302734375
bel,2021,89.31771850585938
bel,2022,89.63212585449219
bel,2023,90.00508117675781
bel,2024,90.35980224609376
bel,2025,90.68360137939452
ben,1981,2.131836891174316
ben,1982,2.136974334716797
ben,1983,2.1966392993927
ben,1984,2.206063508987427
ben,1985,2.210169553756714
ben,1986,2.174107551574707
ben,1987,2.127867460250854
ben,1988,2.071689367294312
ben,1989,2.030458927154541
ben,1990,1.999595165252686
ben,1991,2.013608455657959
ben,1992,2.012707948684692
ben,1993,2.003533363342285
ben,1994,2.013556003570557
ben,1995,2.011741638183594
ben,1996,2.03529953956604
ben,1997,2.089047908782959
ben,1998,2.208112716674805
ben,1999,2.342329978942871
ben,2000,2.510937213897705
ben,2001,2.658754110336304
ben,2002,2.82650089263916
ben,2003,3.084409952163696
ben,2004,3.382118463516235
ben,2005,3.688357353210449
ben,2006,4.002775192260742
ben,2007,4.320966243743896
ben,2008,4.698644638061523
ben,2009,5.060772895812988
ben,2010,5.437461853027344
ben,2011,5.729254722595215
ben,2012,6.086150646209717
ben,2013,6.44791841506958
ben,2014,6.866630077362061
ben,2015,7.337124347686768
ben,2016,7.803954124450684
ben,2017,8.244887351989746
ben,2018,8.7459716796875
ben,2019,9.311767578125
ben,2020,9.847725868225098
ben,2021,10.47495269775391
ben,2022,11.16417789459229
ben,2023,11.62917137145996
ben,2024,12.11581611633301
ben,2025,12.34643459320068
bfa,1981,0.4559429883956909
bfa,1982,0.5102927088737488
bfa,1983,0.569633960723877
bfa,1984,0.6538968086242676
bfa,1985,0.7534579038619995
bfa,1986,0.8684574365615845
bfa,1987,0.968887984752655
bfa,1988,1.084516048431396
bfa,1989,1.18532395362854
bfa,1990,1.296362400054932
bfa,1991,1.417855620384216
bfa,1992,1.524417519569397
bfa,1993,1.605275273323059
bfa,1994,1.715202569961548
bfa,1995,1.819390773773193
bfa,1996,1.903288125991821
bfa,1997,1.951857686042786
bfa,1998,2.004127264022827
bfa,1999,2.060715436935425
bfa,2000,2.132641315460205
bfa,2001,2.184692621231079
bfa,2002,2.231903553009033
bfa,2003,2.299801588058472
bfa,2004,2.347723960876465
bfa,2005,2.395968198776245
bfa,2006,2.404382467269897
bfa,2007,2.468472719192505
bfa,2008,2.608737230300903
bfa,2009,2.829573631286621
bfa,2010,3.080270528793335
bfa,2011,3.345647096633911
bfa,2012,3.650519132614136
bfa,2013,3.975798368453979
bfa,2014,4.436414241790771
bfa,2015,4.971126556396484
bfa,2016,5.559726238250732
bfa,2017,6.187023639678955
bfa,2018,6.828807353973389
bfa,2019,7.550355434417725
bfa,2020,8.26053237915039
bfa,2021,8.909387588500977
bfa,2022,9.5601224899292
bfa,2023,10.13905811309814
bfa,2024,10.66208839416504
bfa,2025,11.15403270721436
bgd,1981,0.7414855360984802
bgd,1982,0.8838406205177307
bgd,1983,1.137479782104492
bgd,1984,1.368862867355347
bgd,1985,1.573947787284851
bgd,1986,1.740119814872742
bgd,1987,1.855529546737671
bgd,1988,2.079650640487671
bgd,1989,2.332092761993408
bgd,1990,2.66028356552124
bgd,1991,2.870857238769531
bgd,1992,3.050292253494263
bgd,1993,3.229826927185059
bgd,1994,3.406793355941772
bgd,1995,3.591145753860474
bgd,1996,3.853071212768555
bgd,1997,4.205744743347168
bgd,1998,4.749066352844238
bgd,1999,5.352944850921631
bgd,2000,5.848031520843506
bgd,2001,6.119497776031494
bgd,2002,6.173018455505371
bgd,2003,6.2060866355896
bgd,2004,6.336903095245361
bgd,2005,6.569550037384033
bgd,2006,6.785403251647949
bgd,2007,7.038899898529053
bgd,2008,7.326122760772705
bgd,2009,8.095061302185059
bgd,2010,9.257257461547852
bgd,2011,10.74058246612549
bgd,2012,12.52959156036377
bgd,2013,14.49560260772705
bgd,2014,16.55790901184082
bgd,2015,18.5458927154541
bgd,2016,20.54963302612305
bgd,2017,22.83096504211426
bgd,2018,25.1309757232666
bgd,2019,27.36647415161133
bgd,2020,29.38097953796387
bgd,2021,31.39067268371582
bgd,2022,33.39847183227539
bgd,2023,35.39727401733398
bgd,2024,37.27507781982422
bgd,2025,39.02885818481445
bgr,1981,79.99671173095703
bgr,1982,80.31389617919922
bgr,1983,80.59192657470703
bgr,1984,80.99691009521484
bgr,1985,81.24263000488281
bgr,1986,81.46192169189453
bgr,1987,81.7944564819336
bgr,1988,82.10397338867188
bgr,1989,82.34528350830078
bgr,1990,82.57466125488281
bgr,1991,82.6944808959961
bgr,1992,82.57154083251953
bgr,1993,82.4931640625
bgr,1994,82.31919860839844
bgr,1995,82.18289947509766
bgr,1996,82.11557006835938
bgr,1997,82.0162124633789
bgr,1998,82.04963684082031
bgr,1999,81.88534545898438
bgr,2000,81.61542510986328
bgr,2001,81.31705474853516
bgr,2002,81.0604476928711
bgr,2003,80.92939758300781
bgr,2004,80.87623596191406
bgr,2005,80.96458435058594
bgr,2006,81.32376098632812
bgr,2007,81.88742065429688
bgr,2008,82.35697174072266
bgr,2009,82.602294921875
bgr,2010,82.74462890625
bgr,2011,82.99553680419922
bgr,2012,83.31171417236328
bgr,2013,83.69512939453125
bgr,2014,84.11262512207031
bgr,2015,84.58200073242188
bgr,2016,85.05989837646484
bgr,2017,85.51959228515625
bgr,2018,85.96399688720703
bgr,2019,86.35611724853516
bgr,2020,86.65227508544922
bgr,2021,86.88639068603516
bgr,2022,87.05581665039062
bgr,2023,87.28233337402344
bgr,2024,87.4751968383789
bgr,2025,87.68955993652344
bih,1981,36.51290893554688
bih,1982,37.60302734375
bih,1983,38.87734603881836
bih,1984,40.19886779785156
bih,1985,41.31358337402344
bih,1986,42.21803283691406
bih,1987,42.64929580688477
bih,1988,42.68488693237305
bih,1989,42.16905212402344
bih,1990,41.7625617980957
bih,1991,41.6959228515625
bih,1992,42.05662536621094
bih,1993,42.6921501159668
bih,1994,43.3187255859375
bih,1995,44.05375671386719
bih,1996,44.98011779785156
bih,1997,46.1107292175293
bih,1998,47.39726638793945
bih,1999,48.85337066650391
bih,2000,50.47687911987305
bih,2001,51.9134521484375
bih,2002,53.33744812011719
bih,2003,54.42313003540039
bih,2004,55.66154098510742
bih,2005,56.69551467895508
bih,2006,57.85884094238281
bih,2007,58.96466827392578
bih,2008,59.94113159179688
bih,2009,60.72475814819336
bih,2010,61.71929931640625
bih,2011,62.62735366821289
bih,2012,63.36635589599609
bih,2013,64.12140655517578
bih,2014,64.97352600097656
bih,2015,65.58563232421875
bih,2016,66.44467163085938
bih,2017,67.21880340576172
bih,2018,68.13011169433594
bih,2019,68.75411224365234
bih,2020,69.56905364990234
bih,2021,70.26832580566406
bih,2022,70.81734466552734
bih,2023,71.50255584716797
bih,2024,72.20355224609375
bih,2025,72.96432495117188
blr,1981,76.92756652832031
blr,1982,77.43350982666016
blr,1983,78.04208374023438
blr,1984,78.6446533203125
blr,1985,79.24080657958984
blr,1986,79.72767639160156
blr,1987,80.14735412597656
blr,1988,80.9085922241211
blr,1989,81.44525909423828
blr,1990,81.94973754882812
blr,1991,82.60127258300781
blr,1992,83.33531188964844
blr,1993,84.12770080566406
blr,1994,85.05323791503906
blr,1995,85.85452270507812
blr,1996,86.79804992675781
blr,1997,87.36786651611328
blr,1998,87.96227264404297
blr,1999,88.43135833740234
blr,2000,88.95000457763672
blr,2001,89.4590835571289
blr,2002,89.92277526855469
blr,2003,90.25948333740234
blr,2004,90.59503936767578
blr,2005,90.90280151367188
blr,2006,91.08480072021484
blr,2007,91.2359619140625
blr,2008,91.31891632080078
blr,2009,91.48861694335938
blr,2010,91.65360260009766
blr,2011,91.83203125
blr,2012,92.04412841796876
blr,2013,92.25788879394533
blr,2014,92.46604919433594
blr,2015,92.72660064697266
blr,2016,93.01485443115234
blr,2017,93.325927734375
blr,2018,93.6239776611328
blr,2019,93.86679077148438
blr,2020,94.07855224609376
blr,2021,94.35640716552734
blr,2022,94.57920074462892
blr,2023,94.8222198486328
blr,2024,95.0251922607422
blr,2025,95.28871154785156
blz,1981,7.151873111724854
blz,1982,7.43345832824707
blz,1983,7.731766700744629
blz,1984,8.055237770080566
blz,1985,8.253440856933594
blz,1986,8.544498443603516
blz,1987,8.784621238708496
blz,1988,9.078124046325684
blz,1989,9.530043601989746
blz,2025,24.53286170959473
bol,1981,22.10464859008789
bol,1982,23.31008338928223
bol,1983,24.47064590454102
bol,1984,25.57675170898438
bol,1985,26.45879554748535
bol,1986,27.16498756408691
bol,1987,27.90640640258789
bol,1988,28.92829132080078
bol,1989,30.20706558227539
bol,1990,31.48108863830566
bol,1991,32.53488159179688
bol,1992,33.72837066650391
bol,1993,34.97517013549805
bol,1994,36.34053421020508
bol,1995,37.86748886108398
bol,1996,39.4453125
bol,1997,41.13623046875
bol,1998,42.60465240478516
bol,1999,44.18781280517578
bol,2000,45.77261352539063
bol,2001,47.37568283081055
bol,2002,49.07582473754883
bol,2003,50.82767486572266
bol,2004,52.32104873657227
bol,2005,53.6163330078125
bol,2006,55.00046539306641
bol,2007,56.78359222412109
bol,2008,58.71058654785156
bol,2009,60.26108932495117
bol,2010,61.1364860534668
bol,2011,61.98122406005859
bol,2012,63.09725189208984
bol,2013,64.90055084228516
bol,2014,66.94673156738281
bol,2015,69.08698272705078
bol,2016,70.92575073242188
bol,2017,72.70387268066406
bol,2018,74.3551025390625
bol,2019,76.08670806884766
bol,2020,77.69854736328125
bol,2021,79.30125427246094
bol,2022,80.83013916015625
bol,2023,82.177001953125
bol,2024,83.42903137207031
bol,2025,84.52006530761719
bra,1981,34.22965240478516
bra,1982,34.83033752441406
bra,1983,35.32106018066406
bra,1984,35.84211730957031
bra,1985,36.4630241394043
bra,1986,36.70402526855469
bra,1987,36.76004028320313
bra,1988,36.70706176757813
bra,1989,36.88362503051758
bra,1990,37.1444091796875
bra,1991,37.70424270629883
bra,1992,38.45443725585938
bra,1993,39.25457763671875
bra,1994,39.97028732299805
bra,1995,40.77626419067383
bra,1996,41.89250564575195
bra,1997,43.45901489257813
bra,1998,45.32014083862305
bra,1999,47.21559524536133
bra,2000,49.0012321472168
bra,2001,50.97300720214844
bra,2002,52.84128189086914
bra,2003,54.50042724609375
bra,2004,55.63936233520508
bra,2005,56.5679931640625
bra,2006,57.62090301513672
bra,2007,58.71878051757813
bra,2008,59.75618743896484
bra,2009,60.69921493530273
bra,2010,61.49234390258789
bra,2011,62.35563659667969
bra,2012,63.09394836425781
bra,2013,63.93782424926758
bra,2014,64.94149017333984
bra,2015,66.12284088134766
bra,2016,67.34464263916016
bra,2017,68.50923156738281
bra,2018,69.82977294921875
bra,2019,71.11233520507812
bra,2020,72.35350036621094
bra,2021,73.31562042236328
bra,2022,74.20418548583984
bra,2023,75.11264038085938
bra,2024,75.92422485351562
bra,2025,76.70591735839844
brb,1981,84.75936126708984
brb,1982,85.08824157714844
brb,1983,85.59723663330078
brb,1984,86.11804962158203
brb,1985,86.70752716064453
brb,1986,87.38028717041016
brb,1987,87.80438232421875
brb,1988,88.1612777709961
brb,1989,88.67615509033203
brb,1990,88.95732879638672
brb,1991,89.4915542602539
brb,1992,89.98968505859375
brb,1993,90.45667266845705
brb,1994,90.9595184326172
brb,1995,91.46463775634766
brb,1996,91.93587493896484
brb,1997,92.39482879638672
brb,1998,92.73740386962892
brb,1999,93.04932403564452
brb,2000,93.38266754150392
brb,2001,93.75048065185548
brb,2002,94.18096923828124
brb,2003,94.41973114013672
brb,2004,94.68836975097656
brb,2005,94.95374298095705
brb,2006,95.14947509765624
brb,2007,95.3957748413086
brb,2008,95.62225341796876
brb,2009,95.8292999267578
brb,2010,96.02774047851564
brb,2011,96.2406997680664
brb,2012,96.42555236816406
brb,2013,96.61255645751952
brb,2014,96.77890014648438
brb,2015,96.93158721923828
brb,2016,97.09398651123048
brb,2017,97.35144805908205
brb,2018,97.51302337646484
brb,2019,97.67032623291016
brb,2020,97.85828399658205
brb,2021,97.9617156982422
brb,2022,98.1167221069336
brb,2023,98.23485565185548
brb,2024,98.29991149902344
brb,2025,98.44176483154295
btn,1981,0.0
btn,1982,0.0
btn,1983,0.400751143693924
btn,1984,0.8567479848861694
btn,1985,1.302772760391235
btn,1986,1.72816789150238
btn,1987,2.310528755187988
btn,1988,2.957979202270508
btn,1989,3.726033926010132
btn,1990,4.589250087738037
btn,1991,5.383902549743652
btn,1992,6.22432279586792
btn,1993,6.936191558837891
btn,1994,7.630565166473389
btn,1995,8.428580284118652
btn,1996,9.392623901367188
btn,1997,10.6686429977417
btn,1998,12.2816915512085
btn,1999,13.99805545806885
btn,2000,15.78643989562988
btn,2001,17.84346771240234
btn,2002,19.99441146850586
btn,2003,22.22045707702637
btn,2004,24.68575286865234
btn,2005,27.57973289489746
btn,2006,30.79752349853516
btn,2007,34.00338745117188
btn,2008,37.11307907104492
btn,2009,40.33806228637695
btn,2010,43.47286987304688
btn,2011,46.65384674072266
btn,2012,49.55222702026367
btn,2013,52.36044692993164
btn,2014,55.34211349487305
btn,2015,58.02077865600586
btn,2016,60.83933258056641
btn,2017,63.60664749145508
btn,2018,66.0869369506836
btn,2019,68.60128784179688
btn,2020,70.96038055419922
btn,2021,73.40282440185547
btn,2022,75.61167907714844
btn,2023,77.6612548828125
btn,2024,79.68402099609375
btn,2025,81.47492980957031
bwa,1981,9.497010231018066
bwa,1982,10.16208553314209
bwa,1983,10.82442855834961
bwa,1984,11.54683876037598
bwa,1985,12.54474544525146
bwa,1986,13.60242557525635
bwa,1987,14.74819087982178
bwa,1988,16.0391674041748
bwa,1989,17.43614196777344
bwa,1990,18.77828979492188
bwa,1991,20.43325996398926
bwa,1992,21.9072322845459
bwa,1993,23.22793579101563
bwa,1994,24.37077522277832
bwa,1995,25.58492279052734
bwa,1996,26.78895378112793
bwa,1997,27.97443389892578
bwa,1998,29.14743041992188
bwa,1999,30.14619064331055
bwa,2000,31.07742500305176
bwa,2001,32.08585739135742
bwa,2002,33.42427444458008
bwa,2003,35.06243896484375
bwa,2004,36.55495071411133
bwa,2005,38.06485366821289
bwa,2006,39.37755584716797
bwa,2007,40.96932601928711
bwa,2008,42.4731559753418
bwa,2009,44.59827041625977
bwa,2010,47.02083587646484
bwa,2011,49.86293411254883
bwa,2012,52.16445159912109
bwa,2013,54.2657356262207
bwa,2014,56.00150680541992
bwa,2015,57.55870056152344
bwa,2016,59.21158981323242
bwa,2017,60.70533752441406
bwa,2018,62.44925689697266
bwa,2019,64.15837860107422
bwa,2020,65.71000671386719
bwa,2021,67.21743774414062
bwa,2022,68.83535766601562
bwa,2023,70.27886199951172
bwa,2024,71.70466613769531
bwa,2025,73.15805053710938
caf,1981,1.160262823104858
caf,1982,1.180051565170288
caf,1983,1.243900060653687
caf,1984,1.271564483642578
caf,1985,1.28842830657959
caf,1986,1.327165722846985
caf,1987,1.343668937683105
caf,1988,1.399489521980286
caf,1989,1.425526142120361
caf,1990,1.491414189338684
caf,1991,1.509641170501709
caf,1992,1.560054779052734
caf,1993,1.599250912666321
caf,1994,1.683271050453186
caf,1995,1.798588991165161
caf,1996,1.926797032356262
caf,1997,2.048517465591431
caf,1998,2.132895231246948
caf,1999,2.244055986404419
caf,2000,2.301664352416992
caf,2001,2.366112947463989
caf,2002,2.391359329223633
caf,2003,2.431864261627197
caf,2004,2.512595415115356
caf,2005,2.613942861557007
caf,2006,2.72539758682251
caf,2007,2.876869201660156
caf,2008,3.062637090682983
caf,2009,3.251124143600464
caf,2010,3.368836879730225
caf,2011,3.40823769569397
caf,2012,3.474286794662476
caf,2013,3.510845422744751
caf,2014,3.576797723770142
caf,2015,3.667588472366333
caf,2016,3.795906543731689
caf,2017,3.952495813369751
caf,2018,4.060784339904785
caf,2019,4.254728317260742
caf,2020,4.418215274810791
caf,2021,4.577536582946777
caf,2022,4.741966724395752
caf,2023,4.909886837005615
caf,2024,5.043840885162354
caf,2025,5.182609081268311
can,1981,82.81592559814453
can,1982,83.0602798461914
can,1983,83.39156341552734
can,1984,83.85726928710938
can,1985,84.73504638671875
can,1986,85.50294494628906
can,1987,86.16120147705078
can,1988,86.41189575195312
can,1989,86.55060577392578
can,1990,86.835205078125
can,1991,87.23912811279297
can,1992,87.50737762451172
can,1993,87.66734313964844
can,1994,88.04755401611328
can,1995,88.46798706054688
can,1996,88.72623443603516
can,1997,88.7974624633789
can,1998,88.80264282226562
can,1999,88.88401794433594
can,2000,88.916259765625
can,2001,88.84230041503906
can,2002,88.73500061035156
can,2003,88.66752624511719
can,2004,88.58893585205078
can,2005,88.40624237060547
can,2006,88.26204681396484
can,2007,88.08283996582031
can,2008,88.02558135986328
can,2009,88.04682159423828
can,2010,88.2131576538086
can,2011,88.3974380493164
can,2012,88.64115905761719
can,2013,88.8545150756836
can,2014,89.1527328491211
can,2015,89.35909271240234
can,2016,89.61261749267578
can,2017,89.86474609375
can,2018,90.06703186035156
can,2019,90.2856674194336
can,2020,90.46132659912108
can,2021,90.67723846435548
can,2022,90.84440612792967
can,2023,91.01447296142578
can,2024,91.24204254150392
can,2025,91.45372009277344
che,1981,78.67819213867188
che,1982,79.54464721679688
che,1983,80.26622009277344
che,1984,80.94856262207031
che,1985,81.60209655761719
che,1986,82.32080078125
che,1987,82.97837829589844
che,1988,83.3811264038086
che,1989,83.77203369140625
che,1990,84.0899887084961
che,1991,84.40508270263672
che,1992,84.36760711669922
che,1993,84.39295959472656
che,1994,84.31372833251953
che,1995,84.34297943115234
che,1996,84.57792663574219
che,1997,85.11538696289062
che,1998,85.73487091064453
che,1999,86.27501678466797
che,2000,86.74506378173828
che,2001,87.18553161621094
che,2002,87.49485778808594
che,2003,87.71530151367188
che,2004,87.83531188964844
che,2005,88.01636505126953
che,2006,88.32747650146484
che,2007,88.89927673339844
che,2008,89.60032653808594
che,2009,90.315185546875
che,2010,90.9163818359375
che,2011,91.46588134765624
che,2012,91.8622589111328
che,2013,92.15753936767578
che,2014,92.27273559570312
che,2015,92.33816528320312
che,2016,92.40535736083984
che,2017,92.58512878417967
che,2018,92.74861907958984
che,2019,92.93251800537108
che,2020,93.1673583984375
che,2021,93.39643096923828
che,2022,93.65470123291016
che,2023,93.8929443359375
che,2024,94.05276489257812
che,2025,94.25037384033205
chl,1981,47.50216293334961
chl,1982,48.58286285400391
chl,1983,49.54352569580078
chl,1984,50.42955017089844
chl,1985,51.41060256958008
chl,1986,52.69733428955078
chl,1987,54.31363677978516
chl,1988,55.71937561035156
chl,1989,57.00456619262695
chl,1990,58.03611373901367
chl,1991,59.35271072387695
chl,1992,60.75570297241211
chl,1993,62.31800842285156
chl,1994,63.46038818359375
chl,1995,64.55191802978516
chl,1996,65.82003784179688
chl,1997,67.44306945800781
chl,1998,68.96964263916016
chl,1999,70.39572143554688
chl,2000,71.49928283691406
chl,2001,73.0397720336914
chl,2002,74.58058166503906
chl,2003,76.23346710205078
chl,2004,77.80134582519531
chl,2005,78.95236206054688
chl,2006,79.87324523925781
chl,2007,80.45913696289062
chl,2008,81.19391632080078
chl,2009,81.87013244628906
chl,2010,82.28211212158203
chl,2011,82.5604019165039
chl,2012,82.95585632324219
chl,2013,83.46329498291016
chl,2014,84.02058410644531
chl,2015,84.49726104736328
chl,2016,84.96440887451172
chl,2017,85.25111389160156
chl,2018,85.5379638671875
chl,2019,85.95450592041016
chl,2020,86.55784606933594
chl,2021,87.1424331665039
chl,2022,87.76728057861328
chl,2023,88.27361297607422
chl,2024,88.760498046875
chl,2025,89.23419189453125
chn,1981,20.60854911804199
chn,1982,19.84042930603027
chn,1983,18.61202239990234
chn,1984,16.87060356140137
chn,1985,14.81180477142334
chn,1986,12.77735710144043
chn,1987,11.44613170623779
chn,1988,11.15532398223877
chn,1989,11.81211090087891
chn,1990,12.73751926422119
chn,1991,13.70516681671143
chn,1992,14.53805160522461
chn,1993,15.47759437561035
chn,1994,16.25954055786133
chn,1995,17.14672470092773
chn,1996,18.3725528717041
chn,1997,20.10803413391113
chn,1998,22.30223274230957
chn,1999,24.63045883178711
chn,2000,26.65116500854492
chn,2001,28.26255226135254
chn,2002,29.74620056152344
chn,2003,31.18376922607422
chn,2004,32.71554565429688
chn,2005,34.23979568481445
chn,2006,35.94102096557617
chn,2007,38.08663940429688
chn,2008,40.67034149169922
chn,2009,43.93538665771484
chn,2010,48.17309188842773
chn,2011,53.31151580810547
chn,2012,58.84912872314453
chn,2013,64.0875015258789
chn,2014,68.68115234375
chn,2015,72.7640380859375
chn,2016,76.53240203857422
chn,2017,80.14645385742188
chn,2018,83.59754180908203
chn,2019,86.78834533691406
chn,2020,89.78368377685547
chn,2021,92.36182403564452
chn,2022,94.61956787109376
chn,2023,96.55850219726564
chn,2024,97.98290252685548
chn,2025,99.32794952392578
civ,1981,1.246186017990112
civ,1982,1.337069511413574
civ,1983,1.437670230865479
civ,1984,1.508023858070374
civ,1985,1.640566229820251
civ,1986,1.735571146011353
civ,1987,1.842506170272827
civ,1988,1.942779302597046
civ,1989,2.094694137573242
civ,1990,2.2439124584198
civ,1991,2.416460990905762
civ,1992,2.607905149459839
civ,1993,2.795904636383057
civ,1994,2.985502958297729
civ,1995,3.255718469619751
civ,1996,3.483281135559082
civ,1997,3.648171186447144
civ,1998,3.775010585784912
civ,1999,3.924853324890137
civ,2000,4.089750289916992
civ,2001,4.305619716644287
civ,2002,4.562475681304932
civ,2003,4.811738014221191
civ,2004,5.073688507080078
civ,2005,5.299513816833496
civ,2006,5.521358966827393
civ,2007,5.85620641708374
civ,2008,6.278863906860352
civ,2009,6.774483680725098
civ,2010,7.281939029693604
civ,2011,7.72996997833252
civ,2012,8.051948547363281
civ,2013,8.426605224609375
civ,2014,8.765649795532227
civ,2015,9.158488273620604
civ,2016,9.40947151184082
civ,2017,9.63253688812256
civ,2018,9.890731811523438
civ,2019,10.10925197601318
civ,2020,10.39944171905518
civ,2021,10.85330104827881
civ,2022,11.38920402526855
civ,2023,11.89133071899414
civ,2024,12.40556335449219
civ,2025,12.92190265655518
cmr,1981,3.098916292190552
cmr,1982,3.321587324142456
cmr,1983,3.603458881378174
cmr,1984,3.902147531509399
cmr,1985,4.185966968536377
cmr,1986,4.389437675476074
cmr,1987,4.567936897277832
cmr,1988,4.771390438079834
cmr,1989,5.039933681488037
cmr,1990,5.284099102020264
cmr,1991,5.503738403320313
cmr,1992,5.603730201721191
cmr,1993,5.674202442169189
cmr,1994,5.814888000488281
cmr,1995,5.91063117980957
cmr,1996,6.031356811523438
cmr,1997,6.186890602111816
cmr,1998,6.477268695831299
cmr,1999,6.82265043258667
cmr,2000,7.15290355682373
cmr,2001,7.482973575592041
cmr,2002,7.82798957824707
cmr,2003,8.202829360961914
cmr,2004,8.647652626037598
cmr,2005,9.227334976196287
cmr,2006,9.987109184265137
cmr,2007,10.82194042205811
cmr,2008,11.65712356567383
cmr,2009,12.31222534179688
cmr,2010,12.82751274108887
cmr,2011,13.15791702270508
cmr,2012,13.54351329803467
cmr,2013,14.10892200469971
cmr,2014,14.90427303314209
cmr,2015,15.82966709136963
cmr,2016,16.71991729736328
cmr,2017,17.53999710083008
cmr,2018,18.31509017944336
cmr,2019,19.00519943237305
cmr,2020,19.7152099609375
cmr,2021,20.43012237548828
cmr,2022,21.10506057739258
cmr,2023,21.94499206542969
cmr,2024,22.64497184753418
cmr,2025,23.34997749328613
cod,1981,5.682938098907471
cod,1982,5.836221218109131
cod,1983,6.074773788452148
cod,1984,6.263706684112549
cod,1985,6.522017002105713
cod,1986,6.913802623748779
cod,1987,7.285593032836914
cod,1988,7.61774730682373
cod,1989,7.860033512115479
cod,1990,8.058243751525879
cod,1991,8.22154426574707
cod,1992,8.400325775146484
cod,1993,8.500734329223633
cod,1994,8.635943412780762
cod,1995,8.813218116760254
cod,1996,9.008567810058594
cod,1997,9.22817039489746
cod,1998,9.529428482055664
cod,1999,9.810639381408691
cod,2000,10.07600784301758
cod,2001,10.24789047241211
cod,2002,10.4059886932373
cod,2003,10.41476345062256
cod,2004,10.40868186950684
cod,2005,10.41309261322021
cod,2006,10.48282527923584
cod,2007,10.73767375946045
cod,2008,11.41273784637451
cod,2009,12.5932445526123
cod,2010,14.00382328033447
cod,2011,15.2290096282959
cod,2012,15.81415843963623
cod,2013,16.08452796936035
cod,2014,16.39488792419434
cod,2015,17.1495246887207
cod,2016,18.22952270507813
cod,2017,19.34473991394043
cod,2018,20.25969696044922
cod,2019,21.02450370788574
cod,2020,21.72432327270508
cod,2021,22.6490421295166
cod,2022,23.70848846435547
cod,2023,24.72276496887207
cod,2024,25.58144378662109
cod,2025,26.25055313110352
cog,1981,7.173614978790283
cog,1982,7.310378074645996
cog,1983,7.585402965545654
cog,1984,7.937466144561768
cog,1985,8.166465759277344
cog,1986,8.38382625579834
cog,1987,8.510248184204102
cog,1988,8.599152565002441
cog,1989,8.551886558532715
cog,1990,8.32878589630127
cog,1991,8.135650634765625
cog,1992,8.11073112487793
cog,1993,8.104355812072754
cog,1994,8.163945198059082
cog,1995,8.48703670501709
cog,1996,8.802252769470215
cog,1997,9.091217041015623
cog,1998,9.41468906402588
cog,1999,9.626543045043944
cog,2000,9.63759422302246
cog,2001,9.615546226501465
cog,2002,9.336559295654297
cog,2003,9.109071731567385
cog,2004,9.172061920166016
cog,2005,9.401968002319336
cog,2006,9.938654899597168
cog,2007,10.55467891693115
cog,2008,11.29968547821045
cog,2009,12.03127861022949
cog,2010,12.76300430297852
cog,2011,13.60298347473145
cog,2012,14.64683532714844
cog,2013,16.07439422607422
cog,2014,17.97692680358887
cog,2015,20.03473091125488
cog,2016,21.85821151733398
cog,2017,23.18754196166992
cog,2018,24.30275917053223
cog,2019,25.04792785644531
cog,2020,25.81303977966309
cog,2021,26.4381160736084
cog,2022,27.41371917724609
cog,2023,27.83407592773438
cog,2024,28.59453010559082
cog,2025,29.28032875061035
col,1981,32.13815307617188
col,1982,32.52842330932617
col,1983,33.16455078125
col,1984,33.86542129516602
col,1985,34.74810028076172
col,1986,35.65057373046875
col,1987,36.58211517333984
col,1988,37.64162445068359
col,1989,38.59169769287109
col,1990,39.80231857299805
col,1991,41.19391632080078
col,1992,42.71411514282227
col,1993,44.13405227661133
col,1994,45.37910461425781
col,1995,46.84885406494141
col,1996,48.51813125610352
col,1997,50.59803009033203
col,1998,52.91532135009766
col,1999,55.22313690185547
col,2000,57.07975769042969
col,2001,58.20510482788086
col,2002,58.90022277832031
col,2003,59.65085601806641
col,2004,60.58616256713867
col,2005,61.62327575683594
col,2006,62.59541702270508
col,2007,63.64194107055664
col,2008,65.00732421875
col,2009,66.86002349853516
col,2010,68.25149536132812
col,2011,69.72899627685547
col,2012,70.87493896484375
col,2013,71.91175079345703
col,2014,72.23564147949219
col,2015,71.69406127929688
col,2016,70.48634338378906
col,2017,68.94847106933594
col,2018,67.67523193359375
col,2019,66.84223937988281
col,2020,66.67162322998047
col,2021,66.94242095947266
col,2022,67.5835952758789
col,2023,68.38117980957031
col,2024,69.06328582763672
col,2025,69.7513656616211
com,1981,1.477733254432678
com,1982,1.697661399841309
com,1983,1.886387705802917
com,1984,2.091182470321655
com,1985,2.284910202026367
com,1986,2.535797834396362
com,1987,2.791976690292358
com,1988,3.034322738647461
com,1989,3.333362579345703
com,1990,3.557991504669189
com,1991,3.714671611785889
com,1992,3.924481391906738
com,1993,4.102457046508789
com,1994,4.383944511413574
com,1995,4.734139442443848
com,1996,5.253973960876465
com,1997,5.850968360900879
com,1998,6.415431499481201
com,1999,7.09077787399292
com,2000,7.89530611038208
com,2001,8.841521263122559
com,2002,9.924838066101074
com,2003,11.03462409973145
com,2004,12.22735500335693
com,2005,13.39513683319092
com,2006,14.54917240142822
com,2007,15.81371879577637
com,2008,17.02140998840332
com,2009,18.36723518371582
com,2010,19.77845191955566
com,2011,21.3697509765625
com,2012,22.97063636779785
com,2013,24.62469863891602
com,2014,26.18035316467285
com,2015,27.845458984375
com,2016,29.5305004119873
com,2017,31.48124885559082
com,2018,33.55203247070313
com,2019,35.66875457763672
com,2020,37.47575759887695
com,2021,38.92315673828125
com,2022,40.22061538696289
com,2023,41.74942016601563
com,2024,43.43432235717773
com,2025,45.20273971557617
cri,1981,33.49321365356445
cri,1982,33.72914886474609
cri,1983,33.86737442016602
cri,1984,33.83565521240234
cri,1985,33.37668609619141
cri,1986,32.45455932617188
cri,1987,31.27042770385742
cri,1988,30.48237037658691
cri,1989,30.23719024658203
cri,1990,30.18449592590332
cri,1991,30.04545783996582
cri,1992,30.25118637084961
cri,1993,31.16299057006836
cri,1994,32.56416702270508
cri,1995,33.82925033569336
cri,1996,34.67922592163086
cri,1997,35.10367965698242
cri,1998,36.22476959228516
cri,1999,37.57220458984375
cri,2000,38.90700912475586
cri,2001,39.94563674926758
cri,2002,41.1982536315918
cri,2003,42.74125289916992
cri,2004,43.88661575317383
cri,2005,44.79247665405273
cri,2006,45.44087600708008
cri,2007,46.48439407348633
cri,2008,47.85935592651367
cri,2009,49.82315826416016
cri,2010,51.9344596862793
cri,2011,53.53633117675781
cri,2012,54.76520156860352
cri,2013,55.43912506103516
cri,2014,56.04586791992188
cri,2015,56.57226943969727
cri,2016,57.24866104125977
cri,2017,58.00129318237305
cri,2018,58.83290100097656
cri,2019,59.4678955078125
cri,2020,60.12723541259766
cri,2021,60.88106536865234
cri,2022,61.47441482543945
cri,2023,62.19028091430664
cri,2024,62.75198364257813
cri,2025,63.45178985595703
cub,1981,59.30157470703125
cub,1982,59.86992263793945
cub,1983,60.45957946777344
cub,1984,61.02644729614258
cub,1985,61.65263366699219
cub,1986,62.08636856079102
cub,1987,62.19966506958008
cub,1988,62.05781173706055
cub,1989,62.21383666992188
cub,1990,62.70246124267578
cub,1991,63.38990783691406
cub,1992,64.15096282958984
cub,1993,64.70953369140625
cub,1994,64.718505859375
cub,1995,64.25348663330078
cub,1996,63.7897834777832
cub,1997,63.53920745849609
cub,1998,63.10384368896484
cub,1999,62.86312866210938
cub,2000,63.08805084228516
cub,2001,64.19215393066406
cub,2002,65.90898132324219
cub,2003,68.23239135742188
cub,2004,70.71833801269531
cub,2005,73.01956176757812
cub,2006,75.03657531738281
cub,2007,76.69789123535156
cub,2008,77.89835357666016
cub,2009,78.82942962646484
cub,2010,79.47830963134766
cub,2011,79.90631103515625
cub,2012,79.82447814941406
cub,2013,79.01271057128906
cub,2014,77.76254272460938
cub,2015,76.60443878173828
cub,2016,75.77590942382812
cub,2017,75.44277954101562
cub,2018,75.16688537597656
cub,2019,75.01082611083984
cub,2020,75.20203399658203
cub,2021,75.58432006835938
cub,2022,76.0002670288086
cub,2023,76.63154602050781
cub,2024,77.2641372680664
cub,2025,77.89486694335938
cyp,1981,71.03813171386719
cyp,1982,71.86768341064453
cyp,1983,72.72307586669922
cyp,1984,73.56981658935547
cyp,1985,74.33409881591797
cyp,1986,75.23507690429688
cyp,1987,76.08879089355469
cyp,1988,77.02739715576172
cyp,1989,77.95934295654297
cyp,1990,78.82247924804688
cyp,1991,79.6907958984375
cyp,1992,80.47952270507812
cyp,1993,81.16665649414062
cyp,1994,81.87771606445312
cyp,1995,82.677734375
cyp,1996,83.48917388916016
cyp,1997,84.22542572021484
cyp,1998,85.00450897216797
cyp,1999,85.84245300292969
cyp,2000,86.68609619140625
cyp,2001,87.26445770263672
cyp,2002,87.65375518798828
cyp,2003,88.01948547363281
cyp,2004,88.52010345458984
cyp,2005,88.9281005859375
cyp,2006,89.33684539794922
cyp,2007,89.74330139160156
cyp,2008,90.1899871826172
cyp,2009,90.71155548095705
cyp,2010,91.38118743896484
cyp,2011,92.1208267211914
cyp,2012,92.81556701660156
cyp,2013,93.3705596923828
cyp,2014,93.64195251464844
cyp,2015,93.73727416992188
cyp,2016,93.75798797607422
cyp,2017,93.83897399902344
cyp,2018,94.04955291748048
cyp,2019,94.3138427734375
cyp,2020,94.61565399169922
cyp,2021,94.92536926269533
cyp,2022,95.20993041992188
cyp,2023,95.49408721923828
cyp,2024,95.75672149658205
cyp,2025,96.04875183105467
cze,1981,90.0069580078125
cze,1982,90.17134857177734
cze,1983,90.35157775878906
cze,1984,90.49339294433594
cze,1985,90.59390258789064
cze,1986,90.76020050048828
cze,1987,90.92517852783205
cze,1988,91.14154815673828
cze,1989,91.29791259765624
cze,1990,91.4387664794922
cze,1991,91.55947113037108
cze,1992,91.67488098144533
cze,1993,91.8302993774414
cze,1994,91.96563720703124
cze,1995,92.1726303100586
cze,1996,92.29991149902344
cze,1997,92.47907257080078
cze,1998,92.64707183837892
cze,1999,92.83921051025392
cze,2000,92.92609405517578
cze,2001,92.94235229492188
cze,2002,92.89347076416016
cze,2003,92.8148193359375
cze,2004,92.70142364501952
cze,2005,92.58348083496094
cze,2006,92.52118682861328
cze,2007,92.48953247070312
cze,2008,92.45883941650392
cze,2009,92.30963897705078
cze,2010,92.06329345703124
cze,2011,91.79457855224608
cze,2012,91.53838348388672
cze,2013,91.32027435302734
cze,2014,91.1230239868164
cze,2015,90.9704818725586
cze,2016,90.83716583251952
cze,2017,90.6690673828125
cze,2018,90.56527709960938
cze,2019,90.58534240722656
cze,2020,90.6699447631836
cze,2021,90.83116149902344
cze,2022,90.94347381591795
cze,2023,91.03961181640624
cze,2024,91.20455932617188
cze,2025,91.3087921142578
deu,1981,74.22197723388672
deu,1982,74.60177612304688
deu,1983,74.8681869506836
deu,1984,75.25529479980469
deu,1985,75.6025390625
deu,1986,75.98490142822266
deu,1987,76.44245910644531
deu,1988,76.90412902832031
deu,1989,77.2486801147461
deu,1990,77.52043914794922
deu,1991,77.56794738769531
deu,1992,77.60028839111328
deu,1993,77.46995544433594
deu,1994,77.16230773925781
deu,1995,76.76171112060547
deu,1996,76.53826904296875
deu,1997,76.6782455444336
deu,1998,77.23015594482422
deu,1999,77.70977783203125
deu,2000,78.16049194335938
deu,2001,78.33219909667969
deu,2002,78.48212432861328
deu,2003,78.91715240478516
deu,2004,79.35335540771484
deu,2005,79.63346862792969
deu,2006,79.61849212646484
deu,2007,79.48741149902344
deu,2008,79.31098937988281
deu,2009,79.23001861572266
deu,2010,79.30622863769531
deu,2011,79.31553649902344
deu,2012,79.40680694580078
deu,2013,79.38282012939453
deu,2014,79.64534759521484
deu,2015,80.06681060791016
deu,2016,80.46347045898438
deu,2017,80.85971069335938
deu,2018,81.40514373779297
deu,2019,81.90363311767578
deu,2020,82.32401275634766
deu,2021,82.67007446289062
deu,2022,82.93873596191406
deu,2023,83.09986114501953
deu,2024,83.34857177734375
deu,2025,83.4429702758789
dji,1981,0.0
dji,1982,0.0
dji,1983,0.0
dji,1984,0.0
dji,1985,0.0694518238306046
dji,1986,0.287032812833786
dji,1987,0.53464674949646
dji,1988,0.8310161232948303
dji,1989,1.143137335777283
dji,1990,1.583951473236084
dji,1991,2.048598051071167
dji,1992,2.597062110900879
dji,1993,3.10688853263855
dji,1994,3.561546087265015
dji,1995,4.020110130310059
dji,1996,4.48012638092041
dji,1997,4.989999771118164
dji,1998,5.553031444549561
dji,1999,6.114542484283447
dji,2000,6.87395715713501
dji,2001,7.712916374206543
dji,2002,8.615286827087402
dji,2003,9.591506958007812
dji,2004,10.61884498596191
dji,2005,11.65100574493408
dji,2006,12.60266017913818
dji,2007,13.61116027832031
dji,2008,14.78156089782715
dji,2009,15.89750003814697
dji,2010,17.05894088745117
dji,2011,18.18514823913574
dji,2012,19.54767799377441
dji,2013,20.88445472717285
dji,2014,22.21834754943848
dji,2015,23.56108665466309
dji,2016,25.11378479003906
dji,2017,26.61564445495605
dji,2018,28.03460693359375
dji,2019,29.61203384399414
dji,2020,31.16911125183105
dji,2021,32.91775894165039
dji,2022,34.76545333862305
dji,2023,36.49383544921875
dji,2024,38.08249664306641
dji,2025,39.78641510009766
dnk,1981,74.09616088867188
dnk,1982,74.33831787109375
dnk,1983,74.67289733886719
dnk,1984,75.00121307373047
dnk,1985,75.29292297363281
dnk,1986,75.69051361083984
dnk,1987,75.98009490966797
dnk,1988,76.30472564697266
dnk,1989,76.62503051757812
dnk,1990,76.98365020751953
dnk,1991,77.42675018310547
dnk,1992,77.96932220458984
dnk,1993,78.46773529052734
dnk,1994,78.8665542602539
dnk,1995,79.31903076171875
dnk,1996,79.72230529785156
dnk,1997,80.13799285888672
dnk,1998,80.47110748291016
dnk,1999,80.74655151367188
dnk,2000,81.07923889160156
dnk,2001,81.28553009033203
dnk,2002,81.2345199584961
dnk,2003,80.89165496826172
dnk,2004,80.42652130126953
dnk,2005,80.0684585571289
dnk,2006,79.89964294433594
dnk,2007,79.80122375488281
dnk,2008,79.72040557861328
dnk,2009,79.54232025146484
dnk,2010,79.36951446533203
dnk,2011,79.18585968017578
dnk,2012,79.08995056152344
dnk,2013,79.14128112792969
dnk,2014,79.36556243896484
dnk,2015,79.69599151611328
dnk,2016,80.03397369384766
dnk,2017,80.27960205078125
dnk,2018,80.5158920288086
dnk,2019,80.82905578613281
dnk,2020,81.00694274902344
dnk,2021,81.29364013671875
dnk,2022,81.63229370117188
dnk,2023,81.88964080810547
dnk,2024,82.14051818847656
dnk,2025,82.37995147705078
dom,1981,26.39240837097168
dom,1982,27.20966339111328
dom,1983,28.0576229095459
dom,1984,29.07649803161621
dom,1985,30.02023506164551
dom,1986,30.99381256103516
dom,1987,31.57260704040527
dom,1988,31.70559501647949
dom,1989,31.51325416564941
dom,1990,31.15564727783203
dom,1991,31.40842247009277
dom,1992,31.69645690917969
dom,1993,32.35887908935547
dom,1994,32.97118377685547
dom,1995,33.77239608764648
dom,1996,34.96795654296875
dom,1997,36.24894714355469
dom,1998,37.91153335571289
dom,1999,39.70676422119141
dom,2000,41.40735626220703
dom,2001,43.03245162963867
dom,2002,44.12583541870117
dom,2003,45.20125961303711
dom,2004,46.40608596801758
dom,2005,47.87129974365234
dom,2006,49.29323577880859
dom,2007,50.64610290527344
dom,2008,51.9928092956543
dom,2009,53.87922668457031
dom,2010,55.92214584350586
dom,2011,57.86554336547852
dom,2012,59.40996932983398
dom,2013,60.60405731201172
dom,2014,61.98545074462891
dom,2015,63.28282165527344
dom,2016,64.52940368652344
dom,2017,65.46956634521484
dom,2018,66.4846420288086
dom,2019,67.49510192871094
dom,2020,68.61688995361328
dom,2021,69.60990142822266
dom,2022,70.50929260253906
dom,2023,71.53507995605469
dom,2024,72.60677337646484
dom,2025,73.56149291992188
dza,1981,1.565509915351868
dza,1982,1.895193338394165
dza,1983,2.306545734405518
dza,1984,2.709287643432617
dza,1985,3.166650772094727
dza,1986,3.634838581085205
dza,1987,4.158988475799561
dza,1988,4.754353046417236
dza,1989,5.378126621246338
dza,1990,6.116227626800537
dza,1991,6.862625598907471
dza,1992,7.67572021484375
dza,1993,8.520439147949219
dza,1994,9.320883750915527
dza,1995,10.14039707183838
dza,1996,11.10009670257568
dza,1997,12.33848571777344
dza,1998,13.79369449615479
dza,1999,15.35912990570068
dza,2000,16.96490859985352
dza,2001,18.67978477478027
dza,2002,20.54489326477051
dza,2003,22.3983211517334
dza,2004,24.2437801361084
dza,2005,26.02351951599121
dza,2006,27.80098152160645
dza,2007,29.80877876281738
dza,2008,32.07376098632813
dza,2009,34.52796173095703
dza,2010,36.94679260253906
dza,2011,39.35678100585938
dza,2012,41.68037796020508
dza,2013,43.97690200805664
dza,2014,45.9793815612793
dza,2015,48.02441024780273
dza,2016,49.96394729614258
dza,2017,51.79688262939453
dza,2018,53.34409713745117
dza,2019,54.82225036621094
dza,2020,56.49232482910156
dza,2021,58.4668083190918
dza,2022,60.63541030883789
dza,2023,62.77935791015625
dza,2024,64.97919464111328
dza,2025,67.01531982421875
ecu,1981,30.00960540771484
ecu,1982,31.24537086486816
ecu,1983,32.40558624267578
ecu,1984,33.58144378662109
ecu,1985,34.64738845825195
ecu,1986,35.61334991455078
ecu,1987,36.38960266113281
ecu,1988,36.92005920410156
ecu,1989,37.33634567260742
ecu,1990,37.67282104492188
ecu,1991,38.01415634155273
ecu,1992,38.4498405456543
ecu,1993,38.5594482421875
ecu,1994,38.89458465576172
ecu,1995,39.41036987304688
ecu,1996,39.99057388305664
ecu,1997,40.4959831237793
ecu,1998,40.85548782348633
ecu,1999,41.64635848999023
ecu,2000,42.62729263305664
ecu,2001,43.522705078125
ecu,2002,44.13714218139648
ecu,2003,44.55207443237305
ecu,2004,45.22182464599609
ecu,2005,46.16490173339844
ecu,2006,47.62879943847656
ecu,2007,49.39316940307617
ecu,2008,51.36989974975586
ecu,2009,53.36129760742188
ecu,2010,55.32104873657227
ecu,2011,57.67615509033203
ecu,2012,60.41883850097656
ecu,2013,63.70100402832031
ecu,2014,66.91419982910156
ecu,2015,69.6958236694336
ecu,2016,72.12177276611328
ecu,2017,73.99518585205078
ecu,2018,75.34566497802734
ecu,2019,76.46609497070312
ecu,2020,77.28662872314453
ecu,2021,78.28455352783203
ecu,2022,79.12730407714844
ecu,2023,80.03588104248047
ecu,2024,80.92382049560547
ecu,2025,81.74661254882812
egy,1981,26.79866409301758
egy,1982,28.20860481262207
egy,1983,29.38764572143555
egy,1984,30.60375022888184
egy,1985,31.84213638305664
egy,1986,33.31303787231445
egy,1987,35.04166412353516
egy,1988,37.06604766845703
egy,1989,39.16819000244141
egy,1990,41.12979507446289
egy,1991,42.55884552001953
egy,1992,43.624755859375
egy,1993,44.55770492553711
egy,1994,45.82247924804688
egy,1995,47.25241088867188
egy,1996,48.87731170654297
egy,1997,50.84017562866211
egy,1998,52.82229232788086
egy,1999,54.85964202880859
egy,2000,56.64943313598633
egy,2001,58.43770217895508
egy,2002,60.30852890014648
egy,2003,62.24333572387695
egy,2004,64.10401916503906
egy,2005,65.91868591308594
egy,2006,67.59431457519531
egy,2007,69.38704681396484
egy,2008,71.45633697509766
egy,2009,73.46900177001953
egy,2010,75.31954956054688
egy,2011,76.61079406738281
egy,2012,77.97323608398438
egy,2013,79.26653289794922
egy,2014,80.58525848388672
egy,2015,81.75530242919922
egy,2016,82.8432846069336
egy,2017,83.91122436523438
egy,2018,84.8682632446289
egy,2019,85.8408203125
egy,2020,86.79885864257812
egy,2021,87.77218627929688
egy,2022,88.6377182006836
egy,2023,89.39444732666016
egy,2024,90.1659927368164
egy,2025,90.98503112792967
esp,1981,46.03641128540039
esp,1982,47.27077865600586
esp,1983,48.64846420288086
esp,1984,50.52595520019531
esp,1985,52.0910758972168
esp,1986,53.78822326660156
esp,1987,54.88308334350586
esp,1988,55.73136520385742
esp,1989,56.55007553100586
esp,1990,58.11912536621094
esp,1991,60.20975875854492
esp,1992,62.12656784057617
esp,1993,63.671142578125
esp,1994,65.29834747314453
esp,1995,66.85263061523438
esp,1996,68.43086242675781
esp,1997,69.44378662109375
esp,1998,70.13330841064453
esp,1999,70.26610565185547
esp,2000,70.10396575927734
esp,2001,69.9688949584961
esp,2002,69.59077453613281
esp,2003,69.29415130615234
esp,2004,68.87124633789062
esp,2005,68.64082336425781
esp,2006,68.46986389160156
esp,2007,68.520751953125
esp,2008,68.86237335205078
esp,2009,69.3382339477539
esp,2010,69.9611587524414
esp,2011,70.73480224609375
esp,2012,72.02462768554688
esp,2013,73.39323425292969
esp,2014,74.90914154052734
esp,2015,75.7670669555664
esp,2016,76.37618255615234
esp,2017,76.70431518554688
esp,2018,77.1904525756836
esp,2019,77.68853759765625
esp,2020,78.22205352783203
esp,2021,78.96356201171875
esp,2022,79.69158935546875
esp,2023,80.19554138183594
esp,2024,80.79679870605469
esp,2025,81.313720703125
est,1981,93.60532379150392
est,1982,93.62559509277344
est,1983,93.6427993774414
est,1984,93.72470855712892
est,1985,93.85443115234376
est,1986,93.9444580078125
est,1987,94.08641815185548
est,1988,94.14265441894533
est,1989,94.09833526611328
est,1990,93.83702850341795
est,1991,93.5068588256836
est,1992,92.87413787841795
est,1993,91.92505645751952
est,1994,90.82572174072266
est,1995,89.70458984375
est,1996,88.54631042480469
est,1997,87.5216293334961
est,1998,86.8203353881836
est,1999,86.31881713867188
est,2000,86.02307891845703
est,2001,86.02407836914062
est,2002,86.34362030029297
est,2003,86.70632934570312
est,2004,86.89283752441406
est,2005,87.0101547241211
est,2006,86.95338439941406
est,2007,86.83148193359375
est,2008,86.7593994140625
est,2009,86.67057800292969
est,2010,86.57803344726562
est,2011,86.53284454345703
est,2012,86.64222717285156
est,2013,86.92610168457031
est,2014,87.25200653076172
est,2015,87.65169525146484
est,2016,88.01940155029297
est,2017,88.2756118774414
est,2018,88.45171356201172
est,2019,88.64864349365234
est,2020,88.88004302978516
est,2021,89.2680892944336
est,2022,89.53291320800781
est,2023,89.7486801147461
est,2024,89.90372467041016
est,2025,90.0416488647461
eth,1981,2.712877750396729
eth,1982,2.84603214263916
eth,1983,2.989054203033447
eth,1984,3.092384099960327
eth,1985,3.197007894515991
eth,1986,3.312951564788818
eth,1987,3.45435619354248
eth,1988,3.596492290496826
eth,1989,3.762733936309814
eth,1990,3.932621002197266
eth,1991,4.132865905761719
eth,1992,4.365449905395508
eth,1993,4.679990291595459
eth,1994,4.915999412536621
eth,1995,5.101080417633057
eth,1996,5.186692237854004
eth,1997,5.2534499168396
eth,1998,5.320799350738525
eth,1999,5.448651790618896
eth,2000,5.53709602355957
eth,2001,5.655603885650635
eth,2002,5.828890323638916
eth,2003,6.106771945953369
eth,2004,6.34937858581543
eth,2005,6.592537879943848
eth,2006,6.856828212738037
eth,2007,7.236693382263184
eth,2008,7.777262210845947
eth,2009,8.428101539611816
eth,2010,9.114727020263672
eth,2011,9.787969589233398
eth,2012,10.55249404907227
eth,2013,11.35221862792969
eth,2014,12.05134963989258
eth,2015,12.61417007446289
eth,2016,13.22669982910156
eth,2017,13.80846881866455
eth,2018,14.39980030059814
eth,2019,14.99112987518311
eth,2020,15.49110126495361
eth,2021,15.97598361968994
eth,2022,16.57588958740234
eth,2023,17.06583023071289
eth,2024,17.61660766601563
eth,2025,18.12345504760742
fin,1981,85.79647064208984
fin,1982,85.98644256591797
fin,1983,86.2468032836914
fin,1984,86.52184295654297
fin,1985,86.6808853149414
fin,1986,86.97067260742188
fin,1987,87.12255096435547
fin,1988,87.156494140625
fin,1989,87.1646957397461
fin,1990,87.26408386230469
fin,1991,87.51203918457031
fin,1992,87.7702407836914
fin,1993,88.1531982421875
fin,1994,88.5923080444336
fin,1995,89.03511047363281
fin,1996,89.53394317626953
fin,1997,89.96270751953125
fin,1998,90.30215454101564
fin,1999,90.56403350830078
fin,2000,90.78688049316406
fin,2001,90.7675552368164
fin,2002,90.56886291503906
fin,2003,90.24803161621094
fin,2004,89.92410278320312
fin,2005,89.66360473632812
fin,2006,89.42500305175781
fin,2007,89.26485443115234
fin,2008,89.16285705566406
fin,2009,88.9884033203125
fin,2010,88.73504638671875
fin,2011,88.47171020507812
fin,2012,88.39533996582031
fin,2013,88.48646545410156
fin,2014,88.79444885253906
fin,2015,89.23700714111328
fin,2016,89.60385131835938
fin,2017,89.86668395996094
fin,2018,89.98831176757812
fin,2019,90.12970733642578
fin,2020,90.311767578125
fin,2021,90.52114868164064
fin,2022,90.61400604248048
fin,2023,90.80178833007812
fin,2024,90.98558044433594
fin,2025,91.08797454833984
fji,1981,3.277595520019531
fji,1982,3.713261842727661
fji,1983,4.264089107513428
fji,1984,4.760828495025635
fji,1985,5.258542537689209
fji,1986,5.821767807006836
fji,1987,6.508814811706543
fji,1988,7.252538204193115
fji,1989,8.089391708374023
fji,1990,8.936084747314453
fji,1991,10.01236629486084
fji,1992,11.18700790405273
fji,1993,12.70390796661377
fji,1994,14.41255950927734
fji,1995,16.0771427154541
fji,1996,17.41115570068359
fji,1997,18.39969253540039
fji,1998,19.26733207702637
fji,1999,20.23775291442871
fji,2000,21.5322093963623
fji,2001,22.91769027709961
fji,2002,24.47773551940918
fji,2003,26.14412117004395
fji,2004,27.74070167541504
fji,2005,29.21054458618164
fji,2006,30.74798393249512
fji,2007,32.5125846862793
fji,2008,34.02883148193359
fji,2009,35.06425857543945
fji,2010,35.9776725769043
fji,2011,37.34175872802734
fji,2012,39.21273422241211
fji,2013,41.24973678588867
fji,2014,43.60818862915039
fji,2015,45.89753341674805
fji,2016,48.03839492797852
fji,2017,50.01201629638672
fji,2018,52.05729675292969
fji,2019,53.88003158569336
fji,2020,55.64912796020508
fji,2021,57.43880462646484
fji,2022,59.30348968505859
fji,2023,61.14259719848633
fji,2024,62.94511032104492
fji,2025,64.7422866821289
fra,1981,63.93742370605469
fra,1982,64.69383239746094
fra,1983,65.52074432373047
fra,1984,66.28225708007812
fra,1985,67.07830047607422
fra,1986,67.88328552246094
fra,1987,68.82791900634766
fra,1988,70.14848327636719
fra,1989,71.52989196777344
fra,1990,72.8769302368164
fra,1991,74.05747985839844
fra,1992,75.29852294921875
fra,1993,76.41957092285156
fra,1994,77.14618682861328
fra,1995,77.89759826660156
fra,1996,78.76915740966797
fra,1997,79.88841247558594
fra,1998,80.75657653808594
fra,1999,81.37320709228516
fra,2000,81.53067016601562
fra,2001,81.8377685546875
fra,2002,81.99687194824219
fra,2003,82.21417999267578
fra,2004,82.31338500976562
fra,2005,82.3034439086914
fra,2006,82.50414276123047
fra,2007,82.8663330078125
fra,2008,83.32022094726562
fra,2009,83.54203796386719
fra,2010,83.77735137939453
fra,2011,84.21350860595703
fra,2012,84.71624755859375
fra,2013,85.06429290771484
fra,2014,85.42434692382812
fra,2015,85.8472671508789
fra,2016,86.44654846191406
fra,2017,87.01192474365234
fra,2018,87.58076477050781
fra,2019,88.0361328125
fra,2020,88.42684936523438
fra,2021,88.90109252929688
fra,2022,89.2889175415039
fra,2023,89.60746765136719
fra,2024,89.89127349853516
fra,2025,90.26553344726564
gab,1981,5.089406490325928
gab,1982,5.293461799621582
gab,1983,5.522992610931396
gab,1984,5.832503318786621
gab,1985,6.181778907775879
gab,1986,6.501993179321289
gab,1987,6.816185474395752
gab,1988,6.915974617004395
gab,1989,7.156403541564941
gab,1990,7.486780166625977
gab,1991,7.782678127288818
gab,1992,8.063519477844238
gab,1993,8.259629249572754
gab,1994,8.396665573120117
gab,1995,8.537736892700195
gab,1996,8.637959480285645
gab,1997,8.723596572875977
gab,1998,9.000624656677246
gab,1999,9.35788917541504
gab,2000,9.78132438659668
gab,2001,10.25010204315186
gab,2002,10.92425060272217
gab,2003,11.73444652557373
gab,2004,12.61603736877441
gab,2005,13.48918724060059
gab,2006,14.22170162200928
gab,2007,14.79843044281006
gab,2008,15.28179931640625
gab,2009,15.71979522705078
gab,2010,16.25481605529785
gab,2011,16.75105094909668
gab,2012,17.37326622009277
gab,2013,18.19730377197266
gab,2014,19.12789154052734
gab,2015,19.93959045410156
gab,2016,20.76869583129883
gab,2017,21.70746231079102
gab,2018,22.80749320983887
gab,2019,23.7691535949707
gab,2020,24.55491828918457
gab,2021,25.27083778381348
gab,2022,26.04446029663086
gab,2023,26.67960739135742
gab,2024,27.38035202026367
gab,2025,28.14164733886719
gbr,1981,83.05874633789062
gbr,1982,83.31838989257812
gbr,1983,83.61990356445312
gbr,1984,83.93373107910156
gbr,1985,84.2297134399414
gbr,1986,84.54232025146484
gbr,1987,84.98216247558594
gbr,1988,85.3256607055664
gbr,1989,85.58406066894531
gbr,1990,85.84014129638672
gbr,1991,86.15351104736328
gbr,1992,86.50576782226562
gbr,1993,86.94009399414062
gbr,1994,87.31975555419922
gbr,1995,87.6294937133789
gbr,1996,87.81554412841797
gbr,1997,88.00911712646484
gbr,1998,88.18659973144531
gbr,1999,88.41056823730469
gbr,2000,88.57952880859375
gbr,2001,88.67131042480469
gbr,2002,88.80912780761719
gbr,2003,88.96128845214844
gbr,2004,89.04180908203125
gbr,2005,89.1122817993164
gbr,2006,89.0988540649414
gbr,2007,89.10133361816406
gbr,2008,89.17365264892578
gbr,2009,89.17791748046875
gbr,2010,89.24109649658203
gbr,2011,89.36092376708984
gbr,2012,89.60215759277344
gbr,2013,89.78185272216797
gbr,2014,89.99560546875
gbr,2015,90.17332458496094
gbr,2016,90.30046844482422
gbr,2017,90.47785186767578
gbr,2018,90.64315032958984
gbr,2019,90.80883026123048
gbr,2020,91.0112762451172
gbr,2021,91.24623870849608
gbr,2022,91.44850158691406
gbr,2023,91.65223693847656
gbr,2024,91.83522033691406
gbr,2025,92.09962463378906
geo,1981,91.34551239013672
geo,1982,91.41059112548828
geo,1983,91.59412384033205
geo,1984,91.82171630859376
geo,1985,91.95124816894533
geo,1986,92.1480712890625
geo,1987,92.48200988769533
geo,1988,92.81007385253906
geo,1989,93.20010375976564
geo,1990,93.56902313232422
geo,1991,93.91900634765624
geo,1992,94.14977264404295
geo,1993,94.29896545410156
geo,1994,94.27393341064452
geo,1995,94.21152496337892
geo,1996,93.96959686279295
geo,1997,93.52544403076172
geo,1998,92.92082214355467
geo,1999,92.35285186767578
geo,2000,91.86273193359376
geo,2001,91.43211364746094
geo,2002,91.0857162475586
geo,2003,90.94608306884766
geo,2004,91.10698699951172
geo,2005,91.45500183105467
geo,2006,91.84162902832033
geo,2007,92.20790100097656
geo,2008,92.51029205322266
geo,2009,92.80004119873048
geo,2010,93.03294372558594
geo,2011,93.20297241210938
geo,2012,93.28290557861328
geo,2013,93.16930389404295
geo,2014,92.92656707763672
geo,2015,92.60595703125
geo,2016,92.31171417236328
geo,2017,92.14241790771484
geo,2018,92.15023803710938
geo,2019,92.40028381347656
geo,2020,92.71388244628906
geo,2021,93.00584411621094
geo,2022,93.26251220703124
geo,2023,93.33937072753906
geo,2024,93.48577117919922
geo,2025,93.6967315673828
gha,1981,6.399514675140381
gha,1982,6.516380310058594
gha,1983,6.672641277313232
gha,1984,6.676581859588623
gha,1985,6.653243064880371
gha,1986,6.579126358032227
gha,1987,6.409067153930664
gha,1988,6.227095603942871
gha,1989,5.827455997467041
gha,1990,5.461719989776611
gha,1991,5.098445415496826
gha,1992,4.773093223571777
gha,1993,4.513069629669189
gha,1994,4.39906644821167
gha,1995,4.481062889099121
gha,1996,4.628271102905273
gha,1997,4.889440536499023
gha,1998,5.098260402679443
gha,1999,5.189557552337646
gha,2000,5.251176834106445
gha,2001,5.421082496643066
gha,2002,5.753221035003662
gha,2003,6.254589557647705
gha,2004,6.909841537475586
gha,2005,7.669950485229492
gha,2006,8.534640312194824
gha,2007,9.428681373596191
gha,2008,10.26195335388184
gha,2009,10.97434139251709
gha,2010,11.87733268737793
gha,2011,13.28703689575195
gha,2012,15.31887817382813
gha,2013,17.78713989257813
gha,2014,20.32543754577637
gha,2015,22.65262413024902
gha,2016,24.6478214263916
gha,2017,26.56262588500977
gha,2018,28.52143478393555
gha,2019,30.38928031921387
gha,2020,32.19148635864258
gha,2021,34.55413818359375
gha,2022,37.3082389831543
gha,2023,40.23318862915039
gha,2024,42.62856674194336
gha,2025,44.84493255615234
gin,1981,1.080153584480286
gin,1982,1.159249782562256
gin,1983,1.266008615493774
gin,1984,1.361640810966492
gin,1985,1.495784044265747
gin,1986,1.618533134460449
gin,1987,1.680582880973816
gin,1988,1.753131031990051
gin,1989,1.772320628166199
gin,1990,1.816946029663086
gin,1991,1.846282720565796
gin,1992,1.931779384613037
gin,1993,2.037825345993042
gin,1994,2.205075263977051
gin,1995,2.407697916030884
gin,1996,2.545079231262207
gin,1997,2.664014339447021
gin,1998,2.807279348373413
gin,1999,2.974568843841553
gin,2000,3.17488694190979
gin,2001,3.456239223480225
gin,2002,3.743148803710938
gin,2003,4.07866096496582
gin,2004,4.530300617218018
gin,2005,5.076822280883789
gin,2006,5.585126876831055
gin,2007,6.173829555511475
gin,2008,6.858632564544678
gin,2009,7.524997234344482
gin,2010,8.287102699279785
gin,2011,8.950311660766602
gin,2012,9.700550079345703
gin,2013,10.47709941864014
gin,2014,11.18214797973633
gin,2015,11.96518707275391
gin,2016,12.77342796325684
gin,2017,13.54930877685547
gin,2018,14.22251224517822
gin,2019,14.91165065765381
gin,2020,15.53689384460449
gin,2021,16.30448150634766
gin,2022,17.12325286865234
gin,2023,17.86869049072266
gin,2024,18.77569580078125
gin,2025,19.64306449890137
gmb,1981,2.763651847839355
gmb,1982,3.047449111938477
gmb,1983,3.332109928131104
gmb,1984,3.6136794090271
gmb,1985,3.811061143875122
gmb,1986,4.022371768951416
gmb,1987,4.302791118621826
gmb,1988,4.578283309936523
gmb,1989,4.828222751617432
gmb,1990,5.05539083480835
gmb,1991,5.243008136749268
gmb,1992,5.412378787994385
gmb,1993,5.630202293395996
gmb,1994,5.938655853271484
gmb,1995,6.358213901519775
gmb,1996,6.850841999053955
gmb,1997,7.297399044036865
gmb,1998,7.897973537445068
gmb,1999,8.686004638671875
gmb,2000,9.634231567382812
gmb,2001,10.6638011932373
gmb,2002,11.6887321472168
gmb,2003,12.60494899749756
gmb,2004,13.62687587738037
gmb,2005,14.64926147460938
gmb,2006,15.93527126312256
gmb,2007,17.32286834716797
gmb,2008,18.83454513549805
gmb,2009,20.2343864440918
gmb,2010,21.25842666625977
gmb,2011,22.23184967041016
gmb,2012,23.08128929138184
gmb,2013,23.94966888427734
gmb,2014,24.83885765075684
gmb,2015,25.65268707275391
gmb,2016,26.61724472045898
gmb,2017,27.48761177062988
gmb,2018,28.52345085144043
gmb,2019,29.39008140563965
gmb,2020,30.33189392089844
gmb,2021,31.31353378295898
gmb,2022,32.44561767578125
gmb,2023,33.77834701538086
gmb,2024,34.89534759521484
gmb,2025,36.1273307800293
gnb,1981,1.058775186538696
gnb,1982,1.131549835205078
gnb,1983,1.145213723182678
gnb,1984,1.147648930549622
gnb,1985,1.183360815048218
gnb,1986,1.211470484733582
gnb,1987,1.267431616783142
gnb,1988,1.3252934217453
gnb,1989,1.417030930519104
gnb,1990,1.572100639343262
gnb,1991,1.735271215438843
gnb,1992,1.908212542533875
gnb,1993,2.096481084823608
gnb,1994,2.313202381134033
gnb,1995,2.610480070114136
gnb,1996,2.916814088821411
gnb,1997,3.129186153411865
gnb,1998,3.243793964385986
gnb,1999,3.322286605834961
gnb,2000,3.401056528091431
gnb,2001,3.49254846572876
gnb,2002,3.596820831298828
gnb,2003,3.732964277267456
gnb,2004,3.871010541915894
gnb,2005,3.970246315002441
gnb,2006,4.075769424438477
gnb,2007,4.332032203674316
gnb,2008,4.617991924285889
gnb,2009,4.963781833648682
gnb,2010,5.242951393127441
gnb,2011,5.450869560241699
gnb,2012,5.638752937316895
gnb,2013,5.877554893493652
gnb,2014,6.182029247283936
gnb,2015,6.501791477203369
gnb,2016,6.821309566497803
gnb,2017,7.215741634368896
gnb,2018,7.620203495025635
gnb,2019,8.024532318115234
gnb,2020,8.388818740844727
gnb,2021,8.757753372192383
gnb,2022,9.091897010803224
gnb,2023,9.446389198303224
gnb,2024,9.766114234924316
gnb,2025,10.14058971405029
gnq,1981,0.906999170780182
gnq,1982,0.9147104024887084
gnq,1983,0.9835492968559264
gnq,1984,1.045631170272827
gnq,1985,1.072949767112732
gnq,1986,1.124628901481628
gnq,1987,1.20970618724823
gnq,1988,1.274897575378418
gnq,1989,1.312397241592407
gnq,1990,1.397802352905273
gnq,1991,1.434623003005981
gnq,1992,1.512774109840393
gnq,1993,1.561735033988953
gnq,1994,1.649397730827332
gnq,1995,1.71474027633667
gnq,1996,1.78082549571991
gnq,1997,1.895785689353943
gnq,1998,2.023167610168457
gnq,1999,2.084330558776855
gnq,2000,2.151071786880493
gnq,2001,2.279299736022949
gnq,2002,2.351349592208862
gnq,2003,2.397276878356934
gnq,2004,2.484931230545044
gnq,2005,2.555476903915405
gnq,2006,2.705081939697266
gnq,2007,2.836986541748047
gnq,2008,3.024770021438599
gnq,2009,3.199405431747437
gnq,2010,3.343960285186768
gnq,2011,3.528390407562256
gnq,2012,3.742837190628052
gnq,2013,3.942341089248657
gnq,2014,4.209452629089355
gnq,2015,4.394959449768066
gnq,2016,4.556495189666748
gnq,2017,4.815103530883789
gnq,2018,4.897708892822266
gnq,2019,5.15185546875
gnq,2020,5.439764976501465
gnq,2021,5.740452766418457
gnq,2022,6.000409603118896
gnq,2023,6.209956645965576
gnq,2024,6.532067775726318
gnq,2025,6.776586055755615
grc,1981,60.75738525390625
grc,1982,61.68592071533203
grc,1983,62.55264663696289
grc,1984,63.38573837280273
grc,1985,64.7183609008789
grc,1986,66.62776184082031
grc,1987,68.65850830078125
grc,1988,70.4809341430664
grc,1989,72.13216400146484
grc,1990,73.73493957519531
grc,1991,75.36125946044922
grc,1992,76.68753051757812
grc,1993,77.76837921142578
grc,1994,78.62783813476562
grc,1995,79.346435546875
grc,1996,80.12816619873047
grc,1997,81.046630859375
grc,1998,81.81351470947266
grc,1999,82.48027801513672
grc,2000,83.15533447265625
grc,2001,84.103515625
grc,2002,84.78739166259766
grc,2003,85.2469482421875
grc,2004,85.54581451416016
grc,2005,86.09880828857422
grc,2006,86.58496856689453
grc,2007,87.21974182128906
grc,2008,88.0199966430664
grc,2009,88.82559967041016
grc,2010,89.45590209960938
grc,2011,89.88566589355469
grc,2012,90.53924560546876
grc,2013,91.31085968017578
grc,2014,92.1570281982422
grc,2015,92.84813690185548
grc,2016,93.52245330810548
grc,2017,94.1091537475586
grc,2018,94.58020782470705
grc,2019,94.93472290039064
grc,2020,95.30802917480467
grc,2021,95.68491363525392
grc,2022,96.02847290039064
grc,2023,96.286376953125
grc,2024,96.58439636230467
grc,2025,96.87308502197266
gtm,1981,10.95544719696045
gtm,1982,11.30836009979248
gtm,1983,11.56890201568604
gtm,1984,11.7625036239624
gtm,1985,11.79901504516602
gtm,1986,11.95216751098633
gtm,1987,12.04923915863037
gtm,1988,12.11640739440918
gtm,1989,12.25862216949463
gtm,1990,12.42027950286865
gtm,1991,12.75195026397705
gtm,1992,13.16017436981201
gtm,1993,13.44920539855957
gtm,1994,13.72347831726074
gtm,1995,14.01567554473877
gtm,1996,14.50250625610352
gtm,1997,14.99947738647461
gtm,1998,15.4166145324707
gtm,1999,15.71854209899902
gtm,2000,16.14511108398438
gtm,2001,16.85733222961426
gtm,2002,17.72537422180176
gtm,2003,18.52835273742676
gtm,2004,19.30096244812012
gtm,2005,20.18901634216309
gtm,2006,21.49268531799316
gtm,2007,23.01728248596191
gtm,2008,24.49333763122559
gtm,2009,25.8007869720459
gtm,2010,27.14861869812012
gtm,2011,28.58623313903809
gtm,2012,29.97319030761719
gtm,2013,31.10892486572266
gtm,2014,32.129150390625
gtm,2015,32.98313140869141
gtm,2016,33.79790496826172
gtm,2017,34.6281623840332
gtm,2018,35.41903686523438
gtm,2019,36.20042419433594
gtm,2020,36.91591644287109
gtm,2021,37.76688003540039
gtm,2022,38.71787261962891
gtm,2023,39.67410659790039
gtm,2024,40.45502090454102
gtm,2025,41.49085235595703
guy,1981,20.15522575378418
guy,1982,21.22555351257324
guy,1983,22.13079643249512
guy,1984,22.94319534301758
guy,1985,23.51837730407715
guy,1986,24.17738342285156
guy,1987,24.85189056396484
guy,1988,25.71013069152832
guy,1989,26.54705429077148
guy,1990,27.38188171386719
guy,1991,28.54685211181641
guy,1992,29.89297866821289
guy,1993,31.3151741027832
guy,1994,32.73084259033203
guy,1995,33.86408233642578
guy,1996,35.19820022583008
guy,1997,36.70915985107422
guy,1998,38.52598190307617
guy,1999,40.3810920715332
guy,2000,42.5042839050293
guy,2001,44.50995254516602
guy,2002,46.59978103637695
guy,2003,48.77040100097656
guy,2004,50.98015975952148
guy,2005,53.1138801574707
guy,2006,54.90209579467773
guy,2007,56.54332733154297
guy,2008,57.699951171875
guy,2009,58.73429489135742
guy,2010,59.82838821411133
guy,2011,61.15700912475586
guy,2012,62.67231369018555
guy,2013,64.12470245361328
guy,2014,65.66275024414062
guy,2015,67.23177337646484
guy,2016,68.77347564697266
guy,2017,70.11185455322266
guy,2018,71.45819854736328
guy,2019,72.7762222290039
guy,2020,73.9842300415039
guy,2021,75.15606689453125
guy,2022,76.34097290039062
guy,2023,77.64257049560547
guy,2024,78.79183197021484
guy,2025,79.85206604003906
hnd,1981,16.40822601318359
hnd,1982,16.81295204162598
hnd,1983,17.24058151245117
hnd,1984,17.63692665100098
hnd,1985,18.06911087036133
hnd,1986,18.42341613769531
hnd,1987,18.74422836303711
hnd,1988,18.97323608398438
hnd,1989,19.2003002166748
hnd,1990,19.42291259765625
hnd,1991,19.26327705383301
hnd,1992,18.91917991638184
hnd,1993,18.41444396972656
hnd,1994,18.48313903808594
hnd,1995,18.6574592590332
hnd,1996,18.98354339599609
hnd,1997,19.14414978027344
hnd,1998,19.46967124938965
hnd,1999,19.91450309753418
hnd,2000,20.6439323425293
hnd,2001,21.36135292053223
hnd,2002,22.63908576965332
hnd,2003,24.24267387390137
hnd,2004,26.34348678588867
hnd,2005,28.44278907775879
hnd,2006,30.48117828369141
hnd,2007,32.37508773803711
hnd,2008,34.27617645263672
hnd,2009,36.34720611572266
hnd,2010,38.33184432983398
hnd,2011,40.33214950561523
hnd,2012,42.0217170715332
hnd,2013,43.29836654663086
hnd,2014,44.17455291748047
hnd,2015,45.07429885864258
hnd,2016,46.00307846069336
hnd,2017,46.77573013305664
hnd,2018,47.52151870727539
hnd,2019,48.1973876953125
hnd,2020,49.08502197265625
hnd,2021,50.03400039672852
hnd,2022,50.9078254699707
hnd,2023,51.84830474853516
hnd,2024,52.70270156860352
hnd,2025,53.69676971435547
hrv,1981,55.11517333984375
hrv,1982,56.94750213623047
hrv,1983,58.73424911499023
hrv,1984,60.39788818359375
hrv,1985,61.98683929443359
hrv,1986,63.46041870117188
hrv,1987,65.12230682373047
hrv,1988,66.69905853271484
hrv,1989,68.34972381591797
hrv,1990,69.93326568603516
hrv,1991,71.46280670166016
hrv,1992,72.77774810791016
hrv,1993,74.28802490234375
hrv,1994,75.77581787109375
hrv,1995,77.3975830078125
hrv,1996,79.18872833251953
hrv,1997,80.818115234375
hrv,1998,82.43497467041016
hrv,1999,83.90572357177734
hrv,2000,85.29621887207031
hrv,2001,86.74177551269531
hrv,2002,88.02928161621094
hrv,2003,89.24378204345703
hrv,2004,90.21846771240234
hrv,2005,91.0307388305664
hrv,2006,91.76477813720705
hrv,2007,92.4516143798828
hrv,2008,93.1229248046875
hrv,2009,93.71080017089844
hrv,2010,94.2354736328125
hrv,2011,94.64644622802734
hrv,2012,95.05980682373048
hrv,2013,95.42958831787108
hrv,2014,95.79931640625
hrv,2015,96.07958984375
hrv,2016,96.30147552490234
hrv,2017,96.51061248779295
hrv,2018,96.74319458007812
hrv,2019,97.03115081787108
hrv,2020,97.30205535888672
hrv,2021,97.59654998779295
hrv,2022,97.84868621826172
hrv,2023,98.08222198486328
hrv,2024,98.31873321533205
hrv,2025,98.51927185058594
hti,1981,0.6041240096092224
hti,1982,0.6784351468086243
hti,1983,0.7677302360534668
hti,1984,0.8520989418029785
hti,1985,0.9515168070793152
hti,1986,1.020908951759338
hti,1987,1.130199432373047
hti,1988,1.274365425109863
hti,1989,1.453476786613464
hti,1990,1.682561755180359
hti,1991,1.966681361198425
hti,1992,2.295631647109985
hti,1993,2.644608497619629
hti,1994,2.883559942245483
hti,1995,3.03755259513855
hti,1996,3.146764278411865
hti,1997,3.336037397384644
hti,1998,3.565574645996094
hti,1999,3.930571794509888
hti,2000,4.365828514099121
hti,2001,4.991312980651855
hti,2002,5.671770572662354
hti,2003,6.377566814422607
hti,2004,6.958539009094238
hti,2005,7.429569721221924
hti,2006,7.815482139587402
hti,2007,8.21625804901123
hti,2008,8.672059059143066
hti,2009,9.132888793945312
hti,2010,9.557791709899902
hti,2011,10.1076717376709
hti,2012,10.73814868927002
hti,2013,11.43358898162842
hti,2014,12.10408973693848
hti,2015,12.63436317443848
hti,2016,13.03962802886963
hti,2017,13.49481010437012
hti,2018,13.93490028381348
hti,2019,14.57011413574219
hti,2020,15.35535430908203
hti,2021,16.18549537658691
hti,2022,17.02058601379395
hti,2023,17.88069725036621
hti,2024,18.72072219848633
hti,2025,19.64097595214844
hun,1981,71.895751953125
hun,1982,72.680908203125
hun,1983,73.60952758789062
hun,1984,74.71859741210938
hun,1985,75.57024383544922
hun,1986,76.37596893310547
hun,1987,76.92376708984375
hun,1988,77.54107666015625
hun,1989,78.00929260253906
hun,1990,78.2418212890625
hun,1991,78.1631851196289
hun,1992,78.1984634399414
hun,1993,78.54147338867188
hun,1994,79.15987396240234
hun,1995,79.88803100585938
hun,1996,80.6146240234375
hun,1997,81.42981719970703
hun,1998,82.2548599243164
hun,1999,83.10466003417969
hun,2000,83.92768859863281
hun,2001,84.60204315185547
hun,2002,85.11417388916016
hun,2003,85.07608032226562
hun,2004,84.73350524902344
hun,2005,84.30358123779297
hun,2006,84.09428405761719
hun,2007,84.25857543945312
hun,2008,84.41065216064453
hun,2009,84.54888153076172
hun,2010,84.42945098876953
hun,2011,84.49455261230469
hun,2012,84.5880355834961
hun,2013,84.65608215332031
hun,2014,84.70565795898438
hun,2015,84.78030395507812
hun,2016,84.97125244140625
hun,2017,85.25862884521484
hun,2018,85.66563415527344
hun,2019,86.06605529785156
hun,2020,86.42247772216797
hun,2021,86.73287200927734
hun,2022,86.99366760253906
hun,2023,87.27582550048828
hun,2024,87.5870361328125
hun,2025,87.84194946289062
idn,1981,14.88557052612305
idn,1982,15.9578332901001
idn,1983,17.10005569458008
idn,1984,18.31748962402344
idn,1985,19.62614822387695
idn,1986,20.93036270141602
idn,1987,22.37377166748047
idn,1988,24.05157852172852
idn,1989,26.04505729675293
idn,1990,27.86964225769043
idn,1991,29.0945873260498
idn,1992,29.97466278076172
idn,1993,30.53940582275391
idn,1994,30.96857833862305
idn,1995,31.43197822570801
idn,1996,32.03656005859375
idn,1997,32.8803825378418
idn,1998,33.99890899658203
idn,1999,35.01681900024414
idn,2000,36.1707763671875
idn,2001,37.12119293212891
idn,2002,38.39783477783203
idn,2003,39.7413444519043
idn,2004,41.05425643920898
idn,2005,42.22195434570313
idn,2006,43.30830383300781
idn,2007,44.3709831237793
idn,2008,45.51086044311523
idn,2009,46.7887077331543
idn,2010,48.16481018066406
idn,2011,49.84014511108398
idn,2012,52.09624862670898
idn,2013,54.85176849365234
idn,2014,57.60198593139648
idn,2015,60.279052734375
idn,2016,62.65251159667969
idn,2017,65.10115814208984
idn,2018,67.10834503173828
idn,2019,68.8948974609375
idn,2020,70.2450942993164
idn,2021,71.6624755859375
idn,2022,72.88189697265625
idn,2023,74.1768569946289
idn,2024,75.2146987915039
idn,2025,76.43028259277344
ind,1981,6.361804962158203
ind,1982,6.983380794525146
ind,1983,7.51214075088501
ind,1984,8.128133773803711
ind,1985,8.765439987182617
ind,1986,9.349383354187012
ind,1987,9.907493591308594
ind,1988,10.47150707244873
ind,1989,11.01006412506104
ind,1990,11.53559017181396
ind,1991,12.08009433746338
ind,1992,12.64328384399414
ind,1993,13.3474645614624
ind,1994,14.24911117553711
ind,1995,15.1668119430542
ind,1996,15.95639896392822
ind,1997,16.71343421936035
ind,1998,17.45169067382813
ind,1999,18.28550720214844
ind,2000,19.31914520263672
ind,2001,20.27652740478516
ind,2002,21.22019195556641
ind,2003,22.23457908630371
ind,2004,23.4725341796875
ind,2005,24.77663230895996
ind,2006,26.07175254821777
ind,2007,27.50588989257813
ind,2008,29.36478614807129
ind,2009,31.47828483581543
ind,2010,33.76565551757813
ind,2011,35.9718132019043
ind,2012,38.35962677001953
ind,2013,40.54812240600586
ind,2014,43.04040908813477
ind,2015,45.45135116577148
ind,2016,47.75162124633789
ind,2017,49.70287704467773
ind,2018,51.77177810668945
ind,2019,53.77944183349609
ind,2020,55.76721954345703
ind,2021,57.71880340576172
ind,2022,59.49705505371094
ind,2023,61.01113128662109
ind,2024,62.520263671875
ind,2025,63.90750503540039
irl,1981,70.46408081054688
irl,1982,71.40966796875
irl,1983,72.29590606689453
irl,1984,73.19083404541016
irl,1985,74.0431900024414
irl,1986,74.9716567993164
irl,1987,75.81827545166016
irl,1988,76.84764099121094
irl,1989,77.71588134765625
irl,1990,78.72989654541016
irl,1991,79.96205139160156
irl,1992,81.02928924560547
irl,1993,82.1718521118164
irl,1994,83.39331817626953
irl,1995,84.6028823852539
irl,1996,85.6690673828125
irl,1997,86.57878112792969
irl,1998,87.48085021972656
irl,1999,88.15412139892578
irl,2000,88.71134948730469
irl,2001,89.17658233642578
irl,2002,89.55821228027344
irl,2003,89.65482330322266
irl,2004,89.58319091796875
irl,2005,89.52320861816406
irl,2006,89.64045715332031
irl,2007,89.90770721435547
irl,2008,90.19542694091795
irl,2009,90.5980987548828
irl,2010,91.1545639038086
irl,2011,91.69219207763672
irl,2012,92.2773208618164
irl,2013,92.8039779663086
irl,2014,93.2654037475586
irl,2015,93.57305145263672
irl,2016,93.79218292236328
irl,2017,93.99121856689452
irl,2018,94.23618316650392
irl,2019,94.52268981933594
irl,2020,94.77600860595705
irl,2021,95.06459045410156
irl,2022,95.32924652099608
irl,2023,95.547607421875
irl,2024,95.83846282958984
irl,2025,96.04349517822266
irn,1981,12.06363773345947
irn,1982,13.08879375457764
irn,1983,14.16742992401123
irn,1984,15.32323932647705
irn,1985,16.49944686889648
irn,1986,17.7733039855957
irn,1987,19.19930458068848
irn,1988,20.41853523254395
irn,1989,21.46517753601074
irn,1990,22.4366283416748
irn,1991,23.90189743041992
irn,1992,25.37947082519531
irn,1993,27.03650283813477
irn,1994,28.93444442749023
irn,1995,31.23290634155273
irn,1996,33.78987884521484
irn,1997,36.58029174804688
irn,1998,39.19845581054688
irn,1999,42.13299560546875
irn,2000,45.4062385559082
irn,2001,48.83389663696289
irn,2002,51.80020141601563
irn,2003,53.67885971069336
irn,2004,55.16590118408203
irn,2005,56.14940643310547
irn,2006,56.77510833740234
irn,2007,57.33396530151367
irn,2008,58.19121170043945
irn,2009,59.3516731262207
irn,2010,60.55778121948242
irn,2011,61.81974029541016
irn,2012,63.36157608032227
irn,2013,65.07169342041016
irn,2014,66.79886627197266
irn,2015,68.48709106445312
irn,2016,70.11193084716797
irn,2017,71.53470611572266
irn,2018,73.11796569824219
irn,2019,74.55697631835938
irn,2020,76.07587432861328
irn,2021,77.52855682373047
irn,2022,79.0817642211914
irn,2023,80.62824249267578
irn,2024,81.8677978515625
irn,2025,82.9732894897461
irq,1981,11.70279026031494
irq,1982,12.15938854217529
irq,1983,12.76900672912598
irq,1984,13.46342658996582
irq,1985,14.2722806930542
irq,1986,14.88695335388184
irq,1987,15.28460121154785
irq,1988,15.50829982757568
irq,1989,15.75984001159668
irq,1990,15.87001895904541
irq,1991,15.80611133575439
irq,1992,15.54678249359131
irq,1993,15.09844207763672
irq,1994,14.66690540313721
irq,1995,14.48155498504639
irq,1996,14.39024066925049
irq,1997,14.43405151367188
irq,1998,14.35818767547607
irq,1999,14.22301769256592
irq,2000,14.13867378234863
irq,2001,14.22305583953857
irq,2002,14.42003726959229
irq,2003,14.59663391113281
irq,2004,14.95265197753906
irq,2005,15.58189010620117
irq,2006,16.50716400146484
irq,2007,17.89162635803223
irq,2008,19.41306686401367
irq,2009,20.78771209716797
irq,2010,21.86159515380859
irq,2011,22.67644882202148
irq,2012,23.63814926147461
irq,2013,24.99444007873535
irq,2014,26.91267395019531
irq,2015,29.40839385986328
irq,2016,32.36064529418945
irq,2017,35.5592155456543
irq,2018,38.35353088378906
irq,2019,40.86176300048828
irq,2020,42.78774642944336
irq,2021,44.2700080871582
irq,2022,45.67116928100586
irq,2023,46.7855224609375
irq,2024,47.98335647583008
irq,2025,49.3078498840332
isl,1981,59.09896469116211
isl,1982,59.62833023071289
isl,1983,60.09169769287109
isl,1984,60.51943588256836
isl,1985,61.03426742553711
isl,1986,61.45910263061523
isl,1987,62.0095100402832
isl,1988,62.52861404418945
isl,1989,63.18463516235352
isl,1990,63.86239242553711
isl,1991,64.51870727539062
isl,1992,65.23418426513672
isl,1993,65.91142272949219
isl,1994,66.69701385498047
isl,1995,67.59194946289062
isl,1996,68.35334014892578
isl,1997,68.84422302246094
isl,1998,69.10968780517578
isl,1999,69.2773666381836
isl,2000,69.37364196777344
isl,2001,69.45458221435547
isl,2002,69.66836547851562
isl,2003,69.7933349609375
isl,2004,69.83393096923828
isl,2005,69.6131820678711
isl,2006,69.4749755859375
isl,2007,69.56342315673828
isl,2008,69.6573257446289
isl,2009,69.51124572753906
isl,2010,69.23636627197266
isl,2011,69.0545425415039
isl,2012,69.07141876220703
isl,2013,69.48381805419922
isl,2014,70.19219207763672
isl,2015,70.85060119628906
isl,2016,71.42499542236328
isl,2017,71.93604278564453
isl,2018,72.4012451171875
isl,2019,72.8508071899414
isl,2020,73.30068969726562
isl,2021,73.76909637451172
isl,2022,74.0296859741211
isl,2023,74.47958374023438
isl,2024,74.83409881591797
isl,2025,75.16251373291016
isr,1981,71.3034439086914
isr,1982,72.1727523803711
isr,1983,73.317626953125
isr,1984,74.49677276611328
isr,1985,75.6864242553711
isr,1986,76.73678588867188
isr,1987,77.68956756591797
isr,1988,78.3197250366211
isr,1989,78.88212585449219
isr,1990,79.26688385009766
isr,1991,79.73123168945312
isr,1992,80.15484619140625
isr,1993,80.76061248779297
isr,1994,81.62325286865234
isr,1995,82.5768051147461
isr,1996,83.5616226196289
isr,1997,84.40069580078125
isr,1998,85.20048522949219
isr,1999,86.10165405273438
isr,2000,87.13561248779297
isr,2001,88.00143432617188
isr,2002,88.68299865722656
isr,2003,89.3823471069336
isr,2004,90.11546325683594
isr,2005,90.62590789794922
isr,2006,91.18863677978516
isr,2007,91.75611114501952
isr,2008,92.2265625
isr,2009,92.60257720947266
isr,2010,92.88320159912108
isr,2011,93.11428833007812
isr,2012,93.39073944091795
isr,2013,93.58634948730467
isr,2014,93.7855224609375
isr,2015,94.02611541748048
isr,2016,94.22868347167967
isr,2017,94.53863525390624
isr,2018,94.88003540039064
isr,2019,95.15647888183594
isr,2020,95.41905212402344
isr,2021,95.697509765625
isr,2022,96.03534698486328
isr,2023,96.23503875732422
isr,2024,96.47655487060548
isr,2025,96.76258087158205
ita,1981,46.75375366210938
ita,1982,47.76868057250977
ita,1983,48.90537261962891
ita,1984,50.11688613891602
ita,1985,51.30886459350586
ita,1986,52.59680938720703
ita,1987,54.0113410949707
ita,1988,55.59233474731445
ita,1989,56.89522171020508
ita,1990,58.0155143737793
ita,1991,59.05868530273438
ita,1992,60.46419525146484
ita,1993,62.02066040039063
ita,1994,63.56889724731445
ita,1995,64.7888412475586
ita,1996,65.94428253173828
ita,1997,67.34163665771484
ita,1998,68.72855377197266
ita,1999,70.15869903564453
ita,2000,71.09944915771484
ita,2001,72.15106201171875
ita,2002,72.85749053955078
ita,2003,73.5600357055664
ita,2004,74.237060546875
ita,2005,75.07941436767578
ita,2006,76.0205307006836
ita,2007,76.78975677490234
ita,2008,77.72295379638672
ita,2009,78.92279052734375
ita,2010,79.92760467529297
ita,2011,80.93788146972656
ita,2012,81.6818618774414
ita,2013,82.58866882324219
ita,2014,83.45228576660156
ita,2015,84.31610870361328
ita,2016,85.1213150024414
ita,2017,85.71791076660156
ita,2018,86.13750457763672
ita,2019,86.5931396484375
ita,2020,87.14439392089844
ita,2021,87.81145477294922
ita,2022,88.45460510253906
ita,2023,89.00675201416016
ita,2024,89.49612426757812
ita,2025,90.03292083740234
jam,1981,54.98877716064453
jam,1982,55.96530914306641
jam,1983,56.92843246459961
jam,1984,57.67772674560547
jam,1985,58.6756477355957
jam,1986,59.91964721679688
jam,1987,61.47797775268555
jam,1988,62.69903182983398
jam,1989,63.76565170288086
jam,1990,64.74392700195312
jam,1991,65.87675476074219
jam,1992,66.93566131591797
jam,1993,67.94195556640625
jam,1994,68.98652648925781
jam,1995,69.95468139648438
jam,1996,70.76789093017578
jam,1997,71.59451293945312
jam,1998,72.73709869384766
jam,1999,74.5387954711914
jam,2000,76.56303405761719
jam,2001,78.4317626953125
jam,2002,80.0674819946289
jam,2003,81.4140853881836
jam,2004,82.72200775146484
jam,2005,83.94244384765625
jam,2006,85.0817642211914
jam,2007,85.96102142333984
jam,2008,86.69506072998047
jam,2009,87.37294006347656
jam,2010,87.97467803955078
jam,2011,88.5536117553711
jam,2012,89.0536880493164
jam,2013,89.46238708496094
jam,2014,89.72246551513672
jam,2015,89.96055603027344
jam,2016,90.2292938232422
jam,2017,90.56237030029295
jam,2018,90.97744750976564
jam,2019,91.52553558349608
jam,2020,92.03472137451172
jam,2021,92.53712463378906
jam,2022,92.99173736572266
jam,2023,93.45608520507812
jam,2024,93.80139923095705
jam,2025,94.15816497802734
jor,1981,43.71909713745117
jor,1982,44.41305923461914
jor,1983,44.96023559570313
jor,1984,45.47797393798828
jor,1985,45.95980453491211
jor,1986,46.58655166625977
jor,1987,47.3709716796875
jor,1988,48.22815322875977
jor,1989,49.09966659545898
jor,1990,49.21219635009766
jor,1991,48.71192932128906
jor,1992,48.15896987915039
jor,1993,47.91969680786133
jor,1994,47.94667816162109
jor,1995,48.09032440185547
jor,1996,48.43239212036133
jor,1997,49.145263671875
jor,1998,50.22233963012695
jor,1999,51.80395126342773
jor,2000,53.8229866027832
jor,2001,55.87790298461914
jor,2002,57.70550918579102
jor,2003,58.92385101318359
jor,2004,59.7652587890625
jor,2005,60.69775009155273
jor,2006,61.72401809692383
jor,2007,62.89467239379883
jor,2008,63.64711380004883
jor,2009,64.25701904296875
jor,2010,64.81277465820312
jor,2011,65.76313018798828
jor,2012,66.72062683105469
jor,2013,67.25596618652344
jor,2014,67.21308898925781
jor,2015,66.33931732177734
jor,2016,65.58385467529297
jor,2017,65.0475082397461
jor,2018,65.48261260986328
jor,2019,66.15486145019531
jor,2020,67.17786407470703
jor,2021,68.38912200927734
jor,2022,70.33887481689453
jor,2023,72.69999694824219
jor,2024,74.64814758300781
jor,2025,76.11697387695312
kaz,1981,68.8568115234375
kaz,1982,70.02593231201172
kaz,1983,71.09992980957031
kaz,1984,72.1366958618164
kaz,1985,72.77083587646484
kaz,1986,73.65474700927734
kaz,1987,74.5384521484375
kaz,1988,75.50054931640625
kaz,1989,76.58878326416016
kaz,1990,77.64622497558594
kaz,1991,78.7520980834961
kaz,1992,79.60494232177734
kaz,1993,80.63793182373047
kaz,1994,81.80314636230469
kaz,1995,83.10911560058594
kaz,1996,84.23943328857422
kaz,1997,85.2872543334961
kaz,1998,86.1585464477539
kaz,1999,87.0526123046875
kaz,2000,88.1305923461914
kaz,2001,89.29571533203125
kaz,2002,90.3839874267578
kaz,2003,91.32172393798828
kaz,2004,92.12407684326172
kaz,2005,92.95471954345705
kaz,2006,93.64038848876952
kaz,2007,94.19600677490234
kaz,2008,94.66204833984376
kaz,2009,95.02249145507812
kaz,2010,95.27782440185548
kaz,2011,95.51752471923828
kaz,2012,95.7678451538086
kaz,2013,95.9682846069336
kaz,2014,96.13883972167967
kaz,2015,96.27944946289064
kaz,2016,96.43466186523438
kaz,2017,96.6245346069336
kaz,2018,96.82012939453124
kaz,2019,96.98958587646484
kaz,2020,97.11941528320312
kaz,2021,97.23455810546876
kaz,2022,97.34409332275392
kaz,2023,97.46358489990234
kaz,2024,97.57794952392578
kaz,2025,97.70696258544922
ken,1981,15.71943378448486
ken,1982,16.1939697265625
ken,1983,16.61882781982422
ken,1984,17.17846488952637
ken,1985,17.71271133422852
ken,1986,18.23653411865234
ken,1987,18.49554443359375
ken,1988,18.66521644592285
ken,1989,18.65518569946289
ken,1990,18.82001686096191
ken,1991,19.03424453735352
ken,1992,19.3983039855957
ken,1993,19.64264297485352
ken,1994,20.03729248046875
ken,1995,20.41706657409668
ken,1996,20.70647430419922
ken,1997,20.65068054199219
ken,1998,20.60027503967285
ken,1999,20.87553024291992
ken,2000,21.4761905670166
ken,2001,22.09675979614258
ken,2002,22.66236305236816
ken,2003,23.22797584533691
ken,2004,23.84384346008301
ken,2005,24.53469848632813
ken,2006,25.2204761505127
ken,2007,26.24602890014648
ken,2008,27.35142517089844
ken,2009,28.50165367126465
ken,2010,29.73749160766602
ken,2011,31.01461791992188
ken,2012,32.38742828369141
ken,2013,33.67071914672852
ken,2014,34.79376983642578
ken,2015,35.68709182739258
ken,2016,36.42221069335938
ken,2017,37.10951614379883
ken,2018,37.79270935058594
ken,2019,38.39091873168945
ken,2020,39.04123306274414
ken,2021,39.63899993896484
ken,2022,40.44407653808594
ken,2023,41.1063117980957
ken,2024,41.63042449951172
ken,2025,42.29972839355469
kgz,1981,74.9139175415039
kgz,1982,75.40487670898438
kgz,1983,75.87029266357422
kgz,1984,76.32341003417969
kgz,1985,76.65692138671875
kgz,1986,76.76687622070312
kgz,1987,76.83629608154297
kgz,1988,76.58367156982422
kgz,1989,76.52204132080078
kgz,1990,77.09060668945312
kgz,1991,77.5818862915039
kgz,1992,78.18448638916016
kgz,1993,79.0791015625
kgz,1994,80.21161651611328
kgz,1995,81.41036224365234
kgz,1996,82.80278015136719
kgz,1997,84.2037124633789
kgz,1998,85.54299926757812
kgz,1999,86.77818298339844
kgz,2000,88.06494140625
kgz,2001,89.32614135742188
kgz,2002,90.48641204833984
kgz,2003,91.4287567138672
kgz,2004,92.08477783203124
kgz,2005,92.51976776123048
kgz,2006,92.71011352539064
kgz,2007,92.75604248046876
kgz,2008,92.69872283935548
kgz,2009,92.6345443725586
kgz,2010,92.45460510253906
kgz,2011,92.23828125
kgz,2012,92.03797149658205
kgz,2013,91.79209136962892
kgz,2014,91.60961151123048
kgz,2015,91.49496459960938
kgz,2016,91.4717254638672
kgz,2017,91.55618286132812
kgz,2018,91.67920684814452
kgz,2019,91.79277801513672
kgz,2020,91.99988555908205
kgz,2021,92.18991088867188
kgz,2022,92.4208755493164
kgz,2023,92.68125152587892
kgz,2024,92.90590667724608
kgz,2025,93.21790313720705
khm,1981,0.1744825392961502
khm,1982,0.2660516202449799
khm,1983,0.4176338911056519
khm,1984,0.6431413888931274
khm,1985,0.9253940582275392
khm,1986,1.215547204017639
khm,1987,1.534813165664673
khm,1988,1.915096640586853
khm,1989,2.260958194732666
khm,1990,2.570508003234863
khm,1991,2.816425800323486
khm,1992,3.124382495880127
khm,1993,3.411376714706421
khm,1994,3.645083665847778
khm,1995,3.690710306167603
khm,1996,3.62903356552124
khm,1997,3.564658403396606
khm,1998,3.633006572723389
khm,1999,3.978850126266479
khm,2000,4.661232948303223
khm,2001,5.481838226318359
khm,2002,6.325631141662598
khm,2003,7.056695461273193
khm,2004,7.730807304382324
khm,2005,8.324155807495117
khm,2006,8.937331199645996
khm,2007,9.814831733703612
khm,2008,10.90984535217285
khm,2009,12.14291858673096
khm,2010,13.30309772491455
khm,2011,14.44013023376465
khm,2012,15.42340278625488
khm,2013,16.33224105834961
khm,2014,17.11795425415039
khm,2015,17.72553443908691
khm,2016,18.08581352233887
khm,2017,18.20965576171875
khm,2018,18.44723701477051
khm,2019,18.99539566040039
khm,2020,20.22491073608398
khm,2021,21.83001327514648
khm,2022,23.5870246887207
khm,2023,25.11164665222168
khm,2024,26.49474906921387
khm,2025,27.74930191040039
kir,1981,1.083240628242493
kir,1982,1.203668236732483
kir,1983,1.333567500114441
kir,1984,1.543465971946716
kir,1985,1.743913292884827
kir,1986,1.956194639205933
kir,1987,2.129390716552734
kir,1988,2.330567121505737
kir,1989,2.529696226119995
kir,1990,2.753540515899658
kir,1991,3.006241083145142
kir,1992,3.289451837539673
kir,1993,3.630727767944336
kir,1994,3.93387770652771
kir,1995,4.265453815460205
kir,1996,4.614937305450439
kir,1997,4.958328723907471
kir,1998,5.316452503204346
kir,1999,5.782122611999512
kir,2000,6.241395473480225
kir,2001,6.798856735229492
kir,2002,7.359389305114746
kir,2003,8.040863037109375
kir,2004,8.761680603027344
kir,2005,9.380979537963867
kir,2006,9.988283157348633
kir,2007,10.56808662414551
kir,2008,11.20070266723633
kir,2009,11.83653354644775
kir,2010,12.49666976928711
kir,2011,13.15475273132324
kir,2012,13.88654613494873
kir,2013,14.70586109161377
kir,2014,15.63139533996582
kir,2015,16.54108047485352
kir,2016,17.60162162780762
kir,2017,18.72752952575684
kir,2018,19.93417930603027
kir,2019,21.01755523681641
kir,2020,22.00614356994629
kir,2021,23.09011840820313
kir,2022,24.26394081115723
kir,2023,25.44412994384766
kir,2024,26.52462768554688
kir,2025,27.70844841003418
kor,1981,96.18519592285156
kor,1982,96.27762603759766
kor,1983,96.44328308105467
kor,1984,96.56365203857422
kor,1985,96.66352081298828
kor,1986,96.74213409423828
kor,1987,96.8105697631836
kor,1988,96.91558837890624
kor,1989,97.01534271240234
kor,1990,97.12924957275392
kor,1991,97.26355743408205
kor,1992,97.38441467285156
kor,1993,97.5012435913086
kor,1994,97.65869140625
kor,1995,97.84345245361328
kor,1996,97.992919921875
kor,1997,98.09761810302734
kor,1998,98.17342376708984
kor,1999,98.22207641601564
kor,2000,98.2492904663086
kor,2001,98.27159881591795
kor,2002,98.27406311035156
kor,2003,98.26740264892578
kor,2004,98.25360870361328
kor,2005,98.25398254394533
kor,2006,98.2456283569336
kor,2007,98.22367095947266
kor,2008,98.19623565673828
kor,2009,98.17723083496094
kor,2010,98.1841049194336
kor,2011,98.20410919189452
kor,2012,98.26161956787108
kor,2013,98.31779479980467
kor,2014,98.38870239257812
kor,2015,98.44853973388672
kor,2016,98.52598571777344
kor,2017,98.5886459350586
kor,2018,98.65628051757812
kor,2019,98.71280670166016
kor,2020,98.76406097412108
kor,2021,98.82997894287108
kor,2022,98.86941528320312
kor,2023,98.92327880859376
kor,2024,98.97398376464844
kor,2025,99.0208740234375
lao,1981,5.2872314453125
lao,1982,5.64708423614502
lao,1983,6.063427925109863
lao,1984,6.380514621734619
lao,1985,6.718314170837402
lao,1986,7.015064239501953
lao,1987,7.3063645362854
lao,1988,7.692519187927246
lao,1989,8.223615646362305
lao,1990,8.820718765258789
lao,1991,9.393195152282717
lao,1992,9.660443305969238
lao,1993,9.564375877380373
lao,1994,9.301898956298828
lao,1995,9.128376960754396
lao,1996,9.063640594482422
lao,1997,9.183186531066896
lao,1998,9.699678421020508
lao,1999,10.45408630371094
lao,2000,11.31320285797119
lao,2001,12.4144229888916
lao,2002,13.67624187469482
lao,2003,15.13308334350586
lao,2004,16.7364330291748
lao,2005,18.33078575134277
lao,2006,19.69304656982422
lao,2007,20.72068786621094
lao,2008,21.60218620300293
lao,2009,22.39690780639648
lao,2010,23.38332557678223
lao,2011,24.26552391052246
lao,2012,24.9661750793457
lao,2013,25.67616081237793
lao,2014,26.71025276184082
lao,2015,27.681884765625
lao,2016,28.71432876586914
lao,2017,29.43991661071777
lao,2018,30.566162109375
lao,2019,31.62799072265625
lao,2020,32.61187362670898
lao,2021,33.52389907836914
lao,2022,34.48666000366211
lao,2023,35.68064117431641
lao,2024,36.54487609863281
lao,2025,37.58123016357422
lbr,1981,4.035894870758057
lbr,1982,4.17048978805542
lbr,1983,4.330199241638184
lbr,1984,4.450215339660645
lbr,1985,4.590861797332764
lbr,1986,4.83090353012085
lbr,1987,5.014859676361084
lbr,1988,5.168682098388672
lbr,1989,5.287746906280518
lbr,1990,5.481131553649902
lbr,1991,5.692602634429932
lbr,1992,5.813947677612305
lbr,1993,5.964040279388428
lbr,1994,6.178986072540283
lbr,1995,6.366232395172119
lbr,1996,6.484877109527588
lbr,1997,6.501938819885254
lbr,1998,6.504688262939453
lbr,1999,6.528759002685547
lbr,2000,6.489395141601563
lbr,2001,6.370692729949951
lbr,2002,6.282799243927002
lbr,2003,6.287137985229492
lbr,2004,6.401785850524902
lbr,2005,6.765537738800049
lbr,2006,7.094504833221436
lbr,2007,7.443691730499268
lbr,2008,7.738687038421631
lbr,2009,8.148849487304688
lbr,2010,8.518814086914062
lbr,2011,8.85516357421875
lbr,2012,9.22048282623291
lbr,2013,9.663982391357422
lbr,2014,10.15242767333984
lbr,2015,10.6306791305542
lbr,2016,11.09395027160645
lbr,2017,11.38729476928711
lbr,2018,11.78105449676514
lbr,2019,12.1251335144043
lbr,2020,12.46965026855469
lbr,2021,12.67951488494873
lbr,2022,12.93981266021729
lbr,2023,13.2004337310791
lbr,2024,13.49087047576904
lbr,2025,13.83157157897949
lca,1981,16.4912166595459
lca,1982,18.22224807739258
lca,1983,20.02393531799316
lca,1984,21.92383193969727
lca,1985,23.96338653564453
lca,1986,25.98665618896484
lca,1987,28.32112503051758
lca,1988,30.63414573669434
lca,1989,33.17324447631836
lca,1990,35.59591674804688
lca,1991,38.07151031494141
lca,1992,40.3883056640625
lca,1993,43.19823837280273
lca,1994,45.98152160644531
lca,1995,48.77532958984375
lca,1996,51.68989562988281
lca,1997,54.45888519287109
lca,1998,57.37190628051758
lca,1999,60.22236633300781
lca,2000,62.91984176635742
lca,2001,65.5759048461914
lca,2002,68.23925018310547
lca,2003,70.59158325195312
lca,2004,72.92552947998047
lca,2005,75.19650268554688
lca,2006,77.42108154296875
lca,2007,79.47308349609375
lca,2008,81.49906921386719
lca,2009,83.31239318847656
lca,2010,85.1646957397461
lca,2011,86.92283630371094
lca,2012,88.55845642089844
lca,2013,90.19640350341795
lca,2014,91.6281280517578
lca,2015,92.7074966430664
lca,2016,93.82170867919922
lca,2017,94.93917083740234
lca,2018,95.94335174560548
lca,2019,96.80274200439452
lca,2020,97.50185394287108
lca,2021,98.200439453125
lca,2022,98.81985473632812
lca,2023,99.34539794921876
lca,2024,99.68399810791016
lca,2025,100.0
lso,1981,7.332659244537354
lso,1982,7.640933990478516
lso,1983,7.983855247497559
lso,1984,8.32619857788086
lso,1985,8.619479179382324
lso,1986,8.914047241210938
lso,1987,9.259151458740234
lso,1988,9.599457740783691
lso,1989,9.98542022705078
lso,1990,10.29609680175781
lso,1991,10.61148262023926
lso,1992,10.89600563049316
lso,1993,11.22399616241455
lso,1994,11.49605464935303
lso,1995,11.87617969512939
lso,1996,12.44893264770508
lso,1997,13.1519136428833
lso,1998,13.85470867156982
lso,1999,14.38501453399658
lso,2000,14.71491050720215
lso,2001,15.07412528991699
lso,2002,15.37046718597412
lso,2003,15.92055320739746
lso,2004,16.72290229797363
lso,2005,17.8005485534668
lso,2006,18.71395301818848
lso,2007,19.46357345581055
lso,2008,19.82467842102051
lso,2009,20.32151412963867
lso,2010,21.04420852661133
lso,2011,22.0405216217041
lso,2012,23.02057456970215
lso,2013,24.01900291442871
lso,2014,25.01310348510742
lso,2015,26.0831470489502
lso,2016,26.96903419494629
lso,2017,27.84604644775391
lso,2018,28.68058776855469
lso,2019,29.47520637512207
lso,2020,30.27541923522949
lso,2021,30.84717178344727
lso,2022,31.47807121276855
lso,2023,32.3102912902832
lso,2024,33.09110641479492
lso,2025,33.96731948852539
ltu,1981,94.08673858642578
ltu,1982,94.16629028320312
ltu,1983,94.30950164794922
ltu,1984,94.45462799072266
ltu,1985,94.54499053955078
ltu,1986,94.6768798828125
ltu,1987,94.6831283569336
ltu,1988,94.57320404052734
ltu,1989,94.39412689208984
ltu,1990,94.08494567871094
ltu,1991,93.62792205810548
ltu,1992,93.06939697265624
ltu,1993,92.20806884765624
ltu,1994,91.16413116455078
ltu,1995,89.98682403564453
ltu,1996,88.67959594726562
ltu,1997,87.4618148803711
ltu,1998,86.393310546875
ltu,1999,85.93193054199219
ltu,2000,85.93321228027344
ltu,2001,86.4564208984375
ltu,2002,87.41998291015625
ltu,2003,88.7033920288086
ltu,2004,89.8165283203125
ltu,2005,90.71537017822266
ltu,2006,91.33592987060548
ltu,2007,91.72032165527344
ltu,2008,91.97039794921876
ltu,2009,92.07893371582033
ltu,2010,92.23401641845705
ltu,2011,92.39530181884766
ltu,2012,92.57373046875
ltu,2013,92.7650146484375
ltu,2014,92.8748016357422
ltu,2015,92.91793060302734
ltu,2016,92.8954849243164
ltu,2017,92.95985412597656
ltu,2018,93.0989990234375
ltu,2019,93.31368255615234
ltu,2020,93.53636169433594
ltu,2021,93.79695129394533
ltu,2022,94.03741455078124
ltu,2023,94.29436492919922
ltu,2024,94.48136901855467
ltu,2025,94.71575927734376
lux,1981,50.82348251342773
lux,1982,51.61440277099609
lux,1983,52.34171295166016
lux,1984,53.02132797241211
lux,1985,54.00186920166016
lux,1986,54.7955436706543
lux,1987,55.51596450805664
lux,1988,56.27289581298828
lux,1989,57.14168930053711
lux,1990,58.04610443115234
lux,1991,59.12701416015625
lux,1992,59.98860931396484
lux,1993,60.78661346435547
lux,1994,61.78543853759766
lux,1995,62.78672790527344
lux,1996,63.87696075439453
lux,1997,64.87722778320312
lux,1998,65.93383026123047
lux,1999,67.29147338867188
lux,2000,68.7948989868164
lux,2001,70.2349853515625
lux,2002,71.71221160888672
lux,2003,73.16278839111328
lux,2004,74.3455810546875
lux,2005,75.43759155273438
lux,2006,76.44732666015625
lux,2007,77.33052062988281
lux,2008,78.19551849365234
lux,2009,78.93193817138672
lux,2010,79.48773956298828
lux,2011,79.98657989501953
lux,2012,80.30906677246094
lux,2013,80.53211212158203
lux,2014,80.68815612792969
lux,2015,80.89183044433594
lux,2016,81.15868377685547
lux,2017,81.35697174072266
lux,2018,81.79402923583984
lux,2019,82.31563568115234
lux,2020,82.8387222290039
lux,2021,83.45010375976562
lux,2022,83.98953247070312
lux,2023,84.61103820800781
lux,2024,85.22866821289062
lux,2025,85.79981994628906
lva,1981,92.39567565917967
lva,1982,92.46350860595705
lva,1983,92.61143493652344
lva,1984,92.81526184082033
lva,1985,92.82868957519533
lva,1986,93.09119415283205
lva,1987,93.24619293212892
lva,1988,93.39774322509766
lva,1989,93.46809387207033
lva,1990,93.3476791381836
lva,1991,92.96336364746094
lva,1992,92.29977416992188
lva,1993,91.33548736572266
lva,1994,90.0339126586914
lva,1995,88.44408416748047
lva,1996,86.4223403930664
lva,1997,84.47667694091797
lva,1998,82.75851440429688
lva,1999,81.76730346679688
lva,2000,81.43821716308594
lva,2001,81.92548370361328
lva,2002,82.80718231201172
lva,2003,83.84676361083984
lva,2004,84.8984603881836
lva,2005,85.7734146118164
lva,2006,86.3861312866211
lva,2007,86.62427520751953
lva,2008,86.6878662109375
lva,2009,86.60372924804688
lva,2010,86.56017303466797
lva,2011,86.99114990234375
lva,2012,87.58428955078125
lva,2013,88.26007843017578
lva,2014,88.80537414550781
lva,2015,89.17997741699219
lva,2016,89.476318359375
lva,2017,89.68682861328125
lva,2018,89.91441345214844
lva,2019,90.30198669433594
lva,2020,90.58628845214844
lva,2021,90.84996032714844
lva,2022,91.0688247680664
lva,2023,91.50481414794922
lva,2024,91.86124420166016
lva,2025,92.26698303222656
mar,1981,9.864516258239746
mar,1982,10.16535091400146
mar,1983,10.44121837615967
mar,1984,10.66250514984131
mar,1985,10.92383098602295
mar,1986,11.24966907501221
mar,1987,11.62547302246094
mar,1988,11.78771686553955
mar,1989,11.84657764434814
mar,1990,11.74158668518066
mar,1991,11.89347267150879
mar,1992,12.00043869018555
mar,1993,12.2567777633667
mar,1994,12.34252738952637
mar,1995,12.50131130218506
mar,1996,12.57619190216064
mar,1997,12.90685176849365
mar,1998,13.22842884063721
mar,1999,13.65918254852295
mar,2000,14.11464405059814
mar,2001,14.87210559844971
mar,2002,15.85229587554932
mar,2003,16.8740177154541
mar,2004,17.72269248962402
mar,2005,18.3040828704834
mar,2006,18.68136215209961
mar,2007,19.12253189086914
mar,2008,19.55256080627441
mar,2009,19.94172096252441
mar,2010,20.34188842773438
mar,2011,20.67866706848145
mar,2012,21.09482955932617
mar,2013,21.7095832824707
mar,2014,22.06793212890625
mar,2015,22.50134658813477
mar,2016,22.89239120483398
mar,2017,23.4862003326416
mar,2018,23.91808319091797
mar,2019,24.35940933227539
mar,2020,24.98812103271484
mar,2021,25.42972373962402
mar,2022,26.0704460144043
mar,2023,26.56853866577148
mar,2024,26.89833450317383
mar,2025,27.61249732971191
mda,1981,85.75227355957031
mda,1982,86.08572387695312
mda,1983,86.40833282470703
mda,1984,86.72607421875
mda,1985,87.09004974365234
mda,1986,87.39602661132812
mda,1987,87.65694427490234
mda,1988,87.86705780029297
mda,1989,88.1610107421875
mda,1990,88.37415313720703
mda,1991,88.6917495727539
mda,1992,88.99703216552734
mda,1993,89.31904602050781
mda,1994,89.54541015625
mda,1995,89.9666519165039
mda,1996,90.33961486816406
mda,1997,90.71951293945312
mda,1998,91.10192108154295
mda,1999,91.42021942138672
mda,2000,91.64688873291016
mda,2001,91.77206420898438
mda,2002,91.86189270019533
mda,2003,91.81195831298828
mda,2004,91.73456573486328
mda,2005,91.64678955078124
mda,2006,91.63349151611328
mda,2007,91.70421600341795
mda,2008,91.74920654296876
mda,2009,91.81533813476564
mda,2010,91.90008544921876
mda,2011,92.11786651611328
mda,2012,92.36894989013672
mda,2013,92.6287841796875
mda,2014,92.86586761474608
mda,2015,93.1002197265625
mda,2016,93.3344497680664
mda,2017,93.4411392211914
mda,2018,93.61861419677734
mda,2019,93.83794403076172
mda,2020,93.96813201904295
mda,2021,94.13777923583984
mda,2022,94.31974029541016
mda,2023,94.49874877929688
mda,2024,94.72370910644533
mda,2025,94.84362030029295
mdg,1981,6.63889217376709
mdg,1982,6.803710460662842
mdg,1983,7.018662452697754
mdg,1984,7.213367462158203
mdg,1985,7.378125667572021
mdg,1986,7.457800388336182
mdg,1987,7.437519550323486
mdg,1988,7.377518653869629
mdg,1989,7.267765045166016
mdg,1990,7.093385219573975
mdg,1991,6.859020709991455
mdg,1992,6.614488124847412
mdg,1993,6.334953784942627
mdg,1994,6.095457077026367
mdg,1995,5.886138916015625
mdg,1996,5.706737041473389
mdg,1997,5.567257404327393
mdg,1998,5.482611179351807
mdg,1999,5.477911949157715
mdg,2000,5.428214550018311
mdg,2001,5.43363618850708
mdg,2002,5.524024486541748
mdg,2003,5.749448776245117
mdg,2004,5.999523639678955
mdg,2005,6.283841609954834
mdg,2006,6.647947788238525
mdg,2007,7.116873264312744
mdg,2008,7.661348819732666
mdg,2009,8.120625495910645
mdg,2010,8.595478057861328
mdg,2011,8.9899263381958
mdg,2012,9.389636993408203
mdg,2013,9.869985580444336
mdg,2014,10.3708963394165
mdg,2015,10.88703155517578
mdg,2016,11.37284183502197
mdg,2017,11.78863906860352
mdg,2018,12.18401145935059
mdg,2019,12.52921676635742
mdg,2020,12.96432685852051
mdg,2021,13.39503002166748
mdg,2022,13.86567115783691
mdg,2023,14.19088840484619
mdg,2024,14.56106472015381
mdg,2025,14.77108287811279
mdv,1981,0.0
mdv,1982,0.0
mdv,1983,0.0845330059528351
mdv,1984,0.3886940479278564
mdv,1985,0.6896383762359619
mdv,1986,1.041936874389648
mdv,1987,1.366898655891418
mdv,1988,1.668903827667236
mdv,1989,2.059590101242065
mdv,1990,2.536628007888794
mdv,1991,2.993837118148804
mdv,1992,3.542003631591797
mdv,1993,4.064058303833008
mdv,1994,4.726221084594727
mdv,1995,5.41059684753418
mdv,1996,6.166747570037842
mdv,1997,6.906264781951904
mdv,1998,7.646878719329834
mdv,1999,8.394716262817383
mdv,2000,9.238581657409668
mdv,2001,10.21178340911865
mdv,2002,11.26778697967529
mdv,2003,12.34634494781494
mdv,2004,13.41280651092529
mdv,2005,14.52876758575439
mdv,2006,15.51871776580811
mdv,2007,16.45141792297363
mdv,2008,17.4616870880127
mdv,2009,18.88880729675293
mdv,2010,20.51311874389648
mdv,2011,22.36713027954102
mdv,2012,24.2751293182373
mdv,2013,26.32386207580566
mdv,2014,28.5758171081543
mdv,2015,31.1223087310791
mdv,2016,33.76339721679688
mdv,2017,35.99343109130859
mdv,2018,38.07410430908203
mdv,2019,40.03841781616211
mdv,2020,41.88385391235352
mdv,2021,43.76252746582031
mdv,2022,45.5509147644043
mdv,2023,47.43555068969727
mdv,2024,49.02729415893555
mdv,2025,50.75511169433594
mex,1981,24.10671806335449
mex,1982,25.0980167388916
mex,1983,26.34794616699219
mex,1984,27.51909637451172
mex,1985,28.3566951751709
mex,1986,29.10556793212891
mex,1987,29.69750022888184
mex,1988,30.37376976013184
mex,1989,30.66156768798828
mex,1990,30.93589019775391
mex,1991,31.02556228637695
mex,1992,31.06892204284668
mex,1993,31.30610275268555
mex,1994,31.9208984375
mex,1995,32.56700897216797
mex,1996,33.26113510131836
mex,1997,33.37797164916992
mex,1998,33.71797943115234
mex,1999,34.31759262084961
mex,2000,35.41452026367188
mex,2001,36.5932502746582
mex,2002,37.67458343505859
mex,2003,38.85378265380859
mex,2004,40.42041015625
mex,2005,42.05143356323242
mex,2006,43.49801254272461
mex,2007,44.66869354248047
mex,2008,45.93364334106445
mex,2009,47.44010162353516
mex,2010,48.88209915161133
mex,2011,49.84314346313477
mex,2012,50.60341644287109
mex,2013,51.34532928466797
mex,2014,52.33263778686523
mex,2015,53.4051513671875
mex,2016,54.4375114440918
mex,2017,55.4443473815918
mex,2018,56.72114944458008
mex,2019,58.4132194519043
mex,2020,59.83118057250977
mex,2021,60.91456985473633
mex,2022,61.67283248901367
mex,2023,62.61154556274414
mex,2024,63.51508331298828
mex,2025,64.3539047241211
mkd,1981,20.44742393493652
mkd,1982,21.75917625427246
mkd,1983,23.1503791809082
mkd,1984,24.75005912780762
mkd,1985,26.19641304016113
mkd,1986,27.92515182495117
mkd,1987,29.45753860473633
mkd,1988,31.02095603942871
mkd,1989,32.61361694335938
mkd,1990,34.1322135925293
mkd,1991,35.78316879272461
mkd,1992,37.44178009033203
mkd,1993,39.3181266784668
mkd,1994,41.22384262084961
mkd,1995,43.40147018432617
mkd,1996,45.67218780517578
mkd,1997,47.89317321777344
mkd,1998,50.22434616088867
mkd,1999,52.35646820068359
mkd,2000,54.45701217651367
mkd,2001,56.41254043579102
mkd,2002,58.33187484741211
mkd,2003,60.11598587036133
mkd,2004,61.70619964599609
mkd,2005,63.18268966674805
mkd,2006,64.60352325439453
mkd,2007,65.9996109008789
mkd,2008,67.30485534667969
mkd,2009,68.49345397949219
mkd,2010,69.81661224365234
mkd,2011,71.28011322021484
mkd,2012,72.78829956054688
mkd,2013,74.28368377685547
mkd,2014,75.9342041015625
mkd,2015,77.46492004394531
mkd,2016,78.7689208984375
mkd,2017,79.89237976074219
mkd,2018,80.81639099121094
mkd,2019,81.8900146484375
mkd,2020,83.01309967041016
mkd,2021,84.08812713623047
mkd,2022,85.03001403808594
mkd,2023,86.02533721923828
mkd,2024,86.97502899169922
mkd,2025,87.8702392578125
mli,1981,1.408466696739197
mli,1982,1.477461457252502
mli,1983,1.506533980369568
mli,1984,1.570655226707458
mli,1985,1.589527726173401
mli,1986,1.617936849594116
mli,1987,1.636040925979614
mli,1988,1.644000768661499
mli,1989,1.636799573898315
mli,1990,1.629284977912903
mli,1991,1.60084867477417
mli,1992,1.571889400482178
mli,1993,1.653223633766174
mli,1994,1.800332903862
mli,1995,1.967997670173645
mli,1996,2.131029367446899
mli,1997,2.249928951263428
mli,1998,2.354753971099854
mli,1999,2.399869680404663
mli,2000,2.43943190574646
mli,2001,2.477800130844116
mli,2002,2.54077410697937
mli,2003,2.6781005859375
mli,2004,2.976204633712769
mli,2005,3.318614721298218
mli,2006,3.770297050476074
mli,2007,4.21276330947876
mli,2008,4.524508953094482
mli,2009,4.813439846038818
mli,2010,5.158327579498291
mli,2011,5.549422264099121
mli,2012,5.869561195373535
mli,2013,6.074871063232422
mli,2014,6.220994472503662
mli,2015,6.436821460723877
mli,2016,6.548141479492188
mli,2017,6.574723720550537
mli,2018,6.601037502288818
mli,2019,6.762391090393066
mli,2020,7.02846622467041
mli,2021,7.289763927459717
mli,2022,7.616430282592773
mli,2023,7.817407131195068
mli,2024,7.978542327880859
mli,2025,8.134634971618652
mlt,1981,17.97625160217285
mlt,1982,19.33530616760254
mlt,1983,20.68545341491699
mlt,1984,22.09033203125
mlt,1985,23.51318740844727
mlt,1986,25.04826927185059
mlt,1987,26.6412296295166
mlt,1988,28.3427677154541
mlt,1989,30.07588768005371
mlt,1990,31.67016410827637
mlt,1991,33.19660186767578
mlt,1992,35.08468627929688
mlt,1993,36.81418228149414
mlt,1994,38.9503173828125
mlt,1995,41.23667907714844
mlt,1996,43.72250747680664
mlt,1997,46.3280029296875
mlt,1998,48.66536331176758
mlt,1999,50.78477478027344
mlt,2000,52.40660095214844
mlt,2001,54.05996322631836
mlt,2002,55.85890197753906
mlt,2003,57.62969970703125
mlt,2004,59.68571853637695
mlt,2005,61.69643402099609
mlt,2006,63.86193084716797
mlt,2007,65.84847259521484
mlt,2008,67.85675048828125
mlt,2009,69.79605102539062
mlt,2010,71.66185760498047
mlt,2011,73.51929473876953
mlt,2012,75.22673034667969
mlt,2013,76.75010681152344
mlt,2014,78.05181121826172
mlt,2015,79.09510803222656
mlt,2016,80.025634765625
mlt,2017,81.0693130493164
mlt,2018,82.28064727783203
mlt,2019,83.45658874511719
mlt,2020,84.75161743164062
mlt,2021,85.83989715576172
mlt,2022,87.03192138671875
mlt,2023,88.11235809326172
mlt,2024,89.16433715820312
mlt,2025,90.01113891601562
mmr,1981,6.789853572845459
mmr,1982,7.030460357666016
mmr,1983,7.301435947418213
mmr,1984,7.602771759033203
mmr,1985,7.924330234527588
mmr,1986,8.256268501281738
mmr,1987,8.552650451660156
mmr,1988,8.839547157287598
mmr,1989,9.090875625610352
mmr,1990,9.342741012573242
mmr,1991,9.55463695526123
mmr,1992,9.761237144470217
mmr,1993,9.91797924041748
mmr,1994,10.01924991607666
mmr,1995,10.24566555023193
mmr,1996,10.67703056335449
mmr,1997,11.31390285491943
mmr,1998,12.04589748382568
mmr,1999,12.58755016326904
mmr,2000,13.04865646362305
mmr,2001,13.51354598999023
mmr,2002,14.17267513275146
mmr,2003,15.04730129241943
mmr,2004,15.69728469848633
mmr,2005,16.29401588439941
mmr,2006,16.80601501464844
mmr,2007,17.1375675201416
mmr,2008,17.49560737609863
mmr,2009,17.80905914306641
mmr,2010,18.50310516357422
mmr,2011,19.54184722900391
mmr,2012,20.63340950012207
mmr,2013,21.73970222473145
mmr,2014,22.25014495849609
mmr,2015,22.78853988647461
mmr,2016,23.15819549560547
mmr,2017,23.67438888549805
mmr,2018,24.26481437683105
mmr,2019,24.95975685119629
mmr,2020,25.55851364135742
mmr,2021,26.11114501953125
mmr,2022,26.77310752868652
mmr,2023,27.57195663452148
mmr,2024,28.3407096862793
mmr,2025,29.01458930969238
mne,1981,57.69184494018555
mne,1982,58.82237243652344
mne,1983,59.85059356689453
mne,1984,60.82834625244141
mne,1985,61.77542114257813
mne,1986,62.55905914306641
mne,1987,63.2191162109375
mne,1988,63.58091735839844
mne,1989,64.04988098144531
mne,1990,64.27698516845703
mne,1991,64.57209014892578
mne,1992,64.74491882324219
mne,1993,64.68122863769531
mne,1994,64.48999786376953
mne,1995,64.54000091552734
mne,1996,64.76133728027344
mne,1997,65.44112396240234
mne,1998,66.27764892578125
mne,1999,67.01655578613281
mne,2000,67.84848022460938
mne,2001,68.76118469238281
mne,2002,69.57069396972656
mne,2003,70.3951644897461
mne,2004,71.41311645507812
mne,2005,72.60255432128906
mne,2006,74.08850860595703
mne,2007,75.54258728027344
mne,2008,76.86880493164062
mne,2009,78.18309020996094
mne,2010,79.51602172851562
mne,2011,80.91627502441406
mne,2012,82.2819595336914
mne,2013,83.64423370361328
mne,2014,84.86643981933594
mne,2015,86.00237274169922
mne,2016,87.00016021728516
mne,2017,87.89273071289062
mne,2018,88.63013458251953
mne,2019,89.1645278930664
mne,2020,89.6009521484375
mne,2021,90.03536224365234
mne,2022,90.52618408203124
mne,2023,90.95813751220705
mne,2024,91.44580078125
mne,2025,91.89925384521484
mng,1981,39.07051467895508
mng,1982,40.1278190612793
mng,1983,41.39156341552734
mng,1984,42.42928314208984
mng,1985,43.16286087036133
mng,1986,44.09983825683594
mng,1987,45.51412963867188
mng,1988,46.14875793457031
mng,1989,46.79482269287109
mng,1990,47.44693756103516
mng,1991,47.47031784057617
mng,1992,46.82582473754883
mng,1993,45.48438262939453
mng,1994,43.68143463134766
mng,1995,41.57938003540039
mng,1996,39.37834930419922
mng,1997,37.71368026733398
mng,1998,36.84177398681641
mng,1999,37.19197463989258
mng,2000,38.54623794555664
mng,2001,40.52195358276367
mng,2002,42.82800674438477
mng,2003,45.11941528320313
mng,2004,47.59557723999023
mng,2005,50.39620590209961
mng,2006,53.31946182250977
mng,2007,56.48497772216797
mng,2008,59.93246841430664
mng,2009,63.33686828613281
mng,2010,66.5284194946289
mng,2011,69.00727081298828
mng,2012,70.7642822265625
mng,2013,72.37342834472656
mng,2014,74.06189727783203
mng,2015,76.07852172851562
mng,2016,78.38289642333984
mng,2017,80.88113403320312
mng,2018,83.450439453125
mng,2019,85.73872375488281
mng,2020,87.77433013916016
mng,2021,89.46434783935547
mng,2022,90.91866302490234
mng,2023,92.02207183837892
mng,2024,93.02823638916016
mng,2025,93.96718597412108
moz,1981,0.8820014595985413
moz,1982,0.899192750453949
moz,1983,0.9191207885742188
moz,1984,0.924939513206482
moz,1985,0.9551970958709716
moz,1986,0.9874428510665894
moz,1987,1.041040778160095
moz,1988,1.075454473495483
moz,1989,1.118129849433899
moz,1990,1.165285229682922
moz,1991,1.259597301483154
moz,1992,1.33754563331604
moz,1993,1.406998038291931
moz,1994,1.450875997543335
moz,1995,1.47991669178009
moz,1996,1.488855004310608
moz,1997,1.55774974822998
moz,1998,1.669804573059082
moz,1999,1.767129421234131
moz,2000,1.842375874519348
moz,2001,1.951500058174133
moz,2002,2.047305107116699
moz,2003,2.134185075759888
moz,2004,2.205579042434692
moz,2005,2.306201457977295
moz,2006,2.435652732849121
moz,2007,2.559896945953369
moz,2008,2.694332838058472
moz,2009,2.819297552108765
moz,2010,2.989167928695679
moz,2011,3.168485403060913
moz,2012,3.352184295654297
moz,2013,3.480876207351685
moz,2014,3.599897146224976
moz,2015,3.724415063858032
moz,2016,3.894471645355225
moz,2017,4.094393253326416
moz,2018,4.319262504577637
moz,2019,4.564994335174561
moz,2020,4.935220718383789
moz,2021,5.330204486846924
moz,2022,5.780006885528564
moz,2023,6.15940523147583
moz,2024,6.51291561126709
moz,2025,6.741444110870361
mrt,1981,1.736037492752075
mrt,1982,1.935499548912048
mrt,1983,2.144708633422852
mrt,1984,2.31876802444458
mrt,1985,2.447195291519165
mrt,1986,2.625365734100342
mrt,1987,2.803133010864258
mrt,1988,2.910964012145996
mrt,1989,2.967736005783081
mrt,1990,2.944444179534912
mrt,1991,2.822069883346558
mrt,1992,2.708888530731201
mrt,1993,2.621577739715576
mrt,1994,2.532204866409302
mrt,1995,2.495895624160767
mrt,1996,2.517259836196899
mrt,1997,2.674836874008179
mrt,1998,2.933995008468628
mrt,1999,3.233770608901978
mrt,2000,3.428861856460571
mrt,2001,3.556874513626099
mrt,2002,3.639536380767822
mrt,2003,3.773802518844604
mrt,2004,3.946007966995239
mrt,2005,4.071907997131348
mrt,2006,4.246691703796387
mrt,2007,4.424995899200439
mrt,2008,4.692919254302979
mrt,2009,5.058964252471924
mrt,2010,5.600236415863037
mrt,2011,6.271685600280762
mrt,2012,7.14240550994873
mrt,2013,8.270548820495605
mrt,2014,9.644428253173828
mrt,2015,11.27039337158203
mrt,2016,12.87319469451904
mrt,2017,14.3952751159668
mrt,2018,15.77071380615234
mrt,2019,16.91100883483887
mrt,2020,17.7359504699707
mrt,2021,18.48345947265625
mrt,2022,19.15256500244141
mrt,2023,19.92951393127441
mrt,2024,20.58872222900391
mrt,2025,21.47591781616211
mus,1981,0.8218165040016174
mus,1982,0.8669291138648987
mus,1983,0.8925576210021973
mus,1984,0.9391027688980104
mus,1985,0.9493306279182434
mus,1986,1.025976181030273
mus,1987,1.126803398132324
mus,1988,1.258026003837585
mus,1989,1.399181365966797
mus,1990,1.581332564353943
mus,1991,1.78908896446228
mus,1992,1.992854237556458
mus,1993,2.181035041809082
mus,1994,2.374378681182861
mus,1995,2.596755743026733
mus,1996,2.869753122329712
mus,1997,3.152762651443481
mus,1998,3.466116428375244
mus,1999,3.75035548210144
mus,2000,4.10562801361084
mus,2001,4.576777935028076
mus,2002,5.082212924957275
mus,2003,5.616957187652588
mus,2004,6.250845432281494
mus,2005,6.987572193145752
mus,2006,8.030479431152344
mus,2007,9.337591171264648
mus,2008,10.9367790222168
mus,2009,13.05368518829346
mus,2010,15.74143218994141
mus,2011,18.91078186035156
mus,2012,22.24914932250977
mus,2013,25.59554862976074
mus,2014,28.74681091308594
mus,2015,31.82463836669922
mus,2016,34.8831901550293
mus,2017,37.88811492919922
mus,2018,40.66820907592773
mus,2019,43.59576034545898
mus,2020,46.38904190063477
mus,2021,48.8703727722168
mus,2022,51.76315307617188
mus,2023,54.39930725097656
mus,2024,57.03831100463867
mus,2025,59.36262130737305
mwi,1981,1.903292655944824
mwi,1982,2.063078165054321
mwi,1983,2.23832631111145
mwi,1984,2.397778511047363
mwi,1985,2.562007665634155
mwi,1986,2.727962493896484
mwi,1987,2.912866115570068
mwi,1988,3.065840005874634
mwi,1989,3.256181478500366
mwi,1990,3.455254554748535
mwi,1991,3.681491136550903
mwi,1992,3.88761830329895
mwi,1993,4.165391445159912
mwi,1994,4.57185697555542
mwi,1995,5.048062324523926
mwi,1996,5.482587814331055
mwi,1997,5.917027950286865
mwi,1998,6.404779434204102
mwi,1999,6.952962875366211
mwi,2000,7.328011035919189
mwi,2001,7.603075504302979
mwi,2002,7.711386680603027
mwi,2003,7.881508827209473
mwi,2004,8.063512802124023
mwi,2005,8.29172134399414
mwi,2006,8.467001914978027
mwi,2007,8.803125381469727
mwi,2008,9.145516395568848
mwi,2009,9.63019561767578
mwi,2010,10.02868556976318
mwi,2011,10.46691131591797
mwi,2012,10.77999114990234
mwi,2013,11.08387660980225
mwi,2014,11.42464923858643
mwi,2015,11.94476413726807
mwi,2016,12.53223323822021
mwi,2017,13.16344833374023
mwi,2018,13.97658252716064
mwi,2019,14.77161026000977
mwi,2020,15.49346160888672
mwi,2021,16.09171676635742
mwi,2022,16.69980430603027
mwi,2023,17.23357963562012
mwi,2024,17.92161178588867
mwi,2025,18.64960289001465
mys,1981,8.148558616638184
mys,1982,8.865320205688477
mys,1983,9.813525199890137
mys,1984,11.01116371154785
mys,1985,12.17821311950684
mys,1986,13.12328815460205
mys,1987,13.98536396026611
mys,1988,14.63839340209961
mys,1989,15.24286556243896
mys,1990,15.71647548675537
mys,1991,16.39919853210449
mys,1992,17.05099868774414
mys,1993,17.73823356628418
mys,1994,18.41676712036133
mys,1995,19.24552154541016
mys,1996,20.44953155517578
mys,1997,22.20011711120605
mys,1998,24.49402809143066
mys,1999,27.08526229858398
mys,2000,29.72527503967285
mys,2001,32.1223258972168
mys,2002,34.20163345336914
mys,2003,35.8785400390625
mys,2004,37.60424423217773
mys,2005,39.33402633666992
mys,2006,40.99818801879883
mys,2007,42.60321807861328
mys,2008,44.27834320068359
mys,2009,46.13671875
mys,2010,47.73614501953125
mys,2011,49.63383102416992
mys,2012,51.56599426269531
mys,2013,53.15803527832031
mys,2014,54.81408309936523
mys,2015,56.53811645507813
mys,2016,58.57644271850586
mys,2017,60.43743515014648
mys,2018,62.39567947387695
mys,2019,64.1786880493164
mys,2020,65.92420959472656
mys,2021,67.39945983886719
mys,2022,68.99076080322266
mys,2023,70.4727783203125
mys,2024,72.1858139038086
mys,2025,73.62359619140625
nam,1981,14.86386299133301
nam,1982,15.25989151000977
nam,1983,15.61985969543457
nam,1984,16.02960205078125
nam,1985,16.41916656494141
nam,1986,16.73885536193848
nam,1987,17.1392936706543
nam,1988,17.57754325866699
nam,1989,18.05954551696777
nam,1990,18.7650089263916
nam,1991,19.65598487854004
nam,1992,20.82992935180664
nam,1993,22.22416114807129
nam,1994,23.60221672058105
nam,1995,24.60701560974121
nam,1996,25.12899398803711
nam,1997,25.47177886962891
nam,1998,25.89926147460938
nam,1999,26.21371459960938
nam,2000,26.40269660949707
nam,2001,26.22266578674316
nam,2002,25.82620620727539
nam,2003,25.39905548095703
nam,2004,25.14077949523926
nam,2005,25.22336387634277
nam,2006,25.59555053710938
nam,2007,26.24331474304199
nam,2008,27.11713790893555
nam,2009,28.09781455993652
nam,2010,29.25946807861328
nam,2011,30.60242080688477
nam,2012,32.05145263671875
nam,2013,33.33458709716797
nam,2014,34.34814834594727
nam,2015,35.13037872314453
nam,2016,35.85238647460938
nam,2017,36.60315704345703
nam,2018,37.30110168457031
nam,2019,38.15952682495117
nam,2020,38.74300765991211
nam,2021,39.5615348815918
nam,2022,40.34316635131836
nam,2023,41.18495178222656
nam,2024,41.83381652832031
nam,2025,42.4799919128418
ner,1981,0.9385984539985656
ner,1982,0.977888524532318
ner,1983,1.042150020599365
ner,1984,1.106291651725769
ner,1985,1.14069926738739
ner,1986,1.160446763038635
ner,1987,1.135170936584473
ner,1988,1.110499858856201
ner,1989,1.066028475761414
ner,1990,1.047781705856323
ner,1991,1.009731531143188
ner,1992,0.9913710951805116
ner,1993,1.002755045890808
ner,1994,1.028209567070007
ner,1995,1.048026323318481
ner,1996,1.066986203193665
ner,1997,1.100782155990601
ner,1998,1.084213256835938
ner,1999,1.053350925445557
ner,2000,1.027918934822083
ner,2001,0.9974806308746338
ner,2002,0.9977133274078368
ner,2003,1.00787079334259
ner,2004,1.013490319252014
ner,2005,1.049962639808655
ner,2006,1.061435580253601
ner,2007,1.097472429275513
ner,2008,1.127563238143921
ner,2009,1.202225804328918
ner,2010,1.24615740776062
ner,2011,1.294928193092346
ner,2012,1.363549113273621
ner,2013,1.47212290763855
ner,2014,1.661131501197815
ner,2015,1.871096134185791
ner,2016,2.080878973007202
ner,2017,2.325525522232056
ner,2018,2.534816026687622
ner,2019,2.693787574768066
ner,2020,2.843114137649536
ner,2021,2.903251886367798
ner,2022,2.998683214187622
ner,2023,3.069226741790771
ner,2024,3.154488325119019
ner,2025,3.299385070800781
nga,1981,20.87987899780273
nga,1982,21.40534973144531
nga,1983,21.87523460388184
nga,1984,22.56468200683594
nga,1985,23.33424758911133
nga,1986,24.20376396179199
nga,1987,25.2429370880127
nga,1988,26.39188575744629
nga,1989,27.56301689147949
nga,1990,28.41207504272461
nga,1991,29.11174201965332
nga,1992,29.7896614074707
nga,1993,30.77285766601563
nga,1994,32.05963134765625
nga,1995,33.10790634155273
nga,1996,34.00338745117188
nga,1997,34.70369720458984
nga,1998,35.52096557617188
nga,1999,36.46645736694336
nga,2000,37.20351791381836
nga,2001,37.99879455566406
nga,2002,38.86738586425781
nga,2003,40.12689208984375
nga,2004,41.8239631652832
nga,2005,43.05367660522461
nga,2006,43.94524002075195
nga,2007,44.34102630615234
nga,2008,44.65953826904297
nga,2009,45.0461540222168
nga,2010,45.21604156494141
nga,2011,45.15618896484375
nga,2012,45.05069732666016
nga,2013,45.38241195678711
nga,2014,46.15377044677734
nga,2015,46.55022811889648
nga,2016,46.77603149414063
nga,2017,46.87968444824219
nga,2018,47.31010818481445
nga,2019,48.17837524414063
nga,2020,49.06259918212891
nga,2021,49.83712387084961
nga,2022,50.33982086181641
nga,2023,50.93657302856445
nga,2024,51.85353851318359
nga,2025,52.83894348144531
nic,1981,18.84749603271484
nic,1982,19.17765235900879
nic,1983,19.56702423095703
nic,1984,19.8557186126709
nic,1985,20.15401840209961
nic,1986,20.37203598022461
nic,1987,20.52483177185059
nic,1988,20.86747169494629
nic,1989,21.24328422546387
nic,1990,21.55962181091309
nic,1991,21.63694381713867
nic,1992,21.77413558959961
nic,1993,22.36538505554199
nic,1994,22.9808406829834
nic,1995,23.6461124420166
nic,1996,23.89372634887695
nic,1997,24.41886520385742
nic,1998,25.28299903869629
nic,1999,26.3670654296875
nic,2000,27.37491035461426
nic,2001,28.10518836975098
nic,2002,28.90268325805664
nic,2003,29.86821937561035
nic,2004,30.73506355285645
nic,2005,31.7559642791748
nic,2006,32.57070922851563
nic,2007,33.49184799194336
nic,2008,34.22105026245117
nic,2009,34.91242980957031
nic,2010,35.5381965637207
nic,2011,36.16510009765625
nic,2012,36.88306045532227
nic,2013,37.61128234863281
nic,2014,38.19922637939453
nic,2015,38.95008850097656
nic,2016,39.74003219604492
nic,2017,40.42302322387695
nic,2018,41.1888313293457
nic,2019,41.81178283691406
nic,2020,42.49474334716797
nic,2021,43.19161987304688
nic,2022,43.90438842773438
nic,2023,44.48760223388672
nic,2024,45.16456985473633
nic,2025,45.71025085449219
nld,1981,60.27651977539063
nld,1982,60.79170227050781
nld,1983,61.59311294555664
nld,1984,62.08753204345703
nld,1985,62.71988296508789
nld,1986,63.44327163696289
nld,1987,64.39322662353516
nld,1988,65.55760192871094
nld,1989,66.54995727539062
nld,1990,67.58272552490234
nld,1991,68.52166748046875
nld,1992,69.42865753173828
nld,1993,70.15058898925781
nld,1994,70.97154235839844
nld,1995,71.63221740722656
nld,1996,72.3940200805664
nld,1997,73.12850189208984
nld,1998,73.62277221679688
nld,1999,74.05028533935547
nld,2000,74.4378662109375
nld,2001,74.84406280517578
nld,2002,75.1572494506836
nld,2003,75.32505798339844
nld,2004,75.66910552978516
nld,2005,76.13679504394531
nld,2006,76.60929107666016
nld,2007,77.33419799804688
nld,2008,78.28128051757812
nld,2009,79.1849136352539
nld,2010,79.79981231689453
nld,2011,80.46988677978516
nld,2012,80.97248840332031
nld,2013,81.25443267822266
nld,2014,81.41395568847656
nld,2015,81.52557373046875
nld,2016,81.6577377319336
nld,2017,81.79647064208984
nld,2018,81.97077178955078
nld,2019,82.30950927734375
nld,2020,82.76664733886719
nld,2021,83.23334503173828
nld,2022,83.72647094726562
nld,2023,84.18536376953125
nld,2024,84.54624938964844
nld,2025,84.83343505859375
nor,1981,79.2867431640625
nor,1982,79.63250732421875
nor,1983,79.86762237548828
nor,1984,80.13855743408203
nor,1985,80.3745346069336
nor,1986,80.47618865966797
nor,1987,80.78269958496094
nor,1988,81.00542449951172
nor,1989,81.00819396972656
nor,1990,81.18912506103516
nor,1991,81.29618072509766
nor,1992,81.43685913085938
nor,1993,81.78948211669922
nor,1994,82.16548156738281
nor,1995,82.36446380615234
nor,1996,82.6046142578125
nor,1997,82.69721221923828
nor,1998,82.64852905273438
nor,1999,82.61511993408203
nor,2000,82.48321533203125
nor,2001,82.3062744140625
nor,2002,82.1684341430664
nor,2003,82.02153778076172
nor,2004,81.86727142333984
nor,2005,81.5740737915039
nor,2006,81.39299011230469
nor,2007,81.06990051269531
nor,2008,80.8434829711914
nor,2009,80.52625274658203
nor,2010,80.1363754272461
nor,2011,79.90888977050781
nor,2012,80.05232238769531
nor,2013,80.42076873779297
nor,2014,80.978271484375
nor,2015,81.4715347290039
nor,2016,81.92923736572266
nor,2017,82.39949035644531
nor,2018,82.73104858398438
nor,2019,83.03367614746094
nor,2020,83.30580139160156
nor,2021,83.51893615722656
nor,2022,83.80320739746094
nor,2023,84.05980682373047
nor,2024,84.28621673583984
nor,2025,84.53975677490234
npl,1981,0.0651483759284019
npl,1982,0.1089663654565811
npl,1983,0.1732144355773926
npl,1984,0.243391826748848
npl,1985,0.3045361042022705
npl,1986,0.3710245788097382
npl,1987,0.4431408643722534
npl,1988,0.5099154710769653
npl,1989,0.5840943455696106
npl,1990,0.6858422756195068
npl,1991,0.8164815306663513
npl,1992,0.9191828966140748
npl,1993,1.049265742301941
npl,1994,1.185640573501587
npl,1995,1.323468089103699
npl,1996,1.47336220741272
npl,1997,1.64400041103363
npl,1998,1.794775128364563
npl,1999,1.935336232185364
npl,2000,2.110796928405762
npl,2001,2.329852104187012
npl,2002,2.637138843536377
npl,2003,3.003602504730225
npl,2004,3.452467203140259
npl,2005,3.99342679977417
npl,2006,4.625826358795166
npl,2007,5.389983177185059
npl,2008,6.26941442489624
npl,2009,7.365656852722168
npl,2010,8.749502182006836
npl,2011,10.211012840271
npl,2012,11.59511947631836
npl,2013,12.71284675598145
npl,2014,13.39585876464844
npl,2015,13.94998073577881
npl,2016,14.55207252502441
npl,2017,15.54195499420166
npl,2018,17.16112518310547
npl,2019,19.56586647033691
npl,2020,22.77059745788574
npl,2021,26.3773365020752
npl,2022,30.28062629699707
npl,2023,34.27470016479492
npl,2024,37.48016738891602
npl,2025,40.55777740478516
nru,1981,15.86351871490479
nru,1982,16.5391674041748
nru,1983,17.12301635742188
nru,1984,17.77180862426758
nru,1985,18.47661590576172
nru,1986,18.95499992370605
nru,1987,19.48704147338867
nru,1988,20.27033996582031
nru,1989,20.84600067138672
nru,1990,21.45634078979492
nru,1991,22.06906318664551
nru,1992,23.02023315429688
nru,1993,23.61670112609863
nru,1994,24.2383861541748
nru,1995,24.92682075500488
nru,1996,25.6071891784668
nru,1997,26.42476272583008
nru,1998,27.07649803161621
nru,1999,27.89313125610352
nru,2000,28.62924957275391
nru,2001,29.57803535461426
nru,2002,30.41993522644043
nru,2003,31.40048599243164
nru,2004,32.18466949462891
nru,2005,33.06999969482422
nru,2006,34.09571838378906
nru,2007,34.73476409912109
nru,2008,35.47841262817383
nru,2009,36.14362335205078
nru,2010,37.08782196044922
nru,2011,38.12224960327148
nru,2012,39.15985107421875
nru,2013,40.17364501953125
nru,2014,41.44396591186523
nru,2015,42.72708892822266
nru,2016,43.71676254272461
nru,2017,44.63503265380859
nru,2018,45.54196548461914
nru,2019,46.5640983581543
nru,2020,47.34064865112305
nru,2021,48.34885787963867
nru,2022,49.43140029907227
nru,2023,50.84087753295898
nru,2024,52.0760498046875
nru,2025,53.25237274169922
pak,1981,1.329341650009155
pak,1982,1.60119616985321
pak,1983,1.861111164093018
pak,1984,2.158689975738525
pak,1985,2.450305223464966
pak,1986,2.816424369812012
pak,1987,3.263955593109131
pak,1988,3.757897138595581
pak,1989,4.413265228271484
pak,1990,5.112963676452637
pak,1991,5.825826644897461
pak,1992,6.520290851593018
pak,1993,7.047568321228027
pak,1994,7.450052261352539
pak,1995,7.772595882415771
pak,1996,8.071269989013672
pak,1997,8.442450523376465
pak,1998,8.978767395019531
pak,1999,9.594395637512209
pak,2000,10.39536285400391
pak,2001,11.15876770019531
pak,2002,11.93799304962158
pak,2003,12.51879501342773
pak,2004,13.05119800567627
pak,2005,13.49796962738037
pak,2006,14.05988693237305
pak,2007,14.71579551696777
pak,2008,15.52457618713379
pak,2009,16.32908630371094
pak,2010,17.09894752502441
pak,2011,17.80998992919922
pak,2012,18.82369232177734
pak,2013,20.04533195495605
pak,2014,21.31363296508789
pak,2015,22.73412704467773
pak,2016,24.15552711486816
pak,2017,26.01070785522461
pak,2018,28.0418643951416
pak,2019,30.58562850952148
pak,2020,32.62236022949219
pak,2021,34.50556564331055
pak,2022,35.92059707641602
pak,2023,37.24509048461914
pak,2024,38.5163459777832
pak,2025,40.08601760864258
pan,1981,43.16106414794922
pan,1982,44.08140563964844
pan,1983,44.6899528503418
pan,1984,45.40106964111328
pan,1985,45.88755798339844
pan,1986,46.20962524414063
pan,1987,46.28706359863281
pan,1988,46.18495559692383
pan,1989,46.34389114379883
pan,1990,46.57485580444336
pan,1991,47.01479721069336
pan,1992,47.64208984375
pan,1993,48.3983154296875
pan,1994,49.0797119140625
pan,1995,49.61315536499023
pan,1996,49.93312454223633
pan,1997,50.27428436279297
pan,1998,50.55074691772461
pan,1999,51.62242889404297
pan,2000,52.60796356201172
pan,2001,53.53842926025391
pan,2002,54.05683135986328
pan,2003,54.82109832763672
pan,2004,55.55104064941406
pan,2005,55.96250534057617
pan,2006,56.45801162719727
pan,2007,57.44569396972656
pan,2008,58.65639877319336
pan,2009,59.74190521240234
pan,2010,60.49855041503906
pan,2011,61.33786392211914
pan,2012,62.23662567138672
pan,2013,63.16153717041016
pan,2014,63.97356414794922
pan,2015,64.60140228271484
pan,2016,65.25061798095703
pan,2017,65.74937438964844
pan,2018,66.34391021728516
pan,2019,66.85130310058594
pan,2020,67.58486938476562
pan,2021,68.12772369384766
pan,2022,68.95301055908203
pan,2023,69.51350402832031
pan,2024,70.20222473144531
pan,2025,70.66940307617188
per,1981,38.25935745239258
per,1982,39.46055221557617
per,1983,40.79848861694336
per,1984,42.28430557250977
per,1985,43.57630157470703
per,1986,45.00981140136719
per,1987,46.34499359130859
per,1988,47.78610610961914
per,1989,48.80092239379883
per,1990,49.63425827026367
per,1991,50.58199310302734
per,1992,51.82026290893555
per,1993,53.37974166870117
per,1994,54.62427520751953
per,1995,55.71529769897461
per,1996,56.40662002563477
per,1997,57.5639762878418
per,1998,58.56626510620117
per,1999,59.86289215087891
per,2000,60.93864059448242
per,2001,62.10026550292969
per,2002,62.90548324584961
per,2003,63.4598274230957
per,2004,64.08865356445312
per,2005,65.15937805175781
per,2006,66.56671142578125
per,2007,68.17432403564453
per,2008,69.7193374633789
per,2009,70.77584838867188
per,2010,71.87562561035156
per,2011,73.0527114868164
per,2012,74.28264617919922
per,2013,75.25639343261719
per,2014,76.16028594970703
per,2015,77.17435455322266
per,2016,78.67938995361328
per,2017,80.06363677978516
per,2018,81.43238067626953
per,2019,82.50082397460938
per,2020,83.48991394042969
per,2021,84.36018371582031
per,2022,85.16600799560547
per,2023,85.88248443603516
per,2024,86.51886749267578
per,2025,87.16504669189453
phl,1981,47.46751403808594
phl,1982,48.58586120605469
phl,1983,49.81782531738281
phl,1984,51.13117218017578
phl,1985,52.17906951904297
phl,1986,53.02609252929688
phl,1987,53.8863639831543
phl,1988,54.44326019287109
phl,1989,55.22431945800781
phl,1990,56.08449172973633
phl,1991,57.43335342407227
phl,1992,58.69372177124023
phl,1993,59.653564453125
phl,1994,60.60334014892578
phl,1995,61.83009719848633
phl,1996,63.19989395141602
phl,1997,64.585693359375
phl,1998,65.57283782958984
phl,1999,66.77365112304688
phl,2000,67.71295166015625
phl,2001,68.6388931274414
phl,2002,69.0597915649414
phl,2003,69.56350708007812
phl,2004,69.9490737915039
phl,2005,70.0487289428711
phl,2006,70.19995880126953
phl,2007,70.60331726074219
phl,2008,71.1273193359375
phl,2009,71.98809814453125
phl,2010,72.67886352539062
phl,2011,73.65530395507812
phl,2012,74.334716796875
phl,2013,75.28030395507812
phl,2014,76.17094421386719
phl,2015,76.90388488769531
phl,2016,77.3618392944336
phl,2017,77.527099609375
phl,2018,77.74380493164062
phl,2019,78.23550415039062
phl,2020,78.86799621582031
phl,2021,79.59271240234375
phl,2022,80.04619598388672
phl,2023,80.6023178100586
phl,2024,81.14672088623047
phl,2025,81.66838836669922
png,1981,2.88490891456604
png,1982,3.039515256881714
png,1983,3.207727432250977
png,1984,3.398647546768188
png,1985,3.513676643371582
png,1986,3.555210590362549
png,1987,3.558994054794312
png,1988,3.52079701423645
png,1989,3.461337566375732
png,1990,3.463789224624634
png,1991,3.484761476516724
png,1992,3.522321701049805
png,1993,3.599667549133301
png,1994,3.727537870407104
png,1995,3.913210391998291
png,1996,4.187143802642822
png,1997,4.510108470916748
png,1998,4.983007431030273
png,1999,5.475536823272705
png,2000,5.926823616027832
png,2001,6.165463447570801
png,2002,6.322109222412109
png,2003,6.50871753692627
png,2004,6.75492000579834
png,2005,7.009396076202393
png,2006,7.19722843170166
png,2007,7.424147605895996
png,2008,7.670446872711182
png,2009,7.935355663299561
png,2010,8.218839645385742
png,2011,8.485261917114258
png,2012,8.71087646484375
png,2013,8.998723030090332
png,2014,9.378547668457031
png,2015,9.831348419189451
png,2016,10.294677734375
png,2017,10.75953197479248
png,2018,11.15459156036377
png,2019,11.5174036026001
png,2020,11.76384735107422
png,2021,12.15187835693359
png,2022,12.56208801269531
png,2023,12.86941242218018
png,2024,13.24335956573486
png,2025,13.52622890472412
pol,1981,87.57012939453125
pol,1982,87.80619049072266
pol,1983,88.07381439208984
pol,1984,88.27961730957031
pol,1985,88.55992889404297
pol,1986,88.73377227783203
pol,1987,88.81573486328125
pol,1988,88.95540618896484
pol,1989,89.1421127319336
pol,1990,89.4813003540039
pol,1991,89.95907592773438
pol,1992,90.4902114868164
pol,1993,90.9610595703125
pol,1994,91.40224456787108
pol,1995,91.8101806640625
pol,1996,92.15787506103516
pol,1997,92.363525390625
pol,1998,92.60411834716795
pol,1999,92.90858459472656
pol,2000,93.27882385253906
pol,2001,93.60800170898438
pol,2002,93.8515167236328
pol,2003,94.11287689208984
pol,2004,94.3747329711914
pol,2005,94.67157745361328
pol,2006,94.86514282226564
pol,2007,94.8862075805664
pol,2008,94.7340087890625
pol,2009,94.40275573730467
pol,2010,94.04108428955078
pol,2011,93.75351715087892
pol,2012,93.562255859375
pol,2013,93.50420379638672
pol,2014,93.43349456787108
pol,2015,93.32724761962892
pol,2016,93.21129608154295
pol,2017,93.12068939208984
pol,2018,93.11597442626952
pol,2019,93.15985107421876
pol,2020,93.30855560302734
pol,2021,93.51187896728516
pol,2022,93.611083984375
pol,2023,93.7515869140625
pol,2024,93.89347076416016
pol,2025,94.06597900390624
prt,1981,23.17733764648438
prt,1982,24.01223182678223
prt,1983,24.62064552307129
prt,1984,25.05760383605957
prt,1985,26.16703033447266
prt,1986,27.44087219238281
prt,1987,28.80314636230469
prt,1988,29.85219764709473
prt,1989,30.72640800476074
prt,1990,31.94369888305664
prt,1991,33.95732116699219
prt,1992,37.10285568237305
prt,1993,40.24814605712891
prt,1994,43.0172119140625
prt,1995,45.31737899780273
prt,1996,47.37530899047852
prt,1997,49.23852157592773
prt,1998,51.0230598449707
prt,1999,52.95545196533203
prt,2000,54.90839767456055
prt,2001,56.58383941650391
prt,2002,57.84033203125
prt,2003,58.82804489135742
prt,2004,59.49339294433594
prt,2005,60.06148147583008
prt,2006,60.77210998535156
prt,2007,61.96465682983398
prt,2008,63.61293029785156
prt,2009,65.27973175048828
prt,2010,67.07167053222656
prt,2011,68.62370300292969
prt,2012,70.58563995361328
prt,2013,72.48713684082031
prt,2014,74.59765625
prt,2015,76.39729309082031
prt,2016,77.97645568847656
prt,2017,79.36067199707031
prt,2018,80.67408752441406
prt,2019,81.77369689941406
prt,2020,82.9222640991211
prt,2021,83.87042999267578
prt,2022,84.87547302246094
prt,2023,85.83289337158203
prt,2024,86.83718872070312
prt,2025,87.6596450805664
pry,1981,28.02202987670898
pry,1982,28.86822128295898
pry,1983,29.86772155761719
pry,1984,30.9168758392334
pry,1985,31.98577117919922
pry,1986,33.09604644775391
pry,1987,34.18222045898438
pry,1988,34.98318862915039
pry,1989,35.41870880126953
pry,1990,35.73423767089844
pry,1991,36.42041015625
pry,1992,37.10121917724609
pry,1993,37.71697235107422
pry,1994,38.0928840637207
pry,1995,39.00039672851563
pry,1996,40.23222732543945
pry,1997,41.79331588745117
pry,1998,43.49102783203125
pry,1999,45.44071197509766
pry,2000,47.48480606079102
pry,2001,49.79627227783203
pry,2002,51.65234756469727
pry,2003,53.51284027099609
pry,2004,54.93362045288086
pry,2005,56.48725509643555
pry,2006,57.53999328613281
pry,2007,58.20858001708984
pry,2008,58.73126983642578
pry,2009,59.39062118530273
pry,2010,60.30181503295898
pry,2011,61.23049163818359
pry,2012,61.94530487060547
pry,2013,62.73918914794922
pry,2014,63.63946914672852
pry,2015,64.54425811767578
pry,2016,65.32271575927734
pry,2017,66.19404602050781
pry,2018,67.00382995605469
pry,2019,67.71898651123047
pry,2020,68.45343017578125
pry,2021,69.2215576171875
pry,2022,70.04444885253906
pry,2023,71.03300476074219
pry,2024,72.0313720703125
pry,2025,72.85729217529297
pse,1981,9.387696266174316
pse,1982,10.39290523529053
pse,1983,11.49983215332031
pse,1984,12.89693069458008
pse,1985,14.26422119140625
pse,1986,15.81275844573975
pse,1987,17.2451286315918
pse,1988,18.7582836151123
pse,1989,20.2665843963623
pse,1990,21.96840286254883
pse,1991,23.53515243530273
pse,1992,25.27002334594727
pse,1993,27.06743812561035
pse,1994,28.78229141235352
pse,1995,30.1448917388916
pse,1996,31.44156265258789
pse,1997,32.68542098999023
pse,1998,33.99016189575195
pse,1999,35.4478759765625
pse,2000,37.17751693725586
pse,2001,39.26072311401367
pse,2002,41.48733139038086
pse,2003,43.87202072143555
pse,2004,46.52991485595703
pse,2005,49.56306457519531
pse,2006,53.04870986938477
pse,2007,56.54225540161133
pse,2008,60.07152557373047
pse,2009,63.16851425170898
pse,2010,65.72776794433594
pse,2011,67.58838653564453
pse,2012,69.22460174560547
pse,2013,70.79993438720703
pse,2014,72.5368423461914
pse,2015,74.329345703125
pse,2016,76.1115951538086
pse,2017,77.84654235839844
pse,2018,79.58297729492188
pse,2019,81.28853607177734
pse,2020,82.8727798461914
pse,2021,84.36885833740234
pse,2022,86.02815246582031
pse,2023,87.46854400634766
pse,2024,88.85578918457031
pse,2025,90.17835235595705
qat,1981,48.05593872070313
qat,1982,49.03902816772461
qat,1983,50.39387130737305
qat,1984,51.55951690673828
qat,1985,52.5239372253418
qat,1986,53.88064956665039
qat,1987,55.27587127685547
qat,1988,56.60800933837891
qat,1989,57.51069641113281
qat,1990,58.18374633789063
qat,1991,58.87688446044922
qat,1992,59.87321472167969
qat,1993,61.02359771728516
qat,1994,62.11195373535156
qat,1995,63.20769882202148
qat,1996,63.822021484375
qat,1997,64.1151123046875
qat,1998,63.98549270629883
qat,1999,63.85751724243164
qat,2000,63.84535217285156
qat,2001,64.13789367675781
qat,2002,64.98682403564453
qat,2003,66.38463592529297
qat,2004,67.64893341064453
qat,2005,68.9039306640625
qat,2006,70.0691909790039
qat,2007,71.56525421142578
qat,2008,73.11390686035156
qat,2009,74.5806884765625
qat,2010,75.67389678955078
qat,2011,76.30423736572266
qat,2012,76.74686431884766
qat,2013,76.99138641357422
qat,2014,77.1664047241211
qat,2015,77.41464233398438
qat,2016,77.69474792480469
qat,2017,78.22372436523438
qat,2018,78.93445587158203
qat,2019,79.84961700439453
qat,2020,81.04095458984375
qat,2021,82.33184814453125
qat,2022,83.68354797363281
qat,2023,85.38675689697266
qat,2024,86.41973876953125
qat,2025,86.71062469482422
rou,1981,71.79483032226562
rou,1982,72.06214904785156
rou,1983,72.73307037353516
rou,1984,73.486572265625
rou,1985,74.39434051513672
rou,1986,75.11746215820312
rou,1987,75.75566864013672
rou,1988,76.22784423828125
rou,1989,76.5905532836914
rou,1990,76.68106079101562
rou,1991,76.78174591064453
rou,1992,77.06307983398438
rou,1993,77.4494400024414
rou,1994,77.54413604736328
rou,1995,76.54452514648438
rou,1996,74.89688110351562
rou,1997,73.3496322631836
rou,1998,72.43119812011719
rou,1999,72.19583892822266
rou,2000,72.56995391845703
rou,2001,73.19873809814453
rou,2002,73.96920013427734
rou,2003,74.47380828857422
rou,2004,74.95960998535156
rou,2005,75.4350814819336
rou,2006,75.94335174560547
rou,2007,76.25924682617188
rou,2008,76.29573822021484
rou,2009,76.38204193115234
rou,2010,76.80093383789062
rou,2011,77.39358520507812
rou,2012,77.8224105834961
rou,2013,78.09227752685547
rou,2014,78.3351058959961
rou,2015,78.59150695800781
rou,2016,78.67975616455078
rou,2017,78.85897064208984
rou,2018,79.21782684326172
rou,2019,79.61154174804688
rou,2020,79.94095611572266
rou,2021,80.25579833984375
rou,2022,80.61144256591797
rou,2023,80.81143188476562
rou,2024,81.18258666992188
rou,2025,81.24642181396484
rus,1981,79.88616943359375
rus,1982,80.3337173461914
rus,1983,80.80172729492188
rus,1984,81.22669982910156
rus,1985,81.60637664794922
rus,1986,82.05635833740234
rus,1987,82.42208099365234
rus,1988,82.81390380859375
rus,1989,83.25991821289062
rus,1990,83.74982452392578
rus,1991,84.12875366210938
rus,1992,84.48937225341797
rus,1993,84.55127716064453
rus,1994,84.43689727783203
rus,1995,84.44364929199219
rus,1996,84.64236450195312
rus,1997,85.24929809570312
rus,1998,85.85430145263672
rus,1999,86.61952209472656
rus,2000,87.5419692993164
rus,2001,88.40184783935547
rus,2002,88.82445526123047
rus,2003,88.76488494873047
rus,2004,88.69532775878906
rus,2005,88.74530792236328
rus,2006,88.64827728271484
rus,2007,88.62299346923828
rus,2008,88.55020904541016
rus,2009,88.80596160888672
rus,2010,89.2650375366211
rus,2011,89.7010269165039
rus,2012,90.10282135009766
rus,2013,90.4332275390625
rus,2014,90.81482696533205
rus,2015,91.036376953125
rus,2016,91.14710998535156
rus,2017,91.271728515625
rus,2018,91.38587951660156
rus,2019,91.58170318603516
rus,2020,91.73772430419922
rus,2021,92.02489471435548
rus,2022,92.28046417236328
rus,2023,92.63130950927734
rus,2024,92.86627197265624
rus,2025,93.0300521850586
rwa,1981,0.3593197166919708
rwa,1982,0.4092810750007629
rwa,1983,0.4793435633182526
rwa,1984,0.5745086669921875
rwa,1985,0.7148236632347107
rwa,1986,0.925318956375122
rwa,1987,1.176062226295471
rwa,1988,1.466917037963867
rwa,1989,1.742837905883789
rwa,1990,2.003926992416382
rwa,1991,2.235388278961182
rwa,1992,2.387132406234741
rwa,1993,2.418326616287231
rwa,1994,2.456958055496216
rwa,1995,2.632537126541138
rwa,1996,2.842881917953491
rwa,1997,3.084879636764526
rwa,1998,3.251957893371582
rwa,1999,3.444058418273926
rwa,2000,3.67152214050293
rwa,2001,3.960288047790527
rwa,2002,4.215198993682861
rwa,2003,4.425564289093018
rwa,2004,4.650928020477295
rwa,2005,5.017991542816162
rwa,2006,5.561360359191895
rwa,2007,6.241031169891357
rwa,2008,7.006516456604004
rwa,2009,7.757517337799072
rwa,2010,8.44306468963623
rwa,2011,9.068325042724608
rwa,2012,9.67857265472412
rwa,2013,10.43962097167969
rwa,2014,11.4377555847168
rwa,2015,12.65860748291016
rwa,2016,13.80058670043945
rwa,2017,14.79372024536133
rwa,2018,15.7919750213623
rwa,2019,16.95837593078613
rwa,2020,18.28873634338379
rwa,2021,19.55788993835449
rwa,2022,20.82279968261719
rwa,2023,21.99971389770508
rwa,2024,23.0848503112793
rwa,2025,24.19259643554688
sdn,1981,5.646931171417236
sdn,1982,5.940845012664795
sdn,1983,6.335474491119385
sdn,1984,6.78760814666748
sdn,1985,7.359392642974854
sdn,1986,7.996307849884033
sdn,1987,8.61304759979248
sdn,1988,9.379222869873049
sdn,1989,10.11112499237061
sdn,1990,10.83792018890381
sdn,1991,11.54435253143311
sdn,1992,12.29158401489258
sdn,1993,13.16776657104492
sdn,1994,13.97868347167969
sdn,1995,14.72460842132568
sdn,1996,15.36172866821289
sdn,1997,15.89184188842773
sdn,1998,16.40393257141113
sdn,1999,16.77687644958496
sdn,2000,17.20465087890625
sdn,2001,17.53906631469727
sdn,2002,17.82032775878906
sdn,2003,18.14918899536133
sdn,2004,18.66524887084961
sdn,2005,19.20989227294922
sdn,2006,20.05271530151367
sdn,2007,21.00273513793945
sdn,2008,22.06279945373535
sdn,2009,23.20698165893555
sdn,2010,24.14384651184082
sdn,2011,25.0311450958252
sdn,2012,25.73387908935547
sdn,2013,26.30668258666992
sdn,2014,26.79983711242676
sdn,2015,27.12860679626465
sdn,2016,27.47790718078613
sdn,2017,27.97289085388184
sdn,2018,28.40743255615234
sdn,2019,29.10213661193848
sdn,2020,29.82709503173828
sdn,2021,30.49225234985352
sdn,2022,31.15330505371094
sdn,2023,32.01952743530273
sdn,2024,32.98076248168945
sdn,2025,33.84159088134766
sen,1981,0.4617580473423004
sen,1982,0.5241480469703674
sen,1983,0.5849114656448364
sen,1984,0.6194906830787659
sen,1985,0.6627310514450073
sen,1986,0.7192307710647583
sen,1987,0.800005316734314
sen,1988,0.9011099934577942
sen,1989,1.023030161857605
sen,1990,1.191145539283752
sen,1991,1.405282974243164
sen,1992,1.57521915435791
sen,1993,1.735894799232483
sen,1994,1.782322764396667
sen,1995,1.819923639297485
sen,1996,1.928545713424683
sen,1997,2.117478132247925
sen,1998,2.325903654098511
sen,1999,2.523318767547607
sen,2000,2.709858417510986
sen,2001,2.855607271194458
sen,2002,2.939568281173706
sen,2003,3.012665748596191
sen,2004,3.121877431869507
sen,2005,3.276902198791504
sen,2006,3.428134679794312
sen,2007,3.735442161560059
sen,2008,4.118331432342529
sen,2009,4.561685085296631
sen,2010,5.025011539459229
sen,2011,5.481952667236328
sen,2012,5.92700719833374
sen,2013,6.423973083496094
sen,2014,6.973721504211426
sen,2015,7.61269474029541
sen,2016,8.33255386352539
sen,2017,9.1890869140625
sen,2018,10.05214309692383
sen,2019,10.91095638275146
sen,2020,11.51497650146484
sen,2021,12.21974277496338
sen,2022,13.04424476623535
sen,2023,13.9778003692627
sen,2024,14.83097076416016
sen,2025,15.48439407348633
sle,1981,4.17724609375
sle,1982,4.195908069610596
sle,1983,4.218849182128906
sle,1984,4.221649169921875
sle,1985,4.204925537109375
sle,1986,4.183019161224365
sle,1987,4.111667633056641
sle,1988,4.060046195983887
sle,1989,3.973393440246582
sle,1990,3.92102575302124
sle,1991,3.864211797714233
sle,1992,3.812490940093994
sle,1993,3.805711269378662
sle,1994,3.769390106201172
sle,1995,3.728692770004272
sle,1996,3.667722702026367
sle,1997,3.566308498382568
sle,1998,3.45613169670105
sle,1999,3.400861024856567
sle,2000,3.398425817489624
sle,2001,3.430301666259766
sle,2002,3.511200189590454
sle,2003,3.621182680130005
sle,2004,3.835897922515869
sle,2005,4.231189250946045
sle,2006,4.757637500762939
sle,2007,5.270071983337402
sle,2008,5.863293170928955
sle,2009,6.487032890319824
sle,2010,7.111005783081055
sle,2011,7.650117874145508
sle,2012,8.249210357666016
sle,2013,8.818413734436035
sle,2014,9.1927490234375
sle,2015,9.399007797241213
sle,2016,9.439062118530272
sle,2017,9.449069023132324
sle,2018,9.37917423248291
sle,2019,9.244775772094728
sle,2020,9.334779739379885
sle,2021,9.39614963531494
sle,2022,9.62163257598877
sle,2023,9.872872352600098
sle,2024,10.03293991088867
sle,2025,10.23644733428955
slv,1981,16.87458992004395
slv,1982,17.25603485107422
slv,1983,17.65352821350098
slv,1984,18.07504844665527
slv,1985,18.63731956481934
slv,1986,18.98674774169922
slv,1987,19.42720794677734
slv,1988,19.78916549682617
slv,1989,20.37178611755371
slv,1990,20.72807693481445
slv,1991,20.94992446899414
slv,1992,21.10225105285645
slv,1993,21.42194938659668
slv,1994,21.97811508178711
slv,1995,22.61896896362305
slv,1996,23.3521900177002
slv,1997,24.43296241760254
slv,1998,25.05821990966797
slv,1999,25.53085136413574
slv,2000,25.57119369506836
slv,2001,25.51877212524414
slv,2002,25.67763900756836
slv,2003,26.03141593933105
slv,2004,26.64983177185059
slv,2005,27.90573310852051
slv,2006,29.13960266113281
slv,2007,30.7383918762207
slv,2008,32.13025665283203
slv,2009,33.50114440917969
slv,2010,34.84806060791016
slv,2011,35.90604782104492
slv,2012,36.53574371337891
slv,2013,36.58541107177734
slv,2014,36.53736114501953
slv,2015,36.37540054321289
slv,2016,36.22479248046875
slv,2017,36.03929901123047
slv,2018,36.09637832641602
slv,2019,36.56815719604492
slv,2020,37.09868240356445
slv,2021,37.74267959594727
slv,2022,38.26466369628906
slv,2023,38.89137268066406
slv,2024,39.49259185791016
slv,2025,40.22733306884766
som,1981,1.0687655210495
som,1982,1.127514362335205
som,1983,1.171615958213806
som,1984,1.210395455360413
som,1985,1.284090518951416
som,1986,1.282642245292664
som,1987,1.361547231674194
som,1988,1.409451246261597
som,1989,1.505493998527527
som,1990,1.567974805831909
som,1991,1.635982990264893
som,1992,1.719636082649231
som,1993,1.692909240722656
som,1994,1.680331945419312
som,1995,1.666373014450073
som,1996,1.59572446346283
som,1997,1.52624249458313
som,1998,1.497070908546448
som,1999,1.383454442024231
som,2000,1.260157465934753
som,2001,1.242910623550415
som,2002,1.311353206634521
som,2003,1.355048775672913
som,2004,1.389343500137329
som,2005,1.387826442718506
som,2006,1.485922574996948
som,2007,1.566874861717224
som,2008,1.610507369041443
som,2009,1.667019963264465
som,2010,1.721122145652771
som,2011,1.781314849853516
som,2012,1.888588786125183
som,2013,1.915331721305847
som,2014,2.048322439193726
som,2015,2.052413940429688
som,2016,2.111459016799927
som,2017,2.237295866012573
som,2018,2.357691049575806
som,2019,2.462779760360718
som,2020,2.587047815322876
som,2021,2.706744432449341
som,2022,2.798321723937988
som,2023,2.916370391845703
som,2024,3.044855356216431
som,2025,3.087112188339233
srb,1981,54.01012802124023
srb,1982,54.85472869873047
srb,1983,55.69802474975586
srb,1984,56.68082046508789
srb,1985,57.45038986206055
srb,1986,58.32437896728516
srb,1987,58.94862747192383
srb,1988,59.41829681396484
srb,1989,59.79251861572266
srb,1990,60.35618209838867
srb,1991,61.06327056884766
srb,1992,61.71865844726563
srb,1993,62.15573883056641
srb,1994,62.52840042114258
srb,1995,62.90407562255859
srb,1996,63.11959838867188
srb,1997,63.02860641479492
srb,1998,62.9385871887207
srb,1999,62.90547561645508
srb,2000,62.85650634765625
srb,2001,63.25527954101563
srb,2002,63.97482299804688
srb,2003,65.01093292236328
srb,2004,66.02881622314453
srb,2005,67.16342163085938
srb,2006,68.39972686767578
srb,2007,69.52143096923828
srb,2008,70.7977294921875
srb,2009,72.40068054199219
srb,2010,74.13500213623047
srb,2011,75.8286361694336
srb,2012,77.29218292236328
srb,2013,78.6403579711914
srb,2014,79.7528076171875
srb,2015,80.84693145751953
srb,2016,81.93960571289062
srb,2017,82.89576721191406
srb,2018,83.72908782958984
srb,2019,84.38749694824219
srb,2020,85.08760833740234
srb,2021,85.58781433105469
srb,2022,86.08737182617188
srb,2023,86.61385345458984
srb,2024,87.18731689453125
srb,2025,87.76435852050781
ssd,1981,0.2248707562685013
ssd,1982,0.2594197392463684
ssd,1983,0.2841517627239227
ssd,1984,0.3141556978225708
ssd,1985,0.3342688679695129
ssd,1986,0.3694824278354645
ssd,1987,0.4001931846141815
ssd,1988,0.4207794964313507
ssd,1989,0.4609373211860657
ssd,1990,0.4963045716285706
ssd,1991,0.5165393352508545
ssd,1992,0.5318920016288757
ssd,1993,0.5325530767440796
ssd,1994,0.5376124978065491
ssd,1995,0.5374684929847717
ssd,1996,0.5477175116539001
ssd,1997,0.5480855107307434
ssd,1998,0.5436397790908813
ssd,1999,0.5291334390640259
ssd,2000,0.5190419554710388
ssd,2001,0.5190532803535461
ssd,2002,0.4989084899425507
ssd,2003,0.4837400615215302
ssd,2004,0.4882309138774872
ssd,2005,0.5078712105751038
ssd,2006,0.5176670551300049
ssd,2007,0.5276783108711243
ssd,2008,0.5233203768730164
ssd,2009,0.5792369842529297
ssd,2010,0.6451661586761475
ssd,2011,0.7452175617218018
ssd,2012,0.8191313147544861
ssd,2013,0.8676567077636719
ssd,2014,0.9159732460975648
ssd,2015,0.9545319676399232
ssd,2016,1.017639756202698
ssd,2017,1.053718090057373
ssd,2018,1.091429829597473
ssd,2019,1.141947984695435
ssd,2020,1.178018093109131
ssd,2021,1.208729147911072
ssd,2022,1.239364266395569
ssd,2023,1.315460801124573
ssd,2024,1.361111283302307
ssd,2025,1.431605219841003
stp,1981,5.443227291107178
stp,1982,5.395477771759033
stp,1983,5.323595523834229
stp,1984,5.31411600112915
stp,1985,5.210259437561035
stp,1986,5.284481525421143
stp,1987,5.336225509643555
stp,1988,5.458236694335938
stp,1989,5.620908737182617
stp,1990,5.944817066192627
stp,1991,6.397993564605713
stp,1992,6.902439117431641
stp,1993,7.387886524200439
stp,1994,7.872853755950928
stp,1995,8.511067390441895
stp,1996,9.006927490234375
stp,1997,9.446340560913086
stp,1998,9.711695671081545
stp,1999,9.954108238220217
stp,2000,10.28450489044189
stp,2001,10.67344856262207
stp,2002,11.32366275787354
stp,2003,12.18990230560303
stp,2004,13.10588932037354
stp,2005,14.00732707977295
stp,2006,14.72128963470459
stp,2007,15.26527881622314
stp,2008,15.90248966217041
stp,2009,16.76919937133789
stp,2010,18.0261402130127
stp,2011,19.68581199645996
stp,2012,22.07994651794434
stp,2013,25.0452766418457
stp,2014,28.58985900878906
stp,2015,32.28738021850586
stp,2016,36.01387405395508
stp,2017,39.89105606079102
stp,2018,43.61228561401367
stp,2019,47.26353454589844
stp,2020,50.22571563720703
stp,2021,52.66098403930664
stp,2022,55.02949905395508
stp,2023,57.00889205932617
stp,2024,58.94572830200195
stp,2025,60.75431442260742
sur,1981,11.44218254089355
sur,1982,11.82797908782959
sur,1983,12.27743530273438
sur,1984,12.79439353942871
sur,1985,13.36019611358643
sur,1986,14.03422260284424
sur,1987,14.73394393920898
sur,1988,15.29115009307861
sur,1989,15.64975643157959
sur,1990,15.94595432281494
sur,1991,16.21277809143066
sur,1992,16.49960136413574
sur,1993,16.85535621643066
sur,1994,17.29690551757813
sur,1995,17.99127006530762
sur,1996,18.85562896728516
sur,1997,19.79234504699707
sur,1998,20.64890289306641
sur,1999,21.62554740905762
sur,2000,22.84559631347656
sur,2001,24.23593711853027
sur,2002,25.48443222045898
sur,2003,26.40186882019043
sur,2004,27.07191467285156
sur,2005,27.57373809814453
sur,2006,28.17905807495117
sur,2007,29.00397109985352
sur,2008,30.0671501159668
sur,2009,31.21606826782227
sur,2010,32.26805114746094
sur,2011,33.44498443603516
sur,2012,34.4929313659668
sur,2013,35.39062881469727
sur,2014,35.94709014892578
sur,2015,36.29259490966797
sur,2016,36.66521072387695
sur,2017,37.10103225708008
sur,2018,37.60520935058594
sur,2019,38.42336654663086
sur,2020,39.19485855102539
sur,2021,40.06615829467773
sur,2022,40.96177673339844
sur,2023,41.82645034790039
sur,2024,42.63531875610352
sur,2025,43.59136581420898
svk,1981,93.15583801269533
svk,1982,93.21110534667967
svk,1983,93.32196044921876
svk,1984,93.44659423828124
svk,1985,93.48657989501952
svk,1986,93.56755828857422
svk,1987,93.61790466308594
svk,1988,93.71867370605467
svk,1989,93.85460662841795
svk,1990,93.96527099609376
svk,1991,94.10220336914064
svk,1992,94.25799560546876
svk,1993,94.3244400024414
svk,1994,94.398681640625
svk,1995,94.44405364990234
svk,1996,94.48422241210938
svk,1997,94.50553894042967
svk,1998,94.54743194580078
svk,1999,94.56362152099608
svk,2000,94.54312896728516
svk,2001,94.51317596435548
svk,2002,94.4787139892578
svk,2003,94.37145233154295
svk,2004,94.21814727783205
svk,2005,94.08366394042967
svk,2006,93.99380493164064
svk,2007,93.90764617919922
svk,2008,93.8113250732422
svk,2009,93.70919799804688
svk,2010,93.61844635009766
svk,2011,93.508056640625
svk,2012,93.4174346923828
svk,2013,93.3468780517578
svk,2014,93.17490386962892
svk,2015,93.00511932373048
svk,2016,92.79411315917967
svk,2017,92.7080535888672
svk,2018,92.72352600097656
svk,2019,92.79326629638672
svk,2020,92.94793701171876
svk,2021,93.08859252929688
svk,2022,93.21495819091795
svk,2023,93.30925750732422
svk,2024,93.41001892089844
svk,2025,93.49961853027344
svn,1981,68.77997589111328
svn,1982,69.70702362060547
svn,1983,70.60338592529297
svn,1984,71.61814880371094
svn,1985,72.41542053222656
svn,1986,73.31999969482422
svn,1987,73.87277221679688
svn,1988,74.46517181396484
svn,1989,74.97205352783203
svn,1990,75.580078125
svn,1991,76.50917053222656
svn,1992,77.85169219970703
svn,1993,79.52494812011719
svn,1994,81.12145233154297
svn,1995,82.80728149414062
svn,1996,84.53804016113281
svn,1997,86.28890228271484
svn,1998,87.90220642089844
svn,1999,89.353271484375
svn,2000,90.46054077148438
svn,2001,91.28053283691406
svn,2002,91.77313995361328
svn,2003,92.11466979980467
svn,2004,92.35213470458984
svn,2005,92.5986785888672
svn,2006,92.85337829589844
svn,2007,93.18392944335938
svn,2008,93.38652801513672
svn,2009,93.3696060180664
svn,2010,93.23218536376952
svn,2011,93.03412628173828
svn,2012,92.92881011962892
svn,2013,92.95301055908205
svn,2014,93.06951904296876
svn,2015,93.18753814697266
svn,2016,93.32705688476564
svn,2017,93.45681762695312
svn,2018,93.72594451904295
svn,2019,94.0463409423828
svn,2020,94.34852600097656
svn,2021,94.65247344970705
svn,2022,94.96204376220705
svn,2023,95.20258331298828
svn,2024,95.4664306640625
svn,2025,95.7224578857422
swe,1981,85.4227294921875
swe,1982,85.68709564208984
swe,1983,85.95683288574219
swe,1984,86.16378784179688
swe,1985,86.38214874267578
swe,1986,86.73883819580078
swe,1987,87.1654052734375
swe,1988,87.52146911621094
swe,1989,87.87915802001953
swe,1990,88.1518325805664
swe,1991,88.33228302001953
swe,1992,88.49436950683594
swe,1993,88.6584701538086
swe,1994,88.79948425292969
swe,1995,88.97013854980469
swe,1996,89.08988952636719
swe,1997,89.10157012939453
swe,1998,88.98468780517578
swe,1999,88.73291778564453
swe,2000,88.40867614746094
swe,2001,88.29752349853516
swe,2002,88.37299346923828
swe,2003,88.51123046875
swe,2004,88.64920806884766
swe,2005,88.82770538330078
swe,2006,89.07771301269531
swe,2007,89.31333923339844
swe,2008,89.42684936523438
swe,2009,89.40499114990234
swe,2010,89.41796112060547
swe,2011,89.37808990478516
swe,2012,89.3788070678711
swe,2013,89.40419006347656
swe,2014,89.48565673828125
swe,2015,89.58279418945312
swe,2016,89.61184692382812
swe,2017,89.63910675048828
swe,2018,89.72664642333984
swe,2019,89.88053894042969
swe,2020,90.02674865722656
swe,2021,90.23988342285156
swe,2022,90.41902923583984
swe,2023,90.6100845336914
swe,2024,90.72997283935548
swe,2025,90.84545135498048
swz,1981,12.98803520202637
swz,1982,13.46011924743652
swz,1983,13.95611000061035
swz,1984,14.37059020996094
swz,1985,14.7622013092041
swz,1986,15.18789386749268
swz,1987,15.61920547485352
swz,1988,16.13552856445313
swz,1989,16.67948341369629
swz,2025,40.94100189208984
syr,1981,17.36281585693359
syr,1982,17.65911102294922
syr,1983,18.22707748413086
syr,1984,18.6143684387207
syr,1985,18.98359870910645
syr,1986,19.54470062255859
syr,1987,19.9918155670166
syr,1988,20.26572608947754
syr,1989,20.25632476806641
syr,1990,20.1380500793457
syr,1991,20.25104522705078
syr,1992,20.61899185180664
syr,1993,21.01146697998047
syr,1994,21.27074813842773
syr,1995,21.20849418640137
syr,1996,21.05501174926758
syr,1997,21.24735641479492
syr,1998,21.70051765441895
syr,1999,22.50590705871582
syr,2000,23.25054931640625
syr,2001,24.28976058959961
syr,2002,25.43266105651855
syr,2003,26.70644569396973
syr,2004,28.07606315612793
syr,2005,29.35053062438965
syr,2006,30.42623519897461
syr,2007,31.22428321838379
syr,2008,31.93246650695801
syr,2009,32.59591674804688
syr,2010,33.26935577392578
syr,2011,33.85699081420898
syr,2012,34.40194702148438
syr,2013,35.07046508789063
syr,2014,35.69064331054688
syr,2015,36.31854248046875
syr,2016,36.80104827880859
syr,2017,37.42174911499023
syr,2018,38.08818054199219
syr,2019,38.7383918762207
syr,2020,39.23281860351563
syr,2021,39.77101135253906
syr,2022,40.4219970703125
syr,2023,41.05577087402344
syr,2024,41.70664596557617
syr,2025,42.317626953125
tcd,1981,0.7451030015945435
tcd,1982,0.7927039861679077
tcd,1983,0.8206514120101929
tcd,1984,0.8259738683700562
tcd,1985,0.845195472240448
tcd,1986,0.8459208011627197
tcd,1987,0.8604720830917358
tcd,1988,0.8591210246086121
tcd,1989,0.8834359645843506
tcd,1990,0.9238939881324768
tcd,1991,0.9448987245559692
tcd,1992,0.984136402606964
tcd,1993,0.9913923740386964
tcd,1994,1.027960181236267
tcd,1995,1.107430338859558
tcd,1996,1.227442860603333
tcd,1997,1.351824879646301
tcd,1998,1.551437973976135
tcd,1999,1.746279239654541
tcd,2000,1.886197924613953
tcd,2001,1.940518498420715
tcd,2002,1.989152669906616
tcd,2003,2.033072471618652
tcd,2004,2.107315540313721
tcd,2005,2.190633296966553
tcd,2006,2.2385573387146
tcd,2007,2.291272640228271
tcd,2008,2.323105096817017
tcd,2009,2.374222755432129
tcd,2010,2.389720678329468
tcd,2011,2.3706955909729
tcd,2012,2.417196035385132
tcd,2013,2.499211072921753
tcd,2014,2.611101865768433
tcd,2015,2.717571258544922
tcd,2016,2.770071983337402
tcd,2017,2.814807891845703
tcd,2018,2.876080274581909
tcd,2019,2.922065258026123
tcd,2020,2.972554922103882
tcd,2021,3.068676710128784
tcd,2022,3.174379825592041
tcd,2023,3.287741184234619
tcd,2024,3.380290508270264
tcd,2025,3.528324604034424
tgo,1981,0.9327665567398072
tgo,1982,0.9878593683242798
tgo,1983,1.092713713645935
tgo,1984,1.177583456039429
tgo,1985,1.207723736763
tgo,1986,1.29765260219574
tgo,1987,1.362593412399292
tgo,1988,1.417346239089966
tgo,1989,1.486845970153809
tgo,1990,1.506235122680664
tgo,1991,1.565411329269409
tgo,1992,1.609301686286926
tgo,1993,1.712846398353577
tgo,1994,1.870885372161865
tgo,1995,2.003627061843872
tgo,1996,2.136182069778442
tgo,1997,2.284170389175415
tgo,1998,2.462861061096191
tgo,1999,2.672141551971436
tgo,2000,2.951723098754883
tgo,2001,3.240869045257568
tgo,2002,3.539403438568115
tgo,2003,3.832469701766968
tgo,2004,4.140208721160889
tgo,2005,4.49259614944458
tgo,2006,4.734580993652344
tgo,2007,5.06689453125
tgo,2008,5.384354591369629
tgo,2009,5.812609195709229
tgo,2010,6.350760936737061
tgo,2011,7.069150924682617
tgo,2012,7.841288566589355
tgo,2013,8.592753410339355
tgo,2014,9.318498611450195
tgo,2015,9.983517646789553
tgo,2016,10.64365196228027
tgo,2017,11.16870594024658
tgo,2018,11.76019477844238
tgo,2019,12.27294540405273
tgo,2020,12.76535987854004
tgo,2021,13.27724742889404
tgo,2022,13.75786018371582
tgo,2023,14.42469024658203
tgo,2024,15.01980590820313
tgo,2025,15.69142627716064
tha,1981,16.5718936920166
tha,1982,17.10113906860352
tha,1983,17.53171920776367
tha,1984,17.87130165100098
tha,1985,18.12135124206543
tha,1986,18.53675079345703
tha,1987,19.15702247619629
tha,1988,20.04147720336914
tha,1989,20.96049118041992
tha,1990,22.02127838134766
tha,1991,22.84450531005859
tha,1992,23.98302268981934
tha,1993,25.1784496307373
tha,1994,26.9973087310791
tha,1995,29.26435661315918
tha,1996,32.37111282348633
tha,1997,35.85746765136719
tha,1998,39.78922653198242
tha,1999,43.96687698364258
tha,2000,47.99831008911133
tha,2001,51.36736297607422
tha,2002,53.74334335327148
tha,2003,55.59252548217773
tha,2004,57.14431381225586
tha,2005,58.29289245605469
tha,2006,59.07744216918945
tha,2007,59.52255249023438
tha,2008,60.10373687744141
tha,2009,60.82110595703125
tha,2010,61.61148834228516
tha,2011,62.42636108398438
tha,2012,63.30586624145508
tha,2013,64.2630615234375
tha,2014,65.5084457397461
tha,2015,66.92585754394531
tha,2016,68.52058410644531
tha,2017,69.91437530517578
tha,2018,71.16448211669922
tha,2019,72.31802368164062
tha,2020,73.69270324707031
tha,2021,75.17427825927734
tha,2022,76.7377700805664
tha,2023,78.1054458618164
tha,2024,79.50154876708984
tha,2025,80.688720703125
tjk,1981,27.90545845031738
tjk,1982,28.81910133361816
tjk,1983,29.77783393859863
tjk,1984,30.42141342163086
tjk,1985,31.1514949798584
tjk,1986,32.08334350585938
tjk,1987,32.91881942749023
tjk,1988,33.88484191894531
tjk,1989,34.69264221191406
tjk,1990,35.61067199707031
tjk,1991,36.61096572875977
tjk,1992,37.65527725219727
tjk,1993,39.03651809692383
tjk,1994,40.88115692138672
tjk,1995,42.69023895263672
tjk,1996,44.01766586303711
tjk,1997,44.47763061523438
tjk,1998,44.409423828125
tjk,1999,44.04920959472656
tjk,2000,43.90622711181641
tjk,2001,43.96566772460938
tjk,2002,44.32610321044922
tjk,2003,45.03053283691406
tjk,2004,45.81938934326172
tjk,2005,46.61452484130859
tjk,2006,47.49480056762695
tjk,2007,48.37638092041016
tjk,2008,49.30037689208984
tjk,2009,50.16387939453125
tjk,2010,51.14918899536133
tjk,2011,52.5240478515625
tjk,2012,54.27229309082031
tjk,2013,56.18276214599609
tjk,2014,58.05965042114258
tjk,2015,60.18884658813477
tjk,2016,62.57910919189453
tjk,2017,65.18018341064453
tjk,2018,67.70158386230469
tjk,2019,69.90491485595703
tjk,2020,71.77534484863281
tjk,2021,73.595947265625
tjk,2022,75.49419403076172
tjk,2023,77.16919708251953
tjk,2024,78.55577087402344
tjk,2025,79.519287109375
tkm,1981,93.50503540039064
tkm,1982,93.7107391357422
tkm,1983,93.82114410400392
tkm,1984,93.90933227539064
tkm,1985,94.08708953857422
tkm,1986,94.20953369140624
tkm,1987,94.32145690917967
tkm,1988,94.44951629638672
tkm,1989,94.52503967285156
tkm,1990,94.61846923828124
tkm,1991,94.58926391601564
tkm,1992,94.56184387207033
tkm,1993,94.47203063964844
tkm,1994,94.41054534912108
tkm,1995,94.3544692993164
tkm,1996,94.25818634033205
tkm,1997,94.14754486083984
tkm,1998,93.93810272216795
tkm,1999,93.78955841064452
tkm,2000,93.79851531982422
tkm,2001,93.89627075195312
tkm,2002,94.05754852294922
tkm,2003,94.20216369628906
tkm,2004,94.31214904785156
tkm,2005,94.5081024169922
tkm,2006,94.64754486083984
tkm,2007,94.79295349121094
tkm,2008,94.89410400390624
tkm,2009,95.0085906982422
tkm,2010,95.15979766845705
tkm,2011,95.30404663085938
tkm,2012,95.43264770507812
tkm,2013,95.5526123046875
tkm,2014,95.65589141845705
tkm,2015,95.80834197998048
tkm,2016,95.87587738037108
tkm,2017,95.98332977294922
tkm,2018,96.09612274169922
tkm,2019,96.1481704711914
tkm,2020,96.23294067382812
tkm,2021,96.29420471191406
tkm,2022,96.35989379882812
tkm,2023,96.50450134277344
tkm,2024,96.5715789794922
tkm,2025,96.66751861572266
tls,1981,9.508978843688965
tls,1982,10.12286472320557
tls,1983,10.71788311004639
tls,1984,11.31922435760498
tls,1985,11.94424724578857
tls,1986,12.67887687683105
tls,1987,13.36522483825684
tls,1988,14.09365749359131
tls,1989,14.92161273956299
tls,1990,15.47195816040039
tls,1991,16.26239967346191
tls,1992,17.25094413757324
tls,1993,18.30833053588867
tls,1994,19.54000663757324
tls,1995,20.89554786682129
tls,1996,22.46364402770996
tls,1997,23.91675186157227
tls,1998,25.25467681884766
tls,1999,26.58762741088867
tls,2000,27.91370391845703
tls,2001,29.38767051696777
tls,2002,31.18596839904785
tls,2003,33.16348648071289
tls,2004,35.30704116821289
tls,2005,37.34265899658203
tls,2006,39.45165634155273
tls,2007,41.44097900390625
tls,2008,43.51612854003906
tls,2009,45.42671966552734
tls,2010,47.13058853149414
tls,2011,48.41934204101563
tls,2012,49.28734970092773
tls,2013,50.1444206237793
tls,2014,50.76821136474609
tls,2015,51.03006362915039
tls,2016,51.15420913696289
tls,2017,51.57019805908203
tls,2018,52.5295524597168
tls,2019,53.8704719543457
tls,2020,55.17167282104492
tls,2021,56.6573486328125
tls,2022,58.00872421264648
tls,2023,59.31056213378906
tls,2024,60.59941101074219
tls,2025,62.17560577392578
ton,1981,62.83195114135742
ton,1982,63.68502426147461
ton,1983,64.61392974853516
ton,1984,65.29580688476562
ton,1985,66.19747161865234
ton,1986,67.14822387695312
ton,1987,68.01811218261719
ton,1988,68.85037231445312
ton,1989,69.89797973632812
ton,1990,70.79627227783203
ton,1991,71.75191497802734
ton,1992,72.58903503417969
ton,1993,73.48454284667969
ton,1994,74.22958374023438
ton,1995,74.86080932617188
ton,1996,75.5191650390625
ton,1997,76.24213409423828
ton,1998,76.96919250488281
ton,1999,77.6599349975586
ton,2000,78.45653533935547
ton,2001,79.23529052734375
ton,2002,79.8916015625
ton,2003,80.61275482177734
ton,2004,81.18700408935547
ton,2005,81.73422241210938
ton,2006,82.42874145507812
ton,2007,83.04875183105469
ton,2008,83.61649322509766
ton,2009,84.11371612548828
ton,2010,84.7044677734375
ton,2011,85.26232147216797
ton,2012,85.78512573242188
ton,2013,86.29985046386719
ton,2014,87.0704345703125
ton,2015,87.77194213867188
ton,2016,88.45291137695312
ton,2017,88.9616470336914
ton,2018,89.39989471435547
ton,2019,89.87992095947266
ton,2020,90.27326202392578
ton,2021,90.74599456787108
ton,2022,91.27564239501952
ton,2023,91.72206878662108
ton,2024,92.15699768066406
ton,2025,92.55440521240234
tto,1981,51.59834671020508
tto,1982,53.28562545776367
tto,1983,55.53822326660156
tto,1984,58.02004241943359
tto,1985,60.22696685791016
tto,1986,61.956298828125
tto,1987,63.60754776000977
tto,1988,65.20935821533203
tto,1989,66.98040008544922
tto,1990,68.75444793701172
tto,1991,70.20643615722656
tto,1992,71.24169921875
tto,1993,72.05467224121094
tto,1994,72.99092864990234
tto,1995,73.93809509277344
tto,1996,74.87030792236328
tto,1997,75.85038757324219
tto,1998,76.66950988769531
tto,1999,77.23701477050781
tto,2000,77.69185638427734
tto,2001,78.2478256225586
tto,2002,78.90715026855469
tto,2003,79.5113525390625
tto,2004,80.43749237060547
tto,2005,81.56241607666016
tto,2006,82.81963348388672
tto,2007,83.91858673095703
tto,2008,84.85824584960938
tto,2009,85.85588836669922
tto,2010,86.77730560302734
tto,2011,87.4718246459961
tto,2012,87.90706634521484
tto,2013,88.1089859008789
tto,2014,88.23361206054688
tto,2015,88.50458526611328
tto,2016,88.65230560302734
tto,2017,88.8157730102539
tto,2018,88.94248962402344
tto,2019,88.94293975830078
tto,2020,88.9979248046875
tto,2021,89.14281463623047
tto,2022,89.36644744873047
tto,2023,89.58607482910156
tto,2024,90.04051971435547
tto,2025,90.5261001586914
tun,1981,5.14319372177124
tun,1982,5.624993324279785
tun,1983,6.067551612854004
tun,1984,6.608430862426758
tun,1985,7.318558216094971
tun,1986,8.04859447479248
tun,1987,8.828776359558105
tun,1988,9.486726760864258
tun,1989,10.15097999572754
tun,2025,61.45238494873047
tur,1981,13.07858276367188
tur,1982,13.73342895507813
tur,1983,14.17596435546875
tur,1984,14.5462589263916
tur,1985,14.75338554382324
tur,1986,15.00335884094238
tur,1987,15.54382801055908
tur,1988,16.4449405670166
tur,1989,17.45420455932617
tur,1990,18.14280128479004
tur,1991,18.76699066162109
tur,1992,19.09360885620117
tur,1993,19.7517147064209
tur,1994,20.57440567016602
tur,1995,22.2636833190918
tur,1996,24.29173469543457
tur,1997,26.90537452697754
tur,1998,29.31028747558594
tur,1999,31.96636581420898
tur,2000,33.80662536621094
tur,2001,35.25303268432617
tur,2002,36.08710479736328
tur,2003,37.51809692382813
tur,2004,39.53891754150391
tur,2005,41.97784805297852
tur,2006,44.52473831176758
tur,2007,47.07654190063477
tur,2008,49.71901702880859
tur,2009,52.28772735595703
tur,2010,54.73282623291016
tur,2011,56.69641494750977
tur,2012,58.37975692749023
tur,2013,59.78216171264648
tur,2014,61.38254928588867
tur,2015,63.31801223754883
tur,2016,65.70280456542969
tur,2017,68.45965576171875
tur,2018,71.1594009399414
tur,2019,73.39093780517578
tur,2020,74.99479675292969
tur,2021,76.14448547363281
tur,2022,77.27701568603516
tur,2023,78.587890625
tur,2024,79.87434387207031
tur,2025,81.09979248046875
tuv,1981,13.57499980926514
tuv,1982,14.39000034332275
tuv,1983,15.15499973297119
tuv,1984,16.13500022888184
tuv,1985,17.05500030517578
tuv,1986,18.02000045776367
tuv,1987,18.86000061035156
tuv,1988,19.71999931335449
tuv,1989,20.57999992370605
tuv,1990,21.43000030517578
tuv,1991,22.20000076293945
tuv,1992,23.11499977111816
tuv,1993,24.28000068664551
tuv,1994,25.40999984741211
tuv,1995,26.3700008392334
tuv,1996,27.47500038146973
tuv,1997,28.78000068664551
tuv,1998,29.81999969482422
tuv,1999,31.02499961853027
tuv,2000,32.29499816894531
tuv,2001,33.52000045776367
tuv,2002,34.56000137329102
tuv,2003,35.6150016784668
tuv,2004,36.93000030517578
tuv,2005,38.08000183105469
tuv,2006,39.43500137329102
tuv,2007,40.84999847412109
tuv,2008,42.33499908447266
tuv,2009,43.96500015258789
tuv,2010,45.52500152587891
tuv,2011,47.18000030517578
tuv,2012,48.72499847412109
tuv,2013,50.31000137329102
tuv,2014,52.20000076293945
tuv,2015,53.95000076293945
tuv,2016,55.68999862670898
tuv,2017,57.36999893188477
tuv,2018,58.95000076293945
tuv,2019,60.28499984741211
tuv,2020,61.27500152587891
tuv,2021,62.5
tuv,2022,63.75
tuv,2023,65.05000305175781
tuv,2024,66.28500366210938
tuv,2025,67.58499908447266
tza,1981,1.666352033615112
tza,1982,1.733772754669189
tza,1983,1.798199653625488
tza,1984,1.818044424057007
tza,1985,1.799919009208679
tza,1986,1.744152426719666
tza,1987,1.721618294715881
tza,1988,1.728437185287476
tza,1989,1.751317262649536
tza,1990,1.76192843914032
tza,1991,1.770961880683899
tza,1992,1.854543566703796
tza,1993,1.951985597610474
tza,1994,2.017523050308228
tza,1995,2.059662103652954
tza,1996,2.085394382476807
tza,1997,2.164692163467407
tza,1998,2.260227918624878
tza,1999,2.38987398147583
tza,2000,2.518523931503296
tza,2001,2.647621631622314
tza,2002,2.746567249298096
tza,2003,2.844400882720947
tza,2004,2.951334714889526
tza,2005,3.123281478881836
tza,2006,3.345042705535889
tza,2007,3.606899261474609
tza,2008,3.908788681030273
tza,2009,4.257341384887695
tza,2010,4.609818458557129
tza,2011,4.943993091583252
tza,2012,5.216890811920166
tza,2013,5.527591228485107
tza,2014,5.773541927337646
tza,2015,5.968664646148682
tza,2016,6.148569583892822
tza,2017,6.360012054443359
tza,2018,6.628788471221924
tza,2019,6.88472318649292
tza,2020,7.075652122497559
tza,2021,7.166342258453369
tza,2022,7.162060260772705
tza,2023,7.218120098114014
tza,2024,7.32900333404541
tza,2025,7.524430274963379
uga,1981,2.858136653900146
uga,1982,3.044075489044189
uga,1983,3.160747051239014
uga,1984,3.276094198226929
uga,1985,3.418467998504639
uga,1986,3.628122329711914
uga,1987,3.889556646347046
uga,1988,4.113238334655762
uga,1989,4.243233203887939
uga,1990,4.383481502532959
uga,1991,4.504188537597656
uga,1992,4.645673751831055
uga,1993,4.678009986877441
uga,1994,4.706674098968506
uga,1995,4.799790382385254
uga,1996,5.193414211273193
uga,1997,5.707448482513428
uga,1998,6.301536560058594
uga,1999,6.691203594207764
uga,2000,6.975992202758789
uga,2001,7.240756988525391
uga,2002,7.691302299499512
uga,2003,8.167427062988281
uga,2004,8.76344108581543
uga,2005,9.357919692993164
uga,2006,9.986957550048828
uga,2007,10.56088733673096
uga,2008,11.23007202148438
uga,2009,12.01945400238037
uga,2010,12.91833209991455
uga,2011,13.78633499145508
uga,2012,14.5690450668335
uga,2013,15.05238437652588
uga,2014,15.16108798980713
uga,2015,15.05440616607666
uga,2016,14.83802890777588
uga,2017,14.93655204772949
uga,2018,15.28085517883301
uga,2019,15.7650671005249
uga,2020,16.24924087524414
uga,2021,16.79342842102051
uga,2022,17.32254409790039
uga,2023,17.98119163513184
uga,2024,18.4454517364502
uga,2025,18.96002197265625
ukr,1981,75.25274658203125
ukr,1982,76.18521881103516
ukr,1983,77.21900939941406
ukr,1984,78.25413513183594
ukr,1985,78.9972152709961
ukr,1986,79.80940246582031
ukr,1987,80.70338439941406
ukr,1988,81.38872528076172
ukr,1989,82.0184326171875
ukr,1990,82.59464263916016
ukr,1991,83.20462799072266
ukr,1992,83.91006469726562
ukr,1993,84.62381744384766
ukr,1994,85.32246398925781
ukr,1995,86.07301330566406
ukr,1996,86.89567565917969
ukr,1997,87.69245910644531
ukr,1998,88.37336730957031
ukr,1999,89.05816650390625
ukr,2000,89.81027221679688
ukr,2001,90.57549285888672
ukr,2002,91.33057403564452
ukr,2003,92.04682159423828
ukr,2004,92.79212188720705
ukr,2005,93.43784332275392
ukr,2006,93.98506927490234
ukr,2007,94.42189025878906
ukr,2008,94.73848724365234
ukr,2009,94.96057891845705
ukr,2010,95.14006042480467
ukr,2011,95.32369995117188
ukr,2012,95.51593780517578
ukr,2013,95.82456207275392
ukr,2014,96.0704345703125
ukr,2015,96.3139190673828
ukr,2016,96.53565979003906
ukr,2017,96.7522201538086
ukr,2018,96.98018646240234
ukr,2019,97.16980743408205
ukr,2020,97.4263153076172
ukr,2021,97.67298889160156
ukr,2022,97.84172821044922
ukr,2023,97.96869659423828
ukr,2024,98.12894439697266
ukr,2025,98.28789520263672
ury,1981,32.69187545776367
ury,1982,33.13884353637695
ury,1983,33.54120254516602
ury,1984,34.06977844238281
ury,1985,34.48284149169922
ury,1986,34.9366569519043
ury,1987,35.32637405395508
ury,1988,35.35833358764648
ury,1989,35.55185699462891
ury,1990,35.90781784057617
ury,1991,36.39861297607422
ury,1992,36.95860290527344
ury,1993,37.53784561157227
ury,1994,37.79191207885742
ury,1995,37.77218627929688
ury,1996,37.66174697875977
ury,1997,37.46196365356445
ury,1998,37.34786987304688
ury,1999,37.82026672363281
ury,2000,38.88138198852539
ury,2001,40.2501106262207
ury,2002,41.24131011962891
ury,2003,41.69777297973633
ury,2004,41.89628982543945
ury,2005,42.0067253112793
ury,2006,42.24836730957031
ury,2007,42.48649215698242
ury,2008,42.40393447875977
ury,2009,42.45602035522461
ury,2010,42.27042770385742
ury,2011,42.4333610534668
ury,2012,42.84526824951172
ury,2013,43.33559799194336
ury,2014,43.83106231689453
ury,2015,44.25654220581055
ury,2016,44.7332763671875
ury,2017,45.27912139892578
ury,2018,45.78257751464844
ury,2019,46.17745590209961
ury,2020,46.69123458862305
ury,2021,47.02669525146484
ury,2022,47.44449234008789
ury,2023,47.90985488891602
ury,2024,48.33071899414063
ury,2025,48.85819625854492
usa,1981,89.61656188964844
usa,1982,89.71427917480469
usa,1983,89.68567657470703
usa,1984,89.57630920410156
usa,1985,89.53263092041016
usa,1986,89.50444793701172
usa,1987,89.46541595458984
usa,1988,89.48271942138672
usa,1989,89.56431579589844
usa,1990,89.59481048583984
usa,1991,89.53665924072266
usa,1992,89.35951232910156
usa,1993,89.1037826538086
usa,1994,89.00291442871094
usa,1995,88.95659637451172
usa,1996,88.89308166503906
usa,1997,88.92754364013672
usa,1998,88.9502944946289
usa,1999,89.16889190673828
usa,2000,89.36276245117188
usa,2001,89.52742004394531
usa,2002,89.63095092773438
usa,2003,89.84141540527344
usa,2004,90.1049575805664
usa,2005,90.47386932373048
usa,2006,90.7734375
usa,2007,91.15019989013672
usa,2008,91.41402435302734
usa,2009,91.76910400390624
usa,2010,92.0718231201172
usa,2011,92.44544219970705
usa,2012,92.7139129638672
usa,2013,92.93746185302734
usa,2014,93.2438507080078
usa,2015,93.54824829101564
usa,2016,93.78025817871094
usa,2017,93.78961944580078
usa,2018,93.86927795410156
usa,2019,94.0383071899414
usa,2020,94.18048095703124
usa,2021,94.2336654663086
usa,2022,94.25682830810548
usa,2023,94.33722686767578
usa,2024,94.42106628417967
usa,2025,94.5359115600586
uzb,1981,37.96292114257813
uzb,1982,37.85905838012695
uzb,1983,37.68917846679688
uzb,1984,37.92788314819336
uzb,1985,38.23861312866211
uzb,1986,38.68120956420898
uzb,1987,39.13206100463867
uzb,1988,39.54176330566406
uzb,1989,39.64786911010742
uzb,1990,39.65330505371094
uzb,1991,39.90764617919922
uzb,1992,40.5189208984375
uzb,1993,41.70778656005859
uzb,1994,43.26103591918945
uzb,1995,45.21650314331055
uzb,1996,47.4706916809082
uzb,1997,49.65392684936523
uzb,1998,51.5101203918457
uzb,1999,53.13427352905273
uzb,2000,54.79796981811523
uzb,2001,57.03073501586914
uzb,2002,59.96059417724609
uzb,2003,63.1590461730957
uzb,2004,66.12419128417969
uzb,2005,68.60970306396484
uzb,2006,70.69778442382812
uzb,2007,72.43302917480469
uzb,2008,73.86799621582031
uzb,2009,75.40676879882812
uzb,2010,77.15898132324219
uzb,2011,79.51129150390625
uzb,2012,82.09003448486328
uzb,2013,85.00080871582031
uzb,2014,87.9238052368164
uzb,2015,90.6589126586914
uzb,2016,92.87873077392578
uzb,2017,94.5988998413086
uzb,2018,95.89389038085938
uzb,2019,96.86334228515624
uzb,2020,97.5667724609375
uzb,2021,98.07946014404295
uzb,2022,98.40601348876952
uzb,2023,98.68211364746094
uzb,2024,98.92299652099608
uzb,2025,99.12349700927734
ven,1981,25.70191192626953
ven,1982,26.02755355834961
ven,1983,26.57381439208984
ven,1984,27.20090675354004
ven,1985,28.18976020812988
ven,1986,28.87737655639648
ven,1987,29.24690628051758
ven,1988,29.56738662719727
ven,1989,30.03841209411621
ven,1990,30.97000885009766
ven,1991,31.8156566619873
ven,1992,32.48702239990234
ven,1993,32.94892501831055
ven,1994,33.32036209106445
ven,1995,33.79636383056641
ven,1996,34.0534782409668
ven,1997,34.67294692993164
ven,1998,35.4283447265625
ven,1999,36.47707748413086
ven,2000,37.27609252929688
ven,2001,38.26454544067383
ven,2002,39.11915588378906
ven,2003,39.91104125976563
ven,2004,40.57336044311523
ven,2005,41.23827743530273
ven,2006,41.86917495727539
ven,2007,42.47980499267578
ven,2008,43.13589477539063
ven,2009,43.77455520629883
ven,2010,44.42444610595703
ven,2011,45.05694198608398
ven,2012,45.75611114501953
ven,2013,46.16023254394531
ven,2014,46.93706893920898
ven,2015,47.58675765991211
ven,2016,48.19347381591797
ven,2017,48.78623580932617
ven,2018,49.46622848510742
ven,2019,50.15158843994141
ven,2020,51.00356292724609
ven,2021,51.64397430419922
ven,2022,52.52757263183594
ven,2023,53.22208404541016
ven,2024,53.81975555419922
ven,2025,54.3068733215332
vnm,1981,11.7319860458374
vnm,1982,12.1126537322998
vnm,1983,12.3131046295166
vnm,1984,12.28323173522949
vnm,1985,12.23861503601074
vnm,1986,12.14997291564941
vnm,1987,12.34179782867432
vnm,1988,12.71234035491943
vnm,1989,13.30688095092773
vnm,1990,14.10573291778564
vnm,1991,14.92461395263672
vnm,1992,15.34880447387695
vnm,1993,15.36304092407227
vnm,1994,14.98711585998535
vnm,1995,14.33078765869141
vnm,1996,13.71398258209229
vnm,1997,13.555908203125
vnm,1998,14.07675838470459
vnm,1999,15.10322761535645
vnm,2000,16.58717918395996
vnm,2001,18.43735504150391
vnm,2002,20.56834602355957
vnm,2003,22.76542854309082
vnm,2004,24.94768142700195
vnm,2005,26.79475593566895
vnm,2006,28.30170822143555
vnm,2007,29.82907676696777
vnm,2008,31.87651824951172
vnm,2009,34.22926712036133
vnm,2010,36.46685028076172
vnm,2011,38.51070022583008
vnm,2012,40.36751174926758
vnm,2013,41.97164154052734
vnm,2014,43.35895538330078
vnm,2015,44.67993545532227
vnm,2016,46.19686889648438
vnm,2017,47.88591003417969
vnm,2018,49.41986083984375
vnm,2019,50.79919815063477
vnm,2020,51.80274963378906
vnm,2021,52.91104507446289
vnm,2022,54.12900924682617
vnm,2023,55.39526748657227
vnm,2024,56.64042663574219
vnm,2025,57.85885238647461
vut,1981,3.558459281921387
vut,1982,3.655078649520874
vut,1983,3.76378345489502
vut,1984,3.889402151107788
vut,1985,3.968444585800171
vut,1986,4.027363777160645
vut,1987,4.131709575653076
vut,1988,4.252022266387939
vut,1989,4.339577674865723
vut,1990,4.407835960388184
vut,1991,4.394678115844727
vut,1992,4.493302345275879
vut,1993,4.504889488220215
vut,1994,4.528202056884766
vut,1995,4.588821411132813
vut,1996,4.692797183990479
vut,1997,4.845295906066895
vut,1998,5.016398906707764
vut,1999,5.173888683319092
vut,2000,5.372379302978516
vut,2001,5.532845973968506
vut,2002,5.688429832458496
vut,2003,5.871218681335449
vut,2004,6.027825832366943
vut,2005,6.187214851379395
vut,2006,6.396199703216553
vut,2007,6.614669799804688
vut,2008,6.820127010345459
vut,2009,7.017797470092773
vut,2010,7.255792140960693
vut,2011,7.473577976226807
vut,2012,7.664224624633789
vut,2013,7.894686698913574
vut,2014,8.163578033447266
vut,2015,8.379634857177734
vut,2016,8.549476623535156
vut,2017,8.819650650024414
vut,2018,9.047112464904783
vut,2019,9.31052589416504
vut,2020,9.564236640930176
vut,2021,9.840410232543944
vut,2022,10.09081363677979
vut,2023,10.26760387420654
vut,2024,10.45850086212158
vut,2025,10.5315990447998
wsm,1981,20.33044624328613
wsm,1982,21.38346862792969
wsm,1983,22.35776519775391
wsm,1984,23.35886573791504
wsm,1985,24.32866096496582
wsm,1986,25.23278427124023
wsm,1987,26.30948257446289
wsm,1988,27.17817497253418
wsm,1989,28.15702819824219
wsm,1990,29.25364685058594
wsm,1991,30.34285354614258
wsm,1992,31.25781440734863
wsm,1993,32.43897247314453
wsm,1994,33.63906097412109
wsm,1995,34.64220809936523
wsm,1996,35.62977981567383
wsm,1997,36.71478271484375
wsm,1998,37.77644729614258
wsm,1999,39.00046157836914
wsm,2000,40.06498336791992
wsm,2001,41.44545745849609
wsm,2002,42.95568466186523
wsm,2003,44.35689163208008
wsm,2004,46.05648803710938
wsm,2005,47.78989791870117
wsm,2006,49.55516815185547
wsm,2007,51.30988311767578
wsm,2008,52.97872924804688
wsm,2009,54.41665649414063
wsm,2010,55.64788436889648
wsm,2011,56.93898010253906
wsm,2012,58.22230529785156
wsm,2013,59.45362091064453
wsm,2014,60.33888626098633
wsm,2015,61.02577972412109
wsm,2016,61.81316375732422
wsm,2017,62.82610702514648
wsm,2018,63.86492538452148
wsm,2019,65.039794921875
wsm,2020,66.4256362915039
wsm,2021,67.8425521850586
wsm,2022,69.2980728149414
wsm,2023,70.42506408691406
wsm,2024,71.38599395751953
wsm,2025,72.40098571777344
yem,1981,0.0664089694619179
yem,1982,0.290803849697113
yem,1983,0.5389196872711182
yem,1984,0.8605716228485107
yem,1985,1.142407774925232
yem,1986,1.459849715232849
yem,1987,1.830031275749207
yem,1988,2.187289476394653
yem,1989,2.578268051147461
yem,1990,3.038118124008179
yem,1991,3.493584394454956
yem,1992,4.030525684356689
yem,1993,4.739006519317627
yem,1994,5.516123294830322
yem,1995,6.213964462280273
yem,1996,6.982676029205322
yem,1997,7.655694484710693
yem,1998,8.483013153076172
yem,1999,9.404471397399902
yem,2000,10.40407371520996
yem,2001,11.3604097366333
yem,2002,12.48992919921875
yem,2003,13.62061405181885
yem,2004,14.57177639007568
yem,2005,15.5066556930542
yem,2006,16.28622627258301
yem,2007,16.96306991577148
yem,2008,17.61641693115234
yem,2009,18.29283142089844
yem,2010,19.0186939239502
yem,2011,19.76918601989746
yem,2012,20.77693748474121
yem,2013,21.90124320983887
yem,2014,23.21620750427246
yem,2015,24.66103363037109
yem,2016,26.05428123474121
yem,2017,27.35159683227539
yem,2018,28.38057708740234
yem,2019,29.25936508178711
yem,2020,30.30979347229004
yem,2021,31.63535690307617
yem,2022,33.10979461669922
yem,2023,34.57927322387695
yem,2024,36.14862823486328
yem,2025,37.6596565246582
zaf,1981,21.93051338195801
zaf,1982,22.69559669494629
zaf,1983,23.43490219116211
zaf,1984,24.20853424072266
zaf,1985,25.04315376281738
zaf,1986,26.04327201843262
zaf,1987,27.24676513671875
zaf,1988,28.94767189025879
zaf,1989,30.84419059753418
zaf,1990,32.56150054931641
zaf,1991,33.7169303894043
zaf,1992,35.48109817504883
zaf,1993,37.29077911376953
zaf,1994,39.08052062988281
zaf,1995,40.37179183959961
zaf,1996,41.44992446899414
zaf,1997,42.40601348876953
zaf,1998,43.00680160522461
zaf,1999,43.64978408813477
zaf,2000,44.14588165283203
zaf,2001,44.25741958618164
zaf,2002,44.74127578735352
zaf,2003,44.951416015625
zaf,2004,45.51449584960938
zaf,2005,45.89580535888672
zaf,2006,46.69994354248047
zaf,2007,47.54714202880859
zaf,2008,48.26015472412109
zaf,2009,48.72797775268555
zaf,2010,49.19626998901367
zaf,2011,49.90203475952148
zaf,2012,50.58080673217773
zaf,2013,51.06591033935547
zaf,2014,51.25583648681641
zaf,2015,51.54776763916016
zaf,2016,52.10797882080078
zaf,2017,52.82135009765625
zaf,2018,53.61079788208008
zaf,2019,54.50605773925781
zaf,2020,55.43415069580078
zaf,2021,56.30630493164063
zaf,2022,57.18400955200195
zaf,2023,58.13082885742188
zaf,2024,59.0928840637207
zaf,2025,59.87210464477539
zmb,1981,6.566178321838379
zmb,1982,6.926577568054199
zmb,1983,7.148777008056641
zmb,1984,7.299518585205078
zmb,1985,7.445191860198975
zmb,1986,7.732861042022705
zmb,1987,7.945281028747559
zmb,1988,8.236122131347656
zmb,1989,8.296323776245117
zmb,1990,8.360648155212402
zmb,1991,8.40015983581543
zmb,1992,8.674554824829102
zmb,1993,8.761624336242676
zmb,1994,8.916175842285156
zmb,1995,9.03947925567627
zmb,1996,9.295960426330566
zmb,1997,9.584383010864258
zmb,1998,9.981330871582031
zmb,1999,10.39500522613525
zmb,2000,10.87192630767822
zmb,2001,11.31987762451172
zmb,2002,11.82354068756104
zmb,2003,12.16122150421143
zmb,2004,12.63117408752441
zmb,2005,13.31089496612549
zmb,2006,14.24420166015625
zmb,2007,15.50784778594971
zmb,2008,16.51363563537598
zmb,2009,17.30156517028809
zmb,2010,18.10677528381348
zmb,2011,19.07956504821777
zmb,2012,20.3825511932373
zmb,2013,21.39962959289551
zmb,2014,22.16995620727539
zmb,2015,22.93014526367188
zmb,2016,23.64003753662109
zmb,2017,24.32407188415527
zmb,2018,24.80289268493652
zmb,2019,25.20595550537109
zmb,2020,25.55929183959961
zmb,2021,25.89719772338867
zmb,2022,26.23529815673828
zmb,2023,26.84747886657715
zmb,2024,27.57946395874023
zmb,2025,28.4467830657959
zwe,1981,7.339381217956543
zwe,1982,7.415444374084473
zwe,1983,7.512477874755859
zwe,1984,7.491866588592529
zwe,1985,7.658651351928711
zwe,1986,7.786727428436279
zwe,1987,7.981743335723877
zwe,1988,8.184889793395996
zwe,1989,8.42790412902832
zwe,1990,8.575583457946777
zwe,1991,8.67028522491455
zwe,1992,8.883700370788574
zwe,1993,8.962127685546875
zwe,1994,8.741070747375488
zwe,1995,8.282181739807129
zwe,1996,7.861104011535645
zwe,1997,7.597391605377197
zwe,1998,7.513858795166016
zwe,1999,7.617315769195557
zwe,2000,7.772259712219238
zwe,2001,7.8438401222229
zwe,2002,7.855778217315674
zwe,2003,7.88253116607666
zwe,2004,7.98762035369873
zwe,2005,8.12491226196289
zwe,2006,8.252534866333008
zwe,2007,8.351758003234863
zwe,2008,8.411491394042969
zwe,2009,8.298990249633789
zwe,2010,8.093002319335938
zwe,2011,7.768771171569824
zwe,2012,7.555142879486084
zwe,2013,7.33297872543335
zwe,2014,7.137335777282715
zwe,2015,6.944639682769775
zwe,2016,6.758376598358154
zwe,2017,6.517926216125488
zwe,2018,6.267334938049316
zwe,2019,6.058676242828369
zwe,2020,5.965748310089111
zwe,2021,5.984335422515869
zwe,2022,6.074352741241455
zwe,2023,6.194104194641113
zwe,2024,6.251481056213379
zwe,2025,6.352632999420166
