country,year,rofst_1_gpia_cp
abw,1999,0.9173399806022644
abw,2000,1.259989976882935
afg,1974,1.407080054283142
afg,1993,1.362679958343506
ago,1982,1.079920053482056
ago,1983,1.099679946899414
ago,1998,1.124269962310791
ago,2008,1.692190051078796
ago,2009,1.644989967346191
ago,2010,1.762869954109192
ago,2011,1.911419987678528
aia,2002,1.390580058097839
aia,2005,0.5803400278091431
alb,2003,1.958940029144287
alb,2004,1.219789981842041
alb,2008,0.9144799709320068
alb,2009,1.036710023880005
alb,2010,0.92180997133255
alb,2011,0.952970027923584
alb,2012,0.9155399799346924
alb,2013,1.143090009689331
alb,2020,1.6875
alb,2021,1.499879956245422
alb,2022,1.466889977455139
alb,2023,1.427379965782166
and,2014,1.039800047874451
and,2015,1.05088996887207
and,2016,0.9331099987030028
and,2017,0.9044299721717834
and,2018,1.219059944152832
and,2019,1.337610006332397
and,2020,1.089130043983459
and,2021,1.198500037193298
and,2022,1.234230041503906
are,1978,0.5906199812889099
are,1980,0.6054800152778625
are,1981,0.6215999722480774
are,1982,0.5655099749565125
are,1983,0.7050600051879883
are,1984,0.7080000042915344
are,1985,0.7121000289916992
are,1986,0.7161099910736084
are,1987,0.5479199886322021
are,1988,0.5272499918937683
are,1989,0.4374899864196777
are,1990,0.2730700075626373
are,1991,0.2355799973011017
are,1992,0.5369399785995483
are,1993,0.4984900057315826
are,1994,0.507889986038208
are,1995,0.4579499959945679
are,1996,0.5045599937438965
are,1997,0.4167599976062775
are,1998,0.0965399965643883
are,2005,1.646669983863831
are,2006,1.099799990653992
are,2018,1.188830018043518
are,2019,0.8410699963569641
are,2021,1.351480007171631
are,2022,1.247249960899353
are,2023,0.5132899880409241
arg,1970,0.7523199915885925
arg,1974,0.9569500088691713
arg,1975,0.9499800205230712
arg,1991,0.7185699939727783
arm,2002,1.428640007972717
arm,2003,1.522699952125549
arm,2005,1.391479969024658
arm,2006,1.569090008735657
arm,2011,1.521739959716797
arm,2012,1.467689990997314
arm,2013,1.425480008125305
arm,2014,1.322070002555847
arm,2015,1.31453001499176
arm,2016,1.335049986839294
arm,2017,1.352499961853027
arm,2018,1.241610050201416
arm,2019,1.174669981002808
arm,2020,1.175729990005493
arm,2021,1.316190004348755
arm,2022,1.472630023956299
arm,2023,1.597759962081909
atg,2013,0.0665430537023238
atg,2014,1.269801440104735
aus,1971,0.94336998462677
aus,1973,0.8366400003433228
aus,1974,0.8034899830818176
aus,1975,0.7533699870109558
aus,1976,0.7042499780654907
aus,1979,1.187080025672913
aus,1980,1.075299978256226
aus,1981,1.154600024223328
aus,1982,1.048050045967102
aus,1983,1.150799989700317
aus,1984,1.056560039520264
aus,1985,0.9322500228881836
aus,1986,0.8704599738121033
aus,1987,0.8190799951553345
aus,1988,0.7633299827575684
aus,1989,0.7279099822044373
aus,1990,0.7466700077056885
aus,1991,0.7559599876403809
aus,1992,0.771340012550354
aus,1993,0.8144599795341492
aus,1994,0.8336499929428101
aus,1995,0.9117100238800048
aus,1996,0.9256899952888488
aus,1997,0.9368600249290466
aus,1998,0.8933799862861633
aus,1999,0.8961899876594543
aus,2000,0.8903700113296509
aus,2001,0.1160100027918816
aus,2003,0.5982800126075745
aus,2004,0.5270400047302246
aus,2005,0.2763499915599823
aus,2006,0.2709099948406219
aus,2011,0.7730000019073486
aus,2012,0.712689995765686
aus,2018,0.4129199981689453
aus,2019,0.3449999988079071
aus,2020,0.6608200073242188
aus,2021,0.4836100041866302
aus,2022,0.4746499955654144
aus,2023,0.3255800008773804
aut,1989,0.9279000163078308
aut,1999,1.285400032997131
aut,2000,1.090129971504211
aut,2001,1.078539967536926
aut,2002,1.019549965858459
aut,2003,0.9904500246047974
aut,2004,0.7465100288391113
aut,2005,0.7821000218391418
aut,2006,1.224499940872192
aut,2007,1.295040011405945
aut,2008,1.163409948348999
aut,2009,0.956250011920929
aut,2010,1.132269978523254
aut,2011,0.9401400089263916
aut,2012,1.135969996452332
aut,2013,1.242949962615967
aut,2014,1.242630004882813
aut,2015,1.075350046157837
aut,2016,1.075530052185059
aut,2017,1.236039996147156
aut,2018,1.202039957046509
aut,2019,1.236590027809143
aut,2020,1.171249985694885
aut,2021,1.245779991149902
aut,2022,1.107290029525757
aut,2023,1.087720036506653
aze,2000,1.073009967803955
aze,2001,1.122179985046387
aze,2002,1.168059945106506
aze,2003,1.321050047874451
aze,2004,1.237370014190674
aze,2005,1.322559952735901
aze,2006,1.37677001953125
aze,2007,1.063079953193665
aze,2008,1.05961000919342
aze,2009,1.129140019416809
aze,2010,1.107710003852844
aze,2011,1.225499987602234
aze,2012,1.2603600025177
aze,2013,1.98062002658844
aze,2017,0.4447300136089325
aze,2018,1.090479969978333
aze,2019,0.7229899764060974
aze,2020,0.7336099743843079
aze,2021,1.094239950180054
aze,2022,1.199779987335205
aze,2023,1.420259952545166
bdi,1973,1.108569979667664
bdi,1978,1.071339964866638
bdi,1980,1.074910044670105
bdi,1981,1.082380056381226
bdi,1982,1.109109997749329
bdi,1983,1.134879946708679
bdi,1984,1.148929953575134
bdi,1985,1.157969951629639
bdi,1986,1.152819991111755
bdi,1987,1.155609965324402
bdi,1988,1.134369969367981
bdi,1993,1.123639941215515
bdi,2000,1.122499942779541
bdi,2001,1.175709962844849
bdi,2002,1.193480014801025
bdi,2003,1.192149996757507
bdi,2004,1.133010029792786
bdi,2005,1.131669998168945
bdi,2006,1.106780052185059
bdi,2007,1.116549968719482
bdi,2008,1.115190029144287
bdi,2009,0.8510000109672546
bdi,2010,0.6849300265312195
bdi,2011,0.5672500133514404
bdi,2012,0.6423100233078003
bdi,2014,0.673009991645813
bdi,2015,0.7526800036430359
bdi,2016,0.7804700136184692
bdi,2017,0.8550500273704529
bdi,2018,0.8928099870681763
bdi,2019,0.8878600001335144
bdi,2020,0.8817800283432007
bel,1977,0.9924600124359132
bel,1979,0.815530002117157
bel,1980,0.773360013961792
bel,1981,0.7342100143432617
bel,1982,0.7987899780273438
bel,1983,0.7276600003242493
bel,1984,0.7259299755096436
bel,1985,0.7615600228309631
bel,1986,0.7552499771118164
bel,1987,0.730679988861084
bel,1988,0.7350800037384033
bel,1991,0.6638000011444092
bel,1992,0.7302899956703186
bel,1993,0.9205999970436096
bel,1994,0.9648600220680236
bel,1995,1.057330012321472
bel,1996,1.085639953613281
bel,1999,1.266330003738403
bel,2000,1.01268994808197
bel,2004,0.7196499705314636
bel,2005,0.6128000020980835
bel,2006,0.8604900240898132
bel,2007,0.8798400163650513
bel,2008,0.96152001619339
bel,2009,0.9756699800491332
bel,2010,0.993269979953766
bel,2011,0.9996600151062012
bel,2012,1.010890007019043
bel,2013,1.033640027046204
bel,2014,1.043310046195984
bel,2015,1.031239986419678
bel,2016,1.018100023269653
bel,2017,0.9955400228500366
bel,2018,0.9843199849128724
bel,2019,0.9913600087165833
bel,2020,1.019180059432983
bel,2021,1.010640025138855
bel,2022,1.039680004119873
ben,1984,1.450160026550293
ben,1985,1.458690047264099
ben,1986,1.425740003585815
ben,1988,1.413650035858154
ben,1989,1.414499998092651
ben,1990,1.301620006561279
ben,1992,1.420510053634644
ben,1993,1.460600018501282
ben,1994,1.444939970970154
ben,1995,1.459689974784851
ben,1996,1.465579986572266
ben,1997,1.486299991607666
ben,2006,1.558419942855835
ben,2008,1.553120017051697
ben,2009,1.719339966773987
ben,2010,1.745929956436157
ben,2011,1.811759948730469
ben,2017,1.572980046272278
ben,2018,1.419530034065247
ben,2019,1.330809950828552
ben,2020,1.302360057830811
ben,2021,1.386690020561218
ben,2022,1.449560046195984
bfa,1971,1.060070037841797
bfa,1972,1.05952000617981
bfa,1977,1.073600053787231
bfa,1978,1.076939940452576
bfa,1979,1.079089999198914
bfa,1980,1.081169962882996
bfa,1981,1.088559985160828
bfa,1982,1.099410057067871
bfa,1983,1.102839946746826
bfa,1984,1.114789962768555
bfa,1985,1.129179954528809
bfa,1986,1.1389000415802
bfa,1987,1.152099967002869
bfa,1988,1.151870012283325
bfa,1989,1.148270010948181
bfa,1991,1.140769958496094
bfa,1992,1.141999959945679
bfa,1993,1.145760059356689
bfa,1994,1.153220057487488
bfa,1995,1.163720011711121
bfa,1998,1.171200037002563
bfa,1999,1.168699979782104
bfa,2000,1.170070052146912
bfa,2001,1.16975998878479
bfa,2002,1.154940009117126
bfa,2003,1.161270022392273
bfa,2004,1.158900022506714
bfa,2005,1.173050045967102
bfa,2006,1.178820013999939
bfa,2007,1.194339990615845
bfa,2008,1.202720046043396
bfa,2009,1.193689942359924
bfa,2010,1.121170043945313
bfa,2011,1.116700053215027
bfa,2012,1.098889946937561
bfa,2013,1.080999970436096
bfa,2014,1.08390998840332
bfa,2015,1.08144998550415
bfa,2016,1.088080048561096
bfa,2017,1.077810049057007
bfa,2018,1.081159949302673
bfa,2019,1.053339958190918
bfa,2020,1.015120029449463
bfa,2021,0.9956700205802916
bfa,2022,0.9812999963760376
bfa,2023,0.9729899764060974
bgd,1970,1.472759962081909
bgd,1973,1.781409978866577
bgd,1976,1.930609941482544
bgd,1977,1.70372998714447
bgd,1978,1.664600014686584
bgd,1981,1.437710046768188
bgd,1983,1.494979977607727
bgd,1984,1.373409986495972
bgd,1985,1.366060018539429
bgd,1986,1.356289982795715
bgd,1987,1.351850032806396
bgd,1988,1.310870051383972
bgd,1989,1.300930023193359
bgd,1990,1.277819991111755
bgd,2005,0.5184699892997742
bgd,2006,0.4884600043296814
bgd,2008,0.8942400217056274
bgd,2009,0.5889400243759155
bgd,2010,0.384579986333847
bgd,2017,0.1167729171329621
bgd,2018,0.5566849815789259
bgr,1996,1.444759964942932
bgr,1997,1.325670003890991
bgr,2000,1.655369997024536
bgr,2001,1.562360048294067
bgr,2009,0.7349100112915039
bgr,2010,0.7941799759864807
bgr,2011,0.73471999168396
bgr,2012,0.9194599986076356
bgr,2013,0.8845700025558472
bgr,2014,0.6926299929618835
bgr,2015,0.7184200286865234
bgr,2016,0.7973700165748596
bgr,2017,0.7937800288200378
bgr,2018,0.8794599771499634
bgr,2019,0.9850000143051147
bgr,2020,0.9828100204467772
bgr,2021,0.9995099902153016
bgr,2022,0.9813299775123596
bgr,2023,0.9421200156211852
bhr,1971,1.21136999130249
bhr,1972,1.141029953956604
bhr,1973,1.097270011901855
bhr,1974,1.188439965248108
bhr,1975,1.256450057029724
bhr,1976,1.279289960861206
bhr,1977,1.380220055580139
bhr,1978,1.363929986953735
bhr,1979,1.331019997596741
bhr,1980,1.272070050239563
bhr,1981,1.200919985771179
bhr,1982,1.229830026626587
bhr,1983,1.195970058441162
bhr,1984,1.110569953918457
bhr,1985,0.9589999914169312
bhr,1986,0.9830399751663208
bhr,1987,0.733739972114563
bhr,1988,0.7253999710083008
bhr,1989,0.7442499995231628
bhr,1991,0.8556900024414062
bhr,1992,0.930970013141632
bhr,1993,0.955739974975586
bhr,1994,0.884630024433136
bhr,1995,0.8023800253868103
bhr,1996,0.7698799967765808
bhr,1997,0.6861000061035156
bhr,1998,0.439300000667572
bhr,1999,0.2916800081729889
bhr,2000,0.4100799858570099
bhr,2001,0.5662599802017212
bhr,2002,0.8198099732398987
bhr,2003,0.8610900044441223
bhr,2004,0.9380699992179872
bhr,2005,1.019629955291748
bhr,2006,0.8278999924659729
bhr,2011,0.8000199794769287
bhr,2012,0.0355099998414516
bhr,2015,0.5305100083351135
bhr,2016,0.5611100196838379
bhr,2017,0.5523899793624878
bhr,2018,0.744700014591217
bhr,2019,0.7641699910163879
bhr,2022,0.8022099733352661
bhr,2023,0.8316599726676941
bhs,1976,0.7503700256347656
bhs,1977,0.6562299728393555
bhs,1980,0.5616300106048584
bhs,1993,0.0905200019478798
bhs,1999,1.059980034828186
bhs,2004,0.9053300023078918
bhs,2005,0.839739978313446
bhs,2006,0.8616600036621094
bhs,2007,0.8121899962425232
bhs,2008,0.9117900133132936
bhs,2009,0.5997300148010254
bhs,2010,0.7349799871444702
bhs,2012,0.4341599941253662
bhs,2023,0.9943000078201294
bih,2009,0.8540700078010559
bih,2010,0.8230900168418884
bih,2011,0.8682900071144104
bih,2012,0.8894000053405762
bih,2013,0.8614199757575989
bih,2014,0.8250300288200378
bih,2015,0.7688300013542175
bih,2016,0.7226300239562988
bih,2017,0.3712399899959564
bih,2020,0.3144800066947937
bih,2021,0.0867300033569336
bih,2022,0.2599399983882904
bih,2023,0.360729992389679
blr,1995,1.245740056037903
blr,2013,0.6156700253486633
blr,2014,1.56167995929718
blr,2015,0.9172499775886536
blr,2016,1.30033004283905
blr,2017,1.391829967498779
blr,2018,1.313120007514954
blr,2019,1.3264399766922
blr,2020,1.296769976615906
blr,2021,1.228790044784546
blr,2022,1.496299982070923
blr,2023,1.383700013160706
blz,1999,0.5027300119400024
blz,2000,0.5667999982833862
blz,2001,0.4101099967956543
blz,2008,1.020670056343079
blz,2009,0.8553900122642517
blz,2010,0.5145099759101868
blz,2011,1.358180046081543
blz,2021,0.7327200174331665
blz,2022,0.8890699744224548
blz,2023,0.8456900119781494
bmu,1978,0.8060299754142761
bmu,1979,0.8217099905014038
bmu,2012,0.4221000075340271
bol,2009,0.7595700025558472
bol,2010,0.9007200002670288
bol,2011,0.9304699897766112
bol,2012,1.005650043487549
bol,2013,1.054929971694946
bol,2014,1.065819978713989
bol,2015,1.059929966926575
bol,2016,1.038429975509644
bol,2017,1.043460011482239
bol,2018,1.031710028648376
bol,2019,0.9980000257492064
bol,2020,0.9274899959564208
bol,2021,0.9033300280570984
bol,2022,0.8680400252342224
bol,2023,0.8995100259780884
bra,2012,0.8485299944877625
bra,2013,1.057209968566895
bra,2014,1.156430006027222
bra,2015,0.9883599877357484
bra,2016,0.95183002948761
bra,2017,0.7664600014686584
bra,2018,0.8260599970817566
bra,2019,0.9442600011825562
bra,2020,1.311229944229126
bra,2021,1.147289991378784
bra,2022,0.8706300258636475
brb,1971,1.107339978218079
brb,1972,1.281059980392456
brb,1973,1.222659945487976
brb,1976,0.9384999871253968
brb,1977,0.9041100144386292
brb,1978,0.8267499804496765
brb,1979,0.6728000044822693
brb,1989,1.406049966812134
brb,1990,1.518540024757385
brb,1992,1.2186199426651
brb,2005,1.1007000207901
brb,2006,1.577579975128174
brb,2007,0.7210500240325928
brb,2008,0.9162600040435792
brb,2009,0.7851300239562988
brb,2010,0.9300100207328796
brb,2011,1.698740005493164
brb,2014,1.102409958839417
brb,2015,1.039170026779175
brb,2016,0.8062000274658203
brb,2017,1.085479974746704
brb,2018,1.044280052185059
brb,2019,1.159170031547546
brb,2020,1.110470056533813
brb,2021,1.093989968299866
brb,2022,1.064020037651062
brb,2023,1.060870051383972
brn,1977,0.4643799960613251
brn,1978,0.3541800081729889
brn,1979,0.6852399706840515
brn,1980,0.6851199865341187
brn,1981,0.6945599913597107
brn,1982,0.7143700122833252
brn,1983,0.6488199830055237
brn,1984,0.591729998588562
brn,1986,0.5435799956321716
brn,1991,0.4565100073814392
brn,1992,0.3420200049877167
brn,1993,0.0580499991774559
brn,1994,0.2034900039434433
btn,1978,1.198770046234131
btn,1979,1.212900042533875
btn,1998,1.138689994812012
btn,1999,1.125789999961853
btn,2000,1.110249996185303
btn,2001,1.092170000076294
btn,2005,0.8891699910163879
btn,2006,0.8179200291633606
btn,2008,0.6239200234413147
btn,2009,0.452569991350174
btn,2010,0.3416300117969513
btn,2011,0.364980012178421
btn,2012,0.362199991941452
btn,2013,0.4939000010490417
btn,2015,0.5566400289535522
btn,2016,0.581030011177063
btn,2017,0.5868399739265442
btn,2018,0.4598599970340729
btn,2020,0.0838499963283539
btn,2021,0.5914158629698617
btn,2022,0.3428640507191897
btn,2024,0.4697858072084098
bwa,1970,0.8516700267791748
bwa,1971,0.8579599857330322
bwa,1972,0.8353999853134155
bwa,1973,0.8084400296211243
bwa,1974,0.7838699817657471
bwa,1975,0.7107300162315369
bwa,1976,0.6563400030136108
bwa,1977,0.5958600044250488
bwa,1978,0.5858100056648254
bwa,1979,0.5864899754524231
bwa,1980,0.5225899815559387
bwa,1981,0.3895300030708313
bwa,1983,0.3026799857616425
bwa,1984,0.3392199873924255
bwa,1985,0.3062100112438202
bwa,1986,0.4020900130271912
bwa,1987,0.4519400000572205
bwa,1988,0.4672299921512604
bwa,1989,0.4884699881076813
bwa,1990,0.485619992017746
bwa,1991,0.3990699946880341
bwa,1992,0.5456799864768982
bwa,1993,0.6477599740028381
bwa,1994,0.6871299743652344
bwa,1995,0.8301699757575989
bwa,1996,0.8275899887084961
bwa,1998,0.7771700024604797
bwa,1999,0.8021399974822998
bwa,2000,0.7858999967575073
bwa,2001,0.7700200080871582
bwa,2002,0.7880300283432007
bwa,2003,0.7611299753189087
bwa,2004,0.9594799876213074
bwa,2005,0.7269899845123291
bwa,2006,0.7838600277900696
bwa,2007,0.8038600087165833
bwa,2008,0.8170099854469299
bwa,2009,0.8696399927139282
bwa,2012,0.8136838931143373
bwa,2013,0.8774737184600969
bwa,2014,0.9212700128555298
bwa,2015,0.9023246157336684
bwa,2017,0.8615200629436948
caf,1971,1.353340029716492
caf,1972,1.373309969902039
caf,1973,1.377150058746338
caf,1977,1.305279970169067
caf,1978,1.314429998397827
caf,1981,1.38470995426178
caf,1982,1.438979983329773
caf,1983,1.537179946899414
caf,1986,1.488569974899292
caf,1987,1.369680047035217
caf,1988,1.332389950752258
caf,1989,1.320029973983765
caf,1990,1.419610023498535
caf,1991,1.338899970054626
caf,2005,1.195649981498718
caf,2006,1.201979994773865
caf,2007,1.265599966049194
caf,2008,1.320250034332275
caf,2009,1.326689958572388
caf,2010,1.349220037460327
caf,2011,1.302099943161011
caf,2012,1.290770053863525
can,1982,1.033159971237183
can,1983,1.130239963531494
can,1984,1.174890041351318
can,1985,1.138479948043823
can,1986,1.086650013923645
can,1987,1.074120044708252
can,1988,1.046380043029785
can,1989,1.213899970054626
can,1990,0.8659999966621399
can,1991,1.111269950866699
can,1992,1.156620025634766
can,1993,1.238770008087158
can,1994,1.34128999710083
can,1995,1.197669982910156
can,1996,1.208230018615723
can,1998,1.038249969482422
can,1999,0.9832599759101868
can,2000,0.7960100173950195
can,2012,0.4170799851417542
can,2013,0.9238399863243104
can,2014,1.243199944496155
can,2016,1.601629972457886
can,2017,1.5451899766922
can,2018,1.333789944648743
can,2019,1.046280026435852
can,2020,0.9690099954605104
can,2021,0.944249987602234
can,2022,0.9414499998092652
che,1977,0.916890025138855
che,1978,0.9076899886131288
che,1981,0.9386799931526184
che,1982,0.9488300085067748
che,1983,0.9337199926376344
che,1984,0.9428399801254272
che,1985,0.9465699791908264
che,1986,0.9467300176620485
che,1987,0.9433000087738036
che,1988,0.9451900124549866
che,1989,0.954609990119934
che,1990,0.9470000267028807
che,1991,0.9445300102233888
che,1992,0.9281600117683412
che,1993,0.9172000288963318
che,1994,0.910319983959198
che,1995,1.068259954452515
che,1996,1.029430031776428
che,2011,1.012009978294373
che,2012,0.9571700096130372
che,2015,0.6173800230026245
che,2016,0.7984200119972229
che,2017,0.8860999941825867
che,2018,0.5784599781036377
che,2019,0.4584400057792664
che,2020,0.6107100248336792
che,2021,0.5719599723815918
che,2022,0.7736799716949463
chl,2007,1.238340020179749
chl,2008,1.296290040016174
chl,2009,1.125360012054443
chl,2010,1.100069999694824
chl,2011,1.141080021858215
chl,2012,1.131219983100891
chl,2013,1.126700043678284
chl,2014,1.161939978599548
chl,2015,1.193840026855469
chl,2016,1.184880018234253
chl,2017,1.210819959640503
chl,2018,1.26774001121521
chl,2019,1.360229969024658
chl,2020,1.390100002288818
chl,2021,1.413859963417053
chl,2022,1.688480019569397
chl,2023,1.794020056724548
chn,1989,1.845010042190552
chn,1990,1.54052996635437
chn,1991,1.456380009651184
chn,1992,1.367910027503967
chn,1993,1.316750049591064
chn,1994,1.262449979782104
chn,1995,1.198240041732788
chn,1996,1.114670038223267
chn,1997,0.9859300255775452
civ,1977,1.336869955062866
civ,1996,1.237220048904419
civ,1997,1.243890047073364
civ,1999,1.248960018157959
civ,2000,1.260329961776733
civ,2001,1.276239991188049
civ,2002,1.300660014152527
civ,2003,1.194149971008301
civ,2009,1.15650999546051
civ,2013,1.048329949378967
civ,2014,1.13864004611969
civ,2015,1.158010005950928
civ,2016,1.19570004940033
civ,2017,1.151250004768372
civ,2018,1.172940015792847
civ,2019,1.12663996219635
civ,2020,1.150930047035217
civ,2021,1.129259943962097
civ,2022,1.205870032310486
civ,2023,1.114189982414246
cmr,1971,1.371369957923889
cmr,1972,1.323950052261353
cmr,1973,1.309299945831299
cmr,1974,1.248870015144348
cmr,1975,1.324689984321594
cmr,1976,1.318719983100891
cmr,1977,1.286870002746582
cmr,1978,1.302749991416931
cmr,1979,1.294790029525757
cmr,1980,1.286800026893616
cmr,1988,1.354269981384277
cmr,1990,1.345849990844727
cmr,1991,1.316100001335144
cmr,2011,1.844759941101074
cmr,2017,1.882650017738342
cmr,2019,1.779629945755005
cod,1971,1.663820028305054
cod,1972,1.608489990234375
cod,1975,1.575139999389648
cod,1979,1.627159953117371
cod,1983,1.603410005569458
cod,1984,1.591359972953796
cod,1988,1.342020034790039
cod,1991,1.289469957351685
cod,1992,1.256710052490234
cod,1993,1.24101996421814
cod,1994,1.283200025558472
cod,1995,1.491580009460449
cod,1999,1.028970003128052
cog,1972,1.408609986305237
cog,1974,1.509549975395203
cog,1976,1.443779945373535
cog,1978,1.452119946479797
cog,1979,1.451359987258911
cog,1980,1.143079996109009
cog,1981,1.121410012245178
cog,1982,1.086910009384155
cog,1983,1.009950041770935
cog,1984,1.05542004108429
cog,2005,0.8367099761962891
cog,2006,1.115990042686462
cog,2010,1.216750025749207
cog,2012,0.5177500247955322
cog,2018,1.066759943962097
cog,2023,0.981320023536682
cok,1998,1.528769969940186
cok,1999,1.325240015983582
cok,2000,0.8673099875450134
cok,2013,0.9044899940490724
cok,2014,1.020769953727722
col,1986,0.9199699759483336
col,1991,0.6786199808120728
col,1999,0.7590100169181824
col,2000,1.568349957466125
col,2001,1.390849947929382
col,2002,1.377730011940002
col,2004,1.662170052528381
col,2012,1.011489987373352
col,2015,0.7932699918746948
col,2016,0.7900500297546387
col,2017,0.7727699875831604
col,2018,0.8151199817657471
col,2019,0.7964299917221069
col,2020,0.8290799856185913
col,2021,0.891979992389679
col,2022,0.8661500215530396
com,1987,1.350810050964355
com,1994,1.296280026435852
com,1999,1.18163001537323
com,2000,1.220639944076538
com,2007,1.140720009803772
com,2013,1.61556150513825
com,2014,1.266979960482146
com,2017,0.9150408509069814
com,2018,0.8896262380744538
com,2021,1.063764335762986
com,2023,1.204556102715514
cpv,1981,1.111930012702942
cpv,1982,1.086349964141846
cpv,1983,1.074740052223206
cpv,1984,0.979640007019043
cpv,1985,0.9923099875450134
cpv,1986,0.979040026664734
cpv,1987,0.9571400284767152
cpv,1988,0.9225599765777588
cpv,1990,1.099410057067871
cpv,1994,1.068899989128113
cpv,1998,0.5430899858474731
cpv,2000,0.3319999873638153
cpv,2001,0.5347800254821777
cpv,2002,0.4634099900722504
cpv,2003,0.5576900243759155
cpv,2004,0.579479992389679
cpv,2005,0.6415799856185913
cpv,2006,0.6484799981117249
cpv,2007,0.7381399869918823
cpv,2008,0.7896299958229065
cpv,2009,0.8309100270271301
cpv,2010,0.7867900133132935
cpv,2011,0.8160300254821777
cpv,2012,0.7214400172233582
cpv,2013,0.5885599851608276
cpv,2014,0.5801399946212769
cpv,2015,0.5259299874305725
cpv,2016,0.6333799958229065
cpv,2017,0.613070011138916
cpv,2018,0.5128300189971924
cpv,2019,0.4220899939537048
cpv,2020,0.5309799909591675
cpv,2021,0.473910003900528
cri,1970,1.059859991073608
cri,1972,1.042649984359741
cri,1973,1.079720020294189
cri,1975,0.8969600200653076
cri,1976,0.8436800241470337
cri,1978,0.9355800151824952
cri,1979,0.936460018157959
cri,1980,0.9213899970054626
cri,1981,0.9402400255203248
cri,1982,0.9312700033187866
cri,1985,0.9823200106620787
cri,1986,0.9570800065994264
cri,1987,0.9653400182724
cri,1989,0.97816002368927
cri,1990,0.951889991760254
cri,1991,0.9253100156784058
cri,2011,1.282709956169128
cri,2012,1.191230058670044
cri,2013,1.089699983596802
cri,2014,1.086859941482544
cri,2015,1.089030027389526
cri,2016,1.029060006141663
cri,2017,1.033990025520325
cri,2018,1.061599969863892
cri,2019,1.112939953804016
cri,2020,1.099709987640381
cri,2021,1.083279967308044
cri,2022,1.155329942703247
cri,2023,1.090829968452454
cub,1972,0.7394499778747559
cub,1973,0.6804800033569336
cub,1974,0.6096100211143494
cub,1979,0.8197600245475769
cub,1980,0.9753900170326232
cub,1981,0.8069599866867065
cub,1982,0.7561399936676025
cub,1983,0.7813299894332886
cub,1984,0.5314800143241882
cub,1985,0.8215699791908264
cub,1986,0.865119993686676
cub,1987,0.8547300100326538
cub,1988,0.9834200143814088
cub,1989,0.9545699954032898
cub,1990,0.7981600165367126
cub,1991,0.7806800007820129
cub,1992,0.60343998670578
cub,1993,0.6557199954986572
cub,1994,0.5820099711418152
cub,1995,0.5504500269889832
cub,1996,0.3498600125312805
cub,1997,0.2206200063228607
cub,2003,1.985090017318726
cub,2005,1.742200016975403
cub,2006,0.9441499710083008
cub,2007,1.897079944610596
cub,2008,1.368579983711243
cub,2009,1.512249946594238
cub,2010,1.579280018806458
cub,2011,1.479169964790344
cub,2012,1.517689943313599
cub,2014,1.335129976272583
cub,2015,1.39671003818512
cub,2016,1.395619988441467
cub,2017,1.407140016555786
cub,2018,1.46671998500824
cub,2019,1.412520051002502
cub,2020,1.445449948310852
cub,2021,1.124650001525879
cub,2022,0.8574600219726562
cub,2023,0.8610000014305115
cuw,2023,0.8680400252342224
cym,2002,1.506839990615845
cym,2004,1.436020016670227
cym,2005,1.091529965400696
cym,2006,1.381829977035522
cym,2008,1.114510059356689
cym,2011,1.798969984054565
cym,2013,1.495790004730225
cym,2016,1.368847736625515
cym,2017,1.408534977477294
cym,2018,1.072289943695068
cym,2019,1.156999945640564
cym,2020,1.176519989967346
cym,2021,1.169710040092468
cym,2022,1.5936199426651
cyp,2000,0.7104899883270264
cyp,2001,0.8230699896812439
cyp,2002,0.7235400080680847
cyp,2003,0.9000999927520752
cyp,2004,1.19720995426178
cyp,2005,0.9383400082588196
cyp,2006,1.114730000495911
cyp,2007,1.064599990844727
cyp,2012,1.020230054855347
cyp,2013,0.7714099884033203
cyp,2014,0.6906800270080566
cyp,2015,0.8225299715995789
cyp,2016,0.827709972858429
cyp,2017,0.775409996509552
cyp,2018,1.581850051879883
cze,2009,0.8700299859046936
cze,2010,0.8216699957847595
cze,2011,0.8370100259780884
cze,2012,0.4860599935054779
cze,2013,0.5172100067138672
cze,2014,0.8056300282478333
cze,2015,0.8840399980545044
cze,2016,0.9443600177764891
cze,2017,0.928250014781952
cze,2018,0.9117299914360046
cze,2019,0.9006400108337402
cze,2020,0.8914700150489807
deu,2002,0.8481699824333191
deu,2003,0.75586998462677
deu,2004,0.9797000288963318
deu,2005,0.945580005645752
deu,2006,0.8133400082588196
deu,2007,0.8598600029945374
deu,2008,0.9637200236320496
deu,2009,0.9244499802589417
deu,2010,1.05239999294281
deu,2011,0.7320500016212463
deu,2012,0.7742699980735779
deu,2013,0.8317999839782715
deu,2014,0.8406699895858765
deu,2015,0.7322700023651123
deu,2016,0.7257099747657776
deu,2017,0.589169979095459
deu,2018,0.5206300020217896
deu,2019,0.5804499983787537
deu,2020,0.6569600105285645
deu,2021,0.6663200259208679
deu,2022,0.6639000177383423
deu,2023,0.7252299785614014
dma,1975,1.347730040550232
dma,1976,1.387580037117004
dma,1977,1.051609992980957
dma,1979,0.6844800114631653
dma,1980,1.022410035133362
dma,1981,0.6499099731445312
dma,1982,1.153769969940186
dma,2006,1.309409976005554
dma,2007,1.469320058822632
dma,2008,1.455739974975586
dma,2009,1.455909967422485
dma,2014,0.8840100169181824
dma,2016,1.502670049667358
dma,2019,1.560179948806763
dma,2020,1.784749984741211
dma,2021,1.776419997215271
dma,2022,1.829010009765625
dma,2023,1.670519948005676
dnk,1981,1.009809970855713
dnk,1982,0.9879999756813048
dnk,1983,0.9988099932670592
dnk,1984,1.001829981803894
dnk,1985,0.4263800084590912
dnk,1986,1.333539962768555
dnk,1987,0.9872599840164183
dnk,1988,1.027400016784668
dnk,1990,0.974049985408783
dnk,1991,0.9859899878501892
dnk,1992,0.9978200197219848
dnk,1993,0.9676600098609924
dnk,1994,0.8293899893760681
dnk,1995,0.6355999708175659
dnk,1996,0.919920027256012
dnk,1998,0.7178599834442139
dnk,1999,1.509400010108948
dnk,2000,1.370489954948425
dnk,2001,1.055160045623779
dnk,2004,0.5847700238227844
dnk,2005,0.9342799782752992
dnk,2006,0.7697799801826477
dnk,2007,0.6135500073432922
dnk,2008,0.6506199836730957
dnk,2009,0.6858100295066833
dnk,2010,0.7401400208473206
dnk,2011,0.6480200290679932
dnk,2012,0.7315700054168701
dnk,2013,0.7853000164031982
dnk,2014,0.4776999950408936
dnk,2015,0.5625799894332886
dnk,2016,0.8882799744606018
dnk,2017,0.8083000183105469
dnk,2018,0.7771400213241577
dnk,2019,0.8775399923324585
dnk,2020,0.7085099816322327
dnk,2021,0.813289999961853
dnk,2022,0.8658999800682068
dnk,2023,0.8407400250434875
dom,1999,0.9521899819374084
dom,2000,0.918649971485138
dom,2002,1.543390035629272
dom,2003,1.424720048904419
dom,2004,0.8896499872207642
dom,2005,0.8760799765586853
dom,2006,0.8232600092887878
dom,2007,0.8505300283432007
dom,2008,0.8971099853515625
dom,2010,1.729239940643311
dom,2011,1.455690026283264
dom,2012,1.328780055046082
dom,2013,1.228809952735901
dom,2014,1.131860017776489
dom,2015,1.219339966773987
dom,2016,0.9629300236701964
dom,2017,0.951889991760254
dom,2018,0.9161700010299684
dom,2019,0.8355900049209595
dom,2020,0.7643300294876099
dom,2021,0.8670499920845032
dom,2022,0.8662300109863281
dom,2023,0.8476700186729431
dza,1973,1.517809987068176
dza,1974,1.626979947090149
dza,1975,1.71205997467041
dza,1976,1.672080039978027
dza,1977,1.5590900182724
dza,1978,1.54200005531311
dza,1979,1.514639973640442
dza,1980,1.525290012359619
dza,1981,1.52128005027771
dza,1982,1.510290026664734
dza,1983,1.500609993934631
dza,1984,1.562770009040833
dza,1985,1.599920034408569
dza,1986,1.652259945869446
dza,1987,1.717090010643005
dza,1988,1.777789950370789
dza,1989,1.802170038223267
dza,1990,1.76104998588562
dza,1991,1.767189979553223
dza,1992,1.747140049934387
dza,1993,1.608620047569275
dza,1994,1.52839994430542
dza,1995,1.481189966201782
dza,1996,1.392240047454834
dza,1997,1.302970051765442
dza,1999,1.101250052452087
dza,2000,0.983210027217865
dza,2001,0.8358500003814697
dza,2002,0.3320200145244598
dza,2006,0.7409999966621399
dza,2007,1.026980042457581
dza,2008,1.26216995716095
dza,2017,1.835330009460449
dza,2018,1.404279947280884
dza,2019,1.508409976959229
dza,2021,0.7238500118255615
dza,2022,0.5828400254249573
dza,2024,0.1512300074100494
ecu,1971,1.054659962654114
ecu,1973,1.075520038604736
ecu,1974,1.057260036468506
ecu,1975,1.019569993019104
ecu,1976,1.01774001121521
ecu,1977,1.040220022201538
ecu,1978,1.05525004863739
ecu,1979,1.11054003238678
ecu,1980,1.089359998703003
ecu,1994,0.9486799836158752
ecu,1995,0.9356300234794616
ecu,1996,0.9013400077819824
ecu,1997,0.8566300272941589
ecu,1998,0.7783200144767761
ecu,1999,0.759440004825592
ecu,2000,0.8659700155258179
ecu,2001,0.7979900240898132
ecu,2002,0.7602999806404114
ecu,2003,0.7228800058364868
ecu,2005,0.7799299955368042
ecu,2006,0.7157999873161316
ecu,2007,0.3671599924564362
ecu,2008,0.3823199868202209
ecu,2012,0.2578000128269196
ecu,2013,0.3013300001621246
ecu,2015,0.4107699990272522
ecu,2016,0.3781200051307678
ecu,2017,0.3044799864292145
ecu,2021,0.0546300001442432
ecu,2023,0.5080500245094299
egy,1971,1.558689951896667
egy,1972,1.570080041885376
egy,1973,1.570909976959229
egy,1978,1.532039999961853
egy,1994,1.510300040245056
egy,1997,1.483070015907288
egy,1999,1.235399961471558
egy,2000,1.204939961433411
egy,2001,1.159019947052002
egy,2002,1.115039944648743
egy,2003,1.097630023956299
egy,2004,1.051499962806702
egy,2012,1.060220003128052
egy,2014,1.052670001983643
egy,2016,1.029590010643005
egy,2017,1.009639978408813
egy,2018,0.9799399971961976
egy,2019,0.9548199772834778
egy,2020,0.9326300024986268
egy,2021,0.9312700033187866
egy,2023,0.9725499749183656
eri,1992,1.067360043525696
eri,1994,1.083289980888367
eri,1995,1.087689995765686
eri,1996,1.089140057563782
eri,1997,1.094130039215088
eri,1999,1.167819976806641
eri,2000,1.223530054092407
eri,2001,1.250090003013611
eri,2002,1.346420049667358
eri,2003,1.435760021209717
eri,2004,1.441949963569641
eri,2005,1.420330047607422
eri,2006,1.335620045661926
eri,2007,1.233369946479797
eri,2008,1.207450032234192
eri,2009,1.182379961013794
eri,2010,1.17519998550415
eri,2011,1.226969957351685
eri,2012,1.266350030899048
eri,2013,1.228909969329834
eri,2014,1.228070020675659
eri,2015,1.205049991607666
eri,2017,1.161090016365051
eri,2018,1.165850043296814
eri,2019,1.155798534405471
eri,2022,1.141950011253357
esp,1971,0.618399977684021
esp,1972,0.4948900043964386
esp,1973,0.5303500294685364
esp,1977,0.0744099989533424
esp,1978,0.7704300284385681
esp,1979,0.4306800067424774
esp,1999,0.8231899738311768
esp,2008,1.290130019187927
esp,2009,0.8025000095367432
esp,2010,0.8515999913215637
esp,2011,0.8543199896812439
esp,2012,0.888189971446991
esp,2013,0.9151999950408936
esp,2014,0.8980200290679932
esp,2015,0.9015899896621704
esp,2016,0.905139982700348
esp,2017,0.8995400071144104
esp,2018,0.9268900156021118
esp,2019,0.9457200169563292
esp,2020,0.9730799794197084
esp,2021,0.9991700053215028
esp,2022,1.026129961013794
esp,2023,1.057600021362305
est,1995,1.059949994087219
est,1996,1.054280042648315
est,1998,0.0634199976921082
est,2014,0.9733499884605408
est,2015,0.9526900053024292
est,2016,0.9464899897575378
est,2017,0.986020028591156
est,2018,0.9363399744033812
est,2019,0.9261800050735474
est,2020,0.9714499711990356
est,2021,0.9455599784851074
est,2022,0.960070013999939
est,2023,1.025179982185364
eth,1987,1.138039946556091
eth,1988,1.141289949417114
eth,1989,1.117480039596558
eth,1994,1.086580038070679
eth,1995,1.114490032196045
eth,1996,1.147750020027161
eth,1998,1.17779004573822
eth,1999,1.166319966316223
eth,2000,1.159759998321533
eth,2001,1.154979944229126
eth,2002,1.148949980735779
eth,2003,1.138560056686401
eth,2004,1.115409970283508
eth,2005,1.117959976196289
eth,2006,1.102200031280518
eth,2007,1.115260004997253
eth,2008,1.141340017318726
eth,2009,1.10178005695343
eth,2010,1.018600511543128
eth,2011,1.136209964752197
eth,2012,1.022701154640688
eth,2014,1.212176311139241
eth,2015,1.218656399664904
eth,2021,1.208809971809387
eth,2022,1.201195458123889
eth,2023,1.192503355735697
fin,1993,1.098680019378662
fin,1994,0.8957899808883667
fin,1995,0.8735700249671936
fin,1996,0.6186100244522095
fin,1997,1.123569965362549
fin,1998,1.518229961395264
fin,1999,1.452829957008362
fin,2000,1.513030052185059
fin,2001,1.074159979820251
fin,2002,1.111739993095398
fin,2003,1.170860052108765
fin,2004,1.201370000839233
fin,2005,1.050119996070862
fin,2006,0.8905900120735168
fin,2007,0.94309002161026
fin,2008,1.036059975624084
fin,2009,1.030799984931946
fin,2010,1.052899956703186
fin,2011,1.156399965286255
fin,2012,1.013059973716736
fin,2013,0.9225999712944032
fin,2014,0.8948900103569031
fin,2015,0.9571499824523926
fin,2016,0.9626500010490416
fin,2017,0.8943899869918823
fin,2018,0.8527799844741821
fin,2019,0.7541199922561646
fin,2020,0.7582899928092957
fin,2021,1.036700010299683
fin,2022,1.050179958343506
fin,2023,1.006109952926636
fji,1992,1.172539949417114
fji,1994,1.149469971656799
fji,1995,1.090970039367676
fji,1996,1.148939967155457
fji,1997,1.157899975776672
fji,1998,1.112990021705627
fji,1999,1.044999957084656
fji,2000,1.119729995727539
fji,2001,1.099300026893616
fji,2002,0.859529972076416
fji,2003,0.959779977798462
fji,2004,1.104339957237244
fji,2006,1.04475998878479
fji,2007,1.025060057640076
fji,2008,0.9781799912452698
fji,2009,1.065590023994446
fji,2011,1.050490021705627
fji,2012,1.045279979705811
fji,2013,1.068596980857118
fji,2014,1.197376395657563
fji,2015,1.426415017090595
fji,2016,1.833170056343079
fra,1971,0.7205299735069275
fra,1972,0.6693800091743469
fra,1977,1.92139995098114
fra,1979,0.8732799887657166
fra,1980,0.7648000121116638
fra,1982,0.8928899765014648
fra,1983,0.7503499984741211
fra,1985,0.9715800285339355
fra,1986,1.214159965515137
fra,1987,0.9605299830436708
fra,1988,0.8567600250244141
fra,1989,0.8544700145721436
fra,1990,1.110960006713867
fra,1991,1.044090032577515
fra,1992,1.074180006980896
fra,1993,1.181839942932129
fra,1995,1.719709992408752
fra,1996,1.569550037384033
fra,1997,0.8093400001525879
fra,2000,0.936330020427704
fra,2001,0.9263399839401244
fra,2002,0.912310004234314
fra,2003,0.9184399843215942
fra,2004,0.8794400095939636
fra,2008,0.8389599919319153
fra,2009,0.8478400111198425
fra,2010,1.056669950485229
fra,2011,0.1436399966478348
fra,2012,0.0176899991929531
fra,2013,0.3576000034809113
fra,2014,0.7619699835777283
fra,2015,0.741129994392395
fra,2016,0.0845199972391129
fsm,2014,1.331629991531372
fsm,2015,1.208320021629333
fsm,2016,1.402845694443061
fsm,2017,1.222955081112413
fsm,2018,0.2020082488759911
fsm,2019,0.8082358612640499
fsm,2020,0.9145319243150574
fsm,2021,0.8829370021766335
fsm,2022,0.900865597210356
fsm,2023,0.9159807393211812
fsm,2024,0.8874192303422593
gab,1975,1.314859986305237
gab,1997,1.094349980354309
gab,2019,0.9976195470515158
gbr,1971,1.167790055274963
gbr,1972,0.906440019607544
gbr,1973,0.82573002576828
gbr,1974,0.803600013256073
gbr,1975,0.7610200047492981
gbr,1976,0.7678200006484985
gbr,1977,0.779770016670227
gbr,1978,0.7965899705886841
gbr,1979,0.8126199841499329
gbr,1980,0.6228299736976624
gbr,1981,0.5964000225067139
gbr,1982,0.3420799970626831
gbr,1983,0.6414399743080139
gbr,1984,0.9285200238227844
gbr,1985,0.9306100010871888
gbr,1986,0.9663400053977966
gbr,1987,0.9250900149345398
gbr,1988,0.9095000028610228
gbr,1989,0.9521899819374084
gbr,1990,0.9777299761772156
gbr,1991,0.9817799925804138
gbr,1992,0.9912999868392944
gbr,2004,0.8352500200271606
gbr,2005,0.5750700235366821
gbr,2006,0.5611799955368042
gbr,2007,0.825219988822937
gbr,2008,1.43461000919342
gbr,2009,1.200289964675903
gbr,2010,1.230800032615662
gbr,2011,1.148390054702759
gbr,2012,0.9967300295829772
gbr,2013,1.023040056228638
gbr,2014,0.97816002368927
gbr,2015,0.9088900089263916
gbr,2016,0.8839100003242493
gbr,2017,0.8823599815368652
gbr,2018,0.7872999906539917
geo,1995,1.214709997177124
geo,1996,1.169059991836548
geo,1997,1.369359970092773
geo,2021,1.931589961051941
geo,2022,0.971459984779358
geo,2023,1.046669960021973
gha,1999,1.073930025100708
gha,2000,1.089370012283325
gha,2001,1.055660009384155
gha,2002,1.059440016746521
gha,2003,1.041579961776733
gha,2005,1.077559947967529
gha,2006,1.020480036735535
gha,2007,1.047270059585571
gha,2008,1.060209989547729
gha,2009,1.06401002407074
gha,2011,1.11421000957489
gha,2017,1.117930054664612
gha,2018,1.139960050582886
gha,2019,1.180520057678223
gha,2020,1.005779981613159
gha,2021,1.02318000793457
gib,1978,0.8494899868965149
gib,1979,0.8712999820709229
gib,1981,0.91975998878479
gib,1982,0.8890100121498108
gin,1984,1.195739984512329
gin,1985,1.234150052070618
gin,1986,1.210690021514893
gin,1987,1.197420001029968
gin,1988,1.20412003993988
gin,1989,1.201030015945435
gin,1990,1.194530010223389
gin,1991,1.203940033912659
gin,1998,1.25612998008728
gin,1999,1.2501300573349
gin,2000,1.232069969177246
gin,2001,1.23131000995636
gin,2002,1.273540019989014
gin,2003,1.275629997253418
gin,2004,1.278249979019165
gin,2005,1.264930009841919
gin,2006,1.250480055809021
gin,2007,1.256080031394958
gin,2008,1.252650022506714
gin,2009,1.26894998550415
gin,2010,1.354570031166077
gin,2011,1.362849950790405
gin,2012,1.364510059356689
gin,2013,1.40132999420166
gin,2014,1.46832001209259
gin,2015,1.414354788371587
gin,2016,1.512750029563904
gin,2018,1.554460689827751
gin,2019,1.524073185779615
gin,2020,1.593610048294067
gin,2021,1.422142862315916
gmb,1971,1.15516996383667
gmb,1972,1.148360013961792
gmb,1973,1.155050039291382
gmb,1974,1.15418004989624
gmb,1975,1.159620046615601
gmb,1976,1.172729969024658
gmb,1977,1.217829942703247
gmb,1978,1.240540027618408
gmb,1979,1.280419945716858
gmb,1980,1.313040018081665
gmb,1981,1.375290036201477
gmb,1982,1.401579976081848
gmb,1983,1.41445004940033
gmb,1984,1.388319969177246
gmb,1985,1.409250020980835
gmb,1986,1.389879941940308
gmb,1992,1.199339985847473
gmb,1993,1.206760048866272
gmb,1996,1.199620008468628
gmb,1998,1.159250020980835
gmb,1999,1.184239983558655
gmb,2000,1.129870057106018
gmb,2001,1.08856999874115
gmb,2002,1.08256995677948
gmb,2003,1.012889981269836
gmb,2004,0.9620699882507324
gmb,2005,0.9379199743270874
gmb,2006,0.929009974002838
gmb,2007,0.9142600297927856
gmb,2008,0.8937199711799622
gmb,2010,0.9946017974133436
gmb,2011,0.988837967026806
gmb,2012,0.9762638547707376
gmb,2013,0.8813454932405326
gmb,2014,0.8544696185090717
gmb,2015,0.8111799955368042
gmb,2016,0.7830324326068151
gmb,2017,0.7527529552623138
gmb,2018,0.7338829179380562
gmb,2019,0.6439926074676476
gmb,2020,0.5682695093552615
gmb,2021,0.5742328135117442
gmb,2022,0.5468076778968346
gmb,2023,0.533306592142023
gnb,1981,1.31673002243042
gnb,1982,1.442139983177185
gnb,1984,1.40599000453949
gnb,1985,1.401340007781982
gnb,1987,1.300079941749573
gnb,1988,1.296180009841919
gnb,2000,1.271759986877441
gnb,2010,1.070610046386719
gnq,1994,1.023859977722168
gnq,2000,1.201490044593811
gnq,2001,1.14726996421814
gnq,2002,1.153130054473877
gnq,2003,1.095589995384216
gnq,2008,0.9944800138473512
gnq,2009,0.984220027923584
gnq,2010,0.9768199920654296
gnq,2011,0.9711599946022034
gnq,2012,0.9722300171852112
gnq,2015,0.9873600006103516
grc,1971,1.2292799949646
grc,1972,1.113680005073547
grc,1973,1.103670001029968
grc,1974,1.147169947624207
grc,1975,1.195240020751953
grc,1976,1.063850045204163
grc,1977,0.9317100048065186
grc,1978,0.8278800249099731
grc,1979,0.8809400200843811
grc,1980,1.090800046920776
grc,1981,1.139559984207153
grc,1982,1.129469990730286
grc,1983,1.095420002937317
grc,1984,1.096740007400513
grc,1985,1.097120046615601
grc,1986,1.087090015411377
grc,1987,1.04830002784729
grc,1988,1.017619967460632
grc,1989,1.011639952659607
grc,1990,1.024569988250732
grc,1991,1.037050008773804
grc,1992,0.9825199842453004
grc,1993,1.007459998130798
grc,1994,1.023440003395081
grc,1995,0.7799999713897705
grc,1996,0.9506400227546692
grc,1997,1.002799987792969
grc,1998,1.05852997303009
grc,1999,1.057309985160828
grc,2002,1.20264995098114
grc,2003,1.246960043907166
grc,2004,1.64162003993988
grc,2005,1.587589979171753
grc,2006,1.387089967727661
grc,2007,1.396790027618408
grc,2010,1.577399969100952
grc,2011,1.556120038032532
grc,2012,1.402099967002869
grc,2013,1.408910036087036
grc,2014,1.269960045814514
grc,2015,1.416509985923767
grc,2016,1.602499961853027
grc,2017,1.408120036125183
grc,2018,1.208930015563965
grc,2019,1.141899943351746
grc,2020,1.082849979400635
grc,2021,1.058449983596802
grd,1972,0.8544800281524658
grd,1977,0.8822199702262878
grd,1978,0.982990026473999
grd,1979,0.9919099807739258
grd,1980,1.000859975814819
grd,1981,0.8214499950408936
grd,1982,0.8462899923324585
grd,1983,0.8227499723434448
grd,1984,0.6754299998283386
grd,2002,0.2967100143432617
grd,2005,0.436599999666214
grd,2021,1.759196999377401
gtm,1970,1.143829941749573
gtm,1971,1.154010057449341
gtm,1972,1.155200004577637
gtm,1974,1.146790027618408
gtm,1975,1.154420018196106
gtm,1978,1.163930058479309
gtm,1981,1.202550053596497
gtm,1982,1.153229951858521
gtm,1983,1.198869943618774
gtm,1997,1.219709992408752
gtm,1999,1.309080004692078
gtm,2000,1.30305004119873
gtm,2001,1.272340059280396
gtm,2002,1.285320043563843
gtm,2004,1.375
gtm,2005,1.405699968338013
gtm,2006,1.461230039596558
gtm,2007,1.491529941558838
gtm,2008,1.480340003967285
gtm,2011,1.29324996471405
gtm,2012,1.177870035171509
gtm,2013,1.136109948158264
gtm,2014,1.115810036659241
gtm,2015,1.119860053062439
gtm,2016,1.109369993209839
gtm,2017,1.111400008201599
gtm,2018,1.106330037117004
gtm,2019,1.106410026550293
gtm,2020,1.054119944572449
gtm,2021,1.034690022468567
gtm,2022,1.016070008277893
gtm,2023,1.007089972496033
guf,1996,0.3252399861812592
guy,1971,1.055590033531189
guy,1972,1.075960040092468
guy,1974,1.000370025634766
guy,1976,1.009060025215149
guy,1977,1.098899960517883
guy,1979,1.021919965744019
guy,1982,1.101840019226074
guy,1991,1.142789959907532
guy,1992,1.143190026283264
guy,1993,1.057330012321472
guy,1995,1.040860056877136
guy,1996,1.007750034332275
guy,2003,1.194470047950745
guy,2008,1.779999971389771
guy,2009,1.196329951286316
guy,2020,1.037660002708435
guy,2021,1.031890034675598
guy,2023,1.058230042457581
hkg,1971,1.334869980812073
hkg,1972,1.313210010528564
hkg,1973,1.253700017929077
hkg,1974,1.246430039405823
hkg,1975,1.250100016593933
hkg,1976,1.207559943199158
hkg,1977,1.188680052757263
hkg,1978,1.139700055122375
hkg,1979,1.123800039291382
hkg,1980,1.304690003395081
hkg,1981,1.290809988975525
hkg,1982,1.234670042991638
hkg,1983,1.235550045967102
hkg,1984,1.209370017051697
hkg,1985,1.186859965324402
hkg,1995,0.9684900045394896
hkg,1996,1.206850051879883
hkg,2001,1.0313800573349
hkg,2002,1.083699941635132
hkg,2003,1.444869995117188
hkg,2004,1.436010003089905
hkg,2005,1.640499949455261
hkg,2006,1.831609964370728
hkg,2007,1.541589975357056
hkg,2019,0.1990234197600732
hkg,2022,1.971769989382878
hnd,1979,0.9739699959754944
hnd,1980,0.978820025920868
hnd,1982,0.9957799911499025
hnd,1983,0.9031299948692322
hnd,1984,0.8617900013923645
hnd,1986,0.7183099985122681
hnd,1991,0.9010000228881836
hnd,1993,0.887440025806427
hnd,2000,0.8874199986457825
hnd,2003,0.8599500060081482
hnd,2004,0.7283700108528137
hnd,2005,0.813040018081665
hnd,2006,0.7520700097084045
hnd,2007,0.8710899949073792
hnd,2008,0.8260499835014343
hnd,2009,0.8564500212669373
hnd,2010,0.8413599729537964
hnd,2011,0.8819900155067444
hnd,2012,0.9049699902534484
hnd,2013,0.9148499965667723
hnd,2014,0.9393200278282166
hnd,2015,0.90938001871109
hnd,2016,0.9048699736595154
hnd,2017,0.9031400084495544
hnd,2018,0.899245054401861
hnd,2019,1.12214994430542
hnd,2020,0.8998600244522095
hnd,2021,0.8949599862098694
hnd,2022,0.903310000896454
hnd,2023,0.9178000092506408
hrv,1998,1.158259987831116
hrv,1999,1.402619957923889
hrv,2003,1.960520029067993
hrv,2009,0.9029200077056884
hti,1981,1.021340012550354
hti,1982,1.055920004844666
hti,1983,1.041739940643311
hti,1984,1.041120052337646
hti,1985,1.072759985923767
hti,1986,1.05485999584198
hti,1987,1.00560998916626
hti,1997,1.061020016670227
hun,1996,1.090829968452454
hun,1997,1.104060053825378
hun,1998,1.596580028533936
hun,1999,1.643049955368042
hun,2000,0.8527600169181824
hun,2001,0.8802499771118164
hun,2006,1.783990025520325
hun,2007,1.723850011825562
hun,2008,1.643779993057251
hun,2009,1.298210024833679
hun,2010,1.1389000415802
hun,2011,1.021770000457764
hun,2012,0.9645900130271912
hun,2013,1.027989983558655
hun,2014,1.013309955596924
hun,2015,1.007089972496033
hun,2016,1.034260034561157
hun,2017,1.102620005607605
hun,2018,1.081680059432983
hun,2019,1.076060056686401
hun,2020,1.066349983215332
hun,2021,1.025519967079163
hun,2022,0.9610400199890136
hun,2023,0.9538400173187256
idn,1971,1.305390000343323
idn,1972,1.312669992446899
idn,1974,1.401939988136292
idn,1975,1.308640003204346
idn,1976,1.318539977073669
idn,1978,1.469020009040833
idn,1981,1.620399951934814
idn,1987,1.905019998550415
idn,1989,1.868389964103699
idn,1990,1.542670011520386
idn,1991,1.420199990272522
idn,1992,1.391720056533813
idn,1993,1.298380017280579
idn,1994,1.360389947891235
idn,1995,1.369210004806519
idn,1996,1.123769998550415
idn,1997,1.10519003868103
idn,2001,0.8569999933242798
idn,2002,0.784820020198822
idn,2003,0.9627799987792968
idn,2004,1.021360039710999
idn,2005,1.21563994884491
idn,2006,1.320809960365295
idn,2007,1.734470009803772
idn,2008,1.307340025901794
idn,2009,1.889369964599609
idn,2013,0.851170003414154
idn,2014,1.394090056419373
idn,2016,1.575790047645569
idn,2017,1.530840039253235
idn,2018,1.386238499797387
ind,1971,1.494680047035217
ind,1990,1.70455002784729
ind,2002,1.637330055236816
ind,2003,1.340809941291809
ind,2009,0.1808200031518936
ind,2010,0.1989099979400635
ind,2011,0.1712599992752075
ind,2012,1.491999983787537
ind,2016,0.5687987990259898
ind,2017,0.7347906664068058
ind,2018,0.8009703257327475
ind,2019,0.8461979889979848
ind,2020,0.7619302806654598
ind,2021,0.7562624088802704
ind,2023,1.173128196818654
irl,1971,0.8542699813842773
irl,1972,0.9162099957466124
irl,1973,0.8799200057983398
irl,1974,0.8949499726295471
irl,1975,0.8634799718856812
irl,1976,0.9158300161361694
irl,1977,0.9443100094795228
irl,1978,0.9138399958610536
irl,1979,0.910979986190796
irl,1980,0.8941100239753723
irl,1981,0.8671900033950806
irl,1982,0.8857399821281433
irl,1983,0.8809300065040588
irl,1986,0.8468199968338013
irl,1987,0.8656100034713745
irl,1988,0.8718500137329102
irl,1989,0.8562800288200378
irl,1990,0.829479992389679
irl,1991,0.8185200095176697
irl,1992,0.855139970779419
irl,1993,0.8632299900054932
irl,1994,0.8794699907302856
irl,1995,0.8864700198173523
irl,1996,0.8621500134468079
irl,1998,0.6374800205230713
irl,1999,0.9812700152397156
irl,2001,0.0230000000447035
irn,1984,1.653650045394897
irn,1985,1.585610032081604
irn,1986,1.539430022239685
irn,1987,1.527680039405823
irn,1988,1.499379992485046
irn,1989,1.454599976539612
irn,1990,1.68478000164032
irn,1992,1.725450038909912
irn,1997,1.459220051765442
irn,1999,1.248679995536804
irn,2000,1.217470049858093
irn,2002,1.980010032653809
irn,2006,1.507840037345886
irn,2007,0.669510006904602
irn,2009,0.7162600159645081
irn,2010,0.733780026435852
irn,2011,0.7258300185203552
irn,2012,0.7107899785041809
irn,2014,0.8467900156974792
irn,2015,0.8891199827194214
irn,2016,0.9498000144958496
irn,2017,0.956659972667694
irn,2019,0.8141999840736389
irn,2020,0.7033100128173828
irq,1971,1.657240033149719
irq,1972,1.680619955062866
irq,1973,1.698500037193298
irq,1974,1.722790002822876
irq,1975,1.682700037956238
irq,1976,1.848309993743896
irq,1977,1.841619968414307
irq,1978,1.835989952087402
irq,1980,1.998170018196106
irq,1981,1.696799993515015
irq,1983,1.48678994178772
irq,1985,1.563120007514954
irq,1986,1.617130041122437
irq,1987,1.694409966468811
irq,1988,1.690379977226257
irq,1989,1.765069961547852
irq,1993,1.375990033149719
irq,1996,1.312309980392456
irq,1999,1.600200057029724
irq,2000,1.530670046806335
irq,2003,1.589800000190735
irq,2004,1.583699941635132
irq,2007,1.706509947776794
isl,1994,0.97298002243042
isl,1997,1.036790013313293
isl,1998,1.577110052108765
isl,1999,1.592640042304993
isl,2000,1.908169984817505
isl,2002,1.738190054893494
isl,2003,1.872869968414307
isl,2004,1.812549948692322
isl,2005,1.947049975395203
isl,2006,1.83132004737854
isl,2007,1.079620003700256
isl,2008,1.062229990959167
isl,2009,1.064210057258606
isl,2010,1.045060038566589
isl,2011,1.099979996681213
isl,2012,1.053230047225952
isl,2013,1.072389960289001
isl,2014,1.083549976348877
isl,2015,0.7466700077056885
isl,2016,0.7898499965667725
isl,2017,0.9048299789428712
isl,2018,1.197540044784546
isl,2019,0.8341599702835083
isl,2020,1.029459953308105
isl,2021,0.9059799909591676
isl,2022,1.083500027656555
isr,2000,1.166039943695068
isr,2001,1.044430017471313
isr,2002,1.062389969825745
isr,2003,1.058930039405823
isr,2004,1.044790029525757
isr,2005,1.019950032234192
isr,2006,0.9724699854850768
isr,2007,1.005139946937561
isr,2008,0.9660300016403198
isr,2009,1.082730054855347
isr,2010,1.088940024375916
isr,2011,1.073789954185486
isr,2012,1.054749965667725
isr,2013,1.151270031929016
isr,2014,1.059559941291809
isr,2015,1.085690021514893
isr,2016,0.9580600261688232
isr,2017,0.9829599857330322
isr,2018,0.9848700165748596
isr,2019,0.922879993915558
isr,2020,0.8946899771690369
isr,2021,0.9225199818611144
isr,2022,0.9050499796867372
ita,1976,0.6355699896812439
ita,1979,0.8045200109481812
ita,1985,0.7089499831199646
ita,2012,1.44992995262146
ita,2013,0.9527300000190736
ita,2014,1.013949990272522
ita,2015,1.040050029754639
ita,2016,1.067010045051575
ita,2017,1.138970017433167
ita,2018,1.182199954986572
ita,2019,1.174769997596741
ita,2020,1.165629982948303
ita,2021,1.068580031394958
ita,2022,1.064059972763062
ita,2023,1.097540020942688
jam,1976,0.4910300076007843
jam,1977,0.4669800102710724
jam,1980,0.1410000026226044
jam,1981,0.6520900130271912
jam,1983,0.2434300035238266
jam,1984,0.5588099956512451
jam,1985,0.7073799967765808
jam,1986,0.7231199741363525
jam,1987,1.207759976387024
jam,1988,0.8998500108718872
jam,1989,0.6279399991035461
jam,1990,0.7211099863052368
jam,1991,0.7322900295257568
jam,1993,1.058069944381714
jam,1999,0.9288399815559388
jam,2000,0.9633299708366394
jam,2001,0.9891399741172792
jam,2002,0.9908000230789183
jam,2003,0.9976599812507628
jam,2004,1.041249990463257
jam,2005,1.06902003288269
jam,2013,1.044913966705562
jam,2014,1.002706621658108
jam,2015,0.9690993100212288
jam,2016,0.9787219056143318
jam,2017,0.9911045223424578
jam,2018,0.9777066172968316
jam,2019,0.998599361737217
jam,2020,0.8789600133895874
jam,2021,1.051090002059937
jam,2022,1.228060007095337
jam,2023,0.9362000226974488
jor,1972,1.532379984855652
jor,1973,1.674630045890808
jor,1974,1.8505699634552
jor,1980,1.614699959754944
jor,1981,1.387249946594238
jor,1982,1.485960006713867
jor,1983,1.194900035858154
jor,1984,1.154229998588562
jor,1985,0.9038000106811525
jor,1999,0.9786199927330016
jor,2000,0.9671199917793274
jor,2002,0.8748999834060669
jor,2003,0.8101400136947632
jor,2004,0.7124099731445312
jor,2005,0.7848600149154663
jor,2006,0.7364199757575989
jor,2007,0.7927700281143188
jor,2008,0.8762000203132629
jor,2010,1.023079991340637
jor,2011,1.038689970970154
jor,2012,1.077319979667664
jor,2013,0.9873600006103516
jor,2016,1.014289975166321
jor,2017,1.125939965248108
jor,2018,1.37417995929718
jor,2019,1.382779955863953
jor,2020,1.360829949378967
jor,2021,1.234429955482483
jor,2022,1.278980016708374
jor,2023,0.743690013885498
jpn,1978,1.614169955253601
jpn,1979,1.04981005191803
jpn,1980,0.9483500123023988
jpn,1981,0.909160017967224
jpn,1982,0.8400300145149231
jpn,1983,0.6660900115966797
jpn,1984,0.0554100014269352
kaz,2000,1.47544002532959
kaz,2006,1.736940026283264
kaz,2007,1.385179996490479
kaz,2008,1.120180010795593
kaz,2009,1.015460014343262
kaz,2010,0.9807730245683816
kaz,2011,0.9901929647377212
kaz,2012,1.015712490179852
kaz,2013,0.9996620493975922
kaz,2014,1.023853278035771
kaz,2015,1.047316264727227
kaz,2016,1.024917912405568
kaz,2017,0.855681862174439
kaz,2018,0.7786953667601657
kaz,2019,0.761949615766142
kaz,2020,1.033488509032181
kaz,2021,1.084473414911529
kaz,2022,1.077116806732302
kaz,2023,1.24938603881277
kaz,2024,1.224549875036558
ken,1999,0.990779995918274
ken,2000,0.9609699845314026
ken,2001,0.9798399806022644
ken,2002,1.191370010375977
ken,2003,1.098629951477051
ken,2004,1.091899991035461
ken,2005,1.069550037384033
ken,2006,1.058570027351379
ken,2007,1.357789993286133
ken,2008,1.089990019798279
ken,2009,1.218690037727356
ken,2012,0.8461599946022034
kgz,1996,1.582249999046326
kgz,1999,1.779579997062683
kgz,2000,1.669739961624146
kgz,2001,1.740710020065308
kgz,2002,1.707200050354004
kgz,2003,1.641970038414001
kgz,2004,1.904780030250549
kgz,2005,1.646950006484985
kgz,2006,1.756109952926636
kgz,2007,1.43369996547699
kgz,2008,1.23537003993988
kgz,2009,1.078930020332336
kgz,2010,1.127751737971889
kgz,2011,1.066805556676443
kgz,2012,1.112954501790312
kgz,2013,1.137673451448669
kgz,2014,1.134519715062188
kgz,2015,1.163742413519717
kgz,2016,1.300306429412257
kgz,2017,1.170329848318771
kgz,2018,1.167180598169832
kgz,2019,1.216182949824543
kgz,2020,0.9209264583105224
kgz,2021,0.8232399927190861
kgz,2022,0.9062900835935344
kgz,2024,0.9756788987488466
khm,1997,1.610219955444336
khm,1998,1.517629981040955
khm,1999,1.502140045166016
khm,2000,1.682309985160828
khm,2003,1.654929995536804
khm,2006,1.235730051994324
khm,2007,1.535199999809265
khm,2008,1.407789945602417
khm,2010,1.046689987182617
khm,2012,1.656069993972778
khm,2014,1.053580045700073
khm,2015,0.6634500026702881
khm,2016,0.9925299882888794
khm,2017,1.072819948196411
khm,2018,1.049700021743774
khm,2019,1.047449946403503
khm,2020,1.090630054473877
khm,2021,0.9784283284329932
khm,2022,0.9051299453990214
khm,2023,1.137830569298139
kir,1979,0.8621600270271301
kir,1981,0.7661899924278259
kir,1982,0.4289099872112274
kir,1983,0.6267799735069275
kir,1984,0.7835299968719482
kir,1985,1.139230012893677
kir,1986,0.2794399857521057
kir,1987,0.9388999938964844
kir,1989,1.729769945144653
kir,1993,0.1975899934768677
kir,2022,1.441740036010742
kir,2023,1.336060047149658
kna,1985,1.791120052337646
kna,1986,1.480039954185486
kor,1971,1.16578996181488
kor,1972,1.102499961853027
kor,1973,1.084220051765442
kor,1974,1.0484299659729
kor,1975,0.8942899703979492
kor,1976,0.813730001449585
kor,1977,0.8288099765777588
kor,1978,0.8163800239562988
kor,1979,0.8024399876594543
kor,1980,0.7481600046157837
kor,1981,0.7000300288200378
kor,1982,0.4023500084877014
kor,1986,0.4321300089359283
kor,1987,0.5389599800109863
kor,1988,0.675320029258728
kor,1989,0.6477400064468384
kor,1990,0.4766199886798859
kor,1991,0.3398799896240234
kor,2000,0.661300003528595
kor,2001,0.7743200063705444
kor,2002,0.7200800180435181
kor,2003,0.6367300152778625
kor,2004,0.7500900030136108
kor,2005,0.5266900062561035
kor,2006,0.4132199883460999
kor,2007,0.2054300010204315
kor,2009,0.8787299990653992
kor,2011,1.089609980583191
kor,2012,1.114420056343079
kor,2013,1.081689953804016
kor,2014,1.070799946784973
kor,2015,1.2640700340271
kor,2016,1.021810054779053
kor,2017,1.060140013694763
kor,2018,1.030110001564026
kor,2019,1.074270009994507
kor,2020,1.088539958000183
kor,2021,1.117149949073792
kor,2022,1.171710014343262
kwt,1971,1.169450044631958
kwt,1972,1.065039992332458
kwt,1973,1.046200037002563
kwt,1974,1.076889991760254
kwt,1975,1.074699997901917
kwt,1976,1.036100029945374
kwt,1977,0.951889991760254
kwt,1978,1.199319958686829
kwt,1979,1.273990035057068
kwt,1980,1.115020036697388
kwt,1981,1.122699975967407
kwt,1982,1.181360006332397
kwt,1983,1.134490013122559
kwt,1984,1.058089971542358
kwt,1985,1.081169962882996
kwt,1986,1.004050016403198
kwt,1987,0.977649986743927
kwt,1988,0.9889299869537354
kwt,1992,1.029899954795837
kwt,1994,1.032899975776672
kwt,1996,1.003139972686768
kwt,1997,0.9859799742698668
kwt,1998,1.0137699842453
kwt,1999,1.049970030784607
kwt,2000,0.9527000188827516
kwt,2001,0.7804800271987915
kwt,2002,0.8617900013923645
kwt,2005,0.5120900273323059
kwt,2013,0.1017299965023994
lao,1992,1.171219944953918
lao,1993,1.20756995677948
lao,1994,1.237560033798218
lao,1996,1.210690021514893
lao,1997,1.217869997024536
lao,1998,1.246099948883057
lao,1999,1.232800006866455
lao,2000,1.238809943199158
lao,2001,1.223140001296997
lao,2002,1.237759947776794
lao,2003,1.259909987449646
lao,2004,1.222409963607788
lao,2005,1.212679982185364
lao,2006,1.225559949874878
lao,2007,1.236500024795532
lao,2008,1.236389994621277
lao,2009,1.216660022735596
lao,2010,1.33490002155304
lao,2011,1.286181662224625
lao,2012,1.307376923464179
lao,2013,1.394601566383373
lao,2014,1.427952219512981
lao,2015,1.315879306759694
lao,2016,1.351717218100324
lao,2017,1.256383868933887
lao,2018,1.25603378119235
lao,2019,1.257323398003005
lao,2020,1.207374288526282
lao,2021,1.176103359651405
lao,2022,1.089331944999163
lao,2023,1.069182808623771
lao,2024,1.036042793046816
lbn,1974,1.287410020828247
lbn,1997,1.039499998092651
lbn,1998,0.9961299896240234
lbn,2023,1.009160041809082
lbr,1999,1.192389965057373
lbr,2008,1.053570032119751
lbr,2011,1.086834266154403
lbr,2014,1.221449971199036
lbr,2016,1.031274381108779
lbr,2017,1.019213486423679
lbr,2020,0.8984000086784363
lbr,2021,1.002168136281304
lbr,2022,0.9513519049107558
lby,1971,1.504480004310608
lby,1972,1.536589980125427
lby,1973,1.519340038299561
lby,1974,1.597339987754822
lby,1975,1.663959980010986
lby,1976,1.832739949226379
lby,1977,1.79899001121521
lby,1978,1.550439953804016
lby,1981,1.566490054130554
lby,1983,1.2014399766922
lca,1981,0.1247100010514259
lca,1982,0.265529990196228
lca,1990,1.085809946060181
lca,2000,1.061759948730469
lca,2001,1.250020027160645
lca,2002,0.2018499970436096
lca,2003,0.9310899972915648
lca,2004,1.111320018768311
lca,2005,1.077880024909973
lca,2006,1.04773998260498
lca,2007,0.9995200037956238
lca,2008,0.7837899923324585
lca,2009,0.5565699934959412
lca,2010,0.7166100144386292
lca,2011,0.6536200046539307
lca,2012,0.7716500163078308
lca,2013,1.081009984016418
lca,2014,0.8780999779701233
lca,2015,0.926509976387024
lca,2016,0.8601300120353699
lca,2017,0.6175199747085571
lca,2018,0.5280699729919434
lca,2019,0.4092400074005127
lca,2020,0.2924199998378754
lca,2021,0.3405826119858024
lca,2023,0.8535100221633911
lie,2014,0.6411299705505371
lka,2001,0.8932899832725525
lka,2002,0.9768099784851074
lka,2003,1.007429957389832
lka,2004,0.4636600017547607
lka,2005,1.009439945220947
lka,2006,1.037420034408569
lka,2007,1.022570013999939
lka,2008,0.9970300197601318
lka,2009,1.000980019569397
lka,2010,1.000849962234497
lka,2011,1.039430022239685
lka,2012,1.05757999420166
lka,2013,1.078019976615906
lka,2014,1.085999965667725
lka,2015,1.184890031814575
lka,2016,1.212990045547485
lka,2017,1.139799952507019
lka,2018,1.056259989738464
lka,2019,0.9426408366218716
lka,2020,0.8375051766850364
lka,2022,0.5746022608255466
lka,2023,0.8748658755415533
lso,1970,0.4744699895381927
lso,1972,0.5374699831008911
lso,1973,0.5527099967002869
lso,1974,0.4411999881267548
lso,1976,0.429969996213913
lso,1977,0.3947100043296814
lso,1978,0.512470006942749
lso,1979,0.4874700009822845
lso,1980,0.5129600167274475
lso,1981,0.5421000123023987
lso,1982,0.5091000199317932
lso,1983,0.5436800122261047
lso,1984,0.5522000193595886
lso,1985,0.5521199703216553
lso,1986,0.583109974861145
lso,1987,0.5255200266838074
lso,1988,0.5445700287818909
lso,1989,0.5887899994850159
lso,1990,0.632319986820221
lso,1991,0.6325799822807312
lso,1992,0.6580399870872498
lso,1993,0.7077000141143799
lso,1994,0.7331500053405762
lso,1995,0.7800899744033813
lso,1996,0.7767500281333923
lso,1998,0.8478999733924866
lso,1999,0.8743000030517578
lso,2000,0.8074600100517273
lso,2001,0.7817699909210205
lso,2002,0.773360013961792
lso,2003,0.7515400052070618
lso,2004,0.7891700267791748
lso,2005,0.7826099991798401
lso,2006,0.7652400135993958
lso,2007,0.8355399966239929
lso,2008,0.7994700074195862
lso,2009,0.7764400243759155
lso,2010,0.8311586358670243
lso,2011,1.003825630297158
lso,2012,0.997123782101008
lso,2013,0.8118800904864305
lso,2014,0.8410659777789532
lso,2015,0.8679941297260436
lso,2016,0.8607892426065314
lso,2017,0.8840770974987608
lso,2018,0.8842168009267677
lso,2019,0.7624699348542432
lso,2020,0.9453944177672252
lso,2021,0.955551259820756
lso,2022,0.9725616539771874
lso,2023,0.972122291628264
ltu,1998,1.079069972038269
ltu,2003,1.740939974784851
ltu,2021,1.973160028457642
lux,1972,0.8744000196456909
lux,1973,0.8214399814605713
lux,1974,0.8269100189208984
lux,1975,0.8221499919891357
lux,1976,0.8325200080871582
lux,1977,0.8054199814796448
lux,1978,0.8566100001335144
lux,1981,0.9799399971961976
lux,1982,0.9103900194168092
lux,1983,0.9413700103759766
lux,1984,0.9380499720573424
lux,1986,0.91525000333786
lux,1987,0.9451299905776978
lux,1988,0.8331400156021118
lux,1999,0.5588600039482117
lux,2000,0.57805997133255
lux,2001,0.8493800163269043
lux,2002,0.8564299941062927
lux,2003,0.8859500288963318
lux,2004,1.024150013923645
lux,2005,0.8230500221252441
lux,2006,1.044160008430481
lux,2007,0.8053100109100342
lux,2008,0.784060001373291
lux,2010,0.6770600080490112
lux,2011,0.7597600221633911
lux,2012,0.6963000297546387
lux,2013,0.6728399991989136
lux,2014,0.9521899819374084
lux,2015,0.8064699769020081
lux,2016,0.7406799793243408
lux,2017,0.8533400297164917
lux,2018,1.248329997062683
lux,2019,1.202710032463074
lux,2020,1.069589972496033
lux,2021,1.163050055503845
lux,2022,0.3383100032806396
lva,2009,0.8997399806976318
lva,2010,0.8457099795341492
lva,2011,0.8854399919509888
lva,2012,0.8063799738883972
lva,2013,0.7679299712181091
lva,2014,0.722760021686554
lva,2015,0.7271000146865845
lva,2016,0.662880003452301
lva,2017,0.5883100032806396
lva,2018,0.4295099973678589
lva,2019,0.5225200057029724
lva,2020,0.5899900197982788
lva,2021,0.5644500255584717
lva,2022,0.5961899757385254
lva,2023,0.7218700051307678
mac,1990,1.331110000610352
mac,1992,1.246860027313232
mac,1999,1.163130044937134
mac,2000,1.210659980773926
mac,2001,0.930869996547699
mac,2002,0.971340000629425
mac,2003,0.8986999988555908
mac,2004,0.971650004386902
mac,2005,0.9603000283241272
mac,2006,0.8884599804878235
mac,2007,0.969569981098175
mac,2008,1.015190005302429
mac,2009,0.9397000074386596
mac,2010,0.9162300229072572
mac,2011,0.7699199914932251
mac,2012,0.7214800119400024
mac,2013,0.6882100105285645
mac,2014,0.4131900072097778
mac,2015,0.2030400037765503
mac,2016,0.1787800043821335
mac,2018,0.0552299991250038
mac,2019,0.5828199982643127
mac,2020,0.7581700086593628
mac,2021,0.8492400050163269
mac,2022,0.7719500064849854
mac,2023,0.8652999997138977
mar,1975,1.330739974975586
mar,1976,1.341560006141663
mar,1977,1.393290042877197
mar,1978,1.425580024719238
mar,1979,1.444509983062744
mar,1980,1.465950012207031
mar,1981,1.48062002658844
mar,1982,1.459949970245361
mar,1983,1.472440004348755
mar,1984,1.502400040626526
mar,1985,1.479460000991821
mar,1986,1.455039978027344
mar,1987,1.424370050430298
mar,1988,1.396460056304932
mar,1989,1.363299965858459
mar,1990,1.358109951019287
mar,1991,1.349720001220703
mar,1992,1.345239996910095
mar,1993,1.361780047416687
mar,1994,1.377480030059814
mar,1995,1.398659944534302
mar,1996,1.413959980010986
mar,1997,1.413859963417053
mar,1998,1.325919985771179
mar,1999,1.499930024147034
mar,2000,1.462759971618652
mar,2001,1.413169980049133
mar,2002,1.319270014762878
mar,2003,1.286999940872192
mar,2004,1.242300033569336
mar,2005,1.221619963645935
mar,2006,1.20744001865387
mar,2007,1.152250051498413
mar,2008,1.085620045661926
mar,2009,0.9553400278091432
mar,2010,0.9301999807357788
mar,2011,0.9110199809074402
mar,2012,0.9401299953460692
mar,2013,0.9732900261878968
mar,2014,1.016860008239746
mar,2016,1.049909949302673
mar,2017,1.073570013046265
mar,2018,0.9757000207901
mar,2019,0.8133400082588196
mda,2013,1.004209995269775
mdg,1972,1.173869967460632
mdg,1989,1.025850057601929
mdg,1990,1.003370046615601
mdg,1995,0.8750699758529663
mdg,1996,0.9749400019645692
mdg,1999,0.9556199908256532
mdg,2000,0.9491900205612184
mdg,2001,0.9445400238037108
mdg,2002,0.9430199861526488
mdg,2003,0.934819996356964
mdg,2010,0.0524920811255229
mdg,2016,0.1564998874121668
mdg,2018,0.0274332303887102
mdg,2019,0.5702400207519531
mdv,1997,0.3371399939060211
mdv,1999,0.0424199998378754
mdv,2008,0.0275800004601479
mdv,2011,0.0225399993360043
mdv,2012,0.2002208108189632
mdv,2013,0.1189536795950805
mdv,2022,0.0836354208109142
mdv,2023,0.1633599834251361
mex,1971,1.055009961128235
mex,1997,1.244619965553284
mex,1998,1.103139996528625
mhl,2002,1.242959976196289
mhl,2015,0.5728099942207336
mhl,2016,0.3457100093364716
mkd,1998,1.30088996887207
mkd,1999,1.18123996257782
mkd,2003,1.013550043106079
mkd,2004,1.363330006599426
mkd,2005,1.043149948120117
mkd,2006,0.9027199745178224
mkd,2007,1.043849945068359
mkd,2008,0.8367800116539001
mkd,2009,0.8429700136184692
mkd,2012,1.235260009765625
mkd,2013,1.059380054473877
mkd,2014,1.100020051002502
mkd,2015,0.9308199882507324
mkd,2017,0.791130006313324
mkd,2018,0.98540997505188
mkd,2019,0.8731099963188171
mkd,2020,0.9219899773597716
mkd,2021,0.9011800289154052
mkd,2022,0.8167999982833862
mli,1971,1.097380042076111
mli,1999,1.196470022201538
mli,2002,1.214470028877258
mli,2003,1.217149972915649
mli,2004,1.151819944381714
mli,2005,1.233420014381409
mli,2006,1.224079966545105
mli,2007,1.225929975509644
mli,2009,1.264150023460388
mli,2010,1.253520011901855
mli,2011,1.240610003471375
mli,2012,1.212790012359619
mli,2014,1.168779969215393
mli,2015,1.156290054321289
mli,2016,1.175609946250916
mli,2017,1.181349992752075
mli,2018,1.130210041999817
mli,2023,1.169690012931824
mlt,1971,1.148249983787537
mlt,1972,1.232759952545166
mlt,1973,1.140689969062805
mlt,1974,1.018159985542297
mlt,1975,1.021229982376099
mlt,1976,1.07000994682312
mlt,1977,0.9178400039672852
mlt,1978,1.053210020065308
mlt,1979,0.9706599712371826
mlt,1980,1.061059951782227
mlt,1981,1.120180010795593
mlt,1982,0.8780900239944458
mlt,1983,1.174669981002808
mlt,1984,1.149250030517578
mlt,1985,1.252550005912781
mlt,1986,1.11260998249054
mlt,1987,1.112149953842163
mlt,1988,0.9888499975204468
mlt,1989,0.936680018901825
mlt,1990,0.9636899828910828
mlt,1991,1.17316997051239
mlt,1992,1.216969966888428
mlt,1993,1.211220026016235
mlt,1994,1.088330030441284
mlt,1995,1.397320032119751
mlt,1996,1.073410034179688
mlt,1997,0.8640199899673462
mlt,2017,1.315019965171814
mlt,2018,1.793519973754883
mlt,2019,1.408100008964539
mlt,2020,1.290040016174316
mlt,2021,0.9587200284004213
mlt,2022,0.9686400294303894
mlt,2023,1.025300025939941
mmr,1971,1.073210000991821
mmr,1973,1.172700047492981
mmr,1974,1.046419978141785
mmr,1978,1.071580052375793
mmr,2000,0.7935900092124939
mmr,2001,0.7699499726295471
mmr,2002,0.722790002822876
mmr,2003,0.6052799820899963
mmr,2004,0.6225100159645081
mmr,2005,0.4835399985313416
mmr,2006,0.555620014667511
mmr,2008,0.0839499980211258
mmr,2009,0.2192800045013428
mne,2003,1.241950035095215
mne,2005,1.300899982452393
mne,2006,1.190240025520325
mne,2007,1.067070007324219
mne,2008,0.9983199834823608
mne,2012,0.2319599986076355
mne,2016,1.642950057983398
mng,1995,0.9961100220680236
mng,1996,1.050400018692017
mng,1997,1.009439945220947
mng,1998,0.9912800192832948
mng,1999,1.077419996261597
mng,2000,1.103180050849915
mng,2001,0.9537000060081482
mng,2002,1.011819958686829
mng,2003,1.047940015792847
mng,2004,1.20221996307373
mng,2005,1.01161003112793
mng,2006,0.9413999915122986
mng,2007,1.106750011444092
mng,2008,1.367140054702759
mng,2012,1.267699956893921
mng,2013,1.190179944038391
mng,2014,1.059999942779541
mng,2015,1.032359957695007
mng,2016,0.9366599917411804
mng,2017,0.8752599954605103
mng,2018,0.7557607371274491
mng,2019,0.7035665768190439
mng,2020,0.7022919478217287
mng,2021,0.728553408160119
mng,2022,0.6913836811415053
mng,2023,0.7261233655170687
moz,1973,1.286880016326904
moz,1979,1.070430040359497
moz,1981,1.057160019874573
moz,1982,1.063860058784485
moz,1983,1.176779985427856
moz,1985,1.193480014801025
moz,1986,1.191280007362366
moz,1987,1.166059970855713
moz,1989,1.165549993515015
moz,1991,1.189509987831116
moz,1992,1.173920035362244
moz,1993,1.181990027427673
moz,1994,1.189970016479492
moz,1995,1.18464994430542
moz,1998,1.208829998970032
moz,1999,1.216619968414307
moz,2000,1.22461998462677
moz,2001,1.240429997444153
moz,2002,1.161949992179871
moz,2004,1.23160994052887
moz,2005,1.268219947814941
moz,2006,1.300250053405762
moz,2007,1.401430010795593
moz,2008,1.495280027389526
moz,2009,1.511029958724976
moz,2010,1.633059978485107
moz,2011,1.503250002861023
moz,2012,1.556399941444397
moz,2013,1.702010035514832
moz,2014,1.795480012893677
moz,2016,1.617869973182678
moz,2017,1.395120024681091
moz,2018,1.58076000213623
mrt,1994,1.153800010681152
mrt,1995,1.185840010643005
mrt,1996,1.16729998588562
mrt,1998,1.104460000991821
mrt,1999,1.07203996181488
mrt,2000,1.07056999206543
mrt,2001,1.090129971504211
mrt,2002,1.043709993362427
mrt,2003,1.029469966888428
mrt,2004,1.004259943962097
mrt,2005,0.9744899868965148
mrt,2006,0.9800900220870972
mrt,2007,0.9524499773979188
mrt,2008,0.9286199808120728
mrt,2009,0.9787399768829346
mrt,2010,0.996999979019165
mrt,2011,0.9851099848747252
mrt,2012,0.9599499702453612
mrt,2013,1.008399963378906
mrt,2014,0.9876800179481506
mrt,2016,0.945580005645752
mrt,2017,0.9169700145721436
mrt,2018,0.9588299989700316
mrt,2019,0.9083799719810486
msr,1999,1.211590051651001
msr,2000,1.428500056266785
mtq,1987,0.5745700001716614
mtq,1990,1.037199974060059
mtq,1992,0.8897500038146973
mtq,1993,0.7626199722290039
mtq,1996,0.8725600242614746
mus,1972,0.8500499725341797
mus,1973,0.841480016708374
mus,1974,0.8557900190353394
mus,1975,0.8698099851608276
mus,1976,0.8748000264167786
mus,1977,0.8225200176239014
mus,1978,0.8080300092697144
mus,1979,0.8104900121688843
mus,1980,0.7076299786567688
mus,1981,0.4887700080871582
mus,1983,0.0535000003874302
mus,1984,0.2183099985122681
mus,1985,0.1019399985671043
mus,1986,0.5749599933624268
mus,1987,0.5529199838638306
mus,1988,0.5752300024032593
mus,1989,0.5810999870300293
mus,1990,0.6605100035667419
mus,1991,0.7336500287055969
mus,1993,0.6797900199890137
mus,1994,0.672290027141571
mus,1995,0.6789699792861938
mus,1996,0.71110999584198
mus,1997,0.7245000004768372
mus,1998,0.2688399851322174
mus,2004,1.057809948921204
mus,2005,0.8821799755096436
mus,2006,0.6489800214767456
mus,2007,0.5883899927139282
mus,2008,0.6978099942207336
mus,2009,0.6322699785232544
mus,2010,0.5088300108909607
mus,2011,0.6075800061225891
mus,2012,0.8489699959754944
mus,2013,0.7392500042915344
mus,2014,0.7477200031280518
mus,2015,0.7602199912071228
mus,2016,0.6910899877548218
mus,2017,0.7885599732398987
mus,2018,0.6694200038909912
mus,2019,0.7674099802970886
mus,2020,1.192559957504272
mus,2021,0.8337600231170654
mus,2023,0.6288400292396545
mwi,2007,0.2975499927997589
mys,1970,1.703819990158081
mys,1971,1.636360049247742
mys,1972,1.781739950180054
mys,1994,0.525160014629364
mys,1998,0.5987399816513062
mys,1999,0.6872000098228455
mys,2000,0.3211100101470947
mys,2001,0.5982199907302856
mys,2002,0.7757700085639954
mys,2003,0.7798500061035156
mys,2004,0.6187800168991089
mys,2005,0.5041300058364868
mys,2006,0.4083899855613708
mys,2007,0.4103200137615204
mys,2008,0.5904300212860107
mys,2009,0.2540499866008759
mys,2010,0.6337100267410278
mys,2011,0.5564200282096863
mys,2012,0.6025999784469604
mys,2013,0.6142245798803818
mys,2014,0.7683930326227371
mys,2015,0.69149674405878
mys,2016,0.7544817868888336
mys,2017,0.7269079104352097
mys,2018,0.735598554837916
mys,2019,0.80355893110811
mys,2020,0.7953582200396684
mys,2021,0.784555784532357
mys,2022,0.8165924114572611
mys,2023,0.7467866026843282
nam,1989,0.6527100205421448
nam,1990,0.6622800230979919
nam,1992,0.6006600260734558
nam,1998,0.7326899766921997
nam,1999,0.7451099753379822
nam,2000,0.8085500001907349
nam,2001,0.8296399712562561
nam,2002,0.7861199975013733
nam,2003,0.7749300003051758
nam,2004,0.7857400178909302
nam,2005,0.7376700043678284
nam,2006,0.826170027256012
nam,2007,0.6665400266647339
nam,2008,0.7353500127792358
nam,2009,0.7105699777603149
nam,2010,0.7061899900436401
nam,2012,0.5088000297546387
ncl,1982,0.9782099723815918
ncl,1983,0.9191200137138368
ncl,1984,0.893090009689331
ncl,1985,0.9417399764060974
ncl,1986,0.930079996585846
ncl,1987,0.8707299828529358
ncl,1988,0.85589998960495
ncl,1989,1.538560032844543
ncl,1990,0.9235799908638
ncl,1991,1.052060008049011
ner,1973,1.06289005279541
ner,1974,1.062659978866577
ner,1986,1.15681004524231
ner,1989,1.13945996761322
ner,1990,1.140789985656738
ner,1991,1.144459962844849
ner,1992,1.124490022659302
ner,1997,1.129189968109131
ner,1998,1.124420046806335
ner,1999,1.130239963531494
ner,2000,1.130579948425293
ner,2001,1.154080033302307
ner,2002,1.177039980888367
ner,2003,1.194169998168945
ner,2004,1.220160007476807
ner,2005,1.207319974899292
ner,2006,1.208899974822998
ner,2007,1.20455002784729
ner,2008,1.201320052146912
ner,2009,1.216390013694763
ner,2010,1.23731005191803
ner,2011,1.262629985809326
ner,2012,1.244199991226196
ner,2013,1.233170032501221
ner,2014,1.21917998790741
ner,2015,1.235520005226135
ner,2016,1.240200042724609
ner,2017,1.249940037727356
ner,2018,1.217989286689934
ner,2019,1.16946005821228
ner,2021,1.119889974594116
ner,2022,1.10342001914978
ner,2023,1.08404004573822
nga,1999,1.258239984512329
nga,2000,1.27878999710083
nga,2004,1.23537003993988
nga,2005,1.227869987487793
nga,2006,1.202769994735718
nga,2007,1.365679979324341
nga,2008,1.279569983482361
nga,2009,1.278120040893555
nga,2010,1.261150002479553
nic,1971,0.9670000076293944
nic,1973,0.9639599919319152
nic,1980,0.975059986114502
nic,1982,0.9829800128936768
nic,1983,0.9738399982452391
nic,1984,0.994159996509552
nic,1985,0.9164100289344788
nic,1986,0.9225000143051147
nic,1987,0.9272900223731996
nic,1988,0.9101600050926208
nic,1989,0.9260600209236144
nic,1990,0.9585000276565552
nic,1991,0.975130021572113
nic,1992,0.9387400150299072
nic,1993,0.950309991836548
nic,1994,0.9596899747848512
nic,1995,0.954289972782135
nic,1999,1.010900020599365
nic,2000,1.00025999546051
nic,2001,1.023589968681335
nic,2002,1.217460036277771
nic,2004,1.824530005455017
nic,2006,1.274580001831055
nic,2007,1.172240018844604
nic,2008,1.210309982299805
nic,2010,1.040729999542236
nic,2023,0.9539600014686584
nld,1971,0.7752599716186523
nld,1972,0.7729600071907043
nld,1973,0.7603999972343445
nld,1974,0.758620023727417
nld,1975,0.7618600130081177
nld,1976,0.7580599784851074
nld,1977,0.7392100095748901
nld,1978,0.7224900126457214
nld,1979,0.6995000243186951
nld,1980,0.6888200044631958
nld,1981,0.680400013923645
nld,1982,0.6785600185394287
nld,1983,0.6871899962425232
nld,1984,0.6900200247764587
nld,1985,0.673009991645813
nld,1986,0.5122399926185608
nld,1987,0.5087000131607056
nld,1988,0.5545899868011475
nld,1989,0.5782300233840942
nld,1990,0.5933300256729126
nld,1991,0.6095399856567383
nld,1992,0.7099900245666504
nld,1993,0.6587600111961365
nld,1994,1.107879996299744
nld,1995,1.117400050163269
nld,1996,1.172979950904846
nld,1997,1.174029946327209
nld,1999,1.315160036087036
nld,2008,1.847100019454956
nld,2009,1.705829977989197
nld,2010,1.20238995552063
nld,2011,0.3812600076198578
nld,2012,0.3884899914264679
nld,2015,0.0234600007534027
nld,2017,0.5109900236129761
nld,2018,0.5570700168609619
nld,2019,0.1151800006628036
nld,2020,0.2320699989795685
nld,2021,0.219990000128746
nld,2022,0.5196400284767151
nor,1976,0.6422100067138672
nor,1977,0.4722200036048889
nor,1978,0.6062600016593933
nor,1979,0.604960024356842
nor,1981,0.7458000183105469
nor,1982,0.7951099872589111
nor,1984,0.6952700018882751
nor,1985,0.8240699768066406
nor,1986,1.187309980392456
nor,1987,0.8885700106620789
nor,1988,0.9740700125694276
nor,1989,1.094849944114685
nor,1990,0.8784800171852112
nor,1991,0.9235299825668336
nor,1992,0.8484399914741516
nor,1993,0.737500011920929
nor,1994,0.8328400254249573
nor,1995,0.9135100245475768
nor,1996,0.8928800225257874
nor,1997,0.9866700172424316
nor,1998,0.7270100116729736
nor,1999,0.9013400077819824
nor,2000,0.7944300174713135
nor,2001,0.6323699951171875
nor,2002,0.5296199917793274
nor,2003,0.7999600172042847
nor,2004,0.5864999890327454
nor,2005,0.6044899821281433
nor,2006,0.4505699872970581
nor,2007,0.6845499873161316
nor,2008,0.133760005235672
nor,2009,0.9076200127601624
nor,2010,0.8273599743843079
nor,2011,0.9791300296783448
nor,2012,0.1938399970531464
nor,2013,1.304340004920959
nor,2014,1.102669954299927
nor,2015,1.049029946327209
nor,2016,0.8968799710273743
nor,2017,1.020580053329468
nor,2018,1.045740008354187
nor,2019,0.9813500046730042
nor,2020,0.905780017375946
nor,2021,0.8561499714851379
nor,2022,1.020269989967346
nor,2023,1.127910017967224
npl,1983,1.698040008544922
npl,1984,1.69949996471405
npl,1988,1.762099981307983
npl,1999,1.372740030288696
npl,2000,1.391020059585571
npl,2003,1.393790006637573
npl,2004,1.430019974708557
nru,2012,0.8381900191307068
nru,2014,1.326840043067932
nru,2016,0.6947399973869324
nru,2020,0.4081000089645386
nru,2022,0.4013000130653381
nzl,1975,1.771299958229065
nzl,1977,0.9441900253295898
nzl,1982,1.669260025024414
nzl,1983,1.605290055274963
nzl,1986,1.310330033302307
nzl,1991,1.191429972648621
nzl,1992,1.09909999370575
nzl,1994,0.969539999961853
nzl,1996,1.652619957923889
nzl,1997,1.545230031013489
nzl,2013,0.7472900152206421
nzl,2014,1.009529948234558
nzl,2015,1.042179942131042
nzl,2016,0.9019200205802916
nzl,2018,0.848360002040863
nzl,2019,0.8416399955749512
nzl,2020,0.8821200132369995
nzl,2021,0.8863199949264526
nzl,2022,0.9019700288772584
nzl,2023,0.9396399855613708
omn,1973,1.190240025520325
omn,1974,1.224560022354126
omn,1975,1.294469952583313
omn,1976,1.272760033607483
omn,1978,1.336060047149658
omn,1979,1.341300010681152
omn,1981,1.355659961700439
omn,1982,1.357890009880066
omn,1983,1.322239995002747
omn,1984,1.357360005378723
omn,1985,1.291030049324036
omn,1986,1.137480020523071
omn,1987,1.16185998916626
omn,1988,1.08230996131897
omn,1989,1.045179963111877
omn,1990,1.006229996681213
omn,1991,0.9779899716377258
omn,1992,0.9543099999427797
omn,1993,0.8906199932098389
omn,1994,0.8644999861717224
omn,1995,0.8916699886322021
omn,1996,0.8888099789619446
omn,1997,0.9124699831008912
omn,1998,0.8718100190162659
omn,1999,0.8565499782562256
omn,2000,1.022619962692261
omn,2001,0.9682000279426576
omn,2002,1.149389982223511
omn,2003,1.024510025978088
omn,2009,1.856420040130615
omn,2012,0.4994899928569794
omn,2013,0.4984399974346161
omn,2014,0.7660300135612488
omn,2015,0.8352900147438049
omn,2016,0.8237400054931641
omn,2017,0.7842299938201904
omn,2018,0.3490900099277496
omn,2019,0.8344600200653076
omn,2020,0.9355999827384948
omn,2021,0.9216499924659728
omn,2022,0.9592000246047974
pak,2021,1.263207291687748
pak,2022,1.285295841798368
pan,1970,0.9942100048065186
pan,1971,0.9886100292205812
pan,1972,0.9965999722480774
pan,1973,1.012799978256226
pan,1975,1.039029955863953
pan,1976,0.9759699702262878
pan,1978,0.9881399869918824
pan,1979,0.9368000030517578
pan,1980,0.9880300164222716
pan,1981,0.983780026435852
pan,1982,0.9887099862098694
pan,1983,1.010800004005432
pan,1984,1.031170010566711
pan,1985,1.01298999786377
pan,1986,1.088490009307861
pan,1987,1.048580050468445
pan,1988,1.011340022087097
pan,1989,0.9857800006866456
pan,1990,1.006100058555603
pan,1999,1.035040020942688
pan,2000,0.9954500198364258
pan,2001,1.073609948158264
pan,2002,1.349979996681213
pan,2005,1.511809945106506
pan,2008,1.512719988822937
pan,2009,1.077839970588684
pan,2010,1.199659943580627
pan,2011,1.000319957733154
pan,2012,1.049110054969788
pan,2013,1.033900022506714
pan,2014,0.98716002702713
pan,2015,1.011540055274963
pan,2017,1.039049983024597
pan,2019,0.8337399959564209
pan,2020,0.9973800182342528
pan,2021,0.9845399856567384
pan,2022,0.8073099851608276
pan,2023,0.9310700297355652
per,1970,1.302420020103455
per,1981,1.373319983482361
per,1993,1.090039968490601
per,1995,1.049990057945251
per,1998,1.102959990501404
per,1999,1.099660038948059
per,2000,1.100690007209778
per,2001,1.038259983062744
per,2002,1.600540041923523
per,2003,1.253440022468567
phl,1976,0.5509999990463257
phl,1981,0.971019983291626
phl,1982,0.741919994354248
phl,1983,0.7702999711036682
phl,1984,1.258559942245483
phl,1986,0.8341100215911865
phl,1987,1.012199997901917
phl,1988,0.6408100128173828
phl,1989,0.5666999816894531
phl,1990,1.018509984016418
phl,1998,1.098919987678528
phl,1999,0.8680700063705444
phl,2001,0.7744500041007996
phl,2002,0.7160599827766418
phl,2003,0.7630400061607361
phl,2004,0.7472800016403198
phl,2005,0.71110999584198
phl,2006,0.7327200174331665
phl,2007,0.7322800159454346
phl,2008,0.7214999794960022
phl,2009,0.7374200224876404
phl,2014,0.8067352726315649
phl,2015,0.8391028025328109
phl,2016,0.904858909140361
phl,2017,0.974756237708418
phl,2018,1.046965235289884
phl,2019,1.136516940212227
phl,2020,1.209082617606952
phl,2021,1.119484941079539
phl,2022,1.149836302684981
phl,2023,1.196730109926252
plw,2022,1.193920972644377
plw,2023,1.099318356374808
png,1989,1.183850049972534
png,2016,1.190919995307922
pol,1999,1.033210039138794
pol,2000,1.152469992637634
pol,2001,1.174229979515076
pol,2002,1.209969997406006
pol,2003,1.208199977874756
pol,2004,1.193079948425293
pol,2005,1.196269989013672
pol,2006,1.13850998878479
pol,2007,1.1007000207901
pol,2008,1.096580028533936
pol,2009,1.082559943199158
pol,2010,1.051499962806702
pol,2011,1.025099992752075
pol,2012,1.01462996006012
pol,2013,1.004130005836487
pol,2014,1.018210053443909
pol,2017,1.014150023460388
pol,2018,0.8780500292778015
pol,2019,0.86531001329422
pol,2020,0.968970000743866
pri,2010,0.749750018119812
pri,2011,0.7981799840927124
pri,2012,0.7181199789047241
pri,2013,0.8520200252532959
pri,2014,0.534060001373291
pri,2015,0.5738999843597412
pri,2016,0.7880300283432007
pri,2018,0.7518600225448608
pri,2023,0.8629599809646606
prk,2009,0.6290000081062317
prt,1973,1.072479963302612
prt,1974,1.102890014648438
prt,1976,1.137109994888306
prt,1977,1.178279995918274
prt,1978,1.222800016403198
prt,1980,1.210080027580261
prt,1981,1.176069974899292
prt,1984,0.1039599999785423
prt,2015,1.336459994316101
prt,2016,1.341950058937073
prt,2017,1.441920042037964
prt,2018,1.433629989624023
prt,2019,1.612370014190674
pry,1970,1.123929977416992
pry,1972,0.9798399806022644
pry,1975,1.096680045127869
pry,1976,1.133360028266907
pry,1977,1.144899964332581
pry,1978,1.17782998085022
pry,1979,1.209650039672852
pry,1980,1.264230012893677
pry,1981,1.279459953308105
pry,1983,1.307019948959351
pry,1984,1.27063000202179
pry,1985,1.26230001449585
pry,1986,1.236700057983398
pry,1987,1.241850018501282
pry,1988,1.379019975662231
pry,1989,1.489560008049011
pry,1992,0.9599000215530396
pry,1994,0.8322399854660034
pry,1996,0.5728499889373779
pry,2008,0.5518500208854675
pry,2009,0.679069995880127
pry,2010,0.8502900004386902
pry,2011,0.7674700021743774
pry,2012,0.901419997215271
pry,2016,0.9852700233459472
pry,2020,0.9955899715423584
pry,2021,0.9861000180244446
pry,2022,0.9914000034332277
pry,2023,1.000280022621155
pse,1999,0.9921200275421144
pse,2000,1.078950047492981
pse,2001,1.006240010261536
pse,2002,1.041300058364868
pse,2003,1.010200023651123
pse,2004,1.122900009155273
pse,2005,1.199000000953674
pse,2006,1.149649977684021
pse,2007,1.124559998512268
pse,2008,1.160660028457642
pse,2009,1.217689990997314
pse,2010,1.365919947624207
pse,2011,1.307659983634949
pse,2012,1.43707001209259
pse,2013,1.265959978103638
pse,2014,1.46331000328064
pse,2015,1.420250058174133
pse,2016,1.460190057754517
pse,2017,1.673020005226135
pse,2018,1.480260014533997
pse,2019,1.371440052986145
pse,2020,1.298509955406189
pse,2021,1.196280002593994
pse,2022,1.091740012168884
pse,2023,1.067139983177185
pyf,1983,1.117429971694946
pyf,1984,1.061560034751892
pyf,1985,1.082970023155212
pyf,1989,1.275159955024719
pyf,1990,0.9309200048446656
pyf,1993,0.930899977684021
pyf,1995,1.260239958763123
pyf,1996,1.201689958572388
qat,1971,0.9287099838256836
qat,1972,0.5831500291824341
qat,1973,0.6025699973106384
qat,1974,0.6811400055885315
qat,1976,0.566070020198822
qat,1977,0.7157999873161316
qat,1978,0.6850900053977966
qat,1979,0.6808099746704102
qat,1980,0.7454400062561035
qat,1981,0.7083899974822998
qat,1982,0.7656599879264832
qat,1983,0.6574599742889404
qat,1984,0.5563099980354309
qat,1985,0.4189499914646149
qat,1986,0.0434000007808208
qat,1987,0.2964699864387512
qat,1988,0.097460001707077
qat,1991,0.0178599990904331
qat,1992,0.3456299901008606
qat,1993,0.4383000135421753
qat,1994,0.3359600007534027
qat,2002,0.1718599945306778
qat,2003,0.3800199925899506
qat,2004,0.3425900042057037
qat,2005,0.1298599988222122
qat,2006,0.3703500032424927
qat,2007,0.1706700026988983
qat,2011,0.957480013370514
qat,2012,0.2249000072479248
qat,2013,0.5212399959564209
qat,2014,1.137269973754883
qat,2015,0.8634099960327148
qat,2016,1.040240049362183
qat,2019,1.104629993438721
qat,2020,0.961359977722168
qat,2021,0.9722099900245668
qat,2022,0.8050600290298462
reu,1985,1.026450037956238
reu,1986,1.005689978599548
reu,1987,1.019760012626648
rou,1993,1.134130001068115
rou,1994,1.228950023651123
rou,1995,1.283529996871948
rou,1996,1.351160049438477
rou,1997,1.372009992599487
rou,2000,1.208019971847534
rou,2001,1.528599977493286
rou,2002,1.167850017547607
rou,2003,1.116479992866516
rou,2004,1.103989958763123
rou,2005,1.09060001373291
rou,2006,1.025290012359619
rou,2007,1.004649996757507
rou,2008,1.031870007514954
rou,2009,0.942229986190796
rou,2010,1.087669968605042
rou,2011,1.067960023880005
rou,2012,1.079689979553223
rou,2015,1.038040041923523
rou,2016,1.036749958992004
rou,2017,1.053239941596985
rou,2018,1.013270020484924
rou,2019,0.9959499835968018
rou,2020,1.005959987640381
rou,2021,1.023859977722168
rou,2022,1.008669972419739
rou,2023,1.017979979515076
rus,1994,1.050899982452393
rus,1995,0.9958999752998352
rus,2006,0.8395500183105469
rus,2007,0.8360599875450134
rus,2008,0.8391000032424927
rus,2009,0.7539600133895874
rus,2011,0.8126400113105774
rus,2012,0.6640400290489197
rus,2013,0.7175099849700928
rus,2014,0.6401900053024292
rus,2015,0.5428400039672852
rus,2016,0.6083199977874756
rus,2017,0.7652699947357178
rus,2020,0.2710900008678436
rus,2021,0.5702000260353088
rus,2022,0.6008599996566772
rus,2023,0.7592700123786926
rwa,1973,1.161509990692139
rwa,1974,1.159309983253479
rwa,1975,1.132390022277832
rwa,1977,1.118729948997498
rwa,1978,1.111209988594055
rwa,1999,0.9709299802780152
rwa,2002,0.8488600254058838
rwa,2003,0.8671000003814697
rwa,2016,0.6242899894714355
rwa,2017,0.9535199999809264
rwa,2018,1.15650999546051
rwa,2019,1.319219946861267
sau,1979,1.74688994884491
sau,2013,0.2941499948501587
sau,2014,0.2782599925994873
sau,2015,0.2026499956846237
sau,2020,0.8620200157165527
sau,2021,0.5045999884605408
sdn,2011,1.13398003578186
sdn,2012,0.9520099759101868
sdn,2013,0.9419999718666076
sdn,2014,0.9134299755096436
sdn,2015,0.9232000112533568
sdn,2016,0.8954600095748901
sdn,2017,1.031520009040833
sdn,2018,1.110200047492981
sdn,2019,0.9174000024795532
sen,1978,1.142510056495667
sen,1979,1.157019972801208
sen,1980,1.162359952926636
sen,1981,1.172039985656738
sen,1982,1.184430003166199
sen,1983,1.197550058364868
sen,1984,1.200559973716736
sen,1985,1.200479984283447
sen,1986,1.238450050354004
sen,1988,1.227530002593994
sen,1990,1.196439981460571
sen,1992,1.187549948692322
sen,1996,1.192119956016541
sen,1997,1.201490044593811
sen,1998,1.193249940872192
sen,1999,1.196189999580383
sen,2000,1.169829964637756
sen,2003,1.153480052947998
sen,2004,1.064350008964539
sen,2005,1.044790029525757
sen,2006,1.00970995426178
sen,2007,0.973710000514984
sen,2008,0.9234399795532228
sen,2009,0.8914399743080139
sen,2010,0.8601300120353699
sen,2011,0.8373900055885315
sen,2012,0.7807700037956238
sen,2013,0.7821800112724304
sen,2014,0.7577199935913086
sen,2015,0.7276399731636047
sen,2019,0.6074399948120117
sen,2020,0.5449900031089783
sen,2021,0.545520007610321
sen,2022,0.5065900087356567
sen,2023,0.4608500003814697
sgp,2018,0.4816800057888031
sgp,2021,1.201619982719421
sgp,2022,0.7568299770355225
shn,1998,1.356750011444092
slb,2005,1.087460041046143
slb,2006,1.043149948120117
slb,2007,1.064239978790283
slb,2013,0.7535799741744995
slb,2014,1.360759973526001
slb,2015,1.009330034255981
slb,2018,0.8935243138148449
slb,2019,0.6480964424952003
slb,2023,1.020116794759531
sle,1983,1.247370004653931
sle,2011,1.034607388951462
sle,2012,0.9787338108103584
slv,1970,0.9937999844551086
slv,1998,0.608269989490509
slv,2000,1.127099990844727
slv,2001,1.091459989547729
slv,2002,1.050660014152527
slv,2003,1.059530019760132
slv,2014,0.7449300289154053
slv,2015,0.7556999921798706
slv,2016,0.724120020866394
slv,2017,0.804610013961792
slv,2018,0.7769500017166138
slv,2019,0.7991899847984314
slv,2020,0.8085500001907349
slv,2021,0.8185399770736694
slv,2022,0.8162800073623657
slv,2023,0.8447499871253967
smr,1979,1.303259968757629
smr,1980,1.437250018119812
smr,1981,1.210489988327026
smr,1982,1.567239999771118
smr,1983,0.709559977054596
smr,1984,0.7094699740409851
smr,1985,1.196789979934692
smr,1986,0.6099799871444702
smr,1991,1.354979991912842
smr,1996,1.318480014801025
smr,1997,1.168020009994507
smr,2000,1.50409996509552
smr,2008,0.8678799867630005
smr,2009,0.8121399879455566
smr,2012,1.024330019950867
smr,2019,0.856249988079071
smr,2020,0.8708199858665466
smr,2021,0.8269400000572205
smr,2022,0.7390699982643127
smr,2023,0.7655100226402283
som,1976,1.085600018501282
som,1977,1.07039999961853
som,1978,1.058709979057312
som,1979,1.061920046806335
som,1980,1.078130006790161
srb,2008,1.199710011482239
srb,2009,1.13060998916626
srb,2010,1.059859991073608
srb,2011,0.8792499899864197
srb,2012,0.925159990787506
srb,2013,0.8032199740409851
srb,2016,0.2035000026226044
srb,2017,0.7878999710083008
srb,2018,0.6957100033760071
srb,2019,1.19488000869751
srb,2020,1.084640026092529
srb,2021,0.8672299981117249
srb,2022,0.9320499897003174
ssd,2011,1.234079957008362
ssd,2015,1.13730001449585
ssd,2024,0.9079899787902832
stp,1983,1.275290012359619
stp,1984,1.416700005531311
stp,1999,1.004209995269775
stp,2002,1.255990028381348
stp,2003,0.985159993171692
stp,2004,0.8780199885368347
stp,2005,1.137019991874695
stp,2007,0.7907599806785583
stp,2008,0.9322500228881836
stp,2009,0.6859400272369385
stp,2010,0.9061200022697448
stp,2011,1.333833844007297
stp,2012,1.161588354796875
stp,2013,1.133219957351685
stp,2014,1.204110026359558
stp,2015,1.310179948806763
stp,2017,1.455680012702942
stp,2018,1.234528287797004
stp,2019,1.014609984841349
stp,2021,1.643008082709154
sur,1977,0.6786999702453613
sur,1978,0.8961600065231323
sur,1985,0.6658200025558472
sur,1987,0.8138800263404846
sur,1988,0.8794199824333191
sur,1989,0.7556999921798706
sur,2005,0.9998499751091005
sur,2006,1.018129944801331
sur,2007,1.06496000289917
sur,2008,1.024109959602356
sur,2009,0.9647799730300904
sur,2010,0.9912700057029724
sur,2011,0.9646599888801576
sur,2012,0.9831500053405762
sur,2013,0.9968900084495544
sur,2014,0.9256200194358826
sur,2015,1.000419974327087
sur,2016,0.9893500208854676
sur,2017,0.9944599866867064
sur,2018,1.012410044670105
sur,2019,1.017490029335022
sur,2020,1.020089983940125
sur,2021,1.017300009727478
svk,2001,1.541519999504089
svk,2002,1.107640027999878
svk,2003,1.233870029449463
svk,2004,1.117419958114624
svk,2005,1.015910029411316
svk,2006,1.020560026168823
svk,2007,1.048030018806458
svk,2008,0.9334400296211244
svk,2009,0.9808200001716614
svk,2010,0.9708399772644044
svk,2011,0.9652699828147888
svk,2012,0.9889299869537354
svk,2013,0.9627599716186525
svk,2014,0.9320300221443176
svk,2015,0.9394199848175048
svk,2016,0.937529981136322
svk,2017,0.9692599773406982
svk,2018,0.9629300236701964
svk,2019,0.9646900296211244
svk,2020,0.9694899916648864
svk,2021,0.987529993057251
svk,2022,0.9481899738311768
svk,2023,0.9466699957847596
svn,1995,0.985189974308014
svn,1996,0.9921299815177916
svn,1997,1.114539980888367
svn,1998,0.917930006980896
svn,1999,0.944920003414154
svn,2000,0.1739899963140488
svn,2001,0.9357600212097168
svn,2002,0.9232699871063232
svn,2003,0.9360799789428712
svn,2004,0.841189980506897
svn,2005,1.163149952888489
svn,2006,0.9642500281333924
svn,2007,0.9433900117874146
svn,2008,0.9286199808120728
svn,2009,1.012799978256226
svn,2010,0.9413300156593324
svn,2011,0.9635499715805054
svn,2012,0.8842399716377258
svn,2013,0.8799700140953064
svn,2014,0.9251700043678284
svn,2015,0.9807400107383728
svn,2016,0.8722500205039978
svn,2017,0.9242600202560424
svn,2018,0.9315900206565856
svn,2019,0.9556400179862976
svn,2020,1.028370022773743
svn,2021,0.9353600144386292
svn,2022,0.9743800163269044
svn,2023,0.8591899871826172
swe,1976,0.7181800007820129
swe,1982,0.8764700293540955
swe,1987,1.196210026741028
swe,1988,0.9792799949645996
swe,1989,1.091099977493286
swe,1990,1.033810019493103
swe,1991,0.9754199981689452
swe,1992,0.7331699728965759
swe,1999,1.598199963569641
swe,2001,1.602190017700195
swe,2002,1.911730051040649
swe,2009,1.798830032348633
swe,2010,1.538769960403442
swe,2012,1.520879983901978
swe,2013,1.050559997558594
swe,2014,1.004600048065186
swe,2015,1.067860007286072
swe,2019,1.138419985771179
swe,2020,1.077100038528442
swe,2021,1.04899001121521
swe,2022,1.0242999792099
swe,2023,0.9242200255393982
swz,1970,0.97597998380661
swz,1971,0.9722200036048888
swz,1972,0.9706500172615052
swz,1973,0.9733700156211852
swz,1974,0.945900022983551
swz,1975,0.9270300269126892
swz,1976,0.9236699938774108
swz,1977,0.928380012512207
swz,1978,0.9060500264167786
swz,1979,0.8873500227928162
swz,1981,0.8600500226020813
swz,1982,0.8835300207138062
swz,1983,0.8478599786758423
swz,1984,0.8827800154685974
swz,1985,0.8643199801445007
swz,1986,0.8746500015258789
swz,1987,0.8537099957466125
swz,1988,0.8872299790382385
swz,1989,0.8660799860954285
swz,1990,0.8735399842262268
swz,1991,0.8813499808311462
swz,1992,0.8952400088310242
swz,1993,0.9156200289726256
swz,1994,0.8928200006484985
swz,1995,0.8986499905586243
swz,1996,0.9142600297927856
swz,2009,1.051810026168823
swz,2010,1.094740033149719
swz,2011,1.482380032539368
swz,2012,1.182340025901794
swz,2013,1.074040055274963
swz,2014,1.102789998054504
swz,2015,1.135849952697754
swz,2016,1.213240027427673
swz,2017,1.134070038795471
swz,2018,1.28190004825592
swz,2019,1.273280024528503
syc,1979,0.6996600031852722
syc,1993,0.6706600189208984
syc,1994,0.3260999917984009
syc,1995,0.3365699946880341
syc,1996,0.5326300263404846
syc,2002,1.489349961280823
syc,2022,0.8151599764823914
syc,2023,1.327829957008362
syr,1971,1.729380011558533
syr,1973,1.859840035438538
syr,1974,1.904450058937073
syr,1975,1.907469987869263
syr,1976,1.932600021362305
syr,1977,1.902979969978333
syr,1978,1.827640056610107
syr,1979,1.794819951057434
syr,1980,1.754369974136353
syr,1981,1.721179962158203
syr,1982,1.670600056648254
syr,1983,1.653939962387085
syr,1984,1.672070026397705
syr,1985,1.676740050315857
syr,1986,1.695989966392517
syr,1987,1.883090019226074
syr,1988,1.88794994354248
syr,1989,1.937639951705933
syr,1990,1.947280049324036
syr,1995,1.826410055160522
syr,1996,1.718700051307678
syr,1997,1.61369001865387
syr,1998,1.610039949417114
syr,1999,1.699419975280762
syr,2000,1.643200039863586
syr,2001,1.539630055427551
syr,2002,1.649850010871887
syr,2013,1.030629992485046
syr,2020,0.9954400062561036
syr,2021,0.9857400059700012
syr,2022,0.9843299984931946
syr,2023,0.9766700267791748
syr,2024,0.9686300158500672
tca,1997,0.8024200201034546
tca,1999,0.5192000269889832
tca,2000,0.723039984703064
tca,2002,0.4832299947738647
tca,2003,0.9352800250053406
tca,2004,0.6068699955940247
tca,2005,0.844569981098175
tca,2014,1.500861634976571
tca,2015,1.762397385709397
tcd,1975,1.235630035400391
tcd,1977,1.237429976463318
tcd,1988,1.316939949989319
tcd,1997,1.337649941444397
tcd,1998,1.371819972991943
tcd,1999,1.353680014610291
tcd,2000,1.335809946060181
tcd,2001,1.326230049133301
tcd,2002,1.363229990005493
tcd,2003,1.364570021629333
tcd,2011,1.327690005302429
tcd,2013,1.568060040473938
tcd,2015,1.530079960823059
tcd,2016,1.409989953041077
tcd,2017,1.359220027923584
tcd,2018,1.397600054740906
tcd,2019,1.385249972343445
tcd,2021,1.389449954032898
tcd,2022,1.378010034561157
tcd,2023,1.38444995880127
tgo,1971,1.502699971199036
tgo,1972,1.486430048942566
tgo,1978,1.604460000991821
tgo,1979,1.594020009040833
tgo,1980,1.577059984207153
tgo,1982,1.520300030708313
tgo,1983,1.441210031509399
tgo,1984,1.393069982528687
tgo,1985,1.372779965400696
tgo,1986,1.32411003112793
tgo,1987,1.450929999351501
tgo,1988,1.445989966392517
tgo,1989,1.450330018997192
tgo,1990,1.443199992179871
tgo,1991,1.455170035362244
tgo,1994,1.459329962730408
tgo,1995,1.560289978981018
tgo,1996,1.710919976234436
tgo,1997,1.615170001983643
tgo,1999,1.910339951515198
tgo,2001,1.732349991798401
tgo,2002,1.867859959602356
tgo,2003,1.702900052070618
tgo,2004,1.770079970359802
tgo,2005,1.700970053672791
tgo,2006,1.81129002571106
tgo,2007,1.574699997901917
tgo,2008,1.583619952201843
tgo,2014,1.441259980201721
tgo,2015,1.476789951324463
tgo,2016,1.357800006866455
tgo,2017,1.336320042610168
tgo,2018,1.308339953422546
tgo,2019,1.060920000076294
tgo,2020,1.22163999080658
tgo,2021,1.411180019378662
tha,1973,1.200829982757568
tha,1974,1.180439949035645
tha,2006,1.361089944839478
tha,2007,1.301489949226379
tha,2008,1.233960032463074
tha,2009,1.126850008964539
tjk,2011,1.676100015640259
tjk,2012,1.267910003662109
tjk,2013,1.337080001831055
tjk,2014,1.369330048561096
tjk,2015,1.470679998397827
tjk,2016,1.560130000114441
tjk,2017,1.736889958381653
tkl,2016,1.294549942016602
tkl,2019,1.290120005607605
tkl,2020,1.154420018196106
tkl,2021,1.122509956359863
tkl,2023,0.7785199880599976
tkm,2022,1.28056001663208
tkm,2023,1.079180002212524
tls,2008,1.00504994392395
tls,2009,0.976140022277832
tls,2010,0.7098085583855362
tls,2011,0.6466395501281091
tls,2012,0.7192549070454474
tls,2013,0.6413293386959027
tls,2014,0.4497997563800689
tls,2015,0.3920988896997387
tls,2016,0.4640557040780157
tls,2017,0.3369155682024282
tls,2018,0.4850512708950587
tls,2019,0.4262226481790533
tls,2020,0.4297078335471538
ton,1970,1.348659992218018
ton,1971,1.969390034675598
ton,1974,1.364179968833923
ton,1975,1.391350030899048
ton,1978,1.541949987411499
ton,1982,1.114390015602112
ton,1983,0.7756900191307068
ton,1984,1.069560050964355
ton,1985,0.8026400208473206
ton,1986,0.9851999878883362
ton,1990,0.952310025691986
ton,1993,1.082090020179749
ton,1998,1.044250011444092
ton,1999,1.557420015335083
tto,1971,0.7880899906158447
tto,1972,0.8242599964141846
tto,1973,0.8275099992752075
tto,1974,0.8452900052070618
tto,1975,0.8463000059127808
tto,1976,0.7656599879264832
tto,1977,1.008129954338074
tto,1978,0.9092599749565125
tto,1979,0.8983799815177917
tto,1980,0.9244499802589417
tto,1981,0.7936199903488159
tto,1982,0.8688099980354309
tto,1983,0.7091500163078308
tto,1984,0.8317899703979492
tto,1985,0.8167600035667419
tto,1986,0.8494700193405151
tto,1987,0.8870499730110168
tto,1988,0.8596100211143494
tto,1989,0.9026399850845336
tto,1990,0.7292500138282776
tto,1991,0.9591000080108644
tto,1992,0.9629200100898744
tto,1993,0.9356399774551392
tto,1996,0.9735999703407288
tto,1997,0.9405199885368348
tto,1999,0.8047900199890137
tto,2000,0.8477799892425537
tto,2001,0.8663899898529053
tto,2002,0.7789499759674072
tto,2003,0.948300004005432
tto,2004,0.8873400092124939
tto,2005,0.9396899938583374
tto,2007,1.227190017700195
tto,2008,0.969630002975464
tto,2009,1.270089983940125
tto,2010,0.9768499732017516
tto,2023,0.9516800045967102
tun,1971,1.814249992370605
tun,1975,1.692710041999817
tun,1978,1.631719946861267
tun,1979,1.621209979057312
tun,1980,1.6455899477005
tun,1981,1.63821005821228
tun,1982,1.630030035972595
tun,1983,1.651370048522949
tun,1984,1.67917001247406
tun,1985,1.640640020370483
tun,1986,1.614529967308044
tun,1987,1.586040019989014
tun,1988,1.557180047035217
tun,1989,1.554010033607483
tun,1990,1.463279962539673
tun,1991,1.484210014343262
tun,1992,1.496670007705688
tun,1993,1.509070038795471
tun,1994,1.488980054855347
tun,1995,1.46340000629425
tun,1996,1.400169968605042
tun,1997,1.254119992256165
tun,1999,1.109240055084229
tun,2000,1.069910049438477
tun,2001,0.8827400207519531
tun,2002,0.5607200264930725
tun,2003,0.2607200145721436
tun,2004,0.0822800025343895
tun,2005,0.6666600108146667
tun,2006,0.6219900250434875
tun,2007,0.8029199838638306
tun,2008,0.8220199942588806
tun,2009,0.7538899779319763
tun,2010,0.6586599946022034
tun,2011,0.6215000152587891
tun,2020,0.2750000059604645
tun,2021,0.2808000147342682
tun,2022,0.344080001115799
tun,2023,0.2752699851989746
tur,1974,1.357570052146912
tur,1994,1.333140015602112
tur,1995,1.294659972190857
tur,1997,1.35834002494812
tur,2014,0.587939977645874
tur,2015,0.832610011100769
tur,2016,0.8029800057411194
tur,2017,0.5469200015068054
tuv,2016,1.435130000114441
tuv,2019,1.247660040855408
tza,1981,1.029309988021851
tza,1982,0.9890300035476683
tza,1983,0.9613400101661682
tza,1985,0.9476199746131896
tza,1986,0.9348599910736084
tza,1987,0.9513700008392334
tza,1988,0.9534900188446044
tza,1989,0.9640300273895264
tza,1990,0.9727100133895874
tza,1991,0.9790899753570556
tza,1992,0.9848399758338928
tza,1993,0.9778800010681152
tza,1994,0.969860017299652
tza,1995,0.971679985523224
tza,1996,0.9721099734306335
tza,1997,0.968559980392456
tza,1998,0.9643800258636476
tza,1999,0.9619799852371216
tza,2000,0.9650200009346008
tza,2001,0.989449977874756
tza,2002,1.031460046768188
tza,2003,1.087900042533875
tza,2004,1.098359942436218
tza,2005,1.144530057907104
tza,2006,1.21668004989624
tza,2008,1.142850041389465
tza,2010,0.8810099959373474
tza,2011,0.994795068826997
tza,2012,0.8525973993675813
tza,2013,0.861630995331809
tza,2014,0.8311399817466736
tza,2015,0.8408899903297424
tza,2016,0.8110899925231934
tza,2017,0.8322200179100037
tza,2018,0.8544407449253659
tza,2019,0.829778404791459
tza,2020,0.8069244358987978
tza,2021,0.7525043206599659
tza,2022,0.7056158381238796
tza,2023,0.6965720288229746
uga,1979,1.115419983863831
uga,1981,1.126670002937317
uga,1982,1.100589990615845
uga,1986,1.158290028572083
uga,2009,0.8025400042533875
uga,2010,0.8615599870681763
uga,2011,0.8109300136566162
uga,2012,0.8082464175987986
uga,2013,0.7104200124740601
uga,2014,0.7595432475940073
uga,2015,0.9002184438359031
uga,2016,0.7980117219415435
uga,2017,0.8233548947578561
ukr,2002,1.009750008583069
ukr,2003,1.001289963722229
ukr,2004,1.057760000228882
ukr,2005,1.065490007400513
ukr,2006,1.060670018196106
ukr,2007,1.035640001296997
ukr,2008,0.9601399898529052
ukr,2009,0.9210699796676636
ukr,2010,0.8939099907875061
ukr,2011,0.8777899742126465
ukr,2012,0.8720999956130981
ukr,2013,0.903540015220642
ukr,2014,0.8865299820899963
ukr,2015,0.913640022277832
ukr,2016,0.9462000131607056
ukr,2017,0.9519500136375428
ukr,2018,0.954259991645813
ukr,2019,0.983370006084442
ukr,2020,0.9846299886703492
ukr,2021,0.9915599822998048
ury,1984,1.075670003890991
ury,1991,0.8231899738311768
ury,1992,0.8124499917030334
ury,1993,0.769819974899292
ury,1994,0.8351399898529053
ury,1995,0.8373299837112427
ury,1996,0.810699999332428
ury,1997,0.8441699743270874
ury,2005,1.614349961280823
ury,2006,1.074569940567017
ury,2007,0.973110020160675
ury,2008,1.076529979705811
ury,2009,1.12228000164032
ury,2010,1.027850031852722
ury,2011,1.132040023803711
ury,2012,1.212530016899109
ury,2013,1.280830025672913
ury,2014,1.013319969177246
ury,2015,1.112339973449707
ury,2023,0.7819342983402718
usa,2005,0.3171499967575073
usa,2013,1.151489973068237
usa,2015,1.113919973373413
usa,2016,1.3227299451828
usa,2018,1.189339995384216
usa,2019,0.8651700019836426
usa,2020,1.036730051040649
usa,2021,1.03245997428894
usa,2022,0.9077200293540956
uzb,2007,1.145679950714111
uzb,2008,1.199569940567017
uzb,2009,1.292700052261353
uzb,2010,1.271147129901677
uzb,2011,1.236967426281282
uzb,2012,1.196834416787641
uzb,2013,1.165202887901357
uzb,2014,1.250416137432284
uzb,2015,1.325590277849568
uzb,2016,1.416462324982068
uzb,2017,1.398170909804124
uzb,2019,1.097726149421386
uzb,2020,1.185168459527714
uzb,2021,0.9879822221939344
uzb,2022,1.039848820666288
uzb,2023,0.9513555509895494
vct,1984,0.7044299840927124
vct,1986,0.6828500032424927
vct,1994,0.0650200024247169
vct,2000,1.350729942321777
vct,2004,0.2199400067329407
vct,2005,0.6635400056838989
vct,2007,0.2789599895477295
ven,1999,0.8609399795532227
ven,2000,0.8021299839019775
ven,2001,0.7347099781036377
ven,2002,0.6011800169944763
ven,2003,0.6958100199699402
ven,2004,0.7124199867248535
ven,2005,0.7248299717903137
ven,2006,0.7498700022697449
ven,2007,0.7197999954223633
ven,2008,0.779420018196106
ven,2009,0.742579996585846
ven,2010,0.6923199892044067
ven,2011,0.689520001411438
ven,2012,1.105170011520386
ven,2013,1.117449998855591
ven,2014,0.8152300119400024
ven,2015,0.9052299857139589
ven,2016,0.9448199868202208
ven,2017,0.9733099937438964
vgb,1983,0.7816299796104431
vgb,1984,1.24905002117157
vgb,1985,0.7944200038909912
vgb,1990,1.689489960670471
vgb,1991,1.727869987487793
vgb,1994,0.3698900043964386
vgb,2000,0.9239599704742432
vgb,2001,0.1615100055932999
vgb,2003,1.847450017929077
vgb,2005,0.9653099775314332
vgb,2006,0.98089998960495
vgb,2012,1.01338005065918
vgb,2013,1.034420013427734
vgb,2014,0.9402999877929688
vgb,2015,1.255290031433105
vgb,2016,1.254240036010742
vgb,2017,1.359549999237061
vgb,2018,1.017070055007935
vgb,2019,1.158239960670471
vgb,2020,1.308169960975647
vgb,2021,0.9544299840927124
vgb,2022,1.090440034866333
vgb,2024,0.8228200078010559
vnm,2021,1.94322568338225
vut,1981,0.5750300288200378
vut,1989,0.956160008907318
vut,1999,1.186149954795837
vut,2000,1.252779960632324
vut,2001,0.9861699938774108
vut,2002,0.7802000045776367
vut,2003,0.9708999991416932
vut,2004,1.167520046234131
vut,2022,1.108318170691906
vut,2023,0.7958429818290299
wsm,1994,1.215780019760132
wsm,1998,0.5675100088119507
wsm,1999,1.163450002670288
wsm,2007,0.7271000146865845
wsm,2009,1.272469997406006
wsm,2012,0.4740765673782109
wsm,2018,0.4544666488375739
wsm,2019,1.144730118977581
wsm,2020,1.587829947471619
wsm,2022,1.340861803338575
wsm,2023,1.307372846208951
yem,1999,1.41034996509552
yem,2003,1.464589953422546
yem,2004,1.4755699634552
yem,2005,1.445240020751953
yem,2008,1.303550004959106
yem,2010,1.353690028190613
yem,2012,1.356199979782104
yem,2013,1.334110021591187
yem,2016,1.239500045776367
zaf,1970,0.9092599749565125
zaf,1991,0.7043899893760681
zaf,1994,0.8443599939346313
zaf,1995,0.8609399795532227
zaf,1998,0.8151500225067139
zaf,1999,0.8006399869918823
zaf,2000,0.8555399775505066
zaf,2001,0.8114399909973145
zaf,2002,0.7809600234031677
zaf,2003,0.7952899932861328
zaf,2004,0.8093699812889099
zaf,2005,0.8006700277328491
zaf,2017,0.4070799946784973
zaf,2018,0.7984600067138672
zaf,2019,0.7879800200462341
zaf,2020,0.803059995174408
zaf,2021,0.0434600003063679
zaf,2022,0.9495000243186952
zmb,1972,1.415240049362183
zmb,1976,1.374449968338013
zmb,1977,1.343430042266846
zmb,1978,1.293529987335205
zmb,1979,1.254629969596863
zmb,1980,1.238870024681091
zmb,1981,1.229009985923767
zmb,1982,1.228270053863525
zmb,1983,1.252820014953613
zmb,1984,1.27853000164032
zmb,1986,1.260640025138855
zmb,1988,1.203850030899048
zmb,1994,1.17218005657196
zmb,1995,1.152390003204346
zmb,1998,1.126880049705505
zmb,1999,1.127239942550659
zmb,2000,1.097579956054688
zmb,2001,1.07423996925354
zmb,2002,1.095849990844727
zmb,2004,1.107159972190857
zmb,2005,1.067109942436218
zmb,2006,0.9385799765586852
zmb,2007,1.196359992027283
zmb,2009,0.971019983291626
zmb,2010,0.979200005531311
zmb,2011,0.987380027770996
zmb,2012,0.8743600249290466
zmb,2013,1.008110046386719
zmb,2017,0.8684800267219543
zwe,1998,0.9733899831771852
zwe,1999,0.9460600018501282
zwe,2000,0.8950099945068359
zwe,2001,0.4674000144004822
zwe,2002,0.7709100246429443
zwe,2003,0.7229999899864197
zwe,2012,0.7932900190353394
zwe,2013,0.8524199241681422
zwe,2014,0.8737176585083755
zwe,2015,0.8989400267601013
zwe,2016,0.92739999294281
zwe,2017,0.8883399963378906
zwe,2018,0.881879985332489
zwe,2019,0.8712199926376343
zwe,2020,0.8931099772453308
zwe,2021,0.7971745559663193
zwe,2022,0.7837192915975504
zwe,2023,0.798099219276753
