country,year,ger_5t8_gpia
abw,1999,1.141469955444336
abw,2000,1.358189940452576
abw,2001,1.362300038337708
abw,2002,1.35643994808197
abw,2003,1.32325005531311
abw,2004,1.333019971847534
abw,2005,1.31793999671936
abw,2006,1.340809941291809
abw,2007,1.303769946098328
abw,2008,1.302549958229065
abw,2009,1.317919969558716
abw,2010,1.304659962654114
abw,2011,1.327980041503906
abw,2012,1.324810028076172
abw,2013,1.539350032806396
abw,2014,1.56370997428894
abw,2015,1.554530024528503
abw,2016,1.488590002059937
afg,1970,0.1720699965953827
afg,1972,0.1555899977684021
afg,1973,0.1869699954986572
afg,1974,0.1628900021314621
afg,1975,0.1639499962329865
afg,1976,0.1641899943351746
afg,1977,0.263839989900589
afg,1978,0.2354400008916855
afg,1979,0.1847299933433533
afg,1986,0.1597400009632111
afg,1990,0.44064000248909
afg,2003,0.2661100029945374
afg,2004,0.2661300003528595
afg,2009,0.2285999953746796
afg,2011,0.3332799971103668
afg,2014,0.2668099999427795
afg,2018,0.3397699892520905
afg,2020,0.3809199929237366
ago,1990,0.1913699954748154
ago,1998,0.6880199909210205
ago,1999,0.6315500140190125
ago,2002,0.6545600295066833
ago,2011,0.3738499879837036
ago,2013,0.8066400289535522
ago,2015,0.7952799797058105
ago,2016,0.8364999890327454
ago,2017,0.8196281317185008
ago,2018,0.8198169958837584
ago,2019,0.901112518392434
ago,2023,0.977180004119873
aia,1998,0.0
aia,1999,0.0
aia,2000,0.0
aia,2001,0.0
aia,2002,0.0
aia,2003,2.0
aia,2004,1.756319999694824
aia,2005,1.670079946517944
aia,2006,1.784479975700378
aia,2007,1.792080044746399
aia,2008,1.798410058021545
alb,1971,0.5110300183296204
alb,1972,0.5062000155448914
alb,1978,0.8349900245666504
alb,1981,1.024359941482544
alb,1983,0.94624000787735
alb,1984,0.8951900005340576
alb,1985,0.8431500196456909
alb,1986,0.8568500280380249
alb,1987,0.9301199913024902
alb,1988,1.005800008773804
alb,1989,1.043560028076172
alb,1990,1.078060030937195
alb,1991,1.073519945144653
alb,1992,1.084159970283508
alb,1993,1.023849964141846
alb,1994,1.108929991722107
alb,1995,1.074609994888306
alb,1996,1.100880026817322
alb,1997,1.187049984931946
alb,1998,1.18080997467041
alb,1999,1.266630053520203
alb,2002,1.339120030403137
alb,2003,1.357710003852844
alb,2004,1.360270023345947
alb,2005,1.325590014457703
alb,2006,1.282160043716431
alb,2007,1.294209957122803
alb,2008,1.253700017929077
alb,2009,1.26662003993988
alb,2010,1.247089982032776
alb,2011,1.237660050392151
alb,2012,1.241099953651428
alb,2013,1.24495005607605
alb,2014,1.260640025138855
alb,2015,1.265730023384094
alb,2016,1.30718994140625
alb,2017,1.327489972114563
alb,2018,1.327460050582886
alb,2019,1.319609999656677
alb,2020,1.33485996723175
alb,2021,1.352280020713806
alb,2022,1.323639988899231
alb,2023,1.31521999835968
and,2002,1.034080028533936
and,2003,0.9706400036811828
and,2004,0.9556000232696532
and,2005,1.083809971809387
and,2006,1.196740031242371
and,2008,1.310080051422119
and,2012,1.400500059127808
and,2013,1.36546003818512
and,2014,1.333369970321655
and,2015,1.366379976272583
and,2016,1.287529945373535
and,2017,1.199749946594238
and,2018,1.137719988822937
and,2019,1.150949954986572
and,2020,1.064219951629639
and,2021,1.152799963951111
and,2022,1.036769986152649
and,2023,1.158959984779358
are,2018,1.031610012054443
are,2019,1.133669972419739
are,2020,1.299589991569519
are,2021,1.175780057907104
are,2022,1.201900005340576
are,2023,1.226029992103577
arg,1970,0.7545099854469299
arg,1971,0.8258100152015686
arg,1972,0.8621000051498413
arg,1973,0.8431400060653687
arg,1974,0.8339800238609314
arg,1975,0.9180899858474731
arg,1976,0.9262499809265136
arg,1977,0.924839973449707
arg,1978,1.016289949417114
arg,1979,1.00108003616333
arg,1980,1.032230019569397
arg,1981,1.138139963150024
arg,1982,1.133730053901672
arg,1983,1.154019951820374
arg,1984,1.138910055160522
arg,1985,1.113379955291748
arg,1986,1.130949974060059
arg,1987,1.142539978027344
arg,1999,1.40050995349884
arg,2000,1.366289973258972
arg,2001,1.335090041160583
arg,2002,1.336740016937256
arg,2003,1.345989942550659
arg,2004,1.304659962654114
arg,2005,1.320880055427551
arg,2006,1.351670026779175
arg,2007,1.352360010147095
arg,2008,1.353739976882935
arg,2009,1.348440051078796
arg,2010,1.347169995307922
arg,2011,1.369420051574707
arg,2012,1.37319004535675
arg,2013,1.386780023574829
arg,2014,1.39040994644165
arg,2015,1.396469950675964
arg,2016,1.405279994010925
arg,2017,1.407850027084351
arg,2018,1.404790043830872
arg,2019,1.41523003578186
arg,2020,1.427479982376099
arg,2021,1.461189985275269
arg,2022,1.460150003433228
arm,2000,1.221709966659546
arm,2001,1.240579962730408
arm,2002,1.236140012741089
arm,2003,1.202900052070618
arm,2004,1.26816999912262
arm,2005,1.259979963302612
arm,2006,1.221770048141479
arm,2007,1.214580059051514
arm,2008,1.215829968452454
arm,2009,1.181130051612854
arm,2010,1.165650010108948
arm,2011,1.138389945030212
arm,2012,1.139899969100952
arm,2013,1.108039975166321
arm,2014,1.122200012207031
arm,2015,1.167940020561218
arm,2016,1.216599941253662
arm,2017,1.207460045814514
arm,2018,1.226609945297241
arm,2019,1.207129955291748
arm,2020,1.237849950790405
arm,2021,1.216490030288696
arm,2022,1.214720010757446
arm,2023,1.236199975013733
asm,1971,0.0
asm,1989,1.166939973831177
atg,2009,1.563359975814819
atg,2010,1.627760052680969
atg,2011,1.512109994888306
atg,2012,1.544029951095581
aus,1970,0.5062900185585022
aus,1971,0.5369099974632263
aus,1972,0.5613099932670593
aus,1973,0.5941200256347656
aus,1974,0.6549599766731262
aus,1975,0.7037699818611145
aus,1976,0.7577599883079529
aus,1977,0.7725899815559387
aus,1978,0.8079000115394592
aus,1979,0.8360499739646912
aus,1980,0.8541300296783447
aus,1981,0.8466399908065796
aus,1982,0.8636999726295471
aus,1983,0.8889399766921997
aus,1984,0.9025999903678894
aus,1985,0.9444299936294556
aus,1986,0.988759994506836
aus,1987,1.04186999797821
aus,1988,1.076120018959045
aus,1989,1.111209988594055
aus,1990,1.132150053977966
aus,1991,1.153020024299622
aus,1992,1.158830046653748
aus,1993,0.9902200102806092
aus,1994,1.011710047721863
aus,1995,1.042969942092896
aus,1996,1.061190009117126
aus,1997,1.069049954414368
aus,2015,1.300430059432983
aus,2016,1.297749996185303
aus,2017,1.299909949302673
aus,2018,1.270810008049011
aus,2019,1.279680013656616
aus,2020,1.298910021781921
aus,2021,1.32912003993988
aus,2022,1.332370042800903
aus,2023,1.315899968147278
aut,1971,0.4264200031757355
aut,1972,0.4799999892711639
aut,1973,0.5263400077819824
aut,1974,0.5478100180625916
aut,1975,0.5881699919700623
aut,1976,0.6181300282478333
aut,1977,0.6383399963378906
aut,1978,0.6747599840164185
aut,1979,0.6981499791145325
aut,1980,0.7218800187110901
aut,1981,0.7374500036239624
aut,1982,0.7656599879264832
aut,1983,0.7991999983787537
aut,1984,0.8146100044250488
aut,1985,0.8352199792861938
aut,1986,0.8560799956321716
aut,1987,0.8629900217056274
aut,1988,0.8758000135421753
aut,1989,0.8734999895095825
aut,1990,0.8796200156211853
aut,1991,0.8658900260925293
aut,1992,0.8751099705696106
aut,1993,0.8890200257301331
aut,1994,0.9044700264930724
aut,1995,0.9343900084495544
aut,1996,0.9572399854660034
aut,1997,0.9742199778556824
aut,1998,0.9986299872398376
aut,2013,1.169270038604736
aut,2014,1.163769960403442
aut,2015,1.165850043296814
aut,2016,1.172189950942993
aut,2017,1.172970056533813
aut,2018,1.175969958305359
aut,2019,1.184739947319031
aut,2020,1.190340042114258
aut,2021,1.208160042762756
aut,2022,1.22107994556427
aut,2023,1.228909969329834
aze,2006,1.044939994812012
aze,2007,1.019160032272339
aze,2008,0.9814299941062928
aze,2009,0.986810028553009
aze,2010,0.9893699884414672
aze,2011,1.016029953956604
aze,2012,1.045519948005676
aze,2013,1.101410031318665
aze,2014,1.124300003051758
aze,2015,1.139670014381409
aze,2016,1.158259987831116
aze,2017,1.137480020523071
aze,2018,1.134520053863525
aze,2019,1.147130012512207
aze,2020,1.138409972190857
aze,2021,1.157909989356995
aze,2022,1.161829948425293
aze,2023,1.192600011825562
bdi,1971,0.0571499988436699
bdi,1972,0.0750799998641014
bdi,1973,0.1181399971246719
bdi,1974,0.2276500016450882
bdi,1975,0.1233899965882301
bdi,1976,0.124719999730587
bdi,1979,0.2021300047636032
bdi,1980,0.2472600042819977
bdi,1981,0.3250699937343597
bdi,1982,0.3249500095844269
bdi,1984,0.3652899861335754
bdi,1985,0.3527500033378601
bdi,1986,0.3196600079536438
bdi,1987,0.3694700002670288
bdi,1988,0.3313100039958954
bdi,1989,0.3609899878501892
bdi,1990,0.4188899993896484
bdi,1991,0.3618299961090088
bdi,1992,0.358269989490509
bdi,1993,0.3583599925041199
bdi,1998,0.4095799922943115
bdi,1999,0.4185599982738495
bdi,2000,0.3649500012397766
bdi,2001,0.3720299899578094
bdi,2002,0.4340499937534332
bdi,2004,0.3794400095939636
bdi,2005,0.3784700036048889
bdi,2006,0.4351800084114075
bdi,2010,0.5420699715614319
bdi,2012,0.4864367051442309
bdi,2013,0.4467239627643435
bdi,2014,0.322933698819103
bdi,2015,0.330195652827219
bdi,2016,0.4934692465682652
bdi,2017,0.5313644298654987
bdi,2018,0.6139277976005679
bdi,2019,0.6395453771959475
bdi,2020,0.7101403545379866
bdi,2021,0.77640456527585
bdi,2023,0.7766799926757812
bel,1971,0.5906000137329102
bel,1972,0.607699990272522
bel,1973,0.6620799899101257
bel,1974,0.6940400004386902
bel,1975,0.7233200073242188
bel,1978,0.7626699805259705
bel,1979,0.7496700286865234
bel,1980,0.7770400047302246
bel,1981,0.8278599977493286
bel,1982,0.829800009727478
bel,1983,0.8610000014305115
bel,1984,0.8806300163269043
bel,1985,0.8643100261688232
bel,1986,0.8786600232124329
bel,1987,0.9233499765396118
bel,1988,0.936110019683838
bel,1989,0.9057400226593018
bel,1990,0.9609900116920472
bel,1991,0.9694899916648864
bel,1993,0.9953699707984924
bel,1994,1.011849999427795
bel,1995,1.013399958610535
bel,1996,1.028200030326843
bel,1999,1.125509977340698
bel,2000,1.110339999198914
bel,2001,1.131410002708435
bel,2002,1.14286994934082
bel,2003,1.148589968681335
bel,2004,1.164250016212463
bel,2005,1.18326997756958
bel,2006,1.190879940986633
bel,2007,1.197239995002747
bel,2008,1.201429963111877
bel,2009,1.194560050964355
bel,2010,1.20782995223999
bel,2011,1.212939977645874
bel,2012,1.221220016479492
bel,2013,1.232969999313354
bel,2014,1.236369967460632
bel,2015,1.238440036773682
bel,2016,1.240300059318542
bel,2017,1.240110039710999
bel,2018,1.236400008201599
bel,2019,1.253190040588379
bel,2020,1.253129959106445
bel,2021,1.263100028038025
bel,2022,1.266540050506592
ben,1971,0.0785199999809265
ben,1972,0.1659599989652634
ben,1973,0.169620007276535
ben,1974,0.2058099955320358
ben,1975,0.175479993224144
ben,1976,0.1723500043153763
ben,1978,0.213249996304512
ben,1979,0.2125899940729141
ben,1982,0.2267999947071075
ben,1983,0.1974000036716461
ben,1984,0.2210499942302704
ben,1985,0.213469997048378
ben,1986,0.1843200027942657
ben,1987,0.1844200044870377
ben,1988,0.1597599983215332
ben,1991,0.1476600021123886
ben,1992,0.1823700070381165
ben,1993,0.1934899985790253
ben,1994,0.2062900066375732
ben,1995,0.2066999971866608
ben,1996,0.2208199948072433
ben,1997,0.2307299971580505
ben,1999,0.2457700073719025
ben,2000,0.2461400032043457
ben,2001,0.2465900033712387
ben,2006,0.321179986000061
ben,2007,0.3398799896240234
ben,2008,0.3718900084495544
ben,2009,0.3916899859905243
ben,2010,0.3557099997997284
ben,2011,0.2743000090122223
ben,2012,0.3479900062084198
ben,2013,0.3836599886417389
ben,2014,0.3687700033187866
ben,2015,0.4060100018978119
ben,2016,0.4248700141906738
ben,2017,0.4438199996948242
ben,2018,0.4722799956798553
ben,2019,0.4832000136375427
ben,2020,0.5200099945068359
ben,2021,0.5638200044631958
ben,2022,0.5930600166320801
bfa,1971,0.1712400019168854
bfa,1972,0.1129200011491776
bfa,1973,0.1500100046396255
bfa,1974,0.1991000026464462
bfa,1975,0.2464399933815002
bfa,1976,0.2380100041627884
bfa,1977,0.2590200006961823
bfa,1978,0.2640199959278107
bfa,1979,0.2450000047683716
bfa,1980,0.2807100117206573
bfa,1981,0.2687000036239624
bfa,1982,0.267630010843277
bfa,1983,0.282480001449585
bfa,1984,0.2821699976921082
bfa,1985,0.2945599853992462
bfa,1986,0.298550009727478
bfa,1987,0.3125100135803223
bfa,1988,0.3142499923706055
bfa,1989,0.313289999961853
bfa,1990,0.2944400012493134
bfa,1991,0.2965599894523621
bfa,1992,0.2864899933338165
bfa,1993,0.2909500002861023
bfa,1994,0.3133699893951416
bfa,1995,0.2789900004863739
bfa,1996,0.3134399950504303
bfa,1997,0.2898400127887726
bfa,1999,0.2938799858093262
bfa,2002,0.3446300029754639
bfa,2003,0.2936899960041046
bfa,2005,0.454369992017746
bfa,2006,0.46110999584198
bfa,2007,0.4588199853897095
bfa,2008,0.496289998292923
bfa,2009,0.483130007982254
bfa,2010,0.4765099883079529
bfa,2011,0.491919994354248
bfa,2012,0.4901700019836426
bfa,2013,0.4865599870681763
bfa,2014,0.4789499938488007
bfa,2015,0.5147899985313416
bfa,2016,0.5041400194168091
bfa,2017,0.5134099721908569
bfa,2018,0.5736100077629089
bfa,2019,0.5536999702453613
bfa,2020,0.545229971408844
bfa,2021,0.5883700251579285
bfa,2022,0.6235100030899048
bfa,2023,0.6755399703979492
bgd,1970,0.1137700006365776
bgd,1972,0.1243100017309189
bgd,1974,0.1182100027799606
bgd,1976,0.1481499969959259
bgd,1977,0.1629099994897842
bgd,1978,0.1643200069665909
bgd,1979,0.163770005106926
bgd,1980,0.1632999926805496
bgd,1981,0.1627500057220459
bgd,1982,0.2718900144100189
bgd,1983,0.2271900027990341
bgd,1984,0.2218499928712845
bgd,1985,0.2396000027656555
bgd,1986,0.2410899996757507
bgd,1987,0.2253500074148178
bgd,1988,0.1894699931144714
bgd,1989,0.1905999928712845
bgd,1990,0.1894599944353104
bgd,1999,0.477979987859726
bgd,2000,0.4782499969005585
bgd,2001,0.508679986000061
bgd,2002,0.4679499864578247
bgd,2003,0.4679999947547913
bgd,2004,0.4580399990081787
bgd,2005,0.5005000233650208
bgd,2006,0.5338900089263916
bgd,2007,0.5374500155448914
bgd,2008,0.5446400046348572
bgd,2009,0.5914300084114075
bgd,2011,0.6849152748372198
bgd,2012,0.7119733442293236
bgd,2013,0.7169446427810603
bgd,2014,0.7210492700517386
bgd,2015,0.696338147101824
bgd,2016,0.6782120758713643
bgd,2017,0.6813274576931851
bgd,2018,0.6623991883115753
bgd,2019,0.6495476601232694
bgd,2020,0.7086320995569418
bgd,2021,0.7049297832337075
bgd,2022,0.7085706526071953
bgd,2023,0.742228184497562
bgr,1971,1.057389974594116
bgr,1972,1.151479959487915
bgr,1973,1.180070042610168
bgr,1974,1.219650030136108
bgr,1975,1.268890023231506
bgr,1976,1.284950017929077
bgr,1977,1.31112003326416
bgr,1978,1.42973005771637
bgr,1979,1.310340046882629
bgr,1980,1.289289951324463
bgr,1981,1.254390001296997
bgr,1982,1.18369996547699
bgr,1983,1.159469962120056
bgr,1984,1.175719976425171
bgr,1985,1.184290051460266
bgr,1986,1.195090055465698
bgr,1987,1.222020030021667
bgr,1988,1.232120037078857
bgr,1989,1.186630010604858
bgr,1990,1.134909987449646
bgr,1991,1.096009969711304
bgr,1992,1.161370038986206
bgr,1993,1.280110001564026
bgr,1994,1.324790000915527
bgr,1995,1.371620059013367
bgr,1996,1.409970045089722
bgr,1997,1.396829962730408
bgr,1998,1.390290021896362
bgr,1999,1.351899981498718
bgr,2000,1.290349960327148
bgr,2001,1.263489961624146
bgr,2002,1.194849967956543
bgr,2003,1.159260034561157
bgr,2004,1.151600003242493
bgr,2005,1.139430046081543
bgr,2006,1.184399962425232
bgr,2007,1.190490007400513
bgr,2008,1.242550015449524
bgr,2009,1.247709989547729
bgr,2010,1.243839979171753
bgr,2011,1.231379985809326
bgr,2012,1.217229962348938
bgr,2013,1.218729972839355
bgr,2014,1.206380009651184
bgr,2015,1.216140031814575
bgr,2016,1.192950010299683
bgr,2017,1.188179969787598
bgr,2018,1.182459950447083
bgr,2019,1.191640019416809
bgr,2020,1.190240025520325
bgr,2021,1.205100059509277
bgr,2022,1.232779979705811
bgr,2023,1.252869963645935
bhr,1971,1.311640024185181
bhr,1972,1.378309965133667
bhr,1973,1.508499979972839
bhr,1974,1.380290031433105
bhr,1975,1.368430018424988
bhr,1976,1.441529989242554
bhr,1977,1.436259984970093
bhr,1978,1.149289965629578
bhr,1979,0.9468799829483032
bhr,1980,1.105579972267151
bhr,1981,1.045480012893677
bhr,1982,1.20415997505188
bhr,1985,1.435909986495972
bhr,1986,1.506960034370422
bhr,1987,1.378059983253479
bhr,1988,1.471889972686768
bhr,1991,1.368460059165955
bhr,1992,1.422749996185303
bhr,1993,1.420629978179932
bhr,1994,1.463559985160828
bhr,1995,1.497429966926575
bhr,1996,1.528200030326843
bhr,1999,1.494320034980774
bhr,2003,1.608739972114563
bhr,2005,1.718809962272644
bhr,2006,1.717429995536804
bhr,2011,1.403890013694763
bhr,2012,1.495579957962036
bhr,2013,1.539199948310852
bhr,2014,1.462270021438599
bhr,2015,1.453520059585571
bhr,2016,1.461519956588745
bhr,2017,1.453780055046082
bhr,2018,1.451580047607422
bhr,2019,1.464669942855835
bhr,2020,1.483150005340576
bhr,2021,1.499420046806335
bhr,2022,1.527600049972534
bhr,2023,1.536329984664917
bhs,1988,1.538810014724731
bhs,1995,1.621659994125366
bih,2005,1.226690053939819
bih,2006,1.211060047149658
bih,2007,1.222139954566956
bih,2008,1.241809964179993
bih,2009,1.251099944114685
bih,2010,1.25449001789093
bih,2011,1.25629997253418
bih,2012,1.259220004081726
bih,2013,1.262140035629272
bih,2014,1.280590057373047
bih,2015,1.290719985961914
bih,2016,1.295469999313354
bih,2017,1.305960059165955
bih,2018,1.315369963645935
bih,2019,1.351250052452087
bih,2020,1.364580035209656
bih,2021,1.37811005115509
bih,2022,1.396929979324341
bih,2023,1.403949975967407
blr,1991,1.186910033226013
blr,1996,1.151319980621338
blr,1997,1.209259986877441
blr,1998,1.20933997631073
blr,1999,1.247169971466064
blr,2000,1.253890037536621
blr,2001,1.253859996795654
blr,2002,1.269950032234192
blr,2003,1.275589942932129
blr,2004,1.277529954910278
blr,2005,1.270110011100769
blr,2006,1.274829983711243
blr,2007,1.295650005340576
blr,2008,1.322960019111633
blr,2009,1.324540019035339
blr,2010,1.31072998046875
blr,2011,1.298359990119934
blr,2012,1.284980058670044
blr,2013,1.261229991912842
blr,2014,1.249150037765503
blr,2015,1.247920036315918
blr,2016,1.229169964790344
blr,2017,1.199460029602051
blr,2018,1.156399965286255
blr,2019,1.120919942855835
blr,2020,1.123010039329529
blr,2021,1.128170013427734
blr,2022,1.129690051078796
blr,2023,1.139469981193542
blz,1971,1.568390011787415
blz,1972,1.476189970970154
blz,1974,1.6285400390625
blz,1975,1.304980039596558
blz,2001,1.359400033950806
blz,2002,1.378340005874634
blz,2003,1.341590046882629
blz,2004,1.316609978675842
blz,2005,1.348070025444031
blz,2006,1.384940028190613
blz,2007,1.377799987792969
blz,2008,1.371620059013367
blz,2009,1.393090009689331
blz,2010,1.367020010948181
blz,2011,1.395939946174622
blz,2012,1.397040009498596
blz,2013,1.395040035247803
blz,2014,1.401280045509338
blz,2015,1.386150002479553
blz,2016,1.392320036888123
blz,2017,1.397250056266785
blz,2018,1.406049966812134
blz,2019,1.418849945068359
blz,2020,1.42411994934082
blz,2021,1.411839962005615
blz,2022,1.449190020561218
blz,2023,1.453619956970215
bmu,1979,1.1423100233078
bmu,1980,0.9518499970436096
bmu,1981,1.1143399477005
bmu,2006,1.578570008277893
bmu,2007,1.61847996711731
bmu,2008,1.531949996948242
bmu,2009,1.614169955253601
bmu,2010,1.525670051574707
bmu,2011,1.529309988021851
bmu,2012,1.510220050811768
bmu,2013,1.563699960708618
bmu,2014,1.477970004081726
bmu,2015,1.567950010299683
bmu,2017,1.412739992141724
bmu,2018,1.311820030212402
bmu,2023,1.335579991340637
bra,1970,0.607200026512146
bra,1971,0.6738899946212769
bra,1972,0.8078100085258484
bra,1973,0.8444899916648865
bra,1974,0.9039599895477296
bra,1979,0.9533200263977052
bra,1980,0.940180003643036
bra,1983,1.009349942207336
bra,1988,1.056869983673096
bra,1989,1.080559968948364
bra,1990,1.099220037460327
bra,1991,1.067350029945374
bra,1992,1.075559973716736
bra,1993,1.100260019302368
bra,1994,1.117769956588745
bra,1998,1.189659953117371
bra,1999,1.209550023078918
bra,2012,1.259119987487793
bra,2013,1.260840058326721
bra,2014,1.264610052108765
bra,2015,1.251180052757263
bra,2016,1.262730002403259
bra,2017,1.25383996963501
bra,2018,1.263880014419556
bra,2019,1.271270036697388
bra,2020,1.302029967308044
bra,2021,1.316439986228943
bra,2022,1.316699981689453
brb,1971,0.8442299962043762
brb,1972,0.8679100275039673
brb,1973,0.7946699857711792
brb,1974,0.7899600267410278
brb,1981,1.152060031890869
brb,1984,0.8946700096130371
brb,1985,0.9763200283050536
brb,1989,1.317749977111816
brb,1990,1.348309993743896
brb,1992,1.209609985351563
brb,1999,1.564520001411438
brb,2000,1.626270055770874
brb,2001,1.594220042228699
brb,2007,1.526170015335083
brb,2009,1.5414799451828
brb,2010,1.535719990730286
brb,2011,1.548400044441223
brn,1977,1.35233998298645
brn,1979,1.447360038757324
brn,1983,1.085219979286194
brn,1984,1.538679957389832
brn,1986,1.212970018386841
brn,1987,1.208829998970032
brn,1992,1.335579991340637
brn,1993,1.34987998008728
brn,1994,1.355859994888306
brn,1998,1.520509958267212
brn,1999,1.550150036811829
brn,2000,1.527259945869446
brn,2001,1.492269992828369
brn,2002,1.492269992828369
brn,2003,1.522040009498596
brn,2004,1.546620011329651
brn,2005,1.553920030593872
brn,2006,1.545770049095154
brn,2007,1.517070055007935
brn,2008,1.545439958572388
brn,2009,1.483610033988953
brn,2010,1.498289942741394
brn,2011,1.462829947471619
brn,2012,1.464159965515137
brn,2013,1.492400050163269
brn,2014,1.459669947624207
brn,2015,1.453080058097839
brn,2016,1.43884003162384
brn,2017,1.434527404931815
brn,2018,1.420362725585052
brn,2019,1.428141862759311
brn,2020,1.404979944229126
brn,2021,1.411801524785676
brn,2022,1.407238986691807
brn,2023,1.345058283125721
btn,1978,0.312830001115799
btn,1979,0.4032000005245209
btn,1980,0.29271000623703
btn,1983,0.2148900032043457
btn,1999,0.5931800007820129
btn,2005,0.6758400201797485
btn,2006,0.6329200267791748
btn,2007,0.5963000059127808
btn,2008,0.6258800029754639
btn,2009,0.6649500131607056
btn,2010,0.6723200505078517
btn,2011,0.7758143409967726
btn,2012,0.7892027430893436
btn,2013,0.8485000133514404
btn,2017,1.03168782321761
btn,2018,1.050120103281323
btn,2019,1.056557328783663
btn,2020,1.087292436717817
btn,2021,1.176062472348647
btn,2022,1.056737314362967
btn,2023,1.018890023231506
btn,2024,1.109490055513594
bwa,1970,0.0
bwa,1971,0.0
bwa,1972,0.2870300114154816
bwa,1973,0.3062500059604645
bwa,1974,0.3969799876213074
bwa,1975,0.3985899984836578
bwa,1976,0.4538699984550476
bwa,1977,0.4835099875926971
bwa,1978,0.4719200134277344
bwa,1979,0.5449699759483337
bwa,1980,0.481440007686615
bwa,1981,0.4701800048351288
bwa,1982,0.4379299879074097
bwa,1983,0.4849599897861481
bwa,1984,0.4519999921321869
bwa,1985,0.7524099946022034
bwa,1987,0.7919700145721436
bwa,1991,0.6818699836730957
bwa,1993,0.7528200149536133
bwa,1994,0.6913999915122986
bwa,1995,0.86176997423172
bwa,1996,0.8571400046348572
bwa,1998,0.8682399988174438
bwa,1999,0.8835099935531616
bwa,2000,0.8829100131988525
bwa,2001,0.8742200136184692
bwa,2002,0.94309002161026
bwa,2003,0.9469900131225586
bwa,2004,0.8451099991798401
bwa,2005,0.8466299772262573
bwa,2006,0.7852100133895874
bwa,2014,1.194339990615845
bwa,2015,1.266543971813741
bwa,2016,1.302449941635132
bwa,2017,1.306010007858276
bwa,2018,1.290752115883427
bwa,2019,1.334823310258759
bwa,2020,1.364220593324845
bwa,2021,1.357069969177246
bwa,2022,1.386782076674689
bwa,2023,1.379462914677541
caf,1979,0.2255000025033951
caf,1980,0.1259199976921082
caf,1981,0.0879999995231628
caf,1982,0.1129899993538857
caf,1983,0.0595399998128414
caf,1984,0.1033900007605553
caf,1986,0.1119100004434586
caf,1988,0.1425099968910217
caf,1990,0.1801600009202957
caf,1991,0.1440999954938889
caf,1992,0.1644099950790405
caf,1999,0.1945299953222275
caf,2000,0.1972000002861023
caf,2006,0.2933599948883057
caf,2008,0.36353999376297
caf,2009,0.4456200003623962
caf,2010,0.3013800084590912
caf,2012,0.3479999899864197
can,1976,0.8322200179100037
can,1989,0.9124799966812134
can,1990,1.185999989509583
can,1991,1.189980030059814
can,1992,1.193459987640381
can,1993,1.147160053253174
can,1994,1.139129996299744
can,1995,1.14614999294281
can,1996,1.159330010414124
can,1998,1.242650032043457
can,1999,1.253129959106445
can,2000,1.253710031509399
can,2002,1.26488995552063
can,2007,1.273890018463135
can,2008,1.273090004920959
can,2009,1.273779988288879
can,2010,1.260120034217834
can,2011,1.253710031509399
can,2012,1.253239989280701
can,2013,1.261369943618774
can,2014,1.269430041313171
can,2015,1.275979995727539
can,2016,1.274479985237122
can,2017,1.274539947509766
can,2018,1.272259950637817
can,2019,1.261800050735474
can,2020,1.261710047721863
can,2021,1.274700045585632
can,2022,1.281100034713745
che,1977,0.3645699918270111
che,1978,0.3744699954986572
che,1979,0.3855000138282776
che,1980,0.4075799882411957
che,1981,0.433349996805191
che,1982,0.4540700018405914
che,1983,0.481110006570816
che,1984,0.4936999976634979
che,1985,0.4778299927711487
che,1986,0.4860599935054779
che,1987,0.4859200119972229
che,1988,0.4754799902439117
che,1989,0.4941000044345856
che,1990,0.5269200205802917
che,1991,0.5377600193023682
che,1992,0.5445600152015686
che,1993,0.5625500082969666
che,1994,0.5812600255012512
che,1995,0.595300018787384
che,1996,0.6055899858474731
che,1998,0.7041299939155579
che,1999,0.72639000415802
che,2000,0.7532600164413452
che,2001,0.7563899755477905
che,2002,0.7733299732208252
che,2003,0.8010900020599365
che,2004,0.8242400288581848
che,2005,0.8656499981880188
che,2006,0.9007899761199952
che,2007,0.9247000217437744
che,2008,0.9924100041389464
che,2009,1.01130998134613
che,2010,0.989430010318756
che,2011,1.000190019607544
che,2012,1.003080010414124
che,2013,1.013470053672791
che,2014,1.014279961585999
che,2015,1.03004002571106
che,2016,1.025400042533875
che,2017,1.047950029373169
che,2018,1.054970026016235
che,2019,1.065600037574768
che,2020,1.084879994392395
che,2021,1.103279948234558
che,2022,1.116029977798462
che,2023,1.116299986839294
chl,1970,0.6349200010299683
chl,1971,0.6307600140571594
chl,1972,0.6435400247573853
chl,1975,0.8299300074577332
chl,1976,0.7480300068855286
chl,1977,0.7321000099182129
chl,1978,0.7338600158691406
chl,1979,0.663569986820221
chl,1980,0.7696700096130371
chl,1983,0.7437899708747864
chl,1984,0.7570499777793884
chl,1985,0.7769799828529358
chl,1986,0.7962300181388855
chl,1987,0.8137199878692627
chl,1993,0.8561000227928162
chl,1994,0.8670399785041809
chl,1995,0.8651000261306763
chl,1996,0.8578400015830994
chl,1997,0.878600001335144
chl,1998,0.8806399703025818
chl,1999,0.9186400175094604
chl,2000,0.916450023651123
chl,2002,0.9311500191688538
chl,2003,0.9440500140190125
chl,2004,0.9502999782562256
chl,2005,0.9567099809646606
chl,2006,0.9966099858283995
chl,2007,1.007590055465698
chl,2008,1.027830004692078
chl,2009,1.058089971542358
chl,2010,1.06902003288269
chl,2011,1.090809941291809
chl,2012,1.106230020523071
chl,2013,1.100909948348999
chl,2014,1.104329943656921
chl,2015,1.102439999580383
chl,2016,1.114840030670166
chl,2017,1.130110025405884
chl,2018,1.142210006713867
chl,2019,1.14408004283905
chl,2020,1.155750036239624
chl,2021,1.18094003200531
chl,2022,1.169520020484924
chl,2023,1.16005003452301
chn,1974,0.4636499881744385
chn,1975,0.5326300263404846
chn,1976,0.50586998462677
chn,1977,0.515470027923584
chn,1978,0.4277400076389313
chn,1979,0.3321599960327148
chn,1980,0.3317799866199493
chn,1994,0.525160014629364
chn,2003,0.8322100043296814
chn,2004,0.8933899998664856
chn,2005,0.9141600131988524
chn,2006,0.9589300155639648
chn,2007,0.9962400197982788
chn,2008,1.037199974060059
chn,2009,1.059679985046387
chn,2010,1.082069993019104
chn,2011,1.1039799451828
chn,2012,1.117120027542114
chn,2013,1.134430050849915
chn,2014,1.153650045394897
chn,2015,1.170670032501221
chn,2016,1.184309959411621
chn,2017,1.188199996948242
chn,2018,1.195999979972839
chn,2019,1.199049949645996
chn,2020,1.180699944496155
chn,2021,1.164759993553162
chn,2022,1.145799994468689
chn,2023,1.14205002784729
civ,1971,0.1654099971055984
civ,1972,0.1738100051879883
civ,1973,0.1796299964189529
civ,1974,0.1930799931287766
civ,1976,0.2089499980211258
civ,1977,0.2175399959087372
civ,1979,0.2084700018167496
civ,1980,0.2080699950456619
civ,1987,0.2057500034570694
civ,1994,0.293179988861084
civ,1995,0.3153499960899353
civ,1997,0.3520399928092957
civ,1999,0.3483699858188629
civ,2007,0.4985699951648712
civ,2008,0.544160008430481
civ,2009,0.5193700194358826
civ,2010,0.5023599863052368
civ,2011,0.6517300009727478
civ,2013,0.5915300250053406
civ,2014,0.5534300208091736
civ,2015,0.6315000057220459
civ,2016,0.6738700270652771
civ,2017,0.696619987487793
civ,2019,0.790090024471283
civ,2020,0.8471300005912781
civ,2021,0.8614199757575989
civ,2022,0.8628100156784058
civ,2023,0.9348000288009644
cmr,1971,0.0829399973154068
cmr,1972,0.1001600027084351
cmr,1973,0.1254899948835373
cmr,1974,0.1260699927806854
cmr,1975,0.1563100069761276
cmr,2002,0.6354100108146667
cmr,2003,0.6355900168418884
cmr,2004,0.6357799768447876
cmr,2005,0.6554099917411804
cmr,2006,0.7201399803161621
cmr,2007,0.7848100066184998
cmr,2008,0.7910299897193909
cmr,2009,0.7867599725723267
cmr,2010,0.8108400106430054
cmr,2011,0.7326400279998779
cmr,2012,0.7702800035476685
cmr,2013,0.7711600065231323
cmr,2014,0.7762500047683716
cmr,2015,0.7994800209999084
cmr,2016,0.8766800165176392
cmr,2017,0.8087199926376343
cmr,2018,0.880620002746582
cmr,2019,0.8673999905586243
cmr,2020,0.7969099879264832
cmr,2021,0.7930399775505066
cmr,2022,0.8049100041389465
cmr,2023,0.8286100029945374
cod,1971,0.0567100010812283
cod,1972,0.0684100016951561
cod,1974,0.1029900014400482
cod,2007,0.3488300144672394
cod,2008,0.3535299897193909
cod,2009,0.3088699877262115
cod,2011,0.4440799951553345
cod,2012,0.5483400225639343
cod,2013,0.4520500004291534
cod,2016,0.5552200078964233
cod,2020,0.5923100113868713
cog,1971,0.0510100014507771
cog,1972,0.0738100036978722
cog,1975,0.090889997780323
cog,1976,0.1090499982237816
cog,1977,0.1403799951076508
cog,1978,0.15242999792099
cog,1980,0.1663900017738342
cog,1981,0.175029993057251
cog,1982,0.1538700014352798
cog,1983,0.154339998960495
cog,1984,0.175589993596077
cog,1985,0.1785899996757507
cog,1986,0.1817400008440018
cog,1988,0.2157599925994873
cog,1989,0.1748100072145462
cog,1990,0.1931699961423874
cog,1991,0.2124900072813034
cog,1992,0.228070005774498
cog,1999,0.269899994134903
cog,2000,0.3175199925899506
cog,2001,0.1378799974918365
cog,2002,0.1919399946928024
cog,2003,0.4089199900627136
cog,2009,0.2103700041770935
cog,2011,0.5829300284385681
cog,2012,0.6266700029373169
cog,2013,0.7505099773406982
cog,2015,0.6955248630821596
cog,2017,0.6697700023651123
cog,2023,0.6690599918365479
cok,1970,0.0
cok,1971,0.0
cok,1972,0.0
cok,1973,0.0
cok,1974,0.0
cok,1975,0.0
cok,1976,0.0
cok,1977,0.0
cok,1978,0.0
cok,1979,0.0
cok,1980,0.0
cok,1981,0.0
cok,1982,0.0
cok,1983,0.0
cok,1984,0.0
cok,1985,0.0
cok,1986,0.0
cok,1987,0.0
cok,1988,0.0
cok,1989,0.0
cok,1990,0.0
cok,1991,0.0
cok,1992,0.0
cok,1993,0.0
cok,1994,0.0
cok,1995,0.0
cok,1996,0.0
cok,1997,0.0
cok,1998,0.0
cok,1999,0.0
cok,2000,0.0
cok,2001,0.0
cok,2002,0.0
cok,2003,0.0
cok,2004,0.0
cok,2005,0.0
cok,2006,0.0
cok,2007,0.0
cok,2008,0.0
cok,2009,0.0
cok,2010,0.0
cok,2011,0.0
cok,2012,1.081670045852661
cok,2023,1.923580050468445
col,1970,0.3718400001525879
col,1974,0.5499500036239624
col,1975,0.5835199952125549
col,1977,0.6530699729919434
col,1978,0.6908100247383118
col,1979,0.7222999930381775
col,1980,0.824970006942749
col,1981,0.8208299875259399
col,1982,0.8671299815177917
col,1984,0.939930021762848
col,1985,0.9682700037956238
col,1986,0.9754899740219116
col,1987,0.9969199895858764
col,1988,0.9646099805831908
col,1989,1.08939003944397
col,1991,1.068879961967468
col,1995,1.050060033798218
col,1996,1.09309995174408
col,1997,1.120779991149902
col,1998,1.009490013122559
col,1999,1.101639986038208
col,2000,1.052019953727722
col,2001,1.061840057373047
col,2002,1.049839973449707
col,2004,1.047719955444336
col,2005,1.051030039787292
col,2006,1.058640003204346
col,2007,1.062980055809021
col,2008,0.9707199931144714
col,2009,1.029410004615784
col,2010,1.071709990501404
col,2011,1.074620008468628
col,2012,1.102419972419739
col,2013,1.117779970169067
col,2014,1.126260042190552
col,2015,1.134469985961914
col,2016,1.133859992027283
col,2017,1.136279940605164
col,2018,1.135419964790344
col,2019,1.125509977340698
col,2020,1.135540008544922
col,2021,1.151370048522949
col,2022,1.154189944267273
com,1990,0.1583400070667267
com,1992,0.3592700064182281
com,1999,0.6533499956130981
com,2000,0.6397899985313416
com,2003,0.6916199922561646
com,2009,0.6432700157165527
com,2010,0.6905900239944458
com,2011,0.7500500082969666
com,2012,0.8443899750709534
com,2013,0.8582299947738647
com,2014,0.7905899882316589
cpv,2000,1.065919995307922
cpv,2001,1.075719952583313
cpv,2002,1.085379958152771
cpv,2003,1.161360025405884
cpv,2004,1.159420013427734
cpv,2005,1.110890030860901
cpv,2006,1.155570030212402
cpv,2007,1.239279985427856
cpv,2008,1.266510009765625
cpv,2009,1.288059949874878
cpv,2010,1.255130052566528
cpv,2011,1.294880032539368
cpv,2012,1.302199959754944
cpv,2013,1.333320021629333
cpv,2014,1.337360024452209
cpv,2015,1.336320042610168
cpv,2016,1.356590032577515
cpv,2017,1.357890009880066
cpv,2018,1.362579941749573
cri,1970,0.7949100136756897
cri,1971,0.8210899829864502
cri,1972,0.8130099773406982
cri,2004,1.179589986801147
cri,2011,1.20441997051239
cri,2012,1.199270009994507
cri,2013,1.179340004920959
cri,2014,1.189409971237183
cri,2015,1.23074996471405
cri,2016,1.18638002872467
cri,2017,1.202559947967529
cri,2018,1.172500014305115
cri,2019,1.177230000495911
cub,1971,0.6738499999046326
cub,1972,0.5421199798583984
cub,1973,0.4827300012111664
cub,1974,0.5649099946022034
cub,1975,0.5750200152397156
cub,1977,0.6975899934768677
cub,1979,0.8211299777030945
cub,1980,0.8893600106239319
cub,1981,0.9642500281333924
cub,1982,1.092970013618469
cub,1983,1.12119996547699
cub,1984,1.137549996376038
cub,1985,1.175310015678406
cub,1986,1.188820004463196
cub,1987,1.23022997379303
cub,1988,1.245569944381714
cub,1989,1.289620041847229
cub,1990,1.303369998931885
cub,1991,1.299280047416687
cub,1992,1.31988000869751
cub,1993,1.306650042533875
cub,1994,1.280580043792725
cub,1995,1.322190046310425
cub,1996,1.357360005378723
cub,1997,1.372230052947998
cub,1998,1.386680006980896
cub,1999,1.169780015945435
cub,2000,1.181669950485229
cub,2001,1.13716995716095
cub,2002,1.210780024528503
cub,2003,1.2637699842453
cub,2004,1.42796003818512
cub,2005,1.422469973564148
cub,2006,1.388839960098267
cub,2007,1.457249999046326
cub,2008,1.403959989547729
cub,2009,1.401550054550171
cub,2010,1.394400000572205
cub,2011,1.391589999198914
cub,2012,1.34689998626709
cub,2013,1.39480996131897
cub,2015,1.277809977531433
cub,2016,1.276520013809204
cub,2017,1.399279952049255
cub,2018,1.363469958305359
cub,2019,1.393270015716553
cub,2020,1.449329972267151
cub,2021,1.457100033760071
cub,2022,1.500826010696301
cub,2023,1.465649962425232
cuw,2013,1.576820015907288
cym,2006,1.57234001159668
cym,2007,1.535429954528809
cym,2008,1.50953996181488
cyp,2000,1.23921000957489
cyp,2001,1.267420053482056
cyp,2002,1.205510020256042
cyp,2003,1.023380041122437
cyp,2004,0.9667500257492064
cyp,2005,1.120350003242493
cyp,2006,1.073909997940063
cyp,2007,1.04489004611969
cyp,2008,1.013460040092468
cyp,2009,0.9194499850273132
cyp,2010,0.8969600200653076
cyp,2011,1.031450033187866
cyp,2012,1.151859998703003
cyp,2013,1.225170016288757
cyp,2014,1.295459985733032
cyp,2015,1.263470053672791
cyp,2016,1.170289993286133
cyp,2017,1.155050039291382
cyp,2018,1.076470017433167
cyp,2019,1.059419989585876
cyp,2020,1.10846996307373
cyp,2021,1.218670010566711
cyp,2022,1.3228600025177
cze,1971,0.5867800116539001
cze,1972,0.579800009727478
cze,1973,0.5982000231742859
cze,1974,0.6185299754142761
cze,1975,0.6422899961471558
cze,1976,0.6557400226593018
cze,1977,0.6771000027656555
cze,1978,0.6770099997520447
cze,1979,0.677839994430542
cze,1980,0.6896899938583374
cze,1981,0.7079100012779236
cze,1982,0.7238600254058838
cze,1983,0.7478299736976624
cze,1984,0.7536200284957886
cze,1985,0.743340015411377
cze,1986,0.7546799778938293
cze,1987,0.7500200271606445
cze,1988,0.7634000182151794
cze,1989,0.8001400232315063
cze,1990,0.7874600291252136
cze,1991,0.8099700212478638
cze,1992,0.8296700119972229
cze,1993,0.83024001121521
cze,1994,0.9678999781608582
cze,1995,0.9620500206947328
cze,1996,0.918429970741272
cze,1997,0.9797199964523317
cze,1998,0.9664000272750854
cze,1999,1.029240012168884
cze,2000,1.033869981765747
cze,2001,1.046210050582886
cze,2002,1.086429953575134
cze,2003,1.066679954528809
cze,2004,1.088479995727539
cze,2005,1.134909987449646
cze,2006,1.176939964294434
cze,2007,1.207890033721924
cze,2008,1.236770033836365
cze,2009,1.270849943161011
cze,2010,1.277789950370789
cze,2011,1.285730004310608
cze,2012,1.285470008850098
cze,2013,1.290089964866638
cze,2014,1.283640027046204
cze,2015,1.288959980010986
cze,2016,1.2880699634552
cze,2017,1.289250016212463
cze,2018,1.282289981842041
cze,2019,1.282500028610229
cze,2020,1.286209940910339
cze,2021,1.27947998046875
cze,2022,1.291069984436035
deu,1992,0.7412599921226501
deu,1993,0.7660700082778931
deu,1994,0.7749300003051758
deu,1995,0.8026700019836426
deu,1996,0.8397600054740906
deu,1997,0.8774899840354919
deu,2013,0.9315000176429749
deu,2014,0.9468799829483032
deu,2015,0.976199984550476
deu,2016,1.025400042533875
deu,2017,1.040779948234558
deu,2018,1.052970051765442
deu,2019,1.038290023803711
deu,2020,1.061329960823059
deu,2021,1.075680017471313
deu,2022,1.081429958343506
deu,2023,1.090330004692078
dji,1976,0.0
dji,1981,0.0
dji,1986,0.0
dji,1991,0.0
dji,1992,0.4306299984455109
dji,1993,1.201040029525757
dji,1994,1.022009968757629
dji,1996,0.883430004119873
dji,1997,0.7892799973487854
dji,1999,1.03245997428894
dji,2000,0.880020022392273
dji,2001,0.7156599760055542
dji,2002,0.8014199733734131
dji,2003,0.6934199929237366
dji,2004,0.8135799765586853
dji,2005,0.7201899886131287
dji,2006,0.6711599826812744
dji,2007,0.6839100122451782
dji,2008,0.6741499900817871
dji,2009,0.6927499771118164
dji,2010,0.6860499978065491
dji,2011,0.671779990196228
dma,1981,0.3007499873638153
dma,1984,1.841689944267273
dma,1985,1.501270055770874
dma,1989,1.720569968223572
dma,1991,0.7321299910545349
dma,1992,1.224840044975281
dma,1993,0.9163399934768676
dnk,1971,0.6134399771690369
dnk,1972,0.7458800077438354
dnk,1973,0.798039972782135
dnk,1974,0.8204399943351746
dnk,1976,0.8399400115013123
dnk,1977,0.9297500252723694
dnk,1978,0.9132800102233888
dnk,1979,0.9192500114440918
dnk,1980,0.9815199971199036
dnk,1981,0.9987800121307372
dnk,1982,1.025030016899109
dnk,1983,0.998960018157959
dnk,1984,1.01665997505188
dnk,1985,1.024309992790222
dnk,1986,1.027879953384399
dnk,1987,1.049370050430298
dnk,1988,1.072960019111633
dnk,1989,1.090610027313232
dnk,1990,1.106209993362427
dnk,1991,1.128350019454956
dnk,1992,1.142140030860901
dnk,1993,1.075260043144226
dnk,1994,1.084290027618408
dnk,1995,1.103800058364868
dnk,1996,1.176959991455078
dnk,1998,1.224269986152649
dnk,1999,1.249709963798523
dnk,2000,1.267150044441223
dnk,2001,1.246960043907166
dnk,2002,1.276630043983459
dnk,2003,1.289440035820007
dnk,2004,1.290560007095337
dnk,2005,1.281020045280457
dnk,2006,1.283660054206848
dnk,2007,1.290899991989136
dnk,2008,1.306100010871887
dnk,2009,1.313940048217773
dnk,2010,1.309190034866333
dnk,2011,1.294849991798401
dnk,2012,1.286520004272461
dnk,2013,1.27278995513916
dnk,2014,1.284649968147278
dnk,2015,1.281129956245422
dnk,2016,1.262850046157837
dnk,2017,1.264230012893677
dnk,2018,1.265269994735718
dnk,2019,1.271559953689575
dnk,2020,1.274270057678223
dnk,2021,1.272169947624207
dnk,2022,1.283949971199036
dnk,2023,1.28236997127533
dom,1971,0.7746700048446655
dom,1972,0.7731299996376038
dom,1973,0.8069900274276733
dom,1975,0.8840799927711487
dom,1997,1.277179956436157
dom,2003,1.365419983863831
dom,2012,1.373059988021851
dom,2014,1.378990054130554
dom,2015,1.45290994644165
dom,2016,1.439869999885559
dom,2017,1.441879987716675
dom,2020,1.458060026168823
dom,2021,1.487509965896606
dom,2022,1.483979940414429
dza,2004,1.106930017471313
dza,2005,1.243899941444397
dza,2006,1.228170037269592
dza,2007,1.304649949073792
dza,2009,1.326230049133301
dza,2010,1.334030032157898
dza,2011,1.339840054512024
dza,2012,1.354249954223633
dza,2013,1.365749955177307
dza,2014,1.375010013580322
dza,2015,1.387459993362427
dza,2016,1.425279974937439
dza,2017,1.348530054092407
dza,2018,1.408789992332458
dza,2019,1.404950022697449
dza,2020,1.410660028457642
dza,2021,1.392699956893921
dza,2022,1.417490005493164
dza,2023,1.341969966888428
ecu,1971,0.4356400072574615
ecu,1972,0.4342400133609772
ecu,1973,0.4721100032329559
ecu,1979,0.5557699799537659
ecu,1980,0.5684199929237366
ecu,1984,0.6426699757575989
ecu,1988,0.6721600294113159
ecu,2008,1.132650017738342
ecu,2012,1.236729979515076
ecu,2015,1.138299942016602
ecu,2018,1.12608003616333
ecu,2019,1.140359997749329
ecu,2020,1.195240020751953
ecu,2022,1.204200029373169
egy,1971,0.3733400106430054
egy,1972,0.3805400133132935
egy,1973,0.4048300087451935
egy,1974,0.4123600125312805
egy,1975,0.4210200011730194
egy,1976,0.4404900074005127
egy,1977,0.4144099950790405
egy,1978,0.4217900037765503
egy,1979,0.4455600082874298
egy,1980,0.4584200084209442
egy,1981,0.4788300096988678
egy,1982,0.4858500063419342
egy,1983,0.4957300126552582
egy,1984,0.489980012178421
egy,1985,0.5234699845314026
egy,1986,0.4470100104808807
egy,1987,0.4218499958515167
egy,1988,0.5161399841308594
egy,1989,0.5366500020027161
egy,1990,0.5537400245666504
egy,1991,0.6123300194740295
egy,2001,0.7993299961090088
egy,2002,0.8248699903488159
egy,2003,0.8745499849319458
egy,2004,0.8132500052452087
egy,2005,0.8452500104904175
egy,2006,0.8817899823188782
egy,2007,0.7647799849510193
egy,2008,0.9342399835586548
egy,2009,0.9003099799156189
egy,2010,0.9194599986076356
egy,2011,0.914550006389618
egy,2012,0.9031299948692322
egy,2013,0.9046099781990052
egy,2014,0.9079999923706056
egy,2015,0.9755600094795228
egy,2016,1.032340049743652
egy,2017,1.039270043373108
egy,2018,1.046820044517517
egy,2020,0.9849900007247924
egy,2022,1.009430050849915
egy,2023,1.00288999080658
egy,2024,1.007109999656677
eri,1995,0.1536200046539307
eri,1996,0.1277499943971634
eri,1998,0.1503800004720688
eri,1999,0.1527999937534332
eri,2000,0.1608799993991852
eri,2001,0.1503600031137466
eri,2002,0.1511600017547607
eri,2004,0.1480100005865097
eri,2009,0.3224200010299683
eri,2010,0.3757100105285645
eri,2014,0.4919700026512146
eri,2015,0.6467999815940857
eri,2016,0.7043399810791016
esp,1971,0.3765600025653839
esp,1972,0.4032500088214874
esp,1973,0.4568400084972382
esp,1974,0.491569995880127
esp,1975,0.5244500041007996
esp,1976,0.5792099833488464
esp,1977,0.6370199918746948
esp,1978,0.6819700002670288
esp,1979,0.6941400170326233
esp,1980,0.7354300022125244
esp,1981,0.7906799912452698
esp,1982,0.8406000137329102
esp,1983,0.8977199792861938
esp,1984,0.957859992980957
esp,1985,0.9666299819946288
esp,1986,1.008679986000061
esp,1987,1.024309992790222
esp,1988,1.053820013999939
esp,1989,1.046350002288818
esp,1990,1.073920011520386
esp,1991,1.088039994239807
esp,1992,1.096699953079224
esp,1993,1.1146399974823
esp,1994,1.089640021324158
esp,1995,1.143970012664795
esp,1996,1.154520034790039
esp,1997,1.156960010528564
esp,1998,1.163259983062744
esp,1999,1.161579966545105
esp,2000,1.152690052986145
esp,2001,1.135679960250854
esp,2002,1.159250020980835
esp,2003,1.160419940948486
esp,2004,1.182929992675781
esp,2005,1.180500030517578
esp,2006,1.184679985046387
esp,2007,1.188850045204163
esp,2008,1.191310048103333
esp,2009,1.192980051040649
esp,2010,1.186519980430603
esp,2011,1.185029983520508
esp,2012,1.176139950752258
esp,2013,1.174880027770996
esp,2014,1.168799996376038
esp,2015,1.161849975585938
esp,2016,1.166990041732788
esp,2017,1.170420050621033
esp,2018,1.178130030632019
esp,2019,1.183599948883057
esp,2020,1.19992995262146
esp,2021,1.207640051841736
esp,2022,1.215350031852722
esp,2023,1.234169960021973
est,1992,1.051429986953735
est,1993,1.039780020713806
est,1994,1.074560046195984
est,1995,1.098760008811951
est,1996,1.129320025444031
est,1997,1.163810014724731
est,1998,1.298400044441223
est,1999,1.307729959487915
est,2000,1.328480005264282
est,2001,1.375900030136108
est,2002,1.407230019569397
est,2003,1.409680008888245
est,2004,1.41277003288269
est,2005,1.405869960784912
est,2006,1.407320022583008
est,2007,1.396960020065308
est,2008,1.412559986114502
est,2009,1.42156994342804
est,2010,1.399880051612854
est,2011,1.367959976196289
est,2012,1.352489948272705
est,2013,1.335989952087402
est,2014,1.338979959487915
est,2015,1.332059979438782
est,2016,1.328199982643127
est,2017,1.331339955329895
est,2018,1.325919985771179
est,2019,1.326769948005676
est,2020,1.337360024452209
est,2021,1.343289971351624
est,2022,1.345070004463196
est,2023,1.335240006446838
eth,1971,0.0810299962759018
eth,1972,0.0777100026607513
eth,1974,0.0940100029110909
eth,1979,0.1411599963903427
eth,1980,0.1934099942445755
eth,1982,0.1496900022029877
eth,1983,0.1387899965047836
eth,1984,0.119889996945858
eth,1986,0.2111299932003021
eth,1987,0.1924699991941452
eth,1988,0.2008000016212463
eth,1989,0.212349995970726
eth,1990,0.2127400040626526
eth,1991,0.2087399959564209
eth,1994,0.2655600011348724
eth,1995,0.2425699979066849
eth,1996,0.2311500012874603
eth,1997,0.2510899901390076
eth,1998,0.2366199940443039
eth,1999,0.2322700023651123
eth,2000,0.2820700109004974
eth,2001,0.2784700095653534
eth,2002,0.3688299953937531
eth,2003,0.3468999862670898
eth,2004,0.3471100032329559
eth,2005,0.3328100144863129
eth,2008,0.3220199942588806
eth,2009,0.4555999934673309
eth,2010,0.4417718206112069
eth,2011,0.4468606975806648
eth,2012,0.4733465149939959
eth,2013,0.4823853619216576
eth,2014,0.4869681116248982
eth,2015,0.5563100007661737
eth,2016,0.5490535378366812
eth,2017,0.5729498290894407
eth,2018,0.5959732916663149
fin,1971,0.9901599884033204
fin,1972,0.983609974384308
fin,1973,0.9922500252723694
fin,1974,1.031059980392456
fin,1975,1.049129962921143
fin,1977,0.9289600253105164
fin,1978,0.9351699948310852
fin,1979,0.9403899908065796
fin,1980,0.9492899775505066
fin,1981,0.9755799770355223
fin,1982,0.998960018157959
fin,1983,1.016839981079102
fin,1984,0.9558799862861632
fin,1985,0.9753699898719788
fin,1986,0.9934099912643432
fin,1987,1.028890013694763
fin,1988,1.052250027656555
fin,1989,1.078590035438538
fin,1990,1.097440004348755
fin,1991,1.11723005771637
fin,1992,1.140200018882751
fin,1993,1.154500007629395
fin,1994,1.152340054512024
fin,1995,1.150079965591431
fin,1996,1.145149946212769
fin,1997,1.147050023078918
fin,1998,1.167770028114319
fin,1999,1.182540059089661
fin,2000,1.174129962921143
fin,2001,1.178230047225952
fin,2002,1.189180016517639
fin,2003,1.168570041656494
fin,2004,1.166149973869324
fin,2005,1.170480012893677
fin,2006,1.183369994163513
fin,2007,1.186239957809448
fin,2008,1.192499995231628
fin,2009,1.186750054359436
fin,2010,1.181810021400452
fin,2011,1.185809969902039
fin,2012,1.175379991531372
fin,2013,1.17451000213623
fin,2014,1.172270059585571
fin,2015,1.170130014419556
fin,2016,1.162760019302368
fin,2017,1.159160017967224
fin,2018,1.160060048103333
fin,2019,1.171700000762939
fin,2020,1.196280002593994
fin,2021,1.202859997749329
fin,2022,1.221259951591492
fin,2023,1.236320018768311
fji,1970,0.4913699924945831
fji,1971,1.157259941101074
fji,1972,0.5701599717140198
fji,1973,0.6633999943733215
fji,1974,0.3986299932003021
fji,1975,0.4095900058746338
fji,1985,0.6087700128555298
fji,1986,0.5292699933052063
fji,2003,1.150069952011108
fji,2004,1.147349953651428
fji,2005,1.144850015640259
fji,2014,1.08804392539499
fji,2015,1.125591927106981
fji,2016,1.054037876342073
fji,2017,1.058725182212529
fji,2018,1.139188280940439
fji,2019,1.192405992624282
fji,2020,1.218703354431678
fji,2021,1.233774496263973
fji,2022,1.293823785813211
fji,2023,1.283110758164514
fra,1979,0.957480013370514
fra,1980,0.873009979724884
fra,1982,0.9567800164222716
fra,1983,0.9836699962615968
fra,1985,1.011980056762695
fra,1986,1.026550054550171
fra,1987,1.041399955749512
fra,1988,1.064229965209961
fra,1989,1.120129942893982
fra,1990,1.119050025939941
fra,1991,1.13329005241394
fra,1992,1.156039953231812
fra,1993,1.172039985656738
fra,1994,1.186779975891113
fra,1995,1.199020028114319
fra,1996,1.198310017585754
fra,1997,1.203719973564148
fra,1998,1.194959998130798
fra,1999,1.203999996185303
fra,2000,1.176409959793091
fra,2001,1.169209957122803
fra,2002,1.187690019607544
fra,2003,1.19310998916626
fra,2004,1.193979978561401
fra,2005,1.202180027961731
fra,2006,1.209640026092529
fra,2007,1.2119300365448
fra,2008,1.209740042686462
fra,2009,1.212839961051941
fra,2010,1.204720020294189
fra,2011,1.201750040054321
fra,2012,1.203619956970215
fra,2013,1.196689963340759
fra,2014,1.195440053939819
fra,2015,1.195320010185242
fra,2016,1.191840052604675
fra,2017,1.194540023803711
fra,2018,1.198969960212708
fra,2019,1.204059958457947
fra,2020,1.220329999923706
fra,2021,1.226869940757751
fra,2022,1.238219976425171
fsm,1979,0.4682700037956238
fsm,1980,0.5672900080680847
fsm,1981,0.3295899927616119
fsm,1982,0.8706899881362915
gab,1971,0.1726099997758865
gab,1972,0.1572100073099136
gab,1973,0.2106100022792816
gab,1976,0.2477699965238571
gab,1977,0.2123900055885315
gab,1978,0.2264699935913086
gab,1979,0.2855199873447418
gab,1980,0.2797099947929382
gab,1983,0.3368600010871887
gab,1984,0.3634099960327148
gab,1987,0.3936800062656403
gab,1988,0.4160799980163574
gab,1989,0.4357399940490723
gab,1990,0.4244399964809418
gab,1999,0.5569800138473511
gab,2001,0.6736599802970886
gab,2003,0.5778499841690063
gab,2019,1.201076260818827
gab,2021,1.3775993448168
gbr,1971,0.5079100131988525
gbr,1972,0.5234400033950806
gbr,1973,0.547290027141571
gbr,1974,0.5730999708175659
gbr,1975,0.5864800214767456
gbr,1976,0.5920799970626831
gbr,1977,0.5880900025367737
gbr,1978,0.5810499787330627
gbr,1979,0.581309974193573
gbr,1980,0.5967299938201904
gbr,1981,0.5973299741744995
gbr,1982,0.6130499839782715
gbr,1983,0.8126000165939331
gbr,1984,0.8560199737548828
gbr,1985,0.867389976978302
gbr,1986,0.8853800296783447
gbr,1987,0.9003700017929077
gbr,1988,0.9116600155830384
gbr,1989,0.8488600254058838
gbr,1990,0.8750399947166443
gbr,1991,0.9125699996948242
gbr,1992,0.9492499828338624
gbr,1993,1.006970047950745
gbr,1994,1.034219980239868
gbr,1995,1.083109974861145
gbr,1996,1.052710056304932
gbr,1997,1.08667004108429
gbr,1998,1.113440036773682
gbr,1999,1.127480030059814
gbr,2000,1.155699968338013
gbr,2001,1.178120017051697
gbr,2002,1.203850030899048
gbr,2003,1.228360056877136
gbr,2004,1.266849994659424
gbr,2005,1.269629955291748
gbr,2006,1.268380045890808
gbr,2007,1.264449954032898
gbr,2008,1.262199997901917
gbr,2009,1.252920031547546
gbr,2010,1.245959997177124
gbr,2011,1.247660040855408
gbr,2012,1.247760057449341
gbr,2013,1.24029004573822
gbr,2014,1.2362300157547
gbr,2015,1.243749976158142
gbr,2016,1.251629948616028
gbr,2017,1.258730053901672
gbr,2018,1.260710000991821
gbr,2019,1.259619951248169
gbr,2020,1.251610040664673
gbr,2021,1.259829998016357
gbr,2022,1.269819974899292
geo,1981,0.8344100117683411
geo,1991,0.8469200134277344
geo,1995,1.172729969024658
geo,1996,1.045230031013489
geo,1997,0.9872900247573853
geo,1999,1.031059980392456
geo,2000,0.9280700087547302
geo,2001,0.920490026473999
geo,2002,0.9521999955177308
geo,2003,0.9107900261878968
geo,2004,0.9782299995422364
geo,2005,0.9691100120544434
geo,2006,1.039950013160706
geo,2007,1.025410056114197
geo,2008,1.107579946517944
geo,2009,1.13971996307373
geo,2010,1.156000018119812
geo,2011,1.13074004650116
geo,2012,1.195619940757751
geo,2013,1.200309991836548
geo,2014,1.178429961204529
geo,2015,1.155339956283569
geo,2016,1.098700046539307
geo,2017,1.077929973602295
geo,2018,1.051429986953735
geo,2019,1.064000010490417
geo,2020,1.084130048751831
geo,2021,1.096250057220459
geo,2022,1.121279954910278
geo,2023,1.13441002368927
gha,1971,0.1565700024366379
gha,1972,0.1518500000238419
gha,1973,0.1650499999523163
gha,1974,0.1894199997186661
gha,1975,0.2563999891281128
gha,1976,0.1913000047206879
gha,1982,0.2622300088405609
gha,1991,0.2948000133037567
gha,1992,0.3025200068950653
gha,1993,0.240449994802475
gha,1994,0.3014400005340576
gha,2005,0.5468699932098389
gha,2006,0.5176900029182434
gha,2007,0.5313799977302551
gha,2008,0.4393100142478943
gha,2009,0.606440007686615
gha,2011,0.6045899987220764
gha,2012,0.6179699897766113
gha,2013,0.6312100291252136
gha,2014,0.6577399969100952
gha,2015,0.6806700229644775
gha,2016,0.7017300128936768
gha,2017,0.7066400051116943
gha,2018,0.7450199723243713
gha,2019,0.8243299722671509
gha,2020,0.8785499930381775
gha,2021,0.9111499786376952
gha,2022,0.9404500126838684
gha,2023,0.9629600048065186
gib,1970,0.0
gib,1971,0.0
gib,1972,0.0
gib,1973,0.0
gib,1974,0.0
gib,1975,0.0
gib,1976,0.0
gib,1977,0.0
gib,1978,0.0
gib,1979,0.0
gib,1980,0.0
gib,1981,0.0
gib,1982,0.0
gib,1983,0.0
gib,1984,0.0
gib,1985,0.0
gib,1986,0.0
gib,1987,0.0
gib,1988,0.0
gib,1989,0.0
gib,1990,0.0
gib,1991,0.0
gib,1992,0.0
gib,1993,0.0
gib,1994,0.0
gib,1995,0.0
gib,1996,0.0
gib,1997,0.0
gib,1999,0.0
gib,2000,0.0
gib,2001,0.0
gib,2002,0.0
gib,2003,0.0
gib,2004,0.0
gib,2005,0.0
gib,2006,0.0
gib,2007,0.0
gib,2008,0.0
gib,2009,0.0
gib,2010,0.0
gin,1971,0.0880400016903877
gin,1975,0.143329992890358
gin,1976,0.2159599959850311
gin,1977,0.2359800040721893
gin,1978,0.2342099994421005
gin,1981,0.2302599996328354
gin,1982,0.2681399881839752
gin,1983,0.2738099992275238
gin,1985,0.3404200077056885
gin,1986,0.1665599942207336
gin,1987,0.1575500071048737
gin,1988,0.1324699968099594
gin,1989,0.1139800027012825
gin,1990,0.090769998729229
gin,1991,0.0704099982976913
gin,1992,0.0692600011825562
gin,1993,0.0758100003004074
gin,1994,0.0685599967837334
gin,1996,0.0980399996042252
gin,1997,0.123029999434948
gin,1998,0.1332899928092957
gin,2004,0.18087999522686
gin,2005,0.224030002951622
gin,2006,0.265390008687973
gin,2007,0.2825700044631958
gin,2008,0.3184599876403809
gin,2009,0.3287200033664703
gin,2010,0.3237900137901306
gin,2011,0.3476499915122986
gin,2012,0.3638400137424469
gin,2013,0.4324600100517273
gin,2014,0.4411199986934662
gin,2015,0.4055932324638271
gin,2016,0.4167346667408282
gin,2017,0.4518684660571226
gin,2018,0.3917186437340048
gin,2019,0.4024908507813267
gin,2020,0.4073900390418857
gin,2021,0.4581111938866771
gmb,1995,0.5437600016593933
gmb,1999,0.2923600077629089
gmb,2004,0.2372699975967407
gmb,2010,0.7069000005722046
gmb,2011,0.6232200264930725
gmb,2012,0.7074999809265137
gmb,2024,1.829640030860901
gnb,1989,0.0599200017750263
gnq,1982,0.1059900000691414
gnq,1991,0.1416500061750412
gnq,2000,0.4612300097942352
grc,1971,0.4845399856567383
grc,1972,0.5049899816513062
grc,1973,0.5501499772071838
grc,1974,0.571370005607605
grc,1975,0.6039599776268005
grc,1976,0.6344900131225586
grc,1977,0.6434199810028076
grc,1978,0.6304500102996826
grc,1979,0.6722400188446045
grc,1980,0.6870999932289124
grc,1981,0.7224799990653992
grc,1982,0.7648299932479858
grc,1983,0.8155400156974792
grc,1984,0.9195500016212464
grc,1985,0.9553099870681764
grc,1986,0.9796900153160096
grc,1987,1.000139951705933
grc,1988,0.9955700039863586
grc,1989,0.9916300177574158
grc,1990,1.028579950332642
grc,1992,1.003530025482178
grc,1993,1.030320048332214
grc,1994,0.9286199808120728
grc,1995,1.03219997882843
grc,1996,0.9926800131797792
grc,1997,0.9828100204467772
grc,1998,1.074489951133728
grc,1999,1.084660053253174
grc,2000,1.056990027427673
grc,2001,1.102630019187927
grc,2002,1.131569981575012
grc,2003,1.125659942626953
grc,2004,1.157039999961853
grc,2005,1.134389996528625
grc,2006,1.119109988212585
grc,2007,1.088269948959351
grc,2010,1.042379975318909
grc,2011,1.022150039672852
grc,2012,1.010439991950989
grc,2013,0.9932399988174438
grc,2014,0.9878699779510498
grc,2016,0.9729400277137756
grc,2017,0.9888299703598022
grc,2018,1.005929946899414
grc,2019,1.051139950752258
grc,2020,1.072379946708679
grc,2021,1.075970053672791
grc,2022,1.059640049934387
grd,1979,1.025009989738464
grd,1980,1.344120025634766
grd,1982,1.384269952774048
grd,1983,0.9944499731063844
grd,1984,1.203099966049194
grd,2009,1.285069942474365
grd,2015,1.16277003288269
grd,2016,1.236860036849976
grd,2017,1.207170009613037
grd,2018,1.222939968109131
gtm,1970,0.2371300011873245
gtm,1971,0.2623499929904938
gtm,1972,0.2807799875736237
gtm,1973,0.2937099933624268
gtm,1974,0.2815999984741211
gtm,1975,0.3067199885845184
gtm,1976,0.3299199938774109
gtm,1977,0.3459799885749817
gtm,1978,0.3793500065803528
gtm,2002,0.7623800039291382
gtm,2007,1.053200006484985
gtm,2009,1.063830018043518
gtm,2010,1.027889966964722
gtm,2011,1.014189958572388
gtm,2012,1.024639964103699
gtm,2013,1.051010012626648
gtm,2014,1.107069969177246
gtm,2015,1.14972996711731
gtm,2016,1.014981007783843
gtm,2017,1.012036654508692
gtm,2018,1.037565228913979
gtm,2019,1.129690051078796
gtm,2020,1.098130011191899
gtm,2023,1.209630012512207
guy,1971,0.2415300011634827
guy,1972,0.2955000102519989
guy,1973,0.3396199941635132
guy,1976,0.5377200245857239
guy,1979,0.7987899780273438
guy,1980,0.708549976348877
guy,1981,0.7560799717903137
guy,1982,0.7946100234985352
guy,1983,0.6873499751091003
guy,1984,0.9030299782752992
guy,1985,0.9392300248146056
guy,1986,0.896049976348877
guy,1988,0.7606199979782104
guy,1990,0.7215200066566467
guy,1994,0.8100799918174744
guy,1995,0.9002199769020081
guy,1996,0.8760600090026855
guy,1997,0.9989399909973145
guy,2004,1.471160054206848
guy,2005,1.522320032119751
guy,2006,1.54489004611969
guy,2007,1.531499981880188
guy,2008,1.294800043106079
guy,2009,1.511340022087097
guy,2010,1.585330009460449
guy,2011,1.557100057601929
guy,2012,1.500079989433289
hkg,1971,0.4437400102615356
hkg,1972,0.4013899862766266
hkg,1973,0.4017899930477142
hkg,1974,0.3792200088500977
hkg,1975,0.3912999927997589
hkg,1976,0.3650299906730652
hkg,1977,0.4033600091934204
hkg,1979,0.4383499920368195
hkg,1980,0.4456799924373627
hkg,1982,0.4919500052928925
hkg,1983,0.5252500176429749
hkg,1984,0.5425800085067749
hkg,1992,0.6739500164985657
hkg,1993,0.707610011100769
hkg,1994,0.7279999852180481
hkg,2003,1.009099960327148
hkg,2004,1.032469987869263
hkg,2005,1.005839943885803
hkg,2006,0.9667500257492064
hkg,2007,0.9585599899291992
hkg,2008,0.9730899930000304
hkg,2009,0.965470016002655
hkg,2010,1.005399942398071
hkg,2011,1.054239988327026
hkg,2012,1.072669982910156
hkg,2013,1.112480044364929
hkg,2014,1.122499942779541
hkg,2015,1.119310021400452
hkg,2016,1.114760041236877
hkg,2017,1.097689986228943
hkg,2018,1.094480037689209
hkg,2019,1.089619994163513
hkg,2020,1.096359968185425
hkg,2021,1.087849974632263
hkg,2022,1.070999979972839
hkg,2023,1.091470003128052
hnd,1974,0.4946300089359283
hnd,1975,0.520550012588501
hnd,1976,0.4856100082397461
hnd,1977,0.5810700058937073
hnd,1978,0.5831500291824341
hnd,1980,0.597350001335144
hnd,1988,0.6054499745368958
hnd,1989,0.6268699765205383
hnd,1990,0.7382299900054932
hnd,1991,0.7781000137329102
hnd,1992,0.7467300295829773
hnd,1993,0.8007100224494934
hnd,1994,0.782069981098175
hnd,1999,1.224949955940247
hnd,2000,1.238229990005493
hnd,2003,1.313940048217773
hnd,2004,1.313650012016296
hnd,2008,1.355759978294373
hnd,2010,1.143589973449707
hnd,2012,1.280120015144348
hnd,2013,1.280310034751892
hnd,2014,1.273190021514893
hnd,2015,1.273620009422302
hnd,2016,1.280400037765503
hnd,2017,1.269289970397949
hnd,2018,1.271679997444153
hnd,2019,1.284109950065613
hnd,2023,1.334408529055051
hrv,1993,0.9431700110435486
hrv,1994,0.926800012588501
hrv,1995,0.9822400212287904
hrv,1996,0.9697499871253968
hrv,1997,1.052590012550354
hrv,1998,1.040320038795471
hrv,1999,1.140560030937195
hrv,2001,1.139170050621033
hrv,2002,1.137920022010803
hrv,2003,1.160920023918152
hrv,2004,1.17671000957489
hrv,2005,1.176980018615723
hrv,2006,1.18546998500824
hrv,2007,1.183560013771057
hrv,2008,1.204489946365356
hrv,2009,1.216570019721985
hrv,2010,1.256360054016113
hrv,2011,1.288409948348999
hrv,2012,1.270419955253601
hrv,2013,1.259719967842102
hrv,2014,1.262709975242615
hrv,2015,1.250699996948242
hrv,2016,1.259310007095337
hrv,2017,1.252400040626526
hrv,2018,1.25789999961853
hrv,2019,1.274870038032532
hrv,2020,1.285490036010742
hrv,2021,1.291249990463257
hrv,2022,1.306910037994385
hti,1976,0.3090800046920776
hti,1977,0.3088600039482117
hti,1978,0.2580400109291077
hti,1979,0.3019999861717224
hti,1981,0.4291299879550934
hti,1984,0.5064100027084351
hti,1986,0.3481599986553192
hun,1971,0.770389974117279
hun,1972,0.8185499906539917
hun,1973,0.8750799894332886
hun,1974,0.8971899747848511
hun,1975,0.9339399933815002
hun,1976,0.9775699973106384
hun,1977,1.042189955711365
hun,1978,1.066400051116943
hun,1979,1.051130056381226
hun,1980,1.04475998878479
hun,1981,1.029299974441528
hun,1982,1.077309966087341
hun,1983,1.098889946937561
hun,1984,1.144909977912903
hun,1985,1.152529954910278
hun,1986,1.171919941902161
hun,1987,1.173280000686646
hun,1988,1.162369966506958
hun,1989,1.159980058670044
hun,1990,1.075860023498535
hun,1991,1.055969953536987
hun,1992,1.054409980773926
hun,1993,1.070449948310852
hun,1994,1.110120058059692
hun,1995,1.115919947624207
hun,1996,1.160419940948486
hun,1997,1.159800052642822
hun,1998,1.186750054359436
hun,1999,1.194900035858154
hun,2000,1.184800028800964
hun,2001,1.214570045471191
hun,2002,1.231920003890991
hun,2003,1.271909952163696
hun,2004,1.283779978752136
hun,2005,1.314620018005371
hun,2006,1.312340021133423
hun,2007,1.307770013809204
hun,2008,1.300729990005493
hun,2009,1.270059943199158
hun,2010,1.263049960136414
hun,2011,1.245880007743835
hun,2012,1.241420030593872
hun,2013,1.230250000953674
hun,2014,1.230309963226318
hun,2015,1.209869980812073
hun,2016,1.203950047492981
hun,2017,1.202499985694885
hun,2018,1.191540002822876
hun,2019,1.196930050849915
hun,2020,1.200760006904602
hun,2021,1.199579954147339
hun,2022,1.212479948997498
hun,2023,1.20304000377655
idn,1970,0.3257899880409241
idn,1972,0.3818199932575226
idn,1976,0.3903000056743622
idn,1982,0.4555599987506866
idn,1983,0.4746299982070923
idn,1984,0.4556500017642975
idn,1985,0.4802600145339966
idn,1993,0.662060022354126
idn,1995,0.6326199769973755
idn,1996,0.54653000831604
idn,1999,0.8401200175285339
idn,2000,0.8914499878883362
idn,2001,0.7737200260162354
idn,2002,0.8785899877548218
idn,2003,0.8121100068092346
idn,2004,0.8114500045776367
idn,2006,0.9362099766731262
idn,2007,1.017590045928955
idn,2008,0.9458199739456176
idn,2009,0.986989974975586
idn,2010,0.9188188268384296
idn,2011,0.8987866327378642
idn,2012,1.079800733096857
idn,2013,1.131509442923431
idn,2014,1.128886087551966
idn,2015,1.116560852652855
idn,2016,1.127219562393539
idn,2017,1.132889845294231
idn,2018,1.136414203116772
idn,2019,1.108684558095339
idn,2020,1.13023538225872
idn,2021,1.151363734664002
idn,2022,1.179348883066336
idn,2023,1.19583633818395
ind,1971,0.2930899858474731
ind,1973,0.2955499887466431
ind,1976,0.331849992275238
ind,1977,0.3577699959278107
ind,1978,0.3594900071620941
ind,1979,0.3794800043106079
ind,1980,0.376690000295639
ind,1981,0.3885299861431122
ind,1982,0.417930006980896
ind,1983,0.4166899919509888
ind,1984,0.4171000123023987
ind,1985,0.4476599991321564
ind,1986,0.4607599973678589
ind,1987,0.4578000009059906
ind,1988,0.4955599904060364
ind,1989,0.50204998254776
ind,1990,0.5186200141906738
ind,1991,0.5335599780082703
ind,1995,0.5677300095558167
ind,1996,0.6096500158309937
ind,1997,0.6162400245666504
ind,2002,0.6976500153541565
ind,2003,0.6787700057029724
ind,2004,0.6715700030326843
ind,2005,0.7064099907875061
ind,2006,0.7210699915885925
ind,2007,0.6978899836540222
ind,2009,0.7031499743461609
ind,2010,0.7241899967193604
ind,2011,0.7799482986178433
ind,2013,0.9175624413275106
ind,2014,0.9641962056753316
ind,2015,0.9720923775434206
ind,2016,0.9855070384067366
ind,2017,1.013439809955969
ind,2018,1.040044058177789
ind,2019,1.07897912835104
ind,2020,1.087930780570987
ind,2021,1.047963228109167
ind,2022,1.033572371740571
ind,2023,1.054529803112324
ind,2024,1.053658608936185
irl,1971,0.5463899970054626
irl,1972,0.5558099746704102
irl,1973,0.5883299708366394
irl,1974,0.5895400047302246
irl,1976,0.5436099767684937
irl,1977,0.6422799825668335
irl,1978,0.6353700160980225
irl,1979,0.6861199736595154
irl,1980,0.7106099724769592
irl,1981,0.7156100273132324
irl,1982,0.7007099986076355
irl,1983,0.7245200276374817
irl,1984,0.7767599821090698
irl,1985,0.789110004901886
irl,1986,0.7956200242042542
irl,1987,0.8128899931907654
irl,1988,0.8286600112915039
irl,1989,0.8169599771499634
irl,1990,0.8568699955940247
irl,1991,0.8906800150871277
irl,1992,0.9326199889183044
irl,1993,0.9735100269317628
irl,1994,0.984250009059906
irl,1995,1.020050048828125
irl,1996,1.064540028572083
irl,1997,1.103399991989136
irl,1998,1.132869958877563
irl,1999,1.159479975700378
irl,2000,1.174729943275452
irl,2001,1.190260052680969
irl,2002,1.206769943237305
irl,2003,1.22009003162384
irl,2004,1.20032000541687
irl,2005,1.195389986038208
irl,2006,1.205440044403076
irl,2007,1.206089973449707
irl,2008,1.158769965171814
irl,2009,1.129799962043762
irl,2010,1.070719957351685
irl,2011,1.075080037117004
irl,2012,1.055819988250732
irl,2013,1.046949982643127
irl,2014,1.053040027618408
irl,2015,1.081150054931641
irl,2016,1.09621000289917
irl,2017,1.100679993629456
irl,2018,1.114019989967346
irl,2019,1.133659958839417
irl,2020,1.148270010948181
irl,2021,1.165210008621216
irl,2022,1.183240056037903
irn,1971,0.3682399988174438
irn,1972,0.4537599980831146
irn,1973,0.4596199989318848
irn,1974,0.4458799958229065
irn,1975,0.4287000000476837
irn,1976,0.421860009431839
irn,1977,0.4575299918651581
irn,1978,0.491890013217926
irn,1996,0.6179800033569336
irn,1999,0.7973600029945374
irn,2000,0.8492799997329712
irn,2001,0.9150800108909608
irn,2002,0.9695900082588196
irn,2003,1.03167998790741
irn,2004,1.064730048179626
irn,2005,1.05938994884491
irn,2006,1.089509963989258
irn,2007,1.127470016479492
irn,2008,1.147510051727295
irn,2009,1.078850030899048
irn,2010,1.018409967422485
irn,2011,1.015779972076416
irn,2012,1.021950006484985
irn,2013,0.967989981174469
irn,2014,0.9355900287628174
irn,2015,0.8840399980545044
irn,2016,0.8903700113296509
irn,2017,0.8856199979782104
irn,2018,0.9106400012969972
irn,2019,0.9483500123023988
irn,2020,0.9883300065994264
irn,2021,1.023069977760315
irn,2022,1.014930009841919
irq,1971,0.2874000072479248
irq,1972,0.277209997177124
irq,1973,0.265419989824295
irq,1974,0.3377499878406525
irq,1975,0.4178999960422516
irq,1976,0.494379997253418
irq,1977,0.4768199920654297
irq,1978,0.4884999990463257
irq,1979,0.486380010843277
irq,1980,0.4541000127792358
irq,1981,0.4738300144672394
irq,1982,0.4548200070858002
irq,1983,0.4685800075531006
irq,1984,0.4790500104427338
irq,1985,0.4125300049781799
irq,1986,0.5727499723434448
irq,1987,0.6385499835014343
irq,1988,0.6558799743652344
irq,1989,0.6124200224876404
irq,1999,0.5348700284957886
irq,2000,0.531790018081665
irq,2002,0.5323100090026855
irq,2004,0.5844200253486633
irq,2005,0.5837799906730652
isl,1971,0.360040009021759
isl,1972,0.3846000134944916
isl,1973,0.4406499862670898
isl,1974,0.4757100045681
isl,1975,0.5517799854278564
isl,1976,0.6177999973297119
isl,1977,0.6797099709510803
isl,1978,0.7398200035095215
isl,1981,1.055050015449524
isl,1983,1.077859997749329
isl,1984,1.117310047149658
isl,1986,1.224230051040649
isl,1989,1.231950044631958
isl,1990,1.240749955177307
isl,1991,1.279919981956482
isl,1992,1.312909960746765
isl,1993,1.284029960632324
isl,1994,1.29463005065918
isl,1995,1.289860010147095
isl,1996,1.3194899559021
isl,1997,1.312579989433289
isl,1998,1.353129982948303
isl,1999,1.403730034828186
isl,2000,1.396890044212341
isl,2001,1.414690017700195
isl,2002,1.427309989929199
isl,2003,1.446849942207336
isl,2004,1.468080043792725
isl,2005,1.481410026550293
isl,2006,1.464290022850037
isl,2007,1.460180044174194
isl,2008,1.47461998462677
isl,2009,1.468770027160645
isl,2010,1.43844997882843
isl,2011,1.418429970741272
isl,2012,1.428689956665039
isl,2013,1.42796003818512
isl,2014,1.42588996887207
isl,2015,1.443169951438904
isl,2016,1.462260007858276
isl,2017,1.46685004234314
isl,2018,1.467550039291382
isl,2019,1.494969964027405
isl,2020,1.494609951972961
isl,2021,1.506850004196167
isl,2022,1.506160020828247
isr,1971,0.8188300132751465
isr,1973,0.8527600169181824
isr,1975,0.8714100122451782
isr,1977,0.8832100033760071
isr,1978,0.9030299782752992
isr,1979,0.9122099876403807
isr,1980,0.939520001411438
isr,1981,1.08650004863739
isr,1982,0.8988500237464905
isr,1983,0.9213500022888184
isr,1984,0.9573500156402588
isr,1986,0.953279972076416
isr,1987,0.9185100197792052
isr,1988,0.938830018043518
isr,1989,0.943310022354126
isr,1990,0.9674299955368042
isr,1991,0.9921000003814696
isr,1993,1.072810053825378
isr,1998,1.248389959335327
isr,1999,1.292340040206909
isr,2000,1.283380031585693
isr,2001,1.26485002040863
isr,2002,1.259889960289001
isr,2003,1.236600041389465
isr,2004,1.242009997367859
isr,2005,1.248119950294495
isr,2006,1.218400001525879
isr,2007,1.241600036621094
isr,2008,1.2325199842453
isr,2009,1.234009981155396
isr,2010,1.232110023498535
isr,2011,1.245280027389526
isr,2012,1.24179995059967
isr,2013,1.254310011863708
isr,2014,1.251489996910095
isr,2015,1.27128005027771
isr,2016,1.278110027313232
isr,2017,1.28219997882843
isr,2018,1.289680004119873
isr,2019,1.322160005569458
isr,2020,1.310610055923462
isr,2021,1.30814003944397
isr,2022,1.302510023117065
ita,1971,0.6166599988937378
ita,1972,0.6025699973106384
ita,1973,0.6343399882316589
ita,1974,0.6592900156974792
ita,1975,0.6557199954986572
ita,1976,0.6463299989700317
ita,1977,0.6624199748039246
ita,1978,0.690750002861023
ita,1979,0.7135699987411499
ita,1980,0.747439980506897
ita,1981,0.7629299759864807
ita,1983,0.8150500059127808
ita,1984,0.8305699825286865
ita,1985,0.8545299768447876
ita,1986,0.884850025177002
ita,1987,0.9089499711990356
ita,1988,0.9277700185775756
ita,1989,0.9447699785232544
ita,1990,0.9618800282478333
ita,1991,0.9389200210571288
ita,1992,1.015599966049194
ita,1993,1.056290030479431
ita,1994,1.090870022773743
ita,1995,1.126019954681396
ita,1996,1.143919944763184
ita,1997,1.179980039596558
ita,1998,1.253209948539734
ita,1999,1.217139959335327
ita,2000,1.224390029907227
ita,2001,1.240569949150085
ita,2002,1.249959945678711
ita,2003,1.2501300573349
ita,2004,1.252390027046204
ita,2005,1.263919949531555
ita,2006,1.274330019950867
ita,2007,1.282860040664673
ita,2008,1.289160013198853
ita,2009,1.297930002212524
ita,2010,1.297709941864014
ita,2011,1.299039959907532
ita,2012,1.295770049095154
ita,2013,1.284540057182312
ita,2014,1.277989983558655
ita,2015,1.267230033874512
ita,2016,1.261129975318909
ita,2017,1.260609984397888
ita,2018,1.269520044326782
ita,2019,1.274770021438599
ita,2020,1.281110048294067
ita,2021,1.281820058822632
ita,2022,1.288810014724731
ita,2023,1.291039943695068
jam,1971,0.729610025882721
jam,1972,0.6688299775123596
jam,1973,0.6409199833869934
jam,1974,0.6324700117111206
jam,2000,1.478639960289001
jam,2001,1.519459962844849
jam,2002,1.561560034751892
jam,2008,1.558580040931702
jam,2009,1.563030004501343
jam,2010,1.559209942817688
jam,2011,1.565819978713989
jam,2012,1.50915002822876
jam,2013,1.560619950294495
jam,2015,1.422490000724792
jor,1971,0.4492999911308289
jor,1972,0.4877099990844727
jor,1973,0.4909699857234955
jor,1974,0.5047600269317627
jor,1975,0.5323399901390076
jor,1976,0.52947998046875
jor,1977,0.5643200278282166
jor,1978,0.617929995059967
jor,1979,0.7189499735832214
jor,1980,0.7957900166511536
jor,1981,0.8840199708938599
jor,1982,0.7096700072288513
jor,1983,0.7610899806022644
jor,1984,0.7871699929237366
jor,1985,0.8367300033569336
jor,1986,0.8633800148963928
jor,1987,0.974120020866394
jor,1988,1.066269993782043
jor,1989,1.039530038833618
jor,1990,1.111940026283264
jor,1991,1.055750012397766
jor,1992,1.065440058708191
jor,1993,1.093700051307678
jor,1994,1.058840036392212
jor,1996,0.970080018043518
jor,1997,0.9819200038909912
jor,2000,1.107220053672791
jor,2002,1.114240050315857
jor,2003,1.186439990997314
jor,2004,1.19216001033783
jor,2005,1.160850048065186
jor,2006,1.204990029335022
jor,2007,1.19379997253418
jor,2008,1.196189999580383
jor,2009,1.19474995136261
jor,2010,1.220430016517639
jor,2011,1.239310026168823
jor,2012,1.240360021591187
jor,2015,1.204190015792847
jor,2016,1.19350004196167
jor,2017,1.245390057563782
jor,2018,1.27226996421814
jor,2019,1.266039967536926
jor,2020,1.291929960250854
jor,2021,1.333330035209656
jor,2022,1.345659971237183
jor,2023,1.336349964141846
jpn,1971,0.3933899998664856
jpn,1972,0.3964099884033203
jpn,1973,0.4212900102138519
jpn,1974,0.4406799972057343
jpn,1975,0.46875
jpn,1976,0.4909799993038177
jpn,1977,0.5146399736404419
jpn,1978,0.5031099915504456
jpn,1979,0.5127900242805481
jpn,1980,0.5114399790763855
jpn,1981,0.5164600014686584
jpn,1982,0.5194100141525269
jpn,1983,0.5285999774932861
jpn,1984,0.5359299778938293
jpn,1985,0.5519700050354004
jpn,1986,0.5637099742889404
jpn,1987,0.5908899903297424
jpn,1988,0.6252800226211548
jpn,1989,0.6459199786186218
jpn,1990,0.6654499769210815
jpn,1991,0.6702600121498108
jpn,1992,0.7221999764442444
jpn,1994,0.8161200284957886
jpn,1995,0.8212699890136719
jpn,1998,0.8387399911880493
jpn,1999,0.8435099720954895
jpn,2013,0.9161199927330016
jpn,2014,0.9319199919700624
jpn,2015,0.9436500072479248
jpn,2016,0.9524300098419188
jpn,2017,0.9641299843788148
jpn,2018,0.9718499779701232
jpn,2019,0.978950023651123
jpn,2020,0.9829000234603882
jpn,2021,0.9685999751091005
jpn,2022,0.9738799929618835
kaz,1994,1.164960026741028
kaz,1995,1.170910000801086
kaz,1996,1.161700010299683
kaz,1999,1.109799981117249
kaz,2000,1.121520042419434
kaz,2006,1.253229975700378
kaz,2010,1.21163220969822
kaz,2011,1.203733996426378
kaz,2012,1.203160047531128
kaz,2013,1.193169951438904
kaz,2014,1.184489243951541
kaz,2015,1.189649923237912
kaz,2016,1.160709977149963
kaz,2017,1.180549900330706
kaz,2018,1.171115168608046
kaz,2019,1.173264701113011
kaz,2020,1.163544303907638
kaz,2021,1.171774054692169
kaz,2022,1.183319798478773
kaz,2023,1.17247888036709
kaz,2024,1.165276816257319
ken,1984,0.5183600187301636
ken,1985,0.3555000126361847
ken,1987,0.3865799903869629
ken,2000,0.5432500243186951
ken,2001,0.5363900065422058
ken,2002,0.536080002784729
ken,2004,0.5998899936676025
ken,2005,0.5942400097846985
ken,2009,0.6992400288581848
ken,2015,0.6988099813461304
ken,2016,0.6808500289916992
ken,2017,0.716480016708374
kgz,1993,1.195350050926208
kgz,1994,1.176440000534058
kgz,1995,1.144389986991882
kgz,1996,1.115759968757629
kgz,1997,1.118080019950867
kgz,1998,1.073320031166077
kgz,1999,0.9642800092697144
kgz,2000,0.934909999370575
kgz,2001,0.9648500084877014
kgz,2002,1.052760004997253
kgz,2003,1.093400001525879
kgz,2004,1.094759941101074
kgz,2005,1.141770005226135
kgz,2006,1.155920028686523
kgz,2007,1.184620022773743
kgz,2008,1.241369962692261
kgz,2009,1.24767005443573
kgz,2010,1.23100193728543
kgz,2011,1.186826252442151
kgz,2012,1.182600552584626
kgz,2013,1.185141875251588
kgz,2014,1.183328547048247
kgz,2015,1.179971034971809
kgz,2016,1.170137962391988
kgz,2017,1.165672775895702
kgz,2018,1.226518503709156
kgz,2019,1.220461774893578
kgz,2020,1.188261544384354
kgz,2021,1.161268775593725
kgz,2022,1.109848281131028
kgz,2023,1.167773353751437
kgz,2024,1.209274609422466
khm,1972,0.265639990568161
khm,1973,0.240679994225502
khm,1993,0.2042900025844574
khm,1994,0.1991299986839294
khm,1995,0.1790499985218048
khm,1996,0.175479993224144
khm,1997,0.1736000031232834
khm,2000,0.3114500045776367
khm,2001,0.354779988527298
khm,2002,0.3871900141239166
khm,2004,0.4489099979400635
khm,2005,0.4595299959182739
khm,2006,0.4694400131702423
khm,2007,0.4874500036239624
khm,2008,0.5061799883842468
khm,2009,0.5611299872398376
khm,2010,0.5998600125312805
khm,2011,0.6184899806976318
khm,2015,0.7911199927330017
khm,2017,0.8394799828529358
khm,2018,0.867609977722168
khm,2019,0.9098899960517884
khm,2020,1.124816240522667
khm,2021,1.022824054734259
khm,2022,0.8909270878571021
khm,2023,1.142897000758513
kir,1970,0.0
kir,1971,0.0
kir,1972,0.0
kir,1973,0.0
kir,1974,0.0
kir,1975,0.0
kir,1976,0.0
kir,1977,0.0
kir,1978,0.0
kir,1979,0.0
kir,1980,0.0
kir,1981,0.0
kir,1982,0.0
kir,1983,0.0
kir,1984,0.0
kir,1985,0.0
kir,1986,0.0
kir,1987,0.0
kir,1988,0.0
kir,1989,0.0
kir,1990,0.0
kir,1991,0.0
kir,1992,0.0
kir,1993,0.0
kir,1994,0.0
kir,1995,0.0
kir,1996,0.0
kir,1997,0.0
kir,1999,0.0
kir,2000,0.0
kir,2001,0.0
kir,2002,0.0
kir,2003,0.0
kir,2004,0.0
kir,2005,0.0
kir,2006,0.0
kir,2007,0.0
kir,2008,0.0
kir,2009,0.0
kir,2012,0.0
kna,1979,1.650279998779297
kna,1980,1.564210057258606
kna,1984,1.524889945983887
kna,1985,1.639950037002563
kna,1986,0.7638000249862671
kna,1987,0.6646000146865845
kna,1988,0.695389986038208
kna,1992,1.159909963607788
kna,1993,1.179319977760315
kna,2008,1.519659996032715
kna,2014,0.958079993724823
kna,2015,1.478729963302612
kor,1971,0.3393900096416473
kor,1972,0.3493799865245819
kor,1973,0.3721300065517426
kor,1974,0.3874500095844269
kor,1975,0.401529997587204
kor,1976,0.3669599890708923
kor,1977,0.35589998960495
kor,1978,0.3373599946498871
kor,1979,0.3297100067138672
kor,1980,0.3206200003623962
kor,1982,0.3672400116920471
kor,1983,0.3783699870109558
kor,1984,0.4248700141906738
kor,1985,0.4955799877643585
kor,1986,0.4667600095272064
kor,1987,0.4614799916744232
kor,1988,0.4616999924182892
kor,1989,0.4746299982070923
kor,1990,0.4942800104618073
kor,1991,0.5121999979019165
kor,1992,0.5258399844169617
kor,1993,0.5880399942398071
kor,1994,0.581089973449707
kor,1995,0.6034700274467468
kor,1996,0.6137099862098694
kor,1997,0.6749500036239624
kor,1998,0.6011499762535095
kor,1999,0.6129000186920166
kor,2000,0.5863999724388123
kor,2001,0.5990399718284607
kor,2002,0.6122400164604187
kor,2003,0.6207299828529358
kor,2004,0.6340799927711487
kor,2005,0.6451900005340576
kor,2006,0.6631100177764893
kor,2007,0.6824399828910828
kor,2008,0.70169997215271
kor,2009,0.7139400243759155
kor,2010,0.7325000166893005
kor,2011,0.745710015296936
kor,2012,0.7565199732780457
kor,2013,0.7656000256538391
kor,2014,0.7730000019073486
kor,2015,0.78329998254776
kor,2016,0.7907599806785583
kor,2017,0.797789990901947
kor,2018,0.8108299970626831
kor,2019,0.8243899941444397
kor,2020,0.832859992980957
kor,2021,0.8452399969100952
kor,2022,0.8552299737930298
kwt,1971,1.245479941368103
kwt,1972,1.245290040969849
kwt,1973,1.325029969215393
kwt,1974,1.466629981994629
kwt,1975,1.495800018310547
kwt,1976,1.408640027046204
kwt,1977,1.387009978294373
kwt,1978,1.36761999130249
kwt,1979,1.463279962539673
kwt,1980,1.463840007781982
kwt,1981,1.468209981918335
kwt,1982,1.379250049591064
kwt,1983,1.397770047187805
kwt,1984,1.319540023803711
kwt,1985,1.270020008087158
kwt,1986,1.272449970245361
kwt,1987,1.265689969062805
kwt,1988,1.247210025787354
kwt,1989,1.291120052337646
kwt,1990,1.47186005115509
kwt,1992,1.506399989128113
kwt,1993,1.507240056991577
kwt,1994,1.376459956169128
kwt,1995,1.396070003509521
kwt,1996,1.423689961433411
kwt,1997,1.4860999584198
kwt,1999,1.555860042572021
kwt,2001,1.57342004776001
kwt,2002,1.56401002407074
kwt,2003,1.571030020713806
kwt,2004,1.550660014152527
kwt,2014,1.456660032272339
kwt,2015,1.502480030059814
kwt,2016,1.545500040054321
kwt,2017,1.533290028572083
kwt,2018,1.54709005355835
kwt,2019,1.541700005531311
kwt,2020,1.492239952087402
kwt,2021,1.394619941711426
lao,1971,0.2328999936580658
lao,1972,0.2456499934196472
lao,1973,0.249889999628067
lao,1974,0.2530699968338013
lao,1975,0.3860200047492981
lao,1980,0.3574900031089783
lao,1981,0.4704000055789948
lao,1982,0.4838800132274628
lao,1983,0.4693500101566315
lao,1985,0.5410699844360352
lao,1986,0.5710499882698059
lao,1988,0.5979499816894531
lao,1990,0.493800014257431
lao,1993,0.4321599900722504
lao,1994,0.3827899992465973
lao,1995,0.4116500020027161
lao,1996,0.4440500140190125
lao,1997,0.448309987783432
lao,1998,0.4392800033092499
lao,1999,0.4910100102424622
lao,2000,0.5322099924087524
lao,2001,0.596780002117157
lao,2002,0.5736100077629089
lao,2003,0.5763800144195557
lao,2004,0.6332700252532959
lao,2005,0.7238399982452393
lao,2006,0.6893799901008606
lao,2007,0.7327499985694885
lao,2008,0.7838500142097473
lao,2009,0.801580011844635
lao,2010,0.7700600028038025
lao,2011,0.7434167515409704
lao,2012,0.8377606024453779
lao,2013,0.8885942825756549
lao,2014,0.9334594060397108
lao,2015,0.9625487239504856
lao,2016,1.006870385381167
lao,2017,1.058942645185895
lao,2018,1.085688036260513
lao,2019,1.12590103996173
lao,2020,1.143414628348905
lao,2021,1.132144598315693
lao,2022,1.024150292608158
lao,2023,0.7452800273895264
lbn,1971,0.3189199864864349
lbn,1972,0.3452199995517731
lbn,1980,0.5873399972915649
lbn,1981,0.5852199792861938
lbn,1982,0.6202899813652039
lbn,1983,0.6119300127029419
lbn,1985,0.6545000076293945
lbn,1992,0.9515299797058104
lbn,1996,1.014479994773865
lbn,1999,1.056380033493042
lbn,2000,1.108199954032898
lbn,2001,1.114019989967346
lbn,2002,1.15012001991272
lbn,2003,1.186319947242737
lbn,2004,1.126790046691895
lbn,2005,1.144440054893494
lbn,2006,1.157780051231384
lbn,2007,1.184579968452454
lbn,2008,1.206249952316284
lbn,2009,1.173539996147156
lbn,2010,1.17333996295929
lbn,2011,1.145609974861145
lbn,2012,1.193279981613159
lbn,2013,1.194479942321777
lbn,2014,1.237380027770996
lbn,2015,1.084460020065308
lbn,2016,1.251960039138794
lbn,2017,1.24793004989624
lbn,2018,1.254539966583252
lbn,2019,1.239590048789978
lbr,1970,0.273250013589859
lbr,1971,0.2485100030899048
lbr,1972,0.3113099932670593
lbr,1973,0.3164600133895874
lbr,1975,0.2825599908828735
lbr,1979,0.3775799870491028
lbr,1987,0.2958700060844421
lbr,1999,0.2350299954414368
lbr,2000,0.5415400266647339
lbr,2010,0.5191699862480164
lbr,2012,0.6121600270271301
lby,1971,0.1267900019884109
lby,1972,0.1385899931192398
lby,1973,0.1605699956417084
lby,1974,0.176599994301796
lby,1975,0.2012500017881393
lby,1976,0.2317200005054474
lby,1977,0.2633399963378906
lby,1978,0.2542600035667419
lby,1979,0.2840200066566467
lby,1980,0.3592700064182281
lby,1981,0.3752900063991547
lby,1982,0.384660005569458
lby,1983,0.4028399884700775
lby,1992,0.936269998550415
lby,1999,1.03846001625061
lby,2000,1.03668999671936
lby,2001,1.089669942855835
lby,2002,1.129850029945374
lby,2003,1.117599964141846
lca,1977,1.12474000453949
lca,1978,1.074059963226318
lca,1979,1.42834997177124
lca,1980,1.526929974555969
lca,1981,1.079010009765625
lca,1982,1.338580012321472
lca,1983,0.8975800275802612
lca,1984,1.00478994846344
lca,1985,0.8772799968719482
lca,1987,1.220370054244995
lca,1988,1.202239990234375
lca,1993,1.369189977645874
lca,1996,1.628550052642822
lca,2004,1.717049956321716
lca,2005,1.649150013923645
lca,2006,1.820760011672974
lca,2007,1.593780040740967
lca,2008,1.576410055160522
lca,2009,1.630730032920837
lca,2010,1.633749961853027
lca,2011,1.457299947738647
lca,2012,1.564749956130981
lca,2013,1.522480010986328
lca,2014,1.539860010147095
lca,2015,1.493379950523376
lca,2016,1.505720019340515
lca,2017,1.515220046043396
lca,2018,1.507840037345886
lca,2019,1.540879964828491
lca,2020,1.527930021286011
lca,2022,1.551370024681091
lca,2023,1.527310013771057
lie,2003,0.3820799887180328
lie,2004,0.3709000051021576
lie,2005,0.4195100069046021
lie,2006,0.4344399869441986
lie,2007,0.4679900109767914
lie,2008,0.5166299939155579
lie,2009,0.4929699897766113
lie,2010,0.6169300079345703
lie,2011,0.5316799879074097
lie,2012,0.5530800223350525
lie,2014,0.4751000106334686
lie,2015,0.488099992275238
lie,2016,0.546019971370697
lie,2017,0.6269099712371826
lie,2018,0.5649600028991699
lie,2019,0.5665500164031982
lie,2020,0.5910199880599976
lie,2021,0.6517000198364258
lka,1970,0.7846800088882446
lka,1971,0.6588500142097473
lka,1973,0.6333400011062622
lka,1974,0.612030029296875
lka,1975,0.570360004901886
lka,1977,0.5717599987983704
lka,1978,0.5559899806976318
lka,1979,0.6161900162696838
lka,1981,0.7640500068664551
lka,1983,0.6773399710655212
lka,1984,0.667169988155365
lka,1985,0.6973599791526794
lka,1986,0.7080699801445007
lka,1994,0.4927400052547455
lka,2010,1.434780779478115
lka,2011,1.405966214144937
lka,2012,1.370039657190703
lka,2013,1.35534972418232
lka,2014,1.232742670246185
lka,2015,1.360386473898624
lka,2016,1.368454882679455
lka,2017,1.353561022721625
lka,2018,1.34228517315422
lka,2019,1.393488534011101
lka,2020,1.399322681957946
lka,2021,1.382401313801388
lka,2022,1.397011871683331
lka,2023,1.397708139933394
lso,1970,0.3729000091552734
lso,1971,0.4308399856090546
lso,1973,0.6589999794960022
lso,1974,0.6666100025177002
lso,1975,0.6466699838638306
lso,1977,0.8615000247955322
lso,1978,0.9595699906349182
lso,1979,0.8663700222969055
lso,1981,0.9533200263977052
lso,1982,0.9965199828147888
lso,1983,0.9657099843025208
lso,1984,0.9598100185394288
lso,1985,1.052170038223267
lso,1986,1.106230020523071
lso,1987,1.287590026855469
lso,1988,1.361700057983398
lso,1989,1.350890040397644
lso,1990,1.265359997749329
lso,1991,1.290030002593994
lso,1992,1.14411997795105
lso,1993,1.181910037994385
lso,1994,1.155789971351624
lso,1995,1.159150004386902
lso,1996,1.122650027275085
lso,1999,1.396819949150085
lso,2000,1.345430016517639
lso,2001,1.390460014343262
lso,2002,1.238059997558594
lso,2003,1.33840000629425
lso,2005,1.213299989700317
lso,2006,1.16143000125885
lso,2012,1.302464038879363
lso,2013,1.281104661855786
lso,2014,1.279639959335327
lso,2015,1.306534504672935
lso,2016,1.337232283270125
lso,2017,1.366897847940718
lso,2018,1.361750947028568
lso,2019,1.378498389030821
lso,2020,1.3914402756576
ltu,1981,1.224200010299683
ltu,1986,1.471740007400513
ltu,1989,0.8113800287246704
ltu,1990,0.714680016040802
ltu,1992,1.268419981002808
ltu,1993,1.300099968910217
ltu,1994,1.313220024108887
ltu,1995,1.298220038414001
ltu,1996,1.331539988517761
ltu,1997,1.321799993515015
ltu,1998,1.350149989128113
ltu,1999,1.345549941062927
ltu,2000,1.350600004196167
ltu,2001,1.351230025291443
ltu,2002,1.363360047340393
ltu,2003,1.355440020561218
ltu,2004,1.356649994850159
ltu,2005,1.359060049057007
ltu,2006,1.352579951286316
ltu,2007,1.351349949836731
ltu,2008,1.347229957580566
ltu,2009,1.330410003662109
ltu,2010,1.338520050048828
ltu,2011,1.335090041160583
ltu,2012,1.32246994972229
ltu,2013,1.325240015983582
ltu,2014,1.306910037994385
ltu,2015,1.287649989128113
ltu,2016,1.264150023460388
ltu,2017,1.246490001678467
ltu,2018,1.245630025863647
ltu,2019,1.264219999313354
ltu,2020,1.277080059051514
ltu,2021,1.30253005027771
ltu,2022,1.327149987220764
lux,1971,0.7404599785804749
lux,1972,0.8813700079917908
lux,1973,0.8703299760818481
lux,1974,0.8596400022506714
lux,1975,0.8763700127601624
lux,1976,0.7424700260162354
lux,1977,0.7265599966049194
lux,1978,0.733299970626831
lux,1979,0.7596399784088135
lux,1980,0.885450005531311
lux,1981,0.5386599898338318
lux,1982,0.5253599882125854
lux,1983,0.4611000120639801
lux,1984,0.5500400066375732
lux,1985,0.5214099884033203
lux,1986,0.5269500017166138
lux,1987,0.4496999979019165
lux,2001,1.142040014266968
lux,2003,1.153090000152588
lux,2006,1.10683000087738
lux,2008,0.9711300134658812
lux,2010,1.11014997959137
lux,2012,1.121999979019165
lux,2015,1.069519996643066
lux,2016,1.071550011634827
lux,2017,1.078639984130859
lux,2018,1.116269946098328
lux,2019,1.123350024223328
lux,2020,1.15936005115509
lux,2021,1.162930011749268
lux,2022,1.17917001247406
lva,1981,1.280279994010925
lva,1982,1.273640036582947
lva,1983,1.281999945640564
lva,1984,1.311040043830872
lva,1985,1.318269968032837
lva,1986,1.380460023880005
lva,1987,1.45264995098114
lva,1988,1.40650999546051
lva,1989,1.417790055274963
lva,1990,1.2984299659729
lva,1991,1.227450013160706
lva,1992,1.151970028877258
lva,1997,1.346029996871948
lva,1998,1.32380998134613
lva,1999,1.395969986915588
lva,2000,1.443560004234314
lva,2001,1.402349948883057
lva,2002,1.396270036697388
lva,2003,1.401160001754761
lva,2004,1.415079951286316
lva,2005,1.440590023994446
lva,2006,1.445109963417053
lva,2007,1.460510015487671
lva,2008,1.47449004650116
lva,2009,1.456169962882996
lva,2010,1.429690003395081
lva,2011,1.389430046081543
lva,2012,1.357839941978455
lva,2013,1.341279983520508
lva,2014,1.29967999458313
lva,2015,1.359109997749329
lva,2016,1.346770048141479
lva,2017,1.314450025558472
lva,2018,1.325559973716736
lva,2019,1.280159950256348
lva,2020,1.263059973716736
lva,2021,1.27304995059967
lva,2022,1.307700037956238
lva,2023,1.302680015563965
mac,1989,0.4002400040626526
mac,1990,0.366459995508194
mac,1991,0.4467000067234039
mac,1992,0.6195499897003174
mac,1993,0.6766999959945679
mac,1994,0.7967600226402283
mac,1997,0.8186100125312805
mac,1999,0.6639000177383423
mac,2000,0.8115699887275696
mac,2001,0.674560010433197
mac,2002,0.4827199876308441
mac,2003,0.5173199772834778
mac,2004,0.6482599973678589
mac,2005,0.7174999713897705
mac,2006,0.8093000054359436
mac,2007,0.9118800163269044
mac,2008,0.9717199802398682
mac,2009,1.000939965248108
mac,2010,1.071470022201538
mac,2011,1.112669944763184
mac,2012,1.191030025482178
mac,2013,1.217049956321716
mac,2014,1.227390050888062
mac,2015,1.253939986228943
mac,2016,1.240900039672852
mac,2017,1.201429963111877
mac,2018,1.178429961204529
mac,2019,1.160830020904541
mac,2020,1.14821994304657
mac,2021,1.143519997596741
mac,2022,1.093690037727356
mac,2023,1.08256995677948
mar,1971,0.1954099982976913
mar,1972,0.1942300051450729
mar,1973,0.1825799942016602
mar,1974,0.2096900045871735
mar,1975,0.223920002579689
mar,1976,0.2265300005674362
mar,1977,0.2474599927663803
mar,1978,0.2576799988746643
mar,1979,0.3276199996471405
mar,1986,0.4802899956703186
mar,1987,0.5045099854469299
mar,1988,0.5091300010681152
mar,1989,0.542460024356842
mar,1990,0.5937600135803223
mar,1991,0.569379985332489
mar,1992,0.6061699986457825
mar,1993,0.6342300176620483
mar,1994,0.6586499810218811
mar,1995,0.6844000220298767
mar,1997,0.6876500248908997
mar,1998,0.7167500257492065
mar,1999,0.716159999370575
mar,2000,0.7290099859237671
mar,2001,0.7572900056838989
mar,2002,0.7803599834442139
mar,2003,0.7824599742889404
mar,2004,0.8407400250434875
mar,2005,0.8185399770736694
mar,2006,0.8964599967002869
mar,2007,0.9241600036621094
mar,2008,0.977429986000061
mar,2009,0.9166899919509888
mar,2010,0.9400799870491028
mar,2011,0.9595400094985962
mar,2012,0.954509973526001
mar,2013,0.9778000116348268
mar,2014,0.9807000160217284
mar,2015,0.9652699828147888
mar,2016,0.9293100237846376
mar,2017,0.9761499762535096
mar,2018,0.993910014629364
mar,2019,1.034700036048889
mar,2020,1.062340021133423
mar,2021,1.11260998249054
mar,2022,1.137699961662292
mar,2023,1.163879990577698
mco,1970,0.0
mco,1971,0.0
mco,1972,0.0
mco,1973,0.0
mco,1974,0.0
mco,1975,0.0
mco,1976,0.0
mco,1977,0.0
mco,1978,0.0
mco,1979,0.0
mco,1980,0.0
mco,1981,0.0
mco,1982,0.0
mco,1983,0.0
mco,1984,0.0
mco,1985,0.0
mco,1986,0.0
mco,1987,0.0
mco,1988,0.0
mco,1989,0.0
mco,1990,0.0
mco,1991,0.0
mco,1992,0.0
mco,1993,0.0
mco,1994,0.0
mco,1995,0.0
mco,1996,0.0
mco,1997,0.0
mco,2016,1.3715900182724
mco,2024,1.430080056190491
mda,2013,1.225810050964355
mda,2014,1.210819959640503
mda,2015,1.232329964637756
mda,2016,1.242660045623779
mda,2017,1.21740996837616
mda,2018,1.232769966125488
mda,2019,1.243109941482544
mda,2020,1.269790053367615
mda,2021,1.284471037136876
mda,2022,1.284701636951106
mdg,1971,0.4643000066280365
mdg,1973,0.3827300071716309
mdg,1976,1.077950000762939
mdg,1977,0.5633500218391418
mdg,1978,0.5276399850845337
mdg,1979,0.4963200092315674
mdg,1986,0.6302000284194946
mdg,1987,0.6980999708175659
mdg,1989,0.7633900046348572
mdg,1990,0.7813500165939331
mdg,1991,0.824150025844574
mdg,1994,0.7864599823951721
mdg,1995,0.8438500165939331
mdg,1996,0.8238999843597412
mdg,1997,0.8258399963378906
mdg,1998,0.8425899744033813
mdg,1999,0.8505499958992004
mdg,2000,0.8729400038719177
mdg,2001,0.84579998254776
mdg,2002,0.8421199917793274
mdg,2003,0.8437899947166443
mdg,2004,0.9141700267791748
mdg,2005,0.9052600264549256
mdg,2006,0.8877099752426147
mdg,2007,0.9035099744796752
mdg,2008,0.912500023841858
mdg,2009,0.923110008239746
mdg,2010,0.9322699904441832
mdg,2011,0.9488400220870972
mdg,2012,0.9390699863433838
mdg,2013,0.9600600004196168
mdg,2014,0.9399200081825256
mdg,2015,0.9253399968147278
mdg,2016,0.941100001335144
mdg,2017,0.9517499804496764
mdg,2018,0.9702500104904176
mdg,2019,0.9854699969291688
mdg,2020,0.9870200157165528
mdg,2022,1.021700024604797
mdg,2023,1.023759961128235
mdv,1998,0.0
mdv,1999,0.0
mdv,2000,0.0
mdv,2001,0.0
mdv,2002,0.0
mdv,2003,1.59197998046875
mdv,2007,1.448079943656921
mdv,2008,1.277920007705688
mdv,2014,1.57506000995636
mdv,2017,1.670779943466187
mdv,2019,1.600369066045731
mdv,2020,1.644169133028087
mdv,2021,1.66213783877844
mdv,2022,1.643008222116301
mex,1971,0.2559899985790253
mex,1972,0.2826400101184845
mex,1977,0.3774299919605255
mex,1978,0.4090099930763245
mex,1980,0.4754399955272675
mex,1981,0.4946300089359283
mex,1982,0.5170800089836121
mex,1983,0.5435900092124939
mex,1984,0.5478299856185913
mex,1993,0.7830600142478943
mex,1994,0.8105199933052063
mex,1995,0.8296599984169006
mex,1996,0.8507199883460999
mex,1997,0.8583999872207642
mex,1998,0.8664600253105164
mex,1999,0.8713600039482117
mex,2000,0.897130012512207
mex,2001,0.9067800045013428
mex,2002,0.918619990348816
mex,2003,0.9347299933433532
mex,2004,0.9511100053787231
mex,2005,0.965690016746521
mex,2006,0.9676300287246704
mex,2007,0.971909999847412
mex,2008,0.97639000415802
mex,2009,0.9823200106620787
mex,2010,0.9831299781799316
mex,2011,0.9828000068664552
mex,2012,0.9826200008392334
mex,2013,0.9801599979400636
mex,2014,0.986050009727478
mex,2015,0.9876099824905396
mex,2016,1.012089967727661
mex,2017,1.025850057601929
mex,2018,1.043879985809326
mex,2019,1.058390021324158
mex,2020,1.079749941825867
mex,2021,1.115139961242676
mex,2022,1.15149998664856
mhl,2002,1.249150037765503
mhl,2012,1.013540029525757
mhl,2019,1.104840040206909
mhl,2022,1.236729979515076
mkd,1989,0.9723399877548218
mkd,1990,0.9836599826812744
mkd,1991,1.083770036697388
mkd,1992,1.047039985656738
mkd,1993,1.082229971885681
mkd,1994,1.11054003238678
mkd,1995,1.137220025062561
mkd,1996,1.145939946174622
mkd,1997,1.148630023002625
mkd,1998,1.154039978981018
mkd,1999,1.175179958343506
mkd,2000,1.21940004825592
mkd,2001,1.245990037918091
mkd,2002,1.228889942169189
mkd,2003,1.266180038452148
mkd,2004,1.287709951400757
mkd,2005,1.275439977645874
mkd,2006,1.27240002155304
mkd,2007,1.207659959793091
mkd,2008,1.163840055465698
mkd,2009,1.158040046691895
mkd,2010,1.148810029029846
mkd,2012,1.171280026435852
mkd,2013,1.212970018386841
mkd,2014,1.207730054855347
mkd,2015,1.203559994697571
mkd,2017,1.247400045394897
mkd,2018,1.245190024375916
mkd,2019,1.279659986495972
mkd,2020,1.293869972229004
mkd,2021,1.319139957427979
mkd,2022,1.309749960899353
mli,1971,0.1174200028181076
mli,1975,0.1013600006699562
mli,1976,0.1141699999570847
mli,1977,0.1185299977660179
mli,1978,0.1349000036716461
mli,1979,0.1320600062608719
mli,1980,0.1282700002193451
mli,1982,0.124040000140667
mli,1983,0.1398500055074692
mli,1985,0.1515599936246872
mli,1986,0.1494899988174438
mli,1987,0.1529600024223328
mli,1989,0.1606699973344803
mli,1990,0.1542399972677231
mli,1991,0.1612000018358231
mli,1992,0.1635099947452545
mli,1993,0.1817400008440018
mli,1995,0.179749995470047
mli,1996,0.2075899988412857
mli,1997,0.247409999370575
mli,1998,0.2579900026321411
mli,1999,0.47639000415802
mli,2000,0.4862799942493439
mli,2001,0.5089899897575378
mli,2002,0.5092899799346924
mli,2008,0.465719997882843
mli,2009,0.4191100001335144
mli,2010,0.4144499897956848
mli,2011,0.4257400035858154
mli,2012,0.3946700096130371
mli,2013,0.4194400012493134
mli,2014,0.4214999973773956
mli,2015,0.423440009355545
mli,2016,0.4227159206421692
mli,2017,0.4338118499509775
mli,2018,0.4761024685459607
mli,2019,0.5085412529512321
mlt,1972,0.398719996213913
mlt,1973,0.4779700040817261
mlt,1974,0.4984200000762939
mlt,1975,0.4872100055217743
mlt,1976,0.5856999754905701
mlt,1977,0.3882299959659576
mlt,1978,0.3458600044250488
mlt,1979,0.2671099901199341
mlt,1980,0.3541899919509888
mlt,1981,0.3325999975204468
mlt,1982,0.2805500030517578
mlt,1983,0.2898800075054169
mlt,1984,0.357450008392334
mlt,1985,0.4583100080490112
mlt,1986,0.5156800150871277
mlt,1987,0.5551599860191345
mlt,1988,0.6001600027084351
mlt,1989,0.6444100141525269
mlt,1990,0.7689300179481506
mlt,1991,0.8244199752807617
mlt,1992,0.9239599704742432
mlt,1993,0.981249988079071
mlt,1994,1.010900020599365
mlt,1995,0.9855899810791016
mlt,1996,1.050209999084473
mlt,1997,1.123270034790039
mlt,1998,1.087800025939941
mlt,1999,1.11257004737854
mlt,2000,1.177459955215454
mlt,2001,1.214239954948425
mlt,2002,1.27987003326416
mlt,2003,1.283069968223572
mlt,2004,1.252179980278015
mlt,2005,1.277009963989258
mlt,2006,1.299759984016418
mlt,2007,1.307010054588318
mlt,2008,1.305989980697632
mlt,2009,1.277040004730225
mlt,2010,1.266759991645813
mlt,2011,1.266020059585571
mlt,2012,1.255620002746582
mlt,2013,1.254130005836487
mlt,2014,1.251620054244995
mlt,2015,1.302109956741333
mlt,2016,1.306609988212585
mlt,2017,1.314650058746338
mlt,2018,1.327919960021973
mlt,2019,1.351269960403442
mlt,2020,1.375399947166443
mlt,2021,1.422369956970215
mlt,2022,1.386139988899231
mlt,2023,1.382949948310852
mmr,1972,0.6075400114059448
mmr,1973,0.6606600284576416
mmr,1977,0.969789981842041
mmr,1979,1.039659976959229
mmr,1992,1.224670052528381
mmr,1993,1.289899945259094
mmr,1995,1.395799994468689
mmr,1998,1.388669967651367
mmr,2007,1.300349950790405
mmr,2011,1.289489984512329
mmr,2012,1.221160054206848
mmr,2018,1.321230053901672
mne,2000,1.161450028419495
mne,2001,1.257889986038208
mne,2002,1.277060031890869
mne,2003,1.321269989013672
mne,2004,1.383900046348572
mne,2005,1.365640044212341
mne,2006,1.361520051956177
mne,2007,1.284989953041077
mne,2008,1.209509968757629
mne,2009,1.229120016098022
mne,2010,1.198230028152466
mne,2011,1.190899968147278
mne,2012,1.226930022239685
mne,2013,1.201230049133301
mne,2014,1.190320014953613
mne,2015,1.184509992599487
mne,2016,1.199020028114319
mne,2017,1.215180039405823
mne,2018,1.245790004730225
mne,2019,1.240520000457764
mne,2020,1.253139972686768
mne,2021,1.261970043182373
mne,2022,1.29665994644165
mne,2023,1.338940024375916
mng,1996,1.556990027427673
mng,1997,1.546129941940308
mng,1998,1.525869965553284
mng,1999,1.451110005378723
mng,2000,1.426640033721924
mng,2001,1.414700031280518
mng,2002,1.418920040130615
mng,2003,1.39955997467041
mng,2004,1.382449984550476
mng,2005,1.372310042381287
mng,2006,1.353279948234558
mng,2007,1.349400043487549
mng,2008,1.361580014228821
mng,2009,1.35834002494812
mng,2010,1.352620005607605
mng,2011,1.331528644416593
mng,2012,1.309900045394897
mng,2013,1.297860026359558
mng,2014,1.30239999294281
mng,2015,1.276020050048828
mng,2016,1.283200025558472
mng,2017,1.305050015449524
mng,2018,1.303320050239563
mng,2019,1.343129992485046
mng,2020,1.396611369104872
mng,2021,1.390949509891397
mng,2022,1.403077859545599
mng,2023,1.400572429497655
mng,2024,1.402140021324158
moz,1973,0.8275099992752075
moz,1977,0.4273299872875214
moz,1982,0.22605000436306
moz,1985,0.2859799861907959
moz,1987,0.2833400070667267
moz,1992,0.3889299929141998
moz,1993,0.373879998922348
moz,1994,0.3723199963569641
moz,1995,0.3505400121212006
moz,1996,0.3278999924659729
moz,2000,0.3505899906158447
moz,2001,0.3696199953556061
moz,2002,0.4094800055027008
moz,2003,0.4524399936199188
moz,2004,0.4481599926948547
moz,2005,0.4814000129699707
moz,2006,0.8680999875068665
moz,2007,0.599810004234314
moz,2008,0.6117600202560425
moz,2009,0.6094599962234497
moz,2010,0.6439899802207947
moz,2011,0.6151099801063538
moz,2012,0.639240026473999
moz,2013,0.6594499945640564
moz,2014,0.7054299712181091
moz,2015,0.7230899930000305
moz,2016,0.7804099917411804
moz,2017,0.8043199777603149
moz,2018,0.8098099827766418
moz,2019,0.8448899714769917
mrt,1978,0.1066100001335144
mrt,1988,0.148159995675087
mrt,1989,0.1495199948549271
mrt,1990,0.130610004067421
mrt,1991,0.1669999957084656
mrt,1992,0.1754399985074997
mrt,1993,0.1750999987125397
mrt,1994,0.2089300006628036
mrt,1995,0.2072100043296814
mrt,1996,0.213689997792244
mrt,1997,0.1841599941253662
mrt,1998,0.1973199993371964
mrt,1999,0.2130399942398071
mrt,2001,0.2043900042772293
mrt,2002,0.2709800004959106
mrt,2003,0.2720400094985962
mrt,2004,0.3077200055122375
mrt,2005,0.3214100003242493
mrt,2006,0.3397699892520905
mrt,2008,0.3837800025939941
mrt,2009,0.3785699903964996
mrt,2010,0.3750199973583221
mrt,2011,0.3787199854850769
mrt,2012,0.3838799893856049
mrt,2013,0.3902300000190735
mrt,2015,0.4456300139427185
mrt,2016,0.4516800045967102
mrt,2017,0.4518899917602539
mrt,2018,0.4888400137424469
mrt,2019,0.554830014705658
mrt,2020,0.5659700036048889
msr,1998,0.0
msr,1999,0.0
msr,2000,0.0
msr,2001,0.0
msr,2002,0.0
msr,2003,0.0
msr,2004,0.0
msr,2005,0.0
msr,2006,0.0
msr,2007,0.0
msr,2008,1.767629981040955
msr,2009,1.785670042037964
msr,2010,1.836410045623779
msr,2012,0.924901185770751
msr,2015,1.294325198471038
msr,2016,0.8237068965517241
msr,2017,1.19705069124424
msr,2018,1.293922867160109
msr,2019,0.0
mus,1970,0.0516000017523766
mus,1971,0.2364799976348877
mus,1972,0.1672199964523315
mus,1973,0.1958899945020676
mus,1974,0.1924699991941452
mus,1975,0.1659000068902969
mus,1976,0.2151699960231781
mus,1977,0.3430899977684021
mus,1978,0.3700799942016602
mus,1979,0.3902100026607513
mus,1980,0.4658600091934204
mus,1981,0.4383600056171417
mus,1982,0.3615399897098541
mus,1983,0.451770007610321
mus,1984,0.4014900028705597
mus,1985,0.6123200058937073
mus,1986,0.5356799960136414
mus,1987,0.6667100191116333
mus,1988,0.5443800091743469
mus,1989,0.569350004196167
mus,1990,0.626829981803894
mus,1991,0.7684599757194519
mus,1994,0.8860599994659424
mus,1995,1.043050050735474
mus,1997,0.8863400220870972
mus,1999,0.8505200147628784
mus,2000,0.9102500081062316
mus,2001,1.195099949836731
mus,2002,0.9779199957847596
mus,2003,0.925819993019104
mus,2004,0.9715999960899352
mus,2005,1.033349990844727
mus,2006,1.009950041770935
mus,2007,1.149160027503967
mus,2008,1.193660020828247
mus,2009,1.161980032920837
mus,2010,1.177119970321655
mus,2011,1.245390057563782
mus,2012,1.250100016593933
mus,2013,1.18503999710083
mus,2014,1.187719941139221
mus,2015,1.233229994773865
mus,2016,1.214179992675781
mus,2017,1.283290028572083
mus,2018,1.283699989318848
mus,2019,1.2813800573349
mus,2020,1.321760058403015
mus,2021,1.336779952049255
mus,2022,1.264369964599609
mwi,1980,0.3211700022220612
mwi,1981,0.3384400010108948
mwi,1982,0.2810600101947784
mwi,1983,0.2750200033187866
mwi,1984,0.2471700012683868
mwi,1985,0.2476699948310852
mwi,1986,0.2538500130176544
mwi,1987,0.2850799858570099
mwi,1988,0.266620010137558
mwi,1989,0.2069099992513657
mwi,1990,0.3017100095748901
mwi,1991,0.3051199913024902
mwi,1992,0.3182800114154816
mwi,1993,0.2848699986934662
mwi,1994,0.3394699990749359
mwi,1995,0.393200010061264
mwi,1996,0.4135000109672546
mwi,1999,0.3734999895095825
mwi,2000,0.3694599866867065
mwi,2002,0.3874100148677826
mwi,2004,0.4962399899959564
mwi,2005,0.4886699914932251
mwi,2006,0.4473600089550018
mwi,2007,0.4442000091075897
mwi,2010,0.5659333139157305
mwi,2011,0.6248970060008926
mwi,2012,0.6396065680585666
mwi,2014,0.7637171801911995
mwi,2015,1.129699573334995
mwi,2018,0.586080095272919
mwi,2020,0.6327344527164666
mwi,2021,0.6542231962711376
mwi,2022,0.6958768644734492
mys,1979,0.6150299906730652
mys,1980,0.612339973449707
mys,1982,0.740559995174408
mys,1983,0.8148300051689148
mys,1984,0.7619400024414062
mys,1985,0.8163400292396545
mys,1988,0.7136800289154053
mys,1989,0.7440900206565857
mys,1998,1.083469986915588
mys,1999,1.046759963035583
mys,2000,1.089179992675781
mys,2001,1.207399964332581
mys,2002,1.240280032157898
mys,2003,1.309949994087219
mys,2004,1.26121997833252
mys,2005,1.282279968261719
mys,2006,1.248550057411194
mys,2007,1.277719974517822
mys,2008,1.276479959487915
mys,2009,1.266810059547424
mys,2010,1.29009997844696
mys,2011,1.269130626285506
mys,2012,1.285410001510572
mys,2013,1.304907065751752
mys,2014,1.305111390584467
mys,2015,1.290409120439677
mys,2016,1.221527247902096
mys,2017,1.218025071470773
mys,2018,1.25966087435312
mys,2019,1.294509408685679
mys,2020,1.297043873764456
mys,2021,1.292541809571075
mys,2022,1.289785621780781
mys,2023,1.300735930033149
nam,1991,1.41635000705719
nam,1994,1.353180050849915
nam,1995,1.339100003242493
nam,1997,1.095749974250793
nam,1998,1.104699969291687
nam,2001,0.8223999738693237
nam,2002,1.256189942359924
nam,2003,1.098899960517883
nam,2005,0.8524900078773499
nam,2006,0.8503199815750122
nam,2008,1.213680028915405
nam,2014,1.393339991569519
nam,2015,1.418329954147339
nam,2016,1.420199990272522
nam,2017,1.494549989700317
nam,2018,1.495710015296936
nam,2019,1.499729990959167
nam,2020,1.480319976806641
nam,2022,1.421730041503906
ner,1971,0.0
ner,1972,0.0
ner,1973,0.0561200007796288
ner,1974,0.0465999990701675
ner,1975,0.1238899976015091
ner,1976,0.1200100034475327
ner,1977,0.1744599938392639
ner,1978,0.1876700073480606
ner,1979,0.2116300016641617
ner,1980,0.2110700011253357
ner,1981,0.2573600113391876
ner,1982,0.2210099995136261
ner,1983,0.1981599926948547
ner,1984,0.2845599949359894
ner,1985,0.2345200031995773
ner,1987,0.2257899940013885
ner,1989,0.2032400071620941
ner,1990,0.1837500035762787
ner,2003,0.3933199942111969
ner,2004,0.3977200090885162
ner,2005,0.4412499964237213
ner,2006,0.3812299966812134
ner,2007,0.4187099933624268
ner,2008,0.4397599995136261
ner,2009,0.4270899891853333
ner,2010,0.4431000053882599
ner,2011,0.4560999870300293
ner,2012,0.4030900001525879
ner,2015,0.4841800034046173
ner,2016,0.5620499849319458
ner,2017,0.4919599890708923
ner,2018,0.4141600131988525
ner,2019,0.6364200115203857
ner,2020,0.4810172868323082
nga,1985,0.3387500047683716
nga,1986,0.3559499979019165
nga,1987,0.3898000121116638
nga,1988,0.3337700068950653
nga,1989,0.3190400004386902
nga,1999,0.774370014667511
nga,2003,0.681850016117096
nga,2004,0.7028599977493286
nga,2005,0.7033600211143494
nga,2010,0.7407000064849854
nga,2011,0.6940699815750122
nga,2017,0.7905444348230429
nga,2018,0.7283969991477274
nic,1970,0.4724499881267548
nic,1971,0.4737899899482727
nic,1972,0.4937300086021423
nic,1973,0.5185700058937073
nic,1974,0.5647799968719482
nic,1975,0.5172899961471558
nic,1976,0.4723800122737885
nic,1977,0.540120005607605
nic,1982,0.8706200122833252
nic,1983,0.8190699815750122
nic,1984,0.9001799821853638
nic,1985,1.216380000114441
nic,1986,1.232789993286133
nic,1987,1.165889978408813
nic,1990,1.06384003162384
nic,1991,0.9612900018692015
nic,1992,0.9856500029563904
nic,1995,1.048660039901733
nic,1997,1.093109965324402
nic,2002,1.055400013923645
nic,2010,1.18833197129055
nic,2011,1.189584416871853
nic,2012,1.181897859436451
nic,2013,1.192315463567025
nic,2014,1.189018918230371
nic,2015,1.245993550382687
nic,2016,1.169440723319721
nic,2018,1.202881003613491
nic,2019,1.215243847802162
nic,2020,1.20517559413614
nic,2021,1.227261446257033
nic,2022,1.266306788419117
nic,2023,1.29298996925354
niu,1970,0.0
niu,1971,0.0
niu,1972,0.0
niu,1973,0.0
niu,1974,0.0
niu,1975,0.0
niu,1976,0.0
niu,1977,0.0
niu,1978,0.0
niu,1979,0.0
niu,1980,0.0
niu,1981,0.0
niu,1982,0.0
niu,1983,0.0
niu,1984,0.0
niu,1985,0.0
niu,1986,0.0
niu,1987,0.0
niu,1988,0.0
niu,1989,0.0
niu,1990,0.0
niu,1998,0.0
niu,1999,0.0
niu,2000,0.0
niu,2001,0.0
niu,2002,0.0
niu,2003,0.0
niu,2004,0.0
niu,2005,0.0
niu,2006,0.0
niu,2007,0.0
niu,2008,0.0
niu,2009,0.0
niu,2016,0.0
nld,1971,0.402649998664856
nld,1972,0.4102999866008759
nld,1975,0.4673100113868713
nld,1976,0.505050003528595
nld,1977,0.5290700197219849
nld,1978,0.5517799854278564
nld,1979,0.5768600106239319
nld,1980,0.6401900053024292
nld,1981,0.6861199736595154
nld,1982,0.7282400131225586
nld,1983,0.7487900257110596
nld,1984,0.7477399706840515
nld,1985,0.7233200073242188
nld,1986,0.7185400128364563
nld,1987,0.7441499829292297
nld,1988,0.7769100069999695
nld,1989,0.8011699914932251
nld,1990,0.8186500072479248
nld,1991,0.8276200294494629
nld,1992,0.8627499938011169
nld,1993,0.8791599869728088
nld,1994,0.8822900056838989
nld,1995,0.919950008392334
nld,1996,0.9335899949073792
nld,1997,0.9633600115776062
nld,1998,0.9791799783706664
nld,1999,1.004539966583252
nld,2000,1.028229951858521
nld,2001,1.050740003585815
nld,2002,1.061130046844482
nld,2003,1.075979948043823
nld,2004,1.069919943809509
nld,2005,1.070919990539551
nld,2006,1.076040029525757
nld,2007,1.087919950485229
nld,2008,1.09292995929718
nld,2009,1.099599957466125
nld,2010,1.101009964942932
nld,2011,1.099179983139038
nld,2012,1.080340027809143
nld,2015,1.117009997367859
nld,2016,1.107030034065247
nld,2017,1.119519948959351
nld,2018,1.110730051994324
nld,2020,1.128399968147278
nld,2021,1.145280003547668
nor,1971,0.4623799920082092
nor,1972,0.4827899932861328
nor,1973,0.5148000121116638
nor,1974,0.5481699705123901
nor,1975,0.5928500294685364
nor,1976,0.6326199769973755
nor,1977,0.7809100151062012
nor,1978,0.8181399703025818
nor,1979,0.8431000113487244
nor,1980,0.907130002975464
nor,1981,0.9611899852752686
nor,1982,0.99277001619339
nor,1983,0.9988200068473816
nor,1984,1.023679971694946
nor,1985,1.048539996147156
nor,1986,1.121930003166199
nor,1987,1.093899965286255
nor,1988,1.172060012817383
nor,1989,1.171319961547852
nor,1990,1.175690054893494
nor,1991,1.152809977531433
nor,1992,1.164520025253296
nor,1993,1.169960021972656
nor,1994,1.173020005226135
nor,1995,1.198459982872009
nor,1996,1.21763002872467
nor,1997,1.245939970016479
nor,1998,1.258419990539551
nor,1999,1.279710054397583
nor,2000,1.311660051345825
nor,2001,1.334800004959106
nor,2002,1.346940040588379
nor,2003,1.349279999732971
nor,2004,1.345679998397827
nor,2005,1.345160007476807
nor,2006,1.354519963264465
nor,2007,1.367120027542114
nor,2008,1.383499979972839
nor,2009,1.390550017356873
nor,2010,1.380669951438904
nor,2011,1.367319941520691
nor,2012,1.368090033531189
nor,2013,1.33554995059967
nor,2014,1.311169981956482
nor,2015,1.316050052642822
nor,2016,1.326769948005676
nor,2017,1.331560015678406
nor,2018,1.326470017433167
nor,2019,1.328230023384094
nor,2020,1.334630012512207
nor,2021,1.336920022964478
nor,2022,1.336869955062866
nor,2023,1.33175003528595
npl,1983,0.2619200050830841
npl,1989,0.2650800049304962
npl,1990,0.3152900040149689
npl,1991,0.3281500041484833
npl,2000,0.3932600021362305
npl,2002,0.2662200033664703
npl,2003,0.322409987449646
npl,2004,0.3796400129795074
npl,2005,0.5747100114822388
npl,2006,0.5457500219345093
npl,2008,0.6162800192832947
npl,2009,0.6090999841690063
npl,2010,0.631309986114502
npl,2011,0.6567100286483765
npl,2013,0.8631399869918823
npl,2015,1.074418693821781
npl,2016,1.08103228546641
npl,2017,1.098347686456154
npl,2018,1.137634912226452
npl,2019,1.109165170535207
npl,2020,1.059303064414586
npl,2021,1.07734294138605
npl,2022,1.078840272029738
npl,2023,1.170544832316463
nru,1970,0.0
nru,1971,0.0
nru,1972,0.0
nru,1973,0.0
nru,1974,0.0
nru,1975,0.0
nru,1976,0.0
nru,1977,0.0
nru,1978,0.0
nru,1979,0.0
nru,1980,0.0
nru,1981,0.0
nru,1982,0.0
nru,1983,0.0
nru,1984,0.0
nru,1985,0.0
nru,1986,0.0
nru,1987,0.0
nru,1988,0.0
nru,1989,0.0
nru,1990,0.0
nru,1991,0.0
nru,1992,0.0
nru,1993,0.0
nru,1994,0.0
nru,1995,0.0
nru,1996,0.0
nru,1997,0.0
nru,1998,0.0
nru,1999,0.0
nru,2000,0.0
nru,2001,0.0
nru,2002,0.0
nru,2003,0.0
nru,2004,0.0
nru,2005,0.0
nru,2006,0.0
nru,2007,0.0
nru,2008,0.0
nzl,1970,0.674019992351532
nzl,1971,0.7142400145530701
nzl,1972,0.5170400142669678
nzl,1973,0.5177199840545654
nzl,1974,0.6134499907493591
nzl,1975,0.6005100011825562
nzl,1976,0.6063200235366821
nzl,1979,0.6858800053596497
nzl,1980,0.721019983291626
nzl,1981,0.7454699873924255
nzl,1982,0.7280700206756592
nzl,1983,0.7444999814033508
nzl,1984,0.8366900086402893
nzl,1985,0.8813999891281128
nzl,1986,0.9303900003433228
nzl,1987,0.9540799856185912
nzl,1988,0.979420006275177
nzl,1989,1.025869965553284
nzl,1990,1.082890033721924
nzl,1991,1.112800002098083
nzl,1992,1.137670040130615
nzl,1993,1.153120040893555
nzl,1994,1.192770004272461
nzl,1995,1.202870011329651
nzl,1996,1.225559949874878
nzl,2013,1.304069995880127
nzl,2014,1.295760035514832
nzl,2015,1.292090058326721
nzl,2016,1.301259994506836
nzl,2017,1.310570001602173
nzl,2018,1.325139999389648
nzl,2019,1.353189945220947
nzl,2020,1.363049983978271
nzl,2021,1.388239979743958
nzl,2022,1.401379942893982
nzl,2023,1.390200018882751
omn,1978,0.1080100014805794
omn,1979,0.1889699995517731
omn,1980,0.0749799981713295
omn,1981,0.0
omn,1982,0.0817300006747246
omn,1983,0.0381000004708767
omn,1984,0.4509499967098236
omn,1985,0.7111300230026245
omn,1986,0.6631399989128113
omn,1987,0.7397500276565552
omn,1988,0.7894700169563293
omn,1989,1.05239999294281
omn,1990,1.133249998092651
omn,1991,1.171800017356873
omn,1992,1.284559965133667
omn,1993,1.279420018196106
omn,1994,1.335540056228638
omn,1995,1.259080052375793
omn,1996,1.180439949035645
omn,1997,1.126960039138794
omn,1998,1.053750038146973
omn,2003,0.7439900040626526
omn,2004,1.113530039787292
omn,2005,1.110890030860901
omn,2006,1.10164999961853
omn,2007,1.121670007705688
omn,2009,1.259490013122559
omn,2010,1.15805995464325
omn,2011,1.176079988479614
omn,2013,1.320870041847229
omn,2014,1.385349988937378
omn,2015,1.400329947471619
omn,2016,1.445880055427551
omn,2017,1.423099994659424
omn,2018,1.401190042495728
omn,2019,1.366310000419617
omn,2020,1.323359966278076
omn,2021,1.321670055389404
pak,1971,0.29025998711586
pak,1972,0.3179099857807159
pak,1973,0.317550003528595
pak,1974,0.3312099874019623
pak,1975,0.3519600033760071
pak,1976,0.33024001121521
pak,1977,0.3699199855327606
pak,1978,0.3919700086116791
pak,1979,0.3778600096702576
pak,1980,0.3924599885940552
pak,1986,0.3740200102329254
pak,1987,0.3694199919700623
pak,1988,0.3881900012493134
pak,1990,0.4054700136184692
pak,1992,0.2687099874019623
pak,2003,0.7987200021743774
pak,2004,0.7846099734306335
pak,2005,0.866349995136261
pak,2006,0.8465999960899353
pak,2007,0.8478999733924866
pak,2008,0.849590003490448
pak,2009,0.8506799936294556
pak,2011,0.93163001537323
pak,2012,0.965820014476776
pak,2013,0.9894700050354004
pak,2014,1.068789958953857
pak,2015,0.8821099996566772
pak,2016,0.8779199719429016
pak,2017,0.8737599849700928
pak,2018,0.8719800114631653
pak,2019,0.980870008468628
pak,2020,0.9871699810028076
pak,2021,0.9606299996376038
pak,2022,0.9692400097846984
pak,2023,0.9662700295448304
pan,1970,0.7584599852561951
pan,1971,0.7579699754714966
pan,1972,0.7818700075149536
pan,1973,1.034629940986633
pan,1974,1.066810011863708
pan,1975,1.018599987030029
pan,1976,1.0727299451828
pan,1977,1.085360050201416
pan,1978,1.145609974861145
pan,1979,1.173509955406189
pan,1980,1.198240041732788
pan,1981,1.168769955635071
pan,1982,1.198429942131042
pan,1983,1.310019969940186
pan,1984,1.231690049171448
pan,1985,1.280509948730469
pan,1987,1.350340008735657
pan,1988,1.281270027160645
pan,1994,1.33256995677948
pan,1998,1.354460000991821
pan,1999,1.374119997024536
pan,2000,1.410269975662231
pan,2001,1.417189955711365
pan,2002,1.411010026931763
pan,2003,1.371860027313232
pan,2004,1.398599982261658
pan,2005,1.387210011482239
pan,2006,1.38169002532959
pan,2007,1.373209953308105
pan,2008,1.349869966506958
pan,2009,1.3471599817276
pan,2010,1.349439978599548
pan,2011,1.357169985771179
pan,2012,1.357179999351501
pan,2014,1.373420000076294
pan,2015,1.36856997013092
pan,2016,1.368420004844666
pan,2020,1.359670042991638
pan,2021,1.373289942741394
pan,2022,1.383229970932007
per,1970,0.5232200026512146
per,1971,0.5210999846458435
per,1972,0.4896300137042999
per,1973,0.4866499900817871
per,1974,0.4904100000858307
per,1975,0.4748499989509583
per,1976,0.442660003900528
per,1980,0.5435100197792053
per,2001,0.9741600155830384
per,2002,1.06046998500824
per,2003,1.061310052871704
per,2004,1.016149997711182
per,2005,1.015740036964417
per,2006,1.049270033836365
per,2016,1.040500044822693
per,2017,1.075240015983582
phl,1971,1.242709994316101
phl,1973,1.22409999370575
phl,1979,1.154229998588562
phl,1980,1.155709981918335
phl,1981,1.167809963226318
phl,1982,1.171370029449463
phl,1992,1.334310054779053
phl,1995,1.277950048446655
phl,1996,1.272729992866516
phl,1998,1.256569981575012
phl,1999,1.223649978637695
phl,2001,1.107360005378723
phl,2002,1.245020031929016
phl,2003,1.234650015830994
phl,2004,1.233219981193542
phl,2005,1.201760053634644
phl,2006,1.21219003200531
phl,2008,1.210690021514893
phl,2009,1.205189943313599
phl,2010,1.218385894637315
phl,2011,1.214566451921455
phl,2012,1.207655799689335
phl,2013,1.227316681525841
phl,2014,1.237853050884141
phl,2015,1.244586829701855
phl,2016,1.232843992165318
phl,2017,1.234978391695122
phl,2018,1.228512068608146
phl,2019,1.212276990401899
phl,2020,1.189889315416082
phl,2021,1.230478203825354
phl,2022,1.284992635793989
phl,2023,1.261635322440836
plw,2000,1.613749980926514
plw,2001,1.51665997505188
plw,2002,1.534540057182312
plw,2013,1.373260021209717
plw,2022,1.20704788764821
plw,2023,1.331768579852203
png,1980,0.3546000123023987
png,1983,0.3721700012683868
png,1984,0.3555499911308289
png,1985,0.3592300117015839
png,1986,0.3794600069522858
png,1995,0.4782199859619141
png,1996,0.682889997959137
png,1998,0.5842300057411194
png,1999,0.5724899768829346
pol,1971,0.9296799898147584
pol,1972,0.9198499917984008
pol,1973,1.017269968986511
pol,1974,1.090999960899353
pol,1975,1.149960041046143
pol,1976,1.184870004653931
pol,1977,1.219089984893799
pol,1978,1.216860055923462
pol,1979,1.230469942092896
pol,1980,1.237149953842163
pol,1981,1.248080015182495
pol,1982,1.251629948616028
pol,1983,1.232669949531555
pol,1984,1.2326500415802
pol,1985,1.236690044403076
pol,1986,1.241690039634705
pol,1987,1.245419979095459
pol,1988,1.251180052757263
pol,1989,1.253749966621399
pol,1990,1.326900005340576
pol,1991,1.253389954566956
pol,1992,1.266610026359558
pol,1993,1.236860036849976
pol,1994,1.268880009651184
pol,1995,1.291059970855713
pol,1996,1.310459971427917
pol,1997,1.314620018005371
pol,1998,1.267709970474243
pol,1999,1.272279977798462
pol,2000,1.285949945449829
pol,2001,1.300279974937439
pol,2002,1.297230005264282
pol,2003,1.294849991798401
pol,2004,1.287500023841858
pol,2005,1.287350058555603
pol,2006,1.284809947013855
pol,2007,1.283509969711304
pol,2008,1.289170026779175
pol,2009,1.298650026321411
pol,2010,1.337470054626465
pol,2011,1.357280015945435
pol,2012,1.356590032577515
pol,2013,1.356080055236816
pol,2014,1.343090057373047
pol,2015,1.332970023155212
pol,2016,1.332630038261414
pol,2017,1.333349943161011
pol,2018,1.340100049972534
pol,2019,1.34850001335144
pol,2020,1.334840059280396
pol,2021,1.337239980697632
pol,2022,1.354099988937378
pol,2023,1.34798002243042
pri,2007,1.372179985046387
pri,2008,1.351869940757751
pri,2009,1.352820038795471
pri,2010,1.321310043334961
pri,2011,1.312590003013611
pri,2012,1.306669950485229
pri,2013,1.303439974784851
pri,2014,1.2916100025177
pri,2015,1.283470034599304
pri,2016,1.275889992713928
pri,2018,1.302219986915588
pri,2023,1.368070006370544
prk,2009,0.5069599747657776
prk,2015,0.5527099967002869
prk,2018,0.5115000009536743
prt,1971,0.7369099855422974
prt,1972,0.8049899935722351
prt,1973,0.8775200247764587
prt,1974,0.9291200041770936
prt,1975,0.7684299945831299
prt,1976,0.8167799711227417
prt,1977,0.7657700181007385
prt,1978,0.7479699850082397
prt,1979,0.907069981098175
prt,1980,0.920960009098053
prt,1981,0.9484099745750428
prt,1982,0.9991700053215028
prt,1983,1.017289996147156
prt,1984,1.181669950485229
prt,1985,1.118540048599243
prt,1986,1.146110057830811
prt,1987,1.070309996604919
prt,1991,1.22475004196167
prt,1992,1.36286997795105
prt,1993,1.234050035476685
prt,1994,1.256710052490234
prt,1995,1.250869989395142
prt,1996,1.248000025749207
prt,1998,1.23528003692627
prt,1999,1.230710029602051
prt,2015,1.15038001537323
prt,2016,1.143479943275452
prt,2017,1.153769969940186
prt,2018,1.160369992256165
prt,2019,1.166669964790344
prt,2020,1.166960000991821
prt,2021,1.162299990653992
prt,2022,1.172000050544739
pry,1970,0.7116199731826782
pry,1993,0.8517600297927856
pry,1996,1.19376003742218
pry,1999,1.277539968490601
pry,2000,1.269610047340393
pry,2001,1.278900027275085
pry,2002,1.290519952774048
pry,2003,1.281239986419678
pry,2004,1.261579990386963
pry,2005,1.124340057373047
pry,2007,1.265550017356873
pry,2008,1.268579959869385
pry,2009,1.309290051460266
pry,2010,1.294909954071045
pse,1996,0.80281001329422
pse,1997,0.8267899751663208
pse,1998,0.8295800089836121
pse,1999,0.8660699725151062
pse,2000,0.8992400169372559
pse,2001,0.931439995765686
pse,2002,0.9468100070953368
pse,2003,1.005020022392273
pse,2004,1.001230001449585
pse,2005,0.9974799752235411
pse,2006,1.115710020065308
pse,2007,1.149320006370544
pse,2008,1.152639985084534
pse,2009,1.208260059356689
pse,2010,1.22721004486084
pse,2011,1.249070048332214
pse,2012,1.265200018882751
pse,2013,1.305160045623779
pse,2014,1.326200008392334
pse,2015,1.332049965858459
pse,2016,1.33585000038147
pse,2017,1.344630002975464
pse,2018,1.325610041618347
pse,2019,1.351279973983765
pse,2020,1.35536003112793
pse,2021,1.364159941673279
pse,2022,1.358790040016174
pse,2023,1.37992000579834
pyf,1992,1.032690048217773
qat,1971,0.0
qat,1976,1.744519948959351
qat,1977,1.762220025062561
qat,1980,1.824049949645996
qat,1981,1.799190044403076
qat,1982,1.744770050048828
qat,1983,1.720270037651062
qat,1984,1.739040017127991
qat,1985,1.719589948654175
qat,1986,1.712069988250732
qat,1987,1.75285005569458
qat,1988,1.774070024490356
qat,1989,1.783370018005371
qat,1990,1.810250043869019
qat,1991,1.804780006408691
qat,1992,1.831030011177063
qat,1993,1.82437002658844
qat,1994,1.810850024223328
qat,1995,1.805099964141846
qat,1996,1.797369956970215
qat,1997,1.78754997253418
qat,1998,1.780779957771301
qat,1999,1.782539963722229
qat,2001,1.748440027236938
qat,2002,1.743649959564209
qat,2003,1.75901997089386
qat,2004,1.758239984512329
qat,2005,1.770879983901978
qat,2006,1.810379981994629
qat,2007,1.828920006752014
qat,2008,1.845829963684082
qat,2009,1.869609951972961
qat,2010,1.861969947814941
qat,2011,1.825979948043823
qat,2012,1.844449996948242
qat,2013,1.840950012207031
qat,2014,1.8473299741745
qat,2015,1.862229943275452
qat,2016,1.874259948730469
qat,2017,1.897639989852905
qat,2018,1.90132999420166
qat,2019,1.887290000915527
qat,2020,1.881850004196167
qat,2021,1.792610049247742
qat,2022,1.787029981613159
rou,1971,0.7494099736213684
rou,1972,0.7436699867248535
rou,1973,0.6631100177764893
rou,1974,0.7651000022888184
rou,1975,0.7343800067901611
rou,1976,0.7770500183105469
rou,1977,0.755370020866394
rou,1978,0.758080005645752
rou,1979,0.7212100028991699
rou,1980,0.7266200184822083
rou,1981,0.7067599892616272
rou,1982,0.7195000052452087
rou,1983,0.722760021686554
rou,1984,0.758650004863739
rou,1985,0.7769299745559692
rou,1986,0.8204600214958191
rou,1987,0.8788999915122986
rou,1988,0.8988900184631348
rou,1989,0.934560000896454
rou,1990,0.9454100131988524
rou,1991,0.8951500058174133
rou,1992,0.8514400124549866
rou,1993,0.8772000074386597
rou,1994,0.8765299916267395
rou,1995,0.899649977684021
rou,1996,1.027480006217957
rou,1997,1.012760043144226
rou,1998,1.015059947967529
rou,1999,1.057890057563782
rou,2000,1.10808002948761
rou,2001,1.16509997844696
rou,2002,1.197630047798157
rou,2003,1.191779971122742
rou,2004,1.206779956817627
rou,2005,1.202669978141785
rou,2006,1.234060049057007
rou,2007,1.254510045051575
rou,2008,1.268990039825439
rou,2009,1.273309946060181
rou,2010,1.277459979057312
rou,2011,1.265100002288818
rou,2012,1.210559964179993
rou,2013,1.203310012817383
rou,2014,1.202200055122375
rou,2015,1.190770030021667
rou,2016,1.19281005859375
rou,2017,1.182070016860962
rou,2018,1.188349962234497
rou,2019,1.205450057983398
rou,2020,1.214859962463379
rou,2021,1.231709957122803
rou,2022,1.237930059432983
rou,2023,1.240319967269897
rus,1971,1.15831995010376
rus,1981,1.246919989585876
rus,1986,1.278910040855408
rus,1991,1.205809950828552
rus,1992,1.188799977302551
rus,1993,1.186339974403381
rus,2001,1.232810020446777
rus,2002,1.260310053825378
rus,2003,1.232100009918213
rus,2004,1.262760043144226
rus,2005,1.25970995426178
rus,2006,1.252020001411438
rus,2007,1.245949983596802
rus,2008,1.250810027122498
rus,2009,1.252930045127869
rus,2011,1.247400045394897
rus,2012,1.207900047302246
rus,2013,1.183760046958923
rus,2014,1.157259941101074
rus,2015,1.161479949951172
rus,2016,1.148569941520691
rus,2017,1.15339994430542
rus,2018,1.153620004653931
rus,2019,1.153090000152588
rus,2020,1.14408004283905
rus,2021,1.142379999160767
rus,2022,1.107010006904602
rus,2023,1.086680054664612
rwa,1971,0.1021799966692925
rwa,1973,0.1190500035881996
rwa,1974,0.1818100064992905
rwa,1975,0.1416199952363968
rwa,1977,0.0983700007200241
rwa,1978,0.098920002579689
rwa,1980,0.1010200008749962
rwa,1981,0.1090100035071373
rwa,1984,0.1553599983453751
rwa,1985,0.1693100035190582
rwa,1986,0.1566099971532822
rwa,1987,0.189180001616478
rwa,1988,0.2196599990129471
rwa,1989,0.2541899979114532
rwa,1990,0.2310300022363663
rwa,2001,0.460640013217926
rwa,2002,0.4707799851894379
rwa,2003,0.5277000069618225
rwa,2004,0.5902000069618225
rwa,2009,0.7371500134468079
rwa,2010,0.7462700009346008
rwa,2011,0.7261300086975098
rwa,2012,0.7780900001525879
rwa,2013,0.7835299968719482
rwa,2014,0.8203799724578857
rwa,2015,0.7774800062179565
rwa,2016,0.7679700255393982
rwa,2017,0.8871700167655945
rwa,2018,0.7963700294494629
rwa,2019,0.8209800124168396
rwa,2020,0.7846400141716003
rwa,2021,0.784991875834114
rwa,2022,0.7593700289726257
rwa,2023,0.7699300050735474
sau,1971,0.0929799973964691
sau,1972,0.1205300018191338
sau,1973,0.1425500065088272
sau,1974,0.1621399968862534
sau,1975,0.1883600056171417
sau,1976,0.274729996919632
sau,1977,0.3057500123977661
sau,1978,0.293040007352829
sau,1979,0.3371300101280212
sau,1980,0.3699899911880493
sau,1981,0.4347600042819977
sau,1982,0.4782800078392029
sau,1983,0.5318099856376648
sau,1984,0.6213399767875671
sau,1985,0.6690800189971924
sau,1986,0.7424100041389465
sau,1987,0.7573000192642212
sau,1991,0.8612599968910217
sau,1992,0.7401800155639648
sau,1993,0.957729995250702
sau,1994,0.9204699993133544
sau,1995,0.9998599886894226
sau,1996,1.034119963645935
sau,1997,0.9655399918556212
sau,1998,1.168779969215393
sau,1999,1.24072003364563
sau,2000,1.283239960670471
sau,2001,1.313539981842041
sau,2002,1.389060020446777
sau,2003,1.483839988708496
sau,2004,1.522500038146973
sau,2005,1.530519962310791
sau,2006,1.543470025062561
sau,2007,1.491469979286194
sau,2008,1.497189998626709
sau,2009,1.498090028762817
sau,2010,1.446290016174316
sau,2011,1.455160021781921
sau,2012,1.384050011634827
sau,2013,1.318339943885803
sau,2014,1.299630045890808
sau,2015,1.266469955444336
sau,2016,1.214959979057312
sau,2017,1.143049955368042
sau,2018,1.129670023918152
sau,2019,1.113909959793091
sau,2020,1.14408004283905
sau,2021,1.055690050125122
sau,2022,1.113639950752258
sdn,1999,1.085700035095215
sdn,2000,1.168570041656494
sdn,2001,1.114529967308044
sdn,2002,1.132030010223389
sdn,2003,1.108669996261597
sdn,2004,1.078930020332336
sdn,2005,1.070459961891174
sdn,2006,1.113549947738647
sdn,2007,1.109210014343262
sdn,2008,1.029729962348938
sdn,2009,1.073179960250854
sdn,2010,1.109549999237061
sdn,2011,1.008470058441162
sdn,2012,1.08490002155304
sdn,2013,1.082159996032715
sdn,2014,1.044090032577515
sdn,2015,1.004269957542419
sen,1971,0.2108500003814697
sen,1972,0.1979800015687943
sen,1977,0.2511000037193298
sen,1978,0.2375999987125397
sen,1980,0.2305299937725067
sen,1981,0.2253399938344955
sen,1982,0.2268899977207184
sen,1984,0.2542699873447418
sen,1985,0.2625899910926819
sen,1992,0.3255999982357025
sen,2006,0.4589000046253204
sen,2007,0.5238199830055237
sen,2008,0.5374000072479248
sen,2009,0.5755500197410583
sen,2010,0.5812600255012512
sen,2011,0.5750600099563599
sen,2012,0.5761600136756897
sen,2013,0.5786700248718262
sen,2014,0.5883600115776062
sen,2015,0.5995399951934814
sen,2016,0.5988600254058838
sen,2017,0.6083700060844421
sen,2018,0.6854299902915955
sen,2019,0.7587299942970276
sen,2020,0.7897400259971619
sen,2021,0.9218000173568726
sen,2022,0.9761499762535096
sen,2023,1.046479940414429
sgp,2016,1.140390038490295
sgp,2017,1.13441002368927
sgp,2018,1.131049990653992
sgp,2019,1.11856997013092
sgp,2020,1.100669980049133
sgp,2021,1.099089980125427
sgp,2022,1.097900032997131
slb,1970,0.0
slb,1971,0.0
slb,1972,0.0
slb,1973,0.0
slb,1974,0.0
slb,1975,0.0
slb,1976,0.0
slb,1977,0.0
slb,1978,0.0
slb,1979,0.0
slb,1980,0.0
slb,1981,0.0
slb,1982,0.0
slb,1983,0.0
slb,1984,0.0
slb,1985,0.0
slb,1986,0.0
slb,1987,0.0
slb,1988,0.0
slb,1989,0.0
slb,1990,0.0
slb,1991,0.0
slb,1992,0.0
slb,1993,0.0
slb,1994,0.0
slb,1995,0.0
slb,1996,0.0
slb,1998,0.0
slb,1999,0.0
slb,2000,0.0
slb,2001,0.0
slb,2002,0.0
slb,2003,0.0
slb,2004,0.0
slb,2005,0.0
slb,2006,0.0
slb,2007,0.0
slb,2008,0.0
slb,2009,0.0
sle,1971,0.1874900013208389
sle,1972,0.1644800007343292
sle,1973,0.1675699949264526
sle,1974,0.1759500056505203
sle,1975,0.2098000049591064
sle,1976,0.187389999628067
sle,1984,0.3080100119113922
sle,1985,0.3081499934196472
sle,2000,0.8165799975395203
sle,2001,0.3970099985599518
sle,2002,0.4023599922657013
slv,1973,0.4147300124168396
slv,1974,0.4172599911689758
slv,1975,0.493259996175766
slv,1978,0.480540007352829
slv,1982,0.6357100009918213
slv,1983,0.765529990196228
slv,1984,0.7923600077629089
slv,1985,0.7833399772644043
slv,1986,0.7633500099182129
slv,1994,0.9663599729537964
slv,1995,1.001019954681396
slv,1996,0.983959972858429
slv,1998,1.152349948883057
slv,1999,1.145210027694702
slv,2000,1.109480023384094
slv,2001,1.099820017814636
slv,2002,1.094759941101074
slv,2003,1.07600998878479
slv,2004,1.09046995639801
slv,2005,1.096789956092834
slv,2006,1.094159960746765
slv,2007,1.100929975509644
slv,2008,1.107290029525757
slv,2009,1.115929961204529
slv,2010,1.126430034637451
slv,2011,1.123540043830872
slv,2012,1.126129984855652
slv,2013,1.140550017356873
slv,2014,1.152250051498413
slv,2015,1.160709977149963
slv,2016,1.168990015983582
slv,2017,1.165590047836304
slv,2018,1.173879981040955
slv,2019,1.18231999874115
slv,2020,1.183320045471191
slv,2021,1.224370002746582
slv,2022,1.254799962043762
slv,2023,1.256150007247925
smr,2000,1.261690020561218
smr,2008,1.309960007667542
smr,2010,1.313609957695007
smr,2011,1.327970027923584
smr,2012,1.277899980545044
smr,2013,1.242916666666667
smr,2014,1.21116239048811
smr,2015,1.222304114672021
smr,2018,0.7672600150108337
smr,2019,0.8022900223731995
smr,2020,0.8260999917984009
smr,2021,0.8663700222969055
smr,2022,0.8360199928283691
smr,2023,0.8958500027656555
som,1972,0.1542800068855286
som,1975,0.1309600025415421
som,1976,0.1209200024604797
som,1987,0.2492499947547913
srb,2001,1.174010038375854
srb,2002,1.194239974021912
srb,2003,1.233049988746643
srb,2004,1.239910006523132
srb,2005,1.229719996452332
srb,2006,1.224279999732971
srb,2007,1.22518002986908
srb,2008,1.230430006980896
srb,2009,1.226969957351685
srb,2010,1.230110049247742
srb,2011,1.240470051765442
srb,2012,1.244830012321472
srb,2013,1.248149991035461
srb,2014,1.236050009727478
srb,2015,1.251430034637451
srb,2016,1.239619970321655
srb,2017,1.261190056800842
srb,2018,1.275990009307861
srb,2019,1.280329942703247
srb,2020,1.286440014839172
srb,2021,1.299929976463318
srb,2022,1.304489970207214
srb,2023,1.324169993400574
ssd,2016,0.7157375291865888
ssd,2018,0.3041888732058531
stp,1970,0.0
stp,1971,0.0
stp,1972,0.0
stp,1973,0.0
stp,1974,0.0
stp,1975,0.0
stp,1976,0.0
stp,1977,0.0
stp,1978,0.0
stp,1979,0.0
stp,1980,0.0
stp,1981,0.0
stp,1982,0.0
stp,1983,0.0
stp,1984,0.0
stp,1985,0.0
stp,1986,0.0
stp,1987,0.0
stp,1988,0.0
stp,1989,0.0
stp,1990,0.0
stp,1991,0.0
stp,1992,0.0
stp,1993,0.0
stp,1994,0.0
stp,1995,0.0
stp,1996,0.0
stp,1997,0.0
stp,1998,0.0
stp,1999,0.0
stp,2000,0.0
stp,2001,0.0
stp,2002,0.0
stp,2003,0.0
stp,2004,0.0
stp,2005,0.0
stp,2006,0.0
stp,2007,0.0
stp,2008,0.0
stp,2009,0.9266899824142456
stp,2010,0.9746299982070924
stp,2011,1.201044974438664
stp,2012,0.8600599765777588
stp,2014,0.8673999905586243
stp,2015,1.027920007705688
stp,2016,1.109916126359555
stp,2017,1.097534591601143
stp,2018,1.167313435284852
stp,2019,0.9843722868372804
stp,2021,1.193017703724063
sur,1985,1.104619979858398
sur,1986,1.180989980697632
sur,1987,1.084400057792664
sur,1988,1.091470003128052
sur,1989,1.13785994052887
sur,1990,1.142169952392578
sur,2002,1.433779954910278
sur,2021,1.496760010719299
sur,2022,1.520779967308044
svk,1993,0.9663299918174744
svk,1994,0.985729992389679
svk,1995,0.9998199939727784
svk,1996,1.024909973144531
svk,1997,1.048210024833679
svk,1998,1.078080058097839
svk,1999,1.100209951400757
svk,2000,1.053060054779053
svk,2001,1.086150050163269
svk,2002,1.115599989891052
svk,2003,1.151780009269714
svk,2004,1.187139987945557
svk,2005,1.226050019264221
svk,2006,1.297510027885437
svk,2007,1.32790994644165
svk,2008,1.365869998931885
svk,2009,1.370810031890869
svk,2010,1.352020025253296
svk,2011,1.347480058670044
svk,2012,1.348709940910339
svk,2013,1.351760029792786
svk,2014,1.351830005645752
svk,2015,1.34932005405426
svk,2016,1.342759966850281
svk,2017,1.345460057258606
svk,2018,1.338369965553284
svk,2019,1.336859941482544
svk,2020,1.327149987220764
svk,2021,1.322479963302612
svk,2022,1.332100033760071
svk,2023,1.300179958343506
svn,1981,1.122720003128052
svn,1982,1.137210011482239
svn,1983,1.102139949798584
svn,1984,1.023990035057068
svn,1985,1.051560044288635
svn,1986,1.114709973335266
svn,1987,1.11981999874115
svn,1988,1.135319948196411
svn,1989,1.154060006141663
svn,1990,1.171650052070618
svn,1991,1.205569982528687
svn,1992,1.123389959335327
svn,1993,1.182790040969849
svn,1994,1.213600039482117
svn,1995,1.255200028419495
svn,1996,1.258100032806396
svn,1997,1.256399989128113
svn,1998,1.2394700050354
svn,1999,1.261059999465942
svn,2000,1.266999959945679
svn,2001,1.269549965858459
svn,2002,1.308310031890869
svn,2003,1.263329982757568
svn,2004,1.278609991073608
svn,2005,1.306049942970276
svn,2006,1.32079005241394
svn,2007,1.323619961738586
svn,2008,1.318570017814636
svn,2009,1.336470007896423
svn,2010,1.334380030632019
svn,2011,1.396950006484985
svn,2012,1.315809965133667
svn,2013,1.30429995059967
svn,2014,1.303920030593872
svn,2015,1.316429972648621
svn,2016,1.303820013999939
svn,2017,1.301570057868958
svn,2018,1.311190009117126
svn,2019,1.336549997329712
svn,2020,1.34552001953125
svn,2021,1.350200057029724
svn,2022,1.340180039405823
svn,2023,1.343309998512268
swe,1971,0.7670000195503235
swe,1972,0.7387300133705139
swe,1973,0.7469099760055542
swe,1974,0.8548499941825867
swe,1975,0.8777499794960022
swe,1976,0.7066400051116943
swe,1977,0.7543299794197083
swe,1978,0.8205900192260742
swe,1979,0.8701500296592712
swe,1980,0.8668799996376038
swe,1985,1.122599959373474
swe,1986,1.126189947128296
swe,1987,1.115370035171509
swe,1988,1.125959992408752
swe,1989,1.143839955329895
swe,1990,1.158100008964539
swe,1991,1.178670048713684
swe,1992,1.182389974594116
swe,1993,1.192690014839172
swe,1994,1.198179960250854
swe,1995,1.20973002910614
swe,1996,1.223510026931763
swe,1997,1.240370035171509
swe,1998,1.25449001789093
swe,1999,1.293259978294373
swe,2000,1.311179995536804
swe,2001,1.333490014076233
swe,2002,1.344030022621155
swe,2003,1.349259972572327
swe,2004,1.350379943847656
swe,2005,1.352370023727417
swe,2006,1.353670001029968
swe,2007,1.361709952354431
swe,2008,1.372439980506897
swe,2009,1.367169976234436
swe,2010,1.346519947052002
swe,2011,1.340029954910278
swe,2012,1.359330058097839
swe,2013,1.357480049133301
swe,2014,1.351199984550476
swe,2015,1.349920034408569
swe,2016,1.357640027999878
swe,2017,1.368669986724854
swe,2018,1.388870000839233
swe,2019,1.402799963951111
swe,2020,1.415989995002747
swe,2021,1.426370024681091
swe,2022,1.424790024757385
swe,2023,1.414340019226074
swz,1970,0.5752599835395813
swz,1972,0.3741599917411804
swz,1976,0.3936299979686737
swz,1977,0.5310500264167786
swz,1979,0.506659984588623
swz,1980,0.5329599976539612
swz,1981,0.5497499704360962
swz,1990,0.7111200094223022
swz,1991,0.8460900187492371
swz,1992,0.7126200199127197
swz,1993,0.7878199815750122
swz,1996,1.068269968032837
swz,1999,0.8964400291442871
swz,2000,0.9073399901390076
swz,2002,1.105430006980896
swz,2004,0.9856899976730348
swz,2005,0.947629988193512
swz,2006,0.8529099822044373
swz,2011,0.9542800188064576
swz,2013,0.987380027770996
sxm,2015,1.715190052986145
sxm,2017,1.689409971237183
sxm,2022,1.791489958763123
sxm,2023,1.776469945907593
syc,1970,0.0
syc,1971,0.0
syc,1972,0.0
syc,1973,0.0
syc,1974,0.0
syc,1975,0.0
syc,1976,0.0
syc,1977,0.0
syc,1978,0.0
syc,1979,0.0
syc,1980,0.0
syc,1981,0.0
syc,1982,0.0
syc,1983,0.0
syc,1984,0.0
syc,1985,0.0
syc,1986,0.0
syc,1987,0.0
syc,1988,0.0
syc,1989,0.0
syc,1990,0.0
syc,1991,0.0
syc,1992,0.0
syc,1993,0.0
syc,1994,0.0
syc,1995,0.0
syc,1996,0.0
syc,1997,0.0
syc,1998,0.0
syc,1999,0.0
syc,2000,0.0
syc,2001,0.0
syc,2002,0.0
syc,2003,0.0
syc,2004,0.0
syc,2005,0.0
syc,2006,0.0
syc,2007,0.0
syc,2008,0.0
syc,2009,0.0
syc,2010,0.0
syc,2011,1.695469975471497
syc,2012,1.709660053253174
syc,2013,1.567800045013428
syc,2014,1.613219976425171
syc,2015,1.54679000377655
syc,2016,1.533959984779358
syc,2017,1.643880009651184
syc,2018,1.66454005241394
syc,2019,1.608500003814697
syc,2020,1.601989984512329
syc,2021,1.708070039749146
syc,2022,1.521880030632019
syc,2023,1.458430051803589
syr,1971,0.257099986076355
syr,1972,0.2758800089359283
syr,1973,0.264959990978241
syr,1974,0.2804200053215027
syr,1975,0.3064799904823303
syr,1976,0.3474200069904327
syr,1977,0.3297899961471558
syr,1978,0.3705399930477142
syr,1979,0.3761799931526184
syr,1980,0.4149500131607056
syr,1981,0.4223900139331818
syr,1982,0.4925000071525574
syr,1983,0.4776400029659271
syr,1984,0.5067300200462341
syr,1985,0.5154799818992615
syr,1986,0.549560010433197
syr,1987,0.5628700256347656
syr,1988,0.5602999925613403
syr,1989,0.5584400296211243
syr,1990,0.6356099843978882
syr,1991,0.6456400156021118
syr,1992,0.6652899980545044
syr,1993,0.7011500000953674
syr,1994,0.7084199786186218
syr,1995,0.7161200046539307
syr,2002,0.8443599939346313
syr,2003,0.8698899745941162
syr,2004,0.8290899991989136
syr,2005,0.8750100135803223
syr,2006,0.8959299921989441
syr,2007,0.8537099957466125
syr,2008,0.8786900043487549
syr,2009,0.9111599922180176
syr,2010,0.8581200242042542
syr,2011,0.9887499809265136
syr,2012,0.9749000072479248
syr,2013,0.9937599897384644
syr,2014,1.035230040550232
syr,2015,1.113240003585815
syr,2016,1.14654004573822
tca,2008,1.037709951400757
tca,2010,1.343170046806335
tca,2018,1.606462073297206
tca,2019,1.535728675031657
tca,2022,1.592470049858093
tcd,1971,0.0
tcd,1972,0.0
tcd,1973,0.0250700004398823
tcd,1974,0.0834499970078468
tcd,1975,0.0445000007748604
tcd,1976,0.0555200017988682
tcd,1977,0.0552100017666817
tcd,1985,0.093529999256134
tcd,1996,0.1488099992275238
tcd,1997,0.1700599938631058
tcd,1998,0.1584700047969818
tcd,2000,0.1751900017261505
tcd,2001,0.1754100024700165
tcd,2003,0.1133399978280067
tcd,2004,0.1427900046110153
tcd,2005,0.0638799965381622
tcd,2008,0.1464200019836426
tcd,2009,0.1729899942874908
tcd,2010,0.174579992890358
tcd,2011,0.2392999976873398
tcd,2014,0.1992399990558624
tcd,2015,0.2935299873352051
tcd,2020,0.3944799900054932
tgo,1972,0.1246799975633621
tgo,1973,0.1166300028562546
tgo,1974,0.1447499990463257
tgo,1975,0.1504400074481964
tgo,1976,0.1571300029754639
tgo,1977,0.188400000333786
tgo,1978,0.2370100021362305
tgo,1979,0.1942899972200394
tgo,1980,0.1881199926137924
tgo,1981,0.1716800034046173
tgo,1982,0.1694300025701523
tgo,1983,0.1628099977970123
tgo,1984,0.1831499934196472
tgo,1987,0.1473599970340729
tgo,1988,0.1403200030326843
tgo,1990,0.1509899944067001
tgo,1991,0.1614499986171722
tgo,1992,0.134880006313324
tgo,1993,0.1391600072383881
tgo,1994,0.1376399993896484
tgo,1995,0.1539700031280518
tgo,1996,0.1772599965333939
tgo,1998,0.2057500034570694
tgo,2011,0.3499299883842468
tgo,2012,0.355100005865097
tgo,2013,0.3980399966239929
tgo,2014,0.426149994134903
tgo,2015,0.43367999792099
tgo,2016,0.4521799981594086
tgo,2017,0.4668200016021729
tgo,2018,0.501800000667572
tgo,2019,0.5312100052833557
tgo,2020,0.569819986820221
tha,1976,0.6830000281333923
tha,1977,0.8247500061988831
tha,1978,0.7652000188827515
tha,1993,1.116299986839294
tha,1999,1.148130059242249
tha,2000,1.173910021781921
tha,2001,1.125139951705933
tha,2002,1.106660008430481
tha,2003,1.138190031051636
tha,2004,1.165599942207336
tha,2005,1.124089956283569
tha,2006,1.078220009803772
tha,2007,1.198750019073486
tha,2008,1.183130025863647
tha,2009,1.194280028343201
tha,2010,1.213913321419942
tha,2011,1.212347258766992
tha,2012,1.236140921643748
tha,2013,1.256999969482422
tha,2014,1.25398807994338
tha,2016,1.281427942599768
tha,2017,1.276797249037599
tha,2018,1.28804038543568
tha,2019,1.271658612882804
tha,2020,1.26830005645752
tha,2021,1.256445803370592
tha,2022,1.254828873021397
tha,2023,1.257670044898987
tjk,1999,0.3980500102043152
tjk,2000,0.4090799987316132
tjk,2001,0.3720999956130981
tjk,2002,0.3882000148296356
tjk,2003,0.3979800045490265
tjk,2004,0.4090299904346466
tjk,2005,0.4310699999332428
tjk,2006,0.4431999921798706
tjk,2007,0.4515100121498108
tjk,2008,0.4664399921894073
tjk,2009,0.4835599958896637
tjk,2010,0.4844500124454498
tjk,2011,0.4801900088787079
tjk,2012,0.478410005569458
tjk,2013,0.513700008392334
tjk,2014,0.5550299882888794
tjk,2015,0.6121699810028076
tjk,2016,0.6537100076675415
tjk,2017,0.6864399909973145
tjk,2020,0.7941510330496182
tjk,2021,0.7489612313096408
tjk,2022,0.8156231213319156
tjk,2023,0.9453257812618944
tjk,2024,0.9452821663887796
tkl,1970,0.0
tkl,1971,0.0
tkl,1972,0.0
tkl,1973,0.0
tkl,1974,0.0
tkl,1975,0.0
tkl,1976,0.0
tkl,1977,0.0
tkl,1978,0.0
tkl,1979,0.0
tkl,1980,0.0
tkl,1981,0.0
tkl,1982,0.0
tkl,1983,0.0
tkl,1984,0.0
tkl,1985,0.0
tkl,1986,0.0
tkl,1987,0.0
tkl,1988,0.0
tkl,1989,0.0
tkl,1990,0.0
tkl,1991,0.0
tkl,1992,0.0
tkl,1993,0.0
tkl,1994,0.0
tkl,1995,0.0
tkl,1996,0.0
tkl,1997,0.0
tkl,1998,0.0
tkl,1999,0.0
tkl,2000,0.0
tkl,2001,0.0
tkl,2002,0.0
tkl,2003,0.0
tkl,2004,0.0
tkl,2005,0.0
tkl,2006,0.0
tkl,2007,0.0
tkl,2008,0.0
tkl,2009,0.0
tkm,2014,0.6451299786567688
tkm,2019,0.8187299966812134
tkm,2020,0.8738200068473816
tkm,2021,0.9223300218582152
tkm,2022,0.9778299927711488
tkm,2023,1.012869954109192
tls,2002,1.199939966201782
tls,2009,0.6899200081825256
tls,2010,0.722029983997345
tls,2023,1.03700809920258
ton,1970,0.0
ton,1978,0.8375300168991089
ton,1979,0.6734700202941895
ton,1981,0.7847300171852112
ton,1984,1.249240040779114
ton,1985,1.254950046539307
ton,1999,1.223850011825562
ton,2002,1.395650029182434
ton,2003,1.39549994468689
ton,2020,1.541524577275775
ton,2023,1.403409957885742
tto,1971,0.5620700120925903
tto,1972,0.578719973564148
tto,1973,0.5845100283622742
tto,1974,0.5960999727249146
tto,1975,0.6378099918365479
tto,1976,0.6100800037384033
tto,1977,0.5875399708747864
tto,1978,0.5531600117683411
tto,1979,0.4854899942874908
tto,1980,0.6696699857711792
tto,1981,0.7617599964141846
tto,1982,0.6852800250053406
tto,1983,0.8520699739456177
tto,1984,0.6045200228691101
tto,1985,0.6192100048065186
tto,1986,0.6310300230979919
tto,1987,0.6752200126647949
tto,1989,0.618120014667511
tto,1991,0.793969988822937
tto,1992,0.6958000063896179
tto,1993,0.7186200022697449
tto,1999,1.281450033187866
tto,2000,1.335049986839294
tto,2001,1.353340029716492
tto,2002,1.339329957962036
tto,2003,1.380630016326904
tto,2004,1.218000054359436
tun,1971,0.2634100019931793
tun,1972,0.3032799959182739
tun,1973,0.3352999985218048
tun,1974,0.2691900134086609
tun,1975,0.3357700109481812
tun,1976,0.3541800081729889
tun,1977,0.3640399873256683
tun,1978,0.3732999861240387
tun,1979,0.405019998550415
tun,1980,0.4343400001525879
tun,1981,0.4390200078487396
tun,1982,0.4781700074672699
tun,1983,0.5201500058174133
tun,1984,0.5636699795722961
tun,1985,0.6021299958229065
tun,1986,0.5923100113868713
tun,1987,0.6191099882125854
tun,1988,0.6351100206375122
tun,1989,0.6515700221061707
tun,1990,0.6655099987983704
tun,1991,0.6974200010299683
tun,1992,0.7232400178909302
tun,1993,0.7382400035858154
tun,1994,0.7711499929428101
tun,1995,0.797980010509491
tun,1996,0.8152400255203247
tun,1997,0.8380500078201294
tun,1998,0.8784000277519226
tun,1999,0.9622600078582764
tun,2000,1.041290044784546
tun,2001,1.098379969596863
tun,2002,1.167930006980896
tun,2003,1.208459973335266
tun,2004,1.253749966621399
tun,2005,1.206869959831238
tun,2006,1.297389984130859
tun,2007,1.319650053977966
tun,2008,1.316329956054688
tun,2009,1.327329993247986
tun,2010,1.342839956283569
tun,2011,1.372300028800964
tun,2012,1.349949955940247
tun,2013,1.363729953765869
tun,2014,1.383630037307739
tun,2015,1.387629985809326
tun,2016,1.411489963531494
tun,2017,1.430109977722168
tun,2018,1.426779985427856
tun,2019,1.436040043830872
tun,2020,1.438330054283142
tun,2021,1.428560018539429
tun,2022,1.437590003013611
tun,2023,1.445670008659363
tur,1971,0.2486300021409988
tur,1972,0.2571299970149994
tur,1973,0.2610900104045868
tur,1974,0.2773399949073792
tur,1975,0.2352499961853027
tur,1976,0.2129400074481964
tur,1977,0.2488200068473816
tur,1978,0.292059987783432
tur,1979,0.3261399865150452
tur,1980,0.335889995098114
tur,1982,0.379610002040863
tur,1983,0.4676199853420258
tur,1984,0.5483300089836121
tur,1985,0.4935199916362762
tur,1986,0.51146000623703
tur,1987,0.5348700284957886
tur,1988,0.5301300287246704
tur,1989,0.5341699719429016
tur,1990,0.5310099720954895
tur,1991,0.5312299728393555
tur,1992,0.5409299731254578
tur,1993,0.5529199838638306
tur,1994,0.6208299994468689
tur,1995,0.6444299817085266
tur,1997,0.5608000159263611
tur,1998,0.6754000186920166
tur,1999,0.678659975528717
tur,2001,0.7114400267601013
tur,2002,0.7289400100708008
tur,2003,0.7567499876022339
tur,2004,0.7320200204849243
tur,2005,0.7482699751853943
tur,2006,0.7650499939918518
tur,2007,0.7738199830055237
tur,2008,0.7906100153923035
tur,2009,0.8064500093460083
tur,2010,0.8363999724388123
tur,2011,0.8635799884796143
tur,2012,0.8697199821472168
tur,2013,0.8739100098609924
tur,2014,0.8837599754333496
tur,2015,0.8894199728965759
tur,2016,0.8893799781799316
tur,2017,0.8950099945068359
tur,2018,0.9108800292015076
tur,2019,0.9513000249862672
tur,2020,0.982479989528656
tur,2021,1.01570999622345
tur,2022,1.03682005405426
tuv,1970,0.0
tuv,1971,0.0
tuv,1972,0.0
tuv,1973,0.0
tuv,1974,0.0
tuv,1975,0.0
tuv,1976,0.0
tuv,1977,0.0
tuv,1978,0.0
tuv,1979,0.0
tuv,1980,0.0
tuv,1981,0.0
tuv,1982,0.0
tuv,1983,0.0
tuv,1984,0.0
tuv,1985,0.0
tuv,1986,0.0
tuv,1987,0.0
tuv,1988,0.0
tuv,1989,0.0
tuv,1990,0.0
tuv,1991,0.0
tuv,1992,0.0
tuv,1993,0.0
tuv,1994,0.0
tuv,1995,0.0
tuv,1996,0.0
tuv,1997,0.0
tuv,1998,0.0
tuv,1999,0.0
tuv,2000,0.0
tuv,2001,0.0
tuv,2002,0.0
tuv,2003,0.0
tuv,2004,0.0
tuv,2005,0.0
tuv,2006,0.0
tuv,2007,0.0
tuv,2008,0.0
tuv,2009,0.0
tuv,2010,0.0
tuv,2011,0.0
tuv,2012,0.0
tuv,2013,0.0
tuv,2014,0.0
tuv,2015,0.0
tuv,2016,0.0
tuv,2017,0.0
tuv,2018,0.0
tuv,2019,0.0
tuv,2020,0.0
tuv,2021,0.0
tuv,2022,0.0
tuv,2023,0.0
tuv,2024,0.0
tuv,2025,0.0
tza,1970,0.1873999983072281
tza,1971,0.2014700025320053
tza,1972,0.1852300018072128
tza,1973,0.182899996638298
tza,1974,0.1680700033903122
tza,1975,0.1436800062656403
tza,1976,0.0734099969267845
tza,1977,0.0912600010633469
tza,1978,0.1499900072813034
tza,1979,0.1801400035619736
tza,1982,0.186599999666214
tza,1983,0.1767899990081787
tza,1984,0.1599700003862381
tza,1985,0.1520300060510635
tza,1986,0.1503800004720688
tza,1987,0.1404899954795837
tza,1991,0.2015800029039383
tza,1992,0.2086900025606155
tza,1993,0.1939200013875961
tza,1994,0.22639000415802
tza,1995,0.2111400067806244
tza,1996,0.2289600074291229
tza,1997,0.256630003452301
tza,1998,0.2623400092124939
tza,1999,0.2720099985599518
tza,2000,0.3071399927139282
tza,2001,0.3167099952697754
tza,2002,0.3332900106906891
tza,2003,0.4408200085163116
tza,2004,0.4082500040531158
tza,2005,0.4771899878978729
tza,2007,0.4702199995517731
tza,2010,0.8041177709031028
tza,2012,0.5377344966981988
tza,2013,0.531429201602326
tza,2014,0.5598304018097716
tza,2015,0.5315877974135852
tza,2016,0.5492387077237427
tza,2019,0.6607126992529833
tza,2020,0.8374712981634699
tza,2021,0.7588803154032574
tza,2022,0.8236093035111542
tza,2023,0.8220311606638148
tza,2024,0.8225371598887417
uga,1970,0.2177200019359589
uga,1971,0.2574200034141541
uga,1972,0.2640199959278107
uga,1974,0.2303400039672852
uga,1975,0.2167699933052063
uga,1976,0.2427999973297119
uga,1977,0.3366599977016449
uga,1979,0.318230003118515
uga,1980,0.287310004234314
uga,1981,0.2909600138664246
uga,1982,0.3593499958515167
uga,1985,0.2935000061988831
uga,1986,0.3780600130558014
uga,1988,0.3815599977970123
uga,1989,0.3684099912643433
uga,1990,0.3838900029659271
uga,1991,0.3727500140666962
uga,1992,0.3925400078296661
uga,1993,0.4187799990177155
uga,1994,0.4549799859523773
uga,1995,0.4756999909877777
uga,1996,0.4898299872875214
uga,1999,0.5194299817085266
uga,2000,0.5044199824333191
uga,2001,0.5182600021362305
uga,2002,0.6136599779129028
uga,2003,0.5913400053977966
uga,2004,0.612820029258728
uga,2006,0.7517799735069275
uga,2008,0.7843400239944458
uga,2009,0.7846400141716003
uga,2010,0.7761399745941162
uga,2011,0.7671200037002563
uga,2012,0.7176200151443481
uga,2013,0.7496092204003428
uga,2014,0.7671099901199341
uga,2015,0.7876303155152651
uga,2016,0.7788669258264423
ukr,1994,1.216599941253662
ukr,1998,1.11269998550415
ukr,1999,1.13155996799469
ukr,2000,1.128720045089722
ukr,2001,1.148669958114624
ukr,2002,1.161659955978394
ukr,2003,1.176900029182434
ukr,2004,1.182510018348694
ukr,2005,1.186319947242737
ukr,2006,1.189180016517639
ukr,2007,1.194200038909912
ukr,2008,1.200170040130615
ukr,2009,1.21317994594574
ukr,2010,1.203580021858215
ukr,2011,1.153439998626709
ukr,2012,1.130020022392273
ukr,2013,1.165310025215149
ukr,2014,1.140130043029785
ukr,2015,1.140660047531128
ukr,2016,1.121739983558655
ukr,2017,1.122169971466064
ukr,2018,1.112429976463318
ukr,2019,1.118800044059753
ukr,2020,1.093940019607544
ukr,2021,1.114709973335266
ury,1974,0.8241199851036072
ury,1975,0.7773699760437012
ury,1977,0.8987699747085571
ury,1979,1.066820025444031
ury,1980,1.113569974899292
ury,1982,1.011680006980896
ury,1983,0.9911999702453612
ury,1998,1.449270009994507
ury,1999,1.424239993095398
ury,2000,1.421460032463074
ury,2001,1.439839959144592
ury,2002,1.478999972343445
ury,2003,1.502169966697693
ury,2004,1.49931001663208
ury,2005,1.421360015869141
ury,2006,1.399590015411377
ury,2021,1.441980004310608
ury,2022,1.425279974937439
usa,1971,0.6893399953842163
usa,1972,0.7085899710655212
usa,1973,0.7557100057601929
usa,1974,0.7814900279045105
usa,1975,0.8121100068092346
usa,1976,0.8163400292396545
usa,1977,0.8953400254249573
usa,1978,0.9539499878883362
usa,1979,1.008530020713806
usa,1980,1.053590059280396
usa,1981,1.077399969100952
usa,1982,1.092689990997314
usa,1983,1.086490035057068
usa,1984,1.098080039024353
usa,1985,1.116760015487671
usa,1986,1.134170055389404
usa,1987,1.152559995651245
usa,1988,1.176049947738647
usa,1989,1.195150017738342
usa,1990,1.205620050430298
usa,1991,1.215800046920776
usa,1993,1.233749985694885
usa,1994,1.238139986991882
usa,1995,1.248950004577637
usa,1996,1.254580020904541
usa,1998,1.258929967880249
usa,1999,1.259400010108948
usa,2005,1.296859979629517
usa,2013,1.271890044212341
usa,2014,1.265130043029785
usa,2015,1.262670040130615
usa,2016,1.25643002986908
usa,2017,1.264819979667664
usa,2018,1.268270015716553
usa,2019,1.277590036392212
usa,2020,1.292520046234131
usa,2021,1.324440002441406
usa,2022,1.31957995891571
uzb,1999,0.84552001953125
uzb,2000,0.8360499739646912
uzb,2001,0.8114200234413147
uzb,2002,0.8019400238990784
uzb,2003,0.7736899852752686
uzb,2004,0.7830100059509277
uzb,2005,0.6962699890136719
uzb,2006,0.7009599804878235
uzb,2007,0.7040799856185913
uzb,2008,0.6757000088691711
uzb,2009,0.6954100131988525
uzb,2010,0.6453157902413343
uzb,2011,0.6438904189445276
uzb,2012,0.596697142678749
uzb,2013,0.5937792980537913
uzb,2014,0.6157924233778891
uzb,2015,0.6232733258464335
uzb,2016,0.6399558248333842
uzb,2017,0.6459088989260241
uzb,2018,0.698955920799342
uzb,2019,0.7371792644374926
uzb,2020,0.8911305509579038
uzb,2021,0.8758502124630412
uzb,2022,0.8833351792952788
uzb,2023,1.029656736814692
uzb,2024,1.113568220086243
vct,1979,1.854359984397888
vct,1980,1.703330039978027
vct,1986,1.580950021743774
vct,1987,1.463629961013794
vct,1990,1.559270024299622
vct,1999,0.0
vct,2000,0.0
vct,2001,0.0
vct,2002,0.0
vct,2003,0.0
vct,2004,0.0
vct,2011,1.63279697445554
vct,2012,1.598391869262449
vct,2013,1.618776788658094
vct,2014,1.568269968032837
vct,2015,1.43529999256134
vct,2016,1.655168688011834
vct,2017,1.632109673630301
vct,2018,1.62864776641912
vct,2019,1.667863779678272
vct,2020,1.623086704010447
vct,2021,1.696650853514906
ven,1986,0.7136899828910828
ven,1987,1.062809944152832
ven,1988,0.9224900007247924
ven,1989,0.9082800149917604
ven,2000,1.313140034675598
ven,2002,1.077229976654053
ven,2003,1.065170049667358
ven,2008,1.40991997718811
vgb,1999,1.588479995727539
vgb,2000,1.626299977302551
vgb,2001,1.443789958953857
vgb,2002,1.565719962120056
vgb,2004,1.544739961624146
vgb,2009,1.382940053939819
vgb,2015,1.372859954833984
vgb,2016,1.27321994304657
vgb,2018,1.396589994430542
vgb,2019,1.423709988594055
vgb,2020,1.409809947013855
vgb,2021,1.395020008087158
vgb,2022,1.370350003242493
vgb,2023,1.35794997215271
vir,1982,1.567020058631897
vir,1983,1.592399954795837
vir,1986,1.596259951591492
vir,1987,1.616549968719482
vir,1991,1.652519941329956
vir,1992,1.638460040092468
vir,1993,1.634699940681458
vnm,1976,0.6481599807739258
vnm,1977,0.4895600080490112
vnm,1978,0.4390999972820282
vnm,1979,0.4438399970531464
vnm,1981,0.3116100132465363
vnm,1998,0.6627699732780457
vnm,1999,0.7675099968910217
vnm,2000,0.7295600175857544
vnm,2001,0.7418100237846375
vnm,2002,0.763949990272522
vnm,2003,0.7691900134086609
vnm,2005,0.7053300142288208
vnm,2006,0.9484000205993652
vnm,2007,0.9744600057601928
vnm,2008,0.9346399903297424
vnm,2009,0.9280400276184082
vnm,2010,0.9457098575271504
vnm,2011,0.9652523964360052
vnm,2013,0.8767090254797059
vnm,2014,1.026676769298715
vnm,2015,0.9810005026347104
vnm,2016,1.175609079939352
vnm,2021,0.95847597322435
vnm,2022,1.027001544416578
vut,2002,0.5434200167655945
vut,2003,0.5540800094604492
vut,2004,0.5540199875831604
wsm,1970,0.0100299995392561
wsm,1971,0.0550299994647503
wsm,1975,0.0622100010514259
wsm,1977,0.2523300051689148
wsm,1981,0.0831300020217896
wsm,1983,0.9793400168418884
wsm,1998,0.9128000140190125
wsm,1999,0.9889400005340576
wsm,2000,0.8763999938964844
wsm,2017,1.487361557361827
wsm,2018,1.485490446824891
wsm,2019,1.418770154347077
wsm,2020,1.24101810466269
wsm,2021,1.50416482793746
wsm,2022,1.526059985160828
wsm,2023,1.634389996528625
yem,1992,0.2121099978685379
yem,1997,0.1485700011253357
yem,1999,0.2728900015354156
yem,2002,0.3416000008583069
yem,2003,0.3524999916553497
yem,2004,0.3706499934196472
yem,2005,0.3679800033569336
yem,2006,0.388590008020401
yem,2007,0.4176200032234192
yem,2008,0.4355500042438507
yem,2010,0.4417000114917755
yem,2011,0.4451299905776978
zaf,1988,0.8746100068092346
zaf,1989,0.890749990940094
zaf,1990,0.8427600264549255
zaf,1991,0.8895300030708313
zaf,1992,0.91430002450943
zaf,1993,0.8765599727630615
zaf,1994,1.022590041160583
zaf,2012,1.297369956970215
zaf,2013,1.297289967536926
zaf,2014,1.292389988899231
zaf,2015,1.296650052070618
zaf,2016,1.300279974937439
zaf,2017,1.300999999046326
zaf,2018,1.313199996948242
zaf,2019,1.325309991836548
zaf,2020,1.358970046043396
zaf,2021,1.377089977264404
zaf,2022,1.39792001247406
zmb,1970,0.17637999355793
zmb,1974,0.2958599925041199
zmb,1975,0.1548900008201599
zmb,1979,0.2907499969005585
zmb,1981,0.2519200146198273
zmb,1982,0.2693600058555603
zmb,1988,0.3651700019836426
zmb,1989,0.3800899982452393
zmb,1998,0.4471000134944916
zmb,1999,0.4479199945926666
zmb,2011,0.3785899877548218
zmb,2012,0.753350019454956
zwe,1983,0.4769200086593628
zwe,1984,0.4939500093460083
zwe,1986,0.4734199941158295
zwe,1992,0.4313099980354309
zwe,2010,0.7166600227355957
zwe,2011,0.6878600120544434
zwe,2012,0.6828873235947325
zwe,2013,0.7554799914360046
zwe,2015,0.8056600093841553
zwe,2016,0.770108697273968
zwe,2017,0.8647264599986889
zwe,2018,0.918610576600982
zwe,2019,0.9652381962191102
zwe,2020,0.9757060828105684
