country,year,cr_1_dis_gpia
bgd,2011,1.147279977798462
bwa,2011,1.050410032272339
dom,2010,1.296259999275208
khm,2021,0.0
mdv,2017,1.138829946517944
mli,2018,0.0
ner,2018,0.0
nga,2018,0.0
npl,2011,0.9894700050354004
pak,2018,1.088260054588318
phl,2010,1.105380058288574
pri,2010,0.9544299840927124
rwa,2012,0.9021400213241576
tza,2012,1.194929957389832
tza,2022,1.641860008239746
zaf,2016,0.0
zaf,2020,0.0
zaf,2021,0.0
zmb,2010,0.9792699813842772
