country,year,cr_3_dis
BGD,2011,4.622719764709473
BWA,2011,40.0
DOM,2010,44.50926971435547
KHM,2021,9.603759765625
MDV,2017,20.89909934997559
MLI,2018,0.0
NER,2018,0.0
NGA,2018,0.0
NPL,2011,10.5882396697998
PAK,2018,11.29146003723145
PHL,2010,45.46385955810547
PRI,2010,64.59150695800781
RWA,2012,3.625580072402954
TLS,2016,0.0
TZA,2012,4.857960224151611
TZA,2022,8.361869812011719
ZAF,2016,38.19681930541992
ZAF,2020,0.0
ZAF,2021,0.0
ZMB,2010,10.69460010528564
