country,year,ictskillproglang_ag75orover_gpia
bra,2017,0.0258074849843979
bra,2019,0.5007029175758362
col,2017,0.0761545300483704
col,2018,0.1020285338163376
col,2021,0.2784209251403809
dnk,2017,0.4228094220161438
fra,2021,0.2101148515939713
kaz,2015,0.2938591241836548
kaz,2017,0.9661235809326172
kaz,2018,0.1846692860126495
mex,2020,1.728475570678711
mex,2021,0.3228324055671692
mys,2021,0.0348441526293755
pak,2016,0.037306796759367
per,2018,0.6409398317337036
tha,2019,0.6273834109306335
