country,year,cr_3_dis
bgd,2011,4.622719764709473
bwa,2011,40.0
dom,2010,44.50926971435547
khm,2021,9.603759765625
mdv,2017,20.89909934997559
mli,2018,0.0
ner,2018,0.0
nga,2018,0.0
npl,2011,10.5882396697998
pak,2018,11.29146003723145
phl,2010,45.46385955810547
pri,2010,64.59150695800781
rwa,2012,3.625580072402954
tls,2016,0.0
tza,2012,4.857960224151611
tza,2022,8.361869812011719
zaf,2016,38.19681930541992
zaf,2020,0.0
zaf,2021,0.0
zmb,2010,10.69460010528564
