country,year,ictskillverifrel_ag75orover_gpia
BGD,2021,0.3093374073505402
CZE,2021,0.2260781079530716
FRA,2021,0.5257112979888916
MEX,2017,0.5996333956718445
MEX,2018,0.8915882110595703
NOR,2021,0.776151180267334
