country,year,math_g2_m
bdi,2014,97.43
bdi,2019,98.6
ben,2014,31.36
ben,2019,67.0
bfa,2014,61.04
bfa,2019,65.1
civ,2014,38.38
civ,2019,71.4
cmr,2014,62.78
cmr,2019,61.4
cod,2019,82.0
cog,2014,72.96000000000001
cog,2019,86.3
gab,2019,90.6
gin,2019,61.1
ner,2014,30.59
ner,2019,69.4
sen,2014,66.48
sen,2019,80.2
tcd,2014,60.38
tcd,2019,71.5
tgo,2014,43.09999999999999
tgo,2019,49.2
