country,year,ictskillchangpriv_agunder15y
bgd,2021,0.9069899916648864
irn,2021,0.2240000069141388
mac,2021,21.61804008483887
mex,2017,2.998199939727783
mex,2018,2.747509956359863
ukr,2020,0.3564899861812592
zwe,2020,0.6851599812507629
