country,year,ictskillsetupeff_agunder15y_f
bgd,2021,0.9146599769592284
hkg,2019,44.6263313293457
hkg,2020,53.45952987670898
hkg,2021,53.1761589050293
irn,2021,0.068010002374649
kaz,2019,7.0559401512146
kaz,2020,6.214779853820801
kaz,2021,7.097630023956299
mac,2021,25.07041931152344
zwe,2020,0.5943599939346313
