country,year,air_2_gpv_glast_f
abw,1999,89.74739837646484
abw,2000,93.51432800292967
abw,2001,101.9877700805664
abw,2002,92.57759857177734
abw,2003,97.24237823486328
abw,2004,97.02970123291016
abw,2005,89.85314178466797
abw,2007,98.07163238525392
abw,2009,105.5555572509766
abw,2013,106.7934799194336
abw,2014,103.146369934082
abw,2018,86.94405364990234
abw,2019,100.8333282470703
abw,2020,92.49639129638672
abw,2021,91.21037292480467
abw,2022,102.5297622680664
afg,1973,2.201580047607422
afg,1974,1.953029990196228
afg,1977,2.360379934310913
afg,1978,3.279439926147461
afg,1980,5.763760089874268
afg,1981,7.272290229797363
afg,1982,8.32804012298584
afg,1984,9.682430267333984
afg,1985,9.399020195007324
afg,1993,10.67881965637207
afg,2005,9.55636978149414
afg,2016,38.01229858398438
afg,2017,39.73955917358398
afg,2018,41.26686859130859
afg,2019,44.66958999633789
ago,2008,18.5194206237793
ago,2009,14.92463970184326
ago,2011,18.14633941650391
ago,2021,43.1856689453125
aia,1999,108.0
aia,2000,99.00990295410156
aia,2001,90.74073791503906
aia,2002,99.09091186523438
aia,2003,100.8620681762695
aia,2005,101.9802017211914
aia,2006,110.638298034668
aia,2007,91.66667175292967
aia,2008,110.638298034668
aia,2009,120.4081573486328
aia,2011,115.0
alb,1996,89.36760711669922
alb,2003,91.62107849121094
alb,2007,101.3209915161133
alb,2008,98.24568176269533
alb,2009,95.66101837158205
alb,2010,93.0361785888672
alb,2011,98.27716064453124
alb,2012,103.9925537109375
alb,2013,105.2283782958984
alb,2014,93.40682220458984
alb,2015,101.4802017211914
alb,2017,84.72457122802734
alb,2018,101.491340637207
alb,2019,90.92957305908205
alb,2020,92.0254135131836
alb,2021,96.28752899169922
alb,2022,94.88613891601564
alb,2023,87.45934295654297
and,2007,78.07486724853516
and,2008,75.64766693115234
and,2009,73.52941131591797
and,2010,79.57958221435547
and,2011,75.13966369628906
and,2012,74.86033630371094
and,2013,83.46666717529297
and,2014,82.66332244873047
and,2015,83.78994750976562
and,2016,88.64266204833984
and,2017,92.32804107666016
and,2018,91.90601348876952
and,2019,97.87798309326172
and,2020,89.37824249267578
and,2021,91.62162017822266
and,2023,100.5141372680664
are,1974,12.51539039611816
are,1975,15.9055700302124
are,1976,22.57463073730469
are,1977,28.79747009277344
are,1978,33.37060165405273
are,1980,34.19580078125
are,1982,59.92308044433594
are,1983,65.5500717163086
are,1984,67.98361206054688
are,1985,71.5686264038086
are,1986,70.51209259033203
are,1987,65.39237976074219
are,1988,62.57315826416016
are,1989,67.60138702392578
are,1990,69.98834991455078
are,1991,70.4239501953125
are,1992,74.13780212402344
are,1993,74.38333892822266
are,1994,83.7261962890625
are,1995,87.94187927246094
are,1997,79.19869232177734
are,2000,82.36836242675781
are,2001,127.3073501586914
are,2002,125.7650680541992
are,2003,115.2115020751953
are,2004,110.8719863891602
are,2005,101.5939178466797
are,2006,97.86051940917967
are,2018,107.4274291992188
are,2019,101.1799774169922
are,2020,107.0612182617188
are,2022,106.3139572143555
are,2023,107.7334136962891
arg,1970,21.25901985168457
arg,1971,19.88619041442871
arg,1999,83.79258728027344
arg,2000,89.8619384765625
arg,2001,90.29303741455078
arg,2002,90.0137710571289
arg,2003,85.10761260986328
arg,2004,84.10166931152344
arg,2005,84.74767303466797
arg,2006,81.23603057861328
arg,2007,79.37461853027344
arg,2008,80.0672836303711
arg,2009,80.1048583984375
arg,2010,83.3674087524414
arg,2011,87.25125885009766
arg,2012,88.65625
arg,2013,90.80977630615234
arg,2014,90.74774169921876
arg,2015,92.71843719482422
arg,2016,95.38894653320312
arg,2017,96.34365844726564
arg,2018,97.79611206054688
arg,2019,99.96662139892578
arg,2020,99.21385955810548
arg,2021,109.5419235229492
arg,2022,101.0846481323242
arm,2002,87.25614166259766
arm,2003,86.07408142089844
arm,2004,85.21878051757812
arm,2005,88.2679672241211
arm,2006,91.56278228759766
arm,2007,90.26126098632812
arm,2008,91.42880249023438
arm,2009,109.4420776367188
arm,2010,97.36817169189452
arm,2016,90.10806274414064
arm,2017,89.28121948242188
arm,2018,90.94458770751952
arm,2019,89.17121887207031
arm,2020,89.6150894165039
arm,2021,88.98401641845703
arm,2022,93.07917785644533
arm,2023,89.39418029785156
atg,1992,110.2520980834961
atg,2008,100.5633773803711
atg,2009,79.64237213134766
atg,2010,107.4766387939453
atg,2012,113.204948425293
atg,2013,109.0504451038576
atg,2014,105.1908416748047
atg,2015,98.63013698630137
atg,2016,124.2559523809524
atg,2017,114.0649108886719
atg,2018,112.3417663574219
atg,2019,112.3993558776168
atg,2022,111.5873015873016
aut,2002,101.5601272583008
aut,2003,101.7114410400391
aut,2006,102.327507019043
aut,2007,102.5602111816406
aut,2008,102.9463272094727
aut,2009,102.3080520629883
aut,2010,101.0137329101563
aut,2011,102.2319717407227
aut,2012,100.1959686279297
aut,2013,100.7697219848633
aut,2014,98.43302154541016
aut,2015,100.0792617797852
aut,2016,96.7433624267578
aut,2017,98.38406372070312
aut,2018,97.77117156982422
aut,2019,98.00991821289064
aut,2020,96.23274993896484
aut,2021,100.0354537963867
aut,2022,96.9755401611328
aut,2023,97.33319091796876
aze,2000,36.89825057983398
aze,2001,72.94602966308594
aze,2002,85.38038635253906
aze,2003,83.0051498413086
aze,2004,82.37065124511719
aze,2005,78.17936706542969
aze,2006,87.53816986083984
aze,2007,87.8478012084961
aze,2008,86.43109893798828
aze,2009,89.3983383178711
aze,2010,89.22001647949219
aze,2011,86.32494354248047
aze,2012,92.84165191650392
aze,2013,84.2039566040039
aze,2014,86.12274932861328
aze,2015,84.17179107666016
aze,2016,88.06379699707031
aze,2017,87.6189193725586
aze,2018,83.5044937133789
aze,2020,82.3985366821289
aze,2021,86.89079284667969
aze,2022,83.9835433959961
aze,2023,87.57421875
bdi,1971,0.2343199998140335
bdi,1972,0.2186300009489059
bdi,1977,0.6360200047492981
bdi,1978,0.6069499850273132
bdi,1979,0.5820099711418152
bdi,1980,0.5971500277519226
bdi,1981,0.8085700273513794
bdi,1982,1.006360054016113
bdi,1983,0.652899980545044
bdi,1984,0.5485600233078003
bdi,1985,0.5867999792098999
bdi,1986,0.6775199770927429
bdi,1987,1.341050028800964
bdi,1988,1.476310014724731
bdi,1989,1.549530029296875
bdi,1990,1.877560019493103
bdi,1992,3.328900098800659
bdi,1993,3.511800050735474
bdi,2004,6.680540084838867
bdi,2005,7.147389888763428
bdi,2006,6.343890190124512
bdi,2008,9.888529777526855
bdi,2009,12.08041000366211
bdi,2010,13.49703025817871
bdi,2011,18.99354934692383
bdi,2012,17.0038890838623
bdi,2013,20.83554077148438
bdi,2014,24.73065948486328
bdi,2015,32.67300033569336
bdi,2016,38.25466156005859
bdi,2017,41.77663040161133
bdi,2018,33.88631820678711
bdi,2019,30.45153999328613
bdi,2020,31.59707069396973
bel,1974,40.484130859375
bel,1975,43.5512809753418
bel,1976,44.96059036254883
bel,1977,49.06863021850586
bel,1993,103.4406509399414
bel,1994,102.5514373779297
bel,2006,90.5492935180664
bel,2007,90.36711883544922
bel,2008,90.0127182006836
bel,2009,89.7741928100586
bel,2010,92.36847686767578
bel,2011,93.1039581298828
bel,2012,93.6267318725586
bel,2013,95.30616760253906
bel,2014,94.01223754882812
bel,2015,96.30594635009766
bel,2016,96.64588165283205
bel,2017,96.00498962402344
bel,2018,94.95807647705078
bel,2019,93.87403869628906
bel,2020,94.90067291259766
bel,2021,94.78433227539064
bel,2022,95.39678955078124
ben,1971,1.90461003780365
ben,1972,2.227920055389404
ben,1973,3.306159973144531
ben,1974,2.843839883804321
ben,1975,4.233190059661865
ben,1976,4.067550182342529
ben,1977,4.446529865264893
ben,1978,4.013969898223877
ben,1979,4.549349784851074
ben,1980,4.469490051269531
ben,1981,5.515049934387207
ben,1983,8.136449813842773
ben,1984,7.402939796447754
ben,1990,2.372750043869019
ben,2000,8.707099914550781
ben,2001,9.637029647827148
ben,2002,7.879179954528809
ben,2006,16.45940971374512
ben,2011,26.5606803894043
ben,2013,34.55986022949219
ben,2014,32.86323165893555
ben,2015,36.12176132202148
ben,2016,37.99713134765625
ben,2020,28.46841049194336
ben,2021,32.41241836547852
ben,2022,26.58073997497559
bfa,1971,0.5974400043487549
bfa,1972,0.6232200264930725
bfa,1973,0.6592199802398682
bfa,1974,0.7485600113868713
bfa,1975,0.7125599980354309
bfa,1976,0.8406500220298767
bfa,1977,0.9553599953651428
bfa,1979,0.9361799955368042
bfa,1980,1.594460010528564
bfa,1994,3.946939945220947
bfa,2000,4.763450145721436
bfa,2001,5.526340007781982
bfa,2003,6.232930183410645
bfa,2005,7.617440223693848
bfa,2006,8.615300178527832
bfa,2007,9.146479606628418
bfa,2008,11.82050037384033
bfa,2009,12.97498035430908
bfa,2010,14.12082004547119
bfa,2011,15.45063018798828
bfa,2012,17.27485084533691
bfa,2013,19.2101993560791
bfa,2014,22.33419990539551
bfa,2015,24.99173927307129
bfa,2016,28.94943046569824
bfa,2017,36.02666854858398
bfa,2018,43.27153015136719
bfa,2019,42.57276916503906
bfa,2020,43.42255020141602
bfa,2021,41.22344970703125
bfa,2022,34.82435989379883
bfa,2023,31.79854965209961
bgd,1998,47.41143035888672
bgd,1999,51.53656005859375
bgd,2000,54.97343063354492
bgd,2001,63.85015106201172
bgd,2002,66.40057373046875
bgd,2003,65.18602752685547
bgd,2004,56.41994857788086
bgd,2005,55.03282165527344
bgd,2006,55.30112075805664
bgd,2007,56.4871711730957
bgd,2009,60.90100860595703
bgd,2010,56.11349514903989
bgd,2011,61.83687229564107
bgd,2013,68.27697037843465
bgd,2016,77.24711469510574
bgd,2021,91.41816669637024
bgd,2022,85.8813019898072
bgr,1986,86.3409423828125
bgr,1987,87.56704711914062
bgr,1988,89.10472106933594
bgr,1989,92.55426788330078
bgr,1990,86.51216125488281
bgr,1991,81.55510711669922
bgr,1992,82.45622253417969
bgr,1993,76.96996307373047
bgr,1994,75.07814025878906
bgr,1995,71.03392791748047
bgr,1996,97.76998901367188
bgr,1997,97.77877044677734
bgr,1999,86.01032257080078
bgr,2001,89.74494934082031
bgr,2002,90.52728271484376
bgr,2003,91.12859344482422
bgr,2004,95.72686767578124
bgr,2005,92.69737243652344
bgr,2006,93.68669891357422
bgr,2007,94.89479064941406
bgr,2008,94.76519012451172
bgr,2009,96.18018341064452
bgr,2010,95.13825225830078
bgr,2011,96.5959930419922
bgr,2012,97.15055084228516
bgr,2013,96.63262939453124
bgr,2014,94.6051788330078
bgr,2015,96.386962890625
bgr,2016,99.71752166748048
bgr,2017,97.46964263916016
bgr,2018,99.09245300292967
bgr,2019,98.42725372314452
bgr,2020,99.17312622070312
bgr,2021,96.02424621582033
bgr,2022,95.22857666015624
bgr,2023,92.90204620361328
bhr,1971,52.32690048217773
bhr,1972,43.35966110229492
bhr,1973,55.62778091430664
bhr,1974,51.18032836914063
bhr,1975,53.25086975097656
bhr,1976,43.94453048706055
bhr,1977,51.88309860229492
bhr,1978,53.38479995727539
bhr,1979,59.94702911376953
bhr,1980,49.22172927856445
bhr,1981,54.48622894287109
bhr,1982,64.37831115722656
bhr,1983,72.74060821533203
bhr,1984,72.33795928955078
bhr,1986,73.67115783691406
bhr,1988,80.43363189697266
bhr,1991,94.6290283203125
bhr,1992,98.97325897216795
bhr,1993,100.0448379516602
bhr,1999,94.9362335205078
bhr,2000,92.64954376220705
bhr,2001,97.8723373413086
bhr,2002,94.67392730712892
bhr,2003,91.52709197998048
bhr,2004,92.64447784423828
bhr,2005,91.05615234375
bhr,2006,89.72490692138672
bhr,2008,91.73194885253906
bhr,2009,91.93435668945312
bhr,2011,94.85366821289064
bhr,2012,96.8379364013672
bhr,2013,104.2183227539063
bhr,2014,102.7857971191406
bhr,2015,96.27594757080078
bhr,2016,94.73412322998048
bhr,2017,96.52548980712892
bhr,2018,101.0068435668945
bhr,2019,101.8799285888672
bhr,2022,103.1668319702148
bhr,2023,101.2524032592773
bhs,1999,87.81513214111328
bhs,2004,88.3299789428711
bhs,2005,90.50758361816406
bhs,2006,82.28417205810547
bhs,2007,98.1085968017578
bhs,2008,99.23977661132812
bhs,2010,95.59442901611328
bih,2010,112.5534896850586
bih,2011,113.099609375
bih,2012,85.12835693359375
bih,2013,73.65335845947266
bih,2014,91.47666931152344
bih,2015,93.30233001708984
bih,2016,92.26068115234376
bih,2017,86.19033813476562
bih,2018,82.70406341552734
bih,2019,88.46822357177734
bih,2020,88.86280059814453
bih,2021,90.18431854248048
bih,2022,91.38175964355467
bih,2023,95.39900970458984
blr,1993,92.06266784667967
blr,1994,93.59211730957033
blr,1995,81.54344177246094
blr,1996,95.43551635742188
blr,1997,90.83232879638672
blr,1999,95.90341949462892
blr,2000,94.6106414794922
blr,2001,93.13777160644533
blr,2002,98.09204864501952
blr,2003,98.18327331542967
blr,2004,103.0863189697266
blr,2005,108.8534774780273
blr,2006,117.4691772460938
blr,2007,139.0508270263672
blr,2008,106.1349334716797
blr,2011,103.4385681152344
blr,2012,103.0255813598633
blr,2013,98.50563049316406
blr,2014,100.463249206543
blr,2015,99.21424865722656
blr,2016,102.9395523071289
blr,2017,100.7529067993164
blr,2018,99.2450714111328
blr,2019,99.97648620605467
blr,2020,97.36213684082033
blr,2021,97.76242065429688
blr,2022,96.60897064208984
blr,2023,96.27236175537108
blz,1994,54.41801071166992
blz,1995,53.14191055297852
blz,1999,54.45975112915039
blz,2000,55.66307830810547
blz,2001,57.05241012573242
blz,2003,62.69052124023438
blz,2004,62.45174026489258
blz,2005,64.31939697265625
blz,2006,65.00303649902344
blz,2007,61.80950164794922
blz,2008,59.54824829101563
blz,2009,63.88093948364258
blz,2010,64.29369354248047
blz,2011,67.45855712890625
blz,2012,69.84213256835938
blz,2013,69.47032165527344
blz,2014,69.15059661865234
blz,2015,73.24742126464844
blz,2016,76.5447998046875
blz,2017,73.25581359863281
blz,2018,72.57142639160156
blz,2019,76.09375
blz,2020,76.89492797851562
blz,2021,79.75750732421875
blz,2022,67.18331909179688
blz,2023,71.71282958984375
bmu,2001,102.6246719360352
bmu,2002,105.6451568603516
bmu,2003,104.0650405883789
bmu,2004,104.712043762207
bmu,2005,96.5
bmu,2011,104.0579681396484
bmu,2012,95.34883880615234
bol,1990,43.94765090942383
bol,1991,47.73162841796875
bol,1992,46.77201843261719
bol,1993,56.74832916259766
bol,1994,58.68381881713867
bol,1995,61.12957000732422
bol,1996,63.52988815307617
bol,1997,67.20001220703125
bol,1998,63.5223503112793
bol,1999,73.18634796142578
bol,2000,77.9172592163086
bol,2001,82.85328674316406
bol,2002,88.3193588256836
bol,2003,89.42237091064453
bol,2004,93.46874237060548
bol,2005,94.83827972412108
bol,2006,92.66471862792967
bol,2007,90.20558166503906
bol,2008,92.62877655029295
bol,2009,89.1593017578125
bol,2010,87.9819564819336
bol,2011,85.87666320800781
bol,2012,87.70770263671875
bol,2013,90.27533721923828
bol,2014,93.68418884277344
bol,2015,90.42994689941406
bol,2016,87.20297241210938
bol,2017,83.183837890625
bol,2018,83.81722259521484
bol,2019,85.87940979003906
bol,2020,89.38768768310547
bol,2022,84.33129119873047
bol,2023,89.84899139404297
bra,1971,23.24535942077637
bra,1972,26.10920906066895
bra,1973,27.60664939880371
bra,1974,34.3557014465332
brb,1999,105.6056137084961
brb,2000,105.1030883789063
brb,2001,103.5021591186523
brb,2002,96.76374816894533
brb,2003,97.58850860595705
brb,2004,102.2233200073242
brb,2005,103.3730163574219
brb,2006,109.1930465698242
brb,2007,104.3967819213867
brb,2008,106.9793395996094
brb,2009,104.0112991333008
brb,2020,96.14054870605467
brb,2021,97.54463958740234
brb,2022,86.84628295898438
brb,2023,98.1481475830078
brn,1973,38.97985076904297
brn,1975,28.82319068908691
brn,1976,44.68547058105469
brn,1977,46.21892929077148
brn,1978,42.65402984619141
brn,1979,44.39128112792969
brn,1980,40.34243011474609
brn,1981,47.38526916503906
brn,1982,51.47367858886719
brn,1983,64.10386657714844
brn,1984,70.89479064941406
brn,2004,106.2519989013672
brn,2005,103.2045211791992
brn,2006,102.3985214233398
brn,2007,104.8482971191406
brn,2008,109.7959213256836
brn,2009,113.9331512451172
brn,2010,109.4989240700891
brn,2011,107.6237319397479
brn,2012,107.6409945421468
brn,2013,109.712441314554
brn,2014,102.7137437992413
brn,2015,103.6520190023753
brn,2016,99.08256880733946
brn,2017,100.6873879258817
brn,2018,102.0731707317073
brn,2019,103.747221340108
brn,2020,109.2732696533203
brn,2021,102.6415094339623
brn,2022,104.4645854313528
brn,2023,100.4006677796327
btn,1978,0.9920600056648254
btn,1979,1.0973299741745
btn,1993,3.003629922866821
btn,1994,3.132940053939819
btn,1997,0.0
btn,1998,14.10214996337891
btn,1999,16.01124000549316
btn,2000,20.31987953186035
btn,2001,28.44865989685059
btn,2006,40.57754898071289
btn,2008,49.58124160766602
btn,2009,55.46548080444336
btn,2010,68.71224601867107
btn,2011,71.84239428885228
btn,2012,73.99185180664062
btn,2013,79.45758819580078
btn,2014,90.22157287597656
btn,2016,89.32451629638672
btn,2017,88.73665993654456
btn,2018,90.0799314872966
btn,2019,91.72570133182204
btn,2020,91.84567552289428
btn,2021,92.84981684981685
btn,2022,69.31973824379851
bwa,1985,46.02341079711914
bwa,1986,41.47983932495117
bwa,1987,39.943359375
bwa,1988,16.52651023864746
bwa,1989,62.71583938598633
bwa,1990,59.78731918334961
bwa,1991,83.93148040771484
bwa,1992,83.43048858642578
bwa,1993,97.11431884765624
bwa,1994,90.39405822753906
bwa,1995,88.59352111816406
bwa,1998,91.28006744384766
bwa,1999,89.93737030029297
bwa,2000,91.09190368652344
bwa,2001,86.6279296875
bwa,2002,83.70967864990234
bwa,2003,83.9791030883789
bwa,2004,87.25839233398438
bwa,2005,88.77848052978516
bwa,2006,91.58805084228516
bwa,2007,89.19120025634766
bwa,2008,92.11966705322266
bwa,2012,96.31844698269522
bwa,2013,92.45877788554802
bwa,2014,95.21714782714844
bwa,2015,93.53303725188071
bwa,2017,87.28578144365143
bwa,2018,84.86142510257054
bwa,2019,85.42996931752218
bwa,2022,93.40828210934971
caf,1971,0.5279800295829773
caf,1972,0.7071700096130371
caf,1973,0.5374500155448914
caf,1974,0.8794500231742859
caf,1978,1.492650032043457
caf,1981,2.837419986724854
caf,1982,4.772799968719482
caf,1983,4.120009899139404
caf,1986,5.770880222320557
caf,1987,4.456669807434082
caf,1988,3.842700004577637
caf,1989,4.276599884033203
caf,1990,4.21353006362915
caf,1991,4.444049835205078
caf,2005,6.453310012817383
caf,2009,5.809080123901367
caf,2012,7.518839836120605
caf,2016,6.968520164489746
caf,2017,8.598679857334215
can,2023,0.0
che,1999,101.9170608520508
che,2004,97.2414321899414
che,2005,97.94075775146484
che,2008,97.62271118164064
che,2009,99.297119140625
che,2010,98.75470733642578
che,2011,99.1125717163086
che,2012,98.8433074951172
che,2013,98.92498779296876
che,2014,98.15308380126952
che,2015,98.25586700439452
che,2016,102.2677917480469
che,2017,99.99491119384766
che,2018,98.99339294433594
che,2019,97.18225860595705
che,2020,99.2618408203125
che,2021,97.71436309814452
che,2022,96.60730743408205
che,2023,97.14669036865234
chl,1970,55.73962020874023
chl,1971,61.89669036865234
chl,1972,67.62832641601562
chl,1973,70.83644104003906
chl,1974,71.92489624023438
chl,1975,69.9106216430664
chl,1976,70.27452850341797
chl,1977,72.07968139648438
chl,1983,78.64409637451172
chl,1997,88.45276641845703
chl,2011,94.98671722412108
chl,2012,95.14010620117188
chl,2013,92.50634765625
chl,2014,95.93283081054688
chl,2015,94.88146209716795
chl,2016,95.85608673095705
chl,2017,95.23165130615234
chl,2018,96.25666809082033
chl,2019,96.6719207763672
chl,2020,98.72566986083984
chl,2021,99.85928344726564
chl,2022,100.0404968261719
chl,2023,99.48767852783205
chn,1995,58.34944915771484
chn,1996,58.86793899536133
chn,1997,61.94944000244141
chn,2007,104.069091796875
chn,2008,103.78125
chn,2009,103.6408767700195
chn,2010,103.5766067504883
chn,2011,106.1703033447266
chn,2012,105.9685897827148
civ,1971,2.707989931106567
civ,1973,3.96045994758606
civ,1974,3.585789918899536
civ,1975,4.083700180053711
civ,1976,3.986119985580444
civ,1977,4.354380130767822
civ,1978,4.869550228118896
civ,1979,5.091770172119141
civ,1980,5.728620052337646
civ,1981,6.743410110473633
civ,1983,7.070519924163818
civ,1984,7.504459857940674
civ,1985,7.919290065765381
civ,1986,7.894830226898193
civ,1987,7.184529781341553
civ,1988,7.540390014648438
civ,1994,10.96574020385742
civ,1996,10.27042961120605
civ,1997,12.8762903213501
civ,1998,13.26290035247803
civ,2000,22.65666961669922
civ,2001,14.30210018157959
civ,2002,15.29164028167725
civ,2006,16.79549980163574
civ,2007,16.50202941894531
civ,2008,20.71973037719727
civ,2009,21.99662017822266
civ,2011,20.5151195526123
civ,2012,25.07270050048828
civ,2013,28.8806326407771
civ,2014,28.37498092651367
civ,2015,29.85652923583984
civ,2016,34.28664016723633
civ,2017,41.24736022949219
civ,2018,45.0411491394043
civ,2019,48.27397155761719
civ,2020,52.93122100830078
civ,2021,51.97200913853908
civ,2022,54.879150390625
civ,2023,78.11688995361328
cmr,1971,2.539979934692383
cmr,1972,2.9581298828125
cmr,1973,3.448899984359741
cmr,1974,4.472539901733398
cmr,1975,5.061470031738281
cmr,1976,5.335830211639404
cmr,1977,6.142759799957275
cmr,1978,6.575009822845459
cmr,1979,6.885930061340332
cmr,1980,7.042640209197998
cmr,1981,7.504069805145264
cmr,1982,8.022250175476074
cmr,1983,8.883230209350586
cmr,1984,9.90511989593506
cmr,1985,10.15429973602295
cmr,1986,10.87370014190674
cmr,1987,11.788649559021
cmr,1988,13.39441013336182
cmr,1990,15.39669036865234
cmr,1991,17.96789932250977
cmr,2003,21.97790908813477
cmr,2006,16.89963912963867
cmr,2007,18.15344047546387
cmr,2008,23.89003944396973
cmr,2009,23.5653190612793
cmr,2010,31.3940993664198
cmr,2011,41.06544876098633
cmr,2012,41.97824206037235
cmr,2013,42.03908157348633
cmr,2014,36.31935119628906
cmr,2015,46.39953994750977
cmr,2016,47.55844879150391
cmr,2017,42.72898925191493
cmr,2018,41.13672569479096
cmr,2019,37.20712644168854
cmr,2020,36.11071127470132
cmr,2021,35.47161865234375
cmr,2022,35.86553955078125
cmr,2023,35.32120895385742
cod,1971,4.833300113677979
cod,1972,5.64438009262085
cod,1974,6.476920127868652
cod,1992,7.203879833221436
cod,1993,8.094440460205078
cod,1994,9.699950218200684
cod,2012,29.83514022827148
cod,2013,30.68099021911621
cod,2014,32.66122055053711
cod,2020,50.02462005615234
cog,1971,4.550439834594727
cog,1972,6.420760154724121
cog,1973,9.796910285949709
cog,1974,14.07551002502441
cog,1975,16.28581047058105
cog,1976,17.43495941162109
cog,1977,22.08687973022461
cog,1978,24.33292961120605
cog,1979,26.68210029602051
cog,1981,32.41139984130859
cog,1982,31.15811920166016
cog,1983,27.54837989807129
cog,1984,28.18185997009277
cog,1987,26.31071090698242
cog,1989,20.02224922180176
cog,1993,27.00284957885742
cog,1994,21.34655952453613
cog,1996,30.7603702545166
cog,2000,21.09828948974609
cog,2001,25.01910018920898
cog,2002,19.26993942260742
cog,2003,19.00630950927734
cog,2004,29.74839019775391
cog,2008,40.53461837768555
cog,2009,39.12818145751953
cog,2010,36.73159027099609
cog,2011,41.40190124511719
cog,2012,47.20114898681641
cog,2023,64.80345916748047
cok,1998,87.87879180908203
cok,2000,76.1290283203125
cok,2001,75.65789031982422
cok,2002,93.24324035644533
cok,2003,107.8014221191406
cok,2007,95.27027130126952
cok,2010,86.2745132446289
cok,2011,97.24137878417967
cok,2012,92.19857788085938
cok,2013,106.4285736083984
cok,2014,95.68344879150392
cok,2015,95.10489654541016
cok,2016,89.36170196533203
cok,2017,96.3235321044922
cok,2018,100.7575836181641
cok,2019,105.5118103027344
cok,2020,117.96875
cok,2021,110.6060562133789
cok,2022,117.5572509765625
cok,2023,103.7036972045898
col,1984,37.6533088684082
col,1985,38.68209075927734
col,1986,42.86816024780273
col,1987,43.78004837036133
col,1988,44.47320938110352
col,1989,44.96913909912109
col,1998,75.57386779785156
col,2001,66.60511016845703
col,2002,72.42340087890625
col,2004,78.78431701660156
col,2005,84.65602111816406
col,2006,87.3023681640625
col,2007,89.6307601928711
col,2008,91.83099365234376
col,2009,97.99957275390624
col,2010,100.4142990112305
col,2011,98.464111328125
col,2012,95.29532623291016
col,2013,80.24315643310547
col,2014,81.82132720947266
col,2015,82.2645492553711
col,2016,82.04498291015625
col,2017,82.13986206054688
col,2018,83.20368957519531
col,2019,84.17182922363281
col,2020,84.7359619140625
col,2021,90.58650970458984
col,2022,87.4009780883789
com,1981,14.27857971191406
com,1990,17.33012008666992
com,1992,15.13943958282471
com,2002,23.24279022216797
com,2003,26.68235969543457
com,2004,27.71747016906738
com,2013,47.72282076395691
com,2014,49.23532313764183
com,2017,47.12712473066794
com,2021,51.34941485550514
cpv,1980,3.832509994506836
cpv,1981,3.958280086517334
cpv,1982,4.786849975585938
cpv,1983,5.484330177307129
cpv,1984,4.385960102081299
cpv,1985,6.171370029449463
cpv,1986,7.149670124053955
cpv,1988,11.40810966491699
cpv,1990,12.66903972625732
cpv,1994,21.03778076171875
cpv,1998,0.0
cpv,1999,0.0
cpv,2003,57.02738189697266
cpv,2004,58.61166000366211
cpv,2005,60.4234504699707
cpv,2006,81.4754867553711
cpv,2007,78.98876190185547
cpv,2008,78.6985092163086
cpv,2009,79.81047058105469
cpv,2010,80.13450622558594
cpv,2011,89.93929290771484
cpv,2012,91.4143295288086
cpv,2013,90.3126220703125
cpv,2014,89.3064193725586
cpv,2015,90.56961822509766
cpv,2016,98.06107330322266
cpv,2017,100.7200698852539
cpv,2018,86.56649780273438
cpv,2019,84.9826431274414
cpv,2020,86.4563217163086
cpv,2021,109.7225189208984
cri,1970,21.16497039794922
cri,1971,23.8063793182373
cri,1972,28.8868293762207
cri,1981,36.73794937133789
cri,1982,34.7523307800293
cri,1985,30.11873054504395
cri,1986,28.97475051879883
cri,1987,27.62862014770508
cri,1988,28.58219909667969
cri,1989,27.58584022521973
cri,1991,31.40077972412109
cri,1992,33.99187850952148
cri,1993,32.25875854492188
cri,1994,34.13896179199219
cri,1995,34.51203155517578
cri,1996,34.5005989074707
cri,1999,41.39334869384766
cri,2000,43.59812927246094
cri,2001,43.98490142822266
cri,2002,47.10462951660156
cri,2004,54.00796890258789
cri,2005,59.3586311340332
cri,2006,58.58464813232422
cri,2007,57.85622024536133
cri,2008,60.95035171508789
cri,2009,54.57041931152344
cri,2010,56.62808990478516
cri,2011,54.73558044433594
cri,2012,61.00154113769531
cri,2013,56.76068115234375
cri,2014,58.47930908203125
cri,2015,57.10982131958008
cri,2016,57.27925109863281
cri,2017,58.93843078613281
cri,2018,69.56404876708984
cri,2019,70.79020690917969
cri,2020,66.81551361083984
cri,2021,68.84806060791016
cri,2022,66.2293930053711
cri,2023,64.24176788330078
cub,1971,11.9689302444458
cub,1972,10.05858993530273
cub,1999,86.32969665527344
cub,2000,98.28327178955078
cub,2001,87.38227081298828
cub,2002,93.93717193603516
cub,2003,94.31365966796876
cub,2004,93.28929138183594
cub,2005,96.85717010498048
cub,2006,94.54067993164064
cub,2007,93.58455657958984
cub,2008,94.68212890625
cub,2009,94.19821166992188
cub,2010,94.55101776123048
cub,2011,88.3496322631836
cub,2012,94.0902099609375
cub,2013,93.7055435180664
cub,2014,93.1056900024414
cub,2015,88.84258270263672
cub,2016,88.39877319335938
cub,2017,92.3894500732422
cub,2018,92.88556671142578
cub,2019,92.48491668701172
cub,2021,89.44738006591797
cub,2022,89.0128402709961
cub,2023,89.89241027832031
cym,2001,90.090087890625
cym,2002,90.0
cym,2004,89.1791000366211
cym,2005,91.1764678955078
cym,2006,86.2815933227539
cym,2007,92.98246002197266
cym,2008,99.64412689208984
cym,2011,96.8531494140625
cym,2012,102.8070220947266
cym,2013,93.31104278564452
cym,2018,87.5
cym,2019,102.6548690795898
cym,2020,95.42857360839844
cym,2021,89.70189666748047
cym,2022,80.2631607055664
cym,2023,99.4871826171875
cyp,2000,93.4420166015625
cyp,2001,93.65596771240234
cyp,2002,101.8387298583984
cyp,2003,96.34413146972656
cyp,2004,99.1540069580078
cyp,2005,97.8276596069336
cyp,2006,99.79562377929688
cyp,2007,84.0567626953125
cyp,2008,95.28153228759766
cyp,2009,96.78450775146484
cyp,2010,95.49935150146484
cyp,2011,92.56291198730467
cyp,2012,96.17981719970705
cyp,2013,98.05966949462892
cyp,2014,101.2605972290039
cyp,2015,97.52139282226564
cyp,2016,96.78260803222656
cyp,2017,98.76130676269533
cyp,2018,96.97663879394533
cyp,2019,97.45912933349608
cyp,2020,81.60997772216797
cyp,2021,104.0463714599609
cyp,2022,103.9972076416016
cze,1996,104.8315734863281
cze,2002,96.25885009765624
cze,2003,92.95134735107422
cze,2004,95.42929077148438
cze,2005,91.86799621582033
cze,2006,98.98992919921876
cze,2007,97.5968780517578
cze,2008,97.70301818847656
cze,2009,103.5705413818359
cze,2010,97.26197052001952
cze,2011,97.58200073242188
cze,2012,94.05844116210938
cze,2013,94.00405120849608
cze,2014,94.89183044433594
cze,2015,97.34689331054688
cze,2016,95.76625823974608
cze,2017,95.68125915527344
cze,2018,95.99765777587892
cze,2019,94.28279113769533
cze,2020,94.26773071289064
cze,2021,97.43177795410156
cze,2022,93.46923828125
deu,1993,75.47268676757812
deu,1994,77.39189147949219
deu,1995,77.15370178222656
deu,1996,76.11354064941406
deu,1997,78.63855743408203
deu,2021,63.05485916137695
deu,2022,61.89004135131836
deu,2023,63.84206008911133
dma,1988,89.8623275756836
dma,2003,108.7349395751953
dma,2004,108.4848480224609
dma,2005,97.2519073486328
dma,2006,88.0302963256836
dma,2007,105.5389175415039
dma,2008,110.5421676635742
dma,2009,98.02432250976564
dma,2010,95.71428680419922
dma,2011,101.3266983032227
dma,2012,95.76988220214844
dma,2013,81.86714935302734
dma,2014,89.1025619506836
dma,2015,87.39771270751953
dma,2022,98.46153846153848
dma,2023,81.69934844970703
dnk,2008,98.53143310546876
dnk,2009,98.68190002441406
dnk,2010,97.17603302001952
dnk,2011,98.27247619628906
dnk,2012,98.40640258789064
dnk,2013,99.67240142822266
dnk,2014,99.5871810913086
dnk,2015,100.2996215820313
dnk,2016,99.71296691894533
dnk,2017,100.3205718994141
dnk,2018,100.0371017456055
dnk,2019,100.922607421875
dnk,2020,101.3132095336914
dnk,2021,99.50453186035156
dnk,2022,100.0893020629883
dnk,2023,98.72148895263672
dom,1999,62.00600051879883
dom,2000,65.84578704833984
dom,2002,68.7948226928711
dom,2004,77.68480682373047
dom,2005,81.1209716796875
dom,2007,86.18092346191406
dom,2008,91.76599884033205
dom,2009,86.67826080322266
dom,2010,86.11570739746094
dom,2011,80.58831787109375
dom,2012,79.42134857177734
dom,2013,82.41773223876953
dom,2014,82.19860076904297
dom,2015,82.2450180053711
dom,2016,89.34060668945312
dom,2017,88.73925018310547
dom,2018,91.6095962524414
dom,2019,87.51335906982422
dom,2020,89.12451934814453
dom,2021,74.88025665283203
dom,2022,82.27734375
dom,2023,81.46456146240234
dza,1971,5.618509769439697
dza,1972,5.500100135803223
dza,1973,6.424479961395264
dza,1974,9.037850379943848
dza,1975,11.49011039733887
dza,1976,13.00714015960693
dza,1977,15.34409999847412
dza,1978,18.22341918945313
dza,1979,21.78315925598145
dza,1980,24.97175979614258
dza,1982,29.85133934020996
dza,1984,34.80588912963867
dza,1985,38.0142707824707
dza,1989,52.77006149291992
dza,1990,52.63396072387695
dza,1991,53.50241851806641
dza,1992,55.7069206237793
dza,1993,54.99489974975586
dza,1994,55.7470588684082
dza,1995,56.4529914855957
dza,1996,55.81322860717773
dza,1997,53.61957168579102
dza,1999,58.55281066894531
dza,2000,57.39912033081055
dza,2001,60.05406951904297
dza,2002,66.58258819580078
dza,2003,69.8101577758789
dza,2004,72.89900970458984
dza,2005,82.80388641357422
dza,2006,79.2125473022461
dza,2007,74.6961898803711
dza,2008,69.7166976928711
dza,2009,76.49371337890625
dza,2010,69.62320709228516
dza,2011,82.71479034423828
dza,2012,135.2430877685547
dza,2013,99.72852325439452
dza,2014,89.72673797607422
dza,2015,84.14600372314453
dza,2016,85.37506866455078
dza,2018,89.60369873046875
dza,2019,86.56739807128906
dza,2021,91.59374237060548
dza,2022,90.39990997314452
dza,2023,91.24169921875
dza,2024,95.46807861328124
ecu,1971,22.38511085510254
ecu,1972,23.48423004150391
ecu,1975,30.29323959350586
ecu,1976,33.93965148925781
ecu,1977,35.77783966064453
ecu,1978,38.72230911254883
ecu,1979,44.32892990112305
ecu,1994,46.71057891845703
ecu,1999,54.27629852294922
ecu,2000,55.70854949951172
ecu,2001,56.32587814331055
ecu,2002,56.08876037597656
ecu,2003,56.12380981445313
ecu,2004,56.97135162353516
ecu,2005,58.75017166137695
ecu,2006,60.47159957885742
ecu,2007,62.38343811035156
ecu,2009,77.5447006225586
ecu,2010,85.69307708740234
ecu,2011,82.96893310546875
ecu,2012,83.6834716796875
ecu,2013,90.14633941650392
ecu,2014,97.85456848144533
ecu,2015,99.61277770996094
ecu,2016,97.94595336914064
ecu,2017,93.96971130371094
ecu,2018,92.2091064453125
ecu,2019,91.95050811767578
ecu,2020,99.12516021728516
ecu,2021,99.96755981445312
ecu,2022,95.04878997802734
ecu,2023,91.7734832763672
egy,1977,29.96689987182617
egy,1978,34.88814163208008
egy,1979,33.91717910766602
egy,1980,34.47375869750977
egy,1994,60.07369995117188
egy,2003,75.92024230957031
egy,2004,74.126708984375
egy,2009,71.8915023803711
egy,2013,71.61869812011719
egy,2014,71.35574340820312
egy,2016,75.8675537109375
egy,2017,74.38404846191406
egy,2018,75.38507080078125
egy,2019,78.56590270996094
egy,2020,78.42710876464844
egy,2021,82.7206802368164
egy,2023,85.52208709716797
eri,1994,14.3470401763916
eri,1995,25.44561004638672
eri,1996,29.7650203704834
eri,1997,29.1419506072998
eri,1999,38.59642028808594
eri,2000,38.89791870117188
eri,2001,39.54248046875
eri,2002,42.06513977050781
eri,2003,38.74359130859375
eri,2004,40.89889907836914
eri,2006,42.33058166503906
eri,2007,45.88238906860352
eri,2008,44.77856826782227
eri,2009,46.51419067382813
eri,2010,49.84394073486328
eri,2014,52.13080949611378
eri,2015,47.44578170776367
eri,2017,45.53974914550781
eri,2018,49.53224945068359
eri,2019,51.45814833855214
eri,2022,52.19615173339844
esp,1981,83.26470947265625
esp,1982,85.32286834716797
esp,1983,83.64073944091797
esp,1984,85.22216796875
esp,1985,88.02152252197266
esp,1986,89.90702819824219
esp,1987,91.91594696044922
esp,1988,95.818359375
esp,1989,100.8492965698242
esp,1990,96.19612884521484
esp,1993,98.06436920166016
esp,1994,97.16349792480467
esp,2009,86.18863677978516
esp,2010,86.5306396484375
esp,2014,91.75380706787108
esp,2015,92.47219848632812
esp,2016,92.24476623535156
esp,2017,94.01918792724608
esp,2018,93.18193817138672
esp,2019,93.30059814453124
esp,2020,93.41071319580078
esp,2021,97.02545928955078
esp,2022,93.64079284667967
esp,2023,93.3977508544922
est,1995,93.3211669921875
est,1996,98.88922119140624
est,1999,88.48967742919922
est,2000,93.40863800048828
est,2001,96.56472778320312
est,2002,101.6410293579102
est,2004,102.5828475952148
est,2005,104.5209579467773
est,2006,108.0752716064453
est,2008,103.9000015258789
est,2009,106.6178588867188
est,2010,104.8540725708008
est,2011,102.8548431396484
est,2012,101.345588684082
est,2013,103.6978302001953
est,2014,103.6848831176758
est,2015,100.0698165893555
est,2016,101.5752029418945
est,2017,102.6356506347656
est,2018,98.56092071533205
est,2019,101.1334228515625
est,2020,97.88990783691406
est,2021,98.9143524169922
est,2022,99.72492218017578
est,2023,95.73918914794922
eth,1987,13.46897029876709
eth,1988,14.88218021392822
eth,1994,10.92275047302246
eth,1995,9.802069664001465
eth,1996,9.453709602355955
eth,1999,7.103960037231445
eth,2005,13.19923973083496
eth,2008,21.69234085083008
eth,2009,21.70298957824707
eth,2010,22.76804426976134
eth,2012,22.57048034667969
eth,2014,27.18999076386276
eth,2015,28.4460641618338
eth,2023,21.14380828614704
fin,1987,110.1075286865234
fin,1988,110.8796463012695
fin,1989,110.0353469848633
fin,1990,108.1661376953125
fin,1991,108.3903732299805
fin,1992,110.2307586669922
fin,1993,108.2656936645508
fin,1994,107.5436477661133
fin,2004,101.538459777832
fin,2005,101.3183212280273
fin,2007,99.38461303710938
fin,2009,99.44020080566406
fin,2010,98.74519348144533
fin,2011,99.0747528076172
fin,2012,99.5732879638672
fin,2013,99.16220092773438
fin,2014,99.43464660644533
fin,2015,99.06713104248048
fin,2016,99.31668090820312
fin,2017,99.79313659667967
fin,2018,100.134651184082
fin,2019,99.70027923583984
fin,2020,99.77574920654295
fin,2021,99.43431854248048
fin,2022,99.66465759277344
fin,2023,99.90442657470705
fji,1980,65.67965698242188
fji,1981,63.66144180297852
fji,1983,62.36885070800781
fji,1984,62.67409133911133
fji,1985,59.51596832275391
fji,1986,56.16630935668945
fji,2003,83.7713394165039
fji,2004,82.56900787353516
fji,2008,89.45980072021484
fji,2009,86.60382080078125
fji,2010,87.55618642062929
fji,2011,92.72533711852378
fji,2012,88.99691772460938
fji,2013,92.924126172208
fji,2014,93.57649695008092
fji,2015,92.29406554472985
fji,2016,97.77008842752788
fji,2017,96.005597252258
fji,2018,96.35586830862024
fji,2019,98.38951310861424
fji,2020,95.41615295410156
fji,2021,100.9185548071035
fji,2022,102.4009603841537
fji,2023,95.14471352628468
fra,1996,85.96807861328125
fra,2007,98.06011962890624
fra,2008,100.5118637084961
fra,2009,98.641357421875
fra,2010,97.66506958007812
fra,2011,98.11353302001952
fra,2012,99.56659698486328
fra,2013,98.01228332519533
fra,2014,98.03479766845705
fra,2015,96.8764190673828
fra,2016,99.0627212524414
fra,2017,99.89270782470705
fra,2018,99.32821655273438
fra,2019,99.49742126464844
fra,2020,100.0772171020508
fra,2021,100.13623046875
fra,2022,99.91158294677734
fsm,2013,82.43978243978243
fsm,2014,84.62145110410094
fsm,2015,85.61702127659574
fsm,2016,81.83332824707031
fsm,2017,79.93527508090615
fsm,2018,85.87943848059454
fsm,2019,75.6155679110405
fsm,2020,76.89768976897689
fsm,2021,76.04790419161677
fsm,2022,79.12087912087912
fsm,2023,78.51239669421489
fsm,2024,76.8713204373423
gab,1971,4.519360065460205
gab,1972,5.564589977264404
gab,1973,7.041009902954102
gab,1974,9.607509613037108
gab,1986,13.63741016387939
gab,1995,17.50703048706055
gab,2019,56.48756721974537
gab,2021,55.22742995503286
gbr,2017,97.83209991455078
gbr,2018,98.14852905273438
gbr,2019,98.33772277832033
gbr,2020,98.15181732177734
gbr,2021,97.6452178955078
gbr,2022,99.3664779663086
geo,2000,83.4341812133789
geo,2001,85.88192749023438
geo,2002,86.8543472290039
geo,2003,93.16449737548828
geo,2004,86.35227966308594
geo,2005,98.13262939453124
geo,2008,109.8500366210938
geo,2009,106.649040222168
geo,2010,112.0782623291016
geo,2012,108.602897644043
geo,2013,109.2889785766602
geo,2014,103.4989471435547
geo,2015,106.6001510620117
geo,2016,106.8059005737305
geo,2017,104.9937896728516
geo,2018,103.0541229248047
geo,2019,116.2294769287109
geo,2020,116.8863296508789
geo,2021,100.3611831665039
geo,2022,96.42221069335938
geo,2023,90.4419174194336
gha,1971,32.47544097900391
gha,1972,35.18999862670898
gha,1974,36.33798980712891
gha,1975,35.94128036499023
gha,1991,41.86531066894531
gha,1992,43.17300033569336
gha,1999,42.99843978881836
gha,2000,44.40821075439453
gha,2001,42.52294158935547
gha,2002,46.28657150268555
gha,2003,44.42424011230469
gha,2004,45.54597091674805
gha,2005,47.79880905151367
gha,2008,56.49832916259766
gha,2009,63.71533966064453
gha,2011,60.91550064086914
gha,2012,60.29019165039063
gha,2013,63.41596984863281
gha,2014,62.35025024414063
gha,2015,69.18351745605469
gha,2017,68.0516128540039
gha,2018,72.93891906738281
gha,2019,74.16454315185547
gib,2016,97.19100952148438
gib,2017,96.98275756835938
gib,2019,99.55555725097656
gib,2020,103.5
gib,2021,98.56459045410156
gib,2022,102.5973968505859
gib,2023,103.070182800293
gin,1985,4.530010223388672
gin,1986,3.769550085067749
gin,1987,3.156699895858765
gin,1988,2.694469928741455
gin,1989,3.453870058059692
gin,1990,3.404000043869019
gin,1991,4.004670143127441
gin,1992,3.818170070648193
gin,1993,3.665299892425537
gin,1994,5.185989856719971
gin,1998,4.727749824523926
gin,2000,6.314589977264404
gin,2001,7.297339916229248
gin,2003,11.06455039978027
gin,2004,12.2165699005127
gin,2005,14.69713020324707
gin,2006,17.15630912780762
gin,2007,22.0023307800293
gin,2009,25.15600967407227
gin,2010,26.7960090637207
gin,2011,24.32969093322754
gin,2012,28.70553016662598
gin,2013,27.70820045471191
gin,2014,27.45578002929688
gin,2018,28.50769605944543
gin,2019,29.35916754328604
gin,2020,29.69556045532227
gin,2021,30.35355822457132
gin,2023,34.56468933776527
gmb,1974,3.663000106811523
gmb,1976,5.189750194549561
gmb,1977,5.593629837036133
gmb,1978,5.286960124969482
gmb,1979,6.789289951324463
gmb,1980,7.031139850616455
gmb,1981,7.337930202484131
gmb,1982,6.91765022277832
gmb,1983,8.348320007324219
gmb,1984,8.81406021118164
gmb,1985,8.661319732666016
gmb,1986,10.1633996963501
gmb,1987,11.23983955383301
gmb,1999,24.62064933776855
gmb,2000,26.16436958312988
gmb,2001,26.16324043273926
gmb,2002,26.45435905456543
gmb,2003,34.92707824707031
gmb,2004,41.17430114746094
gmb,2005,45.4393310546875
gmb,2006,47.89088821411133
gmb,2007,45.86904907226563
gmb,2008,42.40650939941406
gmb,2009,46.00267028808594
gmb,2010,45.62763977050781
gmb,2011,51.00702377930101
gmb,2012,53.79408323583487
gmb,2013,53.96799208051477
gmb,2014,54.74647659160862
gmb,2015,55.73149329929802
gmb,2016,54.58366064414768
gmb,2017,54.42213572777371
gmb,2018,56.0982058545798
gmb,2019,56.45268278301887
gmb,2020,58.3919203454552
gmb,2021,63.4370360139498
gmb,2022,62.10777965932862
gmb,2023,66.77354579608757
gmb,2024,69.30498876973206
gnb,1978,1.531059980392456
gnb,1979,0.5011299848556519
gnb,1981,0.6877599954605103
gnb,1982,1.564620018005371
gnb,1983,0.6349599957466125
gnb,1984,2.541110038757324
gnb,1985,2.026289939880371
gnb,1987,1.612259984016418
gnb,1989,3.423029899597168
gnb,2000,9.44552993774414
gnb,2010,28.76400947570801
gnq,2000,8.533650398254395
gnq,2005,10.5775899887085
gnq,2011,18.20247077941895
gnq,2012,21.13784980773926
gnq,2015,18.74049949645996
grc,1971,50.00217819213867
grc,1972,51.49319839477539
grc,1973,58.83163070678711
grc,1974,58.49787139892578
grc,1975,58.72816848754883
grc,1976,65.99929809570312
grc,1977,65.06025695800781
grc,1978,67.74443817138672
grc,1979,69.86776733398438
grc,1980,73.77410125732422
grc,1982,80.57328796386719
grc,1983,81.52876281738281
grc,1984,80.23487091064453
grc,1985,81.25565338134766
grc,1986,84.24752807617188
grc,1987,84.85678100585938
grc,1988,87.28227996826172
grc,1989,86.57203674316406
grc,1990,85.87654876708984
grc,1991,87.181640625
grc,1992,88.40547943115234
grc,2005,86.01016235351562
grc,2006,81.59683227539062
grc,2007,89.98149108886719
grc,2010,99.47075653076172
grc,2011,97.19352722167967
grc,2012,97.84841918945312
grc,2013,94.2702407836914
grc,2014,90.42256927490234
grc,2015,94.36724853515624
grc,2016,91.67163848876952
grc,2017,94.337646484375
grc,2018,93.23143005371094
grc,2019,93.99070739746094
grc,2020,94.07251739501952
grc,2021,94.02715301513672
grc,2022,95.38672637939452
grd,1983,62.30366134643555
grd,1993,97.82135009765624
grd,2002,104.1920700073242
grd,2003,100.0767974853516
grd,2005,91.07289123535156
grd,2007,91.92661285400392
grd,2009,117.2413787841797
grd,2013,107.0718232044199
grd,2014,105.0941314697266
grd,2015,89.08489990234375
grd,2016,106.6750564575195
grd,2018,99.50738916256158
grd,2021,105.6939501779359
grd,2022,98.35487661574618
grd,2023,92.88214702450408
gtm,1971,7.613510131835938
gtm,1975,10.20436954498291
gtm,1976,12.16773986816406
gtm,1999,24.87735939025879
gtm,2000,28.89542007446289
gtm,2001,31.57780075073242
gtm,2002,34.38031005859375
gtm,2004,36.75288009643555
gtm,2005,38.72578811645508
gtm,2006,42.44956970214844
gtm,2007,45.26781845092773
gtm,2008,47.7635612487793
gtm,2009,50.48910140991211
gtm,2010,53.52272033691406
gtm,2011,56.57035064697266
gtm,2012,56.62985992431641
gtm,2013,54.92509841918945
gtm,2014,56.5761604309082
gtm,2015,61.07595825195313
gtm,2016,61.91125106811523
gtm,2017,56.71623992919922
gtm,2018,56.60470962524414
gtm,2019,56.82435989379883
gtm,2020,56.29653167724609
gtm,2021,54.77555847167969
gtm,2022,50.93783187866211
gtm,2023,50.74317932128906
guy,1971,52.62705993652344
guy,1972,46.15547943115234
guy,1973,46.22671127319336
guy,1974,46.77785110473633
guy,1976,46.98445129394531
guy,1978,73.62956237792969
guy,1979,70.30387878417969
guy,1980,76.20980072021484
guy,1987,80.67572021484375
guy,1991,84.48532104492188
guy,1992,75.81471252441406
guy,1993,76.144287109375
guy,1996,82.5836410522461
guy,1997,82.21540832519531
guy,1999,76.95040130615234
guy,2000,93.02571868896484
guy,2001,75.92076110839844
guy,2008,80.75713348388672
guy,2009,80.52442932128906
guy,2010,87.42044067382812
hkg,1980,53.07711029052734
hkg,1981,59.48155975341797
hkg,1982,68.9055404663086
hkg,1983,82.4228286743164
hkg,1984,78.81034851074219
hkg,1985,74.27059936523438
hkg,2003,92.1438217163086
hkg,2004,96.07125854492188
hkg,2005,94.90609741210938
hkg,2006,102.4508819580078
hkg,2007,98.21956634521484
hkg,2008,100.9459533691406
hkg,2009,98.46698760986328
hkg,2010,97.47058868408205
hkg,2011,96.24935913085938
hkg,2012,95.64420318603516
hkg,2013,102.8107299804688
hkg,2014,102.8698577880859
hkg,2015,103.2662124633789
hkg,2016,113.7489700317383
hkg,2017,102.1839065551758
hkg,2018,93.2690887451172
hkg,2019,94.97760772705078
hkg,2020,112.3663787841797
hnd,2005,48.31805038452148
hnd,2007,52.15779113769531
hnd,2012,49.55059814453125
hnd,2013,41.39839172363281
hnd,2014,51.56789016723633
hnd,2016,48.89836883544922
hnd,2019,45.95455932617188
hnd,2020,45.5936393737793
hnd,2021,42.36294174194336
hnd,2023,39.90145874023438
hrv,1995,89.25968170166016
hrv,1996,88.96932983398438
hrv,1997,87.44400787353516
hrv,1999,90.52137756347656
hrv,2001,101.3575668334961
hrv,2002,103.4921875
hrv,2003,99.07627105712892
hrv,2005,99.87832641601564
hrv,2006,97.31575775146484
hrv,2007,100.0787734985352
hrv,2008,96.27751922607422
hrv,2009,98.61537170410156
hrv,2010,97.53263092041016
hrv,2011,98.04852294921876
hrv,2012,96.26302337646484
hrv,2016,99.52696990966795
hrv,2017,98.30525970458984
hrv,2018,98.13510894775392
hrv,2019,102.6484680175781
hrv,2020,99.11614990234376
hrv,2021,99.68422698974608
hrv,2022,101.9501724243164
hti,1977,6.94950008392334
hti,1978,8.597820281982422
hti,1979,9.852450370788574
hti,1980,10.11116981506348
hti,1981,12.06052017211914
hti,1982,12.25473022460938
hti,1983,14.4807596206665
hti,1985,16.84180068969727
hti,1986,14.45775032043457
hti,1987,15.66905975341797
hti,1988,16.50334930419922
hti,1989,17.5384693145752
hti,1990,17.94183921813965
hti,1991,18.3677806854248
hti,1997,26.26021957397461
hun,1976,88.023193359375
hun,1977,93.67987823486328
hun,1978,92.53176879882812
hun,1979,94.02816009521484
hun,1980,94.16708374023438
hun,1981,97.41242980957033
hun,1982,98.42246246337892
hun,1983,93.07501983642578
hun,1984,94.56671142578124
hun,1985,91.25353240966795
hun,1986,93.52728271484376
hun,1987,93.48211669921876
hun,1988,101.6925888061523
hun,1989,96.65612030029295
hun,1990,88.8355712890625
hun,1997,92.55333709716795
hun,2013,95.20842742919922
hun,2014,95.82907104492188
hun,2015,94.65390014648438
hun,2016,93.95249176025392
hun,2017,94.32901763916016
hun,2018,95.10366058349608
hun,2019,95.68321990966795
hun,2020,94.68769073486328
hun,2021,98.5435028076172
hun,2022,96.91613006591795
hun,2023,94.35111236572266
idn,1995,47.29565048217773
idn,2002,72.82234191894531
idn,2003,76.00833129882812
idn,2004,77.13928985595703
idn,2005,73.01094055175781
idn,2006,75.767822265625
idn,2007,81.93576049804688
idn,2008,76.29850006103516
idn,2009,84.9094467163086
idn,2010,86.58761143219648
idn,2011,88.7707972957522
idn,2012,84.62875255640455
idn,2013,83.7628064557038
idn,2014,93.31145931879456
idn,2015,100.3844349204616
idn,2016,100.321176345057
idn,2017,97.737900158287
idn,2018,100.4722226474809
idn,2019,102.9729425805547
idn,2020,99.38382143061028
idn,2021,98.02631988274622
idn,2022,100.1678914147015
idn,2023,97.11614055882796
ind,1987,29.74949073791504
ind,1988,30.98477935791016
ind,1989,31.00068092346191
ind,2002,47.76543045043945
ind,2003,52.96490097045898
ind,2006,59.8038215637207
ind,2008,67.03401184082031
ind,2011,77.79308695491024
ind,2013,84.31068862581414
ind,2014,88.74928752296985
ind,2015,87.87702523698562
ind,2016,88.06086804838387
ind,2017,87.55229634043498
ind,2019,86.90131378173828
ind,2020,89.61675262451172
ind,2021,91.54300225751145
ind,2022,91.27878580021164
ind,2023,86.53278941902592
ind,2024,88.2996038502492
irl,1996,98.47791290283205
irl,1997,99.6533203125
irl,1998,97.3654327392578
irl,1999,96.48690032958984
irl,2000,97.97949981689452
irl,2001,98.40377807617188
irl,2002,100.2424621582031
irl,2003,99.9178466796875
irl,2004,100.2535934448242
irl,2005,100.6400985717773
irl,2006,100.1629028320313
irl,2007,99.92980194091795
irl,2008,99.24720001220705
irl,2009,100.1849594116211
irl,2010,101.5766906738281
irl,2011,101.1063613891602
irl,2014,102.2837295532227
irl,2015,99.40611267089844
irl,2016,100.7176208496094
irl,2017,101.0888824462891
irl,2018,98.97885131835938
irl,2019,102.2083435058594
irl,2020,101.3040313720703
irl,2021,99.98422241210938
irl,2022,103.8951873779297
irn,1987,38.98648834228516
irn,1988,42.97048950195313
irn,1989,44.40451049804688
irn,1990,50.09503173828125
irn,1991,48.68212890625
irn,1993,56.14776992797852
irn,1994,62.34833908081055
irn,2000,73.1733169555664
irn,2001,71.15135192871094
irn,2002,70.39827728271484
irn,2003,77.53986358642578
irn,2006,82.43144989013672
irn,2008,87.12657165527344
irn,2009,88.97174835205078
irn,2010,85.09989166259766
irn,2011,86.16641998291016
irn,2012,87.41983795166016
irn,2016,85.1427001953125
irn,2017,85.73042297363281
irn,2020,86.89740753173828
irq,1971,11.71061038970947
irq,1972,16.3400993347168
irq,1973,16.99840927124023
irq,1974,15.48174953460693
irq,1975,17.72204971313477
irq,1976,18.70688056945801
irq,1977,17.5744800567627
irq,1978,20.90096092224121
irq,1979,22.6466007232666
irq,1980,23.54464912414551
irq,1983,26.71559906005859
irq,1985,28.63491058349609
irq,1986,27.6031608581543
irq,1987,28.11296081542969
irq,1988,28.33171081542969
irq,1989,25.70702934265137
irq,1993,26.44412994384766
irq,1999,21.2556095123291
irq,2000,23.07172012329102
irq,2004,36.35018157958984
irq,2007,40.81644058227539
isl,1998,99.04351806640624
isl,1999,99.14611053466795
isl,2000,98.8000030517578
isl,2001,99.39515686035156
isl,2002,99.31936645507812
isl,2003,99.94908142089844
isl,2004,98.61544799804688
isl,2005,100.0448989868164
isl,2006,98.27076721191406
isl,2007,98.316650390625
isl,2008,97.5373764038086
isl,2009,98.06397247314452
isl,2010,97.10724639892578
isl,2011,98.03370666503906
isl,2012,97.89665985107422
isl,2013,98.28571319580078
isl,2014,98.0075912475586
isl,2015,98.6098175048828
isl,2016,97.83708953857422
isl,2017,98.16602325439452
isl,2018,97.56214141845705
isl,2019,99.02279663085938
isl,2020,97.61476135253906
isl,2021,93.60626220703124
isr,2002,92.10105895996094
isr,2003,91.95044708251952
isr,2004,96.52845001220705
isr,2005,92.68167114257812
isr,2006,90.90428161621094
isr,2007,92.18827056884766
isr,2008,88.92537689208984
isr,2009,89.93974304199219
isr,2010,96.15228271484376
isr,2011,92.35215759277344
isr,2012,95.8245086669922
isr,2013,95.67212677001952
isr,2014,95.10260009765624
isr,2015,98.18991088867188
isr,2016,95.37809753417967
isr,2017,94.40337371826172
isr,2018,98.26219940185548
isr,2019,94.64340209960938
isr,2020,98.69996643066406
isr,2021,94.27532196044922
isr,2022,93.76172637939452
ita,1971,70.60173034667969
ita,1972,74.49152374267578
ita,1973,78.40360260009766
ita,1974,78.64820098876953
ita,1975,84.10720825195312
ita,1976,87.6522216796875
ita,1977,88.45449829101562
ita,1978,91.95498657226564
ita,1979,91.08119964599608
ita,1980,92.05330657958984
ita,1981,91.72910308837892
ita,1982,90.43595123291016
ita,1983,95.02642059326172
ita,1984,93.93569946289064
ita,1985,93.98249053955078
ita,1986,95.31546783447266
ita,1987,96.12042236328124
ita,1988,93.9674072265625
ita,1989,94.10903930664064
ita,1990,97.20066833496094
ita,1991,98.20002746582033
ita,1992,100.3483123779297
ita,1993,101.1621704101563
ita,1994,99.98699188232422
ita,1995,97.42447662353516
ita,1996,100.5288009643555
ita,1997,101.9315872192383
ita,1999,108.3651504516602
ita,2001,102.752311706543
ita,2002,101.587532043457
ita,2003,101.3961791992188
ita,2004,100.7990188598633
ita,2005,101.1849212646484
ita,2006,101.0942993164063
ita,2007,101.5127334594727
ita,2008,100.3710632324219
ita,2009,100.1103515625
ita,2010,100.293586730957
ita,2011,102.5973205566406
ita,2012,100.3690719604492
ita,2013,101.0766525268555
ita,2014,100.3132629394531
ita,2015,98.61119842529295
ita,2016,99.19200134277344
ita,2017,99.19735717773438
ita,2018,99.12650299072266
ita,2019,98.71759033203124
ita,2020,99.85263824462892
ita,2021,99.17578125
ita,2022,95.82453155517578
ita,2023,96.65618133544922
jam,1976,85.32708740234375
jam,1977,82.3955307006836
jam,1980,95.01273345947266
jam,1981,96.70101928710938
jam,1983,93.77700042724608
jam,1984,94.13719940185548
jam,1985,93.6121063232422
jam,1986,92.34793853759766
jam,1990,99.72711944580078
jam,1991,103.8051376342773
jam,1993,99.22810363769533
jam,2000,92.90512084960938
jam,2001,91.25724029541016
jam,2002,90.9872589111328
jam,2003,90.24793243408205
jam,2004,98.08722686767578
jam,2009,93.33992004394533
jam,2010,95.76763916015624
jam,2011,94.67601013183594
jam,2013,94.20822143554688
jam,2014,92.83245849609376
jam,2015,96.78823852539064
jam,2016,94.54879372234744
jam,2017,88.58522033691406
jam,2018,83.50359344482422
jam,2019,84.20398712158203
jam,2020,82.63768005371094
jam,2023,84.64102935791016
jor,1988,49.27080917358398
jor,1989,61.70526885986328
jor,2002,84.52790069580078
jor,2003,84.95330047607422
jor,2004,83.66655731201172
jor,2006,82.18675994873047
jor,2007,86.5906982421875
jor,2008,87.99479675292969
jor,2011,92.43045806884766
jor,2012,92.90850830078124
jor,2013,88.26213073730469
jor,2014,91.81983947753906
jor,2017,89.94780731201172
jor,2018,92.71494293212892
jor,2019,95.33653259277344
jor,2020,96.50128936767578
jor,2021,95.86620330810548
jor,2022,94.79177856445312
jor,2023,92.72958374023438
jpn,1972,102.4301681518555
jpn,1973,94.68644714355467
jpn,1978,102.4626312255859
jpn,1979,100.0370178222656
jpn,1980,100.6074523925781
jpn,1981,125.2109527587891
jpn,1982,85.63218688964844
jpn,1983,103.3871612548828
jpn,1984,101.954948425293
jpn,1985,96.8537368774414
jpn,1986,95.79965209960938
jpn,1987,97.15904998779295
jpn,1988,96.70233917236328
jpn,1989,99.95539093017578
jpn,1990,103.7131423950195
jpn,1991,102.4233169555664
jpn,1992,102.3899536132813
jpn,1994,104.440559387207
kaz,2000,89.80204010009766
kaz,2001,91.99793243408205
kaz,2002,90.53749847412108
kaz,2003,88.79560852050781
kaz,2004,90.93639373779295
kaz,2005,90.7270736694336
kaz,2006,92.049560546875
kaz,2007,93.36087036132812
kaz,2008,94.50029754638672
kaz,2009,99.86224365234376
kaz,2010,104.9612250461967
kaz,2011,96.7268486262155
kaz,2012,95.98786518316092
kaz,2013,99.58404718677816
kaz,2014,97.25583200379458
kaz,2015,98.83863821243747
kaz,2016,102.4953346230889
kaz,2017,96.5872640713104
kaz,2018,94.9599251393466
kaz,2019,96.01844509965434
kaz,2020,89.94456592893853
kaz,2021,90.20003306331624
kaz,2022,91.02644270952644
kaz,2023,94.02938838492472
kaz,2024,93.24919283827414
ken,1971,8.741589546203613
ken,1972,9.825779914855955
ken,2014,79.21839130285576
ken,2015,79.88226318359375
ken,2016,80.43551100172974
kgz,2001,87.2542724609375
kgz,2002,88.52735900878906
kgz,2003,84.45597839355469
kgz,2004,83.6141128540039
kgz,2005,84.58457946777344
kgz,2006,83.19669342041016
kgz,2007,85.10302734375
kgz,2008,83.2417984008789
kgz,2009,86.6314468383789
kgz,2010,91.2645605211226
kgz,2011,90.55552644906656
kgz,2012,88.11728395061729
kgz,2013,88.94450027054187
kgz,2014,89.59196195735542
kgz,2015,88.12793392937144
kgz,2016,88.36574479955368
kgz,2017,91.33705711400128
kgz,2018,92.70675015705108
kgz,2019,92.06649257512568
kgz,2020,94.68357697199843
kgz,2021,92.69041095890412
kgz,2022,94.30684646931356
kgz,2023,93.64570174855396
kgz,2024,95.71576535576412
khm,1997,12.55613994598389
khm,1999,16.58267021179199
khm,2001,11.22504997253418
khm,2002,17.65106964111328
khm,2003,21.1666202545166
khm,2004,24.07267951965332
khm,2005,28.29338073730469
khm,2006,31.51590919494629
khm,2007,36.42871856689453
khm,2008,42.16952896118164
khm,2010,47.57070159912109
khm,2011,45.43470007593015
khm,2012,45.43692965811336
khm,2013,44.68329347454732
khm,2014,45.94797072064332
khm,2015,50.51060104370117
khm,2016,48.22970491668998
khm,2017,54.43765155913795
khm,2018,60.22562026977539
khm,2019,59.87662887573242
khm,2020,59.04676055908203
khm,2021,59.03844389393522
khm,2022,62.95201081446434
khm,2023,64.08922564293508
kir,1979,15.53273010253906
kir,1980,14.82890033721924
kir,1981,18.00247001647949
kir,1982,12.71393966674805
kir,1983,15.25214958190918
kir,1984,15.86902046203613
kir,1986,24.79674911499023
kir,1989,41.61849975585938
kir,1990,42.07492828369141
kir,1991,54.31399917602539
kir,1992,47.09944915771484
kir,2014,102.317880794702
kir,2015,103.0612244897959
kir,2016,86.61416625976562
kir,2020,106.1154174804688
kir,2021,105.8111419677734
kir,2022,96.11872100830078
kir,2023,104.4960098266602
kna,2001,100.433837890625
kna,2003,97.13024139404295
kna,2004,96.58313751220705
kna,2007,127.1604919433594
kna,2008,113.4328384399414
kna,2009,114.4303817749023
kna,2010,111.6161575317383
kna,2011,117.7665023803711
kna,2013,113.5802536010742
kna,2014,112.3456802368164
kna,2015,121.6145782470703
kna,2016,125.5617980957031
kna,2017,116.231884057971
kna,2018,121.4067278287462
kna,2019,104.8076923076923
kna,2020,105.5555555555556
kna,2021,110.4956268221574
kna,2022,119.1304347826087
kna,2023,110.0609756097561
kor,1971,36.23825073242188
kor,1972,40.15896987915039
kor,1973,42.86933135986328
kor,1976,57.72961044311523
kor,1977,62.82500076293945
kor,1978,65.71463012695312
kor,1979,76.84899139404297
kor,1980,80.68074798583984
kor,1982,94.88002777099608
kor,1983,90.00454711914062
kor,1984,91.80258178710938
kor,1985,90.69557189941406
kor,1986,92.4655532836914
kor,1987,100.2140731811523
kor,1988,99.81073760986328
kor,1995,98.52365112304688
kor,1998,98.77800750732422
kor,1999,95.79804229736328
kor,2000,100.5030899047852
kor,2001,100.1371002197266
kor,2002,100.0439376831055
kor,2003,100.1484832763672
kor,2004,98.882568359375
kor,2005,94.9301300048828
kor,2006,99.32044219970705
kor,2007,99.85755157470705
kor,2008,98.19481658935548
kor,2009,98.05496215820312
kor,2010,99.15564727783205
kor,2011,98.28958129882812
kor,2012,100.4492034912109
kor,2013,100.3534927368164
kor,2014,96.03093719482422
kor,2015,100.370231628418
kor,2016,103.1528625488281
kor,2017,96.4289321899414
kor,2018,98.98087310791016
kor,2019,102.0345687866211
kor,2020,95.67646026611328
kor,2021,94.6069793701172
kor,2022,98.15926361083984
kwt,1973,38.60173034667969
kwt,1974,39.04798889160156
kwt,1975,37.82632064819336
kwt,1976,46.92578125
kwt,1977,49.55738067626953
kwt,1978,48.61164855957031
kwt,1979,49.3253288269043
kwt,1980,54.56711959838867
kwt,1981,67.60320281982422
kwt,1982,75.48442840576172
kwt,1983,77.05570220947266
kwt,1984,87.49385070800781
kwt,1985,81.74331665039062
kwt,1988,66.72615814208984
kwt,1992,60.21260070800781
kwt,1994,67.44700622558594
kwt,1995,86.41561126708984
kwt,1996,93.55462646484376
kwt,1997,90.5712890625
kwt,1999,79.8994369506836
kwt,2000,84.56289672851562
kwt,2001,84.1004409790039
kwt,2002,90.3156967163086
kwt,2003,92.27030181884766
kwt,2004,99.13249969482422
kwt,2005,110.8576965332031
kwt,2006,85.62336730957031
kwt,2007,99.97509002685548
kwt,2008,99.6306381225586
kwt,2009,98.66545867919922
kwt,2010,98.48312377929688
kwt,2012,102.5488510131836
kwt,2013,96.9479522705078
kwt,2016,89.3753662109375
kwt,2017,90.67645263671876
kwt,2018,92.6121826171875
kwt,2019,91.73127746582033
kwt,2020,98.30197143554688
kwt,2021,94.26407623291016
lao,1971,0.6512500047683716
lao,1972,0.9008100032806396
lao,1973,0.9910100102424622
lao,1974,1.131929993629456
lao,1992,16.28392028808594
lao,1993,17.19998931884766
lao,1994,18.39672088623047
lao,1997,21.16263961791992
lao,1999,26.51582908630371
lao,2000,28.99937057495117
lao,2001,30.51354026794434
lao,2002,34.08393859863281
lao,2003,36.25436019897461
lao,2004,38.89884185791016
lao,2005,38.86695861816406
lao,2006,37.90607833862305
lao,2007,38.33993911743164
lao,2008,40.37820053100586
lao,2009,43.00384140014648
lao,2010,38.49343872070313
lao,2011,40.63827221693753
lao,2012,43.59127172249387
lao,2013,46.37692954613276
lao,2014,51.65960786436274
lao,2015,57.62383743755669
lao,2016,62.04427528989773
lao,2017,65.90492193516768
lao,2018,64.7473693119305
lao,2019,63.53740348508502
lao,2020,60.6956135849894
lao,2021,60.52505966587112
lao,2022,58.06390288282661
lao,2023,54.37985389192339
lao,2024,50.67624339341374
lbn,1973,32.16207122802734
lbn,2023,58.02407836914063
lbr,1978,11.77941989898682
lbr,2000,29.64492988586426
lbr,2008,27.88199043273926
lbr,2009,31.26812934875488
lbr,2011,36.28459013542595
lbr,2014,30.57480238118474
lbr,2016,38.89596838236652
lbr,2017,40.64561606448931
lbr,2021,43.79850430365458
lbr,2022,45.06533647519662
lca,1983,43.70861053466797
lca,1987,53.14151000976563
lca,1999,83.54712677001953
lca,2000,89.3138427734375
lca,2001,84.86956787109375
lca,2002,87.5589599609375
lca,2003,79.37167358398438
lca,2004,74.54222869873047
lca,2005,86.04924011230469
lca,2007,93.6423110961914
lca,2008,95.87378692626952
lca,2009,110.7878799438477
lca,2010,97.76165008544922
lca,2011,97.00747680664064
lca,2012,91.93443298339844
lca,2013,87.56793212890625
lca,2014,91.24331665039064
lca,2016,93.11334228515624
lca,2017,95.49617767333984
lca,2018,90.26687622070312
lca,2019,87.04580688476562
lca,2021,88.4070058381985
lca,2022,92.28813934326172
lca,2023,90.39595794677734
lie,2003,68.34171295166016
lie,2005,69.94818878173828
lie,2006,71.10092163085938
lie,2007,92.7536163330078
lie,2008,99.07833862304688
lie,2009,104.5248870849609
lie,2010,128.9473724365234
lie,2011,110.0
lie,2014,100.0
lie,2015,95.0
lie,2016,97.51244354248048
lie,2017,103.3149185180664
lie,2018,25.7575798034668
lie,2019,101.7441864013672
lie,2020,97.47474670410156
lie,2021,95.07389068603516
lka,1970,41.64345169067383
lka,1985,80.30394744873047
lka,1986,86.60106658935547
lka,1987,66.48194122314453
lka,1989,71.03407287597656
lka,1990,72.37454986572266
lka,1991,73.22998809814453
lka,1992,74.60694885253906
lka,1998,88.09734344482422
lka,2001,87.06675720214844
lka,2002,87.26995086669922
lka,2003,90.87013244628906
lka,2005,94.61277770996094
lka,2006,97.13819122314452
lka,2007,93.3015365600586
lka,2009,87.11743927001953
lka,2010,91.9514254790252
lka,2011,90.96007231466396
lka,2012,89.45556684396104
lka,2013,94.06875844467798
lka,2014,95.4524278803082
lka,2015,95.27421339944527
lka,2016,93.36443633508097
lka,2017,93.41314309046366
lka,2019,93.53391806372822
lka,2020,95.69590280928092
lka,2021,97.64126648316656
lka,2022,96.36782325260592
lka,2023,92.8524626886568
lso,1972,6.636260032653809
lso,1973,12.48766994476318
lso,1986,21.58161926269531
lso,1987,22.84169006347656
lso,1998,26.84843063354492
lso,1999,28.33876991271973
lso,2000,27.25157928466797
lso,2001,28.7327995300293
lso,2002,28.01617050170898
lso,2003,28.95541954040527
lso,2004,30.8976993560791
lso,2005,32.12569046020508
lso,2006,33.88668823242188
lso,2007,33.86296844482422
lso,2008,36.42697906494141
lso,2009,46.29401016235352
lso,2010,51.67403387456781
lso,2012,53.27058003224823
lso,2013,52.77331364287886
lso,2014,55.67857142857143
lso,2016,55.05602747153443
lso,2017,53.70087669559908
lso,2018,54.21122994652406
lso,2019,51.36687055298964
lso,2020,57.36591989137813
lso,2022,55.76404115365155
lso,2023,48.97554259799158
ltu,1989,0.0
ltu,1995,85.27098083496094
ltu,1997,86.28336334228516
ltu,1999,72.95645141601562
ltu,2000,86.00126647949219
ltu,2001,94.24241638183594
ltu,2002,97.95716857910156
ltu,2003,98.0453872680664
ltu,2011,102.3597717285156
ltu,2012,103.0647964477539
ltu,2013,105.4069519042969
ltu,2014,94.6213836669922
ltu,2015,94.8068389892578
ltu,2016,98.20276641845705
ltu,2017,89.43730163574219
ltu,2018,91.24619293212892
ltu,2019,92.65718841552734
ltu,2020,100.5519104003906
ltu,2021,99.3955307006836
ltu,2022,100.8149185180664
lux,1971,25.53359985351563
lux,1972,25.07110977172852
lux,1973,23.37088012695313
lux,1974,18.76675987243652
lux,1975,42.6911506652832
lux,1976,43.74079895019531
lux,1977,54.61336898803711
lux,1978,56.617919921875
lux,1979,57.01984024047852
lux,1980,59.78620910644531
lux,1985,27.73179054260254
lux,1987,25.46583938598633
lux,2006,98.00958251953124
lux,2007,94.03350067138672
lux,2008,96.87174224853516
lux,2010,101.5065307617188
lux,2011,100.7820129394531
lux,2012,109.6160125732422
lux,2013,102.8108520507813
lux,2014,100.8452529907227
lux,2015,98.0373764038086
lux,2016,101.3457183837891
lux,2017,98.83952331542967
lux,2018,118.8039932250977
lux,2019,114.7086868286133
lux,2020,103.0402069091797
lux,2021,96.28491973876952
lux,2022,98.79915618896484
lva,2013,103.0896911621094
lva,2014,100.1729202270508
lva,2015,96.15248870849608
lva,2016,96.30864715576172
lva,2017,99.14391326904295
lva,2018,100.1369400024414
lva,2019,96.9608917236328
lva,2020,97.72415161132812
lva,2021,97.74282836914064
lva,2022,95.10015106201172
lva,2023,95.19985198974608
mac,1990,77.2248764038086
mac,1992,85.08123779296875
mac,1993,70.55030059814453
mac,1999,72.64386749267578
mac,2000,75.91278076171875
mac,2001,74.49681091308594
mac,2002,76.03227233886719
mac,2003,82.20903015136719
mac,2004,89.20964813232422
mac,2005,95.8481903076172
mac,2006,95.2072525024414
mac,2007,91.741943359375
mac,2008,84.66060638427734
mac,2009,87.35765838623047
mac,2010,87.39595794677734
mac,2011,89.55365753173828
mac,2012,92.00698089599608
mac,2013,94.30769348144533
mac,2014,102.7600021362305
mac,2015,101.9545516967773
mac,2016,104.9499969482422
mac,2017,99.40000152587892
mac,2018,95.0
mac,2019,81.60870361328125
mac,2020,86.60870361328125
mac,2021,92.54167175292967
mac,2022,88.0
mac,2023,86.21428680419922
mar,1975,8.034270286560059
mar,1976,9.11538028717041
mar,1977,9.985610008239746
mar,1978,11.56593990325928
mar,1979,14.27754974365234
mar,1980,15.57964038848877
mar,1981,16.28709030151367
mar,1983,19.12458038330078
mar,1985,20.07806015014648
mar,1986,22.30640983581543
mar,1987,22.72369956970215
mar,1988,22.68672943115234
mar,1989,26.02141952514648
mar,1990,27.67867088317871
mar,1991,28.60428047180176
mar,1992,26.48646926879883
mar,1993,24.9327392578125
mar,1994,28.66769027709961
mar,1995,28.8476505279541
mar,1997,28.95428085327148
mar,1999,30.18058967590332
mar,2000,31.54421997070313
mar,2001,33.09764862060547
mar,2002,35.59658813476563
mar,2003,37.44435119628906
mar,2004,39.16661071777344
mar,2006,45.4305305480957
mar,2007,50.25609970092773
mar,2008,54.01959991455078
mar,2009,58.36085891723633
mar,2010,58.57857894897461
mar,2011,59.26670074462891
mar,2012,59.31069946289063
mar,2013,61.64241027832031
mar,2014,65.19312286376953
mar,2015,69.44123840332031
mar,2016,67.98555755615234
mar,2017,67.63384246826172
mar,2018,67.78086853027344
mar,2019,66.96733093261719
mar,2020,69.75311279296875
mar,2021,75.61184692382812
mar,2022,76.10655212402344
mar,2023,76.95854187011719
mco,1992,130.3030242919922
mco,2016,156.5789489746094
mco,2024,154.5454559326172
mda,2013,82.59430694580078
mda,2014,100.744873046875
mda,2015,105.1223907470703
mda,2016,100.0727691650391
mda,2017,106.1867523193359
mda,2018,106.6297073364258
mda,2019,108.0115203857422
mda,2020,105.1067962646484
mdg,1971,7.809460163116455
mdg,1972,8.218469619750977
mdg,1974,7.992410182952881
mdg,1975,8.51194953918457
mdg,1985,16.11010932922363
mdg,1988,14.46403026580811
mdg,1989,15.47177028656006
mdg,1990,14.89420986175537
mdg,1991,14.48507022857666
mdg,1994,11.35297012329102
mdg,1996,12.44886016845703
mdg,2000,12.5709400177002
mdg,2001,12.44095993041992
mdg,2002,12.5108699798584
mdg,2003,13.60995006561279
mdg,2004,14.52937984466553
mdg,2005,17.03974914550781
mdg,2006,18.6583309173584
mdg,2007,20.88870048522949
mdg,2008,23.12904930114746
mdg,2009,24.88555908203125
mdg,2010,25.11762709018503
mdg,2011,28.55281264714793
mdg,2012,30.42948372484581
mdg,2013,34.41975021362305
mdg,2014,34.49161332335279
mdg,2015,35.54056612233104
mdg,2016,34.74290200183174
mdg,2017,40.58156316895747
mdg,2018,36.62963080537126
mdg,2019,35.03245561080651
mdg,2020,32.22533165281665
mdg,2021,34.94785084535109
mdg,2022,33.8824755958344
mdg,2023,32.61423769616861
mdg,2024,32.67864247192998
mdv,2005,104.3754577636719
mdv,2006,92.32283020019533
mdv,2007,112.6310424804688
mdv,2008,118.3483810424805
mdv,2010,108.5080886758538
mdv,2011,94.30796884361894
mdv,2012,105.3571428571429
mdv,2013,105.6634826660156
mdv,2014,99.96544574982724
mdv,2015,101.1539848539488
mdv,2016,105.2651372696503
mdv,2017,106.5402526855469
mdv,2018,100.9811616954474
mdv,2019,101.1746280344558
mdv,2022,96.38429752066116
mdv,2023,103.7524053880693
mex,1993,60.90378952026367
mex,1994,61.8385009765625
mex,1995,62.82212829589844
mex,1997,66.40926361083984
mex,2000,69.81877899169922
mex,2002,75.15081024169922
mex,2003,78.03749084472656
mex,2004,80.2853012084961
mex,2005,83.02195739746094
mex,2006,82.9703369140625
mex,2007,84.67546844482422
mex,2008,85.78553771972656
mex,2009,86.8208999633789
mex,2010,87.53965759277344
mex,2011,87.45111083984375
mex,2012,86.81815338134766
mex,2013,88.2385482788086
mex,2014,88.63716888427734
mex,2015,95.07512664794922
mex,2016,98.64362335205078
mex,2017,100.2650375366211
mex,2018,94.4230728149414
mex,2019,93.23116302490234
mex,2020,92.82669830322266
mex,2021,94.04046630859376
mex,2022,94.60862731933594
mhl,1999,111.7154769897461
mhl,2002,116.716423034668
mhl,2007,95.86614227294922
mhl,2008,99.61537933349608
mhl,2009,104.2750930786133
mhl,2011,118.7610626220703
mhl,2018,0.0
mhl,2019,135.0180511474609
mhl,2020,149.6197662353516
mhl,2021,150.1022491455078
mhl,2022,42.35536956787109
mkd,1995,86.2907485961914
mkd,1996,86.64698791503906
mkd,1997,87.33399963378906
mkd,1999,90.33258056640624
mkd,2000,93.0003662109375
mkd,2001,95.5404815673828
mkd,2002,96.31565856933594
mkd,2003,92.1173095703125
mkd,2004,92.30718994140624
mkd,2005,93.63719940185548
mkd,2006,92.91439819335938
mkd,2007,91.50843811035156
mkd,2008,92.95783996582033
mkd,2009,90.45704650878906
mkd,2010,90.89447784423828
mkd,2015,87.4219970703125
mkd,2017,92.44496917724608
mkd,2018,90.9429931640625
mkd,2019,88.21499633789062
mkd,2020,87.20436096191406
mkd,2021,87.57302856445312
mkd,2022,91.86219024658205
mli,1981,3.294519901275635
mli,1982,2.785010099411011
mli,1984,3.082690000534058
mli,1985,2.892910003662109
mli,1987,2.587029933929443
mli,1988,2.574179887771606
mli,2001,9.864879608154297
mli,2002,10.30338954925537
mli,2008,21.77444076538086
mli,2009,24.71776962280273
mli,2010,26.82681083679199
mli,2011,30.47813034057617
mli,2013,24.87021064758301
mli,2014,27.36585998535156
mli,2015,25.23040962219238
mli,2016,23.59126091003418
mli,2017,24.91986083984375
mli,2023,27.23196029663086
mlt,1971,23.64864921569824
mlt,1972,31.19075965881348
mlt,1973,34.49507904052734
mlt,1974,32.02399063110352
mlt,1975,56.46736145019531
mlt,1976,52.88220977783203
mlt,1977,54.2383918762207
mlt,1978,55.18531036376953
mlt,1979,60.92856979370117
mlt,1980,62.59341812133789
mlt,1981,37.80725860595703
mlt,1982,50.52716827392578
mlt,1983,55.34748077392578
mlt,1984,56.90377044677734
mlt,1985,55.58787155151367
mlt,1986,63.01425933837891
mlt,1987,52.33016967773438
mlt,1988,54.68093109130859
mlt,1989,55.98369979858398
mlt,1990,55.74436950683594
mlt,1991,63.98725128173828
mlt,1992,73.18338775634766
mlt,1993,76.83876037597656
mlt,1994,77.46923828125
mlt,1995,78.60797882080078
mlt,1996,103.3680572509766
mlt,1997,86.88076782226562
mlt,1998,89.81144714355469
mlt,1999,95.34963989257812
mlt,2000,95.62982177734376
mlt,2001,96.27465057373048
mlt,2002,95.04293823242188
mlt,2003,99.49127960205078
mlt,2004,93.58746337890624
mlt,2005,96.78089141845705
mlt,2006,100.8657989501953
mlt,2007,98.1614990234375
mlt,2008,97.62963104248048
mlt,2009,92.23674011230467
mlt,2010,102.6167526245117
mlt,2011,104.0399780273438
mlt,2012,104.1629791259766
mlt,2013,101.2053833007813
mlt,2014,99.73345184326172
mlt,2015,98.44766998291016
mlt,2016,98.4748306274414
mlt,2017,99.20819854736328
mlt,2018,98.9680633544922
mlt,2019,99.40886688232422
mlt,2020,98.09384155273438
mlt,2021,98.91998291015624
mlt,2022,97.53424835205078
mlt,2023,96.97962951660156
mmr,1971,11.6994800567627
mmr,1972,10.64653015136719
mmr,1973,12.07767009735107
mmr,1974,11.0589599609375
mmr,1999,32.32559967041016
mmr,2000,36.31565856933594
mmr,2001,35.56998825073242
mmr,2002,36.28234100341797
mmr,2003,39.28791046142578
mmr,2004,39.39656829833984
mmr,2005,40.51446914672852
mmr,2006,43.19372940063477
mmr,2007,42.28451156616211
mmr,2009,46.20576858520508
mmr,2010,48.05926895141602
mmr,2014,56.9969596862793
mmr,2016,65.22176361083984
mmr,2017,74.14675903320312
mmr,2018,78.9039306640625
mne,2011,75.76693725585938
mne,2012,97.14427947998048
mne,2015,91.79122924804688
mne,2016,94.69071197509766
mne,2017,95.18318939208984
mne,2018,94.77890014648438
mne,2019,96.0789794921875
mne,2020,96.29199981689452
mne,2021,96.74445343017578
mne,2022,99.83059692382812
mne,2023,96.8948974609375
mng,1995,73.74446868896484
mng,1996,125.0304870605469
mng,1997,65.48045349121094
mng,1999,62.08975982666016
mng,2000,66.28217315673828
mng,2001,70.08979797363281
mng,2002,81.31394958496094
mng,2003,83.89315032958984
mng,2004,88.60871887207031
mng,2005,95.91580200195312
mng,2006,101.0213088989258
mng,2007,100.9451904296875
mng,2008,97.17201232910156
mng,2009,98.05071258544922
mng,2010,110.1526336669922
mng,2018,105.127840235283
mng,2019,97.32410611303344
mng,2020,93.28600227890264
mng,2021,90.56014915693903
mng,2022,98.57710740424268
mng,2023,98.54636422027652
moz,1983,6.206480026245117
moz,1985,7.36244010925293
moz,1986,7.262030124664307
moz,1990,7.434160232543945
moz,1992,7.537350177764893
moz,1993,7.22691011428833
moz,1994,6.909629821777344
moz,1995,7.18612003326416
moz,1999,2.06397008895874
moz,2000,2.946789979934692
moz,2002,4.310210227966309
moz,2004,6.144320011138916
moz,2005,7.633470058441162
moz,2006,8.486430168151855
moz,2007,10.99314975738525
moz,2008,14.5759801864624
moz,2009,17.08098983764648
moz,2010,18.91699028015137
moz,2011,21.46511077880859
moz,2012,21.34011077880859
moz,2013,22.5430908203125
moz,2014,22.17886924743652
moz,2015,23.02787971496582
moz,2017,24.07312965393066
moz,2019,26.28296089172363
moz,2020,33.6663565447649
moz,2022,41.39468002319336
moz,2023,32.81480488131957
mrt,1978,1.580629944801331
mrt,1979,2.070290088653564
mrt,1980,3.112360000610352
mrt,1981,3.461080074310303
mrt,1989,7.51993989944458
mrt,1991,7.147679805755615
mrt,1992,8.451160430908203
mrt,1993,7.548510074615479
mrt,1994,7.785049915313721
mrt,1995,10.01568031311035
mrt,1999,11.74199962615967
mrt,2001,15.6497802734375
mrt,2002,14.44291973114014
mrt,2003,14.56027030944824
mrt,2004,14.15246963500977
mrt,2005,16.79232978820801
mrt,2006,19.25152015686035
mrt,2007,15.44095993041992
mrt,2009,14.34498023986816
mrt,2012,20.10187911987305
mrt,2014,27.66325950622559
mrt,2015,30.82200050354004
mrt,2016,27.87356948852539
mrt,2017,34.28564834594727
mrt,2018,41.3926887512207
mrt,2019,41.81454086303711
msr,1999,62.22222137451172
msr,2001,129.6296234130859
msr,2004,90.0
msr,2005,117.8571395874023
msr,2006,139.1304321289063
msr,2007,111.538459777832
msr,2009,133.3333282470703
msr,2019,115.625
mus,1973,37.50566864013672
mus,1974,40.13293838500977
mus,1975,40.36138916015625
mus,1976,44.50662994384766
mus,1977,47.49872970581055
mus,1978,52.73781967163086
mus,1979,63.5518798828125
mus,1981,57.10351943969727
mus,1982,58.3588981628418
mus,1991,63.76325988769531
mus,1992,55.5654411315918
mus,1993,59.35649108886719
mus,1994,66.2497787475586
mus,1995,73.85704803466797
mus,1996,71.61589050292969
mus,1997,74.6034927368164
mus,1998,77.47506713867188
mus,1999,75.26892852783203
mus,2000,76.93997192382812
mus,2001,81.50113677978516
mus,2002,79.30890655517578
mus,2003,81.63488006591797
mus,2004,82.05594635009766
mus,2005,85.72760772705078
mus,2006,82.92281341552734
mus,2007,79.91876983642578
mus,2008,86.68186950683594
mus,2009,85.88146209716797
mus,2010,86.23927307128906
mus,2011,85.05874633789062
mus,2012,84.13227081298828
mus,2013,87.76741790771484
mus,2014,88.55870819091797
mus,2015,87.24598693847656
mus,2016,92.51129150390624
mus,2017,85.30986022949219
mus,2018,88.94174194335938
mus,2019,86.35968017578125
mus,2020,95.18169273229071
mus,2021,123.5244064331055
mus,2023,116.4140777587891
mwi,1974,9.384050369262695
mwi,1975,10.58193016052246
mwi,1976,11.33944034576416
mwi,1977,12.70716953277588
mwi,1978,12.55792999267578
mwi,1979,12.14039039611816
mwi,1980,14.63259983062744
mwi,1981,14.31313037872314
mwi,1982,16.51054000854492
mwi,1983,16.93656921386719
mwi,1984,18.2348804473877
mwi,1985,19.06220054626465
mwi,1986,18.30950927734375
mwi,1987,17.45136070251465
mwi,1988,17.63773918151855
mwi,1989,18.38002014160156
mwi,1990,19.0974006652832
mwi,1991,22.1190299987793
mwi,1992,19.11241912841797
mwi,1993,24.88607978820801
mwi,1994,19.24924087524414
mwi,1995,36.18252182006836
mwi,1996,35.58134841918945
mwi,1999,24.7281608581543
mwi,2005,14.59025955200195
mwi,2006,18.79631042480469
mwi,2007,16.03005981445313
mwi,2008,16.87780952453613
mwi,2009,18.34091949462891
mwi,2010,17.00224984660137
mwi,2011,17.67379496852487
mwi,2012,17.91956049088897
mwi,2013,20.86061186394177
mwi,2014,21.42368631027015
mwi,2015,22.02755391201238
mwi,2018,21.06177738249983
mwi,2021,20.41696996995789
mwi,2022,21.75708187815289
mys,1998,98.10854339599608
mys,1999,87.9539794921875
mys,2000,89.39672088623047
mys,2001,86.02584838867188
mys,2002,86.29338836669922
mys,2003,98.70572662353516
mys,2004,92.19252014160156
mys,2005,84.30570220947266
mys,2006,84.99696350097656
mys,2007,85.96337890625
mys,2008,86.32585906982422
mys,2009,86.23863220214844
mys,2010,87.87686920166016
mys,2011,90.39997005371616
mys,2012,90.9956172526005
mys,2013,86.60522995842011
mys,2014,85.72278933571927
mys,2015,87.82003461720791
mys,2016,82.70596134865102
mys,2017,81.19155326825516
mys,2018,77.1363596922543
mys,2019,78.03351706874477
mys,2020,78.92302720292423
mys,2021,82.11892878268299
mys,2022,82.00559462976604
mys,2023,84.3644319135988
nam,1992,50.95100021362305
nam,1998,59.55332183837891
nam,1999,59.65061187744141
nam,2000,57.63454055786133
nam,2005,63.75505065917969
nam,2006,63.83274078369141
nam,2008,59.59355926513672
nam,2009,63.07501983642578
nam,2010,62.27214050292969
nam,2012,65.33070373535156
nam,2013,68.52027130126953
nam,2017,76.28241729736328
nam,2021,98.07841314117464
ncl,1988,48.01876831054688
ncl,1989,53.47510147094727
ncl,1990,52.63708114624023
ner,1971,0.2642399966716766
ner,1972,0.33024001121521
ner,1973,0.56454998254776
ner,1974,0.6999499797821045
ner,1975,0.6798700094223022
ner,1976,0.7854700088500977
ner,1977,1.000859975814819
ner,1978,1.039749979972839
ner,1979,1.412829995155334
ner,1981,2.218319892883301
ner,1989,2.322289943695068
ner,1990,2.847510099411011
ner,1991,2.677069902420044
ner,1992,2.770080089569092
ner,1997,4.469319820404053
ner,2000,3.974040031433105
ner,2001,3.970240116119385
ner,2002,3.630749940872192
ner,2003,3.470740079879761
ner,2004,5.685420036315918
ner,2005,5.948090076446533
ner,2006,6.509479999542236
ner,2007,6.338479995727539
ner,2008,7.329370021820068
ner,2009,7.230140209197998
ner,2010,7.135260105133057
ner,2011,8.185420036315918
ner,2012,9.330730438232422
ner,2013,9.690369606018066
ner,2014,9.80502986907959
ner,2015,12.59323024749756
ner,2016,14.05055999755859
ner,2017,14.93529033660889
ner,2018,16.37158966064453
ner,2019,15.48896026611328
ner,2021,14.8180103302002
ner,2022,14.15697002410889
ner,2023,13.74415016174316
nga,2000,21.76889038085938
nga,2001,24.00336074829102
nga,2003,32.6237907409668
nga,2010,41.10406875610352
nic,1987,27.80912971496582
nic,1988,34.09146881103516
nic,1993,28.27502059936523
nic,1994,30.58473968505859
nic,1995,35.43030166625977
nic,1999,48.77970123291016
nic,2000,49.25522994995117
nic,2001,50.34307861328125
nic,2002,54.09432983398438
nic,2004,59.02507019042969
nic,2005,63.82889175415039
nic,2006,65.6175308227539
nic,2007,66.66105651855469
nic,2008,64.68505859375
nic,2010,69.91130828857422
niu,2015,100.0
niu,2021,83.33332824707031
niu,2022,87.5
nld,1971,53.05730056762695
nld,1972,48.30495071411133
nld,1973,53.13798141479492
nld,1974,56.38056182861328
nld,1975,58.42047119140625
nld,1976,58.6573486328125
nld,1977,60.2618293762207
nld,1978,61.19588851928711
nld,1979,61.81922912597656
nld,1980,63.22526168823242
nld,1981,65.2302474975586
nld,1982,66.12010192871094
nld,1983,65.30364990234375
nld,1984,65.40035247802734
nld,1985,67.26447296142578
nld,1986,68.13835906982422
nld,1987,69.8419418334961
nld,1988,72.30449676513672
nld,1989,71.10650634765625
nld,1990,73.2095718383789
nld,1991,71.3934326171875
nld,1992,70.73712921142578
nld,1999,59.63650894165039
nld,2013,0.0
nld,2014,0.0
nld,2015,0.0
nld,2016,0.0
nld,2017,0.0
nld,2018,0.0
nld,2019,0.0
nor,1998,99.3066635131836
nor,1999,98.6865692138672
nor,2000,99.19994354248048
nor,2001,99.09739685058594
nor,2002,98.97046661376952
nor,2003,98.79582977294922
nor,2004,99.01309967041016
nor,2005,99.25035095214844
nor,2006,98.3894271850586
nor,2007,99.46495056152344
nor,2008,100.2712020874023
nor,2009,100.1235961914063
nor,2010,99.90296173095705
nor,2011,100.0610733032227
nor,2012,100.9532165527344
nor,2013,100.6652603149414
nor,2014,99.645263671875
nor,2015,99.72045135498048
nor,2016,99.27519989013672
nor,2017,99.59435272216795
nor,2018,99.33394622802734
nor,2019,99.34868621826172
nor,2020,99.46903228759766
nor,2021,99.49891662597656
nor,2022,99.51727294921876
nor,2023,99.16027069091795
npl,1992,24.5750904083252
npl,1999,30.0958194732666
npl,2000,33.56723022460938
npl,2001,35.38204956054688
npl,2002,38.50682067871094
npl,2003,39.06280136108398
npl,2008,53.65996932983398
npl,2010,66.8705062866211
npl,2011,69.66732788085938
npl,2012,77.15350341796875
npl,2013,82.50202941894531
npl,2014,87.52704620361328
npl,2015,91.43180084228516
npl,2016,94.64246368408205
npl,2017,98.4963977200027
npl,2019,103.5501174926758
npl,2020,100.8601608276367
npl,2021,96.96064989374102
npl,2022,100.9854366220782
npl,2023,103.6809120844103
npl,2024,102.1937492775402
nru,1998,42.85713958740234
nru,2001,32.17390823364258
nru,2002,32.43243026733398
nru,2012,69.23076629638672
nru,2019,90.90908813476564
nru,2020,105.4545516967773
nru,2022,80.35713958740234
nru,2023,79.16667175292969
omn,1974,0.1477999985218048
omn,1976,0.3485899865627289
omn,1978,0.7903900146484375
omn,1979,1.996670007705688
omn,1983,10.05333995819092
omn,1984,12.33275985717773
omn,1985,14.61666011810303
omn,1986,17.76749038696289
omn,1987,22.3505802154541
omn,1988,22.74884986877441
omn,1989,29.36503028869629
omn,1990,31.16431999206543
omn,1992,52.41447067260742
omn,1994,60.91318130493164
omn,1995,65.31587982177734
omn,1996,69.69111633300781
omn,1997,65.72968292236328
omn,2000,77.26522064208984
omn,2001,80.7332534790039
omn,2002,80.22503662109375
omn,2003,80.79334259033203
omn,2009,109.1843872070313
omn,2011,125.1790008544922
omn,2012,110.1127395629883
omn,2013,104.5806274414063
omn,2014,99.49350738525392
omn,2015,102.0124435424805
omn,2016,98.11231994628906
omn,2017,99.96623992919922
omn,2018,99.18280029296876
omn,2019,97.14012908935548
omn,2020,94.73623657226564
omn,2021,98.87123870849608
omn,2022,89.27049255371094
pak,2004,23.50848960876465
pak,2005,24.00205993652344
pak,2008,29.68614959716797
pak,2009,30.2846794128418
pak,2010,29.81035995483398
pak,2011,29.91927909851074
pak,2012,31.4961109161377
pak,2013,32.68532943725586
pak,2014,34.72317123413086
pak,2015,35.51533126831055
pak,2016,36.69945907592773
pak,2017,37.78215026855469
pak,2018,39.01047897338867
pak,2019,38.94380187988281
pak,2021,41.56349999328574
pak,2022,42.18872924808736
pan,2004,48.02175903320313
pan,2005,50.28989028930664
pan,2006,69.02954864501953
pan,2007,69.69571685791016
pan,2008,70.04479217529297
pan,2009,73.06356811523438
pan,2010,75.10376739501953
pan,2011,76.82684326171875
pan,2012,80.07286834716797
pan,2017,80.77336883544922
pan,2019,74.96028137207031
pan,2020,73.39894104003906
pan,2021,84.69876861572266
pan,2022,82.27324676513672
pan,2023,79.06083679199219
per,1970,25.54361915588379
per,1977,40.98614883422852
per,1978,40.43600082397461
per,1979,49.99446105957031
per,1980,51.80519104003906
per,1981,52.52640914916992
per,1995,64.4395980834961
per,2000,73.58409118652344
per,2001,76.33013916015625
per,2002,79.88771057128906
per,2004,79.10951232910156
per,2005,79.07624053955078
per,2006,83.69338989257812
per,2008,85.07935333251953
per,2009,88.0810775756836
per,2010,89.09644317626953
per,2011,88.29856872558594
per,2012,81.59980773925781
per,2013,90.06494903564453
per,2014,88.69912719726562
per,2015,88.9425277709961
per,2016,90.11888122558594
per,2017,90.07820129394533
per,2018,91.8283233642578
per,2019,92.32736206054688
per,2021,91.66239166259766
per,2022,93.01766967773438
per,2023,98.29924774169922
phl,1998,71.0481185913086
phl,1999,70.37918090820312
phl,2001,69.25334930419922
phl,2002,70.85266876220703
phl,2003,74.56915283203125
phl,2004,85.03759002685547
phl,2005,80.6603775024414
phl,2006,78.12732696533203
phl,2007,71.40167999267578
phl,2008,84.25064849853516
phl,2009,80.23600006103516
phl,2014,81.14244413909258
phl,2017,78.62982387964543
phl,2018,81.0999639386402
phl,2019,83.74824281504031
phl,2020,86.15335027287227
phl,2021,90.48217486756116
phl,2022,99.24928072635797
phl,2023,92.33961411691044
plw,2014,107.2727272727273
plw,2021,105.6910569105691
plw,2022,90.08264462809916
plw,2023,109.1666666666667
png,1998,24.90324020385742
png,2012,56.29233932495117
png,2018,30.88310050964355
pol,1970,0.0
pol,1978,0.0
pol,1988,0.0
pol,2013,96.51885986328124
pol,2014,96.48037719726564
pol,2015,96.09493255615234
pol,2016,95.6548309326172
pol,2017,95.98570251464844
pol,2018,98.6818389892578
pol,2019,101.7203674316406
pol,2022,134.8636169433594
pol,2023,129.0141906738281
pri,2015,91.67494964599608
pri,2023,80.3127212524414
prt,1972,24.00424957275391
prt,1973,28.30256080627441
prt,1974,35.81499099731445
prt,1975,37.57826995849609
prt,1976,42.46395111083984
prt,1977,38.40599060058594
prt,1978,55.67774963378906
prt,1985,40.32574844360352
prt,1986,45.85956954956055
prt,1991,59.90147018432617
prt,2018,96.75285339355467
prt,2019,96.17079925537108
prt,2020,97.96656799316406
prt,2021,100.7529067993164
prt,2022,104.3481903076172
pry,2001,74.82749938964844
pry,2002,74.88964080810547
pry,2003,72.32282257080078
pry,2004,73.88347625732422
pry,2005,93.51110076904295
pry,2007,86.7220230102539
pry,2008,87.60790252685547
pry,2009,76.20468139648438
pry,2010,78.73603057861328
pry,2011,81.49211120605469
pry,2012,84.3436508178711
pry,2016,72.00670623779297
pry,2020,78.28386688232422
pry,2021,75.8946304321289
pry,2022,72.05258178710938
pry,2023,74.92965698242188
pse,1999,64.71759033203125
pse,2000,67.26223754882812
pse,2001,70.79714965820312
pse,2002,71.93058776855469
pse,2003,74.1864013671875
pse,2004,81.0914306640625
pse,2006,85.83019256591797
pse,2007,89.958251953125
pse,2008,88.21595764160156
pse,2009,96.41725158691406
pse,2010,88.61711120605469
pse,2011,92.1054229736328
pse,2012,87.72782897949219
pse,2013,88.96157836914062
pse,2014,86.59934997558594
pse,2015,85.85791778564453
pse,2016,89.44489288330078
pse,2017,87.4608383178711
pse,2018,90.94715881347656
pse,2019,93.3480987548828
pse,2020,93.98674774169922
pse,2021,93.58860778808594
pse,2022,94.62071228027344
pse,2023,93.81385803222656
pyf,1993,70.34684753417969
qat,1971,28.29204940795898
qat,1972,31.86936950683594
qat,1973,35.94058990478516
qat,1974,35.08459091186523
qat,1975,44.77976989746094
qat,1976,52.77360916137695
qat,1977,49.86283111572266
qat,1978,53.03413009643555
qat,1979,58.0531005859375
qat,1980,52.82281112670898
qat,1981,62.33835983276367
qat,1982,61.49036026000977
qat,1983,75.79747009277344
qat,1984,67.92730712890625
qat,1985,74.34304809570312
qat,1986,80.67542266845703
qat,1987,69.67250061035156
qat,1988,73.09168243408203
qat,1989,72.06002044677734
qat,1990,72.91423797607422
qat,1991,80.85661315917969
qat,1992,77.89360046386719
qat,1993,84.91349029541016
qat,1994,81.55017852783203
qat,1995,81.95680236816406
qat,1996,77.55164337158203
qat,2005,91.7331085205078
qat,2006,94.26397705078124
qat,2007,99.64022064208984
qat,2008,97.53527069091795
qat,2009,95.36505126953124
qat,2011,94.25286865234376
qat,2013,97.19754791259766
qat,2014,84.88800811767578
qat,2015,87.56490325927734
qat,2016,97.73976135253906
qat,2017,95.8180694580078
qat,2018,96.83657836914064
qat,2019,98.55841827392578
qat,2020,98.18791198730467
qat,2021,89.77136993408203
qat,2022,94.47544860839844
rou,1993,82.44156646728516
rou,1999,87.00250244140625
rou,2001,88.14697265625
rou,2002,91.27662658691406
rou,2003,90.02600860595703
rou,2004,87.85421752929688
rou,2005,80.38742065429688
rou,2006,79.34233856201172
rou,2007,76.35595703125
rou,2008,84.2638168334961
rou,2009,97.13643646240234
rou,2010,94.98143768310548
rou,2011,111.0610809326172
rou,2012,87.53228759765625
rou,2013,86.02793884277344
rou,2014,87.99463653564453
rou,2015,86.37889099121094
rou,2016,87.6604232788086
rou,2017,84.96617889404297
rou,2018,84.54765319824219
rou,2019,86.65709686279297
rou,2020,84.97261810302734
rou,2021,66.78294372558594
rou,2022,79.12484741210938
rou,2023,78.2147216796875
rus,1994,89.26687622070312
rus,2014,90.61219024658205
rus,2015,90.58521270751952
rus,2016,88.1633529663086
rus,2018,96.09497833251952
rus,2019,96.63311004638672
rwa,1973,1.095849990844727
rwa,1974,0.9118099808692932
rwa,1975,1.046219944953918
rwa,1976,1.067520022392273
rwa,1977,1.069669961929321
rwa,1978,1.10004997253418
rwa,1986,0.5534899830818176
rwa,1987,0.4028500020503998
rwa,2012,39.46580123901367
rwa,2014,39.58470916748047
rwa,2015,38.12065887451172
rwa,2016,38.56969833374023
rwa,2017,40.3342399597168
rwa,2018,38.80924987792969
rwa,2019,44.83037185668945
rwa,2021,45.83560180664063
rwa,2022,42.20679092407227
rwa,2023,35.73849868774414
sau,1979,31.75222969055176
sau,2005,95.09895324707033
sau,2007,99.34703063964844
sau,2008,102.7146530151367
sau,2010,119.5881423950195
sau,2011,122.1103668212891
sau,2016,105.0356369018555
sau,2017,109.9470825195313
sau,2018,105.4049072265625
sau,2019,100.9513473510742
sau,2020,100.0202484130859
sau,2021,101.7312622070313
sau,2022,115.9338989257813
sdn,2010,43.90711975097656
sdn,2013,45.38093948364258
sdn,2014,44.60290145874023
sdn,2015,45.37189102172852
sdn,2016,44.97634124755859
sdn,2018,46.26942825317383
sdn,2019,48.69224166870117
sen,1973,4.988840103149414
sen,1990,8.463419914245605
sen,1992,10.36011028289795
sen,1996,9.054100036621094
sen,1997,9.40680980682373
sen,2000,10.37790012359619
sen,2001,10.44678020477295
sen,2002,11.31569004058838
sen,2003,16.39413070678711
sen,2004,15.29135990142822
sen,2005,17.91315078735352
sen,2006,19.84310913085938
sen,2007,27.69488906860352
sen,2008,23.44062995910645
sen,2009,25.18037986755371
sen,2010,29.26395034790039
sen,2011,31.2207202911377
sen,2012,34.1325798034668
sen,2013,35.97240829467773
sen,2014,41.06483840942383
sen,2015,39.90460968017578
sen,2019,39.17578125
sen,2021,45.24544906616211
sen,2022,43.02896881103516
sen,2023,44.32004165649414
sgp,2016,105.1212387084961
sgp,2017,104.098876953125
sgp,2018,99.1576919555664
sgp,2019,100.1240997314453
sgp,2020,100.6396408081055
sgp,2021,97.31109619140624
sgp,2022,102.0169677734375
slb,1980,4.911429882049561
slb,2000,24.89382934570313
slb,2002,37.91339111328125
slb,2011,64.95489243580846
slb,2012,63.55974219137332
slb,2017,66.33274671720591
slb,2018,67.20295397599895
slb,2019,65.97778351847067
slb,2023,59.87937273823884
sle,1971,2.435930013656616
sle,1972,2.737210035324097
sle,1973,3.073450088500977
sle,1974,3.116899967193604
sle,1978,4.226789951324463
sle,1979,4.698569774627686
sle,2001,17.86352920532227
sle,2011,34.95869827270508
sle,2012,44.54699864382678
sle,2013,44.09464915418818
sle,2015,45.06457564575646
sle,2016,55.65080496643498
sle,2017,50.45285152238876
sle,2018,50.18215142327013
sle,2021,68.04283968352665
slv,1970,14.23192024230957
slv,1971,15.58024978637695
slv,1972,18.74556922912598
slv,1973,22.41724014282227
slv,1974,27.38942909240723
slv,1976,33.80755996704102
slv,1977,34.96852874755859
slv,1981,31.85754013061523
slv,1982,36.14432144165039
slv,1983,38.16965866088867
slv,1984,38.93315887451172
slv,1987,43.18687057495117
slv,1988,42.31887054443359
slv,1989,42.5289192199707
slv,1991,45.11753845214844
slv,1992,45.51744842529297
slv,1993,46.95732879638672
slv,1995,50.15287017822266
slv,1996,49.50492095947266
slv,2001,60.47225952148438
slv,2002,64.890380859375
slv,2003,69.618408203125
slv,2005,74.00891876220703
slv,2006,73.19866180419922
slv,2007,73.75914001464844
slv,2008,72.57273864746094
slv,2009,72.09281921386719
slv,2010,77.82450103759766
slv,2011,79.75160217285156
slv,2012,82.3609390258789
slv,2013,79.90498352050781
slv,2014,78.99433135986328
slv,2015,79.4738998413086
slv,2016,75.73284912109375
slv,2017,74.12413787841797
slv,2018,74.35791778564453
slv,2020,74.3832778930664
slv,2021,76.19554901123047
slv,2022,73.37676239013672
slv,2023,72.34554290771484
smr,2000,94.06780242919922
smr,2004,91.33332824707033
smr,2008,97.91667175292967
smr,2009,91.36691284179688
smr,2010,97.20279693603516
smr,2011,97.36842346191406
smr,2012,93.03797149658205
smr,2018,95.18071746826172
smr,2019,96.12403106689452
smr,2020,98.63945770263672
smr,2021,94.70899200439452
smr,2022,92.78350830078124
smr,2023,94.375
srb,2007,95.95905303955078
srb,2008,96.45890045166016
srb,2009,96.0699462890625
srb,2010,97.43386840820312
srb,2011,100.6904067993164
srb,2012,105.5284271240234
srb,2013,98.75997161865234
srb,2014,96.40699005126952
srb,2015,98.64309692382812
srb,2016,95.88947296142578
srb,2017,94.83241271972656
srb,2018,98.930419921875
srb,2019,97.4052505493164
srb,2020,96.03752136230467
srb,2021,97.72239685058594
srb,2022,97.68831634521484
ssd,2011,14.58230972290039
stp,1977,14.17399978637695
stp,1978,9.451800346374512
stp,1988,11.42856979370117
stp,2003,30.66522026062012
stp,2004,34.9410514831543
stp,2005,36.31550979614258
stp,2007,31.35191917419434
stp,2008,29.98430061340332
stp,2010,28.34844017028809
stp,2011,49.23683166503906
stp,2012,50.07221954742417
stp,2013,85.41275787353516
stp,2014,76.64698028564453
stp,2015,74.97824096679688
stp,2017,80.12898254394531
stp,2018,80.43990573448548
stp,2019,70.57699656094765
sur,1976,27.1417407989502
sur,1977,26.68588066101074
sur,1978,32.80685043334961
sur,1985,27.11500930786133
sur,2007,50.02175903320313
sur,2008,47.22642135620117
sur,2009,49.86207962036133
sur,2010,49.03945159912109
sur,2011,44.44224166870117
sur,2012,47.66949081420898
sur,2013,51.82550048828125
sur,2014,54.76974105834961
sur,2015,56.32162857055664
sur,2016,50.05305862426758
sur,2017,53.84888076782227
sur,2018,52.28089141845703
sur,2019,57.70080947875977
sur,2020,54.57265853881836
sur,2021,53.14672088623047
svk,1993,93.92711639404295
svk,1994,96.28826904296876
svk,1997,95.01596069335938
svk,2004,85.46646881103516
svk,2005,83.774169921875
svk,2006,86.48433685302734
svk,2007,84.39608001708984
svk,2008,83.75626373291016
svk,2009,85.40402221679688
svk,2010,91.23542785644533
svk,2011,89.01837921142578
svk,2012,87.56279754638672
svk,2013,78.94393920898438
svk,2014,85.1835708618164
svk,2015,85.04644775390625
svk,2016,79.20282745361328
svk,2017,83.0882568359375
svk,2018,80.98709106445312
svk,2019,80.72115325927734
svk,2020,74.67317962646484
svk,2021,82.53743743896484
svk,2022,81.2157211303711
svk,2023,84.29437255859375
svn,1999,98.18280029296876
svn,2000,96.06230926513672
svn,2002,100.6929016113281
svn,2003,96.31378173828124
svn,2006,95.81063079833984
svn,2009,98.48623657226564
svn,2010,97.18816375732422
svn,2011,95.56880950927734
svn,2012,96.00261688232422
svn,2013,96.7172622680664
svn,2014,96.53482055664064
svn,2015,96.34239959716795
svn,2016,96.36981964111328
svn,2017,96.10037231445312
svn,2018,97.10848999023438
svn,2019,95.44760894775392
svn,2020,95.49891662597656
svn,2021,97.04911041259766
svn,2022,95.23670196533205
svn,2023,95.04065704345705
swe,2009,99.32642364501952
swe,2010,99.15347290039064
swe,2011,98.44232940673828
swe,2012,100.8660202026367
swe,2013,99.38098907470705
swe,2014,99.45294189453124
swe,2015,99.67623901367188
swe,2016,100.1205291748047
swe,2017,101.4269866943359
swe,2018,100.4518585205078
swe,2019,100.0577011108398
swe,2020,99.87447357177734
swe,2021,100.2066268920898
swe,2022,99.82232666015624
swe,2023,99.68855285644533
swz,1970,12.49289989471436
swz,1971,12.83193969726563
swz,1972,15.10464000701904
swz,1973,18.08473014831543
swz,1974,20.96941947937012
swz,1975,22.90748977661133
swz,1976,24.75639915466309
swz,1977,29.64274024963379
swz,1978,32.8088493347168
swz,1979,32.7440299987793
swz,1980,34.31978988647461
swz,1981,34.3083610534668
swz,1982,36.87245178222656
swz,1983,37.73379898071289
swz,1984,35.02011108398438
swz,1985,33.90861892700195
swz,1986,32.46831130981445
swz,1987,32.31105041503906
swz,1988,31.84726905822754
swz,1989,37.82279968261719
swz,1990,32.59207153320313
swz,1991,36.84463119506836
swz,1992,40.65690994262695
swz,1993,37.67475128173828
swz,1994,38.0017204284668
swz,1995,39.60934066772461
swz,1998,39.11127853393555
swz,1999,33.4196891784668
swz,2000,31.66897964477539
swz,2001,35.83132171630859
swz,2002,33.88846969604492
swz,2003,33.73944091796875
swz,2004,34.8431282043457
swz,2005,38.06713104248047
swz,2006,42.87281036376953
swz,2007,44.74296951293945
swz,2009,46.69903182983398
swz,2010,49.72082901000977
swz,2011,46.04420852661133
swz,2012,50.68225860595703
swz,2013,56.62733840942383
swz,2014,53.17808151245117
swz,2015,48.45220947265625
swz,2016,62.18613815307617
swz,2017,68.78453063964844
swz,2019,73.08200073242188
swz,2023,72.22595977783203
syc,1970,13.71840953826904
syc,1971,8.896209716796875
syc,1972,10.15384960174561
syc,1973,10.91444969177246
syc,1974,27.1186408996582
syc,1977,41.96318817138672
syc,1978,54.14165878295898
syc,1980,111.7365264892578
syc,1981,99.75758361816406
syc,1982,95.81796264648438
syc,1983,99.61881256103516
syc,1988,97.83490753173828
syc,1989,107.9893493652344
syc,1992,98.36511993408205
syc,1993,104.3126678466797
syc,1994,110.0522232055664
syc,1998,116.5477905273438
syc,1999,114.0077819824219
syc,2000,115.5455932617188
syc,2001,114.2222213745117
syc,2002,99.32341003417967
syc,2003,108.2857131958008
syc,2005,110.4619598388672
syc,2007,119.2592620849609
syc,2008,123.8021621704102
syc,2009,122.2591400146484
syc,2010,107.9063034057617
syc,2011,107.7389984130859
syc,2012,118.1500872600349
syc,2013,120.9647521972656
syc,2014,126.0794525146484
syc,2015,112.8086395263672
syc,2016,115.8576126098633
syc,2017,146.3203430175781
syc,2018,125.4766006469727
syc,2019,139.885498046875
syc,2020,154.0724029541016
syc,2021,129.3814392089844
syc,2022,99.87030029296876
syc,2023,91.29412078857422
syr,1971,17.85762023925781
syr,1972,21.25779914855957
syr,1973,21.57839965820313
syr,1974,24.13209915161133
syr,1975,25.56052017211914
syr,1977,28.66794967651367
syr,1978,29.96266937255859
syr,1979,31.68644905090332
syr,1980,34.08634185791016
syr,1981,35.12297821044922
syr,1982,34.05073165893555
syr,1983,35.01493072509766
syr,1984,37.27410888671875
syr,1985,39.91495132446289
syr,1986,43.71232986450195
syr,1987,44.40481948852539
syr,1988,45.23207855224609
syr,1989,44.37314987182617
syr,1990,41.93996810913086
syr,1991,41.01306915283203
syr,1992,43.0806884765625
syr,1993,42.79373931884766
syr,1994,42.79280853271484
syr,1999,46.48054122924805
syr,2000,45.51271820068359
syr,2001,45.3219108581543
syr,2002,46.87680053710938
syr,2003,49.99790954589844
syr,2004,54.03282165527344
syr,2005,57.79888153076172
syr,2006,58.30110168457031
syr,2007,59.98765182495117
syr,2008,63.85746002197266
syr,2009,65.16435241699219
syr,2010,66.85928344726562
syr,2011,67.42723846435547
syr,2012,69.0018310546875
syr,2013,50.01271057128906
syr,2020,45.65731048583984
syr,2021,48.43315887451172
syr,2022,48.17755126953125
syr,2023,46.93941116333008
syr,2024,46.64291000366211
tca,1997,90.90908813476564
tca,2000,76.29630279541016
tca,2001,102.1428604125977
tca,2002,71.33757781982422
tca,2003,75.77639770507812
tca,2004,82.58065032958984
tca,2005,90.32257843017578
tca,2009,91.30435180664064
tca,2014,74.24241638183594
tca,2015,77.99227905273438
tca,2018,113.8576812744141
tca,2021,84.9056625366211
tca,2022,87.5
tcd,1988,1.359910011291504
tcd,1989,1.306949973106384
tcd,1990,1.478539943695068
tcd,1991,1.428850054740906
tcd,1994,2.043420076370239
tcd,1995,2.071290016174316
tcd,1996,2.440579891204834
tcd,2000,3.653650045394897
tcd,2002,4.967259883880615
tcd,2003,4.716760158538818
tcd,2004,4.871900081634521
tcd,2006,5.67641019821167
tcd,2009,9.157659530639648
tcd,2010,9.051959991455078
tcd,2011,9.620149612426758
tcd,2012,8.949319839477539
tcd,2013,10.29426956176758
tcd,2015,8.636509895324707
tcd,2016,8.536919593811035
tcd,2017,9.85756015777588
tcd,2018,10.0567798614502
tcd,2021,13.51663017272949
tgo,1974,2.795010089874268
tgo,1975,3.200030088424683
tgo,1976,3.762720108032227
tgo,1977,4.90024995803833
tgo,1978,6.248129844665527
tgo,1979,7.880370140075684
tgo,1980,8.620260238647461
tgo,1981,8.710029602050781
tgo,1982,8.870240211486816
tgo,1983,7.307499885559082
tgo,1984,5.120800018310547
tgo,1985,4.737249851226807
tgo,1986,4.584660053253174
tgo,1987,4.593009948730469
tgo,1988,4.192359924316406
tgo,1989,4.864459991455078
tgo,1990,5.867030143737793
tgo,1991,5.808730125427246
tgo,1992,5.719560146331787
tgo,1994,6.006849765777588
tgo,1995,8.221349716186523
tgo,1996,7.95904016494751
tgo,1999,11.30272006988525
tgo,2000,13.4458703994751
tgo,2001,16.31804084777832
tgo,2002,18.3001708984375
tgo,2003,20.42444038391113
tgo,2004,22.77113914489746
tgo,2005,25.91678047180176
tgo,2006,26.49279022216797
tgo,2007,21.58982086181641
tgo,2008,23.02206039428711
tgo,2010,23.56896018981934
tgo,2011,27.54142951965332
tgo,2013,28.8075008392334
tgo,2014,28.33807945251465
tgo,2015,31.43814086914063
tgo,2016,33.83712005615234
tgo,2017,38.25679016113281
tgo,2018,40.79257965087891
tgo,2019,44.50106048583984
tgo,2020,46.94694900512695
tgo,2021,51.18928909301758
tgo,2022,58.37316131591797
tgo,2023,53.81423950195313
tha,1975,19.3905200958252
tha,1976,21.6523494720459
tha,1977,23.39508056640625
tha,1978,24.46680068969727
tha,2015,82.89720153808594
tha,2016,87.23359680175781
tha,2017,84.96112060546875
tha,2018,87.40677642822266
tha,2020,93.84689331054688
tjk,2009,76.3963623046875
tjk,2010,81.53048706054688
tjk,2011,84.16461181640625
tjk,2012,78.66130828857422
tjk,2014,83.44740295410156
tjk,2015,86.1706314086914
tjk,2016,89.37637329101562
tjk,2017,83.25537109375
tkl,2000,93.75
tkl,2001,110.0
tkl,2002,110.0
tkl,2003,100.0
tkl,2018,0.0
tkl,2019,64.70587921142578
tkl,2020,62.5
tkl,2023,0.0
tkl,2024,0.0
tkm,2024,0.0
tls,2008,56.88288879394531
tls,2009,75.40350341796875
tls,2010,76.10108303249098
tls,2011,80.04813477737666
tls,2012,75.84256604943053
tls,2013,72.00999118424919
tls,2016,85.29705275763422
tls,2017,91.15982095839917
tls,2018,97.9471951455684
tls,2019,93.5790273556231
tls,2020,92.26706903055452
ton,1982,84.26966094970703
ton,1983,77.28337097167969
ton,1984,105.2471466064453
ton,1985,105.3364334106445
ton,1993,104.6058502197266
ton,1999,84.58960723876953
ton,2001,103.8256225585938
ton,2003,107.2661209106445
ton,2004,70.53980255126953
ton,2020,91.53297682709449
ton,2022,104.9956178790535
ton,2023,101.8197573656846
ton,2024,0.0
tto,1971,38.89287948608398
tto,1972,40.05113983154297
tto,1985,78.89842224121094
tto,1988,80.77055358886719
tto,1993,74.96656036376953
tto,1997,70.94921112060547
tto,1999,74.68726348876953
tto,2001,76.05854797363281
tto,2003,95.81359100341795
tto,2004,83.36170196533203
tto,2005,77.74363708496094
tto,2007,89.43409729003906
tto,2008,89.00428771972656
tto,2009,90.30612182617188
tto,2010,81.35331726074219
tto,2023,81.4870376586914
tun,1979,12.36005020141602
tun,1980,13.63642024993896
tun,1981,14.6731595993042
tun,1982,14.90167999267578
tun,1983,19.48337936401367
tun,1984,24.21620941162109
tun,1985,24.63610076904297
tun,1986,28.06882095336914
tun,1987,28.37227058410645
tun,1988,30.23469924926758
tun,1990,30.10408973693848
tun,1991,40.83295822143555
tun,1992,38.01472854614258
tun,1993,40.84494018554688
tun,1994,44.981689453125
tun,1995,48.20766067504883
tun,1996,50.23735046386719
tun,1997,55.86100006103516
tun,2004,77.48721313476562
tun,2005,75.74453735351562
tun,2006,73.37674713134766
tun,2008,76.7680892944336
tun,2009,86.39604187011719
tun,2010,78.89557647705078
tun,2013,76.76605987548828
tun,2014,77.54617309570312
tun,2015,75.9308090209961
tun,2017,79.64601135253906
tun,2018,82.56511688232422
tun,2021,92.76844787597656
tur,1976,16.62764930725098
tur,1977,17.17943000793457
tur,1982,18.08860015869141
tur,1983,16.92617988586426
tur,1984,19.87507057189941
tur,1986,22.39179992675781
tur,1987,23.48541069030762
tur,1988,23.07526969909668
tur,1989,25.50477981567383
tur,1990,27.06287002563477
tur,1991,30.85560989379883
tur,1992,31.33912086486816
tur,2004,81.76142883300781
tur,2005,85.64366912841797
tur,2006,85.96981811523438
tur,2007,88.56108093261719
tur,2008,89.87848663330078
tur,2009,91.32948303222656
tur,2010,100.1508331298828
tur,2011,93.61814880371094
tur,2012,93.52249145507812
tur,2013,92.50254058837892
tur,2014,96.48551940917967
tur,2015,96.16329956054688
tur,2016,93.23040008544922
tur,2017,97.39730834960938
tur,2018,95.42008972167967
tur,2019,96.23380279541016
tur,2020,131.9057769775391
tur,2021,93.04563903808594
tur,2022,92.36968994140624
tuv,1990,56.14035034179688
tuv,2014,102.8571395874023
tuv,2015,77.45098039215686
tuv,2016,80.20832824707031
tuv,2019,89.88764190673828
tuv,2020,87.64044952392578
tuv,2021,84.78260803222656
tuv,2022,96.62921142578124
tuv,2023,111.9047622680664
tza,2002,5.51471996307373
tza,2003,6.324329853057861
tza,2004,6.441510200500488
tza,2005,7.924260139465332
tza,2008,12.5635404586792
tza,2009,19.62952995300293
tza,2011,37.17456002379212
tza,2012,35.80552961370967
tza,2013,32.38212609860386
tza,2016,30.94948429096299
tza,2017,26.13960929605928
tza,2018,29.08657024354971
tza,2019,33.3711752365119
tza,2020,34.16258277482937
tza,2021,37.63508370821623
tza,2022,39.46241657660428
tza,2023,38.74829425629574
uga,1995,7.474319934844971
uga,2000,13.05887031555176
uga,2001,13.2595100402832
uga,2002,16.58143043518066
uga,2003,16.95726013183594
uga,2004,16.71233940124512
uga,2007,19.86977958679199
uga,2008,21.24776077270508
uga,2009,22.78923988342285
uga,2010,24.76840019226074
uga,2011,23.71487045288086
uga,2012,22.79467010498047
uga,2013,27.05956077575684
uga,2014,27.40759086608887
uga,2015,24.61273286236706
uga,2016,27.21665000915527
uga,2017,25.07498931884766
ukr,1993,95.52046966552734
ukr,1994,91.24098205566406
ukr,1999,98.71613311767578
ukr,2000,96.0417022705078
ukr,2001,94.78302001953124
ukr,2002,98.63368988037108
ukr,2003,101.179573059082
ukr,2004,101.1033325195313
ukr,2005,102.0200119018555
ukr,2006,98.7165985107422
ukr,2007,99.37995147705078
ukr,2008,104.5758972167969
ukr,2009,64.14286804199219
ukr,2010,118.1571502685547
ukr,2011,104.5292510986328
ukr,2012,103.5289916992188
ukr,2013,100.6276321411133
ukr,2014,99.95790863037108
ukr,2015,93.85443878173828
ukr,2016,93.95249938964844
ukr,2017,90.39824676513672
ukr,2018,90.8022003173828
ukr,2019,88.30648803710938
ukr,2020,86.95384979248047
ukr,2021,85.68549346923828
ury,1998,69.533203125
ury,2001,77.80655670166016
ury,2002,81.0549087524414
ury,2003,82.59928894042969
ury,2004,81.93074035644531
ury,2005,80.3510513305664
ury,2006,78.74723815917969
ury,2007,75.71478271484375
ury,2008,79.01313781738281
ury,2009,80.27107238769531
ury,2010,80.10064697265625
ury,2019,99.4064712524414
ury,2021,69.470703125
ury,2022,95.93605041503906
usa,2017,102.7161483764648
usa,2018,106.0515213012695
usa,2019,103.7391891479492
usa,2020,104.1760787963867
usa,2021,107.5495529174805
usa,2022,100.6082382202148
uzb,2001,89.66490173339844
uzb,2002,95.47602081298828
uzb,2003,95.37712097167967
uzb,2004,93.25314331054688
uzb,2005,96.07225036621094
uzb,2006,97.80683135986328
uzb,2007,94.56105041503906
uzb,2008,92.02931213378906
uzb,2009,92.97132873535156
uzb,2010,91.97944397006378
uzb,2011,91.11928022502386
uzb,2012,91.78373875374876
uzb,2013,91.60198068138229
uzb,2014,94.72312255381604
uzb,2015,91.63544072995296
uzb,2016,92.9766273133376
uzb,2017,93.84530250860796
uzb,2018,91.8704516108652
uzb,2019,94.57300526193865
uzb,2020,92.53896515965268
uzb,2021,96.1554639191468
uzb,2022,97.03013467950188
uzb,2023,95.36820752397344
uzb,2024,95.58379325477031
vct,2003,65.56474304199219
vct,2004,86.81732940673828
vct,2005,85.8237533569336
vct,2010,121.7434921264648
vct,2012,102.9094772338867
vct,2013,101.7699127197266
vct,2014,100.2239608764648
vct,2015,109.6551666259766
vct,2016,122.5882352941176
vct,2017,115.9259259259259
vct,2018,110.9660568237305
vct,2023,115.4746423927178
ven,1972,20.84202003479004
ven,1973,30.75186920166016
ven,1974,32.59397125244141
ven,1975,35.20732879638672
ven,1976,36.24314117431641
ven,1977,38.66989135742188
ven,1978,39.6890983581543
ven,1979,40.07318115234375
ven,1980,41.20042037963867
ven,1983,45.1845588684082
ven,1985,49.42655944824219
ven,1986,50.30070877075195
ven,1987,47.99077987670898
ven,1988,46.85519027709961
ven,1989,46.49536895751953
ven,1991,47.4028205871582
ven,1992,48.55630874633789
ven,1993,49.29705810546875
ven,1996,50.95145034790039
ven,1997,53.86328887939453
ven,1999,53.61180877685547
ven,2000,57.45940017700195
ven,2001,60.30099868774414
ven,2002,63.68099975585938
ven,2003,65.63478088378906
ven,2004,69.78186798095703
ven,2005,72.72847747802734
ven,2006,74.57784271240234
ven,2007,79.0152587890625
ven,2008,82.75475311279297
ven,2009,82.73664093017578
ven,2010,81.39524841308594
ven,2011,81.19056701660156
ven,2012,82.51821899414062
ven,2013,83.68782043457031
ven,2014,80.96016693115234
ven,2015,80.91709899902344
ven,2016,78.46721649169922
ven,2017,76.43225860595703
ven,2022,88.08065795898438
ven,2024,86.92363739013672
vgb,1994,107.0422515869141
vgb,2001,92.77108001708984
vgb,2010,93.22917175292967
vgb,2011,94.97486877441406
vgb,2012,100.5050506591797
vgb,2013,75.634521484375
vgb,2014,85.84906005859375
vgb,2015,94.00921630859376
vgb,2017,92.23300933837892
vgb,2018,67.12963104248047
vgb,2019,68.14158630371094
vgb,2020,68.64407348632812
vgb,2021,71.60494232177734
vgb,2024,77.25489807128906
vnm,2001,65.899169921875
vnm,2002,75.16309356689453
vnm,2014,90.99304084905314
vnm,2015,92.31472280050195
vnm,2016,87.12674800790772
vnm,2018,91.27226728265336
vnm,2022,91.4005841827646
vnm,2023,91.94331962333298
vut,1994,47.33795928955078
vut,1998,23.30826950073242
vut,2001,33.08990859985352
vut,2004,39.72314834594727
vut,2006,26.89682960510254
vut,2010,51.33772780147344
vut,2013,56.26496408619314
vut,2019,55.8659217877095
vut,2020,63.05048335123523
vut,2021,67.6592788696289
vut,2022,67.97865243495663
vut,2023,71.2468193384224
wsm,1999,101.0558090209961
wsm,2000,95.36424255371094
wsm,2001,97.03916168212892
wsm,2009,101.4059829711914
wsm,2010,103.9497307001795
wsm,2011,97.89048473967684
wsm,2012,99.27470534904803
wsm,2014,99.48186528497408
wsm,2015,103.5194744251525
wsm,2016,100.6511627906977
wsm,2017,108.3371718102257
wsm,2018,101.8336314847943
wsm,2019,101.1348756001746
wsm,2020,104.6648550724638
wsm,2021,100.08173273396
wsm,2022,97.92429792429792
wsm,2023,95.72317262830482
yem,1999,18.40789031982422
yem,2001,23.44157028198242
yem,2005,25.82028961181641
yem,2010,30.85268020629883
yem,2012,33.83596038818359
yem,2013,34.65036010742188
yem,2016,38.50801086425781
zaf,1991,62.5135383605957
zaf,2000,68.03983306884766
zaf,2002,82.92926025390625
zaf,2003,73.5465316772461
zaf,2004,71.632568359375
zaf,2016,84.18895721435547
zaf,2018,86.89093780517578
zaf,2019,87.22688293457031
zaf,2020,91.62387084960938
zaf,2021,95.1751708984375
zaf,2022,90.2709503173828
zmb,1976,11.21704006195068
zmb,1977,12.27103042602539
zmb,2000,21.70755958557129
zmb,2001,23.59219932556152
zmb,2002,34.95695114135742
zmb,2004,33.07286834716797
zmb,2005,37.60697937011719
zmb,2007,46.51750946044922
zmb,2008,58.70067977905273
zmb,2009,58.03028869628906
zmb,2010,55.41308975219727
zmb,2011,51.49998092651367
zmb,2012,53.38893127441406
zmb,2013,51.04655075073242
zwe,1984,44.34672164916992
zwe,2012,69.07110472881877
zwe,2013,67.5892372076918
zwe,2014,67.01170968241141
zwe,2015,60.51579666066662
zwe,2016,59.01876930387265
zwe,2017,59.49255633435671
zwe,2018,54.21767319550236
zwe,2019,61.62153098012912
zwe,2020,62.33405592294816
zwe,2021,71.05207969241523
zwe,2022,72.29746663603517
zwe,2023,69.2526216111949
