country,year,air_1_glast_f
abw,1999,97.61904907226564
abw,2000,87.10990905761719
abw,2001,100.8810577392578
abw,2002,104.0935668945313
abw,2003,90.20690155029295
abw,2004,91.4094009399414
abw,2005,97.09140777587892
abw,2006,97.60320281982422
abw,2007,106.2586898803711
abw,2008,104.0277786254883
abw,2009,95.40541076660156
abw,2010,98.3717803955078
abw,2013,99.45204925537108
abw,2014,106.0561294555664
abw,2018,106.101188659668
abw,2019,107.0254135131836
abw,2020,99.4091567993164
abw,2021,103.0911865234375
abw,2022,93.40659332275392
afg,1974,4.454520225524902
afg,1977,5.529500007629395
afg,1978,6.325339794158936
afg,1980,8.984919548034668
afg,1981,13.21125030517578
afg,1984,11.74866962432861
afg,1985,11.13362979888916
afg,1993,15.83092021942139
afg,2016,65.97831726074219
afg,2017,69.8172378540039
afg,2018,70.63053131103516
afg,2019,69.6135025024414
ago,2008,37.37834167480469
ago,2009,37.21855926513672
ago,2010,36.91598892211914
ago,2011,36.51438140869141
ago,2021,59.42316818237305
ago,2022,60.54492426788677
aia,1999,100.0
aia,2000,99.1525421142578
aia,2001,96.58119964599608
aia,2002,93.45793914794922
aia,2005,112.0
aia,2006,121.7821807861328
aia,2008,118.0
aia,2009,96.19048309326172
aia,2010,97.24771118164064
aia,2011,91.96428680419922
aia,2019,89.0
alb,1996,89.62174987792969
alb,2003,107.9253768920898
alb,2004,104.7206726074219
alb,2007,108.7185897827148
alb,2008,109.8604736328125
alb,2009,107.6139221191406
alb,2010,101.4887237548828
alb,2011,100.7001419067383
alb,2012,118.6497802734375
alb,2013,87.77232360839844
alb,2014,106.8716888427734
alb,2015,98.1427001953125
alb,2016,99.86972045898438
alb,2017,104.4630737304688
alb,2018,102.0253982543945
alb,2019,94.47618865966795
alb,2020,97.04009246826172
alb,2021,94.84928894042967
alb,2022,97.50276184082033
alb,2023,91.69960021972656
and,2002,94.17178344726564
and,2003,96.57142639160156
and,2004,98.9011001586914
and,2014,64.80000305175781
and,2015,68.96552276611328
and,2016,64.91712951660156
and,2017,66.66667175292969
and,2018,62.88951873779297
and,2019,63.01369857788086
and,2020,60.81081008911133
and,2021,60.51401901245117
and,2023,67.99006652832031
are,1974,34.6615104675293
are,1975,45.8998908996582
are,1976,52.56451034545898
are,1977,59.25725173950195
are,1978,60.90171813964844
are,1979,66.0637435913086
are,1980,70.41593170166016
are,1981,75.28324890136719
are,1982,85.18113708496094
are,1983,87.72676086425781
are,1984,87.7318115234375
are,1985,82.45095825195312
are,1986,86.17359924316406
are,1987,84.54720306396484
are,1988,79.030029296875
are,1989,83.22232818603516
are,1990,89.63265228271484
are,1991,95.71115112304688
are,1992,95.46340942382812
are,1993,94.1176528930664
are,1994,94.82962036132812
are,1995,94.1806869506836
are,1996,90.64109802246094
are,1997,90.88176727294922
are,1998,92.45115661621094
are,1999,99.24944305419922
are,2000,106.5510025024414
are,2001,112.2133712768555
are,2002,107.776969909668
are,2003,95.67386627197266
are,2004,92.11451721191406
are,2005,90.77863311767578
are,2006,88.31291198730469
are,2018,104.9763717651367
are,2019,99.64859771728516
are,2020,101.8876419067383
are,2021,98.93930053710938
are,2022,98.53028106689452
are,2023,100.9227905273438
arg,1970,73.66932678222656
arg,1971,75.2126235961914
arg,1975,81.31481170654297
arg,1976,80.93328857421875
arg,1996,94.20977783203124
arg,1997,94.28929901123048
arg,1998,103.5629425048828
arg,1999,100.7288436889648
arg,2000,100.0066375732422
arg,2001,99.82431793212892
arg,2002,102.5978698730469
arg,2003,100.1725769042969
arg,2004,98.44542694091795
arg,2005,95.48853302001952
arg,2006,96.52674865722656
arg,2007,99.38165283203124
arg,2008,102.9884567260742
arg,2009,103.4678192138672
arg,2010,103.6216201782227
arg,2011,103.7914962768555
arg,2012,104.004997253418
arg,2013,103.4686279296875
arg,2014,105.5707626342773
arg,2015,106.2085189819336
arg,2016,107.8080291748047
arg,2017,102.1695709228516
arg,2018,100.9419326782227
arg,2019,101.0472412109375
arg,2020,101.1355285644531
arg,2021,103.7710723876953
arg,2022,100.946647644043
arm,2002,90.42929840087892
arm,2003,92.83527374267578
arm,2004,106.0244598388672
arm,2005,96.99736785888672
arm,2006,95.7230224609375
arm,2007,103.1942596435547
arm,2008,105.9330368041992
arm,2010,95.41192626953124
arm,2011,95.27921295166016
arm,2012,93.6739501953125
arm,2014,91.7722625732422
arm,2015,91.4511489868164
arm,2016,88.08287048339844
arm,2017,89.10382843017578
arm,2018,86.62930297851562
arm,2019,91.62164306640624
arm,2020,93.75927734375
arm,2021,93.6729736328125
arm,2022,92.083740234375
arm,2023,93.40219116210938
atg,1975,76.60501098632812
atg,1976,76.81970977783203
atg,1992,85.54817199707031
atg,2008,109.864860534668
atg,2009,104.5517196655273
atg,2010,119.0760116577148
atg,2011,114.263801574707
atg,2014,110.200927734375
atg,2015,99.52532196044922
atg,2016,99.6779388083736
atg,2017,106.9805221557617
atg,2018,108.0775375366211
atg,2019,108.4126984126984
atg,2022,104.5602605863192
aut,1971,95.04364013671876
aut,1972,97.1481475830078
aut,1973,96.50691986083984
aut,1998,99.88790893554688
aut,1999,98.92548370361328
aut,2002,99.50287628173828
aut,2004,100.3068923950195
aut,2011,100.4425201416016
aut,2012,96.77530670166016
aut,2013,98.53124237060548
aut,2014,98.09678649902344
aut,2015,98.62798309326172
aut,2016,96.5676727294922
aut,2017,98.88742065429688
aut,2018,98.20957183837892
aut,2019,98.97820281982422
aut,2020,97.44068908691406
aut,2021,100.0796279907227
aut,2022,96.6240692138672
aut,2023,97.89163970947266
aze,2000,85.49742889404297
aze,2001,93.98149871826172
aze,2002,100.9912261962891
aze,2003,90.2480926513672
aze,2004,94.85749816894533
aze,2005,89.61280059814453
aze,2006,90.93142700195312
aze,2007,98.49185180664064
aze,2008,89.7155990600586
aze,2009,91.42843627929688
aze,2010,88.97885131835938
aze,2011,92.18356323242188
aze,2012,91.59458923339844
aze,2013,86.54667663574219
aze,2014,97.61051940917967
aze,2015,101.6183319091797
aze,2016,109.7202072143555
aze,2017,107.6183776855469
aze,2018,100.6412124633789
aze,2019,100.373161315918
aze,2020,99.16851806640624
aze,2021,96.5256805419922
aze,2022,99.01213073730467
aze,2023,95.9460678100586
bdi,1971,2.96301007270813
bdi,1973,6.68080997467041
bdi,1974,7.419620037078857
bdi,1975,7.963029861450195
bdi,1976,7.779379844665527
bdi,1977,7.702690124511719
bdi,1978,7.674399852752686
bdi,1979,7.896850109100342
bdi,1980,7.924160003662109
bdi,1981,7.886449813842773
bdi,1982,9.360589981079102
bdi,1983,12.63105010986328
bdi,1984,17.00927925109863
bdi,1985,17.20046043395996
bdi,1986,19.1792106628418
bdi,1987,18.62685012817383
bdi,1988,26.49353981018066
bdi,1989,24.2224292755127
bdi,1990,30.84285926818848
bdi,1991,38.66806030273438
bdi,1992,38.36563873291016
bdi,1993,41.86846160888672
bdi,2000,22.41389083862305
bdi,2001,22.65254974365234
bdi,2002,22.81196975708008
bdi,2003,25.81163024902344
bdi,2004,26.41571998596191
bdi,2005,30.57694053649902
bdi,2007,43.8521614074707
bdi,2008,38.80295181274414
bdi,2009,46.56225967407227
bdi,2010,51.99087142944336
bdi,2011,57.91854095458984
bdi,2012,64.26998138427734
bdi,2013,72.5312728881836
bdi,2014,71.47711181640625
bdi,2015,64.74749755859375
bdi,2016,66.96177673339844
bdi,2017,65.89280700683594
bdi,2018,59.68199157714844
bdi,2019,56.01741027832031
bdi,2020,51.27402114868164
bel,1974,70.47454071044922
bel,1975,70.33647155761719
bel,1976,70.1945571899414
bel,1977,74.24783325195312
bel,1978,75.56873321533203
bel,1979,71.0655288696289
bel,1980,71.68163299560547
bel,1981,76.72319793701172
bel,1982,79.220947265625
bel,1983,72.95160675048828
bel,1984,77.54488372802734
bel,1985,77.37428283691406
bel,1986,77.69857788085938
bel,1987,78.1922836303711
bel,1988,77.719482421875
bel,1991,79.72368621826172
ben,1971,9.293299674987791
ben,1972,10.98367977142334
ben,1973,11.13574981689453
ben,1974,10.33899021148682
ben,1975,11.93537044525146
ben,1976,13.02818012237549
ben,1977,12.36688995361328
ben,1978,14.20921039581299
ben,1979,15.68883991241455
ben,1980,18.06388092041016
ben,1981,16.79277992248535
ben,1982,19.62125968933105
ben,1983,18.54776954650879
ben,1984,16.78253936767578
ben,1985,18.68203926086426
ben,1986,17.11189079284668
ben,1987,16.49485015869141
ben,1988,15.62510013580322
ben,1989,15.61112976074219
ben,1990,10.76206970214844
ben,1991,12.71479988098145
ben,1992,12.46242046356201
ben,1993,13.55558967590332
ben,1994,14.82894992828369
ben,1995,17.87532997131348
ben,1996,18.65003967285156
ben,1997,20.27449035644531
ben,1998,22.1045093536377
ben,2000,24.05146980285645
ben,2001,27.08464050292969
ben,2002,28.66386032104492
ben,2003,32.99763107299805
ben,2004,38.15274047851563
ben,2008,50.29291915893555
ben,2010,54.81576156616211
ben,2011,60.41033935546875
ben,2012,61.80091094970703
ben,2013,67.44322204589844
ben,2014,69.0889663696289
ben,2015,70.9410629272461
ben,2016,70.62629699707031
ben,2019,56.00868988037109
ben,2020,54.81536102294922
ben,2021,64.43260192871094
ben,2022,59.08013916015625
bfa,1971,4.86152982711792
bfa,1972,4.657120227813721
bfa,1973,4.93572998046875
bfa,1974,5.010690212249756
bfa,1975,5.543280124664307
bfa,1976,5.445469856262207
bfa,1977,6.292270183563232
bfa,1978,6.267739772796631
bfa,1979,6.774849891662598
bfa,1980,6.676249980926514
bfa,1981,7.259469985961914
bfa,1982,7.448040008544922
bfa,1983,8.075860023498535
bfa,1984,9.328310012817385
bfa,1985,9.943129539489746
bfa,1987,11.29605960845947
bfa,1988,12.07371997833252
bfa,1989,11.8491096496582
bfa,1990,13.80984020233154
bfa,1991,14.57048034667969
bfa,1992,20.6872501373291
bfa,1993,18.47599983215332
bfa,1994,19.43141937255859
bfa,1995,14.57256984710693
bfa,1996,17.22530937194824
bfa,1999,17.8688793182373
bfa,2000,19.51308059692383
bfa,2001,20.35164070129395
bfa,2002,21.53988075256348
bfa,2003,23.40872955322266
bfa,2004,24.7827091217041
bfa,2005,26.28214073181152
bfa,2006,27.90982055664063
bfa,2007,29.66559982299805
bfa,2008,33.09318161010742
bfa,2009,38.98466873168945
bfa,2010,42.88277053833008
bfa,2011,49.72550076263153
bfa,2012,54.37466049194336
bfa,2013,60.74906158447266
bfa,2014,61.11651992797852
bfa,2015,61.48701095581055
bfa,2016,62.09804153442383
bfa,2017,64.05956268310547
bfa,2018,65.1968002319336
bfa,2019,64.91803741455078
bfa,2020,66.0041275024414
bfa,2021,68.5676498413086
bfa,2022,63.65473175048828
bfa,2023,57.23344039916992
bgd,1976,27.81867027282715
bgd,1981,20.42513084411621
bgd,2005,66.54015350341797
bgd,2008,57.5501708984375
bgd,2009,62.76668930053711
bgd,2010,64.18485725853023
bgd,2021,114.8569031071813
bgd,2022,106.5177077819974
bgd,2023,107.7911075139679
bgr,1986,98.25623321533205
bgr,1987,100.0475463867188
bgr,1988,102.8462066650391
bgr,1989,104.4432601928711
bgr,1990,101.238639831543
bgr,1991,95.99822235107422
bgr,1992,91.76654052734376
bgr,1993,89.71150207519531
bgr,1994,89.819091796875
bgr,1995,87.96724700927734
bgr,1996,92.40167236328124
bgr,1997,93.95314025878906
bgr,1998,95.69907379150392
bgr,1999,96.30046081542967
bgr,2000,95.52699279785156
bgr,2001,100.3040466308594
bgr,2002,101.527702331543
bgr,2003,101.943962097168
bgr,2004,102.79443359375
bgr,2005,104.7441635131836
bgr,2006,107.5432968139648
bgr,2007,103.9915466308594
bgr,2008,103.2441329956055
bgr,2009,100.9161911010742
bgr,2010,99.53479766845705
bgr,2011,99.28729248046876
bgr,2012,99.03523254394533
bgr,2013,99.85723876953124
bgr,2014,98.85475158691406
bgr,2015,99.2664794921875
bgr,2016,98.52214050292967
bgr,2017,98.70162963867188
bgr,2018,97.39785003662108
bgr,2019,96.77660369873048
bgr,2020,97.91490936279295
bgr,2021,92.74388122558594
bgr,2022,95.41210174560548
bgr,2023,94.20197296142578
bhr,1982,82.00920867919922
bhr,1983,79.61817932128906
bhr,1984,81.3036880493164
bhr,1985,81.78492736816406
bhr,1986,82.66635131835938
bhr,1987,87.10835266113281
bhr,1988,93.32707214355467
bhr,1989,101.2428131103516
bhr,1991,102.4193496704102
bhr,1992,98.03621673583984
bhr,1993,92.17742156982422
bhr,1994,86.09332275390625
bhr,1995,87.60127258300781
bhr,1996,86.01687622070312
bhr,1998,88.53679656982422
bhr,1999,93.28318786621094
bhr,2000,95.4834213256836
bhr,2001,99.27227783203124
bhr,2002,99.89929962158205
bhr,2003,93.47659301757812
bhr,2004,95.1793212890625
bhr,2005,94.19127655029295
bhr,2011,94.31712341308594
bhr,2012,100.6133270263672
bhr,2013,104.051139831543
bhr,2014,102.0880737304688
bhr,2015,99.632080078125
bhr,2016,101.2228088378906
bhr,2017,98.26622772216795
bhr,2018,97.6635513305664
bhr,2019,97.05496978759766
bhr,2022,100.9124908447266
bhr,2023,89.767822265625
bhs,1999,83.17427062988281
bhs,2005,99.01431274414064
bhs,2006,92.40628051757812
bhs,2007,96.06375885009766
bhs,2008,96.86261749267578
bhs,2009,97.77926635742188
bhs,2010,92.69996643066406
bhs,2011,106.2567367553711
bhs,2012,103.7212677001953
bhs,2013,94.47738647460938
bhs,2014,95.54235076904295
bih,2010,73.50347900390625
bih,2011,79.24028015136719
bih,2012,79.27635192871094
bih,2013,76.41854858398438
bih,2014,84.27262115478516
bih,2015,90.73896026611328
bih,2016,91.44693756103516
bih,2017,94.2915496826172
bih,2018,94.56246948242188
bih,2019,100.7378921508789
bih,2020,96.50318908691406
bih,2021,98.5437469482422
bih,2022,101.5501098632813
bih,2023,101.9889831542969
blr,1993,90.67771911621094
blr,1994,94.78845977783205
blr,1995,92.83445739746094
blr,1996,90.0868682861328
blr,1997,93.55404663085938
blr,1999,99.45741271972656
blr,2000,105.1517333984375
blr,2001,110.4590682983398
blr,2002,132.85888671875
blr,2003,105.4555206298828
blr,2004,102.7552032470703
blr,2005,101.2385711669922
blr,2006,102.4043502807617
blr,2007,101.1476364135742
blr,2008,97.7734832763672
blr,2011,103.1808395385742
blr,2012,101.3857421875
blr,2013,100.3082504272461
blr,2014,100.9506683349609
blr,2015,98.34191131591795
blr,2016,99.5005111694336
blr,2017,97.51614379882812
blr,2018,98.23081970214844
blr,2019,102.1958923339844
blr,2020,97.57113647460938
blr,2021,94.99124145507812
blr,2022,93.04419708251952
blr,2023,94.2139892578125
blz,1992,94.26325988769533
blz,1995,92.77020263671876
blz,1996,98.75274658203124
blz,1999,95.66835784912108
blz,2000,94.93753814697266
blz,2001,101.5458908081055
blz,2003,100.4930725097656
blz,2004,100.9500503540039
blz,2005,102.7904205322266
blz,2006,100.8259582519531
blz,2007,106.8109664916992
blz,2008,99.46868133544922
blz,2009,103.2632064819336
blz,2010,98.19843292236328
blz,2011,104.2624588012695
blz,2012,109.6491165161133
blz,2013,103.3454437255859
blz,2014,103.1013793945313
blz,2015,105.3771896362305
blz,2016,106.1470031738281
blz,2017,102.2918930053711
blz,2018,103.9231414794922
blz,2019,102.915771484375
blz,2020,104.8110885620117
blz,2021,114.2145385742188
blz,2022,106.8422622680664
blz,2023,94.84882354736328
bmu,1975,81.32074737548828
bmu,2001,103.3942565917969
bmu,2002,106.982536315918
bmu,2003,104.0201034545898
bmu,2011,97.93509674072266
bmu,2012,89.65516662597656
bmu,2013,103.5190582275391
bol,2010,97.81828308105467
bol,2011,97.7385025024414
bol,2012,98.7406997680664
bol,2013,95.99178314208984
bol,2014,91.86830139160156
bol,2015,89.00408935546875
bol,2016,89.74640655517578
bol,2017,90.79193878173828
bol,2018,93.5634765625
bol,2019,90.85948944091795
bol,2020,92.42285919189452
bol,2022,96.9193115234375
bol,2023,96.31253051757812
bra,1971,83.36625671386719
bra,1972,65.58186340332031
bra,1973,68.4916763305664
bra,1974,70.93656921386719
brb,1999,97.92884063720705
brb,2000,97.06922912597656
brb,2001,104.4717407226563
brb,2002,102.9150238037109
brb,2003,109.1233367919922
brb,2004,101.173957824707
brb,2005,101.1653671264648
brb,2006,98.81623077392578
brb,2007,98.04795837402344
brb,2008,98.79054260253906
brb,2009,99.12664031982422
brb,2010,97.69313049316406
brb,2011,97.21053314208984
brb,2018,88.566650390625
brb,2019,83.84371948242188
brb,2020,93.77454376220705
brb,2021,96.46851348876952
brb,2022,85.27644348144531
brb,2023,93.30877685546876
brn,1972,103.3333282470703
brn,1973,104.6692581176758
brn,1974,114.814811706543
brn,1975,97.68212127685548
brn,1976,112.3422927856445
brn,1977,108.4461288452148
brn,1978,113.9374694824219
brn,1979,106.4267425537109
brn,1980,94.85887145996094
brn,1981,102.2332534790039
brn,1982,86.42926025390625
brn,1983,97.4007568359375
brn,1984,62.73408126831055
brn,1986,150.4727630615234
brn,1997,111.8948822021484
brn,1998,117.164176940918
brn,1999,119.2795181274414
brn,2000,117.7726669311523
brn,2001,119.2728424072266
brn,2002,115.6949310302734
brn,2003,116.8671035766602
brn,2004,115.2085266113281
brn,2005,117.9495391845703
brn,2006,118.6766586303711
brn,2007,121.5451202392578
brn,2008,117.8571395874023
brn,2009,112.5847015380859
brn,2010,106.8821065230401
brn,2011,111.6696588868941
brn,2012,104.7479484173505
brn,2013,105.4925373134328
brn,2014,98.48619768477292
brn,2015,100.8098380323935
brn,2016,103.9251763262803
brn,2017,104.787743376955
brn,2018,107.3927392739274
brn,2019,102.9825162838533
brn,2020,106.363639831543
brn,2021,102.635969302636
brn,2022,107.748830995324
brn,2023,103.4604293495674
btn,1978,4.287899971008301
btn,1979,4.858039855957031
btn,1993,19.54281044006348
btn,1994,23.75682067871094
btn,1998,42.98246002197266
btn,1999,48.07046890258789
btn,2000,49.78863143920898
btn,2001,49.80818176269531
btn,2006,72.91693878173828
btn,2008,85.44165802001953
btn,2009,89.8044662475586
btn,2010,102.9320302087961
btn,2011,100.4590552347105
btn,2012,108.5811510578488
btn,2013,103.4982376098633
btn,2014,104.51171875
btn,2015,101.8903318903319
btn,2016,103.5963973999023
btn,2017,101.056991858306
btn,2018,90.72934973637962
btn,2019,83.26741709765744
btn,2020,91.27548601232812
btn,2021,99.120377911712
btn,2024,94.83233435930666
bwa,1970,45.19604873657227
bwa,1971,52.58686065673828
bwa,1972,60.18349075317383
bwa,1979,82.11065673828125
bwa,1981,97.2253189086914
bwa,1982,100.3156890869141
bwa,1983,90.54075622558594
bwa,1984,90.41265869140624
bwa,1985,99.0865478515625
bwa,1986,108.7630767822266
bwa,1987,109.2180862426758
bwa,1988,103.381477355957
bwa,1989,102.1944808959961
bwa,1990,103.5066375732422
bwa,1991,104.0568313598633
bwa,1992,101.1691436767578
bwa,1993,96.1744384765625
bwa,1994,101.8154525756836
bwa,1995,98.19064331054688
bwa,1996,99.54074096679688
bwa,1998,95.5710220336914
bwa,1999,92.640380859375
bwa,2000,92.15328979492188
bwa,2001,96.13992309570312
bwa,2002,97.90287017822266
bwa,2003,98.72444915771484
bwa,2004,98.66542053222656
bwa,2005,99.57723999023438
bwa,2006,102.1310119628906
bwa,2007,97.6191635131836
bwa,2008,100.9463729858398
bwa,2009,103.8478469848633
bwa,2012,104.4112721879336
bwa,2013,101.0653930933137
bwa,2022,103.523393019226
caf,1971,9.129520416259766
caf,1972,10.70790958404541
caf,1973,12.81429004669189
caf,1974,12.04561042785645
caf,1975,14.28314018249512
caf,1976,15.55961036682129
caf,1978,16.42966079711914
caf,1981,16.31048011779785
caf,1982,16.27104949951172
caf,1983,14.65954971313477
caf,1986,28.24204063415527
caf,1987,21.59959030151367
caf,1988,22.73456954956055
caf,1989,21.01425933837891
caf,1990,20.30971908569336
caf,1991,20.51222038269043
caf,1992,15.78744029998779
caf,2004,15.59547996520996
caf,2005,17.22908973693848
caf,2006,17.77240943908691
caf,2008,23.25131034851074
caf,2009,25.83029937744141
caf,2010,26.78437042236328
caf,2011,28.7747802734375
caf,2012,30.52292060852051
caf,2016,31.16798973083496
can,1998,94.53089141845705
can,1999,97.0298309326172
can,2000,98.2839584350586
che,1977,51.3359489440918
che,1978,59.25807189941406
che,1979,57.48236083984375
che,1980,57.02552032470703
che,1981,54.44239044189453
che,1982,54.26140975952148
che,1983,54.66279983520508
che,1984,53.50701904296875
che,1985,52.78181838989258
che,1986,52.55373001098633
che,1987,51.98794937133789
che,1988,51.85348892211914
che,1989,52.11170959472656
che,1990,51.86228942871094
che,1991,53.15102005004883
che,1992,54.46260070800781
che,1993,57.86568069458008
che,1994,60.56452178955078
che,1996,73.5232162475586
che,1999,96.71488189697266
che,2000,98.77063751220705
che,2001,96.3894500732422
che,2002,97.58953094482422
che,2003,96.7873764038086
che,2004,98.15341186523438
che,2005,96.38204956054688
che,2006,98.15379333496094
che,2007,97.4160614013672
che,2008,98.2243423461914
che,2009,97.92270660400392
che,2010,98.73095703125
che,2011,97.71183013916016
che,2012,97.71231842041016
che,2013,94.7278289794922
che,2014,97.3618392944336
che,2015,97.5486068725586
che,2016,95.21208190917967
che,2017,97.267822265625
che,2018,95.40341949462892
che,2019,94.65081024169922
che,2020,95.24658966064452
che,2021,96.39420318603516
che,2022,95.53803253173828
che,2023,98.6177215576172
chl,1970,80.26203155517578
chl,1971,88.2455062866211
chl,1972,93.09436798095705
chl,1973,95.12590026855467
chl,1974,93.3671875
chl,1975,93.40637969970705
chl,1976,95.14000701904295
chl,1977,91.40892791748048
chl,1983,96.7169189453125
chl,2011,95.18894958496094
chl,2012,97.52182006835938
chl,2013,96.61045837402344
chl,2014,98.1872329711914
chl,2015,97.63349151611328
chl,2016,97.8263931274414
chl,2017,97.52880859375
chl,2018,97.68946838378906
chl,2019,96.95401000976564
chl,2020,97.54086303710938
chl,2021,97.72306060791016
chl,2022,98.81352996826172
chl,2023,99.19593811035156
chn,1996,90.42194366455078
chn,1997,91.73188018798828
chn,2006,92.24787139892578
chn,2007,96.06227111816406
chn,2008,104.3201904296875
chn,2009,105.0166702270508
chn,2010,103.9389419555664
civ,1973,21.03387069702148
civ,1974,21.50238990783691
civ,1976,27.93291091918945
civ,1977,30.58163070678711
civ,1978,31.9819393157959
civ,1979,33.05257034301758
civ,1980,35.41954040527344
civ,1981,38.80749893188477
civ,1983,37.06663131713867
civ,1984,35.80830001831055
civ,1985,32.28390121459961
civ,1986,31.37562942504883
civ,1987,32.05257034301758
civ,1988,31.59956932067871
civ,1989,31.18004989624023
civ,1990,29.71561050415039
civ,1991,31.06434059143066
civ,1992,28.94885063171387
civ,1993,29.77474021911621
civ,1994,30.27166938781738
civ,1995,28.87323951721191
civ,1996,29.33390998840332
civ,1997,27.26465034484863
civ,1998,28.26482963562012
civ,2000,29.1281795501709
civ,2001,33.83219146728516
civ,2006,29.25754928588867
civ,2007,32.03384017944336
civ,2009,34.0590705871582
civ,2011,44.93494033813477
civ,2012,46.03702926635742
civ,2013,48.35419082641602
civ,2014,51.32046127319336
civ,2015,56.58531951904297
civ,2016,60.07569885253906
civ,2017,63.95978927612305
civ,2018,65.1729965209961
civ,2019,68.42974853515625
civ,2020,70.5036392211914
civ,2021,69.03929138183594
civ,2022,65.66043090820312
civ,2023,77.654541015625
cmr,1973,38.28290939331055
cmr,1974,38.73443984985352
cmr,1975,41.22365951538086
cmr,1976,43.36877059936523
cmr,1977,44.76576995849609
cmr,1978,54.65684127807617
cmr,1979,46.29301834106445
cmr,1980,45.45880126953125
cmr,1981,45.46514892578125
cmr,1982,44.91352081298828
cmr,1983,45.42343139648438
cmr,1984,47.19485855102539
cmr,1985,48.76058959960938
cmr,1986,49.18820953369141
cmr,1987,50.97264862060547
cmr,1988,49.76689910888672
cmr,1990,54.58351898193359
cmr,1991,51.37351989746094
cmr,1999,45.69689178466797
cmr,2000,47.74626159667969
cmr,2003,53.54534149169922
cmr,2004,54.83752822875977
cmr,2006,48.0971794128418
cmr,2007,50.51704025268555
cmr,2008,66.14940643310547
cmr,2009,65.77239990234375
cmr,2010,67.43009948730469
cmr,2011,66.3575210571289
cmr,2012,70.55368041992188
cmr,2014,70.06684112548828
cmr,2015,71.37153625488281
cmr,2016,70.06108093261719
cmr,2017,64.9010009765625
cmr,2018,61.42417144775391
cmr,2019,62.55926132202148
cmr,2020,63.51196157750405
cmr,2021,65.83814239501953
cmr,2022,67.16026306152344
cmr,2023,69.2579116821289
cod,1971,21.37228012084961
cod,1972,23.19626998901367
cod,1976,34.24874877929688
cod,1977,37.56668853759766
cod,1978,40.81425094604492
cod,1980,42.20647048950195
cod,1981,45.21921157836914
cod,1982,46.68975067138672
cod,1983,50.10036087036133
cod,1984,53.82318115234375
cod,1988,35.38940048217773
cod,1991,37.69636154174805
cod,1992,34.90269088745117
cod,1993,43.90896987915039
cod,1994,36.32662963867188
cod,1999,30.17740058898926
cod,2002,31.64411926269531
cod,2007,38.77326965332031
cod,2008,43.43946838378906
cod,2009,46.51247024536133
cod,2010,50.12923812866211
cod,2011,49.88994979858398
cod,2012,54.8697509765625
cod,2013,57.14643096923828
cod,2014,56.88649005184223
cod,2015,65.51255798339844
cod,2020,72.9207992553711
cod,2021,77.52880096435547
cod,2023,72.91844940185547
cog,1972,45.12936019897461
cog,1973,53.46134948730469
cog,1974,43.56864166259766
cog,1975,52.63914108276367
cog,1976,56.51467132568359
cog,1977,58.79159164428711
cog,1978,60.25669097900391
cog,1979,66.67674255371094
cog,1980,68.78865814208984
cog,1981,69.56645202636719
cog,1982,70.14549255371094
cog,1983,68.64945983886719
cog,1984,70.94901275634766
cog,1985,71.09113311767578
cog,1986,72.54866027832031
cog,1987,73.28852844238281
cog,1988,73.21514129638672
cog,1989,67.50847625732422
cog,1990,59.83890914916992
cog,1991,51.6497917175293
cog,1992,63.84920883178711
cog,1993,63.5949592590332
cog,1994,54.18185043334961
cog,1996,48.61614990234375
cog,1999,30.93226051330566
cog,2001,54.111328125
cog,2002,56.01314163208008
cog,2003,51.75497055053711
cog,2004,73.16394805908203
cog,2005,64.41986083984375
cog,2006,68.87384796142578
cog,2007,68.90058135986328
cog,2008,64.81419372558594
cog,2009,64.14032745361328
cog,2010,65.78352355957031
cog,2011,74.444091796875
cog,2012,76.91665649414062
cog,2015,74.19266181118593
cog,2018,66.09867790473002
cog,2023,71.02584075927734
cok,1998,110.2702713012695
cok,1999,96.61016845703124
cok,2010,98.56114959716795
cok,2011,100.6993026733398
cok,2012,100.6896591186523
cok,2013,100.6944427490234
cok,2014,102.7210922241211
cok,2015,95.80419921875
cok,2016,104.2553176879883
cok,2017,109.2857131958008
cok,2018,117.2661895751953
cok,2019,102.7777786254883
cok,2020,119.2857131958008
cok,2021,102.1897811889648
cok,2022,119.0839691162109
cok,2023,109.523811340332
col,1970,37.46667861938477
col,1971,56.13602066040039
col,1972,57.44300079345703
col,1973,61.22850036621094
col,1974,62.43185043334961
col,1982,76.22216033935547
col,1983,79.19181060791016
col,1984,79.35926818847656
col,1985,74.86839294433594
col,1986,73.5500717163086
col,1987,77.88156127929688
col,1988,77.44097900390625
col,1989,77.72550201416016
col,1990,90.41287231445312
col,1991,79.86492919921875
col,1992,91.60314178466795
col,1993,89.03204345703125
col,1994,87.67931365966797
col,1995,92.9843292236328
col,1996,94.87774658203124
col,1998,100.6710891723633
col,1999,102.200309753418
col,2000,101.6422576904297
col,2002,98.61879730224608
col,2004,105.7508087158203
col,2005,108.8201675415039
col,2006,114.7026977539063
col,2007,116.7642593383789
col,2008,116.2831573486328
col,2009,121.8910903930664
col,2010,121.2884063720703
col,2011,118.8166809082031
col,2012,113.0773162841797
col,2013,102.9589614868164
col,2014,102.17431640625
col,2015,101.9691009521484
col,2016,102.69677734375
col,2017,106.4834594726563
col,2018,105.1900634765625
col,2019,103.1868591308594
col,2020,99.61083984375
col,2021,98.27411651611328
col,2022,96.7505111694336
com,1986,47.63198852539063
com,1987,41.94281005859375
com,1992,37.45108032226563
com,1999,41.66772842407227
com,2002,50.78734970092773
com,2003,50.80749130249023
com,2004,56.66080856323242
com,2007,56.43133926391602
com,2008,59.228271484375
com,2013,79.33716200047857
com,2014,85.39461020211742
com,2016,74.95592901633565
com,2017,83.39084426040948
cpv,1974,13.47189998626709
cpv,1975,15.42187023162842
cpv,1977,16.74350929260254
cpv,1978,14.20454978942871
cpv,1979,15.05426025390625
cpv,1980,14.3817195892334
cpv,1981,23.54508972167969
cpv,1982,21.90138053894043
cpv,1983,17.73870086669922
cpv,1984,26.76306915283203
cpv,1985,26.90084075927734
cpv,1986,31.10717010498047
cpv,1987,34.69116973876953
cpv,1988,39.76647186279297
cpv,1990,50.89382171630859
cpv,1994,66.5506591796875
cpv,1998,97.98647308349608
cpv,2000,104.6544876098633
cpv,2001,98.29598999023438
cpv,2002,99.10108947753906
cpv,2003,101.3089370727539
cpv,2004,97.28663635253906
cpv,2005,85.75051879882812
cpv,2006,97.6194305419922
cpv,2007,92.48979949951172
cpv,2008,100.6275405883789
cpv,2009,95.23809814453124
cpv,2010,97.10196685791016
cpv,2011,94.71671295166016
cpv,2012,97.87316131591795
cpv,2013,97.2057876586914
cpv,2014,100.356689453125
cpv,2015,104.3195571899414
cpv,2016,97.68991088867188
cpv,2017,92.92784118652344
cpv,2018,93.35671997070312
cpv,2019,103.4078979492188
cpv,2020,95.18377685546876
cpv,2021,95.70887756347656
cri,1970,76.23049926757812
cri,1971,77.2618179321289
cri,1972,87.10099792480469
cri,1973,90.66072845458984
cri,1974,89.56413269042969
cri,1975,89.58702850341797
cri,1976,84.21833038330078
cri,1977,92.05973815917967
cri,1978,89.41488647460938
cri,1979,85.96528625488281
cri,1980,87.6204833984375
cri,1981,88.9764633178711
cri,1982,88.71244049072266
cri,1985,77.61344146728516
cri,1986,78.21810150146484
cri,1987,75.89765930175781
cri,1988,76.63572692871094
cri,1989,76.28751373291016
cri,1991,79.81658935546875
cri,1992,82.44986724853516
cri,1993,83.94210052490234
cri,1994,82.8509521484375
cri,1995,81.42195892333984
cri,1996,83.93692016601562
cri,1999,86.51801300048828
cri,2000,85.82566833496094
cri,2001,88.58283233642578
cri,2002,92.39325714111328
cri,2004,90.66535949707033
cri,2005,91.24037170410156
cri,2006,85.09626007080078
cri,2007,91.41391754150392
cri,2008,91.01048278808594
cri,2009,95.4175262451172
cri,2010,95.58187103271484
cri,2011,98.57720947265624
cri,2012,94.10433197021484
cri,2013,95.50507354736328
cri,2014,91.3914794921875
cri,2015,92.85427856445312
cri,2016,92.6009521484375
cri,2017,91.52391052246094
cri,2018,91.32769775390624
cri,2019,93.52613067626952
cri,2020,98.72899627685548
cri,2021,100.0800018310547
cri,2022,92.38089752197266
cri,2023,101.2394714355469
cub,1971,63.20066070556641
cub,1972,60.47740936279297
cub,1999,99.03900146484376
cub,2000,98.68489837646484
cub,2001,96.95657348632812
cub,2002,99.91757202148438
cub,2003,97.02764129638672
cub,2004,95.71485137939452
cub,2005,96.4627685546875
cub,2006,96.30271911621094
cub,2007,97.75128173828124
cub,2008,92.51361846923828
cub,2009,97.77130126953124
cub,2010,96.23594665527344
cub,2011,95.1772689819336
cub,2012,92.2464599609375
cub,2013,91.60221862792967
cub,2014,96.29029083251952
cub,2015,95.95609283447266
cub,2016,95.18160247802734
cub,2017,95.98844909667967
cub,2018,91.35693359375
cub,2019,91.3068389892578
cub,2020,94.95391845703124
cub,2021,97.43302154541016
cub,2022,93.74706268310548
cub,2023,93.7265625
cym,1999,107.4418563842773
cym,2000,103.862663269043
cym,2001,98.4375
cym,2002,109.0225601196289
cym,2004,92.55319213867188
cym,2005,103.9145889282227
cym,2006,88.7272720336914
cym,2007,111.5523529052734
cym,2008,93.23842620849608
cym,2011,106.4102630615234
cym,2012,105.4878005981445
cym,2013,101.6128997802734
cym,2018,96.44808959960938
cym,2019,82.03752899169922
cym,2021,96.89922332763672
cym,2022,93.48957824707033
cym,2023,103.4210510253906
cyp,2000,97.27323150634766
cyp,2001,98.57837677001952
cyp,2002,100.9027633666992
cyp,2003,102.7524719238281
cyp,2004,86.37943267822266
cyp,2005,98.52995300292967
cyp,2006,99.53201293945312
cyp,2007,98.10314178466795
cyp,2008,97.71961212158205
cyp,2009,99.85774993896484
cyp,2010,100.8589172363281
cyp,2011,101.5515670776367
cyp,2012,99.69033050537108
cyp,2013,97.85682678222656
cyp,2014,100.0972137451172
cyp,2015,97.79705047607422
cyp,2016,98.93182373046876
cyp,2017,101.156867980957
cyp,2018,101.8606796264648
cyp,2019,102.1251983642578
cyp,2020,99.40184020996094
cyp,2021,100.7490615844727
cyp,2022,100.1432418823242
cze,1993,97.40657043457033
cze,1994,100.881462097168
cze,1996,107.2775421142578
cze,1999,99.43607330322266
cze,2000,101.9009094238281
cze,2001,97.82536315917967
cze,2002,102.5325775146484
cze,2003,100.5804672241211
cze,2004,100.1448364257813
cze,2005,106.7384490966797
cze,2006,104.3170623779297
cze,2007,105.0840530395508
cze,2008,101.0491104125977
cze,2009,100.7894668579102
cze,2010,101.8599395751953
cze,2011,100.8088531494141
cze,2012,98.97106170654295
cze,2013,99.25843048095705
cze,2014,99.55545806884766
cze,2015,97.42697143554688
cze,2016,97.97286987304688
cze,2017,97.31559753417967
cze,2018,93.38730621337892
cze,2019,96.514892578125
cze,2020,96.58863067626952
cze,2021,101.592529296875
cze,2022,102.676872253418
deu,1993,100.5395126342773
deu,1994,99.09488677978516
deu,1995,99.40682983398438
deu,1996,97.18083953857422
deu,1997,98.07913208007812
deu,1999,100.9381103515625
deu,2000,99.05393981933594
deu,2001,107.0272903442383
deu,2002,103.3883666992188
deu,2003,102.0694885253906
deu,2004,102.8371276855469
deu,2005,101.0421371459961
deu,2006,99.68686676025392
deu,2007,102.2233428955078
deu,2008,102.8039474487305
deu,2009,104.0055618286133
deu,2010,101.1337280273438
deu,2011,103.6364364624023
deu,2012,102.0554504394531
deu,2013,101.8032073974609
deu,2014,99.2480010986328
deu,2015,101.8701095581055
deu,2016,100.0956878662109
deu,2017,97.649169921875
deu,2018,98.74008178710938
deu,2019,99.93087768554688
deu,2020,98.48719024658205
deu,2021,101.0210113525391
deu,2022,98.00009918212892
deu,2023,96.85018920898438
dma,1988,134.2935485839844
dma,1999,118.6980590820313
dma,2000,109.8150787353516
dma,2001,112.3563232421875
dma,2002,104.6511611938477
dma,2003,98.98551177978516
dma,2004,105.9163131713867
dma,2005,110.4651184082031
dma,2006,98.37996673583984
dma,2007,100.7633590698242
dma,2008,96.9697036743164
dma,2009,90.28475952148438
dma,2010,87.36842346191406
dma,2011,99.14675903320312
dma,2012,94.807373046875
dma,2013,93.99292755126952
dma,2014,94.3859634399414
dma,2015,101.6885604858398
dma,2016,102.6565475463867
dma,2019,96.0
dma,2020,0.0
dma,2021,91.96617126464844
dma,2022,94.93087768554688
dma,2023,94.96402740478516
dnk,1971,99.06295776367188
dnk,1972,94.54988098144533
dnk,1973,97.7426986694336
dnk,1974,96.50260162353516
dnk,1981,98.62071228027344
dnk,1982,99.67820739746094
dnk,1983,99.89315795898438
dnk,1984,98.95194244384766
dnk,1985,99.50589752197266
dnk,1986,99.086181640625
dnk,1987,98.59166717529295
dnk,1988,98.16015625
dnk,1989,99.91558837890624
dnk,1990,99.88230895996094
dnk,1991,98.78743743896484
dnk,1992,98.38140106201172
dnk,1993,99.56453704833984
dnk,1994,100.573860168457
dnk,1998,99.57314300537108
dnk,1999,99.50800323486328
dnk,2000,100.0
dnk,2001,99.47544097900392
dnk,2002,102.6814804077148
dnk,2004,100.0641479492188
dnk,2005,98.8537368774414
dnk,2006,103.7313003540039
dnk,2007,100.0
dnk,2008,99.55528259277344
dnk,2009,98.78327178955078
dnk,2010,99.54801940917967
dnk,2011,101.0717391967773
dnk,2012,99.76690673828124
dnk,2013,99.30211639404295
dnk,2014,100.181266784668
dnk,2015,99.76461791992188
dnk,2016,100.8933181762695
dnk,2017,101.1025924682617
dnk,2018,99.6264190673828
dnk,2019,100.5293121337891
dnk,2020,99.65747833251952
dnk,2021,99.5444564819336
dnk,2022,99.57296752929688
dnk,2023,99.2147216796875
dom,1971,35.9892692565918
dom,1999,76.12132263183594
dom,2000,82.58049774169922
dom,2002,95.90251159667967
dom,2004,90.4875030517578
dom,2006,89.33769226074219
dom,2007,95.24304962158205
dom,2009,93.82454681396484
dom,2010,92.16488647460938
dom,2011,94.00673675537108
dom,2012,94.57364654541016
dom,2013,94.8155517578125
dom,2014,94.84764099121094
dom,2015,97.91731262207033
dom,2016,96.9923095703125
dom,2017,95.02313232421876
dom,2018,93.24401092529295
dom,2019,93.3884735107422
dom,2020,96.90383911132812
dom,2021,88.98847198486328
dom,2022,90.12213134765624
dom,2023,92.36109924316406
dza,1972,30.81620979309082
dza,1973,32.14585876464844
dza,1974,33.25701141357422
dza,1975,39.1967887878418
dza,1976,46.305419921875
dza,1977,49.26456832885742
dza,1978,51.40988922119141
dza,1979,52.0223388671875
dza,1980,52.97969055175781
dza,1981,55.61040115356445
dza,1982,59.30147933959961
dza,1983,61.6756706237793
dza,1984,65.00344848632812
dza,1985,76.23143768310547
dza,1986,64.53108215332031
dza,1987,68.03688049316406
dza,1988,72.27999114990234
dza,1989,75.02469635009766
dza,1990,73.88426971435547
dza,1991,74.0498275756836
dza,1992,76.2613296508789
dza,1993,75.19242858886719
dza,1994,74.50920867919922
dza,1995,76.4925537109375
dza,1996,80.21707153320312
dza,1997,82.16111755371094
dza,1999,83.72467041015625
dza,2000,83.02941131591797
dza,2001,90.35018157958984
dza,2002,93.38391876220705
dza,2003,95.82872772216795
dza,2004,98.79808807373048
dza,2005,100.3195266723633
dza,2006,88.6563491821289
dza,2007,100.1396789550781
dza,2008,110.8741683959961
dza,2009,99.18997955322266
dza,2010,98.29105377197266
dza,2011,96.682373046875
dza,2012,98.90973663330078
dza,2013,103.0107574462891
dza,2014,102.8663177490234
dza,2015,98.68907165527344
dza,2016,100.2973937988281
dza,2017,101.2414016723633
dza,2018,101.6729125976563
dza,2019,98.00969696044922
dza,2020,100.6193008422852
dza,2021,98.14642333984376
dza,2022,95.24204254150392
dza,2023,98.50547027587892
dza,2024,99.9120635986328
ecu,1971,52.02909851074219
ecu,1972,52.23326873779297
ecu,1973,55.73191070556641
ecu,1974,57.65467834472656
ecu,1975,61.4516716003418
ecu,1976,65.64729309082031
ecu,1977,67.54656982421875
ecu,1978,67.06228637695312
ecu,1979,69.96568298339844
ecu,1980,72.92613983154297
ecu,1987,87.04411315917969
ecu,1988,90.17330932617188
ecu,1994,90.69725036621094
ecu,1995,88.72315216064453
ecu,1996,87.97393798828125
ecu,1997,92.32943725585938
ecu,1999,96.6735610961914
ecu,2000,94.67117309570312
ecu,2001,95.01358795166016
ecu,2002,93.88477325439452
ecu,2003,93.3007583618164
ecu,2004,92.94918060302734
ecu,2005,97.22618865966795
ecu,2006,96.75
ecu,2007,97.45519256591795
ecu,2009,97.35572052001952
ecu,2010,102.589241027832
ecu,2011,106.1472473144531
ecu,2012,106.0381774902344
ecu,2013,104.8177185058594
ecu,2014,106.4160308837891
ecu,2015,99.74707794189452
ecu,2016,97.23394012451172
ecu,2017,99.73966217041016
ecu,2018,99.06268310546876
ecu,2019,96.39037322998048
ecu,2020,95.78063201904295
ecu,2021,94.70496368408205
ecu,2022,100.7472305297852
ecu,2023,101.4549102783203
egy,1971,41.2929801940918
egy,1972,38.84592819213867
egy,1973,41.41302871704102
egy,1974,43.84035110473633
egy,1975,45.62612915039063
egy,1976,47.30081176757813
egy,1977,47.93740081787109
egy,1978,37.51670074462891
egy,1979,24.1261100769043
egy,1980,37.38177871704102
egy,1981,44.49956893920898
egy,1986,59.95764923095703
egy,1997,79.6188735961914
egy,1999,85.70658874511719
egy,2000,84.55609893798828
egy,2001,82.64885711669922
egy,2002,83.17135620117188
egy,2003,82.30709838867188
egy,2004,83.84207153320312
egy,2005,83.26994323730469
egy,2006,81.30081176757812
egy,2007,84.69589233398438
egy,2009,85.69703674316406
egy,2010,86.33537292480469
egy,2013,88.851806640625
egy,2016,84.1244125366211
egy,2017,83.38968658447266
egy,2018,86.72888946533203
egy,2019,88.88796997070312
egy,2020,92.14276885986328
egy,2021,92.40493011474608
egy,2023,94.24832916259766
eri,1994,30.42160034179688
eri,1995,38.44601058959961
eri,1996,47.77922058105469
eri,1997,51.28524017333984
eri,1999,50.36521911621094
eri,2000,54.91133117675781
eri,2001,56.61679077148438
eri,2002,51.0017204284668
eri,2003,54.75450897216797
eri,2004,58.19755935668945
eri,2005,74.01119995117188
eri,2006,66.50282287597656
eri,2007,65.9779281616211
eri,2008,59.63211822509766
eri,2009,64.42350006103516
eri,2010,56.06351089477539
eri,2011,55.32677841186523
eri,2012,52.20151138305664
eri,2013,52.04470825195313
eri,2014,56.00532163886768
eri,2015,56.74322128295898
eri,2017,63.89435958862305
eri,2018,62.66384887695313
eri,2019,58.87327849154266
eri,2022,55.75025177001953
esp,1981,100.8221588134766
esp,1982,100.2826385498047
esp,1983,99.97273254394533
esp,1984,104.1737365722656
esp,1985,104.173713684082
esp,1986,103.5227813720703
esp,1987,103.3070297241211
esp,1988,107.8008804321289
esp,1989,104.9429016113281
esp,1990,104.8205337524414
esp,1993,105.490348815918
esp,1994,105.9122619628906
esp,2004,100.5344085693359
esp,2006,99.89315032958984
esp,2007,99.83841705322266
esp,2008,99.15637969970705
esp,2009,98.57272338867188
esp,2010,99.07923889160156
esp,2011,96.6780014038086
esp,2012,97.06316375732422
esp,2013,96.81195831298828
esp,2014,96.87605285644533
esp,2015,96.46971130371094
esp,2016,95.5961685180664
esp,2017,97.55272674560548
esp,2018,96.63153076171876
esp,2019,97.79747009277344
esp,2020,96.99144744873048
esp,2021,99.06732940673828
esp,2022,98.2071533203125
esp,2023,99.33303833007812
est,1995,80.12522888183594
est,1996,87.6338119506836
est,1998,89.70349884033203
est,1999,95.40585327148438
est,2000,99.06954193115234
est,2001,102.1890106201172
est,2002,102.2529602050781
est,2003,104.1063766479492
est,2004,106.0190734863281
est,2005,102.5092697143555
est,2006,102.4782562255859
est,2007,101.3373870849609
est,2008,101.9488830566406
est,2009,100.1298675537109
est,2010,100.5043487548828
est,2011,100.1788864135742
est,2012,98.03410339355467
est,2013,97.97319793701172
est,2014,99.00685119628906
est,2015,96.44371795654295
est,2016,98.17476654052734
est,2017,95.99571990966795
est,2018,96.81269073486328
est,2019,97.1564712524414
est,2020,95.94140625
est,2021,98.197021484375
est,2022,98.257568359375
est,2023,97.36611938476564
eth,1982,11.11674022674561
eth,1987,19.27358055114746
eth,1988,18.24283981323242
eth,1989,17.53416061401367
eth,1994,12.65015983581543
eth,1995,12.35894012451172
eth,1996,13.22721004486084
eth,1999,14.47535991668701
eth,2000,15.74376010894775
eth,2001,19.32135963439941
eth,2002,21.73236083984375
eth,2003,24.32464981079102
eth,2004,27.67425918579102
eth,2005,34.00212097167969
eth,2006,39.66931915283203
eth,2007,40.35966873168945
eth,2008,44.2795295715332
eth,2009,48.39936065673828
eth,2010,54.26263046264648
eth,2011,49.45566864565116
eth,2012,49.90524295480967
eth,2013,51.2189831275759
eth,2014,50.94614431767035
eth,2015,50.55449604591998
eth,2016,56.94970115508432
eth,2017,57.88741272200038
eth,2019,59.97213114527591
eth,2020,60.30700046322677
eth,2021,61.75266664674773
eth,2022,59.62047963947876
eth,2023,54.54934618337875
fin,1987,99.41265106201172
fin,1988,99.53555297851564
fin,1989,99.55953216552734
fin,1990,99.79158782958984
fin,1991,99.20886993408205
fin,1992,99.86405181884766
fin,1993,99.56906127929688
fin,1994,99.29322052001952
fin,1995,99.44969177246094
fin,1996,100.168586730957
fin,1998,99.70005798339844
fin,1999,99.24633026123048
fin,2000,99.82568359375
fin,2001,99.28124237060548
fin,2002,98.89441680908205
fin,2003,98.89610290527344
fin,2004,99.2472915649414
fin,2005,98.90763092041016
fin,2006,99.40290832519533
fin,2007,98.97277069091795
fin,2008,98.8546905517578
fin,2009,99.44039154052734
fin,2010,98.91132354736328
fin,2011,99.28196716308594
fin,2012,98.7614517211914
fin,2013,98.9811782836914
fin,2014,99.02719879150392
fin,2015,99.49658966064452
fin,2016,99.16496276855467
fin,2017,99.20574951171876
fin,2018,99.59323120117188
fin,2019,99.36932373046876
fin,2020,98.9040298461914
fin,2021,99.4299774169922
fin,2022,98.1308364868164
fin,2023,98.87053680419922
fji,1980,95.11177825927734
fji,1981,94.55050659179688
fji,1983,94.3197784423828
fji,1984,93.76380157470705
fji,1985,98.60440826416016
fji,1986,99.42417907714844
fji,1992,99.65760803222656
fji,1994,97.98285675048828
fji,1995,98.0994873046875
fji,1996,95.96875
fji,1997,97.71968841552734
fji,1998,101.1670989990234
fji,1999,94.38446807861328
fji,2000,89.29704284667969
fji,2001,93.78909301757812
fji,2002,97.17259979248048
fji,2004,98.50215911865234
fji,2006,98.06298065185548
fji,2008,91.43018341064452
fji,2009,92.46044921875
fji,2011,93.58775329589844
fji,2012,96.56173706054688
fji,2013,94.74822737651724
fji,2014,94.88488013292192
fji,2015,98.76310729980467
fji,2016,97.03989703989704
fji,2017,98.20269016697588
fji,2018,100.5839917554105
fji,2019,100.0683135986328
fji,2020,98.88863372802734
fji,2021,112.7662064123567
fji,2022,110.8197888242971
fji,2023,113.798486850006
fra,1971,95.3777313232422
fra,1972,94.15538787841795
fsm,2013,92.9957805907173
fsm,2014,91.14971050454922
fsm,2015,85.22088353413655
fsm,2016,83.85246276855469
fsm,2017,81.78233438485805
fsm,2018,88.6977886977887
fsm,2019,85.11904761904762
fsm,2020,80.33613445378151
fsm,2021,84.14133114215284
fsm,2022,86.37123745819399
fsm,2023,86.3327674023769
fsm,2024,82.59005145797599
gab,1972,47.88465118408203
gab,1973,46.61550140380859
gab,1975,70.88571166992188
gab,1976,71.60494232177734
gab,1977,67.80374908447266
gab,1978,67.05650329589844
gab,1979,73.49566650390625
gab,1980,72.0488510131836
gab,1981,73.87570190429688
gab,1982,75.93614196777344
gab,1983,77.0683822631836
gab,1984,66.89325714111328
gab,1987,62.67942810058594
gab,1988,61.78554916381836
gab,1989,61.80820083618164
gab,1992,58.12886047363281
gab,1995,60.87884902954102
gab,1996,63.19549942016602
gab,1997,64.28813171386719
gab,2002,70.35099792480469
gab,2003,68.62964630126953
gab,2019,74.14071324834597
gab,2021,81.91643454038997
gbr,2015,98.97937774658205
gbr,2016,98.67707824707033
gbr,2017,98.5702896118164
gbr,2018,98.53972625732422
gbr,2019,100.3167495727539
gbr,2020,99.62577056884766
gbr,2021,99.51438903808594
gbr,2022,100.2035369873047
geo,2000,98.86837768554688
geo,2001,108.075927734375
geo,2002,115.5495071411133
geo,2003,107.918701171875
geo,2004,113.3250274658203
geo,2005,106.1016464233398
geo,2008,110.8546981811523
geo,2009,109.973503112793
geo,2010,109.4506607055664
geo,2012,103.9672393798828
geo,2013,106.1941299438477
geo,2014,105.1037979125977
geo,2015,104.4119110107422
geo,2016,117.6363067626953
geo,2017,118.3811492919922
geo,2018,100.5146865844727
geo,2019,96.762451171875
geo,2020,91.39627075195312
geo,2021,85.54139709472656
geo,2022,109.2189483642578
geo,2023,104.5602874755859
gha,1971,54.62282943725586
gha,1972,49.09997940063477
gha,1974,39.88835144042969
gha,1975,40.48020935058594
gha,1976,42.17071914672852
gha,1977,44.01863098144531
gha,1978,44.70613098144531
gha,1979,45.05382919311523
gha,1980,46.46810150146484
gha,1981,48.19826126098633
gha,1991,50.50463104248047
gha,1992,55.82379913330078
gha,1999,58.19942092895508
gha,2000,61.47183990478516
gha,2001,59.05519104003906
gha,2002,60.35429000854492
gha,2003,65.61805725097656
gha,2004,59.14641189575195
gha,2005,67.33509826660156
gha,2006,66.06717681884766
gha,2007,71.6722183227539
gha,2008,78.70821380615234
gha,2009,78.5041275024414
gha,2011,84.3665771484375
gha,2012,100.2516021728516
gha,2013,89.44869995117188
gha,2014,87.8663101196289
gha,2015,92.90721130371094
gha,2017,88.08258056640625
gha,2018,88.67675018310547
gha,2022,93.11386108398438
gib,2016,104.7393417358398
gib,2017,116.2162170410156
gib,2019,112.2065734863281
gib,2020,122.8972015380859
gib,2021,106.9672088623047
gib,2022,120.3883514404297
gib,2023,110.7142868041992
gin,1984,10.02122020721436
gin,1985,8.769559860229492
gin,1986,8.373669624328613
gin,1987,7.567729949951172
gin,1988,5.886650085449219
gin,1989,5.97898006439209
gin,1990,8.274279594421387
gin,1991,8.585269927978516
gin,1992,8.611249923706055
gin,1993,9.697270393371582
gin,1994,10.67444038391113
gin,1995,10.0121603012085
gin,1998,14.36653995513916
gin,1999,16.83254051208496
gin,2000,19.85744094848633
gin,2001,22.21977996826172
gin,2002,26.07720947265625
gin,2003,28.57476997375488
gin,2004,36.77579116821289
gin,2005,42.4262809753418
gin,2006,47.65501022338867
gin,2007,48.71113967895508
gin,2008,42.69533920288086
gin,2009,47.46543884277344
gin,2010,46.37931060791016
gin,2011,52.89625766962309
gin,2012,54.48376846313477
gin,2013,55.41730880737305
gin,2014,57.50453948974609
gin,2015,53.65217696875988
gin,2016,53.36732864379883
gin,2017,47.47251717885412
gin,2018,48.10355793818715
gin,2019,48.85552734387367
gin,2020,52.72550964355469
gin,2021,55.5281416802566
glp,1971,90.70333099365234
gmb,1971,10.00498008728027
gmb,1972,10.92424011230469
gmb,1973,10.74302959442139
gmb,1974,10.9164400100708
gmb,1975,12.88689994812012
gmb,1976,11.72192001342773
gmb,1977,9.399080276489258
gmb,1978,13.59494972229004
gmb,1979,13.23031044006348
gmb,1980,14.54092025756836
gmb,1981,15.0931396484375
gmb,1982,16.51992988586426
gmb,1983,18.01176071166992
gmb,1984,21.8711109161377
gmb,1985,24.15918922424316
gmb,1986,27.02281951904297
gmb,1987,29.78300094604492
gmb,1989,27.32029914855957
gmb,1992,28.26103973388672
gmb,1993,27.97662925720215
gmb,1994,26.11096000671387
gmb,1995,29.46047019958496
gmb,1996,36.00025939941406
gmb,1997,32.29541015625
gmb,1999,51.38114929199219
gmb,2000,51.61394882202148
gmb,2001,53.00725936889648
gmb,2002,51.19525909423828
gmb,2003,55.20069122314453
gmb,2004,55.10176086425781
gmb,2005,54.29619979858398
gmb,2006,53.48796081542969
gmb,2007,60.4315299987793
gmb,2008,68.12439727783203
gmb,2010,62.12245178222656
gmb,2011,59.31195241540069
gmb,2012,60.56839772007599
gmb,2013,63.00670408481447
gmb,2014,63.95104226429527
gmb,2015,65.16457974057134
gmb,2016,66.78128543731938
gmb,2017,69.92630385487529
gmb,2018,73.3799869644266
gmb,2019,77.58597927255924
gmb,2020,82.67001545595053
gmb,2021,85.7232724184569
gmb,2022,87.34053293358217
gmb,2023,87.61382174106481
gmb,2024,90.43238270469182
gnb,1979,6.950520038604736
gnb,1980,3.878530025482178
gnb,1981,7.132709980010986
gnb,1982,7.46796989440918
gnb,1983,6.651420116424561
gnb,1984,7.511159896850586
gnb,1987,5.607319831848145
gnb,1988,3.874690055847168
gnb,2000,20.36689949035645
gnb,2010,55.8166389465332
gnq,1994,35.25345993041992
gnq,2000,31.66526985168457
gnq,2003,22.10857009887695
gnq,2005,31.22339057922363
gnq,2008,30.056640625
gnq,2009,32.70349884033203
gnq,2010,35.48527908325195
gnq,2011,35.13188171386719
gnq,2012,36.95761871337891
gnq,2015,34.06787109375
grc,1971,99.87953186035156
grc,1972,97.49681854248048
grc,1973,99.22380065917967
grc,1974,96.14450073242188
grc,1975,98.03089904785156
grc,1976,98.34217834472656
grc,1977,97.43798828125
grc,1978,98.73242950439452
grc,1979,96.74272918701172
grc,1980,99.63999176025392
grc,1981,97.03265380859376
grc,1982,95.342529296875
grc,1983,97.07083129882812
grc,1984,96.3510513305664
grc,1985,98.83399963378906
grc,1986,99.11846923828124
grc,1987,94.3706512451172
grc,1988,95.71092224121094
grc,1989,97.13356018066406
grc,1992,93.260498046875
grc,2004,94.1504364013672
grc,2005,98.55162048339844
grc,2006,98.55207824707033
grc,2007,98.54882049560548
grc,2010,97.2528076171875
grc,2011,94.97698974609376
grc,2012,97.28469848632812
grc,2013,94.26979064941406
grc,2014,95.28778839111328
grc,2015,96.93199920654295
grc,2016,98.27407073974608
grc,2017,97.72030639648438
grc,2018,97.07003784179688
grc,2019,97.97643280029295
grc,2020,97.74794769287108
grc,2021,95.7826919555664
grc,2022,99.25086212158205
grd,1978,83.32086944580078
grd,1979,84.3944091796875
grd,1983,98.17073059082033
grd,1984,91.45374298095705
grd,1999,96.21035766601564
grd,2002,90.44586181640624
grd,2003,103.6104125976563
grd,2005,106.9962692260742
grd,2007,106.4777297973633
grd,2008,115.7620010375977
grd,2009,123.2906036376953
grd,2010,111.9825668334961
grd,2013,103.0188674926758
grd,2018,113.5071090047393
grd,2021,92.21835075493613
grd,2022,91.869918699187
grd,2023,91.84149184149184
gtm,1976,28.4387092590332
gtm,1977,28.73311996459961
gtm,1978,29.82443046569824
gtm,1996,42.62950134277344
gtm,1999,46.13694000244141
gtm,2000,49.8595085144043
gtm,2001,51.85971069335938
gtm,2002,56.01528167724609
gtm,2004,62.99641036987305
gtm,2005,67.25312805175781
gtm,2006,70.57068634033203
gtm,2007,71.4322509765625
gtm,2008,74.4905014038086
gtm,2009,79.83184051513672
gtm,2010,81.3737564086914
gtm,2011,84.74420928955078
gtm,2012,84.97264099121094
gtm,2013,85.40335845947266
gtm,2014,85.09230041503906
gtm,2015,84.1417465209961
gtm,2016,80.8340072631836
gtm,2017,80.33191680908203
gtm,2018,80.15245819091797
gtm,2019,79.52568817138672
gtm,2020,81.07465362548828
gtm,2021,87.19862365722656
gtm,2022,86.77394104003906
gtm,2023,86.82801055908203
guf,1994,57.88679122924805
guy,1971,97.40184020996094
guy,1972,95.84455871582033
guy,1973,88.9491195678711
guy,1974,86.14903259277344
guy,1976,82.12322235107422
guy,1977,91.0979232788086
guy,1978,89.34097290039062
guy,1979,88.1865005493164
guy,1980,83.45214080810547
guy,1982,89.36595916748047
guy,1987,89.22205352783203
guy,1992,94.67633056640624
guy,1993,95.6109619140625
guy,1995,81.32930755615234
guy,1996,88.62969970703125
guy,1997,87.13565063476562
guy,1999,96.74127197265624
guy,2000,101.4048385620117
guy,2001,79.47618865966797
guy,2003,70.6137924194336
guy,2005,97.88778686523438
guy,2006,97.87396240234376
guy,2007,97.19615936279295
guy,2008,96.13643646240234
guy,2009,99.45005798339844
guy,2010,94.60710906982422
guy,2011,101.4375534057617
guy,2012,103.2594909667969
hkg,1980,102.2770462036133
hkg,1981,100.9437408447266
hkg,1982,99.85482788085938
hkg,1983,99.01824951171876
hkg,1984,99.82058715820312
hkg,1985,100.5020523071289
hkg,2003,103.4722213745117
hkg,2004,99.1698989868164
hkg,2005,99.4168701171875
hkg,2006,100.0911407470703
hkg,2007,98.0952377319336
hkg,2008,95.07813262939452
hkg,2009,94.34783172607422
hkg,2010,100.7980804443359
hkg,2011,101.6097564697266
hkg,2012,102.1903076171875
hkg,2013,111.7883834838867
hkg,2014,101.1843109130859
hkg,2015,93.30451202392578
hkg,2016,93.37786102294922
hkg,2017,110.7017517089844
hkg,2018,92.42160034179688
hkg,2019,96.45578002929688
hkg,2020,103.8718872070313
hkg,2021,118.5924377441406
hkg,2022,98.85455322265624
hnd,1980,48.45450973510742
hnd,1982,52.75556945800781
hnd,1984,56.92176818847656
hnd,1991,58.99538040161133
hnd,1992,68.53163146972656
hnd,1993,70.9580307006836
hnd,1994,72.71114349365234
hnd,1995,68.32129669189453
hnd,1996,73.36872100830078
hnd,1997,73.2403335571289
hnd,1998,67.81752014160156
hnd,2003,79.6136474609375
hnd,2005,79.38690185546875
hnd,2006,84.67127227783203
hnd,2008,83.72044372558594
hnd,2009,85.43946838378906
hnd,2010,89.35903930664062
hnd,2011,90.30329132080078
hnd,2012,88.4374008178711
hnd,2013,81.51798248291016
hnd,2014,77.28838348388672
hnd,2016,79.41529846191406
hnd,2017,80.69378662109375
hnd,2019,79.06905364990234
hnd,2020,78.94377899169922
hnd,2021,73.60479736328125
hnd,2022,70.28324890136719
hnd,2023,75.36431884765625
hrv,1995,83.0107421875
hrv,1996,89.26793670654297
hrv,1997,92.84352111816406
hrv,1998,98.95628356933594
hrv,1999,96.75258636474608
hrv,2001,101.7855682373047
hrv,2002,98.54828643798828
hrv,2003,101.870849609375
hrv,2005,100.6657333374023
hrv,2006,99.45442962646484
hrv,2007,100.0163116455078
hrv,2008,97.38015747070312
hrv,2009,97.00235748291016
hrv,2010,97.26988983154295
hrv,2011,97.65503692626952
hrv,2012,97.68643188476564
hrv,2013,97.49070739746094
hrv,2014,97.21085357666016
hrv,2015,101.7652282714844
hrv,2016,97.93575286865234
hrv,2017,98.26796722412108
hrv,2018,101.3852920532227
hrv,2019,99.72857666015624
hrv,2020,100.807861328125
hrv,2021,97.80294036865234
hrv,2022,100.0162963867188
hti,1979,25.37388038635254
hti,1980,25.74140930175781
hti,1982,26.32535934448242
hti,1983,27.83407020568848
hti,1985,30.02658081054688
hti,1986,31.68498992919922
hti,1987,34.01739120483398
hti,1997,50.46717071533203
hun,1976,97.57154083251952
hun,1977,101.1648483276367
hun,1978,101.6024703979492
hun,1979,95.47148895263672
hun,1980,97.46215057373048
hun,1981,94.42324066162108
hun,1982,96.31388854980467
hun,1983,97.17748260498048
hun,1984,105.0230178833008
hun,1985,100.7770309448242
hun,1986,92.22370147705078
hun,1987,94.46713256835938
hun,1988,93.09439086914064
hun,1989,92.5581512451172
hun,1990,92.20858001708984
hun,1997,94.9004135131836
hun,1998,99.34147644042967
hun,1999,97.66507720947266
hun,2000,98.6530532836914
hun,2001,96.8905029296875
hun,2002,97.89376831054688
hun,2003,97.9729232788086
hun,2004,99.24057769775392
hun,2005,96.68860626220705
hun,2006,99.17095184326172
hun,2007,97.14099884033205
hun,2008,99.92687225341795
hun,2009,98.50405120849608
hun,2010,98.95372772216795
hun,2011,97.11022186279295
hun,2012,97.70539093017578
hun,2013,97.82511138916016
hun,2014,98.35604095458984
hun,2015,98.52471160888672
hun,2016,97.10971069335938
hun,2017,99.66364288330078
hun,2018,98.85346221923828
hun,2019,93.17814636230467
hun,2020,92.90496063232422
hun,2021,93.4152603149414
hun,2022,97.54862213134766
hun,2023,96.2929229736328
idn,1995,95.98731231689452
idn,1996,95.0861587524414
idn,1997,93.28446197509766
idn,2001,95.12516784667967
idn,2002,96.76419067382812
idn,2003,98.70291900634766
idn,2004,98.94461822509766
idn,2005,99.0959014892578
idn,2006,96.79010772705078
idn,2007,98.25782012939452
idn,2008,97.5759506225586
idn,2009,99.55097198486328
idn,2010,97.5232946304588
idn,2011,102.8882025807266
idn,2012,109.5684578638794
idn,2013,108.5021118234214
idn,2014,106.2234802784223
idn,2015,105.4065565922647
idn,2016,106.7316662694828
idn,2017,103.7682261291209
idn,2018,101.5761359916323
idn,2019,102.4283961993675
idn,2020,101.3243965100164
idn,2021,102.0459900488352
idn,2022,100.599532524047
idn,2023,98.791982826415
ind,1971,27.51836013793945
ind,1974,29.20648002624512
ind,1987,50.3916015625
ind,1988,51.85467910766602
ind,1995,63.11288833618164
ind,2002,71.19304656982422
ind,2003,79.40779876708984
ind,2008,98.262451171875
ind,2009,99.85877990722656
ind,2011,96.01481050869344
ind,2013,98.63303827775458
ind,2014,100.4024586058257
ind,2015,101.343051661322
ind,2016,100.5319319548899
ind,2017,99.60208341318643
ind,2019,97.29286956787108
ind,2020,99.05014801025392
ind,2021,99.64469907605348
ind,2023,93.64913498002466
ind,2024,95.19622004072514
irl,1992,99.00892639160156
irl,1993,102.1817779541016
irl,1994,102.8850936889648
irl,1995,104.3460388183594
irl,1998,97.57254028320312
irl,1999,97.69889831542967
irl,2000,96.45503997802734
irl,2001,94.97606658935548
irl,2002,95.0243911743164
irl,2003,95.333740234375
irl,2004,96.78711700439452
irl,2005,95.54776763916016
irl,2013,99.51770782470705
irl,2014,100.5870590209961
irl,2015,99.31555938720705
irl,2016,100.4313430786133
irl,2017,99.41789245605467
irl,2018,97.20471954345705
irl,2019,102.4215469360352
irl,2020,99.87866973876952
irl,2021,99.20519256591795
irl,2022,98.01814270019533
irn,1971,33.80266189575195
irn,1987,72.3895034790039
irn,1988,74.26747131347656
irn,1989,74.82151794433594
irn,1990,77.16641235351562
irn,1991,80.03328704833984
irn,1992,83.41497039794922
irn,1993,85.89629364013672
irn,1994,85.37696075439453
irn,1995,89.08164978027344
irn,1997,88.34088897705078
irn,2000,85.86804962158203
irn,2001,88.1024398803711
irn,2002,88.3578872680664
irn,2003,85.64617919921875
irn,2004,104.8174209594727
irn,2005,114.5472183227539
irn,2006,99.21996307373048
irn,2007,93.8398208618164
irn,2008,94.84877777099608
irn,2009,96.69151306152344
irn,2010,96.35135650634766
irn,2011,95.30381011962892
irn,2012,93.90750122070312
irn,2015,95.25211334228516
irn,2016,96.96321868896484
irn,2017,94.31263732910156
irn,2019,91.19342041015624
irn,2020,96.42366790771484
irq,1971,22.97542953491211
irq,1972,23.74596977233887
irq,1973,24.10586929321289
irq,1974,20.76959991455078
irq,1975,24.75247955322266
irq,1976,26.56423950195313
irq,1977,35.66373825073242
irq,1978,40.97718811035156
irq,1980,54.19554138183594
irq,1983,47.9257698059082
irq,1985,56.67821884155273
irq,1986,55.7104606628418
irq,1987,52.05556106567383
irq,1988,57.10009002685547
irq,1989,53.19039154052734
irq,1993,55.17190933227539
irq,1999,50.00434875488281
irq,2000,48.50466156005859
irq,2004,61.09682846069336
irq,2007,53.68130111694336
isl,1998,98.97802734375
isl,1999,98.57142639160156
isl,2000,99.5386962890625
isl,2001,98.55137634277344
isl,2002,98.6824188232422
isl,2003,98.6475067138672
isl,2004,98.53412628173828
isl,2005,98.74327087402344
isl,2006,98.633056640625
isl,2007,98.87538909912108
isl,2008,99.16356658935548
isl,2009,98.27821350097656
isl,2010,99.23882293701172
isl,2011,99.00238037109376
isl,2012,99.20709228515624
isl,2013,99.02957153320312
isl,2014,98.24475860595705
isl,2015,99.26181030273438
isl,2016,99.80943298339844
isl,2017,98.89093780517578
isl,2018,98.41120910644533
isl,2019,99.63980102539064
isl,2020,98.14733123779295
isl,2021,98.49182891845705
isl,2022,99.23262786865234
isr,2002,96.6890106201172
isr,2003,96.9427490234375
isr,2004,98.17906951904295
isr,2005,94.7952880859375
isr,2006,94.86614227294922
isr,2007,96.60861206054688
isr,2008,93.77950286865234
isr,2009,99.74571990966795
isr,2010,96.29739379882812
isr,2011,96.05774688720705
isr,2012,99.37901306152344
isr,2013,95.90608978271484
isr,2014,95.2189483642578
isr,2015,99.55061340332033
isr,2016,94.94671630859376
isr,2017,99.72335815429688
isr,2018,95.24652099609376
isr,2019,94.46498107910156
isr,2020,99.25585174560548
isr,2021,95.2168426513672
isr,2022,95.19204711914064
ita,1971,94.57858276367188
ita,1972,100.1222305297852
ita,1973,100.9959869384766
ita,1974,100.3617401123047
ita,1975,104.576171875
ita,1976,102.3836288452148
ita,1977,102.9790802001953
ita,1978,102.2024917602539
ita,1979,101.5522537231445
ita,1980,103.2585678100586
ita,1981,100.9095611572266
ita,1982,100.2353591918945
ita,1983,100.0864791870117
ita,1984,100.2472534179688
ita,1985,100.8015670776367
ita,1986,100.4419403076172
ita,1987,99.62853240966795
ita,1988,100.4333801269531
ita,1989,101.5282897949219
ita,1990,103.5803680419922
ita,1991,101.6462097167969
ita,1992,99.71080017089844
ita,1994,106.2853927612305
ita,1995,102.3201217651367
ita,1996,105.3076705932617
ita,1997,101.9709320068359
ita,1999,97.7655029296875
ita,2000,101.3918380737305
ita,2001,101.4132385253906
ita,2002,99.86737060546876
ita,2003,100.151611328125
ita,2004,102.5661926269531
ita,2005,102.2491836547852
ita,2006,101.8777008056641
ita,2007,102.6151504516602
ita,2008,105.560791015625
ita,2009,101.3320007324219
ita,2010,101.2315521240234
ita,2011,100.6379165649414
ita,2012,98.949462890625
ita,2013,99.63214874267578
ita,2014,99.24002838134766
ita,2015,98.95825958251952
ita,2016,98.33863067626952
ita,2017,99.61377716064452
ita,2018,98.66256713867188
ita,2019,97.96859741210938
ita,2020,98.59683227539064
ita,2021,97.68512725830078
ita,2022,96.9419174194336
ita,2023,97.37148284912108
jam,1976,88.51844024658203
jam,1977,90.10888671875
jam,1979,95.40128326416016
jam,1980,91.54989624023438
jam,1981,94.422119140625
jam,1984,95.46157073974608
jam,1987,92.9646224975586
jam,1988,94.82872772216795
jam,1989,96.89753723144533
jam,1990,96.60411071777344
jam,1991,94.79045867919922
jam,1993,90.83641815185548
jam,2000,87.44566345214844
jam,2001,83.23097229003906
jam,2002,86.55027770996094
jam,2004,81.15614318847656
jam,2007,85.17160034179688
jam,2009,81.80892181396484
jam,2010,89.5990982055664
jam,2011,88.00031280517578
jam,2012,99.81607055664064
jam,2013,94.40059661865234
jam,2014,89.33824157714844
jam,2015,87.37712860107422
jam,2016,86.00827026367188
jam,2017,88.59075164794922
jam,2018,85.82952880859375
jam,2019,85.90460968017578
jam,2020,73.73827362060547
jam,2023,81.76419067382812
jor,1972,53.90340042114258
jor,1973,59.33528137207031
jor,1974,69.71174621582031
jor,1975,80.0108413696289
jor,1976,84.85755157470703
jor,1977,87.61405944824219
jor,1978,92.72164154052734
jor,1979,92.57810974121094
jor,1980,94.84535980224608
jor,1981,94.58132934570312
jor,1982,95.69094848632812
jor,1983,93.73094940185548
jor,1984,98.12503814697266
jor,1985,99.29856872558594
jor,1987,87.07362365722656
jor,1988,87.01447296142578
jor,1989,86.57614135742188
jor,1990,88.92240142822266
jor,1991,92.25373840332033
jor,1992,94.10565185546876
jor,1993,95.9256591796875
jor,1994,99.5990982055664
jor,1996,95.49430084228516
jor,1999,89.93270874023438
jor,2000,91.2018814086914
jor,2002,85.54348754882812
jor,2003,88.82791137695312
jor,2004,89.97724914550781
jor,2005,94.8951416015625
jor,2006,94.44847106933594
jor,2007,97.13922882080078
jor,2008,94.9107666015625
jor,2011,85.28251647949219
jor,2013,89.20397186279297
jor,2014,94.46714782714844
jor,2016,94.85382843017578
jor,2017,94.04467010498048
jor,2018,95.09342956542967
jor,2019,96.32669830322266
jor,2020,97.04518127441406
jor,2021,96.17066955566406
jor,2022,95.50611114501952
jor,2023,97.64256286621094
jpn,1971,101.9170989990234
jpn,1972,100.3289489746094
jpn,1973,101.4343109130859
jpn,1974,102.0990524291992
jpn,1975,102.6487503051758
jpn,1976,100.2829666137695
jpn,1977,100.8734664916992
jpn,1978,125.8341369628906
jpn,1979,85.62557220458984
jpn,1980,103.0342407226563
jpn,1981,101.3710632324219
jpn,1982,96.3047103881836
jpn,1983,95.36174011230467
jpn,1984,96.8918914794922
jpn,1985,96.63729095458984
jpn,1986,100.0060882568359
jpn,1987,103.7463531494141
jpn,1988,102.5759811401367
jpn,1989,102.6073684692383
jpn,1990,103.2152404785156
jpn,1991,104.2822875976563
jpn,1992,104.818733215332
jpn,1994,103.176628112793
jpn,1998,106.0846099853516
jpn,1999,105.2865829467773
kaz,1994,96.0352783203125
kaz,1995,92.56017303466795
kaz,2000,91.7594985961914
kaz,2001,92.74835205078124
kaz,2002,93.89649200439452
kaz,2003,94.63095092773438
kaz,2004,100.2754516601563
kaz,2005,99.59317016601564
kaz,2006,97.00675201416016
kaz,2007,96.36302947998048
kaz,2008,99.89485168457033
kaz,2009,97.03964996337892
kaz,2010,97.35030323737934
kaz,2011,103.6397027419493
kaz,2012,97.07635873002488
kaz,2013,95.52419682797886
kaz,2014,95.53033636267088
kaz,2015,93.18845395225202
kaz,2016,92.86143744046694
kaz,2017,95.17303262100828
kaz,2018,98.05569869021798
kaz,2019,95.68256929789132
kaz,2020,96.83024171191104
kaz,2021,92.95059506219272
kaz,2022,100.2741436978704
kaz,2023,102.0016284434794
kaz,2024,93.31156980181476
ken,1970,36.6114501953125
ken,1971,39.00563049316406
ken,1972,42.09352874755859
ken,1973,44.29636001586914
ken,1977,56.09046173095703
ken,1978,58.21654891967773
ken,1980,77.38648223876953
ken,1981,77.69023895263672
ken,2004,84.21124267578125
ken,2005,86.4147720336914
ken,2014,99.2602337154191
ken,2015,101.3729019165039
ken,2016,102.1206212469563
kgz,1999,88.51777648925781
kgz,2000,88.5171890258789
kgz,2001,87.35903930664062
kgz,2002,87.44628143310547
kgz,2003,84.1020736694336
kgz,2004,87.18602752685547
kgz,2005,89.75253295898438
kgz,2006,92.47691345214844
kgz,2007,91.6343231201172
kgz,2008,93.78488159179688
kgz,2009,95.7810287475586
kgz,2010,96.90445238869027
kgz,2011,93.74390640233996
kgz,2012,96.07211578683176
kgz,2013,96.51624732606705
kgz,2014,95.57697925796084
kgz,2015,97.83255028630155
kgz,2016,95.85964526934272
kgz,2017,96.857908847185
kgz,2018,95.83120499596302
kgz,2019,105.7828355310922
kgz,2020,99.41331506767725
kgz,2021,93.66479439705984
kgz,2022,96.82566341954988
kgz,2023,96.33344815707888
kgz,2024,98.27994212383877
khm,1997,13.49475955963135
khm,1998,26.89205932617188
khm,1999,36.25325012207031
khm,2001,45.07299041748047
khm,2002,54.28199005126953
khm,2003,60.95587158203125
khm,2004,73.5685806274414
khm,2005,85.53939056396484
khm,2006,89.09857177734375
khm,2007,89.60559844970703
khm,2008,87.11498260498047
khm,2009,87.26904296875
khm,2010,88.9791030883789
khm,2011,89.08439538790573
khm,2012,94.41593933105467
khm,2013,89.31699477701889
khm,2014,94.11973767149928
khm,2015,93.3253936767578
khm,2016,91.17201232910156
khm,2017,89.41295623779297
khm,2018,85.96410369873047
khm,2019,89.25325012207031
khm,2020,93.2106704711914
khm,2021,93.96113149198072
khm,2022,89.49342767391502
khm,2023,89.42923076369928
kir,1977,68.99510192871094
kir,1978,78.35549926757812
kir,1979,64.07766723632812
kir,1980,75.94628143310547
kir,1981,121.875
kir,1982,113.6010437011719
kir,1983,121.26513671875
kir,1984,112.3439712524414
kir,1985,110.3253173828125
kir,1986,115.9317169189453
kir,1987,109.7733688354492
kir,1988,111.6991577148438
kir,1989,116.6216201782227
kir,1990,106.919059753418
kir,1991,115.3846206665039
kir,1992,103.1286163330078
kir,1993,102.3972625732422
kir,1995,108.4745788574219
kir,1996,118.0412368774414
kir,1997,122.7634201049805
kir,1999,102.0637893676758
kir,2000,91.53488159179688
kir,2001,112.8205108642578
kir,2002,106.3734283447266
kir,2003,106.4544677734375
kir,2004,112.5330963134766
kir,2005,111.2091827392578
kir,2006,106.5857925415039
kir,2007,100.8445892333984
kir,2008,107.8060836791992
kir,2014,104.1300506591797
kir,2016,102.5483304042179
kir,2020,94.24046325683594
kir,2021,98.11453247070312
kir,2022,102.1563262939453
kir,2023,105.781867980957
kna,1992,107.0640182495117
kna,2000,106.5502166748047
kna,2001,106.6518783569336
kna,2002,107.4324264526367
kna,2003,90.93022918701172
kna,2004,114.0476226806641
kna,2005,109.9033813476563
kna,2007,101.9704437255859
kna,2008,95.53350067138672
kna,2009,109.6534729003906
kna,2010,102.676399230957
kna,2011,113.5593185424805
kna,2012,111.8387908935547
kna,2013,118.75
kna,2014,112.6050415039063
kna,2015,117.9941024780273
kna,2016,111.728401184082
kna,2017,106.8452380952381
kna,2018,103.6619718309859
kna,2019,110.3932584269663
kna,2020,107.4626865671642
kna,2021,150.3546142578125
kna,2023,115.1612903225806
kor,1971,89.87792205810547
kor,1972,89.14305877685547
kor,1973,99.00775146484376
kor,1974,99.02921295166016
kor,1975,97.98400115966795
kor,1976,106.6438522338867
kor,1977,103.1294403076172
kor,1978,100.232421875
kor,1979,104.3205108642578
kor,1980,97.78341674804688
kor,1981,98.1192626953125
kor,1982,97.39379119873048
kor,1983,97.44622039794922
kor,1984,104.2635269165039
kor,1985,104.7866821289063
kor,1986,104.2577667236328
kor,1987,106.7836303710938
kor,1988,103.8899536132813
kor,1989,95.25655364990234
kor,1990,99.58146667480467
kor,1991,91.13453674316406
kor,1992,98.72103118896484
kor,1993,98.12580871582033
kor,1994,105.6965789794922
kor,1995,109.9374008178711
kor,1997,102.1157379150391
kor,1998,100.2453308105469
kor,1999,101.6741561889648
kor,2000,101.46826171875
kor,2001,99.70453643798828
kor,2002,95.22338104248048
kor,2003,100.6686401367188
kor,2004,100.65869140625
kor,2005,98.87956237792967
kor,2006,98.80779266357422
kor,2007,100.3079833984375
kor,2008,99.41927337646484
kor,2009,101.7415237426758
kor,2010,101.7872924804688
kor,2011,97.58905029296876
kor,2012,101.6322784423828
kor,2013,104.3877182006836
kor,2014,97.57331085205078
kor,2015,100.2437973022461
kor,2016,103.4909820556641
kor,2017,97.73358154296876
kor,2018,96.42794799804688
kor,2019,99.91236114501952
kor,2020,101.1700897216797
kor,2021,98.45275115966795
kor,2022,95.5902099609375
kwt,1971,50.3886604309082
kwt,1972,47.36698150634766
kwt,1973,42.90213012695313
kwt,1974,41.61063003540039
kwt,1975,50.1739501953125
kwt,1976,72.95835876464844
kwt,1977,61.9044303894043
kwt,1978,68.28636169433594
kwt,1979,67.05741119384766
kwt,1980,77.06104278564453
kwt,1981,87.79390716552734
kwt,1982,85.5884780883789
kwt,1983,89.53948211669922
kwt,1984,90.36002349853516
kwt,1985,87.62217712402344
kwt,1986,85.67813110351562
kwt,1987,84.14119720458984
kwt,1992,67.73651123046875
kwt,1994,84.33529663085938
kwt,1995,77.92552947998047
kwt,1996,88.4194107055664
kwt,1997,83.52603912353516
kwt,1999,85.97128295898438
kwt,2000,91.2129364013672
kwt,2001,84.0716323852539
kwt,2002,91.72071838378906
kwt,2003,100.5260391235352
kwt,2004,103.6891174316406
kwt,2005,111.6229476928711
kwt,2007,109.5484313964844
kwt,2010,101.9248580932617
kwt,2011,101.602897644043
kwt,2012,96.84635162353516
kwt,2013,99.26457214355467
lao,1992,34.92789077758789
lao,1993,37.79682922363281
lao,1994,40.96144866943359
lao,1996,48.79800033569336
lao,1997,51.44308853149414
lao,1998,56.62598037719727
lao,1999,61.68918991088867
lao,2000,60.79740142822266
lao,2001,61.76034164428711
lao,2002,62.97708129882813
lao,2003,62.60720825195313
lao,2004,62.59989166259766
lao,2005,65.01216125488281
lao,2006,67.45063781738281
lao,2007,70.46080017089844
lao,2008,73.21806335449219
lao,2009,75.75187683105469
lao,2010,80.1001205444336
lao,2011,85.78316444797669
lao,2012,89.94395430532836
lao,2013,95.68963148204126
lao,2014,98.21634943399378
lao,2015,99.50556761677989
lao,2016,98.43486669429478
lao,2017,100.2445685403334
lao,2018,97.46319948046326
lao,2019,93.23636265413342
lao,2020,90.06009858869606
lao,2021,90.12320661424982
lao,2022,88.27972216602603
lao,2023,89.32049252890522
lao,2024,87.64155588380108
lbn,1998,69.22637939453125
lbn,2023,68.6275634765625
lbr,1978,16.9698600769043
lbr,2006,55.98991012573242
lbr,2008,52.35855865478516
lbr,2009,51.75444030761719
lbr,2011,57.4873590042785
lbr,2014,52.80516221545079
lbr,2016,60.00236282931933
lbr,2017,54.37914215805421
lbr,2021,59.39979457254715
lbr,2022,59.01680387623157
lby,1971,16.34033966064453
lby,1972,35.01762008666992
lby,1973,37.4693717956543
lby,1974,47.06044006347656
lby,1975,70.3257827758789
lby,1976,67.16339111328125
lby,1977,76.29827880859375
lby,1978,80.01806640625
lby,1979,78.94837188720703
lby,1980,75.96631622314453
lby,1981,79.9261703491211
lby,1983,86.06015014648438
lca,1983,111.7201232910156
lca,1984,104.9389877319336
lca,1990,116.4789581298828
lca,1991,110.1305236816406
lca,1993,106.8644638061523
lca,2002,110.0467300415039
lca,2003,104.9882583618164
lca,2004,103.08056640625
lca,2005,98.56372833251952
lca,2006,106.7267303466797
lca,2007,101.6324081420898
lca,2008,99.68866729736328
lca,2009,95.94595336914064
lca,2010,93.00746917724608
lca,2011,95.45758056640624
lca,2012,97.15831756591795
lca,2013,95.91397857666016
lca,2014,97.40656280517578
lca,2016,89.81846618652344
lca,2017,89.2196273803711
lca,2018,89.58332824707031
lca,2019,90.85520935058594
lca,2020,95.87541961669922
lca,2022,98.50351715087892
lca,2023,91.13923645019533
lie,2003,97.53694915771484
lie,2004,103.8647308349609
lie,2005,101.8433227539063
lie,2006,109.139778137207
lie,2007,103.1963500976563
lie,2008,101.4492797851563
lie,2009,96.83258056640624
lie,2010,106.6350708007813
lie,2011,100.4608306884766
lie,2012,98.97435760498048
lie,2014,84.45596313476562
lie,2015,112.5
lie,2016,103.0927810668945
lie,2017,84.77156829833984
lie,2018,111.1702117919922
lie,2019,95.45455169677734
lie,2020,100.0
lie,2021,94.70899200439452
lka,1970,65.81880950927734
lka,1983,84.8322982788086
lka,1985,89.6152572631836
lka,1986,91.96112060546876
lka,1987,91.82650756835938
lka,1989,93.46411895751952
lka,1990,93.99613189697266
lka,1991,97.14980316162108
lka,1992,96.91600799560548
lka,1998,99.2782974243164
lka,2001,102.6105804443359
lka,2002,105.95556640625
lka,2003,99.2786102294922
lka,2005,94.30081176757812
lka,2006,93.97721099853516
lka,2007,91.81529998779295
lka,2008,88.4848403930664
lka,2009,90.1622314453125
lka,2010,95.66805387276337
lka,2011,97.25719503415336
lka,2012,95.622594990668
lka,2013,95.1064901546838
lka,2014,94.1554741099962
lka,2015,94.25670808072972
lka,2016,95.92588501684432
lka,2017,97.44988777958362
lka,2019,94.62972072535383
lka,2020,93.46904682623445
lka,2021,97.12419719790644
lka,2022,96.0834731615689
lka,2023,95.44055416911752
lso,1972,44.71709060668945
lso,1973,51.02730178833008
lso,1974,63.52811813354492
lso,1975,67.69490051269531
lso,1976,63.03871154785156
lso,1977,59.29729843139648
lso,1978,61.35330963134766
lso,1979,62.9687614440918
lso,1980,63.90853881835938
lso,1981,64.69190216064453
lso,1982,65.20758819580078
lso,1983,65.26080322265625
lso,1984,64.28262329101562
lso,1985,63.56309127807617
lso,1986,63.27149963378906
lso,1987,69.92820739746094
lso,1988,71.91033172607422
lso,1989,70.57440185546875
lso,1990,73.19358825683594
lso,1991,72.81497955322266
lso,1992,73.70686340332031
lso,1993,72.29023742675781
lso,1994,73.59722900390625
lso,1995,75.00289916992188
lso,1996,70.5302734375
lso,1997,69.08528900146484
lso,1998,68.67375946044922
lso,1999,65.63809967041016
lso,2000,63.5089111328125
lso,2001,66.0184326171875
lso,2002,69.27057647705078
lso,2003,72.64969635009766
lso,2004,77.42024230957031
lso,2005,75.2261734008789
lso,2006,99.02928924560548
lso,2007,93.53604125976564
lso,2008,90.1938705444336
lso,2009,90.54904174804688
lso,2010,91.4672393798828
lso,2011,91.01828002929688
lso,2012,91.30688972836842
lso,2013,92.00786697657789
lso,2014,88.54688309445692
lso,2015,85.1528564927812
lso,2016,86.25649056292755
lso,2019,85.92291919487802
lso,2020,79.54088606577149
lso,2021,84.17519055329569
lso,2022,75.71772003173828
lso,2023,71.86888885498047
ltu,1995,91.34298706054688
ltu,1996,94.0601806640625
ltu,1997,94.64811706542967
ltu,1999,99.74610137939452
ltu,2000,101.7944717407227
ltu,2001,102.2693710327148
ltu,2002,102.4375915527344
ltu,2003,100.6818695068359
ltu,2004,102.537841796875
ltu,2005,101.6193466186523
ltu,2006,102.7281799316406
ltu,2007,103.8740081787109
ltu,2008,98.32919311523438
ltu,2009,97.97361755371094
ltu,2010,99.46327972412108
ltu,2011,97.77615356445312
ltu,2012,100.5485382080078
ltu,2013,101.4021224975586
ltu,2014,100.8649978637695
ltu,2015,100.2538070678711
ltu,2016,100.6266403198242
ltu,2017,101.6111373901367
ltu,2018,103.4509735107422
ltu,2019,110.0299224853516
ltu,2020,108.4395980834961
ltu,2021,99.44847106933594
ltu,2022,100.3318862915039
lux,1975,85.27938079833984
lux,1976,83.95536804199219
lux,1977,86.14572143554688
lux,1978,84.975830078125
lux,1979,88.0877685546875
lux,1983,83.43477630615234
lux,2010,89.59068298339844
lux,2011,84.54309844970703
lux,2012,85.47176361083984
lux,2013,84.75189208984375
lux,2014,83.82804870605469
lux,2015,82.62814331054688
lux,2016,81.55738067626953
lux,2017,82.55503845214844
lux,2018,75.91356658935547
lux,2019,79.21399688720703
lux,2020,79.23381042480469
lux,2021,79.0376968383789
lux,2022,78.00985717773438
lva,1999,94.76693725585938
lva,2000,98.84652709960938
lva,2001,100.171989440918
lva,2002,99.31806182861328
lva,2003,99.71334838867188
lva,2004,103.5575408935547
lva,2005,101.5533294677734
lva,2006,102.7252578735352
lva,2007,100.0
lva,2008,101.4898071289063
lva,2009,99.09040069580078
lva,2010,100.3044128417969
lva,2011,98.98338317871094
lva,2012,98.49459838867188
lva,2013,98.75627136230467
lva,2014,99.92059326171876
lva,2015,101.0671768188477
lva,2016,97.9887924194336
lva,2017,99.00700378417967
lva,2018,99.1960220336914
lva,2019,98.63890075683594
lva,2020,98.94716644287108
lva,2021,98.02063751220705
lva,2022,98.52375793457033
lva,2023,97.85973358154295
mac,1990,100.985221862793
mac,1992,100.7197265625
mac,1993,97.19123077392578
mac,1999,91.65052795410156
mac,2000,97.82504272460938
mac,2001,100.3011322021484
mac,2002,104.5527572631836
mac,2003,99.6689682006836
mac,2004,102.1538467407227
mac,2005,94.75666046142578
mac,2006,97.17262268066406
mac,2007,90.80110168457033
mac,2008,92.2702178955078
mac,2009,91.5073471069336
mac,2010,97.22445678710938
mac,2011,97.88672637939452
mac,2012,99.62030792236328
mac,2013,98.68421173095705
mac,2014,94.4736785888672
mac,2015,99.70587921142578
mac,2016,90.84210968017578
mac,2017,115.8235321044922
mac,2018,100.5714263916016
mac,2019,91.36000061035156
mac,2020,90.38462066650392
mac,2021,96.03845977783205
mac,2022,93.77777862548828
mac,2023,92.1999969482422
mar,1973,20.45220947265625
mar,1974,21.27563095092773
mar,1975,22.51807975769043
mar,1977,27.03126907348633
mar,1978,29.4750804901123
mar,1979,31.89926910400391
mar,1980,33.34162139892578
mar,1981,34.83657836914063
mar,1982,36.4085693359375
mar,1983,36.96442031860352
mar,1984,37.4268798828125
mar,1985,44.18899154663086
mar,1986,43.38721084594727
mar,1987,43.26213836669922
mar,1988,39.487060546875
mar,1989,34.34907150268555
mar,1990,40.91476821899414
mar,1991,38.0052604675293
mar,1992,37.29719161987305
mar,1993,38.04055023193359
mar,1994,38.5589485168457
mar,1995,40.6782112121582
mar,1996,42.9451904296875
mar,1997,45.11214065551758
mar,1998,47.42787933349609
mar,1999,49.69393920898438
mar,2000,52.52133178710938
mar,2001,54.89154815673828
mar,2002,57.13920974731445
mar,2003,62.90903091430664
mar,2004,71.61614227294922
mar,2005,77.22103881835938
mar,2006,80.919921875
mar,2007,80.74259948730469
mar,2008,78.9745101928711
mar,2009,77.13147735595703
mar,2010,80.73734283447266
mar,2011,86.01165771484375
mar,2012,95.15178680419922
mar,2013,94.19862365722656
mar,2014,95.52337646484376
mar,2015,95.12786102294922
mar,2016,93.37911987304688
mar,2017,90.41297149658205
mar,2018,90.16319274902344
mar,2019,92.14267730712892
mar,2020,94.76451873779295
mar,2021,97.94265747070312
mar,2022,100.4052810668945
mar,2023,105.9755401611328
mco,1991,119.3798370361328
mco,1992,118.796989440918
mco,2016,168.1818237304688
mco,2024,136.25
mda,2013,92.71388244628906
mda,2014,109.7171478271484
mda,2015,106.4882965087891
mda,2016,106.144157409668
mda,2017,106.7886734008789
mda,2018,101.0954437255859
mda,2019,99.70591735839844
mda,2020,104.0618591308594
mdg,1971,21.81008911132813
mdg,1972,23.94702911376953
mdg,1973,25.1890697479248
mdg,1975,28.25960922241211
mdg,1988,36.84825897216797
mdg,1989,33.89849090576172
mdg,1990,33.3885383605957
mdg,1991,32.27980041503906
mdg,1992,29.1911792755127
mdg,1993,30.44606971740723
mdg,1994,28.40238952636719
mdg,1995,27.20649909973145
mdg,1996,28.79892921447754
mdg,1998,29.42309951782227
mdg,1999,32.63753890991211
mdg,2000,35.3922004699707
mdg,2001,34.99208831787109
mdg,2002,34.90010833740234
mdg,2003,38.62105941772461
mdg,2004,44.27803039550781
mdg,2005,54.98907089233398
mdg,2006,53.39733123779297
mdg,2007,56.92501831054688
mdg,2008,62.85055923461914
mdg,2009,69.2214584350586
mdg,2010,66.10626706591566
mdg,2011,67.8804627418908
mdg,2012,66.99029441571604
mdg,2013,66.61076676916763
mdg,2014,67.15176584086309
mdg,2015,67.56755086209827
mdg,2016,66.56431862269642
mdg,2017,66.25359435230439
mdg,2018,64.2712093862816
mdg,2019,61.58989515005555
mdg,2020,59.82862820224288
mdg,2021,63.49030395837003
mdg,2022,60.01682750187348
mdg,2023,61.11163245880981
mdg,2024,63.71693320566894
mdv,1997,120.3829727172852
mdv,2005,135.6576843261719
mdv,2006,126.8359298706055
mdv,2008,109.1501312255859
mdv,2009,110.513298034668
mdv,2010,108.4628670120898
mdv,2011,103.1088082901555
mdv,2012,95.99133261105092
mdv,2013,89.6460843373494
mdv,2014,95.41747572815534
mdv,2015,94.30702787593248
mdv,2016,98.59429910191332
mdv,2017,96.4979063570613
mdv,2018,100.1457725947522
mdv,2019,99.38292766540968
mdv,2022,100.0821692686935
mdv,2023,97.06122448979592
mex,1975,63.68827056884766
mex,1976,64.8776626586914
mex,1977,70.02226257324219
mex,1993,90.63787841796876
mex,1994,92.10312652587892
mex,1995,95.50274658203124
mex,1996,96.3222885131836
mex,1997,95.86221313476564
mex,1999,96.56056213378906
mex,2000,96.61682891845705
mex,2001,97.6611328125
mex,2002,99.19341278076172
mex,2003,98.73275756835938
mex,2004,100.5903472900391
mex,2005,101.3962478637695
mex,2006,101.4908065795898
mex,2007,102.3546600341797
mex,2008,101.7268524169922
mex,2009,100.0342407226563
mex,2010,100.4768371582031
mex,2011,100.3238830566406
mex,2012,107.0673980712891
mex,2013,110.6262435913086
mex,2014,111.7671508789063
mex,2015,106.0590286254883
mex,2016,104.6529998779297
mex,2017,104.386100769043
mex,2018,102.4861679077148
mex,2019,102.8659820556641
mex,2020,103.1613616943359
mex,2021,103.0739288330078
mex,2022,102.4661407470703
mhl,1999,89.14835357666016
mhl,2002,123.9870300292969
mhl,2003,99.48007202148438
mhl,2005,96.6728286743164
mhl,2006,104.339958190918
mhl,2007,105.0966567993164
mhl,2008,100.0
mhl,2009,98.82154846191406
mhl,2011,93.37442016601564
mhl,2016,93.32219696044922
mhl,2019,108.9719619750977
mhl,2020,106.8093414306641
mhl,2021,107.0103073120117
mhl,2022,97.67442321777344
mkd,1995,94.85179901123048
mkd,1996,95.84131622314452
mkd,1997,96.77342224121094
mkd,1999,96.88204193115234
mkd,2000,101.0952987670898
mkd,2001,100.1000518798828
mkd,2002,100.480583190918
mkd,2003,95.177001953125
mkd,2004,97.76052856445312
mkd,2005,95.7987823486328
mkd,2006,95.2186279296875
mkd,2007,94.498291015625
mkd,2008,99.01537322998048
mkd,2009,95.7110595703125
mkd,2013,97.755859375
mkd,2014,95.45655822753906
mkd,2015,96.74228668212892
mkd,2017,93.55316925048828
mkd,2018,93.9877471923828
mkd,2019,91.01164245605467
mkd,2020,90.41622161865234
mkd,2021,91.82330322265624
mkd,2022,93.592529296875
mli,1979,8.402569770812988
mli,1981,7.241109848022461
mli,1984,7.178830146789551
mli,1985,6.755770206451416
mli,1987,6.386000156402588
mli,1988,6.07834005355835
mli,2000,21.44824028015137
mli,2001,23.40694999694824
mli,2002,25.46660995483398
mli,2003,28.22579956054688
mli,2004,29.7595100402832
mli,2005,31.38430976867676
mli,2006,35.94860076904297
mli,2007,38.66902923583984
mli,2008,42.63711166381836
mli,2009,45.02267074584961
mli,2010,47.95455932617188
mli,2011,48.61814880371094
mli,2012,46.24750137329102
mli,2014,46.36431884765625
mli,2015,44.66878890991211
mli,2016,44.38125991821289
mli,2017,43.54277038574219
mli,2023,47.14373016357422
mlt,1971,105.6996383666992
mlt,1972,109.5327682495117
mlt,1973,109.7689819335938
mlt,1974,115.0541381835938
mlt,1975,102.7593765258789
mlt,1976,75.83815002441406
mlt,1977,103.610107421875
mlt,1978,92.89256286621094
mlt,1979,96.8260498046875
mlt,1980,97.74497985839844
mlt,1981,112.732421875
mlt,1982,99.32965087890624
mlt,1983,96.5464324951172
mlt,1984,98.12664031982422
mlt,1985,95.88538360595705
mlt,1986,95.87702941894533
mlt,1987,101.1760482788086
mlt,1988,98.40142059326172
mlt,1989,99.22315979003906
mlt,1990,98.68009948730467
mlt,1991,98.67272186279295
mlt,1992,99.2038803100586
mlt,1993,102.5127334594727
mlt,1994,102.1306304931641
mlt,1995,96.73294830322266
mlt,1996,100.8565292358398
mlt,1997,101.1437301635742
mlt,1998,102.2561874389648
mlt,1999,100.456298828125
mlt,2000,104.9378280639648
mlt,2001,102.6420593261719
mlt,2002,102.4488296508789
mlt,2003,100.9694290161133
mlt,2004,102.6045837402344
mlt,2005,102.4196929931641
mlt,2006,102.9350967407227
mlt,2007,99.57805633544922
mlt,2008,102.3327484130859
mlt,2009,94.74388122558594
mlt,2010,101.0682830810547
mlt,2011,98.91007995605467
mlt,2012,97.39853668212892
mlt,2013,100.2658233642578
mlt,2014,100.1964569091797
mlt,2015,98.66940307617188
mlt,2016,100.0507888793945
mlt,2017,97.5634536743164
mlt,2018,99.1491470336914
mlt,2019,97.01698303222656
mlt,2020,95.78527069091795
mlt,2021,99.49424743652344
mlt,2022,96.65071868896484
mlt,2023,97.04485321044922
mmr,1971,31.2903003692627
mmr,1972,29.60174942016602
mmr,1973,36.49102020263672
mmr,1974,35.55849838256836
mmr,1999,74.38794708251953
mmr,2000,79.81990051269531
mmr,2001,79.22096252441406
mmr,2002,79.75498962402344
mmr,2003,81.54286193847656
mmr,2004,83.59429168701172
mmr,2007,94.33364868164064
mmr,2008,94.78295135498048
mmr,2009,95.2055892944336
mmr,2010,97.47025299072266
mmr,2018,106.8067169189453
mne,2011,73.40101623535156
mne,2012,96.86244964599608
mne,2015,99.66574096679688
mne,2016,97.26902770996094
mne,2017,98.41223907470705
mne,2018,100.6506423950195
mne,2019,97.89894104003906
mne,2020,101.2651596069336
mne,2021,99.31829833984376
mne,2022,109.6107788085938
mne,2023,108.6637268066406
mng,1995,74.23986053466797
mng,1996,78.73294830322266
mng,1997,77.2077407836914
mng,1998,86.2357177734375
mng,1999,85.20294189453125
mng,2000,87.91956329345703
mng,2001,94.2342529296875
mng,2002,100.6943283081055
mng,2003,102.9953994750977
mng,2004,98.35633087158205
mng,2005,97.93257904052734
mng,2015,98.06015792596648
mng,2016,93.80661379101116
mng,2017,90.39121482498284
mng,2018,99.14971038170206
mng,2019,99.80391493965314
mng,2020,96.658309893604
mng,2021,84.89837341076311
mng,2022,96.90216114634718
mng,2023,95.61346714146973
moz,1973,5.723919868469238
moz,1982,23.9952507019043
moz,1983,19.53008079528809
moz,1984,23.70729064941406
moz,1985,24.88022041320801
moz,1986,37.09122848510742
moz,1987,27.24584007263184
moz,1988,21.08639907836914
moz,1989,22.00375938415527
moz,1990,23.28450965881348
moz,1991,23.10181999206543
moz,1992,21.50641059875488
moz,1993,21.75867080688477
moz,1994,21.12155914306641
moz,1995,19.91585922241211
moz,1999,10.68723964691162
moz,2000,12.18770980834961
moz,2001,14.03528022766113
moz,2002,16.85074043273926
moz,2004,23.21279907226563
moz,2005,33.57194137573242
moz,2006,33.53459930419922
moz,2007,38.41054153442383
moz,2008,50.85388946533203
moz,2009,49.16196823120117
moz,2010,54.05464172363281
moz,2011,50.81224822998047
moz,2012,48.93159866333008
moz,2013,47.37767028808594
moz,2014,47.89883041381836
moz,2015,48.98944091796875
moz,2017,47.44635009765625
moz,2018,52.52985000610352
moz,2019,55.11363983154297
moz,2020,58.45223999023438
moz,2022,68.56228637695312
moz,2023,55.59656471214325
mrt,1976,5.898729801177979
mrt,1977,5.494770050048828
mrt,1978,6.23507022857666
mrt,1979,9.372730255126951
mrt,1981,16.05363082885742
mrt,1985,21.88623046875
mrt,1986,24.51535987854004
mrt,1987,22.66925048828125
mrt,1988,28.59293937683105
mrt,1989,25.33971977233887
mrt,1990,21.32991027832031
mrt,1991,25.62985992431641
mrt,1992,24.78256034851074
mrt,1993,27.01193046569824
mrt,1994,26.48678970336914
mrt,1995,27.15353965759277
mrt,1996,28.82382011413574
mrt,1997,32.78176879882813
mrt,1998,39.27719116210938
mrt,1999,41.16188812255859
mrt,2001,41.80569839477539
mrt,2002,40.49000930786133
mrt,2005,39.98363876342773
mrt,2006,40.61735153198242
mrt,2007,51.87089920043945
mrt,2009,68.22400665283203
mrt,2012,67.75446319580078
mrt,2013,69.43270111083984
mrt,2014,66.3531494140625
mrt,2015,67.19593048095703
mrt,2017,65.6784896850586
mrt,2018,72.14064025878906
mrt,2019,72.39956665039062
msr,1994,80.51947784423828
msr,1999,56.5217399597168
msr,2000,56.41025924682617
msr,2001,62.5
msr,2002,71.42857360839844
msr,2004,65.3846206665039
msr,2007,87.5
msr,2009,110.3448333740234
msr,2014,110.7142868041992
mtq,1971,94.93321990966795
mus,1983,102.5684585571289
mus,1984,96.12539672851564
mus,1985,104.1658325195313
mus,1986,133.2620239257813
mus,1987,98.65067291259766
mus,1988,97.14881134033205
mus,1989,63.17650985717773
mus,1990,102.5681610107422
mus,1991,103.8601837158203
mus,1992,103.5727386474609
mus,1993,99.20307159423828
mus,1994,97.47025299072266
mus,1995,95.73989105224608
mus,1996,94.1843490600586
mus,1997,92.38542175292967
mus,1998,97.84580230712892
mus,1999,100.2004013061523
mus,2000,100.1265029907227
mus,2001,102.4406585693359
mus,2002,98.73252868652344
mus,2003,99.8901824951172
mus,2004,96.11255645751952
mus,2005,97.96868133544922
mus,2006,93.19261932373048
mus,2007,98.27481842041016
mus,2008,94.49114227294922
mus,2009,94.16179656982422
mus,2010,100.7318572998047
mus,2011,97.81681823730467
mus,2012,94.02877807617188
mus,2013,98.47865295410156
mus,2014,93.04454803466795
mus,2015,98.24941253662108
mus,2016,95.02774047851564
mus,2017,92.2343521118164
mus,2018,97.39013671875
mus,2019,93.79512786865234
mus,2020,92.14276885986328
mus,2021,94.91458129882812
mus,2023,89.87413024902344
mwi,1974,14.27727031707764
mwi,1975,14.57551002502441
mwi,1976,15.65810012817383
mwi,1977,19.00963020324707
mwi,1978,21.45649909973145
mwi,1979,22.99505996704102
mwi,1980,23.62254905700684
mwi,1981,25.48146057128906
mwi,1982,22.21977996826172
mwi,1983,26.08358001708984
mwi,1984,25.44857025146484
mwi,1985,27.15545082092285
mwi,1986,27.72016906738281
mwi,1987,28.48574066162109
mwi,1988,23.20966911315918
mwi,1989,24.25234031677246
mwi,1990,26.00387954711914
mwi,1991,28.21269989013672
mwi,1992,30.93186950683594
mwi,1993,30.77894020080566
mwi,1994,33.12995910644531
mwi,1995,44.8218994140625
mwi,1996,53.95864868164063
mwi,1999,61.38333892822266
mwi,2000,59.95008850097656
mwi,2001,63.39799880981445
mwi,2002,65.44407653808594
mwi,2004,58.49647903442383
mwi,2005,58.91183853149414
mwi,2006,59.47235870361328
mwi,2007,61.120849609375
mwi,2008,66.0821762084961
mwi,2009,68.3985824584961
mwi,2010,66.19297456653176
mwi,2011,70.38524958776794
mwi,2012,72.85765140173699
mwi,2013,76.9665014454888
mwi,2014,77.68426792692902
mwi,2019,80.11186981201172
mwi,2021,90.7453670634561
mys,1974,84.99101257324219
mys,1980,101.5244598388672
mys,1981,98.0871124267578
mys,1982,96.7104263305664
mys,1983,99.82171630859376
mys,1984,98.28244018554688
mys,1985,95.83576202392578
mys,1987,94.7587890625
mys,1988,94.96945190429688
mys,1989,93.16757965087892
mys,1990,92.07894134521484
mys,1991,92.91120910644533
mys,1993,95.18277740478516
mys,1998,96.25327301025392
mys,1999,94.5971908569336
mys,2000,102.6475601196289
mys,2002,90.8889389038086
mys,2003,89.90670013427734
mys,2004,93.45256042480467
mys,2005,97.3337173461914
mys,2006,96.22119903564452
mys,2007,97.25872802734376
mys,2008,101.5938034057617
mys,2009,103.7667770385742
mys,2010,100.3719863891602
mys,2011,101.2102204732089
mys,2012,106.7643021964254
mys,2013,101.4922750183216
mys,2014,99.44205043654216
mys,2015,96.66136962182084
mys,2016,92.94066695539196
mys,2017,92.63643629454256
mys,2018,93.27968884644945
mys,2019,92.25180852701249
mys,2020,95.93195122990676
mys,2021,93.46617892195196
mys,2022,86.53944087546634
mys,2023,93.935183590356
nam,1992,85.6900405883789
nam,1994,81.52880096435547
nam,1998,107.6123428344727
nam,1999,103.876708984375
nam,2000,99.39450073242188
nam,2001,98.17696380615234
nam,2002,97.17829895019533
nam,2003,95.04898834228516
nam,2004,82.2524185180664
nam,2005,83.02336120605469
nam,2006,82.92456817626953
nam,2008,84.39811706542969
nam,2009,92.73647308349608
nam,2010,92.4510498046875
nam,2012,93.85325622558594
nam,2013,93.36589050292967
nam,2018,98.11395263671876
ncl,1982,98.31224060058594
ncl,1983,100.8928604125977
ncl,1984,94.6875
ncl,1985,91.70555114746094
ncl,1986,90.96572875976564
ncl,1987,84.98168182373047
ncl,1988,89.62413787841797
ncl,1989,86.78839874267578
ncl,1990,95.9020767211914
ner,1971,3.107330083847046
ner,1972,3.898080110549927
ner,1973,3.989229917526245
ner,1974,4.179279804229736
ner,1975,4.48859977722168
ner,1976,4.982289791107178
ner,1977,5.73721981048584
ner,1978,6.86722993850708
ner,1979,9.11678981781006
ner,1980,10.43889045715332
ner,1981,10.77711009979248
ner,1982,11.34259986877441
ner,1983,12.26350975036621
ner,1984,13.52357006072998
ner,1985,13.83012008666992
ner,1986,15.34165954589844
ner,1987,15.85097980499268
ner,1989,10.50963973999023
ner,1990,10.85416030883789
ner,1991,12.63072967529297
ner,1992,13.01401042938232
ner,1993,12.40007019042969
ner,1995,9.759480476379396
ner,1996,13.86334037780762
ner,1997,13.50868034362793
ner,1998,14.13311958312988
ner,1999,14.42868041992188
ner,2000,14.39896965026855
ner,2001,15.03645992279053
ner,2002,16.54104042053223
ner,2003,16.3968391418457
ner,2004,20.59927940368652
ner,2005,22.70562934875488
ner,2006,25.19161987304688
ner,2007,30.49044990539551
ner,2008,30.40210914611816
ner,2009,32.22544097900391
ner,2010,33.3962287902832
ner,2011,36.88768005371094
ner,2012,40.62220001220703
ner,2013,41.29111862182617
ner,2014,49.71974182128906
ner,2015,63.87481917816215
ner,2016,64.18242645263672
ner,2017,60.89718950831771
ner,2019,56.90377044677734
ner,2020,51.13080194680064
ner,2021,54.61275100708008
ner,2022,47.98395156860352
ner,2023,44.80916976928711
nga,2000,72.00282287597656
nga,2004,68.78694152832031
nga,2005,71.47773742675781
nga,2006,76.1808090209961
nga,2007,67.46546936035156
nga,2008,60.45191955566406
nga,2009,64.80644226074219
nga,2010,65.5177993774414
nic,1970,28.26689910888672
nic,1971,31.7794303894043
nic,1972,31.81613922119141
nic,1973,34.59922027587891
nic,1977,37.59883117675781
nic,1978,36.92213821411133
nic,1979,32.71982955932617
nic,1980,37.54600143432617
nic,1982,34.13574981689453
nic,1983,33.35575866699219
nic,1984,32.47500991821289
nic,1985,35.70497894287109
nic,1986,42.98846817016602
nic,1987,52.84255981445313
nic,1988,54.13650894165039
nic,1993,53.03926086425781
nic,1994,58.4205207824707
nic,1995,53.67362976074219
nic,1999,68.68441009521484
nic,2000,68.58383178710938
nic,2001,70.19747161865234
nic,2002,77.65242767333984
nic,2003,77.05571746826172
nic,2004,77.91171264648438
nic,2005,81.82356262207031
nic,2006,82.07417297363281
nic,2007,82.8824691772461
nic,2008,81.59937286376953
nic,2010,85.2511978149414
nic,2022,82.9418716430664
niu,1998,122.2222213745117
niu,1999,125.0
niu,2001,111.7647094726563
niu,2004,93.33332824707033
niu,2014,133.3333282470703
niu,2015,78.94737243652344
niu,2016,60.0
niu,2021,77.2727279663086
nld,1971,97.06604766845705
nld,1972,97.9473876953125
nld,1973,96.09854125976564
nld,1974,96.99169921875
nld,1975,96.32846832275392
nld,1976,95.7758331298828
nld,1977,96.62740325927734
nld,1978,97.4211883544922
nld,1979,96.83457946777344
nld,1980,96.2643585205078
nld,1981,95.15241241455078
nld,1982,97.20893096923828
nld,1983,97.44988250732422
nld,1984,98.64824676513672
nld,1985,99.71945190429688
nor,1971,104.4584274291992
nor,1973,99.73333740234376
nor,1974,99.1465072631836
nor,1975,100.9626388549805
nor,1976,99.50392150878906
nor,1977,98.95291137695312
nor,1978,100.3592681884766
nor,1979,99.80103302001952
nor,1980,99.37429809570312
nor,1981,99.85946655273438
nor,1982,99.73387145996094
nor,1984,99.99378967285156
nor,1985,100.0855712890625
nor,1986,99.56002807617188
nor,1987,99.54946136474608
nor,1988,99.45530700683594
nor,1989,99.15379333496094
nor,1990,100.0079193115234
nor,1991,99.57054901123048
nor,1992,99.15306854248048
nor,1993,98.3647918701172
nor,1998,99.9844207763672
nor,1999,99.40972900390624
nor,2000,99.21222686767578
nor,2001,99.48725128173828
nor,2002,99.33674621582033
nor,2003,98.80612182617188
nor,2004,99.51792144775392
nor,2005,99.5837173461914
nor,2006,99.85479736328124
nor,2007,99.66101837158205
nor,2008,99.94448852539064
nor,2009,100.0930709838867
nor,2010,99.62580871582033
nor,2011,99.847900390625
nor,2012,100.3794326782227
nor,2013,99.63220977783205
nor,2014,99.94294738769533
nor,2015,99.16825103759766
nor,2016,99.20703125
nor,2017,99.42372894287108
nor,2018,99.43496704101564
nor,2019,99.29225158691406
nor,2020,99.3518295288086
nor,2021,99.24889373779295
nor,2022,99.20024871826172
nor,2023,98.75872802734376
npl,1992,40.73849105834961
npl,1999,52.57017135620117
npl,2000,54.90776824951172
npl,2001,56.64498901367188
npl,2002,60.77394104003906
npl,2003,61.62850952148438
npl,2004,61.99090957641602
npl,2005,66.11537170410156
npl,2006,70.58676147460938
npl,2008,78.55484008789062
npl,2012,109.8257064819336
npl,2013,109.9498062133789
npl,2014,113.957389831543
npl,2015,117.5252685546875
npl,2016,123.6195678710938
npl,2017,126.5824966430664
npl,2019,124.3781509399414
npl,2021,98.35061784215632
npl,2022,97.31712259957914
npl,2023,117.634726001198
npl,2024,112.5894559771457
nru,2001,91.59664154052734
nru,2007,95.3271026611328
nru,2012,105.8823471069336
nru,2014,100.9345779418945
nru,2016,126.315788269043
nru,2019,100.0
nru,2020,97.7443618774414
nru,2023,115.1315765380859
nzl,1970,99.72862243652344
nzl,1971,101.466178894043
nzl,1972,102.560676574707
nzl,1973,102.620491027832
nzl,1974,101.3378524780273
nzl,1975,100.4421005249023
nzl,1976,100.0300598144531
nzl,1977,101.1629104614258
nzl,1978,100.4990921020508
nzl,1979,100.5299377441406
omn,1974,0.7834299802780151
omn,1975,0.842490017414093
omn,1976,3.031490087509155
omn,1978,8.131179809570312
omn,1979,12.80970001220703
omn,1983,24.19284057617188
omn,1984,30.51721954345703
omn,1985,31.19248008728027
omn,1986,37.98780059814453
omn,1987,41.6950798034668
omn,1988,50.50973892211914
omn,1989,59.54177856445313
omn,1990,68.00846099853516
omn,1992,73.47808837890625
omn,1994,75.38301849365234
omn,1995,78.6865463256836
omn,1996,82.4289321899414
omn,1997,84.44718170166016
omn,1998,84.47068786621094
omn,1999,85.21956634521484
omn,2000,81.81514739990234
omn,2001,82.8384017944336
omn,2002,83.15216827392578
omn,2003,86.69122314453125
omn,2009,94.21613311767578
omn,2011,117.1750030517578
omn,2012,108.0420684814453
omn,2013,102.7491302490234
omn,2014,104.2439498901367
omn,2015,98.86855316162108
omn,2016,101.2409515380859
omn,2017,107.249137878418
omn,2018,97.49945068359376
omn,2019,99.146728515625
omn,2020,92.34735870361328
omn,2021,88.95954132080078
omn,2022,86.82652282714844
pak,2005,44.58124923706055
pak,2006,45.16524887084961
pak,2007,46.89841842651367
pak,2008,46.45114898681641
pak,2009,45.84181976318359
pak,2010,48.22671127319336
pak,2011,46.73123931884766
pak,2012,50.22016143798828
pak,2013,50.07159042358398
pak,2014,51.18851852416992
pak,2016,50.03105926513672
pak,2018,52.65401840209961
pak,2019,54.748291015625
pak,2021,59.24719220534676
pak,2022,60.28724772105048
pan,1970,66.13446807861328
pan,1971,69.8011474609375
pan,1972,74.08767700195312
pan,1973,79.47279357910156
pan,1974,81.11460876464844
pan,1975,83.4827880859375
pan,1976,98.8445281982422
pan,1977,93.7399673461914
pan,1978,91.93009185791016
pan,1979,90.61419677734376
pan,1980,87.63423919677734
pan,1981,84.9861831665039
pan,1982,84.50060272216797
pan,1983,85.2413330078125
pan,1984,80.49510192871094
pan,1985,83.27738189697266
pan,1986,83.33207702636719
pan,1987,84.04035949707031
pan,1988,82.55631256103516
pan,1989,84.2454833984375
pan,1999,89.14769744873047
pan,2000,91.20912170410156
pan,2001,91.50128173828124
pan,2002,91.84098052978516
pan,2004,93.04160308837892
pan,2005,92.61444091796876
pan,2006,90.95970916748048
pan,2007,96.1140365600586
pan,2008,99.45088958740234
pan,2009,99.36512756347656
pan,2010,95.59999847412108
pan,2011,99.62133026123048
pan,2012,101.3315963745117
pan,2013,99.5596923828125
pan,2014,95.73693084716795
pan,2017,89.67340087890625
pan,2019,86.9281997680664
pan,2020,87.40811920166016
pan,2021,94.7014617919922
pan,2022,93.20629119873048
pan,2023,93.28206634521484
per,1970,64.21285247802734
per,1977,76.97624206542969
per,1978,75.92037963867188
per,1979,75.5910873413086
per,1980,75.57698822021484
per,1981,73.38992309570312
per,1993,82.54997253417969
per,1995,84.44893646240234
per,1998,91.8121337890625
per,1999,96.99677276611328
per,2000,95.32848358154295
per,2001,91.13899993896484
per,2002,91.42266845703124
per,2003,96.89833068847656
per,2004,97.24585723876952
per,2005,97.94541168212892
per,2006,99.65016174316406
per,2007,102.7496185302734
per,2008,102.6516265869141
per,2009,100.7074890136719
per,2010,103.3941497802734
per,2011,100.8274230957031
per,2012,95.2017822265625
per,2013,98.64360809326172
per,2014,99.76322174072266
per,2015,102.1611099243164
per,2016,102.7531967163086
per,2017,94.06925964355467
per,2018,92.58175659179688
per,2019,94.7819595336914
per,2021,108.7363967895508
per,2022,109.929328918457
per,2023,110.3638381958008
phl,1981,81.86004638671875
phl,1983,87.18254852294922
phl,1984,88.79750061035156
phl,1985,88.73919677734375
phl,1986,87.91631317138672
phl,1987,86.61640930175781
phl,1988,85.48710632324219
phl,1989,87.19114685058594
phl,1998,84.19882202148438
phl,1999,85.43280029296875
phl,2001,101.0955581665039
phl,2002,93.78749084472656
phl,2003,93.52137756347656
phl,2004,93.73365020751952
phl,2005,94.10636901855467
phl,2006,91.51258087158205
phl,2007,90.05135345458984
phl,2008,91.51516723632812
phl,2009,91.04940795898438
phl,2014,94.47037198064972
phl,2017,102.9955248368828
phl,2018,105.8876266700514
phl,2019,98.0368681210744
phl,2020,94.84187522836012
phl,2021,88.73982156918737
phl,2022,85.68481277205318
phl,2023,75.8258609442469
plw,2000,92.59259033203124
plw,2013,117.7570093457944
plw,2014,94.69026548672566
plw,2021,101.6666717529297
plw,2022,86.4406779661017
plw,2023,84.34782608695653
png,1987,47.450439453125
png,1988,50.30447006225586
png,1989,51.10358047485352
png,1990,48.91876983642578
png,1991,47.07191848754883
png,1992,46.49119186401367
png,1994,51.38837814331055
png,1995,51.07102966308594
png,1996,50.11214828491211
png,1997,48.08320999145508
png,1998,47.21284866333008
png,2000,49.35800170898438
png,2001,49.11043930053711
png,2002,49.15837097167969
png,2003,51.95539855957031
png,2014,67.0115737915039
png,2016,70.53337097167969
pol,2009,96.73336791992188
pol,2010,97.01869201660156
pol,2011,96.80020904541016
pol,2012,96.55796813964844
pol,2013,96.13217926025392
pol,2014,96.20345306396484
pol,2015,99.9403076171875
pol,2016,101.2642517089844
pol,2017,106.8236694335938
pol,2018,93.84088897705078
pol,2019,94.29234313964844
pol,2022,98.05145263671876
pol,2023,103.9559783935547
pri,2015,89.6317367553711
pri,2018,81.80957794189453
pri,2023,65.48946380615234
prk,2009,96.5169677734375
prt,1972,55.92210006713867
prt,1973,61.85076904296875
prt,1974,67.40975952148438
prt,1975,73.83348846435547
prt,1976,67.37566375732422
prt,2018,99.24781799316406
prt,2019,100.4326477050781
prt,2020,101.6725234985352
prt,2021,102.415283203125
prt,2022,103.8060684204102
pry,1970,45.49565887451172
pry,1972,45.87099838256836
pry,1973,48.95473098754883
pry,1974,49.62625885009766
pry,1975,49.6079216003418
pry,1976,50.65908813476563
pry,1977,52.04553985595703
pry,1978,53.34254837036133
pry,1980,57.66297912597656
pry,1981,61.07011032104492
pry,1982,61.72916030883789
pry,1983,64.9366683959961
pry,1984,66.58750915527344
pry,1985,68.4653091430664
pry,1986,67.9361801147461
pry,1987,69.0712890625
pry,1988,69.4409408569336
pry,1989,70.26004791259766
pry,1990,71.62935638427734
pry,1991,76.80506896972656
pry,1992,76.9021224975586
pry,1993,84.17395782470703
pry,1994,82.32676696777344
pry,1995,83.95509338378906
pry,1996,87.04949951171875
pry,1998,96.87377166748048
pry,1999,93.50582122802734
pry,2000,94.79904174804688
pry,2001,95.00617980957033
pry,2002,96.33175659179688
pry,2003,98.42006683349608
pry,2004,97.83502197265624
pry,2005,99.73927307128906
pry,2006,99.23838806152344
pry,2007,101.1631927490234
pry,2008,101.9361572265625
pry,2009,102.9009017944336
pry,2010,100.7018203735352
pry,2011,96.91957092285156
pry,2012,96.74524688720705
pry,2016,98.51116180419922
pry,2020,84.16776275634766
pry,2022,86.74772644042969
pry,2023,89.82238006591797
pse,1995,82.47392272949219
pse,1996,82.46605682373047
pse,1997,82.2606430053711
pse,1999,91.84342193603516
pse,2000,93.42093658447266
pse,2001,96.64380645751952
pse,2002,94.8314208984375
pse,2003,100.2714691162109
pse,2004,94.08374786376952
pse,2005,96.0278091430664
pse,2007,89.91200256347656
pse,2008,89.79955291748047
pse,2009,91.11090087890624
pse,2010,94.19577026367188
pse,2011,92.92726135253906
pse,2012,89.40780639648438
pse,2013,93.56239318847656
pse,2014,94.41162109375
pse,2015,94.50592041015624
pse,2016,93.78170776367188
pse,2017,97.98558807373048
pse,2018,94.87412261962892
pse,2019,93.74970245361328
pse,2020,96.4084701538086
pse,2021,92.92469024658205
pse,2022,93.37660217285156
pse,2023,90.26235961914064
pyf,1983,58.99858093261719
qat,1971,55.59440994262695
qat,1972,64.2712631225586
qat,1973,66.34015655517578
qat,1974,61.31557846069336
qat,1975,64.03079223632812
qat,1976,62.87348937988281
qat,1977,61.22209167480469
qat,1978,76.21951293945312
qat,1979,77.66069793701172
qat,1980,77.2842025756836
qat,1981,73.82453155517578
qat,1982,81.30233001708984
qat,1984,82.64134216308594
qat,1985,84.29541778564453
qat,1986,84.53150177001953
qat,1987,76.0827865600586
qat,1988,83.19941711425781
qat,1989,84.56681823730469
qat,1990,84.31307220458984
qat,1991,84.14985656738281
qat,1992,81.15055084228516
qat,1993,78.05734252929688
qat,1994,77.21127319335938
qat,1995,74.39456176757812
qat,1996,61.53240966796875
qat,1998,98.8525390625
qat,1999,99.35684204101564
qat,2003,94.12256622314452
qat,2005,90.51519775390624
qat,2006,91.00482940673828
qat,2007,94.21446228027344
qat,2008,96.82431793212892
qat,2009,100.4263000488281
qat,2011,99.7480697631836
qat,2013,98.50611877441406
qat,2014,91.43016815185548
qat,2015,93.0517120361328
qat,2016,93.50099182128906
qat,2017,100.78125
qat,2018,100.7134628295898
qat,2019,99.72293853759766
qat,2020,103.724006652832
qat,2021,90.48374938964844
qat,2022,95.54045867919922
rou,1990,94.1808624267578
rou,1993,88.47374725341797
rou,1999,95.12001037597656
rou,2000,93.93134307861328
rou,2001,104.5957489013672
rou,2002,101.1764297485352
rou,2003,95.71134948730467
rou,2004,92.62476348876952
rou,2005,91.9802017211914
rou,2006,92.40734100341795
rou,2008,89.84060668945312
rou,2009,95.8681182861328
rou,2010,97.17691040039064
rou,2011,98.06233215332033
rou,2012,94.71045684814452
rou,2015,92.6963119506836
rou,2016,89.60899353027344
rou,2018,87.94283294677734
rou,2019,87.48667907714844
rou,2020,86.77613830566406
rou,2021,88.50206756591797
rou,2022,82.7013168334961
rou,2023,81.00312042236328
rus,1994,92.73686981201172
rus,1995,92.21141815185548
rus,2014,95.66194915771484
rus,2015,98.12339782714844
rus,2016,95.5871810913086
rus,2018,99.33300018310548
rus,2019,99.67565155029295
rwa,1971,14.60809993743896
rwa,1972,15.596360206604
rwa,1973,17.98287010192871
rwa,1974,18.67831993103027
rwa,1975,21.15200042724609
rwa,1977,24.21743965148926
rwa,1980,33.20090866088867
rwa,1981,43.36547088623047
rwa,1982,42.21041107177734
rwa,1983,41.51815032958984
rwa,1984,42.68614959716797
rwa,1985,44.67189025878906
rwa,1986,41.7087287902832
rwa,1987,42.24567031860352
rwa,1988,43.18474960327148
rwa,1989,43.38322067260742
rwa,1990,42.08560943603516
rwa,1991,41.99945831298828
rwa,1992,41.75455093383789
rwa,1999,23.29158973693848
rwa,2000,18.94168090820313
rwa,2001,24.48942947387695
rwa,2002,30.37704086303711
rwa,2003,41.77304840087891
rwa,2004,40.6290397644043
rwa,2008,54.72512817382813
rwa,2009,75.69171905517578
rwa,2010,79.90682983398438
rwa,2012,79.05438232421875
rwa,2013,63.98886108398438
rwa,2014,69.13755798339844
rwa,2015,68.32243347167969
rwa,2016,73.73372650146484
rwa,2017,85.44866180419922
rwa,2018,91.02252960205078
rwa,2019,102.3719024658203
rwa,2021,101.3481674194336
rwa,2023,65.06304931640625
sau,1979,50.41794967651367
sau,2005,108.9049224853516
sau,2007,114.7398223876953
sau,2008,117.1410598754883
sau,2011,126.429801940918
sau,2012,134.669189453125
sau,2013,101.5441284179688
sau,2017,101.3890686035156
sau,2018,102.5273132324219
sau,2019,97.80864715576172
sau,2020,95.46803283691406
sau,2021,96.0771484375
sau,2022,120.3510208129883
sdn,2010,51.80955123901367
sdn,2012,49.95718002319336
sdn,2013,51.46944046020508
sdn,2014,51.01129150390625
sdn,2015,52.12601852416992
sdn,2016,53.36650848388672
sdn,2017,55.59226989746094
sdn,2018,56.87300109863281
sdn,2019,59.69435882568359
sen,1971,17.65970039367676
sen,1972,17.86281967163086
sen,1978,22.16457939147949
sen,1979,23.18148994445801
sen,1980,21.81909942626953
sen,1981,22.55297088623047
sen,1982,22.3948802947998
sen,1983,23.65563011169434
sen,1984,24.77326011657715
sen,1985,23.96944046020508
sen,1986,26.3223991394043
sen,1988,29.72007942199707
sen,1989,30.07658958435059
sen,1990,30.80582046508789
sen,1992,29.50668907165527
sen,1994,28.98384094238281
sen,1996,30.97212028503418
sen,1997,31.67276954650879
sen,1998,34.26158905029297
sen,2000,32.12525939941406
sen,2001,36.85329055786133
sen,2002,40.31687164306641
sen,2003,41.03448104858398
sen,2004,43.66458892822266
sen,2005,48.73983001708984
sen,2006,47.8951301574707
sen,2007,49.75693893432617
sen,2008,58.01596832275391
sen,2009,59.38843154907227
sen,2010,59.18751907348633
sen,2011,62.3919792175293
sen,2012,62.71384048461914
sen,2013,64.27867889404297
sen,2014,64.4314193725586
sen,2015,62.07841873168945
sen,2019,67.91510772705078
sen,2020,68.12663269042969
sen,2021,71.64202880859375
sen,2022,60.79438018798828
sen,2023,71.71021270751953
sgp,2016,99.1869888305664
sgp,2017,99.25125122070312
sgp,2018,100.0259094238281
sgp,2019,97.81577301025392
sgp,2020,102.1751480102539
sgp,2021,99.96884155273438
sgp,2022,99.50669097900392
shn,1998,116.1290283203125
slb,1975,30.02717018127441
slb,1980,47.58572006225586
slb,1981,47.97320175170898
slb,1982,43.84838104248047
slb,1983,43.75191879272461
slb,1986,43.98995971679688
slb,2011,86.97754210854647
slb,2012,84.5270068636228
slb,2013,83.19701535370928
slb,2014,83.46740638002774
slb,2015,83.5780681665095
slb,2016,83.98000789162174
slb,2017,85.22461698260192
slb,2018,84.5664077422641
slb,2019,83.01067262347978
slb,2020,78.54988539027627
slb,2023,69.10648449360227
sle,1978,16.44589996337891
sle,2007,66.92913818359375
sle,2011,66.48431035973178
sle,2012,63.08786308304206
sle,2013,62.11974606471102
sle,2015,61.31112486635529
sle,2016,70.83490059108006
sle,2017,71.35632637837601
sle,2018,84.7582770504572
sle,2019,85.82474496468741
sle,2020,89.90602655771195
sle,2021,101.0009327329074
sle,2022,106.2299198275947
sle,2023,101.7166172827513
slv,1971,38.97404861450195
slv,1972,43.11206817626953
slv,1973,48.50107955932617
slv,1974,50.2205810546875
slv,1976,47.68587875366211
slv,1977,48.19662094116211
slv,1981,46.27890014648438
slv,1982,49.83078002929688
slv,1983,53.3047981262207
slv,1984,51.2900390625
slv,1987,63.9432487487793
slv,1988,67.3326416015625
slv,1989,64.40252685546875
slv,1991,64.33773803710938
slv,1992,63.90090942382813
slv,1993,64.42633819580078
slv,1995,65.97154235839844
slv,1996,70.36405181884766
slv,1997,0.0
slv,1998,76.318603515625
slv,2000,83.00023651123047
slv,2001,84.34056854248047
slv,2002,85.07337188720703
slv,2003,86.11007690429688
slv,2005,90.5886688232422
slv,2006,89.65290069580078
slv,2007,94.33049774169922
slv,2008,94.64157104492188
slv,2009,97.59365081787108
slv,2010,98.22647857666016
slv,2011,99.93839263916016
slv,2012,98.33321380615234
slv,2013,96.68804931640624
slv,2014,95.89769744873048
slv,2015,93.0173568725586
slv,2016,92.6875
slv,2017,92.82227325439452
slv,2018,89.8218002319336
slv,2020,83.76637268066406
slv,2021,85.79618835449219
slv,2022,82.28414916992188
slv,2023,82.57090759277344
smr,1992,92.17391204833984
smr,1993,95.93495941162108
smr,2000,78.67646789550781
smr,2008,96.62162017822266
smr,2009,92.9936294555664
smr,2010,94.18605041503906
smr,2011,95.42484283447266
smr,2012,92.85713958740234
smr,2018,96.7741928100586
smr,2019,95.3608169555664
smr,2020,96.27329254150392
smr,2021,93.06358337402344
smr,2022,94.4751434326172
smr,2023,98.68421173095705
srb,2007,102.6113128662109
srb,2008,106.2953033447266
srb,2009,97.96517181396484
srb,2010,95.39524841308594
srb,2011,100.808219909668
srb,2012,98.29118347167967
srb,2013,98.53336334228516
srb,2014,103.0599136352539
srb,2015,101.5230102539063
srb,2016,99.64395141601564
srb,2017,100.91259765625
srb,2018,98.7015380859375
srb,2019,98.07971954345705
srb,2020,98.08001708984376
srb,2021,99.18344116210938
srb,2022,97.99051666259766
ssd,2011,20.19835090637207
stp,1977,50.61626815795898
stp,1984,104.6597595214844
stp,1988,67.772216796875
stp,1999,47.64957046508789
stp,2002,60.79874038696289
stp,2003,57.07595825195313
stp,2004,70.7771987915039
stp,2005,74.15672302246094
stp,2007,72.30306243896484
stp,2008,75.28256225585938
stp,2009,84.12928009033203
stp,2010,85.77445220947266
stp,2011,110.374382019043
stp,2012,91.53780068728524
stp,2013,97.08538818359376
stp,2014,89.68537902832031
stp,2015,95.53571428571428
stp,2016,80.91458892822266
stp,2017,87.18887329101562
stp,2018,87.17948717948718
stp,2019,91.6958654519972
sur,1976,72.05451202392578
sur,1977,85.97109985351562
sur,1978,78.46881103515625
sur,1979,83.27684020996094
sur,1985,90.65541839599608
sur,1987,82.43061828613281
sur,1988,79.13899993896484
sur,1989,86.27678680419922
sur,2005,83.51949310302734
sur,2006,90.76544189453124
sur,2007,74.0118637084961
sur,2008,85.75531005859375
sur,2009,83.98808288574219
sur,2010,83.7272720336914
sur,2011,82.05310821533203
sur,2012,81.70774841308594
sur,2013,82.27313232421875
sur,2014,87.17352294921875
sur,2015,88.51165008544922
sur,2016,89.51883697509766
sur,2017,84.31703186035156
sur,2018,83.00907897949219
sur,2019,85.4568862915039
sur,2020,89.46401977539062
sur,2021,80.31611633300781
svk,1992,98.6862564086914
svk,1993,96.94869232177734
svk,1994,97.5937271118164
svk,1995,97.01526641845705
svk,1996,97.22622680664064
svk,1997,98.49365234375
svk,1998,99.58936309814452
svk,1999,100.1897201538086
svk,2000,98.75435638427734
svk,2001,100.8837814331055
svk,2002,99.04695892333984
svk,2003,99.48686981201172
svk,2004,102.8681869506836
svk,2005,100.8455200195313
svk,2006,97.85977935791016
svk,2007,97.72238159179688
svk,2008,98.04483032226564
svk,2009,96.87261199951172
svk,2010,97.0864028930664
svk,2011,99.06745147705078
svk,2012,95.62663269042967
svk,2013,94.61190032958984
svk,2014,93.59149932861328
svk,2015,93.97527313232422
svk,2016,93.80416107177734
svk,2017,94.81204986572266
svk,2018,92.81514739990234
svk,2019,91.38371276855467
svk,2020,96.54824066162108
svk,2021,92.65296936035156
svk,2022,96.6477279663086
svk,2023,99.79060363769533
svn,1997,99.41295623779295
svn,1998,99.050048828125
svn,1999,97.9880599975586
svn,2000,97.78607940673828
svn,2001,98.88330078125
svn,2002,96.34043121337892
svn,2003,105.4004135131836
svn,2008,94.30596923828124
svn,2009,95.39495086669922
svn,2010,97.48136138916016
svn,2011,96.98664855957033
svn,2012,97.50466918945312
svn,2013,97.89150238037108
svn,2014,97.38658142089844
svn,2015,98.74301910400392
svn,2016,96.62934112548828
svn,2017,97.18821716308594
svn,2018,98.63632202148438
svn,2019,97.29489135742188
svn,2020,97.42620849609376
svn,2021,97.7730712890625
svn,2022,97.73819732666016
svn,2023,96.82882690429688
swe,1971,96.1565399169922
swe,1972,96.93801879882812
swe,1973,96.6813507080078
swe,1974,96.43470001220705
swe,1975,96.85973358154295
swe,1976,97.0395278930664
swe,1977,97.11988067626952
swe,1978,97.80349731445312
swe,1979,99.06485748291016
swe,1980,99.25157928466795
swe,1981,99.22492218017578
swe,1982,99.58161163330078
swe,1983,99.19391632080078
swe,1984,98.93997192382812
swe,1987,98.8080596923828
swe,1988,98.82955169677734
swe,1989,99.26394653320312
swe,1990,98.82649230957033
swe,1991,99.17781829833984
swe,1992,98.81143951416016
swe,1993,103.3173980712891
swe,1994,103.6265106201172
swe,1999,100.9451217651367
swe,2000,101.035041809082
swe,2001,100.3499603271484
swe,2002,100.0676803588867
swe,2003,99.81681823730467
swe,2004,99.05061340332033
swe,2005,99.5318603515625
swe,2006,99.4617919921875
swe,2007,99.40521240234376
swe,2008,99.69418334960938
swe,2009,99.31243896484376
swe,2010,98.64713287353516
swe,2011,97.6236572265625
swe,2012,99.18666076660156
swe,2013,99.27497863769533
swe,2014,99.01744842529295
swe,2015,99.26918792724608
swe,2016,99.51132965087892
swe,2017,99.65846252441406
swe,2018,99.533447265625
swe,2019,98.74694061279295
swe,2020,99.58921051025392
swe,2021,99.71408081054688
swe,2022,99.90505981445312
swe,2023,99.59455108642578
swz,1970,40.78211975097656
swz,1971,38.88888931274414
swz,1972,39.58436965942383
swz,1973,48.60615921020508
swz,1974,54.48799133300781
swz,1975,58.43856048583984
swz,1976,61.02256011962891
swz,1977,60.94073104858398
swz,1978,61.8538818359375
swz,1979,61.57641983032227
swz,1980,63.12857055664063
swz,1981,63.28388977050781
swz,1982,64.96077728271484
swz,1983,66.18489837646484
swz,1984,66.13162231445312
swz,1985,66.49053192138672
swz,1986,67.2559814453125
swz,1987,65.25707244873047
swz,1988,68.1958999633789
swz,1989,65.2077407836914
swz,1990,65.12847900390625
swz,1991,62.72011947631836
swz,1992,63.47261047363281
swz,1993,61.88592910766602
swz,1994,62.99969100952148
swz,1995,65.86724090576172
swz,1996,62.60382080078125
swz,1997,63.54082107543945
swz,1998,65.07926177978516
swz,1999,64.66085052490234
swz,2000,66.17304229736328
swz,2001,62.98823165893555
swz,2002,66.08735656738281
swz,2003,64.817138671875
swz,2004,66.62037658691406
swz,2005,69.85236358642578
swz,2006,69.15308380126953
swz,2007,71.74101257324219
swz,2009,76.19518280029297
swz,2010,83.67021942138672
swz,2011,83.39057159423828
swz,2012,83.96089935302734
swz,2013,84.65619659423828
swz,2014,86.95716857910156
swz,2015,92.48136901855467
swz,2016,98.06195831298828
swz,2017,101.6023330688477
swz,2018,101.6816711425781
swz,2019,98.7685317993164
swz,2023,95.27068328857422
syc,1970,87.79412078857422
syc,1971,97.7528076171875
syc,1972,105.466667175293
syc,1974,103.2098770141602
syc,1975,102.6505966186523
syc,1976,100.5896224975586
syc,1977,98.3720932006836
syc,1978,104.5936431884766
syc,1980,101.6128997802734
syc,1981,96.81121826171876
syc,1982,96.62338256835938
syc,1983,105.2151184082031
syc,1984,102.6385192871094
syc,1985,101.4492797851563
syc,1986,110.7470474243164
syc,1987,107.9427108764648
syc,1988,94.08673095703124
syc,1989,100.0
syc,1991,111.0824737548828
syc,1992,99.09793853759766
syc,1993,104.4414520263672
syc,1994,103.2624130249023
syc,1997,99.36788940429688
syc,1998,104.681396484375
syc,1999,106.1170196533203
syc,2000,111.8571395874023
syc,2001,114.8514862060547
syc,2002,102.5316467285156
syc,2003,117.6384811401367
syc,2004,105.6164398193359
syc,2005,117.4964370727539
syc,2007,117.6380386352539
syc,2008,124.4186019897461
syc,2009,142.8865966796875
syc,2010,116.3879623413086
syc,2011,112.7760314941406
syc,2012,101.0835876464844
syc,2013,104.3618698120117
syc,2014,120.6349182128906
syc,2015,112.0124816894531
syc,2016,129.5025634765625
syc,2017,155.3047332763672
syc,2018,128.4734039306641
syc,2019,140.8582153320313
syc,2020,133.4991760253906
syc,2021,167.0403594970703
syc,2022,100.9055633544922
syc,2023,93.46330261230467
syr,1971,35.79978942871094
syr,1972,38.97486877441406
syr,1973,40.06304168701172
syr,1974,44.98604965209961
syr,1975,47.38383865356445
syr,1976,51.07841110229492
syr,1977,54.38029098510742
syr,1978,57.02360916137695
syr,1979,55.29148101806641
syr,1980,55.21149826049805
syr,1981,58.18803024291992
syr,1982,62.94636154174805
syr,1983,66.45887756347656
syr,1984,70.4012222290039
syr,1985,74.77446746826172
syr,1986,78.22810363769531
syr,1987,79.33500671386719
syr,1988,79.86614227294922
syr,1989,84.69654846191406
syr,1990,84.74884033203125
syr,1991,87.04158020019531
syr,1992,91.99069213867188
syr,1993,84.8494873046875
syr,1994,87.72770690917969
syr,1995,87.12816619873047
syr,1996,88.40251922607422
syr,1997,86.43698120117188
syr,1998,85.61721801757812
syr,1999,85.68167877197266
syr,2000,85.19513702392578
syr,2001,86.2892074584961
syr,2002,86.96215057373047
syr,2003,97.00576782226564
syr,2004,97.40963745117188
syr,2005,100.9407806396484
syr,2006,104.5107879638672
syr,2007,104.1915969848633
syr,2008,104.1916275024414
syr,2009,104.1847534179688
syr,2010,102.4850082397461
syr,2011,103.8790969848633
syr,2012,104.9630126953125
syr,2013,63.16107177734375
syr,2020,57.90481185913086
syr,2021,57.32025909423828
syr,2022,59.05260848999023
syr,2023,61.28570175170898
syr,2024,61.37477874755859
tca,1994,83.47825622558594
tca,1997,79.84496307373047
tca,2000,88.9610366821289
tca,2001,96.0264892578125
tca,2002,108.9743576049805
tca,2004,104.2944793701172
tca,2005,104.5714263916016
tca,2009,99.57805633544922
tca,2014,67.71653543307087
tca,2015,69.6
tca,2018,130.9523773193359
tca,2021,99.28571319580078
tca,2022,96.30995941162108
tcd,1976,4.742010116577148
tcd,1977,4.377840042114258
tcd,1988,3.636389970779419
tcd,1989,4.538430213928223
tcd,1990,6.132219791412354
tcd,1991,6.960790157318115
tcd,1994,8.854940414428711
tcd,1995,6.412330150604248
tcd,1996,6.927140235900879
tcd,1997,7.828159809112549
tcd,1999,11.23789978027344
tcd,2000,12.48248958587646
tcd,2001,14.07151031494141
tcd,2002,16.11565017700195
tcd,2003,20.19811058044434
tcd,2004,21.9436092376709
tcd,2005,19.70379066467285
tcd,2006,20.65884017944336
tcd,2009,22.4906005859375
tcd,2010,22.94885063171387
tcd,2011,25.89775085449219
tcd,2012,26.19790077209473
tcd,2013,29.13275909423828
tcd,2015,29.98117065429688
tcd,2016,32.69974136352539
tcd,2017,29.97509956359863
tcd,2018,32.63142013549805
tcd,2021,36.2611083984375
tgo,1971,11.84537982940674
tgo,1972,14.88630962371826
tgo,1976,20.93283081054688
tgo,1978,27.95161056518555
tgo,1979,29.08004951477051
tgo,1980,30.45022964477539
tgo,1981,28.49485969543457
tgo,1982,28.01148986816406
tgo,1983,27.59145927429199
tgo,1984,23.37762069702148
tgo,1985,18.55388069152832
tgo,1986,19.14257049560547
tgo,1987,18.20548057556152
tgo,1988,22.50227928161621
tgo,1989,17.60408020019531
tgo,1990,21.79207038879395
tgo,1991,22.16654014587402
tgo,1992,22.95380973815918
tgo,1994,19.224609375
tgo,1995,26.61882019042969
tgo,1996,30.42787933349609
tgo,1999,39.93215179443359
tgo,2000,48.46633911132813
tgo,2001,55.25537109375
tgo,2003,57.97513961791992
tgo,2004,60.21424102783203
tgo,2005,59.74776840209961
tgo,2006,59.89157104492188
tgo,2008,54.15158843994141
tgo,2009,54.34468078613281
tgo,2010,59.41831970214844
tgo,2011,61.37823104858398
tgo,2012,65.53740692138672
tgo,2013,70.558349609375
tgo,2014,77.52458190917969
tgo,2016,89.91819763183594
tgo,2017,87.36768341064453
tgo,2018,85.70507049560547
tgo,2019,82.75541687011719
tgo,2020,83.22599029541016
tgo,2021,83.50537872314453
tgo,2022,84.15352630615234
tgo,2023,86.96009826660156
tha,1975,32.94873809814453
tha,1976,35.14664840698242
tha,1977,35.68912124633789
tha,1978,37.34828948974609
tha,1981,73.26669311523438
tha,1999,87.20416259765625
tha,2000,85.78443145751953
tha,2001,86.71604919433594
tha,2017,98.61351013183594
tha,2018,99.39157104492188
tha,2019,100.5910134366707
tha,2020,102.5783842806504
tha,2021,102.9182643571775
tha,2022,101.9206479035653
tha,2023,101.8542730843464
tjk,2009,90.2426528930664
tjk,2010,94.0615463256836
tjk,2011,102.8295364379883
tjk,2012,93.41802215576172
tjk,2014,89.81553649902344
tjk,2015,88.95948791503906
tjk,2016,86.85253143310547
tjk,2017,89.48107147216797
tkl,2000,91.30435180664064
tkl,2001,121.739128112793
tkl,2002,121.739128112793
tkl,2003,130.0
tkl,2019,68.42105102539062
tkl,2020,50.0
tkl,2021,76.19048309326172
tls,2008,98.544677734375
tls,2009,85.65538024902344
tls,2010,78.34230355220667
tls,2011,84.183710082526
tls,2012,89.11240149315637
tls,2013,95.20938023450586
tls,2014,99.05629248333663
tls,2015,106.3095778483886
tls,2016,101.0704045874482
tls,2017,99.45476447093134
tls,2018,103.5689337651616
tls,2019,106.2552073319233
tls,2020,103.2373632100052
tls,2021,101.1056347409085
tls,2022,98.02742687293116
tls,2023,93.25431764307484
ton,1977,78.11126708984375
ton,1978,94.5827178955078
ton,1979,108.8856506347656
ton,1981,116.4363632202148
ton,1982,96.61515808105467
ton,1984,101.340690612793
ton,1985,87.81478118896484
ton,1986,93.661376953125
ton,1990,109.6852264404297
ton,1991,87.93650817871094
ton,1993,112.8805618286133
ton,1998,98.45890045166016
ton,1999,104.6737213134766
ton,2001,98.45276641845705
ton,2005,106.8368988037109
ton,2006,104.2114028930664
ton,2012,108.8948787061995
ton,2013,115.2466367713004
ton,2020,100.2483443708609
ton,2021,99.18032786885246
ton,2022,112.2564935064935
ton,2023,102.411575562701
tto,1982,113.1080322265625
tto,1985,91.31160736083984
tto,1988,99.16417694091795
tto,1991,98.84284973144533
tto,1992,98.12454986572266
tto,1993,96.65290069580078
tto,1996,92.23368072509766
tto,1997,91.3605728149414
tto,1999,99.8752670288086
tto,2000,93.42549896240234
tto,2001,87.16796112060547
tto,2003,89.01020812988281
tto,2004,93.35816955566406
tto,2005,89.97734832763672
tto,2007,91.54370880126952
tto,2008,88.61078643798828
tto,2009,90.52040863037108
tto,2010,89.27081298828125
tto,2023,92.58506011962892
tun,1973,43.01779937744141
tun,1976,47.64860153198242
tun,1977,49.73276901245117
tun,1978,51.08002853393555
tun,1979,44.06024169921875
tun,1980,46.5082893371582
tun,1981,63.46004104614258
tun,1982,51.42575073242188
tun,1983,54.7440185546875
tun,1984,58.46517181396484
tun,1985,58.94350051879883
tun,1986,62.19810104370117
tun,1987,62.86936950683594
tun,1988,63.08074951171875
tun,1989,67.5648193359375
tun,1990,73.52351379394531
tun,1991,67.35576629638672
tun,1993,68.71343231201172
tun,1994,76.803466796875
tun,1995,85.93726348876953
tun,1996,83.2403564453125
tun,1997,85.59346008300781
tun,1999,87.82662200927734
tun,2000,87.88868713378906
tun,2001,89.12848663330078
tun,2002,93.10382080078124
tun,2003,95.98423004150392
tun,2004,99.11756896972656
tun,2005,101.6943435668945
tun,2007,100.1062316894531
tun,2008,90.65273284912108
tun,2009,88.84313201904297
tun,2010,97.63256072998048
tun,2013,95.00379180908205
tun,2014,97.61831665039064
tun,2015,99.63681030273438
tun,2016,96.36460113525392
tun,2017,93.9545669555664
tun,2020,98.03753662109376
tun,2021,96.18907928466795
tur,1984,77.99903106689453
tur,1985,81.87867736816406
tur,1986,90.2764892578125
tur,1987,88.78742980957031
tur,1988,101.0018005371094
tur,1989,85.57775115966797
tur,1990,85.76293182373047
tur,1991,88.45748901367188
tur,1992,93.680419921875
tur,1993,88.26979064941406
tur,1994,88.55970001220703
tur,1995,87.13053131103516
tur,2013,103.2190093994141
tur,2014,99.07711791992188
tur,2015,98.80111694335938
tur,2016,135.3400726318359
tur,2017,92.97721099853516
tur,2018,91.29519653320312
tur,2019,96.76567840576172
tur,2020,100.6878890991211
tur,2021,103.4843063354492
tur,2022,101.5710601806641
tuv,1990,74.64788818359375
tuv,1993,153.5714263916016
tuv,1994,121.4285736083984
tuv,1998,112.7907028198242
tuv,2001,116.8316802978516
tuv,2002,101.9230804443359
tuv,2003,106.6037673950195
tuv,2004,108.1818237304688
tuv,2005,112.2807006835938
tuv,2006,114.0350875854492
tuv,2014,100.9900970458984
tuv,2015,118.3673477172852
tuv,2016,97.91667175292967
tuv,2018,83.16831970214844
tuv,2019,92.92929077148438
tuv,2020,113.4020614624023
tuv,2021,114.5833282470703
tuv,2022,122.7272720336914
tuv,2023,117.0212783813477
tza,1975,28.04643058776855
tza,1976,30.38338088989258
tza,1981,68.02381134033203
tza,1982,78.62220001220703
tza,1983,84.6977767944336
tza,1984,114.4939117431641
tza,1986,69.45771026611328
tza,1987,66.96131134033203
tza,1988,61.56233978271484
tza,1989,45.29877853393555
tza,1991,61.28281021118164
tza,1992,52.77899932861328
tza,1993,55.88864898681641
tza,1994,54.02870941162109
tza,1997,58.70378875732422
tza,1998,48.631591796875
tza,1999,59.07112121582031
tza,2000,51.00807189941406
tza,2001,56.90164947509766
tza,2002,60.66078948974609
tza,2004,58.71252822875977
tza,2005,54.81581115722656
tza,2006,72.16327667236328
tza,2007,81.97795104980469
tza,2009,100.7712783813477
tza,2010,86.83548486148996
tza,2011,85.11557917078926
tza,2012,82.05038991163157
tza,2013,77.90054597720496
tza,2014,72.48317326920973
tza,2015,63.05964368706429
tza,2016,65.1237772974996
tza,2017,71.33554858416578
tza,2018,71.1827289427133
tza,2019,68.02938879915686
tza,2020,71.28858481709356
tza,2021,77.19002632883736
tza,2022,94.16778625814936
tza,2023,95.09414952174065
uga,1982,25.87269020080566
uga,1986,26.85968971252441
uga,2001,52.63346862792969
uga,2002,55.92562103271484
uga,2003,55.63859176635742
uga,2004,53.4134407043457
uga,2005,52.83786010742188
uga,2007,49.65262985229492
uga,2008,54.92491912841797
uga,2009,73.29686737060547
uga,2010,55.14242935180664
uga,2011,53.40843963623047
uga,2012,54.70872116088867
uga,2013,55.07567977905273
uga,2014,59.10800933837891
uga,2015,53.5593499484846
uga,2016,55.47890090942383
uga,2017,53.96009826660156
ukr,1993,95.98860168457033
ukr,1994,93.91153717041016
ukr,1999,93.67196655273438
ukr,2000,95.2164306640625
ukr,2001,97.89737701416016
ukr,2002,101.6895523071289
ukr,2005,119.5740737915039
ukr,2006,105.0432281494141
ukr,2007,104.3820571899414
ukr,2008,101.2336120605469
ukr,2009,100.4184722900391
ukr,2010,100.3236236572266
ukr,2011,101.9095916748047
ukr,2012,98.31591796875
ukr,2013,99.23268127441406
ukr,2014,96.91670989990234
ukr,2015,89.36119842529297
ukr,2016,87.01062774658203
ukr,2017,88.25467681884766
ukr,2018,85.09239196777344
ukr,2019,89.8622817993164
ukr,2020,90.2680435180664
ukr,2021,89.7791976928711
ury,1974,70.5404281616211
ury,1976,67.48182678222656
ury,1977,69.43457794189453
ury,1978,67.72894287109375
ury,1979,67.97335052490234
ury,1980,72.41436004638672
ury,1985,91.07642364501952
ury,1986,90.68887329101564
ury,1987,92.26238250732422
ury,1988,92.8737335205078
ury,1989,96.11576080322266
ury,1990,99.19078063964844
ury,1991,100.0269775390625
ury,1992,98.78974151611328
ury,1993,99.35845947265624
ury,1994,98.29795837402344
ury,1995,97.00389862060548
ury,1996,99.18769073486328
ury,1997,100.4233703613281
ury,1998,97.75003051757812
ury,1999,99.98040771484376
ury,2000,98.97617340087892
ury,2001,97.38693237304688
ury,2002,99.23734283447266
ury,2003,96.20912933349608
ury,2004,95.0388412475586
ury,2005,97.63458251953124
ury,2006,98.2648468017578
ury,2007,101.2287673950195
ury,2008,103.2743301391602
ury,2009,102.3920593261719
ury,2010,101.0845794677734
ury,2011,101.9199371337891
ury,2012,100.070686340332
ury,2013,100.0515823364258
ury,2014,101.5037307739258
ury,2015,101.1142730712891
ury,2016,101.9412612915039
ury,2018,102.3880615234375
ury,2020,101.135368347168
ury,2021,100.4231719970703
ury,2022,100.8619613647461
usa,2017,97.16603088378906
usa,2018,95.4763412475586
usa,2019,103.3436279296875
usa,2020,101.6779479980469
usa,2021,100.2872772216797
usa,2022,94.06735229492188
uzb,2001,100.9208908081055
uzb,2002,97.04287719726564
uzb,2003,95.4948501586914
uzb,2004,95.80523681640624
uzb,2005,99.58898162841795
uzb,2006,94.84427642822266
uzb,2007,95.22482299804688
uzb,2008,95.43179321289064
uzb,2009,97.37066650390624
uzb,2010,96.70007906143351
uzb,2011,94.37233564955524
uzb,2012,95.24305513007462
uzb,2013,92.99335702634338
uzb,2014,96.3967462478156
uzb,2015,93.43277229638228
uzb,2016,97.4084712927779
uzb,2017,97.96482232605696
uzb,2018,96.73053663069994
uzb,2019,96.6348801762453
uzb,2020,98.80751522777317
uzb,2021,98.54767403711536
uzb,2022,98.25511852999485
uzb,2023,96.32316403389476
uzb,2024,97.53205880971394
vct,2003,98.93238067626952
vct,2004,111.9005279541016
vct,2008,110.1492462158203
vct,2010,98.1347198486328
vct,2011,98.23284912109376
vct,2012,102.801724137931
vct,2013,108.719646799117
vct,2014,105.7803468208093
vct,2015,109.2796092796093
vct,2016,114.1935483870968
vct,2017,103.5573122529644
vct,2018,123.3289646133683
vct,2019,109.5360824742268
vct,2020,123.312101910828
vct,2021,119.8726114649681
vct,2023,110.0130039011704
ven,1988,80.35450744628906
ven,1989,81.43240356445312
ven,1991,84.33728790283203
ven,1992,87.63701629638672
ven,1993,86.78764343261719
ven,1996,83.94164276123047
ven,1997,83.86844635009766
ven,1999,83.92958068847656
ven,2000,85.67350769042969
ven,2001,87.28093719482422
ven,2002,93.30232238769533
ven,2003,90.82425689697266
ven,2004,91.21105194091795
ven,2005,93.23326873779295
ven,2006,96.88720703125
ven,2007,98.21537017822266
ven,2008,94.92131042480467
ven,2009,94.74057006835938
ven,2010,93.2417221069336
ven,2011,94.89965057373048
ven,2012,97.16046905517578
ven,2013,96.28305053710938
ven,2014,96.59896087646484
ven,2015,95.49593353271484
ven,2016,93.3317413330078
ven,2017,89.5188217163086
ven,2022,109.8764495849609
ven,2023,100.0487213134766
ven,2024,105.259880065918
vgb,1985,91.47286987304688
vgb,1994,119.1780776977539
vgb,2002,113.7362594604492
vgb,2003,98.37837982177734
vgb,2004,107.6087036132813
vgb,2005,106.4864883422852
vgb,2006,107.9787216186523
vgb,2007,91.53439331054688
vgb,2009,96.42857360839844
vgb,2010,94.4162368774414
vgb,2011,89.5734634399414
vgb,2012,92.6267318725586
vgb,2013,99.05660247802734
vgb,2014,97.10144805908205
vgb,2015,98.6111068725586
vgb,2016,80.61673736572266
vgb,2017,82.1276626586914
vgb,2018,64.87602996826172
vgb,2019,56.27376174926758
vgb,2020,67.73049926757812
vgb,2024,84.15841674804688
vnm,1999,103.3259582519531
vnm,2000,101.2414321899414
vnm,2001,105.6883163452148
vnm,2002,102.2014083862305
vnm,2003,102.5196380615234
vnm,2013,97.45754619633016
vnm,2014,98.41718163281858
vnm,2015,96.2811771167943
vnm,2016,99.4344338332448
vnm,2018,100.2026617412167
vnm,2022,99.20386904761904
vut,1992,84.16667175292969
vut,1994,74.3861312866211
vut,1998,91.43717956542967
vut,2000,87.77365112304688
vut,2001,97.82170104980467
vut,2004,84.0457992553711
vut,2007,83.33969116210938
vut,2008,84.21053314208984
vut,2009,89.12959289550781
vut,2010,89.06491499227202
vut,2013,96.88321441982724
vut,2019,103.6966220522626
vut,2020,103.9867109634552
vut,2021,109.734260559082
vut,2022,114.2976822116727
vut,2023,117.7170678928861
wsm,1999,87.2912826538086
wsm,2000,96.08026123046876
wsm,2001,90.6619873046875
wsm,2007,102.4214096069336
wsm,2009,96.05953979492188
wsm,2010,102.708703374778
wsm,2011,103.4635879218472
wsm,2012,97.85522788203752
wsm,2014,99.9548532731377
wsm,2015,108.2887700534759
wsm,2016,105.4859611231101
wsm,2017,105.5626326963907
wsm,2018,105.3144375553587
wsm,2019,103.420523138833
wsm,2020,97.7428456267634
wsm,2021,99.03288201160542
wsm,2022,102.7037176117161
wsm,2023,97.92857142857144
yem,1999,29.66184997558594
yem,2001,33.44636154174805
yem,2002,34.70792007446289
yem,2003,38.31058883666992
yem,2004,39.16366958618164
yem,2005,40.99932861328125
yem,2008,46.41630935668945
yem,2010,47.62118148803711
yem,2012,51.34957885742188
yem,2013,52.37081146240234
yem,2016,53.8736686706543
zaf,1991,88.74497985839844
zaf,1998,78.64119720458984
zaf,1999,73.48812866210938
zaf,2000,74.14691162109375
zaf,2002,81.79181671142578
zaf,2003,85.75959014892578
zaf,2004,90.1718292236328
zaf,2015,91.0832977294922
zaf,2016,91.92516326904295
zaf,2018,94.73078155517578
zaf,2019,94.49835205078124
zaf,2020,93.85220336914064
zaf,2021,95.6114501953125
zaf,2022,94.83937072753906
zmb,1972,48.52104949951172
zmb,1973,51.15396881103516
zmb,1974,54.84088134765625
zmb,1975,57.13331985473633
zmb,1976,57.95283126831055
zmb,1977,60.76269912719727
zmb,1978,65.95513153076172
zmb,1979,65.52776336669922
zmb,1980,65.82514190673828
zmb,1981,67.73741149902344
zmb,1982,69.62319946289062
zmb,1983,71.6010971069336
zmb,1984,74.05889892578125
zmb,1986,76.57127380371094
zmb,1998,58.42837905883789
zmb,1999,55.78470993041992
zmb,2000,54.41427993774414
zmb,2002,53.52009963989258
zmb,2004,64.51441955566406
zmb,2005,68.35588836669922
zmb,2006,77.25173950195312
zmb,2007,80.5655288696289
zmb,2008,84.55107116699219
zmb,2009,79.62547302246094
zmb,2010,102.1408462524414
zmb,2012,88.66439056396484
zmb,2013,79.76899719238281
zwe,1984,76.42276763916016
zwe,1999,81.18697357177734
zwe,2001,97.19120025634766
zwe,2002,92.39768981933594
zwe,2003,91.37985229492188
zwe,2012,87.99703979492188
zwe,2013,87.53539990249621
zwe,2014,85.99300620174253
zwe,2015,89.9524623437667
zwe,2016,89.22854748515019
zwe,2017,88.66026015285163
zwe,2018,89.03047062120308
zwe,2019,87.756000764023
zwe,2020,89.33934941637456
zwe,2021,84.46498170537703
zwe,2022,84.86804596834611
zwe,2023,87.5474259062732
