country,year,ictskillsetupeff_agunder15y_gpia
BGD,2021,0.8796245455741882
HKG,2019,0.9588972330093384
HKG,2020,0.9485333561897278
HKG,2021,0.8917494416236877
IRN,2021,0.322934478521347
KAZ,2019,0.9100845456123352
KAZ,2020,0.8467406630516052
KAZ,2021,1.004439473152161
MAC,2021,1.010306596755981
ZWE,2020,0.5225280523300171
