country,year,gar_5t8_rur_q5_m
arm,2018,0.0
bfa,2019,0.0
bol,2019,64.98
bra,2008,20.52
bra,2009,26.42
bra,2011,11.8
bra,2012,18.66
bra,2013,23.86
bra,2014,18.52
chl,2011,24.32
chl,2013,46.65000000000001
chl,2015,53.97
chn,2010,13.9
chn,2012,8.91
chn,2016,14.52
civ,2019,0.6885700225830078
nam,2015,0.0
pry,2019,0.0
uga,2019,20.02
yem,2013,22.76
