country,year,rofst_1_cp
abw,1999,2.62772011756897
abw,2000,3.789030075073242
abw,2001,0.1368699967861176
abw,2002,0.5072000026702881
abw,2003,0.1796499937772751
abw,2004,0.3679899871349335
abw,2005,0.0263899993151426
abw,2006,0.3956699967384338
abw,2008,1.032250046730042
abw,2009,0.9439100027084352
abw,2010,1.361799955368042
abw,2014,0.804099977016449
afg,1974,72.48551940917969
afg,1993,68.77155303955078
ago,1982,47.33650970458984
ago,1983,50.68500900268555
ago,1998,51.41867065429688
ago,2008,11.19437026977539
ago,2009,12.38202953338623
ago,2010,11.8253002166748
ago,2011,12.35488986968994
aia,1999,0.5850200057029724
aia,2000,0.6401600241661072
aia,2001,1.640679955482483
aia,2002,2.008310079574585
aia,2003,1.682999968528748
aia,2004,2.959830045700073
aia,2005,2.428869962692261
aia,2006,1.345420002937317
aia,2007,2.710690021514893
aia,2009,3.380709886550903
aia,2010,3.490710020065308
aia,2011,4.164659976959229
alb,1999,3.06715989112854
alb,2003,1.338870048522949
alb,2004,3.562750101089478
alb,2008,6.734509944915771
alb,2009,5.63090991973877
alb,2010,6.391610145568848
alb,2011,4.811950206756592
alb,2012,3.543410062789917
alb,2013,3.158070087432861
alb,2014,0.3836199939250946
alb,2015,0.2088299989700317
alb,2016,0.1557099968194962
alb,2017,0.7675300240516663
alb,2018,1.367460012435913
alb,2019,2.194849967956543
alb,2020,3.967659950256348
alb,2021,6.665239810943604
alb,2022,8.477970123291016
alb,2023,10.86532020568848
and,2014,9.355600357055664
and,2015,8.702130317687988
and,2016,6.686669826507568
and,2017,6.369019985198975
and,2018,6.019299983978271
and,2019,6.583069801330566
and,2020,8.192919731140137
and,2021,7.161570072174072
and,2022,6.753479957580566
and,2023,0.1809100061655045
are,1978,20.51206970214844
are,1980,23.60526084899902
are,1981,26.97756004333496
are,1982,19.7480297088623
are,1983,23.92254066467285
are,1984,24.85173988342285
are,1985,26.50152015686035
are,1986,26.83531951904297
are,1987,17.96216011047363
are,1988,15.71765041351318
are,1989,11.56752014160156
are,1990,7.60713005065918
are,1991,6.074749946594238
are,1992,7.958660125732422
are,1993,10.26231956481934
are,1994,10.9724702835083
are,1995,9.482979774475098
are,1996,11.98919010162354
are,1997,14.88957977294922
are,1998,10.00395011901855
are,1999,7.839600086212158
are,2000,6.295680046081543
are,2003,1.109539985656738
are,2004,1.318220019340515
are,2005,2.964740037918091
are,2006,7.63355016708374
are,2018,1.340440034866333
are,2019,0.2103900015354156
are,2020,0.1200999990105629
are,2021,0.2952499985694885
are,2022,1.135879993438721
are,2023,0.1760600060224533
arg,1970,5.407110214233398
arg,1974,2.825870037078857
arg,1975,3.220590114593506
arg,1987,2.409569978713989
arg,1991,4.167280197143555
arg,1997,0.0
arg,1998,0.7326200008392334
arg,1999,0.8434799909591675
arg,2000,0.5418000221252441
arg,2001,0.5869399905204773
arg,2002,0.5792199969291687
arg,2003,0.5059099793434143
arg,2004,0.1240300014615059
arg,2005,0.2820700109004974
arg,2006,0.4384199976921082
arg,2007,0.5553100109100342
arg,2008,0.4816100001335144
arg,2009,0.4571000039577484
arg,2010,0.0510799996554852
arg,2011,0.1046200022101402
arg,2012,0.1343699991703033
arg,2013,0.3715299963951111
arg,2014,0.7716299891471863
arg,2015,0.872219979763031
arg,2016,0.51419997215271
arg,2017,0.5817300081253052
arg,2018,0.6401500105857849
arg,2019,0.6199899911880493
arg,2020,0.8314099907875061
arg,2021,0.7940499782562256
arg,2022,0.747439980506897
arm,2002,8.391830444335938
arm,2003,7.308189868927002
arm,2005,6.773960113525391
arm,2006,4.337940216064453
arm,2007,1.813660025596619
arm,2011,4.982339859008789
arm,2012,5.371500015258789
arm,2013,5.938370227813721
arm,2014,8.252120018005371
arm,2015,7.025929927825928
arm,2016,7.42096996307373
arm,2017,7.142109870910645
arm,2018,7.488349914550781
arm,2019,8.40542984008789
arm,2020,8.874150276184082
arm,2021,7.201610088348389
arm,2022,5.359970092773438
arm,2023,3.509219884872437
atg,2007,0.3616699874401093
atg,2008,0.2509199976921082
atg,2009,1.455940008163452
atg,2010,3.284130096435547
atg,2011,1.346879959106445
atg,2012,0.454120010137558
atg,2013,2.922546949661073
atg,2014,1.160862354892205
atg,2015,0.9514515520645302
atg,2016,1.196734196884126
atg,2017,1.36870002746582
atg,2018,0.9123646530696896
atg,2019,0.2356216118590491
atg,2023,1.711012640422633
aus,1971,2.708240032196045
aus,1973,4.109920024871826
aus,1974,4.223869800567627
aus,1975,1.667809963226318
aus,1976,1.244549989700317
aus,1977,0.1866900026798248
aus,1978,0.0776100009679794
aus,1979,0.7538999915122986
aus,1980,1.398120045661926
aus,1981,1.649860024452209
aus,1982,2.174969911575317
aus,1983,2.507499933242798
aus,1984,3.614180088043213
aus,1985,3.676350116729736
aus,1986,3.370359897613525
aus,1987,3.153860092163086
aus,1988,2.759769916534424
aus,1989,2.578959941864014
aus,1990,2.41215991973877
aus,1991,2.690079927444458
aus,1992,2.941950082778931
aus,1993,3.373670101165771
aus,1994,3.491199970245361
aus,1995,5.107699871063232
aus,1996,4.870180130004883
aus,1997,5.168960094451904
aus,1998,4.843790054321289
aus,1999,4.959080219268799
aus,2000,4.706429958343506
aus,2001,0.4757199883460999
aus,2002,0.331279993057251
aus,2003,1.384299993515015
aus,2004,1.119549989700317
aus,2005,0.572629988193512
aus,2006,0.4819599986076355
aus,2007,0.2615399956703186
aus,2008,0.2974199950695038
aus,2009,0.3046000003814697
aus,2010,0.323500007390976
aus,2011,2.705689907073975
aus,2012,2.304460048675537
aus,2013,0.0482699982821941
aus,2014,0.0719600021839142
aus,2015,0.0281300004571676
aus,2016,0.0077800001017749
aus,2017,0.0577899999916553
aus,2018,0.191650003194809
aus,2019,0.2140399962663651
aus,2020,0.5808500051498413
aus,2021,0.3678100109100342
aus,2022,0.2964099943637848
aus,2023,0.2074500024318695
aut,1971,9.53516960144043
aut,1972,9.544130325317385
aut,1973,10.17199039459229
aut,1974,10.52048015594482
aut,1975,10.3612699508667
aut,1976,10.65359973907471
aut,1989,11.65223026275635
aut,1999,1.203539967536926
aut,2000,2.004899978637695
aut,2001,1.727699995040894
aut,2002,1.91211998462677
aut,2003,2.002310037612915
aut,2004,1.519440054893494
aut,2005,1.598189949989319
aut,2006,1.958140015602112
aut,2007,1.543429970741272
aut,2008,1.401640057563782
aut,2009,1.41786003112793
aut,2010,1.300959944725037
aut,2011,2.059230089187622
aut,2012,1.926730036735535
aut,2013,1.480000019073486
aut,2014,1.295889973640442
aut,2015,1.341920018196106
aut,2016,1.997990012168884
aut,2017,1.331220030784607
aut,2018,1.258530020713806
aut,2019,1.233579993247986
aut,2020,1.17481005191803
aut,2021,0.947790026664734
aut,2022,1.675920009613037
aut,2023,1.499490022659302
aze,2000,8.49330997467041
aze,2001,11.27719020843506
aze,2002,11.74763965606689
aze,2003,13.43152046203613
aze,2004,12.51805019378662
aze,2005,13.01972007751465
aze,2006,12.84241008758545
aze,2007,13.18632030487061
aze,2008,13.32610034942627
aze,2009,11.97428035736084
aze,2010,12.47441959381104
aze,2011,9.898200035095217
aze,2012,7.675519943237305
aze,2013,1.723430037498474
aze,2014,0.7452600002288818
aze,2015,1.156669974327087
aze,2016,0.7946299910545349
aze,2017,2.068969964981079
aze,2018,3.894190073013306
aze,2019,8.450249671936035
aze,2020,8.19320011138916
aze,2021,8.01099967956543
aze,2022,4.288690090179443
aze,2023,1.538120031356812
bdi,1973,81.29078674316406
bdi,1978,84.13249969482422
bdi,1980,83.11206817626953
bdi,1981,81.66039276123047
bdi,1982,78.7845230102539
bdi,1983,73.36105346679688
bdi,1984,69.03118133544922
bdi,1985,64.94261932373047
bdi,1986,62.3313102722168
bdi,1987,57.56547927856445
bdi,1988,54.93819046020508
bdi,1993,54.47480010986328
bdi,2000,57.67829895019531
bdi,2001,48.83599090576172
bdi,2002,48.20175933837891
bdi,2003,44.78324890136719
bdi,2004,43.23308944702148
bdi,2005,39.61777114868164
bdi,2006,22.08338928222656
bdi,2007,14.58022975921631
bdi,2008,6.930480003356934
bdi,2009,9.324549674987791
bdi,2010,5.83620023727417
bdi,2011,5.26816987991333
bdi,2012,6.458149909973145
bdi,2014,8.92743968963623
bdi,2015,11.09726047515869
bdi,2016,12.66872024536133
bdi,2017,16.92226982116699
bdi,2018,19.62421035766602
bdi,2019,21.1397590637207
bdi,2020,20.62215042114258
bel,1977,2.710030078887939
bel,1979,2.198559999465942
bel,1980,1.719239950180054
bel,1981,2.599610090255737
bel,1982,1.780949950218201
bel,1983,4.158730030059814
bel,1984,4.408880233764648
bel,1985,5.004459857940674
bel,1986,4.472839832305908
bel,1987,4.516459941864014
bel,1988,4.997859954833984
bel,1991,4.866980075836182
bel,1992,5.208749771118164
bel,1993,1.819300055503845
bel,1994,1.61040997505188
bel,1995,1.570469975471497
bel,1996,1.417090058326721
bel,1999,1.403300046920776
bel,2000,1.041519999504089
bel,2001,0.1166300028562546
bel,2002,0.088299997150898
bel,2003,0.1188800036907196
bel,2004,0.590149998664856
bel,2005,0.549780011177063
bel,2006,0.7643499970436096
bel,2007,0.926580011844635
bel,2008,1.094290018081665
bel,2009,1.228899955749512
bel,2010,1.295420050621033
bel,2011,2.101039886474609
bel,2012,1.877560019493103
bel,2013,1.807819962501526
bel,2014,1.831069946289063
bel,2015,1.851240038871765
bel,2016,1.919039964675903
bel,2017,1.382230043411255
bel,2018,1.338359951972961
bel,2019,1.347489953041077
bel,2020,1.229269981384277
bel,2021,1.474030017852783
bel,2022,1.224249958992004
ben,1984,53.3914794921875
ben,1985,52.56174087524414
ben,1986,54.47718811035156
ben,1988,55.10002136230469
ben,1989,54.81507873535156
ben,1990,63.65634918212891
ben,1992,55.01976013183594
ben,1993,51.21487045288086
ben,1994,50.04423141479492
ben,1995,47.60671997070313
ben,1996,45.49264144897461
ben,1997,42.12483978271484
ben,2003,20.99465942382813
ben,2004,17.96526908874512
ben,2005,21.74603080749512
ben,2006,19.15138053894043
ben,2008,15.20320987701416
ben,2009,9.474679946899414
ben,2010,7.909860134124756
ben,2011,6.939189910888672
ben,2012,4.109020233154297
ben,2013,3.843159914016724
ben,2014,3.482180118560791
ben,2016,3.031960010528564
ben,2017,7.115690231323242
ben,2018,9.977999687194824
ben,2019,14.41528987884521
ben,2020,14.99215030670166
ben,2021,12.13471984863281
ben,2022,9.610210418701172
bfa,1971,89.71257781982422
bfa,1972,89.33241271972656
bfa,1977,87.36324310302734
bfa,1978,86.87895202636719
bfa,1979,86.37496948242188
bfa,1980,85.60630798339844
bfa,1981,84.69554138183594
bfa,1982,83.31272888183594
bfa,1983,82.11830139160156
bfa,1984,80.80764770507812
bfa,1985,78.83946990966797
bfa,1986,77.02660369873047
bfa,1987,75.54820251464844
bfa,1988,75.15532684326172
bfa,1989,74.94116973876953
bfa,1991,73.97554779052734
bfa,1992,73.56375122070312
bfa,1993,72.6860122680664
bfa,1994,71.57279205322266
bfa,1995,70.10780334472656
bfa,1998,67.02265930175781
bfa,1999,66.38677978515625
bfa,2000,65.04936981201172
bfa,2001,63.93600082397461
bfa,2002,64.78034210205078
bfa,2003,62.3590087890625
bfa,2004,60.14593887329102
bfa,2005,55.31105041503906
bfa,2006,51.72795104980469
bfa,2007,46.49184036254883
bfa,2008,40.54455947875977
bfa,2009,37.61109924316406
bfa,2010,40.96923065185547
bfa,2011,36.48104858398438
bfa,2012,35.58443069458008
bfa,2013,34.74174880981445
bfa,2014,33.75947189331055
bfa,2015,32.49784851074219
bfa,2016,27.23102951049805
bfa,2017,26.40006065368652
bfa,2018,24.44695091247559
bfa,2019,25.79997062683105
bfa,2020,28.52173042297363
bfa,2021,29.0579891204834
bfa,2022,32.24800109863281
bfa,2023,41.96683120727539
bgd,1970,51.07469940185547
bgd,1973,30.83869934082031
bgd,1976,25.81719017028809
bgd,1977,31.1807804107666
bgd,1978,33.08417892456055
bgd,1981,39.22602844238281
bgd,1983,42.04261016845703
bgd,1984,42.69779968261719
bgd,1985,43.80204010009766
bgd,1986,44.19918823242188
bgd,1987,44.76028060913086
bgd,1988,34.97423934936523
bgd,1989,35.12295913696289
bgd,1990,32.57107925415039
bgd,2005,6.825409889221191
bgd,2006,7.542500019073486
bgd,2008,13.08899974822998
bgd,2009,12.92776012420654
bgd,2010,9.753569602966309
bgd,2017,3.278276696283861
bgd,2018,3.357929550551601
bgd,2022,7.286242459914058
bgd,2023,6.88461537116503
bgr,1996,4.698639869689941
bgr,1997,4.122210025787354
bgr,1998,1.231989979743958
bgr,1999,0.4744899868965149
bgr,2000,1.188089966773987
bgr,2001,1.567870020866394
bgr,2002,0.3675599992275238
bgr,2003,0.3764899969100952
bgr,2004,0.3991599977016449
bgr,2005,0.1182499974966049
bgr,2006,0.1641499996185303
bgr,2007,0.0710500031709671
bgr,2008,0.0664599984884262
bgr,2009,1.048750042915344
bgr,2010,0.8455899953842163
bgr,2011,1.482599973678589
bgr,2012,2.506969928741455
bgr,2013,3.699680089950562
bgr,2014,3.253870010375977
bgr,2015,2.988280057907104
bgr,2016,3.361219882965088
bgr,2017,3.534759998321533
bgr,2018,4.034749984741211
bgr,2019,4.181139945983887
bgr,2020,4.211939811706543
bgr,2021,5.040820121765137
bgr,2022,5.295979976654053
bgr,2023,5.714109897613525
bhr,1971,30.84207916259766
bhr,1972,30.61284065246582
bhr,1973,30.91683006286621
bhr,1974,29.12837982177734
bhr,1975,23.98333930969238
bhr,1976,23.34486961364746
bhr,1977,20.49147987365723
bhr,1978,20.76044082641602
bhr,1979,20.13109016418457
bhr,1980,20.28709030151367
bhr,1981,23.80014038085938
bhr,1982,26.66262054443359
bhr,1983,24.55113983154297
bhr,1984,21.07559967041016
bhr,1985,16.20730018615723
bhr,1986,10.72091960906982
bhr,1987,10.32061004638672
bhr,1988,6.995639801025391
bhr,1989,6.791470050811768
bhr,1991,10.28884983062744
bhr,1992,15.7322998046875
bhr,1993,15.13302040100098
bhr,1994,14.64929962158203
bhr,1995,12.70001983642578
bhr,1996,11.54411029815674
bhr,1997,10.74699974060059
bhr,1998,6.974880218505859
bhr,1999,4.879700183868408
bhr,2000,7.086329936981201
bhr,2001,7.229770183563232
bhr,2002,8.950539588928223
bhr,2003,10.7152795791626
bhr,2004,10.17210006713867
bhr,2005,9.962650299072266
bhr,2006,4.415390014648438
bhr,2011,6.406390190124512
bhr,2012,0.5222100019454956
bhr,2013,0.4196499884128571
bhr,2014,0.5456900000572205
bhr,2015,1.589120030403137
bhr,2016,1.687919974327087
bhr,2017,1.806720018386841
bhr,2018,2.828109979629517
bhr,2019,3.011070013046265
bhr,2022,3.195810079574585
bhr,2023,6.71226978302002
bhs,1972,0.0
bhs,1973,5.2917799949646
bhs,1974,6.151869773864746
bhs,1975,6.674310207366943
bhs,1976,7.400479793548584
bhs,1977,6.99409008026123
bhs,1980,5.274429798126221
bhs,1981,0.8988900184631348
bhs,1984,3.433680057525635
bhs,1992,0.1678899973630905
bhs,1993,0.5413399934768677
bhs,1994,0.0
bhs,1999,14.18710994720459
bhs,2004,12.52165985107422
bhs,2005,8.724360466003418
bhs,2006,9.81266975402832
bhs,2007,6.141880035400391
bhs,2008,4.901989936828613
bhs,2009,7.172999858856201
bhs,2010,7.048920154571533
bhs,2011,1.152230024337769
bhs,2012,3.214689970016479
bhs,2023,28.91781044006348
bih,2009,13.53934001922607
bih,2010,10.48616981506348
bih,2011,10.31005001068115
bih,2012,11.55138969421387
bih,2013,11.16164016723633
bih,2014,9.877459526062012
bih,2015,7.925399780273438
bih,2016,4.869410037994385
bih,2017,1.968729972839355
bih,2018,0.7038599848747253
bih,2020,1.841609954833984
bih,2021,1.550169944763184
bih,2022,1.4964599609375
bih,2023,2.0972900390625
blr,1995,14.07629013061523
blr,2001,0.0
blr,2002,0.6259599924087524
blr,2003,0.435479998588562
blr,2004,1.884430050849915
blr,2005,1.755830049514771
blr,2006,1.41091001033783
blr,2007,1.122979998588562
blr,2008,0.5064200162887573
blr,2009,0.7138199806213379
blr,2010,0.6184999942779541
blr,2011,0.5989800095558167
blr,2012,0.6373900175094604
blr,2013,0.5305100083351135
blr,2014,1.543190002441406
blr,2015,2.180360078811646
blr,2016,2.153079986572266
blr,2017,2.753489971160889
blr,2018,3.535890102386475
blr,2019,4.560709953308105
blr,2020,5.062510013580322
blr,2021,5.055650234222412
blr,2022,5.30305004119873
blr,2023,3.665539979934692
blz,1999,2.433990001678467
blz,2000,2.466749906539917
blz,2001,2.414350032806396
blz,2003,1.476660013198853
blz,2004,1.447900056838989
blz,2005,0.3292700052261353
blz,2006,0.5822799801826477
blz,2007,0.8286499977111816
blz,2008,0.9979400038719176
blz,2009,1.460409998893738
blz,2010,1.413709998130798
blz,2011,1.462389945983887
blz,2012,0.5448300242424011
blz,2013,0.0707599967718124
blz,2014,0.5434399843215942
blz,2015,0.3901099860668182
blz,2016,0.5186700224876404
blz,2017,0.2585499882698059
blz,2018,0.4411099851131439
blz,2019,0.9528599977493286
blz,2020,0.576740026473999
blz,2021,4.090590000152588
blz,2022,8.093130111694336
blz,2023,11.63558006286621
bmu,1978,15.92677021026611
bmu,1979,17.1914005279541
bmu,1984,4.881949901580811
bmu,1985,4.023099899291992
bmu,2005,4.571169853210449
bmu,2011,3.838860034942627
bmu,2012,3.41018009185791
bol,1998,0.6844499707221985
bol,1999,0.4492399990558624
bol,2000,0.0838799998164177
bol,2001,0.2514199912548065
bol,2002,0.24685999751091
bol,2003,0.4124299883842468
bol,2004,0.656499981880188
bol,2005,0.5471299886703491
bol,2006,0.5244500041007996
bol,2007,0.4825200140476227
bol,2008,0.2680999934673309
bol,2009,1.441280007362366
bol,2010,4.262539863586426
bol,2011,6.77400016784668
bol,2012,9.792750358581545
bol,2013,10.61396026611328
bol,2014,11.12779998779297
bol,2015,11.11028957366943
bol,2016,10.3521900177002
bol,2017,8.874079704284668
bol,2018,7.200139999389648
bol,2019,5.985229969024658
bol,2020,5.045589923858643
bol,2021,4.163179874420166
bol,2022,3.381249904632568
bol,2023,4.157479763031006
bra,1970,29.36416053771973
bra,1999,2.744169950485229
bra,2012,5.820129871368408
bra,2013,3.949729919433594
bra,2014,3.982330083847046
bra,2015,4.412439823150635
bra,2016,4.256569862365723
bra,2017,4.223350048065186
bra,2018,4.828199863433838
bra,2019,4.193329811096191
bra,2020,4.5207200050354
bra,2021,5.229559898376465
bra,2022,3.984460115432739
brb,1971,12.10867977142334
brb,1972,11.22350025177002
brb,1973,12.6979398727417
brb,1976,11.59675025939941
brb,1977,8.157930374145508
brb,1978,4.728209972381592
brb,1979,3.033070087432861
brb,1981,1.529979944229126
brb,1982,0.4772799909114838
brb,1983,2.165479898452759
brb,1989,1.934309959411621
brb,1990,4.400310039520264
brb,1992,9.773500442504885
brb,1999,0.6497600078582764
brb,2000,0.4270600080490112
brb,2001,0.5300899744033813
brb,2002,1.023059964179993
brb,2003,0.9905800223350524
brb,2004,0.6139000058174133
brb,2005,2.643840074539185
brb,2006,1.880239963531494
brb,2007,1.983489990234375
brb,2008,1.930349946022034
brb,2009,3.398910045623779
brb,2010,1.774600028991699
brb,2011,2.020289897918701
brb,2014,5.297440052032471
brb,2015,4.663259983062744
brb,2016,3.940409898757935
brb,2017,6.809869766235352
brb,2018,6.443620204925537
brb,2019,6.348830223083496
brb,2020,7.672279834747314
brb,2021,9.693900108337402
brb,2022,12.08819007873535
brb,2023,14.48297023773193
brn,1977,8.804380416870117
brn,1978,6.618790149688721
brn,1979,15.19460010528564
brn,1980,13.93988990783691
brn,1981,16.92787933349609
brn,1982,18.1494197845459
brn,1983,15.83166027069092
brn,1984,14.38451957702637
brn,1986,11.42990016937256
brn,1991,5.833980083465576
brn,1992,5.888609886169434
brn,1993,4.171110153198242
brn,1994,5.083539962768555
brn,1995,3.312599897384644
brn,2012,1.542370184425497
brn,2013,2.13775507957444
brn,2014,1.211140496494043
brn,2015,0.7615544470013969
brn,2016,1.638325177335807
brn,2017,1.577395710678497
brn,2018,1.626420854536108
brn,2019,1.506551302248778
brn,2020,1.094864152060872
brn,2021,1.798044271684423
brn,2022,0.9421166169548492
brn,2023,0.584768139620034
btn,1978,77.982421875
btn,1979,75.3237533569336
btn,1998,44.21300888061523
btn,1999,43.30809020996094
btn,2000,41.08287048339844
btn,2001,38.83111953735352
btn,2005,28.7030200958252
btn,2006,23.72199058532715
btn,2008,16.76469993591309
btn,2009,11.71002960205078
btn,2010,9.427280426025392
btn,2011,8.8895902633667
btn,2012,7.610620021820068
btn,2013,9.138389587402344
btn,2015,10.8466796875
btn,2016,11.45705986022949
btn,2017,11.7076997756958
btn,2018,9.424059867858888
btn,2020,5.462259769439697
btn,2021,16.10302657648425
btn,2022,10.04142828960347
btn,2024,10.49791544076221
bwa,1970,49.98015975952148
bwa,1971,52.58036041259766
bwa,1972,50.90602111816406
bwa,1973,47.42016983032227
bwa,1974,42.87585067749023
bwa,1975,35.7618408203125
bwa,1976,30.9655704498291
bwa,1977,26.42616081237793
bwa,1978,25.41990089416504
bwa,1979,24.34762001037598
bwa,1980,20.32665061950684
bwa,1981,14.99997043609619
bwa,1983,11.23635959625244
bwa,1984,11.05259037017822
bwa,1985,9.052559852600098
bwa,1986,8.744680404663086
bwa,1987,8.962610244750977
bwa,1988,9.252690315246582
bwa,1989,8.905509948730469
bwa,1990,9.767359733581545
bwa,1991,7.689720153808594
bwa,1992,8.9314603805542
bwa,1993,10.07028007507324
bwa,1994,10.66003036499023
bwa,1995,20.10257911682129
bwa,1996,19.65710067749023
bwa,1998,16.70779037475586
bwa,1999,17.30315971374512
bwa,2000,16.21904945373535
bwa,2001,14.46971988677979
bwa,2002,13.95149993896484
bwa,2003,13.18669986724854
bwa,2004,11.61303043365479
bwa,2005,10.57800960540771
bwa,2006,9.268500328063965
bwa,2007,10.25728988647461
bwa,2008,10.92103958129883
bwa,2009,11.06505012512207
bwa,2012,9.077708407962746
bwa,2013,10.73982428050703
bwa,2014,11.93529033660889
bwa,2015,12.89776564154131
bwa,2017,10.31930695194512
caf,1971,58.69897842407227
caf,1972,56.50106048583984
caf,1973,54.60530853271484
caf,1977,57.81449890136719
caf,1978,57.26515960693359
caf,1981,49.81113815307617
caf,1982,46.41550827026367
caf,1983,42.92596054077148
caf,1986,36.78264999389648
caf,1987,47.08303833007813
caf,1988,49.47811889648438
caf,1989,49.74396133422852
caf,1990,41.59223937988281
caf,1991,46.94668960571289
caf,2005,57.45441818237305
caf,2006,57.25202941894531
caf,2007,50.06647872924805
caf,2008,41.80821990966797
caf,2009,41.51018142700195
caf,2010,38.07497024536133
caf,2011,40.45700836181641
caf,2012,37.89485168457031
can,1982,4.706530094146729
can,1983,4.593070030212402
can,1984,4.80088996887207
can,1985,5.00531005859375
can,1986,5.168570041656494
can,1987,5.452620029449463
can,1988,5.6215500831604
can,1989,5.597229957580566
can,1990,5.894539833068848
can,1991,3.488430023193359
can,1992,3.353130102157593
can,1993,4.65526008605957
can,1994,4.758540153503418
can,1995,5.799160003662109
can,1996,5.354529857635498
can,1998,2.947540044784546
can,1999,2.041559934616089
can,2000,0.5875399708747864
can,2012,0.5091599822044373
can,2013,0.6133599877357483
can,2014,0.4747099876403809
can,2015,0.2933399975299835
can,2016,1.449959993362427
can,2017,1.367759943008423
can,2018,1.338240027427673
can,2019,2.812449932098389
can,2020,3.09102988243103
can,2021,4.770380020141602
can,2022,5.255020141601563
che,1977,22.85946083068848
che,1978,21.11445999145508
che,1981,19.86652946472168
che,1982,20.11016082763672
che,1983,20.53005027770996
che,1984,20.93211936950684
che,1985,21.04083061218262
che,1986,20.82991027832031
che,1987,20.42103004455566
che,1988,19.87380981445313
che,1989,19.21419906616211
che,1990,18.50686073303223
che,1991,18.06204986572266
che,1992,17.43132972717285
che,1993,17.91933059692383
che,1994,18.2592601776123
che,1995,11.38062953948975
che,1996,9.642239570617676
che,1999,0.3712399899959564
che,2000,0.604170024394989
che,2001,0.6528000235557556
che,2015,0.0326999984681606
che,2016,0.0869100019335747
che,2017,0.1261699944734573
che,2018,0.1307899951934814
che,2019,0.1056699976325035
che,2020,0.1373900026082993
che,2021,0.2352100014686584
che,2022,0.2633199989795685
che,2023,0.0469899997115135
chl,2007,3.351799964904785
chl,2008,3.236639976501465
chl,2009,4.814060211181641
chl,2010,3.328020095825195
chl,2011,3.584559917449951
chl,2012,3.39424991607666
chl,2013,3.354140043258667
chl,2014,2.957950115203857
chl,2015,2.723210096359253
chl,2016,2.480509996414185
chl,2017,2.302560091018677
chl,2018,1.903339982032776
chl,2019,1.606799960136414
chl,2020,2.27495002746582
chl,2021,2.166699886322021
chl,2022,1.292880058288574
chl,2023,1.32958996295929
chn,1987,3.90201997756958
chn,1988,2.819869995117188
chn,1989,4.604919910430908
chn,1990,7.691380023956299
chn,1991,8.325819969177246
chn,1992,9.437999725341797
chn,1993,9.808730125427246
chn,1994,9.951029777526855
chn,1995,8.796469688415527
chn,1996,7.926620006561279
chn,1997,6.676310062408447
civ,1977,53.76324844360352
civ,1991,55.0914192199707
civ,1992,55.07093048095703
civ,1996,51.82799911499023
civ,1997,51.07202911376953
civ,1999,49.81222152709961
civ,2000,50.66463851928711
civ,2001,47.18653106689453
civ,2002,46.95392990112305
civ,2003,50.81570053100586
civ,2009,50.92147064208984
civ,2013,34.24644088745117
civ,2014,29.55997085571289
civ,2015,27.83155059814453
civ,2016,20.16864967346191
civ,2017,20.39958953857422
civ,2018,17.07574081420898
civ,2019,16.20861053466797
civ,2020,14.9827995300293
civ,2021,17.09395027160645
civ,2022,17.58216094970703
civ,2023,13.15923023223877
cmr,1971,35.75976943969727
cmr,1972,36.34431838989258
cmr,1973,37.7117805480957
cmr,1974,39.66709136962891
cmr,1975,33.0795783996582
cmr,1976,32.05038070678711
cmr,1977,33.54264068603516
cmr,1978,32.35480880737305
cmr,1979,31.58160018920898
cmr,1980,31.53000068664551
cmr,1988,25.07587051391602
cmr,1990,25.4094295501709
cmr,1991,27.02812004089355
cmr,2008,12.65007972717285
cmr,2009,9.928420066833496
cmr,2011,8.54382038116455
cmr,2012,5.809239864349365
cmr,2014,5.169139862060547
cmr,2015,4.774179935455322
cmr,2016,4.627520084381104
cmr,2017,5.768809795379639
cmr,2019,7.455230236053467
cmr,2020,4.529940427131107
cmr,2021,4.416069984436035
cmr,2022,3.933310031890869
cmr,2023,3.709059953689575
cod,1971,30.54733085632324
cod,1972,32.47365951538086
cod,1975,30.69062042236328
cod,1979,28.23675918579102
cod,1983,26.02953910827637
cod,1984,25.37923049926758
cod,1988,37.65412139892578
cod,1991,41.41378021240234
cod,1992,42.90325927734375
cod,1993,43.69979095458984
cod,1994,42.42124938964844
cod,1995,35.08386993408203
cod,1999,65.34577178955078
cog,1972,22.80997085571289
cog,1974,16.81735038757324
cog,1976,14.56931018829346
cog,1978,10.57192993164063
cog,1979,9.668889999389648
cog,1980,16.50806045532227
cog,1981,16.58637046813965
cog,1982,15.05198955535889
cog,1983,13.63407039642334
cog,1984,11.5529899597168
cog,2005,49.73984146118164
cog,2006,45.92604827880859
cog,2010,13.86289024353027
cog,2012,11.64848041534424
cog,2018,21.24258995056152
cog,2023,17.07707977294922
cok,1997,1.442780017852783
cok,1998,2.542710065841675
cok,1999,5.222360134124756
cok,2000,9.928179740905762
cok,2007,2.442369937896729
cok,2010,0.8974775321750582
cok,2011,0.5735899806022644
cok,2012,0.8516600131988525
cok,2013,3.031970024108887
cok,2014,1.987849950790405
cok,2015,1.556419968605042
cok,2016,0.0617613205693235
cok,2017,1.275424636857449
col,1982,26.13946914672852
col,1984,26.7635498046875
col,1985,27.25370025634766
col,1986,28.9702091217041
col,1987,28.16221046447754
col,1988,28.52897071838379
col,1989,28.92911911010742
col,1991,26.46286010742188
col,1992,18.04128074645996
col,1993,17.1153392791748
col,1994,16.07268905639648
col,1995,12.72366046905518
col,1996,7.919189929962158
col,1998,0.0
col,1999,0.0
col,2000,0.0
col,2001,0.0
col,2002,0.0
col,2004,0.4150699973106384
col,2005,0.3263800144195557
col,2006,0.1729699969291687
col,2007,0.0850500017404556
col,2008,0.2009499967098236
col,2009,0.228180006146431
col,2010,0.2698000073432922
col,2011,0.1071799993515015
col,2012,1.707360029220581
col,2015,3.396950006484985
col,2016,5.224329948425293
col,2017,4.074560165405273
col,2018,4.695469856262207
col,2019,5.022290229797363
col,2020,6.111080169677734
col,2021,6.986710071563721
col,2022,7.324530124664307
com,1983,24.70812034606934
com,1986,27.30261039733887
com,1987,33.93291091918945
com,1994,37.62421035766602
com,1999,45.80313873291016
com,2000,39.16389846801758
com,2007,26.28123092651367
com,2013,5.053759304495009
com,2014,6.280899724497113
com,2017,8.867851960630059
com,2018,11.94019561377052
com,2021,25.54341537596906
com,2023,20.35575992255566
cpv,1981,20.28351020812988
cpv,1982,23.13979911804199
cpv,1983,26.82637977600098
cpv,1984,21.79034042358398
cpv,1985,19.57776069641113
cpv,1986,18.43395042419434
cpv,1987,17.15097045898438
cpv,1988,12.42558002471924
cpv,1990,9.890870094299316
cpv,1994,6.763800144195557
cpv,1998,3.076900005340576
cpv,2000,3.452820062637329
cpv,2001,4.535669803619385
cpv,2002,4.109250068664551
cpv,2003,3.997649908065796
cpv,2004,5.500949859619141
cpv,2005,5.153649806976318
cpv,2006,5.23484992980957
cpv,2007,6.88785982131958
cpv,2008,7.782999992370605
cpv,2009,8.27340030670166
cpv,2010,8.273730278015137
cpv,2011,7.849969863891602
cpv,2012,5.773530006408691
cpv,2013,5.426559925079346
cpv,2014,5.119679927825928
cpv,2015,4.863900184631348
cpv,2016,5.210480213165283
cpv,2017,5.054470062255859
cpv,2018,3.679389953613281
cpv,2019,3.771620035171509
cpv,2020,5.324460029602051
cpv,2021,4.743319988250732
cri,1970,13.48641967773438
cri,1972,10.57304954528809
cri,1973,9.348340034484863
cri,1975,9.249560356140137
cri,1976,7.359439849853516
cri,1978,9.19972038269043
cri,1979,11.14634990692139
cri,1980,11.74104022979736
cri,1981,12.18603038787842
cri,1982,14.10991954803467
cri,1985,15.00638961791992
cri,1986,13.80220985412598
cri,1987,13.52754974365234
cri,1989,13.54990005493164
cri,1990,13.85791969299316
cri,1991,13.60774040222168
cri,1992,11.90964984893799
cri,1993,11.51072025299072
cri,1994,12.18914985656738
cri,1995,10.69231033325195
cri,1996,8.022470474243164
cri,2011,3.032670021057129
cri,2012,4.69504976272583
cri,2013,6.592410087585449
cri,2014,9.127699851989746
cri,2015,8.531840324401855
cri,2016,7.768330097198486
cri,2017,9.898730278015137
cri,2018,6.54640007019043
cri,2019,4.720630168914795
cri,2020,5.301050186157227
cri,2021,6.116809844970703
cri,2022,5.986770153045654
cri,2023,4.727650165557861
cub,1972,5.646949768066406
cub,1973,2.827660083770752
cub,1974,2.035140037536621
cub,1979,3.272510051727295
cub,1980,3.170520067214966
cub,1981,4.184030055999756
cub,1982,3.449620008468628
cub,1983,1.980569958686829
cub,1984,2.603219985961914
cub,1985,4.274879932403564
cub,1986,4.617800235748291
cub,1987,3.760329961776733
cub,1988,3.604300022125244
cub,1989,4.352180004119873
cub,1990,5.088029861450195
cub,1991,5.07712984085083
cub,1992,3.817899942398071
cub,1993,4.365119934082031
cub,1994,3.725879907608032
cub,1995,3.839829921722412
cub,1996,1.295500040054321
cub,1997,0.7206500172615051
cub,1998,0.5262100100517273
cub,1999,0.4030900001525879
cub,2000,0.2209500074386597
cub,2001,0.0699800029397011
cub,2002,0.1815900057554245
cub,2003,0.4239499866962433
cub,2004,0.6568999886512756
cub,2005,0.7921599745750427
cub,2006,1.238029956817627
cub,2007,0.5978500247001648
cub,2008,1.562739968299866
cub,2009,1.170269966125488
cub,2010,1.560559988021851
cub,2011,2.362410068511963
cub,2012,2.001909971237183
cub,2013,0.7085199952125549
cub,2014,2.063380002975464
cub,2015,2.411520004272461
cub,2016,2.26921010017395
cub,2017,2.430799961090088
cub,2018,2.202500104904175
cub,2019,1.874959945678711
cub,2020,1.31836998462677
cub,2021,1.272719979286194
cub,2022,3.382169961929321
cub,2023,3.432909965515137
cuw,2020,0.4149399995803833
cuw,2023,3.417049884796143
cym,1999,5.976650238037109
cym,2000,1.429260015487671
cym,2001,1.934380054473877
cym,2002,1.168009996414185
cym,2004,3.791470050811768
cym,2005,9.831709861755373
cym,2006,5.32220983505249
cym,2007,0.7249799966812134
cym,2008,4.471879959106445
cym,2011,1.616690039634705
cym,2012,1.569730043411255
cym,2013,2.198349952697754
cym,2014,1.340424679459961
cym,2015,3.424432966422371
cym,2016,2.780892576810944
cym,2017,5.538595726122983
cym,2018,5.868490219116211
cym,2019,7.344150066375732
cym,2020,4.221409797668457
cym,2021,5.838449954986572
cym,2022,1.747009992599487
cym,2023,0.1335999965667725
cyp,2000,1.930029988288879
cyp,2001,2.045779943466187
cyp,2002,1.110970020294189
cyp,2003,1.028599977493286
cyp,2004,1.317899942398071
cyp,2005,0.9865300059318542
cyp,2006,0.3193399906158447
cyp,2007,0.4809199869632721
cyp,2008,0.0305899996310472
cyp,2009,0.123709999024868
cyp,2010,0.0345499999821186
cyp,2011,0.1532399952411652
cyp,2012,1.310520052909851
cyp,2013,1.795269966125488
cyp,2014,2.271239995956421
cyp,2015,1.399760007858276
cyp,2016,1.736350059509277
cyp,2017,1.340399980545044
cyp,2018,0.575219988822937
cyp,2019,0.5073699951171875
cyp,2020,0.4106000065803528
cyp,2021,0.0656099990010262
cyp,2022,0.8399699926376343
cze,1999,0.5536100268363953
cze,2007,0.0308100003749132
cze,2008,0.5813300013542175
cze,2009,0.5579900145530701
cze,2010,1.029860019683838
cze,2011,1.36269998550415
cze,2012,0.441210001707077
cze,2013,0.9746900200843812
cze,2014,1.671040058135986
cze,2015,2.117660045623779
cze,2016,2.507689952850342
cze,2017,2.906780004501343
cze,2018,2.074680089950562
cze,2019,1.863579988479614
cze,2020,1.524710059165955
cze,2021,0.0971300005912781
cze,2022,0.0856899991631508
deu,1999,0.1423899978399277
deu,2000,0.0896899998188019
deu,2001,0.4905300140380859
deu,2002,2.276109933853149
deu,2003,2.128849983215332
deu,2004,1.983000040054321
deu,2005,1.723780035972595
deu,2006,1.922940015792847
deu,2007,1.617720007896423
deu,2008,1.518180012702942
deu,2009,1.597890019416809
deu,2010,1.080989956855774
deu,2011,0.5957900285720825
deu,2012,0.8908900022506714
deu,2013,0.9120200276374816
deu,2014,1.231040000915527
deu,2015,0.8577100038528442
deu,2016,1.746260046958923
deu,2017,1.079630017280579
deu,2018,0.8709099888801575
deu,2019,0.9564700126647948
deu,2020,1.18655002117157
deu,2021,1.462769985198975
deu,2022,1.914700031280518
deu,2023,2.60673999786377
dma,1975,8.024149894714355
dma,1976,9.129779815673828
dma,1977,6.303380012512207
dma,1979,11.15056037902832
dma,1980,12.98134994506836
dma,1981,15.34500980377197
dma,1982,12.10723972320557
dma,2000,3.047879934310913
dma,2001,1.050250053405762
dma,2003,0.7434899806976318
dma,2004,1.174729943275452
dma,2005,0.9153900146484376
dma,2006,2.011960029602051
dma,2007,7.737239837646484
dma,2008,8.599630355834961
dma,2009,2.911259889602661
dma,2011,1.623350024223328
dma,2012,1.868260025978088
dma,2013,3.398240089416504
dma,2014,2.864439964294434
dma,2015,1.803760051727295
dma,2016,4.01170015335083
dma,2019,6.415750026702881
dma,2020,3.773890018463135
dma,2021,4.096069812774658
dma,2022,3.352989912033081
dma,2023,3.951889991760254
dnk,1981,0.5805500149726868
dnk,1982,0.494159996509552
dnk,1983,0.7335600256919861
dnk,1984,0.6920499801635742
dnk,1985,0.4863600134849548
dnk,1986,0.4848400056362152
dnk,1987,0.3886399865150452
dnk,1988,0.1641799956560135
dnk,1989,0.0027000000700355
dnk,1990,0.0992700010538101
dnk,1991,0.1050999984145164
dnk,1992,1.450410008430481
dnk,1993,2.829260110855103
dnk,1994,1.562540054321289
dnk,1995,2.437880039215088
dnk,1996,3.072779893875122
dnk,1998,2.334089994430542
dnk,1999,1.11965000629425
dnk,2000,0.3222100138664246
dnk,2001,0.2599599957466125
dnk,2002,0.0011200000299141
dnk,2004,2.455899953842163
dnk,2005,1.953529953956604
dnk,2006,1.058709979057312
dnk,2007,0.5072199702262878
dnk,2008,0.6036900281906128
dnk,2009,0.4913800060749054
dnk,2010,0.6087700128555298
dnk,2011,0.4853500127792358
dnk,2012,0.4149200022220612
dnk,2013,0.4953100085258484
dnk,2014,0.6168199777603149
dnk,2015,0.6252700090408325
dnk,2016,0.6767699718475342
dnk,2017,0.5617700219154358
dnk,2018,0.3811700046062469
dnk,2019,0.4036200046539307
dnk,2020,0.3551900088787079
dnk,2021,0.4695200026035309
dnk,2022,0.5864999890327454
dnk,2023,0.8491799831390381
dom,1972,25.72624015808105
dom,1999,16.31513023376465
dom,2000,12.64657974243164
dom,2002,5.851799964904785
dom,2003,9.249119758605955
dom,2004,14.50529956817627
dom,2005,13.25137996673584
dom,2006,14.35095024108887
dom,2007,8.256440162658691
dom,2008,11.87271976470947
dom,2009,4.057290077209473
dom,2010,4.557340145111084
dom,2011,4.405419826507568
dom,2012,5.482540130615234
dom,2013,5.816939830780029
dom,2014,7.522069931030273
dom,2015,3.943569898605347
dom,2016,4.22799015045166
dom,2017,5.120259761810303
dom,2018,5.530570030212402
dom,2019,3.86338996887207
dom,2020,3.92494010925293
dom,2021,10.34500980377197
dom,2022,7.546259880065918
dom,2023,6.516409873962402
dza,1973,30.52869987487793
dza,1974,25.2402400970459
dza,1975,21.44466018676758
dza,1976,21.24452972412109
dza,1977,22.89032936096191
dza,1978,22.05064010620117
dza,1979,21.99530029296875
dza,1980,20.83999061584473
dza,1981,20.52268981933594
dza,1982,20.62150955200195
dza,1983,20.36763954162598
dza,1984,18.09641075134277
dza,1985,16.60428047180176
dza,1986,14.57301998138428
dza,1987,12.66847991943359
dza,1988,11.26214981079102
dza,1989,10.61067008972168
dza,1990,10.95462036132813
dza,1991,10.11001968383789
dza,1992,9.709179878234863
dza,1993,10.89274024963379
dza,1994,10.941650390625
dza,1995,10.49197006225586
dza,1996,10.61929035186768
dza,1997,10.69822978973389
dza,1999,6.670030117034912
dza,2000,5.309209823608398
dza,2001,2.796319961547852
dza,2002,1.154760003089905
dza,2003,0.7849900126457214
dza,2004,0.8725799918174744
dza,2005,0.5151100158691406
dza,2006,0.8890699744224548
dza,2007,1.65556001663208
dza,2008,1.235049962997437
dza,2009,1.111559987068176
dza,2010,1.083969950675964
dza,2011,0.8278099894523621
dza,2012,0.663100004196167
dza,2013,0.4751499891281128
dza,2014,0.4796899855136871
dza,2015,0.4120300114154816
dza,2016,0.4717000126838684
dza,2017,0.4167599976062775
dza,2018,0.7300400137901306
dza,2019,0.5262699723243713
dza,2020,0.2483599931001663
dza,2021,0.8788700103759766
dza,2022,2.130450010299683
dza,2023,0.9300299882888794
dza,2024,1.395390033721924
ecu,1971,22.67464065551758
ecu,1973,22.32390022277832
ecu,1974,21.43390083312988
ecu,1975,22.09038925170898
ecu,1976,21.77775955200195
ecu,1977,18.75798988342285
ecu,1978,16.94648933410645
ecu,1979,13.94503974914551
ecu,1980,15.42934036254883
ecu,1994,11.55216979980469
ecu,1995,10.44262981414795
ecu,1996,8.816929817199707
ecu,1997,5.800839900970459
ecu,1998,5.171000003814697
ecu,1999,5.467460155487061
ecu,2000,6.41556978225708
ecu,2001,5.181980133056641
ecu,2002,3.83499002456665
ecu,2003,3.481760025024414
ecu,2005,3.900170087814331
ecu,2006,2.565589904785156
ecu,2007,1.154119968414307
ecu,2008,2.661119937896729
ecu,2009,0.6219300031661987
ecu,2010,0.5176600217819214
ecu,2011,0.7113900184631348
ecu,2012,1.873000025749207
ecu,2013,1.972540020942688
ecu,2014,1.135120034217834
ecu,2015,2.636070013046265
ecu,2016,2.71478009223938
ecu,2017,2.462140083312988
ecu,2018,1.499709963798523
ecu,2019,1.631829977035522
ecu,2020,1.513460040092468
ecu,2021,1.615319967269897
ecu,2022,1.676349997520447
ecu,2023,4.715189933776855
egy,1971,35.10232162475586
egy,1972,34.59727096557617
egy,1973,34.52994918823242
egy,1978,32.8821907043457
egy,1994,17.21179008483887
egy,1997,14.49223041534424
egy,1999,16.68417930603027
egy,2000,15.58201026916504
egy,2001,15.41777038574219
egy,2002,14.94620990753174
egy,2003,14.25580978393555
egy,2004,13.71261978149414
egy,2005,13.8856897354126
egy,2006,16.83967971801758
egy,2007,13.17199993133545
egy,2009,13.70683002471924
egy,2010,13.0727596282959
egy,2011,15.21714973449707
egy,2012,13.11458969116211
egy,2014,13.37777042388916
egy,2016,10.62942028045654
egy,2017,9.516169548034668
egy,2018,8.105640411376953
egy,2019,6.101359844207764
egy,2020,4.483819961547852
egy,2021,3.199399948120117
egy,2023,4.412909984588623
eri,1992,59.90787124633789
eri,1994,54.42668151855469
eri,1995,53.06681823730469
eri,1996,51.49269104003906
eri,1997,52.12403106689453
eri,1999,44.31858062744141
eri,2000,36.56998825073242
eri,2001,34.32503890991211
eri,2002,28.12261009216309
eri,2003,22.62425994873047
eri,2004,22.52737998962402
eri,2005,22.68939971923828
eri,2006,25.85265922546387
eri,2007,32.84624099731445
eri,2008,37.5578498840332
eri,2009,40.46654891967773
eri,2010,42.32469177246094
eri,2011,37.28979873657227
eri,2012,33.39136123657227
eri,2013,33.4121208190918
eri,2014,33.09460067749023
eri,2015,34.29936981201172
eri,2017,39.36291885375977
eri,2018,39.3790397644043
eri,2019,40.66292691789225
eri,2022,40.38481140136719
esp,1971,6.163219928741455
esp,1972,4.750609874725342
esp,1973,4.476039886474609
esp,1975,0.4910700023174286
esp,1976,0.0573999993503094
esp,1977,0.9488300085067748
esp,1978,1.227450013160706
esp,1979,0.9373599886894226
esp,1980,0.8134999871253967
esp,1981,0.8988900184631348
esp,1983,0.5341299772262573
esp,1984,0.3850600123405457
esp,1985,0.3585900068283081
esp,1986,0.2427600026130676
esp,1987,0.8274800181388855
esp,1988,0.2578699886798859
esp,1989,0.4957099854946136
esp,1990,0.3392300009727478
esp,1991,0.8113399744033813
esp,1992,0.6954399943351746
esp,1993,0.4050399959087372
esp,1994,0.2757300138473511
esp,1995,0.2673499882221222
esp,1996,0.1342500001192093
esp,1997,0.1487900018692017
esp,1999,0.0966399982571602
esp,2000,0.0211900006979704
esp,2001,0.0240299999713898
esp,2002,0.0424199998378754
esp,2003,0.0866800025105476
esp,2004,0.0745000019669533
esp,2005,0.1441600024700165
esp,2006,0.1775200068950653
esp,2007,0.093529999256134
esp,2008,0.5613399744033813
esp,2009,0.881820023059845
esp,2010,1.793730020523071
esp,2011,1.961429953575134
esp,2012,2.286969900131226
esp,2013,2.510590076446533
esp,2014,2.61857008934021
esp,2015,2.709520101547241
esp,2016,2.559540033340454
esp,2017,2.330919981002808
esp,2018,2.002540111541748
esp,2019,1.605380058288574
esp,2020,1.380689978599548
esp,2021,1.416270017623901
esp,2022,1.277230024337769
esp,2023,1.288050055503845
est,1995,13.70818996429443
est,1996,10.67026042938232
est,1998,1.218009948730469
est,1999,0.9763399958610536
est,2000,0.9631699919700624
est,2014,2.443120002746582
est,2015,2.483069896697998
est,2016,2.456269979476929
est,2017,2.412590026855469
est,2018,2.369290113449097
est,2019,2.263959884643555
est,2020,2.217959880828857
est,2021,2.123049974441528
est,2022,1.824059963226318
est,2023,2.465529918670654
eth,1987,70.34062194824219
eth,1988,69.91126251220703
eth,1989,71.1907730102539
eth,1994,79.77660369873047
eth,1995,76.95886993408203
eth,1996,72.89505004882812
eth,1998,66.6842269897461
eth,1999,64.88886260986328
eth,2000,61.55424118041992
eth,2001,57.97277069091797
eth,2002,56.26338958740234
eth,2003,55.65356826782227
eth,2004,52.87509155273438
eth,2005,42.32872009277344
eth,2006,37.39870071411133
eth,2007,31.8167896270752
eth,2008,25.94577980041504
eth,2009,26.21357917785645
eth,2010,28.17614936828613
eth,2011,24.75099945068359
eth,2012,23.86669921875
eth,2014,19.13398737101166
eth,2015,20.21709826739944
eth,2021,25.73337936401367
eth,2022,24.64505513464185
eth,2023,23.82805805188475
fin,1972,18.14142036437988
fin,1979,0.8068000078201294
fin,1993,0.6225000023841858
fin,1994,0.6754199862480164
fin,1995,0.6586700081825256
fin,1996,0.7245500087738037
fin,1997,0.5318899750709534
fin,1998,0.532069981098175
fin,1999,0.7070299983024597
fin,2000,0.8006899952888489
fin,2001,1.127419948577881
fin,2002,1.10903000831604
fin,2003,1.025730013847351
fin,2004,0.9968199729919434
fin,2005,1.010949969291687
fin,2006,1.168900012969971
fin,2007,1.167320013046265
fin,2008,1.122189998626709
fin,2009,1.236240029335022
fin,2010,1.209550023078918
fin,2011,1.129179954528809
fin,2012,1.262259960174561
fin,2013,1.338739991188049
fin,2014,1.337260007858276
fin,2015,1.602409958839417
fin,2016,1.629709959030151
fin,2017,1.82955002784729
fin,2018,1.821329951286316
fin,2019,2.227710008621216
fin,2020,1.891109943389893
fin,2021,1.3612300157547
fin,2022,1.976320028305054
fin,2023,1.552330017089844
fji,1992,8.868969917297363
fji,1994,8.2252197265625
fji,1995,9.936829566955566
fji,1996,11.56986999511719
fji,1997,10.3505802154541
fji,1998,8.875900268554688
fji,1999,8.25232982635498
fji,2000,6.358059883117676
fji,2001,4.650330066680908
fji,2002,5.122109889984131
fji,2003,8.361459732055664
fji,2004,5.459410190582275
fji,2006,8.958259582519531
fji,2007,10.94474029541016
fji,2008,11.9199104309082
fji,2009,11.96411037445068
fji,2011,11.01828956604004
fji,2012,9.88424015045166
fji,2013,11.15690314983809
fji,2014,8.023082480543591
fji,2015,5.109349196646077
fji,2016,2.002219494340154
fji,2017,2.919009555851709
fji,2018,2.459474462245686
fji,2020,2.829720020294189
flk,1995,7.034649848937988
fra,1971,3.021070003509521
fra,1972,2.962480068206787
fra,1973,2.506119966506958
fra,1974,1.93218994140625
fra,1976,2.566030025482178
fra,1977,2.624209880828857
fra,1979,2.283859968185425
fra,1980,2.474970102310181
fra,1981,2.313630104064941
fra,1982,1.795819997787476
fra,1983,1.849570035934448
fra,1985,2.20691990852356
fra,1986,1.593119978904724
fra,1987,1.806380033493042
fra,1988,1.909610033035278
fra,1989,1.970989942550659
fra,1990,1.39723002910614
fra,1991,1.043699979782104
fra,1992,0.6588199734687805
fra,1993,0.6611599922180176
fra,1994,0.1823199987411499
fra,1995,0.2481700032949448
fra,1996,0.2662099897861481
fra,1997,0.8372600078582764
fra,1999,0.0840699970722198
fra,2000,3.548710107803345
fra,2001,3.634170055389404
fra,2002,3.70044994354248
fra,2003,3.932800054550171
fra,2004,3.928179979324341
fra,2005,0.0845099985599518
fra,2006,0.0292399991303682
fra,2007,0.131740003824234
fra,2008,0.5035600066184998
fra,2009,0.8935099840164185
fra,2010,1.268049955368042
fra,2011,0.2418199926614761
fra,2012,0.3698900043964386
fra,2013,0.579230010509491
fra,2014,1.361879944801331
fra,2015,0.5149800181388855
fra,2016,0.1671999990940094
fra,2017,0.0584000013768673
fra,2018,0.0147200003266335
fra,2019,0.1163299977779388
fra,2020,0.0184300001710653
fra,2021,0.0704500004649162
fra,2022,0.0146899996325374
fsm,2014,12.98701000213623
fsm,2015,17.63784980773926
fsm,2016,11.59370957859623
fsm,2017,12.86724700761697
fsm,2018,6.145327773600383
fsm,2019,10.79549334243769
fsm,2020,19.06192394346965
fsm,2021,19.06553564099056
fsm,2022,20.01929570670526
fsm,2023,23.93720477910531
fsm,2024,23.04414640961162
gab,1975,5.2364501953125
gab,1987,0.5277299880981445
gab,1997,14.36830997467041
gab,2019,28.76701643606649
gbr,1971,1.252449989318848
gbr,1972,0.9987900257110596
gbr,1973,1.476559996604919
gbr,1974,1.931710004806519
gbr,1975,2.153840065002441
gbr,1976,2.357589960098267
gbr,1977,2.249979972839355
gbr,1978,2.304270029067993
gbr,1979,2.13860011100769
gbr,1980,0.710640013217926
gbr,1981,0.6692399978637695
gbr,1982,0.4974699914455414
gbr,1983,0.8509899973869324
gbr,1984,1.420199990272522
gbr,1985,4.506710052490234
gbr,1986,5.532949924468994
gbr,1987,4.889180183410645
gbr,1988,4.421000003814697
gbr,1989,5.816609859466553
gbr,1990,5.528190135955811
gbr,1991,6.438889980316162
gbr,1992,6.474780082702637
gbr,1998,0.2458000034093857
gbr,1999,0.1695600003004074
gbr,2000,0.0518000014126301
gbr,2001,0.0480099990963936
gbr,2002,0.0260799992829561
gbr,2003,0.0422799997031689
gbr,2004,0.5870800018310547
gbr,2005,0.0795800015330315
gbr,2006,1.037719964981079
gbr,2007,2.362760066986084
gbr,2008,0.387609988451004
gbr,2009,0.7501400113105774
gbr,2010,0.5583000183105469
gbr,2011,1.09949004650116
gbr,2012,1.921129941940308
gbr,2013,1.928020000457764
gbr,2014,1.680009961128235
gbr,2015,1.463269948959351
gbr,2016,1.285709977149963
gbr,2017,0.798009991645813
gbr,2018,0.3370200097560883
gbr,2019,0.0496399998664856
gbr,2020,0.022579999640584
gbr,2021,0.0377000011503696
gbr,2022,0.0882799997925758
geo,1995,17.52108955383301
geo,1996,15.81414031982422
geo,1997,12.66221046447754
geo,2006,1.269559979438782
geo,2008,3.172110080718994
geo,2009,2.915600061416626
geo,2011,2.20959997177124
geo,2012,2.84840989112854
geo,2013,2.900140047073364
geo,2014,2.954770088195801
geo,2015,2.323050022125244
geo,2016,2.334450006484985
geo,2017,2.03302001953125
geo,2018,1.864869952201843
geo,2019,1.616770029067993
geo,2020,1.190459966659546
geo,2021,0.8285899758338928
geo,2022,3.039730072021484
geo,2023,4.808159828186035
gha,1999,42.53049850463867
gha,2000,34.47909164428711
gha,2001,39.52246856689453
gha,2002,35.27962112426758
gha,2003,35.27297973632813
gha,2005,29.26384925842285
gha,2006,26.81558990478516
gha,2007,21.63059997558594
gha,2008,16.51704978942871
gha,2009,16.91320991516113
gha,2011,11.15273952484131
gha,2012,12.73184967041016
gha,2017,6.842850208282471
gha,2018,8.171290397644043
gha,2019,5.514810085296631
gha,2020,10.56182956695557
gha,2021,9.940919876098633
gib,1978,25.16164016723633
gib,1979,25.86673927307129
gib,1981,25.37313079833984
gib,1982,22.75937080383301
gib,2023,2.273430109024048
gin,1984,75.8968276977539
gin,1985,73.0321273803711
gin,1986,74.91619110107422
gin,1987,76.60035705566406
gin,1988,75.46717071533203
gin,1989,75.32376098632812
gin,1990,75.81719970703125
gin,1991,74.09465026855469
gin,1998,58.92150115966797
gin,1999,56.77516174316406
gin,2000,54.11418151855469
gin,2001,51.1916389465332
gin,2002,44.26411056518555
gin,2003,41.18972015380859
gin,2004,38.38893890380859
gin,2005,36.68254089355469
gin,2006,34.68167877197266
gin,2007,32.68299102783203
gin,2008,33.42274856567383
gin,2009,31.61042022705078
gin,2010,28.14941024780273
gin,2011,23.52452087402344
gin,2012,23.92424964904785
gin,2013,22.06362915039063
gin,2014,18.43852996826172
gin,2015,26.04549499533543
gin,2016,20.54387092590332
gin,2018,16.51145659057164
gin,2019,17.70050947542486
gin,2020,14.72784042358398
gin,2021,19.44734222241324
glp,1986,8.280349731445312
glp,1987,0.0
glp,1991,0.9841799736022948
gmb,1971,81.84839630126953
gmb,1972,81.91497802734375
gmb,1973,80.69788360595703
gmb,1974,80.11473083496094
gmb,1975,78.99874114990234
gmb,1976,77.63580322265625
gmb,1977,74.16375732421875
gmb,1978,71.95004272460938
gmb,1979,68.35176086425781
gmb,1980,64.30049896240234
gmb,1981,57.20270156860352
gmb,1982,54.074951171875
gmb,1983,51.51626968383789
gmb,1984,50.30875015258789
gmb,1985,47.99929046630859
gmb,1986,48.15053939819336
gmb,1990,57.74559020996094
gmb,1992,59.92646026611328
gmb,1993,57.34012985229492
gmb,1996,50.54872131347656
gmb,1998,48.7960205078125
gmb,1999,40.32852172851563
gmb,2000,42.92124938964844
gmb,2001,42.82661819458008
gmb,2002,44.49364852905273
gmb,2003,41.34452819824219
gmb,2004,40.63182067871094
gmb,2005,42.10686874389648
gmb,2006,37.70270156860352
gmb,2007,35.6025505065918
gmb,2008,38.94525146484375
gmb,2010,79.43358796326116
gmb,2011,79.38871968557672
gmb,2012,79.5610348890064
gmb,2013,34.80503254738761
gmb,2014,35.07250289013949
gmb,2015,29.45564079284668
gmb,2016,27.85322625311548
gmb,2017,25.35454794800501
gmb,2018,23.6451851290903
gmb,2019,20.30657171262199
gmb,2020,18.43634768205391
gmb,2021,19.0235952871828
gmb,2022,18.7838262836972
gmb,2023,18.78242256068166
gnb,1981,61.21617889404297
gnb,1982,53.65716171264648
gnb,1984,55.5602912902832
gnb,1985,55.28979110717773
gnb,1987,61.67332077026367
gnb,1988,62.17240142822266
gnb,2000,50.75555038452148
gnb,2010,30.54524040222168
gnq,1994,41.33797073364258
gnq,2000,48.20579147338867
gnq,2001,44.56813812255859
gnq,2002,47.30043029785156
gnq,2003,49.1255989074707
gnq,2008,62.66162109375
gnq,2009,63.19131088256836
gnq,2010,63.60258865356445
gnq,2011,62.91281127929688
gnq,2012,62.31983184814453
gnq,2015,65.59651947021484
grc,1971,4.946070194244385
grc,1972,5.587860107421875
grc,1973,5.789030075073242
grc,1974,4.366129875183105
grc,1975,4.128399848937988
grc,1976,4.095870018005371
grc,1977,5.463240146636963
grc,1978,4.425690174102783
grc,1979,4.29757022857666
grc,1980,4.020249843597412
grc,1981,6.68271017074585
grc,1982,7.083720207214355
grc,1983,6.898940086364746
grc,1984,6.799479961395264
grc,1985,6.33036994934082
grc,1986,6.765719890594482
grc,1987,9.74470043182373
grc,1988,8.812310218811035
grc,1989,8.844550132751465
grc,1990,9.069250106811523
grc,1991,8.432470321655273
grc,1992,9.131279945373535
grc,1993,9.326589584350586
grc,1994,8.857239723205566
grc,1995,7.950689792633057
grc,1996,10.21006011962891
grc,1997,11.40402030944824
grc,1998,6.556839942932129
grc,1999,7.481249809265137
grc,2000,0.0751700028777122
grc,2001,0.2006099969148636
grc,2002,6.123579978942871
grc,2003,4.144559860229492
grc,2004,2.389529943466187
grc,2005,2.205140113830566
grc,2006,2.82945990562439
grc,2007,2.344470024108887
grc,2010,1.489019989967346
grc,2011,1.581799983978271
grc,2012,1.935920000076294
grc,2013,2.262079954147339
grc,2014,2.871380090713501
grc,2015,2.179349899291992
grc,2016,1.424530029296875
grc,2017,1.970149993896484
grc,2018,2.981230020523071
grc,2019,3.195169925689697
grc,2020,3.727260112762451
grc,2021,3.846760034561157
grc,2022,0.0021800000686198
grd,1972,8.835809707641602
grd,1977,15.14601039886475
grd,1978,13.93167018890381
grd,1979,11.91543006896973
grd,1980,11.71739959716797
grd,1981,13.02715015411377
grd,1982,14.46817970275879
grd,1983,12.38848972320557
grd,1984,7.755780220031738
grd,1999,1.079380035400391
grd,2002,2.382590055465698
grd,2004,2.136519908905029
grd,2005,6.603899955749512
grd,2007,1.915729999542236
grd,2008,1.578930020332336
grd,2016,0.0865800008177757
grd,2018,0.1215010262200733
grd,2021,2.847543049139017
gtm,1970,51.88031005859375
gtm,1971,50.64532089233398
gtm,1972,49.90481185913086
gtm,1974,48.78208160400391
gtm,1975,47.61087036132813
gtm,1978,43.70112991333008
gtm,1979,42.74135971069336
gtm,1980,40.4244499206543
gtm,1981,37.00072860717773
gtm,1982,39.90998840332031
gtm,1983,35.79380035400391
gtm,1997,28.80652046203613
gtm,1999,17.44046974182129
gtm,2000,15.15499019622803
gtm,2001,16.10091018676758
gtm,2002,12.72535037994385
gtm,2004,8.047789573669434
gtm,2005,6.648550033569336
gtm,2006,5.274439811706543
gtm,2007,4.227280139923096
gtm,2008,3.999589920043945
gtm,2011,2.426090002059937
gtm,2012,5.15038013458252
gtm,2013,7.410369873046875
gtm,2014,9.456459999084473
gtm,2015,10.09928035736084
gtm,2016,11.22002983093262
gtm,2017,10.57767009735107
gtm,2018,9.681070327758787
gtm,2019,9.904680252075195
gtm,2020,9.76338005065918
gtm,2021,8.552419662475586
gtm,2022,8.493439674377441
gtm,2023,8.367569923400879
guf,1996,1.178859949111938
guy,1971,11.98690032958984
guy,1972,12.01084041595459
guy,1974,10.98101997375488
guy,1976,12.66687965393066
guy,1977,5.650229930877686
guy,1979,7.344299793243408
guy,1982,8.930780410766602
guy,1991,7.703999996185303
guy,1992,9.3377103805542
guy,1993,10.46770000457764
guy,1995,8.897879600524902
guy,1996,11.64400959014893
guy,2003,8.234530448913574
guy,2008,0.6289799809455872
guy,2009,5.255410194396973
guy,2010,0.5306000113487244
guy,2011,0.3457199931144714
guy,2012,0.3237299919128418
guy,2020,19.00881958007813
guy,2021,19.97468948364258
guy,2023,17.98015975952148
hkg,1971,13.72634029388428
hkg,1972,12.39665031433105
hkg,1973,11.95728969573975
hkg,1974,10.9064998626709
hkg,1975,10.0518798828125
hkg,1976,9.846540451049805
hkg,1977,9.351739883422852
hkg,1978,9.964380264282228
hkg,1979,9.526370048522947
hkg,1980,4.481589794158936
hkg,1981,3.763580083847046
hkg,1982,3.613800048828125
hkg,1983,3.345779895782471
hkg,1984,3.716360092163086
hkg,1985,4.366499900817871
hkg,1995,5.40585994720459
hkg,1996,6.370399951934814
hkg,2001,4.00648021697998
hkg,2002,3.694060087203979
hkg,2003,2.039819955825806
hkg,2004,3.113300085067749
hkg,2005,2.124360084533691
hkg,2006,1.316640019416809
hkg,2007,1.814339995384216
hkg,2008,0.4725899994373322
hkg,2009,0.4016099870204926
hkg,2010,0.3644900023937225
hkg,2011,0.2861799895763397
hkg,2012,0.3157399892807007
hkg,2013,0.3530499935150146
hkg,2014,0.7860900163650513
hkg,2015,0.8776299953460693
hkg,2016,0.6977199912071228
hkg,2017,0.2200600057840347
hkg,2018,0.124770000576973
hkg,2019,0.066770002245903
hkg,2020,0.6612100005149841
hkg,2021,1.032789945602417
hkg,2022,0.8763700127601624
hnd,1978,27.16562080383301
hnd,1979,23.69964027404785
hnd,1980,23.41193962097168
hnd,1982,13.44721031188965
hnd,1983,12.1124095916748
hnd,1984,11.25679016113281
hnd,1986,11.57538032531738
hnd,1991,14.04920959472656
hnd,1993,12.51329040527344
hnd,2000,14.71218967437744
hnd,2003,9.922880172729492
hnd,2004,8.936320304870605
hnd,2005,13.07742023468018
hnd,2006,9.107569694519045
hnd,2007,14.66913032531738
hnd,2008,11.98097038269043
hnd,2009,13.84434986114502
hnd,2010,13.59430027008057
hnd,2011,14.04160976409912
hnd,2012,17.65222930908203
hnd,2013,20.66662979125977
hnd,2014,21.56019973754883
hnd,2015,22.59708023071289
hnd,2016,21.78564071655273
hnd,2017,20.98608016967773
hnd,2018,19.97075047787732
hnd,2019,17.8150806427002
hnd,2020,21.78779983520508
hnd,2021,24.76082038879395
hnd,2022,23.47114944458008
hnd,2023,23.98801040649414
hrv,1998,9.916740417480469
hrv,1999,1.882940053939819
hrv,2001,0.2554000020027161
hrv,2002,0.4119099974632263
hrv,2003,0.4638999998569489
hrv,2005,0.7046399712562561
hrv,2006,0.7853800058364868
hrv,2007,0.832889974117279
hrv,2008,1.057410001754761
hrv,2009,2.16769003868103
hrv,2010,0.991599977016449
hrv,2011,1.044219970703125
hrv,2012,1.046259999275208
hrv,2013,1.2602299451828
hrv,2014,1.435230016708374
hrv,2015,1.446249961853027
hrv,2016,1.7360600233078
hrv,2017,1.464890003204346
hrv,2018,1.568959951400757
hrv,2019,1.959660053253174
hrv,2020,1.842710018157959
hrv,2021,1.787070035934448
hrv,2022,1.732810020446777
hti,1980,64.20297241210938
hti,1981,63.65724182128906
hti,1982,58.64342880249023
hti,1983,54.54423904418945
hti,1984,57.54170989990234
hti,1985,52.03900146484375
hti,1986,49.13515090942383
hti,1987,57.17723083496094
hti,1997,39.78530120849609
hun,1994,12.78499984741211
hun,1995,13.09673976898193
hun,1996,22.68061065673828
hun,1997,12.41172981262207
hun,1998,0.2970499992370605
hun,1999,0.4860399961471558
hun,2000,2.349989891052246
hun,2001,1.476459980010986
hun,2002,0.1305699944496155
hun,2003,0.0206000003963709
hun,2004,0.0388699993491173
hun,2005,0.0865499973297119
hun,2006,0.1618199944496155
hun,2007,0.4399000108242035
hun,2008,0.8800600171089172
hun,2009,1.648370027542114
hun,2010,2.078130006790161
hun,2011,2.382430076599121
hun,2012,1.688730001449585
hun,2013,2.514600038528442
hun,2014,3.552789926528931
hun,2015,4.28495979309082
hun,2016,4.968339920043945
hun,2017,4.869319915771484
hun,2018,4.452799797058105
hun,2019,4.348710060119629
hun,2020,4.27849006652832
hun,2021,3.860260009765625
hun,2022,3.682250022888184
hun,2023,2.170559883117676
idn,1971,29.86743927001953
idn,1972,29.01018905639648
idn,1974,29.60814094543457
idn,1975,27.23181915283203
idn,1976,24.38731956481934
idn,1977,21.99294090270996
idn,1978,15.17700958251953
idn,1981,10.14787006378174
idn,1982,3.946710109710693
idn,1983,2.509530067443848
idn,1984,2.178270101547241
idn,1985,2.027390003204346
idn,1986,2.621309995651245
idn,1987,1.599570035934448
idn,1988,2.145430088043213
idn,1989,2.041510105133057
idn,1990,3.850980043411255
idn,1991,4.931940078735352
idn,1992,5.599309921264648
idn,1993,6.303860187530518
idn,1994,5.197840213775635
idn,1995,5.081429958343506
idn,1996,6.242300033569336
idn,1997,6.471909999847412
idn,2001,4.128530025482178
idn,2002,4.372970104217529
idn,2003,4.484889984130859
idn,2004,5.154860019683838
idn,2005,5.831270217895508
idn,2006,4.150909900665283
idn,2007,2.053329944610596
idn,2008,2.560580015182495
idn,2009,0.9833199977874756
idn,2010,0.3907400071620941
idn,2011,1.82070004940033
idn,2012,0.236179992556572
idn,2013,1.821609973907471
idn,2014,3.532140016555786
idn,2016,6.064549922943115
idn,2017,6.391409873962402
idn,2018,7.700087368206372
idn,2019,1.722177786910401
idn,2020,2.678497391261083
idn,2021,1.441552094044534
idn,2022,1.225796783925002
idn,2023,0.7270525062284334
ind,1971,38.59449005126953
ind,1990,20.93145942687988
ind,2002,13.44491958618164
ind,2003,8.48766040802002
ind,2007,0.91908997297287
ind,2008,0.3934899866580963
ind,2009,1.319959998130798
ind,2010,0.86080002784729
ind,2011,1.318210005760193
ind,2012,1.232499957084656
ind,2013,0.4253900051116943
ind,2016,4.106806475551278
ind,2017,6.03077755187412
ind,2018,6.378508526655279
ind,2019,7.372874259089538
ind,2020,4.055847428596003
ind,2021,2.312761815210539
ind,2022,0.1527990447752149
ind,2023,1.46968703818843
ind,2024,0.1043026945605508
irl,1971,7.271170139312744
irl,1972,7.792669773101807
irl,1973,7.266079902648926
irl,1974,8.342120170593262
irl,1975,8.717949867248535
irl,1976,9.063850402832031
irl,1977,9.342060089111328
irl,1978,9.374870300292969
irl,1979,9.804670333862305
irl,1980,9.865440368652344
irl,1981,9.990659713745115
irl,1982,10.03353023529053
irl,1983,9.887669563293455
irl,1986,10.08308982849121
irl,1987,10.53281021118164
irl,1988,10.05718040466309
irl,1989,9.719200134277344
irl,1990,9.130789756774902
irl,1991,8.906959533691406
irl,1992,8.844409942626953
irl,1993,8.491700172424316
irl,1994,8.302519798278809
irl,1995,8.303970336914062
irl,1996,8.748319625854492
irl,1998,0.3742200136184692
irl,1999,0.0984899997711182
irl,2000,0.0408300012350082
irl,2001,0.1828300058841705
irl,2002,0.2195799946784973
irl,2003,0.0190200004726648
irl,2004,0.0919400006532669
irl,2005,0.2585200071334839
irl,2006,0.1173399984836578
irl,2007,0.1750400066375732
irl,2008,0.0744500011205673
irl,2009,0.0263599995523691
irl,2010,0.200080007314682
irl,2011,0.1254999935626984
irl,2012,0.0578900016844273
irl,2013,0.0726900026202202
irl,2014,0.0373600013554096
irl,2015,0.0488200001418591
irl,2016,0.0116400001570582
irl,2017,0.028659999370575
irl,2018,0.0017399999778718
irl,2019,0.1372299939393997
irl,2020,0.0423300005495548
irl,2021,0.7634599804878235
irl,2022,1.109539985656738
irn,1971,42.83546829223633
irn,1984,16.87717056274414
irn,1985,16.98364067077637
irn,1986,16.7956600189209
irn,1987,17.05430030822754
irn,1988,16.24241065979004
irn,1989,16.22034072875977
irn,1990,10.61763954162598
irn,1992,7.9274001121521
irn,1997,10.37779998779297
irn,1999,17.00609016418457
irn,2000,16.7202091217041
irn,2002,2.839139938354492
irn,2003,2.367670059204102
irn,2004,1.738469958305359
irn,2005,0.8825100064277649
irn,2006,1.126479983329773
irn,2007,5.369929790496826
irn,2009,4.661200046539307
irn,2010,5.510220050811768
irn,2011,4.823349952697754
irn,2012,4.230350017547607
irn,2013,2.183429956436157
irn,2014,3.970340013504028
irn,2015,3.827059984207153
irn,2016,3.495850086212158
irn,2017,2.649899959564209
irn,2019,1.552430033683777
irn,2020,1.829460024833679
irq,1971,43.79616928100586
irq,1972,42.57820892333984
irq,1973,41.01684951782227
irq,1974,38.76448822021484
irq,1975,37.45111083984375
irq,1976,28.25374031066895
irq,1977,25.58112907409668
irq,1978,23.39269065856934
irq,1979,9.156649589538574
irq,1980,5.983170032501221
irq,1981,8.174980163574219
irq,1983,13.17099952697754
irq,1985,14.41195964813232
irq,1986,12.67465019226074
irq,1987,11.06171035766602
irq,1988,9.527560234069824
irq,1989,10.46343040466309
irq,1993,20.55743026733398
irq,1996,26.12659072875977
irq,1999,15.3071403503418
irq,2000,17.60732078552246
irq,2003,14.03682041168213
irq,2004,14.79156017303467
irq,2007,10.72054004669189
isl,1977,1.060559988021851
isl,1994,0.4505400061607361
isl,1996,0.0205400008708239
isl,1997,0.8555099964141846
isl,1998,1.073079943656921
isl,1999,1.218119978904724
isl,2000,0.8620100021362305
isl,2001,0.6812099814414978
isl,2002,1.172289967536926
isl,2003,0.9380199909210204
isl,2004,0.9308099746704102
isl,2005,0.8537899851799011
isl,2006,1.089079976081848
isl,2007,1.428380012512207
isl,2008,1.555050015449524
isl,2009,1.575219988822937
isl,2010,1.173210024833679
isl,2011,1.258260011672974
isl,2012,1.133380055427551
isl,2013,1.199020028114319
isl,2014,1.17631995677948
isl,2015,1.261880040168762
isl,2016,1.037299990653992
isl,2017,1.066490054130554
isl,2018,1.101079940795898
isl,2019,1.189579963684082
isl,2020,1.42287003993988
isl,2021,1.420770049095154
isl,2022,1.515470027923584
isr,1999,0.3580600023269653
isr,2000,3.173439979553223
isr,2001,4.04925012588501
isr,2002,3.886990070343018
isr,2003,4.528069972991943
isr,2004,4.235909938812256
isr,2005,4.507500171661377
isr,2006,4.449729919433594
isr,2007,4.212259769439697
isr,2008,4.286099910736084
isr,2009,2.213200092315674
isr,2010,1.979599952697754
isr,2011,1.786110043525696
isr,2012,1.713680028915405
isr,2013,1.909620046615601
isr,2014,2.340480089187622
isr,2015,2.548880100250244
isr,2016,2.599100112915039
isr,2017,3.196749925613403
isr,2018,3.396490097045898
isr,2019,3.711770057678223
isr,2020,3.826930046081543
isr,2021,3.63031005859375
isr,2022,3.656069993972778
ita,1973,0.4354000091552734
ita,1976,2.667510032653809
ita,1979,0.6457200050354004
ita,1985,1.147909998893738
ita,1995,0.0
ita,1996,1.000880002975464
ita,1997,0.621940016746521
ita,1999,0.4266499876976013
ita,2000,0.1354099959135056
ita,2001,0.2179999947547913
ita,2002,0.207399994134903
ita,2003,0.2833400070667267
ita,2004,0.1947499960660934
ita,2005,0.3718700110912323
ita,2006,0.3815299868583679
ita,2007,0.4054200053215027
ita,2008,0.4154300093650818
ita,2009,0.3044799864292145
ita,2010,0.2168799936771393
ita,2011,0.2928900122642517
ita,2012,0.3364900052547455
ita,2013,0.8853200078010559
ita,2014,1.230849981307983
ita,2015,1.494339942932129
ita,2016,1.664919972419739
ita,2017,1.637940049171448
ita,2018,1.571040034294128
ita,2019,1.596959948539734
ita,2020,1.482849955558777
ita,2021,2.105809926986694
ita,2022,2.507090091705322
ita,2023,2.056159973144531
jam,1975,0.75764000415802
jam,1976,2.104170083999634
jam,1977,2.555769920349121
jam,1979,0.856689989566803
jam,1980,1.488270044326782
jam,1981,2.144520044326782
jam,1983,1.429960012435913
jam,1984,3.199079990386963
jam,1985,4.682040214538574
jam,1986,5.155049800872803
jam,1987,4.173319816589355
jam,1988,7.595560073852539
jam,1989,4.117660045623779
jam,1990,4.4793701171875
jam,1991,5.559629917144775
jam,1993,8.643400192260742
jam,1999,11.88358020782471
jam,2000,10.93085956573486
jam,2001,11.15482997894287
jam,2002,12.26319026947021
jam,2003,13.14525985717773
jam,2004,10.11373996734619
jam,2005,10.13195037841797
jam,2013,19.55020851376121
jam,2014,20.47992883667735
jam,2015,21.43573809754993
jam,2016,20.73526923331592
jam,2017,21.62404970594675
jam,2018,21.85247500514857
jam,2019,21.96887745699015
jam,2020,12.57721996307373
jam,2021,15.01546001434326
jam,2022,7.059460163116455
jam,2023,12.4071798324585
jor,1972,17.6126594543457
jor,1973,11.94351959228516
jor,1974,7.708670139312744
jor,1975,5.327270030975342
jor,1976,4.70451021194458
jor,1977,4.197559833526611
jor,1978,3.373420000076294
jor,1979,2.974050045013428
jor,1980,3.957779884338379
jor,1981,5.006539821624756
jor,1982,5.091629981994629
jor,1983,8.343950271606445
jor,1984,9.621129989624023
jor,1985,10.23661041259766
jor,1999,14.90727043151855
jor,2000,15.7686595916748
jor,2002,9.6451997756958
jor,2003,7.945889949798584
jor,2004,6.780779838562012
jor,2005,6.715260028839111
jor,2006,7.290510177612305
jor,2007,8.881529808044434
jor,2008,11.22373008728027
jor,2010,11.55294990539551
jor,2011,10.74985980987549
jor,2012,10.2956600189209
jor,2013,6.857619762420654
jor,2016,3.688040018081665
jor,2017,2.122750043869019
jor,2018,1.691429972648621
jor,2019,1.702479958534241
jor,2020,1.580379962921143
jor,2021,2.552040100097656
jor,2022,1.887910008430481
jor,2023,2.733860015869141
jpn,1971,0.1944400072097778
jpn,1972,0.1629199981689453
jpn,1973,0.241349995136261
jpn,1974,0.0419499985873699
jpn,1975,0.0249000005424023
jpn,1976,0.087739996612072
jpn,1977,0.1351799964904785
jpn,1978,0.1409099996089935
jpn,1979,3.752229928970337
jpn,1980,2.402810096740723
jpn,1981,2.992729902267456
jpn,1982,2.631459951400757
jpn,1983,1.683189988136292
jpn,1984,0.4362399876117706
jpn,1985,0.4046599864959717
jpn,1986,0.3607499897480011
jpn,1987,0.2621900141239166
jpn,1988,0.2083300054073334
jpn,1989,0.1321099996566772
jpn,1990,0.128700003027916
jpn,1991,0.0868699997663498
jpn,1992,0.130730003118515
jpn,1994,0.0794600024819374
jpn,1998,0.0389599986374378
jpn,1999,0.0047200000844896
jpn,2013,0.03141999989748
jpn,2014,0.1023700013756752
jpn,2015,0.1449899971485138
jpn,2016,0.094650000333786
jpn,2017,0.0502000004053116
jpn,2018,0.0925000011920929
jpn,2019,0.0857099965214729
jpn,2020,0.1341499984264374
jpn,2021,0.0302099995315075
jpn,2022,0.09672000259161
kaz,2000,4.31358003616333
kaz,2001,2.354059934616089
kaz,2002,2.372420072555542
kaz,2003,2.2011399269104
kaz,2004,2.310139894485474
kaz,2005,2.087810039520264
kaz,2006,2.376519918441772
kaz,2007,4.028590202331543
kaz,2008,5.534299850463867
kaz,2009,7.054959774017334
kaz,2010,8.09338753850892
kaz,2011,7.543376156514843
kaz,2012,7.593670960531733
kaz,2013,8.224592963598138
kaz,2014,8.453081312230362
kaz,2015,8.35226595228821
kaz,2016,8.508386103607034
kaz,2017,5.798748799820888
kaz,2018,5.05080159474217
kaz,2019,3.967298071624597
kaz,2020,10.84031612901538
kaz,2021,10.97042091748816
kaz,2022,10.37120544694373
kaz,2023,5.86329668117656
kaz,2024,6.401980536025547
ken,1999,37.24288940429688
ken,2000,34.95486831665039
ken,2001,27.17357063293457
ken,2002,29.38117980957031
ken,2003,14.97443008422852
ken,2004,15.90464973449707
ken,2005,14.68820953369141
ken,2006,15.16977024078369
ken,2007,5.012889862060547
ken,2008,9.380820274353027
ken,2009,7.63293981552124
ken,2012,17.28182983398438
kgz,1996,12.56832027435303
kgz,1999,6.569839954376221
kgz,2000,7.984640121459961
kgz,2001,7.804800033569336
kgz,2002,8.295330047607422
kgz,2003,9.131529808044434
kgz,2004,4.622640132904053
kgz,2005,7.246970176696777
kgz,2006,5.930240154266357
kgz,2007,6.740640163421631
kgz,2008,6.862760066986084
kgz,2009,6.572750091552734
kgz,2010,5.321881945229216
kgz,2011,6.037531956194374
kgz,2012,5.79014528328536
kgz,2013,5.54894369675559
kgz,2014,4.605263157894736
kgz,2015,4.955619854653122
kgz,2016,2.757933811287418
kgz,2017,2.708689616320946
kgz,2018,2.297250852617148
kgz,2019,2.777658115608015
kgz,2020,5.261278176307922
kgz,2021,4.330740222390717
kgz,2022,3.538465860546899
kgz,2024,2.981860402236236
khm,1997,14.52686023712158
khm,1998,16.97579956054688
khm,1999,15.6070499420166
khm,2000,10.38004970550537
khm,2003,4.074749946594238
khm,2006,5.16418981552124
khm,2007,4.211150169372559
khm,2008,4.945610046386719
khm,2010,6.743430137634277
khm,2011,1.36066997051239
khm,2012,2.574259996414185
khm,2014,8.722579956054688
khm,2015,8.290539741516113
khm,2016,10.08835983276367
khm,2017,11.43492031097412
khm,2018,10.9248104095459
khm,2019,9.304880142211914
khm,2020,9.433859825134276
khm,2021,11.0478462238695
khm,2022,15.73971013410694
khm,2023,7.786627314791497
kir,1979,7.243569850921631
kir,1981,4.445670127868652
kir,1982,2.508219957351685
kir,1983,3.396909952163696
kir,1984,3.876849889755249
kir,1985,1.568549990653992
kir,1986,1.510689973831177
kir,1987,3.814280033111572
kir,1989,0.7586399912834167
kir,1991,0.4866999983787537
kir,1992,0.4597299993038177
kir,1993,0.5731099843978882
kir,1994,0.2563700079917908
kir,1995,0.0012100000167266
kir,1996,0.1386100053787231
kir,1997,1.168130040168762
kir,2000,2.544179916381836
kir,2014,0.4102799892425537
kir,2015,1.07669997215271
kir,2016,0.2940399944782257
kir,2017,1.386019945144653
kir,2020,2.045809984207153
kir,2021,2.510020017623901
kir,2022,4.379240036010742
kir,2023,8.472999572753906
kna,1985,7.902959823608398
kna,1986,5.364099979400635
kna,1992,0.7689300179481506
kna,2001,2.003030061721802
kna,2002,0.0722400024533272
kna,2003,1.950240015983582
kna,2004,0.0378100015223026
kna,2005,1.142930030822754
kna,2007,0.8601899743080139
kna,2008,0.8599500060081482
kor,1971,8.21776008605957
kor,1972,5.614669799804688
kor,1973,5.529449939727783
kor,1974,5.180669784545898
kor,1975,4.888239860534668
kor,1976,4.465879917144775
kor,1977,6.129769802093506
kor,1978,6.773039817810059
kor,1979,5.629079818725586
kor,1980,4.28879976272583
kor,1981,3.310659885406494
kor,1982,1.557940006256104
kor,1983,0.7578099966049194
kor,1984,0.7227100133895874
kor,1985,0.8319399952888489
kor,1986,2.220999956130981
kor,1987,2.838030099868774
kor,1988,4.338610172271729
kor,1989,4.041619777679443
kor,1990,2.791280031204224
kor,1991,2.162220001220703
kor,1992,1.186830043792725
kor,1993,1.280910015106201
kor,1994,1.205579996109009
kor,1995,1.278980016708374
kor,1996,1.320240020751953
kor,1997,0.9931600093841552
kor,1998,1.199020028114319
kor,1999,1.317880034446716
kor,2000,2.407000064849854
kor,2001,2.227380037307739
kor,2002,2.032599925994873
kor,2003,1.2048499584198
kor,2004,1.447970032691956
kor,2005,0.7134900093078613
kor,2006,0.5650200247764587
kor,2007,0.2384999990463257
kor,2008,0.1627500057220459
kor,2009,1.253379940986633
kor,2010,0.0573799982666969
kor,2011,0.9863700270652772
kor,2012,1.231269955635071
kor,2013,2.362790107727051
kor,2014,2.945549964904785
kor,2015,0.1631900072097778
kor,2016,0.7220100164413452
kor,2017,1.889260053634644
kor,2018,1.863039970397949
kor,2019,0.9070900082588196
kor,2020,1.384240031242371
kor,2021,1.513739943504333
kor,2022,1.103479981422424
kwt,1971,45.71554183959961
kwt,1972,42.63191986083984
kwt,1973,39.20092010498047
kwt,1974,37.79759979248047
kwt,1975,36.01565933227539
kwt,1976,33.40855026245117
kwt,1977,28.73316955566406
kwt,1978,19.83522987365723
kwt,1979,20.8394603729248
kwt,1980,22.00672912597656
kwt,1981,21.73065948486328
kwt,1982,21.14878082275391
kwt,1983,20.33992004394531
kwt,1984,21.19293022155762
kwt,1985,21.80504035949707
kwt,1986,22.28915977478027
kwt,1987,26.916259765625
kwt,1988,27.05117034912109
kwt,1992,40.5112190246582
kwt,1994,28.13076019287109
kwt,1996,25.79710006713867
kwt,1997,28.14850044250488
kwt,1998,16.89609909057617
kwt,1999,17.01176071166992
kwt,2000,14.93517971038818
kwt,2001,10.71102046966553
kwt,2002,5.512010097503662
kwt,2003,2.609230041503906
kwt,2004,2.429169893264771
kwt,2005,2.794539928436279
kwt,2007,0.4997000098228455
kwt,2008,0.8140100240707397
kwt,2010,0.480679988861084
kwt,2011,0.067550003528595
kwt,2012,1.265470027923584
kwt,2013,2.239850044250488
kwt,2014,2.026690006256104
kwt,2015,3.039949893951416
lao,1988,35.73453903198242
lao,1990,36.33650970458984
lao,1992,43.56716918945313
lao,1993,38.83726119995117
lao,1994,34.99594879150391
lao,1996,32.6096305847168
lao,1997,30.00197982788086
lao,1998,26.61100959777832
lao,1999,25.86825942993164
lao,2000,25.02470016479492
lao,2001,25.60124969482422
lao,2002,24.16449928283691
lao,2003,21.54310035705566
lao,2004,21.22377014160156
lao,2005,20.58613967895508
lao,2006,20.0300407409668
lao,2007,17.53300094604492
lao,2008,15.26930046081543
lao,2009,12.95458984375
lao,2010,8.250740051269531
lao,2011,7.973733087103072
lao,2012,7.48299684250997
lao,2013,4.980572759800578
lao,2014,3.975023461011574
lao,2015,4.825911301182991
lao,2016,5.259814356353056
lao,2017,6.268492524602448
lao,2018,6.800316707095008
lao,2019,6.65099039707188
lao,2020,6.877884133639216
lao,2021,7.036750635665418
lao,2022,9.398450456053068
lao,2023,9.469036637022825
lao,2024,10.33579770977846
lbn,1974,8.326089859008789
lbn,1997,44.63021087646484
lbn,1998,30.86343955993652
lbn,2023,25.66835021972656
lbr,1999,55.83248138427734
lbr,2008,59.58409118652344
lbr,2011,33.19602533676056
lbr,2014,11.42757034301758
lbr,2016,20.39326324740572
lbr,2017,26.43755471970361
lbr,2020,31.61100959777832
lbr,2021,35.40640800694288
lbr,2022,38.25397845817578
lby,1971,34.47396850585938
lby,1972,27.07286071777344
lby,1973,21.26807022094727
lby,1974,14.16792011260986
lby,1975,11.29712009429932
lby,1976,6.165470123291016
lby,1977,5.870130062103271
lby,1978,7.400790214538574
lby,1980,3.117140054702759
lby,1981,6.677589893341064
lby,1983,4.537799835205078
lca,1981,5.96396017074585
lca,1982,5.691219806671143
lca,1983,0.6244699954986572
lca,1984,1.008180022239685
lca,1985,0.0
lca,1986,0.8908200263977051
lca,1990,9.846059799194336
lca,2000,8.642029762268066
lca,2001,6.980989933013916
lca,2002,0.3342899978160858
lca,2003,1.053560018539429
lca,2004,5.404489994049072
lca,2005,8.111920356750488
lca,2006,6.580440044403076
lca,2007,6.796720027923584
lca,2008,6.163740158081055
lca,2009,4.617929935455322
lca,2010,5.78223991394043
lca,2011,6.822420120239258
lca,2012,7.338669776916504
lca,2013,6.692629814147949
lca,2014,8.081600189208984
lca,2015,6.739540100097656
lca,2016,8.105299949645996
lca,2017,7.722050189971924
lca,2018,6.97815990447998
lca,2019,6.002860069274902
lca,2020,5.793320178985596
lca,2021,4.354334808643583
lca,2022,2.116349935531616
lca,2023,2.063260078430176
lie,2003,0.7729799747467041
lie,2004,0.4252899885177612
lie,2005,0.2846300005912781
lie,2006,1.100479960441589
lie,2007,0.9560199975967408
lie,2008,0.7824000120162964
lie,2009,1.430750012397766
lie,2010,0.7642099857330322
lie,2011,1.25065004825592
lie,2012,1.520709991455078
lie,2014,2.341670036315918
lie,2015,0.0334899984300137
lie,2016,0.3244799971580505
lie,2017,0.1586900055408478
lie,2018,0.1487700045108795
lie,2019,0.0796599984169006
lie,2020,0.5643399953842163
lie,2021,0.8247600197792053
lka,1977,20.59033966064453
lka,1986,1.941720008850098
lka,2001,3.151900053024292
lka,2002,4.254799842834473
lka,2003,5.76747989654541
lka,2004,7.802470207214355
lka,2005,8.022859573364258
lka,2006,7.906169891357422
lka,2007,7.624050140380859
lka,2008,7.614940166473389
lka,2009,8.976400375366211
lka,2010,7.104720115661621
lka,2011,7.220960140228271
lka,2012,7.462739944458008
lka,2013,6.782310009002686
lka,2014,6.354499816894531
lka,2015,3.941489934921265
lka,2016,3.790030002593994
lka,2017,4.111440181732178
lka,2018,4.635690212249756
lka,2019,5.44491647228311
lka,2020,4.929484467027097
lka,2021,1.967342240921794
lka,2022,3.368201220280578
lka,2023,3.985633364196886
lso,1970,39.15510177612305
lso,1971,43.15404891967773
lso,1972,42.37797164916992
lso,1973,41.73434066772461
lso,1974,33.40016174316406
lso,1976,32.06607055664063
lso,1977,30.59807968139648
lso,1978,37.03022003173828
lso,1979,35.79376983642578
lso,1980,35.82373809814453
lso,1981,35.94585037231445
lso,1982,32.25864028930664
lso,1983,33.54600143432617
lso,1984,33.50782012939453
lso,1985,32.24589157104492
lso,1986,33.29682159423828
lso,1987,29.70680999755859
lso,1988,29.32234954833984
lso,1989,30.71982955932617
lso,1990,32.45600891113281
lso,1991,31.79882049560547
lso,1992,32.22457122802734
lso,1993,35.10169982910156
lso,1994,34.99813842773438
lso,1995,36.86045074462891
lso,1996,37.02830123901367
lso,1998,43.57546997070313
lso,1999,45.99542999267578
lso,2000,25.49321937561035
lso,2001,23.18811988830566
lso,2002,20.41875076293945
lso,2003,17.96002960205078
lso,2004,18.20524978637695
lso,2005,16.66060066223145
lso,2006,13.99022960662842
lso,2007,15.95022964477539
lso,2008,15.1876802444458
lso,2009,15.87590026855469
lso,2010,15.31144560303117
lso,2011,64.70967369262715
lso,2012,64.05391851802621
lso,2013,14.55251777906706
lso,2014,15.93758838502876
lso,2015,16.65992639036383
lso,2016,16.15050960696545
lso,2017,14.81233897760462
lso,2018,20.19961306988996
lso,2019,22.85276158526121
lso,2020,24.30463504204785
lso,2021,30.32309584614024
lso,2022,29.38466714171808
lso,2023,30.697131612964
ltu,1998,1.367400050163269
ltu,1999,0.0288999993354082
ltu,2000,0.1144199967384338
ltu,2001,0.3114100098609924
ltu,2002,0.2508699893951416
ltu,2003,0.1105099990963936
ltu,2013,0.1378999948501587
ltu,2014,0.4970200061798096
ltu,2015,0.3490999937057495
ltu,2016,0.1927700042724609
ltu,2017,0.1411699950695038
ltu,2018,0.3749499917030334
ltu,2019,0.5847899913787842
ltu,2020,0.5133000016212463
ltu,2021,0.5435500144958496
ltu,2022,0.0236399993300438
lux,1972,8.676469802856445
lux,1973,9.8893404006958
lux,1974,7.762529850006104
lux,1975,9.03738021850586
lux,1976,9.305709838867188
lux,1977,9.211779594421388
lux,1978,9.560589790344238
lux,1981,19.45944023132324
lux,1982,14.44118022918701
lux,1983,15.75144958496094
lux,1984,16.6795597076416
lux,1986,17.28162002563477
lux,1987,21.49906921386719
lux,1988,16.14876937866211
lux,1999,3.21097993850708
lux,2000,4.104239940643311
lux,2001,3.187550067901611
lux,2002,2.744070053100586
lux,2003,4.411550045013428
lux,2004,4.496250152587891
lux,2005,2.615289926528931
lux,2006,2.941590070724487
lux,2007,3.024470090866089
lux,2008,3.201200008392334
lux,2010,3.860290050506592
lux,2011,4.963240146636963
lux,2012,1.938629984855652
lux,2013,2.717010021209717
lux,2014,3.020649909973145
lux,2015,2.627579927444458
lux,2016,2.619679927825928
lux,2017,3.306129932403564
lux,2018,2.448040008544922
lux,2019,1.479560017585754
lux,2020,1.594849944114685
lux,2021,1.652789950370789
lux,2022,0.3454200029373169
lva,1999,0.4137699902057648
lva,2008,0.0085399998351932
lva,2009,0.8756999969482422
lva,2010,0.8675699830055237
lva,2011,0.7666800022125244
lva,2012,1.460350036621094
lva,2013,1.860980033874512
lva,2014,1.969889998435974
lva,2015,2.038650035858154
lva,2016,1.737300038337708
lva,2017,1.516199946403503
lva,2018,1.131440043449402
lva,2019,1.176259994506836
lva,2020,1.3022700548172
lva,2021,1.27524995803833
lva,2022,1.443770051002502
lva,2023,1.959689974784851
mac,1990,9.268329620361328
mac,1992,12.48104000091553
mac,1999,10.06217956542969
mac,2000,9.635899543762209
mac,2001,12.37707042694092
mac,2002,9.463489532470703
mac,2003,9.42368984222412
mac,2004,9.004639625549316
mac,2005,10.16693019866943
mac,2006,11.74551010131836
mac,2007,10.76088047027588
mac,2008,10.0964298248291
mac,2009,9.995949745178224
mac,2010,9.475110054016112
mac,2011,7.079649925231934
mac,2012,8.947369575500488
mac,2013,7.748879909515381
mac,2014,4.894269943237305
mac,2015,4.246910095214844
mac,2016,2.448280096054077
mac,2017,2.669980049133301
mac,2018,2.201339960098267
mac,2019,6.13608980178833
mac,2020,9.811479568481444
mac,2021,12.73116016387939
mac,2022,16.33255958557129
mac,2023,14.203200340271
mar,1971,60.26092910766602
mar,1972,59.14825820922852
mar,1973,58.87503814697266
mar,1975,56.05929946899414
mar,1976,53.34764862060547
mar,1977,50.01131820678711
mar,1978,47.12921905517578
mar,1979,45.14426040649414
mar,1980,43.08446884155273
mar,1981,41.2522087097168
mar,1982,41.68964004516602
mar,1983,39.90061950683594
mar,1984,37.75682067871094
mar,1985,38.99715042114258
mar,1986,40.53707885742188
mar,1987,42.38394927978516
mar,1988,43.859130859375
mar,1989,45.73955917358398
mar,1990,44.68453979492188
mar,1991,44.74182891845703
mar,1992,43.70769882202148
mar,1993,40.96973037719727
mar,1994,37.7470703125
mar,1995,34.39577865600586
mar,1996,31.95605087280273
mar,1997,30.72472953796387
mar,1998,32.32426071166992
mar,1999,21.83037948608398
mar,2000,18.71221923828125
mar,2001,16.29434967041016
mar,2002,13.81986045837402
mar,2003,12.28289031982422
mar,2004,12.77453994750977
mar,2005,12.44293975830078
mar,2006,11.83203029632568
mar,2007,11.35970020294189
mar,2008,11.65802955627441
mar,2009,12.71290016174316
mar,2010,8.897509574890137
mar,2011,7.271609783172607
mar,2012,7.930190086364746
mar,2013,6.783840179443359
mar,2014,7.823130130767822
mar,2016,8.263079643249512
mar,2017,7.218120098114014
mar,2018,5.124100208282471
mar,2019,3.147219896316528
mar,2020,0.476720005273819
mar,2021,0.4710400104522705
mda,2013,7.926929950714111
mda,2014,0.2047200053930283
mda,2015,0.4447399973869324
mda,2016,0.6145200133323669
mda,2017,0.6410499811172485
mda,2018,0.6457800269126892
mda,2019,1.929100036621094
mda,2020,0.7965099811553955
mda,2024,26.38081434505946
mdg,1972,35.95735931396484
mdg,1989,38.24674987792969
mdg,1990,39.57284164428711
mdg,1995,47.7392692565918
mdg,1996,45.70658874511719
mdg,1999,38.47856140136719
mdg,2000,36.93513107299805
mdg,2001,36.11877059936523
mdg,2002,35.96192932128906
mdg,2003,27.18700981140137
mdg,2010,2.031428060599334
mdg,2011,1.716603894656422
mdg,2013,2.075055649967743
mdg,2014,2.028685421374249
mdg,2015,2.095674360115742
mdg,2016,2.86686559215041
mdg,2017,2.194864932942104
mdg,2018,2.403257555015736
mdg,2019,8.897210121154785
mdg,2021,2.54610162822651
mdg,2022,3.158757844334375
mdg,2023,3.30742417865343
mdg,2024,3.400539259746877
mdv,1997,6.893360137939453
mdv,1999,3.411230087280273
mdv,2000,3.169260025024414
mdv,2001,3.332190036773682
mdv,2002,3.504379987716675
mdv,2004,3.582870006561279
mdv,2005,4.225259780883789
mdv,2006,4.316080093383789
mdv,2007,5.393750190734863
mdv,2008,5.414229869842529
mdv,2009,4.463669776916504
mdv,2010,4.743380069732666
mdv,2011,5.38177420899239
mdv,2012,6.276646736799616
mdv,2013,6.593930273388512
mdv,2014,4.783230863168725
mdv,2015,4.826721183378852
mdv,2016,5.72961353322466
mdv,2017,4.976706704614467
mdv,2018,4.871266287320291
mdv,2019,4.440111237789238
mdv,2020,4.542659792441932
mdv,2022,5.375463402017415
mdv,2023,6.803964757709251
mex,1971,21.57308959960938
mex,1977,15.444899559021
mex,1985,0.0
mex,1986,0.0
mex,1987,0.0
mex,1988,0.0
mex,1989,1.829879999160767
mex,1990,0.0
mex,1991,0.2210700064897537
mex,1992,0.1137500032782555
mex,1993,0.4144900143146515
mex,1994,0.910610020160675
mex,1995,1.074920058250427
mex,1996,1.491320013999939
mex,1997,2.315870046615601
mex,1998,2.486059904098511
mex,1999,0.1431300044059753
mex,2000,0.059969998896122
mex,2001,0.1710699945688248
mex,2002,0.2509300112724304
mex,2003,0.2718999981880188
mex,2004,0.2960799932479858
mex,2005,0.2145600020885468
mex,2006,0.1896899938583374
mex,2007,0.1588899940252304
mex,2008,0.096160002052784
mex,2009,0.1241300031542778
mex,2010,0.1625500023365021
mex,2011,0.2071299999952316
mex,2012,0.2336000055074692
mex,2013,0.2696700096130371
mex,2014,0.3148500025272369
mex,2015,0.3163599967956543
mex,2016,0.3126600086688995
mex,2017,0.3337900042533875
mex,2018,0.2559899985790253
mex,2019,0.3170599937438965
mex,2020,0.29093998670578
mex,2021,0.3332700133323669
mex,2022,0.3419199883937836
mhl,2002,3.865190029144287
mhl,2011,0.1144199967384338
mhl,2015,8.93435001373291
mhl,2016,5.994190216064453
mhl,2019,0.995959997177124
mhl,2020,0.9788100123405457
mhl,2021,0.0709000006318092
mhl,2022,0.4820500016212463
mkd,1998,9.397390365600586
mkd,1999,10.96107959747314
mkd,2000,0.0527000017464161
mkd,2001,0.2640399932861328
mkd,2002,0.3583399951457977
mkd,2003,1.541030049324036
mkd,2004,0.8802499771118164
mkd,2005,1.012670040130615
mkd,2006,2.838639974594116
mkd,2007,1.708469986915588
mkd,2008,4.231009960174561
mkd,2009,2.457240104675293
mkd,2010,0.3190500140190125
mkd,2012,2.312079906463623
mkd,2013,3.412689924240112
mkd,2014,3.870409965515137
mkd,2015,2.279099941253662
mkd,2017,2.907000064849854
mkd,2018,3.343199968338013
mkd,2019,7.264709949493408
mkd,2020,6.862040042877197
mkd,2021,7.362669944763184
mkd,2022,2.963560104370117
mli,1971,83.59618377685547
mli,1972,83.00489044189453
mli,1973,82.6450424194336
mli,1974,80.24109649658203
mli,1977,80.32672119140625
mli,1999,59.96332931518555
mli,2002,52.28173828125
mli,2003,51.88759994506836
mli,2004,51.53680038452148
mli,2005,46.52056884765625
mli,2006,45.27312850952148
mli,2007,43.34579849243164
mli,2009,36.72792816162109
mli,2010,35.90019989013672
mli,2011,35.24856185913086
mli,2012,37.52106094360352
mli,2013,41.63130950927734
mli,2014,40.82057952880859
mli,2015,43.43178176879883
mli,2016,42.12968826293945
mli,2017,37.2169303894043
mli,2018,45.07207870483398
mli,2023,34.00782012939453
mlt,1971,14.2672004699707
mlt,1972,13.08279037475586
mlt,1973,13.64599990844727
mlt,1974,14.20592021942139
mlt,1975,14.53561019897461
mlt,1976,12.9949197769165
mlt,1977,11.56099987030029
mlt,1978,10.3359203338623
mlt,1979,9.821279525756836
mlt,1980,10.61297035217285
mlt,1981,10.81332969665527
mlt,1982,9.994219779968262
mlt,1983,10.7533597946167
mlt,1984,9.038999557495115
mlt,1985,5.477260112762451
mlt,1986,5.830070018768311
mlt,1987,6.792200088500977
mlt,1988,6.73859977722168
mlt,1989,6.088930130004883
mlt,1990,5.502190113067627
mlt,1991,5.204339981079102
mlt,1992,4.705309867858887
mlt,1993,4.067920207977295
mlt,1994,4.891210079193115
mlt,1995,4.424910068511963
mlt,1996,3.54502010345459
mlt,1997,3.805740118026733
mlt,2011,0.0527300015091896
mlt,2012,0.267879992723465
mlt,2013,1.039680004119873
mlt,2014,1.333150029182434
mlt,2015,1.231940031051636
mlt,2016,1.180019974708557
mlt,2017,1.187770009040833
mlt,2018,0.6283599734306335
mlt,2019,1.474560022354126
mlt,2020,2.297970056533813
mlt,2021,2.583950042724609
mlt,2022,2.95251989364624
mlt,2023,2.637789964675903
mmr,1971,37.46421051025391
mmr,1973,29.24720001220703
mmr,1974,38.32899856567383
mmr,1978,30.8590202331543
mmr,2000,7.200709819793701
mmr,2001,6.695630073547363
mmr,2002,8.781160354614258
mmr,2003,6.237559795379639
mmr,2004,6.54371976852417
mmr,2005,5.473869800567627
mmr,2006,4.696589946746826
mmr,2007,7.760049819946289
mmr,2008,1.901149988174438
mmr,2009,1.684730052947998
mmr,2010,1.409070014953613
mne,2003,0.0
mne,2005,0.0517700016498566
mne,2006,3.304680109024048
mne,2007,5.803500175476074
mne,2008,5.191020011901855
mne,2011,0.3655500113964081
mne,2012,0.8651400208473206
mne,2015,0.0383899994194508
mne,2016,1.251219987869263
mne,2017,0.1232500001788139
mne,2018,2.282500028610229
mne,2019,0.3241600096225739
mne,2020,0.3084500133991241
mne,2021,0.1731500029563904
mne,2023,0.2183299958705902
mng,1980,5.469470024108887
mng,1983,6.769760131835938
mng,1987,7.935329914093018
mng,1995,21.66617012023926
mng,1996,18.36931037902832
mng,1997,17.39831924438477
mng,1998,12.64811992645264
mng,1999,9.39589023590088
mng,2000,6.418109893798828
mng,2001,5.031700134277344
mng,2002,6.389810085296631
mng,2003,13.83174991607666
mng,2004,7.419939994812012
mng,2005,9.321680068969728
mng,2006,5.148670196533203
mng,2007,4.331630229949951
mng,2008,1.785490036010742
mng,2009,0.1403599977493286
mng,2010,0.26078000664711
mng,2011,0.1907799988985062
mng,2012,1.741320013999939
mng,2013,4.811349868774414
mng,2014,5.438260078430176
mng,2015,5.028540134429932
mng,2016,4.079020023345947
mng,2017,6.20980978012085
mng,2018,4.783991885287473
mng,2019,5.90250291454972
mng,2020,7.693966272359991
mng,2021,8.338812439246384
mng,2022,7.415993343625319
mng,2023,7.747895348922258
moz,1973,62.83464813232422
moz,1979,61.73379135131836
moz,1981,63.80445098876953
moz,1982,63.58609008789063
moz,1983,49.2264404296875
moz,1985,46.26195907592773
moz,1986,47.27312850952148
moz,1987,51.31983184814453
moz,1988,54.61286163330078
moz,1989,53.81798934936523
moz,1990,51.68244934082031
moz,1991,53.890869140625
moz,1992,55.66706848144531
moz,1993,56.33018112182617
moz,1994,56.17951965332031
moz,1995,56.92895126342773
moz,1998,52.5760383605957
moz,1999,48.95092010498047
moz,2000,45.17658996582031
moz,2001,40.40761184692383
moz,2002,44.22341156005859
moz,2004,30.32582092285156
moz,2005,24.8427906036377
moz,2006,20.49160957336426
moz,2007,14.70952033996582
moz,2008,10.64367008209229
moz,2009,8.754179954528809
moz,2010,6.559450149536133
moz,2011,7.95242977142334
moz,2012,6.882030010223389
moz,2013,4.994639873504639
moz,2014,3.904200077056885
moz,2015,2.755249977111816
moz,2016,4.488949775695801
moz,2017,6.522349834442139
moz,2018,3.429239988327026
moz,2019,1.262879967689514
moz,2020,0.8155900239944458
moz,2022,0.999970018863678
mrt,1985,67.72740173339844
mrt,1994,52.89559936523438
mrt,1995,46.49861145019531
mrt,1996,43.17623138427734
mrt,1998,39.64276123046875
mrt,1999,40.32286834716797
mrt,2000,40.64559936523438
mrt,2001,38.02634048461914
mrt,2002,39.09460830688477
mrt,2003,36.37710952758789
mrt,2004,29.58260917663574
mrt,2005,30.65345001220703
mrt,2006,27.5692195892334
mrt,2007,25.88882064819336
mrt,2008,28.61691093444824
mrt,2009,28.81926918029785
mrt,2010,28.61833953857422
mrt,2011,28.81405067443848
mrt,2012,30.86334991455078
mrt,2013,29.25753021240234
mrt,2014,28.03609085083008
mrt,2016,32.717041015625
mrt,2017,28.84420967102051
mrt,2018,27.46738052368164
mrt,2019,30.9051399230957
msr,1999,41.50942993164063
msr,2000,23.78049087524414
msr,2001,4.316549777984619
msr,2004,1.053259968757629
msr,2005,0.1515499949455261
msr,2006,2.686729907989502
msr,2007,1.85519003868103
msr,2014,3.883500099182129
msr,2021,0.2093004957117008
msr,2022,0.1779557335112941
msr,2023,6.685808039376552
mtq,1971,0.0
mtq,1972,0.0
mtq,1973,0.7375100255012512
mtq,1987,0.6921899914741516
mtq,1990,4.775390148162842
mtq,1992,11.04911994934082
mtq,1993,11.99209022521973
mtq,1996,8.509269714355469
mus,1972,15.01175022125244
mus,1973,15.70802021026611
mus,1974,16.45004081726074
mus,1975,16.50386047363281
mus,1976,16.30706977844238
mus,1977,10.644700050354
mus,1978,10.18945980072021
mus,1979,10.47581005096436
mus,1980,7.92519998550415
mus,1981,5.415150165557861
mus,1982,1.868270039558411
mus,1983,2.142369985580444
mus,1984,3.590850114822388
mus,1985,2.838079929351807
mus,1986,8.098360061645508
mus,1987,7.453760147094727
mus,1988,8.050239562988281
mus,1989,8.156020164489746
mus,1990,9.566109657287598
mus,1991,11.95753955841064
mus,1993,9.505789756774902
mus,1994,8.898699760437012
mus,1995,8.692930221557617
mus,1996,7.442389965057373
mus,1997,6.552750110626221
mus,1998,1.538450002670288
mus,1999,0.7485399842262268
mus,2000,0.3685199916362762
mus,2001,0.5560500025749207
mus,2002,0.542959988117218
mus,2003,0.4969300031661987
mus,2004,1.919690012931824
mus,2005,1.735980033874512
mus,2006,1.829609990119934
mus,2007,2.339440107345581
mus,2008,2.33555006980896
mus,2009,3.175699949264526
mus,2010,3.104360103607178
mus,2011,3.626430034637451
mus,2012,7.663650035858154
mus,2013,5.892720222473145
mus,2014,5.508039951324463
mus,2015,5.285789966583252
mus,2016,5.005070209503174
mus,2017,4.694809913635254
mus,2018,2.430550098419189
mus,2019,4.19625997543335
mus,2020,3.640719890594482
mus,2021,6.08726978302002
mus,2023,1.743409991264343
mwi,1999,2.035749912261963
mwi,2004,0.8385699987411499
mwi,2005,0.7568699717521667
mwi,2006,1.267600059509277
mwi,2007,3.28538990020752
mwi,2008,1.29830002784729
mwi,2009,0.9618300199508668
mys,1970,7.630209922790527
mys,1971,6.783199787139893
mys,1972,5.223080158233643
mys,1994,3.918689966201782
mys,1998,4.048840045928955
mys,1999,3.200579881668091
mys,2000,2.803770065307617
mys,2001,4.847229957580566
mys,2002,7.078000068664551
mys,2003,6.870220184326172
mys,2004,4.316750049591064
mys,2005,3.254319906234741
mys,2006,5.418449878692627
mys,2007,4.486549854278564
mys,2008,4.234879970550537
mys,2009,3.99931001663208
mys,2010,4.623720169067383
mys,2011,5.074860095977783
mys,2012,5.329010009765625
mys,2013,5.479190751797358
mys,2014,7.004767050343659
mys,2015,7.845282752963135
mys,2016,8.028543200805272
mys,2017,7.937559017425783
mys,2018,7.810159490574053
mys,2019,10.90441959990058
mys,2020,11.7665912068501
mys,2021,12.12467534647947
mys,2022,12.46185223008597
mys,2023,9.1429851415802
nam,1989,14.21940040588379
nam,1990,13.86546993255615
nam,1992,8.299659729003906
nam,1994,6.467150211334229
nam,1995,6.476669788360596
nam,1996,8.144359588623047
nam,1997,8.400039672851562
nam,1998,8.889949798583984
nam,1999,10.80517959594727
nam,2000,11.14177989959717
nam,2001,11.04806041717529
nam,2002,9.850239753723145
nam,2003,9.46901035308838
nam,2004,10.82285976409912
nam,2005,9.054109573364258
nam,2006,10.38834953308105
nam,2007,6.884009838104248
nam,2008,6.791790008544922
nam,2009,5.942679882049561
nam,2010,5.20451021194458
nam,2012,2.284749984741211
nam,2013,0.8690599799156189
nam,2015,1.370575960210924
nam,2016,1.533135613706013
nam,2017,1.462903378964621
nam,2018,1.501368203345666
nam,2019,1.41334713598673
nam,2020,1.050167381682584
nam,2021,0.9353446858548304
nam,2022,1.137225218415186
nam,2023,1.06897138909161
ncl,1982,9.85264015197754
ncl,1983,7.887110233306885
ncl,1984,9.108889579772947
ncl,1985,16.41790962219238
ncl,1986,16.46956062316895
ncl,1987,14.77462005615234
ncl,1988,5.760859966278076
ncl,1989,2.693639993667603
ncl,1990,8.621870040893555
ncl,1991,7.424389839172363
ner,1973,89.6877670288086
ner,1974,89.07259368896484
ner,1977,85.07617950439453
ner,1978,83.9693832397461
ner,1981,80.8123779296875
ner,1986,77.0622787475586
ner,1989,77.75930786132812
ner,1990,77.2885971069336
ner,1991,76.71514129638672
ner,1992,78.7838363647461
ner,1997,76.21285247802734
ner,1998,75.88900756835938
ner,1999,74.08618927001953
ner,2000,73.28083801269531
ner,2001,69.75215148925781
ner,2002,66.34365844726562
ner,2003,62.7165412902832
ner,2004,59.211181640625
ner,2005,59.18236923217773
ner,2006,57.99729919433594
ner,2007,56.93531036376953
ner,2008,53.60921859741211
ner,2009,49.85641860961914
ner,2010,45.82870864868164
ner,2011,41.25593948364258
ner,2012,39.93648910522461
ner,2013,40.13473129272461
ner,2014,39.90943908691406
ner,2015,38.12007904052734
ner,2016,36.93566131591797
ner,2017,33.82992935180664
ner,2018,37.40420261191738
ner,2019,40.70806884765625
ner,2021,41.30442810058594
ner,2022,41.00563812255859
ner,2023,39.3804817199707
nga,1999,38.58378982543945
nga,2000,35.95217132568359
nga,2004,35.37923812866211
nga,2005,35.04571151733398
nga,2006,34.84416961669922
nga,2007,32.3568000793457
nga,2008,38.8613395690918
nga,2009,37.93793869018555
nga,2010,38.11616134643555
nic,1970,45.67570114135742
nic,1971,43.63798141479492
nic,1972,44.56103134155273
nic,1973,44.16424942016602
nic,1974,44.58652114868164
nic,1975,42.94842910766602
nic,1976,41.93661880493164
nic,1977,42.86705017089844
nic,1978,44.76977157592773
nic,1980,35.8890495300293
nic,1982,37.03263092041016
nic,1983,36.48514938354492
nic,1984,37.99079895019531
nic,1985,33.97314834594727
nic,1986,35.34587097167969
nic,1987,33.88024139404297
nic,1988,33.66178131103516
nic,1989,35.26396942138672
nic,1990,32.61930084228516
nic,1991,29.8231201171875
nic,1992,26.27551078796387
nic,1993,25.43720054626465
nic,1994,24.58451080322266
nic,1995,26.62689018249512
nic,1996,27.75678062438965
nic,1999,18.31101989746094
nic,2000,15.29022979736328
nic,2001,11.42442989349365
nic,2002,4.452109813690186
nic,2004,1.060459971427917
nic,2005,0.952709972858429
nic,2006,3.022209882736206
nic,2007,3.782910108566284
nic,2008,3.210330009460449
nic,2010,4.457650184631348
nic,2023,6.6563401222229
niu,2014,7.692309856414795
niu,2015,9.057439804077148
niu,2016,5.007540225982666
niu,2019,5.128210067749023
nld,1971,7.739429950714111
nld,1972,7.670119762420654
nld,1973,7.719989776611328
nld,1974,7.786739826202393
nld,1975,7.907989978790283
nld,1976,8.111209869384766
nld,1977,7.980559825897217
nld,1978,7.824520111083984
nld,1979,7.685880184173584
nld,1980,7.571879863739014
nld,1981,8.074399948120117
nld,1982,8.304770469665527
nld,1983,8.923640251159668
nld,1984,8.870180130004883
nld,1985,9.219570159912108
nld,1986,4.845829963684082
nld,1987,5.214690208435059
nld,1988,5.848750114440918
nld,1989,6.235129833221436
nld,1990,6.814859867095947
nld,1991,7.257850170135498
nld,1992,7.985710144042969
nld,1993,8.237239837646484
nld,1994,2.758130073547363
nld,1995,2.523439884185791
nld,1996,2.459670066833496
nld,1997,2.595089912414551
nld,2017,0.2020699977874756
nld,2018,0.2605499923229218
nld,2019,0.1265500038862228
nld,2020,0.1739400029182434
nld,2021,0.1910499930381775
nld,2022,0.4056600034236908
nor,1971,1.412070035934448
nor,1972,1.546939969062805
nor,1976,1.498239994049072
nor,1977,1.306730031967163
nor,1978,1.17860996723175
nor,1979,1.245550036430359
nor,1980,0.6232200264930725
nor,1981,1.38441002368927
nor,1982,1.265650033950806
nor,1984,0.7413600087165833
nor,1985,0.766700029373169
nor,1986,0.6787400245666504
nor,1987,0.8451899886131287
nor,1988,1.012159943580627
nor,1989,1.057299971580505
nor,1990,1.04272997379303
nor,1991,1.178679943084717
nor,1992,1.170770049095154
nor,1993,1.611780047416687
nor,1994,1.612249970436096
nor,1995,1.306480050086975
nor,1996,1.117480039596558
nor,1997,16.29726028442383
nor,1998,0.7297700047492981
nor,1999,0.5841299891471863
nor,2000,0.7013900279998779
nor,2001,0.5279800295829773
nor,2002,0.546019971370697
nor,2003,0.5780699849128723
nor,2004,0.5174700021743774
nor,2005,0.6140599846839905
nor,2006,0.5096499919891357
nor,2007,0.3118300139904022
nor,2008,0.1626999974250793
nor,2009,0.181769996881485
nor,2010,0.2527900040149689
nor,2011,0.1947499960660934
nor,2012,0.2706399857997894
nor,2013,0.2630699872970581
nor,2014,0.4144099950790405
nor,2015,0.5320799946784973
nor,2016,0.6979900002479553
nor,2017,0.6514800190925598
nor,2018,0.7524200081825256
nor,2019,0.8323400020599365
nor,2020,1.033139944076538
nor,2021,0.9398699998855592
nor,2022,0.9499499797821044
nor,2023,1.311859965324402
npl,1983,42.81929016113281
npl,1984,41.35531997680664
npl,1988,35.08235931396484
npl,1999,36.49005126953125
npl,2000,30.94452095031738
npl,2003,23.51473045349121
npl,2004,21.52898025512695
npl,2011,1.706140041351318
npl,2012,1.2708899974823
npl,2014,1.04433000087738
npl,2015,0.9065200090408324
npl,2016,0.4381999969482422
npl,2017,1.317379951477051
npl,2021,0.2440608602517058
npl,2022,0.6329164563264742
npl,2023,2.006089696076449
npl,2024,2.034384490784771
nru,2007,10.42129993438721
nru,2012,18.71212005615234
nru,2014,7.991660118103027
nru,2016,8.214059829711914
nru,2019,3.628900051116943
nru,2020,8.259909629821777
nru,2022,4.919789791107178
nru,2023,0.4219799935817719
nzl,1970,0.189750000834465
nzl,1971,0.3571099936962128
nzl,1972,0.0010600000387058
nzl,1973,0.0028299998957664
nzl,1974,0.1237199977040291
nzl,1975,0.1809999942779541
nzl,1976,0.1103399991989136
nzl,1977,0.3163299858570099
nzl,1978,0.1879400014877319
nzl,1979,0.2493399977684021
nzl,1980,0.2563799917697906
nzl,1981,0.2633399963378906
nzl,1982,0.3235799968242645
nzl,1983,0.5011500120162964
nzl,1984,0.0761199966073036
nzl,1985,0.1919700056314468
nzl,1986,0.5494700074195862
nzl,1987,0.1011099964380264
nzl,1988,0.1318700015544891
nzl,1989,0.4893099963665009
nzl,1990,0.6731899976730347
nzl,1991,1.857969999313354
nzl,1992,2.032779932022095
nzl,1994,0.6035599708557129
nzl,1995,0.0250899996608496
nzl,1996,0.2703500092029572
nzl,1997,0.4146400094032288
nzl,2013,0.6336399912834167
nzl,2014,0.92535001039505
nzl,2015,1.173460006713867
nzl,2016,1.196140050888062
nzl,2018,1.285930037498474
nzl,2019,0.9752100110054016
nzl,2020,1.292580008506775
nzl,2021,1.350020051002502
nzl,2022,2.54800009727478
nzl,2023,2.301810026168823
omn,1973,85.62220001220703
omn,1974,79.73204040527344
omn,1975,71.94158172607422
omn,1976,71.0395278930664
omn,1978,63.37459945678711
omn,1979,60.27248001098633
omn,1981,54.91984176635742
omn,1982,52.01034164428711
omn,1983,48.37216949462891
omn,1984,41.00164031982422
omn,1985,37.92879867553711
omn,1986,32.03538131713867
omn,1987,30.26487922668457
omn,1988,31.64965057373047
omn,1989,31.11483955383301
omn,1990,30.36581039428711
omn,1991,29.4082202911377
omn,1992,28.00157928466797
omn,1993,23.84734916687012
omn,1994,21.92369079589844
omn,1995,20.73353958129883
omn,1996,19.4118595123291
omn,1997,19.28043937683105
omn,1998,18.01855087280273
omn,1999,17.14580917358398
omn,2000,15.9029598236084
omn,2001,14.83285045623779
omn,2002,14.69025039672852
omn,2003,12.1141996383667
omn,2009,1.858019948005676
omn,2011,0.2697199881076813
omn,2012,1.533270001411438
omn,2013,1.081519961357117
omn,2014,1.918619990348816
omn,2015,3.588399887084961
omn,2016,4.213729858398438
omn,2017,2.698780059814453
omn,2018,1.358029961585999
omn,2019,2.738490104675293
omn,2020,10.33806991577148
omn,2021,10.90429019927979
omn,2022,11.06424045562744
pak,2021,30.22688132989799
pak,2022,28.54924895579902
pan,1970,24.9033203125
pan,1971,17.10791969299316
pan,1972,14.85375022888184
pan,1973,13.05519962310791
pan,1975,11.59844017028809
pan,1976,11.81674957275391
pan,1978,9.250269889831545
pan,1979,10.3245096206665
pan,1980,10.97799015045166
pan,1981,11.8574104309082
pan,1982,12.40565967559814
pan,1983,13.1358003616333
pan,1984,12.99606037139893
pan,1985,12.16057014465332
pan,1986,12.07637977600098
pan,1987,11.33108997344971
pan,1988,12.52182960510254
pan,1989,11.60531997680664
pan,1990,12.23752975463867
pan,1999,6.837520122528076
pan,2000,5.548349857330322
pan,2001,3.981859922409058
pan,2002,1.639299988746643
pan,2004,0.12066999822855
pan,2005,0.5020400285720825
pan,2006,0.060759998857975
pan,2007,0.096000000834465
pan,2008,0.5299800038337708
pan,2009,3.26665997505188
pan,2010,2.879300117492676
pan,2011,4.106060028076172
pan,2012,4.894350051879883
pan,2013,6.50570011138916
pan,2014,8.686010360717773
pan,2015,10.09084987640381
pan,2017,12.66940021514893
pan,2019,10.90540981292725
pan,2020,10.23110961914063
pan,2021,3.473200082778931
pan,2022,3.043109893798828
pan,2023,8.903650283813477
per,1970,22.16077041625977
per,1973,17.35333061218262
per,1980,14.97309970855713
per,1981,10.35179996490479
per,1982,9.829739570617676
per,1985,5.19212007522583
per,1988,9.259320259094238
per,1993,10.06198978424072
per,1995,15.14239025115967
per,1996,15.43832969665527
per,1997,15.879469871521
per,1998,3.043040037155151
per,1999,1.959750056266785
per,2000,1.540670037269592
per,2001,0.9502599835395812
per,2002,0.438289999961853
per,2003,1.923589944839478
per,2004,0.3139899969100952
per,2005,0.4550800025463104
per,2006,0.7053499817848206
per,2007,0.8156499862670898
per,2008,0.8149999976158142
per,2009,0.8048999905586243
per,2010,0.6263999938964844
per,2011,0.7739400267601013
per,2016,0.0775699988007545
per,2017,0.0450100004673004
per,2018,0.1835000067949295
per,2019,0.156479999423027
phl,1976,11.96891975402832
phl,1979,11.0917501449585
phl,1981,12.07971000671387
phl,1982,11.25759983062744
phl,1983,11.97451019287109
phl,1984,11.81447982788086
phl,1985,7.866000175476074
phl,1986,8.403719902038574
phl,1987,8.218560218811035
phl,1988,6.389080047607422
phl,1989,5.166140079498291
phl,1990,4.763879776000977
phl,1992,8.619959831237793
phl,1993,9.926819801330566
phl,1994,11.70724964141846
phl,1996,9.554499626159668
phl,1998,12.81546974182129
phl,1999,15.44373035430908
phl,2001,13.94311046600342
phl,2002,13.53188991546631
phl,2003,13.89964962005615
phl,2004,14.05126953125
phl,2005,13.46125030517578
phl,2006,14.68356037139893
phl,2007,14.51226997375488
phl,2008,13.74792957305908
phl,2009,12.0926399230957
phl,2014,9.934278741202371
phl,2015,10.5572172514441
phl,2016,10.73281375585571
phl,2017,10.57674124050416
phl,2018,10.70316301737452
phl,2019,9.057633649287162
phl,2020,8.459826467632135
phl,2021,12.27625044819217
phl,2022,10.90399710571941
phl,2023,10.49682260711363
plw,2013,0.6865000128746033
plw,2014,1.925719976425171
plw,2020,1.644234353415832
plw,2021,0.5620046577963977
plw,2022,14.20494699646643
plw,2023,8.195542774982027
png,1989,28.88470077514648
png,2016,10.78059959411621
png,2018,0.9212599992752076
pol,1999,1.043339967727661
pol,2000,1.282389998435974
pol,2001,0.9106000065803528
pol,2002,0.9913899898529052
pol,2003,0.967419981956482
pol,2004,1.075979948043823
pol,2005,1.170680046081543
pol,2006,1.410079956054688
pol,2007,1.949659943580627
pol,2008,2.437309980392456
pol,2009,2.826410055160522
pol,2010,2.772370100021362
pol,2011,3.136859893798828
pol,2012,3.405479907989502
pol,2013,3.770459890365601
pol,2014,4.163479804992676
pol,2017,4.878429889678955
pol,2018,4.576819896697998
pol,2019,3.408930063247681
pol,2020,1.470610022544861
pol,2021,0.0214900001883507
pol,2022,0.0187699999660254
pol,2023,0.123539999127388
pri,2010,8.339590072631836
pri,2011,10.33351039886475
pri,2012,7.726270198822021
pri,2013,6.457200050354004
pri,2014,5.316110134124756
pri,2015,5.505539894104004
pri,2016,10.20265960693359
pri,2018,9.847579956054688
pri,2023,12.99864959716797
prk,2009,0.5054100155830383
prt,1973,11.97420978546143
prt,1974,12.13531017303467
prt,1976,7.863430023193359
prt,1977,6.148009777069092
prt,1978,4.038189888000488
prt,1980,3.989239931106567
prt,1981,3.546770095825195
prt,1984,2.443739891052246
prt,1985,0.5231900215148926
prt,1986,0.3287400007247925
prt,1987,0.4505000114440918
prt,1990,0.3196299970149994
prt,1991,0.2093800008296967
prt,1994,0.7417500019073486
prt,1999,2.43474006652832
prt,2000,2.411149978637695
prt,2001,0.2714599967002869
prt,2002,0.0135000003501773
prt,2003,0.0780199989676476
prt,2004,0.0699200034141541
prt,2005,0.1772399991750717
prt,2006,0.0863699987530708
prt,2007,0.3285399973392487
prt,2008,0.834119975566864
prt,2009,0.1282999962568283
prt,2010,0.0261300001293421
prt,2011,0.0093599995598197
prt,2012,0.1928399950265884
prt,2013,0.1268199980258942
prt,2014,0.1406099945306778
prt,2015,1.225520014762878
prt,2016,1.785770058631897
prt,2017,1.805410027503967
prt,2018,1.453459978103638
prt,2019,0.7227399945259094
prt,2020,0.2147800028324127
prt,2021,0.0724100023508072
prt,2022,0.3378500044345856
pry,1970,15.2309398651123
pry,1972,26.76288986206055
pry,1973,15.31618976593018
pry,1975,17.55545997619629
pry,1976,15.7336597442627
pry,1977,14.07102012634277
pry,1978,11.77834987640381
pry,1979,10.12537002563477
pry,1980,7.879280090332031
pry,1981,6.388000011444092
pry,1983,6.108250141143799
pry,1984,5.963650226593018
pry,1985,5.235459804534912
pry,1986,5.690470218658447
pry,1987,4.441860198974609
pry,1988,2.65149998664856
pry,1989,1.094059944152832
pry,1990,0.5443800091743469
pry,1991,0.3824999928474426
pry,1992,9.084529876708984
pry,1993,0.3582899868488312
pry,1994,4.67494010925293
pry,1995,5.590950012207031
pry,1996,2.689889907836914
pry,1999,0.6871100068092346
pry,2000,0.8471900224685669
pry,2001,0.7706999778747559
pry,2002,0.7053999900817871
pry,2003,0.6424800157546997
pry,2004,0.7101600170135498
pry,2005,0.7814099788665771
pry,2006,0.6867499947547913
pry,2007,0.5627400279045105
pry,2008,1.224439978599548
pry,2009,2.058310031890869
pry,2010,1.583209991455078
pry,2011,1.503679990768433
pry,2012,1.55757999420166
pry,2016,10.25914001464844
pry,2020,12.01778984069824
pry,2021,12.2765998840332
pry,2022,12.19997024536133
pry,2023,12.7442102432251
pse,1999,10.19589042663574
pse,2000,7.531980037689209
pse,2001,7.987730026245117
pse,2002,6.744249820709229
pse,2003,6.65215015411377
pse,2004,7.123499870300293
pse,2005,9.894379615783691
pse,2006,11.23596000671387
pse,2007,12.28868007659912
pse,2008,10.64643955230713
pse,2009,9.483099937438965
pse,2010,8.594799995422363
pse,2011,8.508660316467285
pse,2012,6.399940013885498
pse,2013,6.575819969177246
pse,2014,5.497290134429932
pse,2015,5.342559814453125
pse,2016,4.896100044250488
pse,2017,3.850970029830933
pse,2018,4.649059772491455
pse,2019,5.541900157928467
pse,2020,6.464560031890869
pse,2021,8.2298002243042
pse,2022,9.507220268249512
pse,2023,9.556929588317873
pyf,1983,9.782819747924805
pyf,1984,10.31908988952637
pyf,1985,10.96627044677734
pyf,1989,8.470649719238281
pyf,1990,8.166379928588867
pyf,1993,4.460299968719482
pyf,1995,2.692770004272461
pyf,1996,4.055150032043457
qat,1971,23.29917907714844
qat,1972,27.18598937988281
qat,1973,30.76885986328125
qat,1974,34.01049041748047
qat,1976,33.23336029052734
qat,1977,30.85676002502441
qat,1978,27.04771995544434
qat,1979,24.97179985046387
qat,1980,22.02710914611816
qat,1981,19.35580062866211
qat,1982,15.46214008331299
qat,1983,15.66242980957031
qat,1984,12.44248008728027
qat,1985,11.68268966674805
qat,1986,9.05286979675293
qat,1987,9.330410003662108
qat,1988,7.224020004272461
qat,1989,5.341489791870117
qat,1990,4.156869888305664
qat,1991,4.595449924468994
qat,1992,6.379039764404297
qat,1993,8.977129936218262
qat,1994,6.647880077362061
qat,1998,0.825980007648468
qat,1999,4.252009868621826
qat,2001,10.50382041931152
qat,2002,9.870880126953123
qat,2003,12.74582958221436
qat,2004,7.476459980010986
qat,2005,5.3055100440979
qat,2006,7.656799793243408
qat,2007,4.038599967956543
qat,2009,2.810480117797852
qat,2010,1.306180000305176
qat,2011,3.776779890060425
qat,2012,0.4337100088596344
qat,2013,2.963150024414063
qat,2014,6.330379962921143
qat,2015,3.981149911880493
qat,2016,1.695309996604919
qat,2017,0.0882299989461899
qat,2018,0.6646999716758728
qat,2019,1.879430055618286
qat,2020,2.122780084609985
qat,2021,12.39011001586914
qat,2022,7.614880084991455
reu,1985,14.10114002227783
reu,1986,16.35549926757813
reu,1987,16.35209083557129
reu,1994,9.29928970336914
rou,1993,17.94858932495117
rou,1994,12.08446025848389
rou,1995,10.85204982757568
rou,1996,8.86301040649414
rou,1997,8.67628002166748
rou,1998,1.998520016670227
rou,1999,2.027879953384399
rou,2000,0.5129899978637695
rou,2001,0.6346399784088135
rou,2002,1.391070008277893
rou,2003,4.258180141448975
rou,2004,5.311669826507568
rou,2005,7.216159820556641
rou,2006,6.168930053710938
rou,2007,6.301439762115479
rou,2008,3.277470111846924
rou,2009,1.187880039215088
rou,2010,2.402499914169312
rou,2011,4.151289939880371
rou,2012,6.324260234832764
rou,2015,7.886060237884521
rou,2016,8.947099685668945
rou,2017,9.397729873657228
rou,2018,8.443269729614258
rou,2019,7.582779884338379
rou,2020,8.2678804397583
rou,2021,9.580439567565918
rou,2022,15.6128101348877
rou,2023,15.58987998962402
rus,1994,4.562180042266846
rus,1995,8.845979690551758
rus,2006,5.732210159301758
rus,2007,6.042300224304199
rus,2008,4.509389877319336
rus,2009,4.72288990020752
rus,2011,4.446630001068115
rus,2012,2.745280027389526
rus,2013,3.149739980697632
rus,2014,2.750610113143921
rus,2015,2.02374005317688
rus,2016,2.067689895629883
rus,2017,0.3710100054740906
rus,2018,0.0791599974036217
rus,2019,0.1965499967336655
rus,2020,1.031430006027222
rus,2021,2.06003999710083
rus,2022,2.634939908981323
rus,2023,4.935219764709473
rwa,1973,49.59606170654297
rwa,1974,51.06314849853516
rwa,1975,52.86534881591797
rwa,1977,49.05532836914063
rwa,1978,46.60501098632813
rwa,1999,34.55902862548828
rwa,2002,11.28425979614258
rwa,2003,12.47988986968994
rwa,2016,1.23701000213623
rwa,2017,1.159940004348755
rwa,2018,1.380270004272461
rwa,2019,1.557549953460693
rwa,2021,0.1017799973487854
rwa,2023,0.4887900054454803
sau,1979,30.70734024047852
sau,2013,6.193130016326904
sau,2014,4.784999847412109
sau,2015,2.704099893569946
sau,2016,2.683389902114868
sau,2020,2.635669946670532
sau,2021,2.817399978637695
sdn,2011,45.05780029296875
sdn,2012,48.59767150878906
sdn,2013,47.88169097900391
sdn,2014,47.74398040771484
sdn,2015,47.29447937011719
sdn,2016,45.54278945922852
sdn,2017,43.48147964477539
sdn,2018,38.75254058837891
sdn,2019,43.83784103393555
sen,1978,70.8635025024414
sen,1979,68.39415740966797
sen,1980,67.32106018066406
sen,1981,66.24564361572266
sen,1982,64.61477661132812
sen,1983,62.73342895507813
sen,1984,61.91551971435547
sen,1985,61.25246047973633
sen,1986,57.0412483215332
sen,1988,56.33143997192383
sen,1989,56.84183883666992
sen,1990,57.33277130126953
sen,1992,57.23762130737305
sen,1994,55.92778015136719
sen,1996,51.49959182739258
sen,1997,47.15095901489258
sen,1998,44.41550827026367
sen,1999,45.20367813110352
sen,2000,41.81512832641602
sen,2003,34.38895034790039
sen,2004,35.82841873168945
sen,2005,34.67219161987305
sen,2006,31.88258934020996
sen,2007,29.51222991943359
sen,2008,28.57181930541992
sen,2009,28.43033981323242
sen,2010,27.58246040344238
sen,2011,26.98637962341309
sen,2012,24.08591079711914
sen,2013,24.83501052856445
sen,2014,24.21693992614746
sen,2015,24.25523948669434
sen,2019,24.67435073852539
sen,2020,22.92568969726563
sen,2021,24.89343070983887
sen,2022,24.92682075500488
sen,2023,24.05109024047852
sgp,2016,0.0103900004178286
sgp,2017,0.0308100003749132
sgp,2018,0.2043399959802628
sgp,2019,0.1010800004005432
sgp,2020,0.1157800033688545
sgp,2021,0.6480900049209595
sgp,2022,0.9305999875068665
shn,1998,16.44611930847168
slb,2005,26.28083038330078
slb,2006,21.18342018127441
slb,2007,20.72365951538086
slb,2013,1.74711000919342
slb,2014,2.780659914016724
slb,2015,2.840569972991943
slb,2018,9.800530272073289
slb,2019,12.0927077030273
slb,2023,32.40415201741168
sle,1983,53.13008880615234
sle,2011,50.56263734998815
sle,2012,45.69396362515239
sle,2015,0.888260006904602
slv,1970,34.91366958618164
slv,1998,20.89056968688965
slv,2000,11.33203029632568
slv,2001,9.408160209655762
slv,2002,6.473030090332031
slv,2003,5.085269927978516
slv,2014,6.369190216064453
slv,2015,7.303100109100342
slv,2016,8.214579582214355
slv,2017,12.30895042419434
slv,2018,11.60739040374756
slv,2019,14.24263000488281
slv,2020,14.7769603729248
slv,2021,15.68537044525146
slv,2022,15.61071968078613
slv,2023,14.32102012634277
smr,1979,6.336750030517578
smr,1980,5.200500011444092
smr,1981,4.557119846343994
smr,1982,3.853689908981323
smr,1983,3.552629947662354
smr,1984,4.301790237426758
smr,1985,3.851350069046021
smr,1986,4.120880126953125
smr,1987,0.2939000129699707
smr,1988,2.371860027313232
smr,1989,1.990800023078918
smr,1990,2.549900054931641
smr,1991,2.108680009841919
smr,1992,1.726969957351685
smr,1993,0.6722699999809265
smr,1994,1.031849980354309
smr,1996,5.764410018920898
smr,1997,6.965569972991943
smr,2000,6.480780124664307
smr,2004,1.767510056495667
smr,2008,7.669260025024414
smr,2009,7.883820056915283
smr,2010,5.978899955749512
smr,2012,6.876110076904297
smr,2019,5.552380084991455
smr,2020,5.594820022583008
smr,2021,6.306310176849365
smr,2022,6.3125
smr,2023,6.766429901123047
som,1976,82.50200653076172
som,1977,83.28912353515625
som,1978,84.93797302246094
som,1979,84.75855255126953
som,1980,85.27275848388672
spm,1981,2.388839960098267
spm,1982,3.259010076522827
spm,1983,0.7714400291442871
spm,1984,1.982120037078857
spm,1985,1.325760006904602
spm,1986,3.162060022354126
spm,1987,1.004019975662231
srb,2005,0.1944199949502945
srb,2006,0.0275699999183416
srb,2007,0.1905499994754791
srb,2008,1.633870005607605
srb,2009,4.479919910430908
srb,2010,6.503300189971924
srb,2011,3.281630039215088
srb,2012,3.327660083770752
srb,2013,2.824670076370239
srb,2014,0.2885299921035767
srb,2015,0.1330599933862686
srb,2016,0.3019999861717224
srb,2017,0.6224200129508972
srb,2018,1.281520009040833
srb,2019,1.85319995880127
srb,2020,2.51764988899231
srb,2021,3.732379913330078
srb,2022,1.705600023269653
ssd,2011,55.32559967041016
ssd,2015,63.73746871948242
ssd,2024,64.73468017578125
stp,1983,6.17317008972168
stp,1984,4.236340045928955
stp,1987,3.360830068588257
stp,1988,0.9026600122451782
stp,1990,3.782409906387329
stp,1999,20.0530891418457
stp,2002,4.870100021362305
stp,2003,4.13401985168457
stp,2004,2.71727991104126
stp,2005,1.965149998664856
stp,2007,7.88847017288208
stp,2008,7.517749786376953
stp,2009,7.073050022125244
stp,2010,7.218259811401367
stp,2011,6.085014214160011
stp,2012,7.143326326852338
stp,2013,8.587260246276855
stp,2014,8.615880012512207
stp,2015,9.162019729614258
stp,2017,2.87733006477356
stp,2018,4.078415040456925
stp,2021,3.210797063753541
sur,1977,5.468029975891113
sur,1978,4.042119979858398
sur,1985,6.461190223693848
sur,1987,11.3863000869751
sur,1988,11.51010036468506
sur,1989,7.024109840393066
sur,2005,18.04585075378418
sur,2006,18.09214973449707
sur,2007,21.90349006652832
sur,2008,17.90978050231934
sur,2009,15.99993991851807
sur,2010,17.8386402130127
sur,2011,19.20446968078613
sur,2012,18.04727935791016
sur,2013,17.7811393737793
sur,2014,17.67555999755859
sur,2015,15.83759021759033
sur,2016,14.82476043701172
sur,2017,19.0626106262207
sur,2018,19.09721946716309
sur,2019,17.55718040466309
sur,2020,16.83172988891602
sur,2021,21.78334045410156
svk,2001,0.6474699974060059
svk,2002,2.02197003364563
svk,2003,2.403640031814575
svk,2004,2.522020101547241
svk,2005,2.757400035858154
svk,2006,3.410979986190796
svk,2007,3.25996994972229
svk,2008,3.674880027770996
svk,2009,4.467840194702148
svk,2010,4.792890071868896
svk,2011,5.407700061798096
svk,2012,5.722310066223145
svk,2013,5.871890068054199
svk,2014,6.343920230865479
svk,2015,6.256509780883789
svk,2016,6.697329998016357
svk,2017,5.944509983062744
svk,2018,7.002739906311035
svk,2019,6.001389980316162
svk,2020,4.977869987487793
svk,2021,4.33282995223999
svk,2022,2.859270095825195
svk,2023,1.22950005531311
svn,1995,4.447490215301514
svn,1996,4.734670162200928
svn,1997,3.868360042572021
svn,1998,1.848620057106018
svn,1999,2.565659999847412
svn,2000,2.056570053100586
svn,2001,2.287280082702637
svn,2002,2.873939990997314
svn,2003,2.620670080184937
svn,2004,2.727469921112061
svn,2005,1.934550046920776
svn,2006,1.576709985733032
svn,2007,2.626260042190552
svn,2008,2.188369989395142
svn,2009,2.136549949645996
svn,2010,2.068880081176758
svn,2011,2.193429946899414
svn,2012,1.990389943122864
svn,2013,1.992449998855591
svn,2014,1.920560002326965
svn,2015,1.71205997467041
svn,2016,2.207730054855347
svn,2017,2.063359975814819
svn,2018,1.511319994926453
svn,2019,1.284260034561157
svn,2020,0.999339997768402
svn,2021,1.504780054092407
svn,2022,1.204339981079102
svn,2023,1.447399973869324
swe,1976,3.248039960861206
swe,1982,1.34850001335144
swe,1987,0.7122399806976318
swe,1988,0.753000020980835
swe,1989,0.8337299823760986
swe,1990,0.8692399859428406
swe,1991,0.8723999857902527
swe,1992,0.6410199999809265
swe,1993,0.3537299931049347
swe,1994,0.0832500010728836
swe,1995,1.163089990615845
swe,1996,0.1640799939632416
swe,1997,0.1176299974322319
swe,1999,0.3571000099182129
swe,2000,0.2701500058174133
swe,2001,0.4099000096321106
swe,2002,0.3417100012302399
swe,2003,0.3416300117969513
swe,2004,0.3745700120925903
swe,2005,0.3530800044536591
swe,2006,0.2994900047779083
swe,2007,0.3143799901008606
swe,2008,0.2935799956321716
swe,2009,0.4408499896526337
swe,2010,0.808650016784668
swe,2012,0.5421500205993652
swe,2013,0.8775399923324585
swe,2014,1.28245997428894
swe,2015,0.8013799786567688
swe,2019,0.7577599883079529
swe,2020,0.6838700175285339
swe,2021,0.5077199935913086
swe,2022,0.5669100284576416
swe,2023,0.425709992647171
swz,1970,43.68761825561523
swz,1971,43.46802139282227
swz,1972,40.8885383605957
swz,1973,37.13024139404297
swz,1974,35.34893035888672
swz,1975,32.33707809448242
swz,1976,30.81410980224609
swz,1977,29.06595039367676
swz,1978,28.53817939758301
swz,1979,27.59590911865234
swz,1980,25.82047080993652
swz,1981,23.49131011962891
swz,1982,24.49066925048828
swz,1983,26.29150009155273
swz,1984,26.51785087585449
swz,1985,25.4068603515625
swz,1986,27.01712989807129
swz,1987,26.61194038391113
swz,1988,26.98040962219238
swz,1989,27.68659019470215
swz,1990,26.08913040161133
swz,1991,26.25462913513184
swz,1992,25.76437950134277
swz,1993,27.27227020263672
swz,1994,26.70033073425293
swz,1995,25.10021018981934
swz,1996,27.2050895690918
swz,2009,19.93947982788086
swz,2010,13.36229991912842
swz,2011,8.262009620666504
swz,2012,12.37839984893799
swz,2013,14.73859024047852
swz,2014,12.31737995147705
swz,2015,11.85200023651123
swz,2016,10.53223037719727
swz,2017,11.2136402130127
swz,2018,9.629810333251951
swz,2019,8.459500312805176
sxm,2023,6.781330108642578
syc,1979,15.75739002227783
syc,1993,8.25823974609375
syc,1994,5.91117000579834
syc,1995,6.082230091094971
syc,1996,5.88047981262207
syc,1998,1.233049988746643
syc,2001,0.6165500283241272
syc,2002,1.29229998588562
syc,2003,0.9124400019645692
syc,2004,0.1009500026702881
syc,2022,1.927019953727722
syc,2023,2.833719968795776
syr,1971,28.53471946716309
syr,1973,20.02544021606445
syr,1974,17.98929023742676
syr,1975,17.83749961853027
syr,1976,16.38308906555176
syr,1977,16.32665061950684
syr,1978,18.02729988098145
syr,1979,17.87503051757813
syr,1980,16.49258041381836
syr,1981,15.90028953552246
syr,1982,15.15614986419678
syr,1983,14.25691032409668
syr,1984,12.1458797454834
syr,1985,10.47113037109375
syr,1986,8.694820404052734
syr,1987,5.044069766998291
syr,1988,4.817739963531494
syr,1989,4.07125997543335
syr,1990,4.141630172729492
syr,1991,3.957479953765869
syr,1992,3.593209981918335
syr,1993,3.589149951934814
syr,1994,3.397550106048584
syr,1995,4.783609867095947
syr,1996,6.112289905548096
syr,1997,7.300899982452393
syr,1998,6.713309764862061
syr,1999,6.042990207672119
syr,2000,6.217770099639893
syr,2001,6.435029983520508
syr,2002,5.049739837646484
syr,2003,2.031980037689209
syr,2004,1.625779986381531
syr,2005,1.520760059356689
syr,2006,1.449489951133728
syr,2007,1.410300016403198
syr,2008,1.278990030288696
syr,2009,1.185179948806763
syr,2010,1.217859983444214
syr,2011,0.9495700001716614
syr,2012,0.9588000178337096
syr,2013,35.85995101928711
syr,2020,33.44050979614258
syr,2021,34.61119842529297
syr,2022,31.06999015808105
syr,2023,26.33566093444824
syr,2024,21.80503082275391
tca,1997,15.25129985809326
tca,1999,8.857439994812012
tca,2000,4.563889980316162
tca,2002,4.178810119628906
tca,2003,20.95553016662598
tca,2004,11.90044975280762
tca,2005,9.789609909057615
tca,2009,3.701780080795288
tca,2014,12.752664461595
tca,2015,8.880028996013047
tca,2017,6.306744408836942
tca,2021,5.0308714530671
tcd,1975,76.66597747802734
tcd,1977,76.48179626464844
tcd,1988,66.97456359863281
tcd,1996,63.01226043701172
tcd,1997,57.75278854370117
tcd,1998,52.87612152099609
tcd,1999,51.53200149536133
tcd,2000,50.35049819946289
tcd,2001,49.1380500793457
tcd,2002,45.34304809570313
tcd,2003,43.68350982666016
tcd,2011,38.56332015991211
tcd,2013,23.89468002319336
tcd,2015,23.8217601776123
tcd,2016,30.11487007141113
tcd,2017,35.80696868896484
tcd,2018,30.18324089050293
tcd,2019,31.05932998657227
tcd,2021,28.56068992614746
tcd,2022,28.39224052429199
tcd,2023,26.71733093261719
tgo,1971,52.85638046264648
tgo,1972,51.71329879760742
tgo,1978,35.23011016845703
tgo,1979,34.07561111450195
tgo,1980,33.89464950561523
tgo,1982,36.50436019897461
tgo,1983,38.46485900878906
tgo,1984,44.58435821533203
tgo,1985,46.03744125366211
tgo,1986,49.98392105102539
tgo,1987,41.02669143676758
tgo,1988,40.23516845703125
tgo,1989,39.62662124633789
tgo,1990,38.28506088256836
tgo,1991,35.88047027587891
tgo,1994,34.89284896850586
tgo,1995,27.43115997314453
tgo,1996,21.04174041748047
tgo,1997,24.28458023071289
tgo,1999,12.47910022735596
tgo,2000,16.53922080993652
tgo,2001,14.53571033477783
tgo,2002,10.60595989227295
tgo,2003,13.79599952697754
tgo,2004,11.16232013702393
tgo,2005,11.71376991271973
tgo,2006,8.666060447692871
tgo,2007,12.8158597946167
tgo,2008,11.39595031738281
tgo,2014,9.062509536743164
tgo,2015,7.740809917449951
tgo,2016,10.7183198928833
tgo,2017,11.06879043579102
tgo,2018,9.843729972839355
tgo,2019,8.263500213623047
tgo,2020,4.543690204620361
tgo,2021,3.694109916687012
tgo,2022,0.8950300216674805
tgo,2023,0.7071200013160706
tha,1973,25.62499046325684
tha,1974,24.8463191986084
tha,2006,2.62103009223938
tha,2007,3.862410068511963
tha,2008,5.864099979400635
tha,2009,7.712289810180664
tha,2017,3.304280259528759
tha,2018,0.282743018577186
tha,2019,0.5775611631333784
tha,2020,0.4290975243580979
tha,2021,0.5463318787670723
tha,2022,0.348411282745946
tha,2023,1.598289017988611
tjk,2000,6.850949764251709
tjk,2001,7.435939788818359
tjk,2002,5.92671012878418
tjk,2003,6.973100185394287
tjk,2004,6.725510120391846
tjk,2005,6.438109874725342
tjk,2006,6.653299808502197
tjk,2007,6.302800178527832
tjk,2008,5.165520191192627
tjk,2009,3.869640111923218
tjk,2010,2.597429990768433
tjk,2011,3.072580099105835
tjk,2012,7.246439933776855
tjk,2013,9.136340141296388
tjk,2014,9.38070011138916
tjk,2015,8.275859832763672
tjk,2016,6.563519954681396
tjk,2017,4.150829792022705
tkl,2016,17.39130020141602
tkl,2019,20.0
tkl,2020,23.26531028747559
tkl,2021,20.16460990905762
tkl,2023,33.33332824707031
tkm,2022,2.140239953994751
tkm,2023,2.658109903335571
tls,2008,11.74158954620361
tls,2009,7.253459930419922
tls,2010,5.932160957780015
tls,2011,4.035323956153301
tls,2012,6.469801932930904
tls,2013,6.46907891291826
tls,2014,6.775928403713094
tls,2015,6.66174359827762
tls,2016,7.226361600033417
tls,2017,4.85047660746219
tls,2018,5.591467873747591
tls,2019,5.700427775137191
tls,2020,5.156709108716944
ton,1970,4.551899909973145
ton,1971,2.749030113220215
ton,1972,1.794950008392334
ton,1974,6.114779949188232
ton,1975,2.594160079956055
ton,1978,2.098380088806152
ton,1982,13.25308036804199
ton,1983,22.40694046020508
ton,1984,12.39194965362549
ton,1985,12.78365039825439
ton,1986,12.63383007049561
ton,1990,13.22677040100098
ton,1993,13.2761697769165
ton,1998,10.20421981811523
ton,1999,8.563070297241211
ton,2004,0.3846099972724915
ton,2005,0.0632999986410141
ton,2012,3.255703295028263
ton,2013,3.391289914339004
ton,2015,2.260385552305078
ton,2018,0.2143889884700642
ton,2019,0.0236200001090765
ton,2020,0.3451651957313409
ton,2021,3.695891066505402
ton,2022,2.280409747230231
ton,2023,0.5131039798774868
tto,1971,8.836339950561523
tto,1972,8.30685043334961
tto,1973,8.379440307617188
tto,1974,8.598620414733887
tto,1975,8.455459594726562
tto,1976,6.804289817810059
tto,1977,7.779669761657715
tto,1978,10.71389007568359
tto,1979,15.58576965332031
tto,1980,18.10296058654785
tto,1981,12.41697025299072
tto,1982,10.35562038421631
tto,1983,10.00131034851074
tto,1984,10.72966003417969
tto,1985,10.63731956481934
tto,1986,13.06902980804443
tto,1987,11.78052043914795
tto,1988,10.97169017791748
tto,1989,11.66499996185303
tto,1990,12.26436042785645
tto,1991,11.61474990844727
tto,1992,11.1165599822998
tto,1993,11.48608016967773
tto,1996,12.72865009307861
tto,1997,13.54843997955322
tto,1999,4.606289863586426
tto,2000,3.397900104522705
tto,2001,4.188029766082764
tto,2002,9.165120124816896
tto,2003,8.637800216674805
tto,2004,6.49439001083374
tto,2005,9.593549728393556
tto,2007,2.674129962921143
tto,2008,8.190079689025879
tto,2009,7.1805100440979
tto,2010,5.631470203399658
tto,2023,29.30072021484375
tun,1971,20.48479080200195
tun,1975,26.49124908447266
tun,1978,25.89901924133301
tun,1979,24.00440979003906
tun,1980,21.52201080322266
tun,1981,19.4640007019043
tun,1982,17.03335952758789
tun,1983,14.09272003173828
tun,1984,11.2565803527832
tun,1985,10.89072036743164
tun,1986,10.24763011932373
tun,1987,9.91236972808838
tun,1988,10.01887989044189
tun,1989,9.073519706726074
tun,1990,9.0106201171875
tun,1991,7.865479946136475
tun,1992,7.574999809265137
tun,1993,6.632130146026611
tun,1994,6.272520065307617
tun,1995,5.298810005187988
tun,1996,5.548719882965088
tun,1997,5.782470226287842
tun,1999,5.354350090026855
tun,2000,4.812520027160645
tun,2001,4.050600051879883
tun,2002,1.682100057601929
tun,2003,1.082780003547668
tun,2004,0.8798400163650513
tun,2005,2.783230066299438
tun,2006,3.030080080032349
tun,2007,4.282529830932617
tun,2008,4.35975980758667
tun,2009,4.208809852600098
tun,2010,3.31820011138916
tun,2011,3.198359966278076
tun,2012,1.071009993553162
tun,2013,0.7735300064086914
tun,2014,0.8680400252342224
tun,2015,0.906719982624054
tun,2016,1.045289993286133
tun,2017,1.065539956092834
tun,2018,1.090929985046387
tun,2020,1.765290021896362
tun,2021,1.713809967041016
tun,2022,1.570289969444275
tun,2023,1.094190001487732
tur,1974,22.99830055236816
tur,1985,10.5758695602417
tur,1986,10.08440017700195
tur,1987,10.66761016845703
tur,1988,9.33076000213623
tur,1989,9.465490341186523
tur,1990,7.677249908447266
tur,1991,8.152569770812988
tur,1992,7.818530082702637
tur,1993,10.21918964385986
tur,1994,11.43558025360107
tur,1995,12.70660018920898
tur,1997,11.71716976165771
tur,2013,0.0084300003945827
tur,2014,0.2793900072574615
tur,2015,1.340919971466064
tur,2016,1.810379981994629
tur,2017,0.7060099840164185
tur,2018,0.2074899971485138
tur,2019,0.2023600041866302
tur,2020,0.2258699983358383
tur,2021,0.2183800041675568
tur,2022,0.2632000148296356
tuv,2014,1.96167004108429
tuv,2015,1.558970725009976
tuv,2016,2.645109891891479
tuv,2019,8.199119567871094
tuv,2020,4.165440082550049
tuv,2022,1.146129965782166
tuv,2023,0.7329999804496765
tza,1976,49.90679931640625
tza,1980,30.10462951660156
tza,1981,32.02497863769531
tza,1982,37.42419052124023
tza,1983,39.11175155639648
tza,1984,42.77315139770508
tza,1985,45.85857009887695
tza,1986,47.44121170043945
tza,1987,48.90618133544922
tza,1988,50.52180099487305
tza,1989,50.37490081787109
tza,1990,50.79151153564453
tza,1991,51.06972885131836
tza,1992,50.46770858764648
tza,1993,50.67650985717773
tza,1994,51.43716812133789
tza,1995,51.26715087890625
tza,1996,50.85308837890625
tza,1997,50.09040832519531
tza,1998,50.33647155761719
tza,1999,49.6888313293457
tza,2000,45.93244934082031
tza,2001,41.08889007568359
tza,2002,25.85261917114258
tza,2003,17.41883087158203
tza,2004,13.37028980255127
tza,2005,9.3471097946167
tza,2006,4.502500057220459
tza,2008,3.757289886474609
tza,2010,9.808910369873049
tza,2012,13.45913303371288
tza,2013,16.21826707839144
tza,2014,17.4975700378418
tza,2015,19.53562927246094
tza,2016,15.45711994171143
tza,2017,15.07744026184082
tza,2018,16.93411226778552
tza,2019,14.34215140787721
tza,2020,13.39490968801314
tza,2021,12.68344908381546
tza,2022,12.99764071707296
tza,2023,14.07583147794293
uga,1979,65.34626770019531
uga,1981,61.90311050415039
uga,1982,59.97129821777344
uga,1986,44.43268966674805
uga,2009,5.354169845581055
uga,2010,8.880829811096191
uga,2011,5.596459865570068
uga,2012,5.631880620911491
uga,2013,4.116569995880127
uga,2014,5.532975203255503
uga,2015,12.86509009631205
uga,2016,10.71028505561228
uga,2017,11.00081339213583
ukr,2002,1.995869994163513
ukr,2003,8.082929611206055
ukr,2004,8.166210174560547
ukr,2005,7.680990219116211
ukr,2006,7.735380172729492
ukr,2007,7.554580211639404
ukr,2008,7.666009902954102
ukr,2009,8.142080307006836
ukr,2010,8.048450469970703
ukr,2011,8.692500114440918
ukr,2012,9.82785987854004
ukr,2013,10.71319007873535
ukr,2014,11.3238000869751
ukr,2015,15.96726036071777
ukr,2016,16.26054000854492
ukr,2017,16.46088027954102
ukr,2018,16.80419921875
ukr,2019,16.38290977478027
ukr,2020,16.34748077392578
ukr,2021,15.87098979949951
ury,1983,13.26113033294678
ury,1984,13.29650974273682
ury,1985,11.89803028106689
ury,1986,10.92638969421387
ury,1987,10.81995964050293
ury,1991,6.162700176239014
ury,1992,4.492569923400879
ury,1993,4.031109809875488
ury,1994,5.528339862823486
ury,1995,5.576189994812012
ury,1996,5.794149875640869
ury,1997,5.39762020111084
ury,2005,0.3151600062847137
ury,2006,2.373219966888428
ury,2007,4.908269882202148
ury,2008,3.375269889831543
ury,2009,2.789170026779175
ury,2010,1.874089956283569
ury,2011,1.154979944229126
ury,2012,1.410069942474365
ury,2013,0.3923600018024445
ury,2014,4.604889869689941
ury,2015,0.587119996547699
ury,2016,0.0343299992382526
ury,2017,0.2513799965381622
ury,2018,0.1591199934482574
ury,2019,0.5245000123977661
ury,2020,0.3679099977016449
ury,2021,0.2024299949407578
ury,2022,0.0360299982130527
ury,2023,1.13683081597998
usa,2005,0.5651900172233582
usa,2013,2.898070096969604
usa,2015,1.805860042572021
usa,2016,0.3599700033664703
usa,2017,0.4243800044059753
usa,2018,0.574209988117218
usa,2019,0.916570007801056
usa,2020,2.005079984664917
usa,2021,4.095119953155518
usa,2022,3.982209920883179
uzb,2007,5.559179782867432
uzb,2008,3.016129970550537
uzb,2009,2.511749982833862
uzb,2010,3.322869184428054
uzb,2011,4.439276245406763
uzb,2012,4.866794358349295
uzb,2013,4.691127270450007
uzb,2014,2.716913151945672
uzb,2015,2.342138299720929
uzb,2016,1.674224409666538
uzb,2017,1.843150953390699
uzb,2018,0.3738963678324312
uzb,2019,1.585564532413734
uzb,2020,1.647969964716405
uzb,2021,1.84099848962566
uzb,2022,4.109813008424434
uzb,2023,4.808326258806408
uzb,2024,0.5656850321724437
vct,1984,9.37123966217041
vct,1986,7.758920192718506
vct,1994,1.654749989509583
vct,2000,1.386809945106506
vct,2002,0.6215699911117554
vct,2003,1.33076000213623
vct,2004,2.209870100021362
vct,2005,5.654019832611084
vct,2007,1.895419955253601
vct,2008,0.0258699990808964
vct,2009,0.6665300130844116
vct,2010,0.7216600179672241
vct,2011,2.122709989547729
vct,2012,0.9056900143623352
vct,2013,0.3060016578941315
vct,2015,1.254674959231556
vct,2017,0.5903869935310643
ven,1971,26.65225028991699
ven,1972,25.40401077270508
ven,1973,24.94993019104004
ven,1974,25.79438018798828
ven,1975,24.81089973449707
ven,1976,21.97526931762695
ven,1977,20.50301933288574
ven,1978,19.00175094604492
ven,1979,18.17959976196289
ven,1999,12.13376998901367
ven,2000,9.680859565734863
ven,2001,7.739150047302246
ven,2002,4.34611988067627
ven,2003,6.078390121459961
ven,2004,5.993939876556396
ven,2005,6.836400032043457
ven,2006,6.796860218048096
ven,2007,5.390480041503906
ven,2008,7.650060176849365
ven,2009,6.062009811401367
ven,2010,5.42917013168335
ven,2011,5.224380016326904
ven,2012,5.324079990386963
ven,2013,6.065999984741211
ven,2014,6.670139789581299
ven,2015,7.03154993057251
ven,2016,9.508549690246582
ven,2017,11.56392002105713
ven,2022,0.538670003414154
ven,2023,0.5537099838256836
vgb,1983,13.07691955566406
vgb,1984,15.29086017608643
vgb,1985,5.888889789581299
vgb,1990,4.372139930725098
vgb,1991,2.932410001754761
vgb,1992,2.059819936752319
vgb,1994,1.800089955329895
vgb,1999,0.8626700043678284
vgb,2000,14.34869956970215
vgb,2001,5.306280136108398
vgb,2002,2.519279956817627
vgb,2003,2.881289958953857
vgb,2005,8.594039916992188
vgb,2006,10.87602043151855
vgb,2007,0.660830020904541
vgb,2009,0.7130200266838074
vgb,2010,0.6198400259017944
vgb,2011,0.7479000091552734
vgb,2012,4.408349990844727
vgb,2013,7.06781005859375
vgb,2014,6.740230083465576
vgb,2015,9.730199813842772
vgb,2016,11.98221015930176
vgb,2017,6.51846981048584
vgb,2018,24.86016082763672
vgb,2019,19.34284019470215
vgb,2020,4.382599830627441
vgb,2021,8.956729888916016
vgb,2022,26.21326065063477
vgb,2024,12.46829032897949
vnm,1978,0.287449985742569
vnm,1981,1.335199952125549
vnm,1985,7.895820140838623
vnm,1998,0.0
vnm,1999,0.0
vnm,2000,0.0
vnm,2001,0.0
vnm,2002,0.3464199900627136
vnm,2005,1.918329954147339
vnm,2006,0.9651299715042114
vnm,2008,2.051249980926514
vnm,2009,2.179559946060181
vnm,2010,0.1114500015974045
vnm,2011,0.8267300128936768
vnm,2012,0.0
vnm,2013,0.0
vnm,2014,0.3300662072467036
vnm,2015,0.5549836492516552
vnm,2016,0.1539863700939661
vnm,2017,0.6944040046536486
vnm,2018,1.451347801020901
vnm,2019,2.162501797461103
vnm,2020,2.069908104639456
vnm,2021,1.300536112446417
vnm,2022,1.884448665339655
vnm,2023,1.681788052699338
vut,1981,17.94490051269531
vut,1989,15.93381023406982
vut,1994,0.0
vut,1998,8.93960952758789
vut,1999,9.47465991973877
vut,2000,6.975059986114502
vut,2001,4.985290050506592
vut,2002,3.322910070419312
vut,2003,3.404969930648804
vut,2004,4.43720006942749
vut,2005,0.8083199858665466
vut,2015,0.1887699961662292
vut,2019,1.171839952468872
vut,2020,1.110360026359558
vut,2021,0.1434717368065234
vut,2022,1.633047165256817
vut,2023,2.880852371683229
wsm,1994,7.070330142974854
wsm,1998,5.335080146789551
wsm,1999,4.617700099945068
wsm,2000,1.560029983520508
wsm,2001,1.180269956588745
wsm,2007,4.343669891357422
wsm,2009,3.369770050048828
wsm,2010,0.3775790417183386
wsm,2011,1.193869132194131
wsm,2012,2.28143504005573
wsm,2014,0.1865242610213252
wsm,2015,0.6586108682880562
wsm,2016,0.1227633593598056
wsm,2017,0.3749243372850064
wsm,2018,0.7519268124569208
wsm,2019,2.29419291938334
wsm,2020,1.646340012550354
wsm,2021,0.038451026508312
wsm,2022,0.4619612888135197
wsm,2023,3.617255994890553
yem,1999,49.90974044799805
yem,2001,41.92055892944336
yem,2003,35.48731994628906
yem,2004,32.92940902709961
yem,2005,31.4223804473877
yem,2008,33.35733032226563
yem,2010,29.86473083496094
yem,2012,28.09259986877441
yem,2013,27.8604793548584
yem,2016,30.62112045288086
zaf,1970,32.24715042114258
zaf,1991,14.26679992675781
zaf,1994,16.5084400177002
zaf,1995,17.9855899810791
zaf,1998,18.1836109161377
zaf,1999,16.90531921386719
zaf,2000,17.78767967224121
zaf,2001,16.68832015991211
zaf,2002,15.13615989685059
zaf,2003,14.02353000640869
zaf,2004,13.32094955444336
zaf,2005,13.01780986785889
zaf,2015,4.913040161132813
zaf,2017,6.276000022888184
zaf,2018,9.305210113525392
zaf,2019,8.29677963256836
zaf,2020,8.149370193481445
zaf,2021,3.812560081481934
zaf,2022,5.788489818572998
zmb,1972,22.94700050354004
zmb,1976,20.77635955810547
zmb,1977,20.9725399017334
zmb,1978,22.1509895324707
zmb,1979,22.62420082092285
zmb,1980,22.60730934143066
zmb,1981,22.4119701385498
zmb,1982,22.30188941955566
zmb,1983,20.61812973022461
zmb,1984,19.44322967529297
zmb,1986,17.7678108215332
zmb,1988,18.8945198059082
zmb,1994,24.94613075256348
zmb,1995,27.08286094665527
zmb,1998,30.22775077819824
zmb,1999,31.71083068847656
zmb,2000,31.92911911010742
zmb,2001,32.20709991455078
zmb,2002,29.22941017150879
zmb,2004,16.31551933288574
zmb,2005,7.846889972686768
zmb,2006,9.709959983825684
zmb,2007,7.112420082092285
zmb,2008,6.395170211791992
zmb,2009,9.177519798278809
zmb,2010,11.65738010406494
zmb,2011,7.678549766540527
zmb,2012,6.18503999710083
zmb,2013,9.04008960723877
zmb,2017,14.82793998718262
zwe,1982,0.1434500068426132
zwe,1998,13.51249980926514
zwe,1999,8.942609786987305
zwe,2000,5.288609981536865
zwe,2001,1.479300022125244
zwe,2002,4.293509960174561
zwe,2003,5.609220027923584
zwe,2012,8.49271011352539
zwe,2013,9.940511766381608
zwe,2014,10.38355482009943
zwe,2015,18.74995994567871
zwe,2016,17.68510055541992
zwe,2017,19.44087982177734
zwe,2018,18.76456069946289
zwe,2019,18.38134956359863
zwe,2020,16.9142894744873
zwe,2021,9.42610162776341
zwe,2022,8.173391625169819
zwe,2023,9.137232121434073
