country,year,rofst_mod_3_f
abw,2000,5.400000095367432
abw,2001,5.5
abw,2002,5.400000095367432
abw,2003,5.199999809265137
abw,2004,4.699999809265137
abw,2005,3.900000095367432
abw,2006,3.200000047683716
abw,2007,2.799999952316284
abw,2008,2.599999904632568
abw,2009,2.299999952316284
abw,2010,2.299999952316284
abw,2011,2.099999904632568
abw,2012,1.899999976158142
abw,2013,1.600000023841858
abw,2014,1.299999952316284
abw,2015,1.0
abw,2016,0.800000011920929
abw,2017,0.699999988079071
abw,2018,0.5
abw,2019,0.5
abw,2020,0.5
abw,2021,0.4000000059604645
abw,2022,0.300000011920929
abw,2023,0.300000011920929
afg,2000,76.30000305175781
afg,2001,76.4000015258789
afg,2002,75.9000015258789
afg,2003,75.80000305175781
afg,2004,76.0
afg,2005,75.5999984741211
afg,2006,75.80000305175781
afg,2007,75.80000305175781
afg,2008,75.19999694824219
afg,2009,74.5
afg,2010,73.69999694824219
afg,2011,73.5
afg,2012,74.0
afg,2013,75.4000015258789
afg,2014,77.0
afg,2015,78.4000015258789
afg,2016,79.5
afg,2017,80.80000305175781
afg,2018,82.5
afg,2019,84.4000015258789
afg,2020,86.19999694824219
afg,2021,87.5
afg,2022,100.0
afg,2023,100.0
ago,2000,83.4000015258789
ago,2001,82.4000015258789
ago,2002,81.0999984741211
ago,2003,79.80000305175781
ago,2004,78.9000015258789
ago,2005,78.0999984741211
ago,2006,77.30000305175781
ago,2007,82.80000305175781
ago,2008,81.0999984741211
ago,2009,76.5
ago,2010,68.5999984741211
ago,2011,59.59999847412109
ago,2012,52.0
ago,2013,47.79999923706055
ago,2014,45.79999923706055
ago,2015,44.40000152587891
ago,2016,42.70000076293945
ago,2017,41.70000076293945
ago,2018,42.90000152587891
ago,2019,46.0
ago,2020,49.0
ago,2021,51.0
ago,2022,52.40000152587891
ago,2023,54.59999847412109
aia,2000,5.599999904632568
aia,2001,5.699999809265137
aia,2002,5.5
aia,2003,4.900000095367432
aia,2004,3.900000095367432
aia,2005,2.799999952316284
aia,2006,1.600000023841858
aia,2007,0.8999999761581421
aia,2008,1.200000047683716
aia,2009,1.5
aia,2010,1.700000047683716
aia,2011,2.0
aia,2012,2.299999952316284
aia,2013,2.299999952316284
aia,2014,2.5
aia,2015,3.200000047683716
aia,2016,3.799999952316284
aia,2017,4.300000190734863
aia,2018,5.0
aia,2019,6.5
aia,2020,8.800000190734863
aia,2021,11.60000038146973
aia,2022,14.19999980926514
aia,2023,15.30000019073486
alb,2000,46.5
alb,2001,46.0
alb,2002,44.70000076293945
alb,2003,41.79999923706055
alb,2004,37.79999923706055
alb,2005,33.40000152587891
alb,2006,29.29999923706055
alb,2007,26.60000038146973
alb,2008,24.79999923706055
alb,2009,27.60000038146973
alb,2010,25.20000076293945
alb,2011,21.5
alb,2012,17.60000038146973
alb,2013,14.80000019073486
alb,2014,12.69999980926514
alb,2015,11.89999961853027
alb,2016,11.89999961853027
alb,2017,12.30000019073486
alb,2018,13.80000019073486
alb,2019,15.60000038146973
alb,2020,16.79999923706055
alb,2021,13.39999961853027
alb,2022,12.10000038146973
alb,2023,10.30000019073486
and,2000,52.09999847412109
and,2001,50.79999923706055
and,2002,48.20000076293945
and,2003,42.5
and,2004,33.79999923706055
and,2005,29.29999923706055
and,2006,30.0
and,2007,29.10000038146973
and,2008,24.89999961853027
and,2009,26.60000038146973
and,2010,27.20000076293945
and,2011,22.89999961853027
and,2012,26.79999923706055
and,2013,25.70000076293945
and,2014,16.60000038146973
and,2015,15.19999980926514
and,2016,20.5
and,2017,23.5
and,2018,20.29999923706055
and,2019,15.39999961853027
and,2020,13.80000019073486
and,2021,14.19999980926514
and,2022,13.0
and,2023,10.10000038146973
are,2000,27.79999923706055
are,2001,27.10000038146973
are,2002,25.5
are,2003,22.5
are,2004,18.5
are,2005,14.80000019073486
are,2006,14.0
are,2007,17.5
are,2008,21.89999961853027
are,2009,24.89999961853027
are,2010,26.29999923706055
are,2011,27.70000076293945
are,2012,28.29999923706055
are,2013,28.89999961853027
are,2014,28.10000038146973
are,2015,26.29999923706055
are,2016,23.20000076293945
are,2017,18.79999923706055
are,2018,13.60000038146973
are,2019,9.199999809265137
are,2020,5.599999904632568
are,2021,3.700000047683716
are,2022,2.299999952316284
are,2023,1.299999952316284
arg,2000,11.60000038146973
arg,2001,11.5
arg,2002,12.5
arg,2003,13.30000019073486
arg,2004,13.30000019073486
arg,2005,12.89999961853027
arg,2006,11.89999961853027
arg,2007,10.60000038146973
arg,2008,9.600000381469728
arg,2009,9.199999809265137
arg,2010,9.399999618530272
arg,2011,9.5
arg,2012,8.899999618530273
arg,2013,8.0
arg,2014,6.599999904632568
arg,2015,5.0
arg,2016,3.700000047683716
arg,2017,2.799999952316284
arg,2018,2.200000047683716
arg,2019,2.0
arg,2020,1.799999952316284
arg,2021,1.700000047683716
arg,2022,1.600000023841858
arg,2023,1.600000023841858
arm,2000,14.89999961853027
arm,2001,14.30000019073486
arm,2002,14.39999961853027
arm,2003,14.69999980926514
arm,2004,15.10000038146973
arm,2005,15.39999961853027
arm,2006,17.70000076293945
arm,2007,23.20000076293945
arm,2008,26.0
arm,2009,21.0
arm,2010,14.10000038146973
arm,2011,12.10000038146973
arm,2012,17.10000038146973
arm,2013,18.39999961853027
arm,2014,19.79999923706055
arm,2015,22.39999961853027
arm,2016,26.39999961853027
arm,2017,26.70000076293945
arm,2018,21.79999923706055
arm,2019,14.0
arm,2020,10.10000038146973
arm,2021,9.399999618530272
arm,2022,10.19999980926514
arm,2023,10.80000019073486
atg,2000,9.699999809265137
atg,2001,10.10000038146973
atg,2002,10.19999980926514
atg,2003,10.10000038146973
atg,2004,10.0
atg,2005,9.899999618530272
atg,2006,10.0
atg,2007,9.800000190734863
atg,2008,9.100000381469728
atg,2009,8.399999618530273
atg,2010,7.5
atg,2011,6.5
atg,2012,5.800000190734863
atg,2013,6.0
atg,2014,7.099999904632568
atg,2015,8.399999618530273
atg,2016,9.0
atg,2017,8.5
atg,2018,6.300000190734863
atg,2019,3.700000047683716
atg,2020,2.299999952316284
atg,2021,1.899999976158142
atg,2022,1.700000047683716
atg,2023,1.600000023841858
aus,2000,11.80000019073486
aus,2001,11.5
aus,2002,10.89999961853027
aus,2003,10.39999961853027
aus,2004,9.5
aus,2005,8.600000381469727
aus,2006,7.900000095367432
aus,2007,7.099999904632568
aus,2008,6.400000095367432
aus,2009,5.699999809265137
aus,2010,4.900000095367432
aus,2011,4.099999904632568
aus,2012,3.299999952316284
aus,2013,2.700000047683716
aus,2014,2.099999904632568
aus,2015,1.600000023841858
aus,2016,1.299999952316284
aus,2017,1.0
aus,2018,0.800000011920929
aus,2019,0.699999988079071
aus,2020,0.5
aus,2021,0.4000000059604645
aus,2022,0.300000011920929
aus,2023,0.2000000029802322
aut,2000,9.699999809265137
aut,2001,9.0
aut,2002,8.100000381469727
aut,2003,7.199999809265137
aut,2004,6.599999904632568
aut,2005,6.199999809265137
aut,2006,6.099999904632568
aut,2007,6.300000190734863
aut,2008,6.599999904632568
aut,2009,7.0
aut,2010,7.099999904632568
aut,2011,7.099999904632568
aut,2012,6.800000190734863
aut,2013,6.400000095367432
aut,2014,6.199999809265137
aut,2015,6.199999809265137
aut,2016,6.199999809265137
aut,2017,6.199999809265137
aut,2018,6.099999904632568
aut,2019,6.0
aut,2020,6.099999904632568
aut,2021,6.199999809265137
aut,2022,6.300000190734863
aut,2023,6.199999809265137
aze,2000,7.099999904632568
aze,2001,6.900000095367432
aze,2002,6.699999809265137
aze,2003,6.5
aze,2004,6.400000095367432
aze,2005,6.300000190734863
aze,2006,6.099999904632568
aze,2007,5.900000095367432
aze,2008,5.800000190734863
aze,2009,5.699999809265137
aze,2010,5.400000095367432
aze,2011,5.099999904632568
aze,2012,4.599999904632568
aze,2013,4.599999904632568
aze,2014,5.699999809265137
aze,2015,6.699999809265137
aze,2016,6.599999904632568
aze,2017,6.800000190734863
aze,2018,7.199999809265137
aze,2019,8.0
aze,2020,9.100000381469728
aze,2021,10.39999961853027
aze,2022,11.5
aze,2023,13.10000038146973
bdi,2000,93.5
bdi,2001,92.90000152587892
bdi,2002,92.0
bdi,2003,90.90000152587892
bdi,2004,89.5
bdi,2005,87.5
bdi,2006,85.30000305175781
bdi,2007,83.30000305175781
bdi,2008,81.5999984741211
bdi,2009,79.9000015258789
bdi,2010,77.4000015258789
bdi,2011,73.4000015258789
bdi,2012,68.30000305175781
bdi,2013,63.70000076293945
bdi,2014,60.90000152587891
bdi,2015,59.09999847412109
bdi,2016,56.70000076293945
bdi,2017,50.5
bdi,2018,55.0
bdi,2019,59.90000152587891
bdi,2020,67.4000015258789
bdi,2021,64.5
bdi,2022,65.5999984741211
bdi,2023,67.5
bel,2000,0.2000000029802322
bel,2001,0.2000000029802322
bel,2002,0.2000000029802322
bel,2003,0.2000000029802322
bel,2004,0.300000011920929
bel,2005,0.300000011920929
bel,2006,0.300000011920929
bel,2007,0.4000000059604645
bel,2008,0.4000000059604645
bel,2009,0.4000000059604645
bel,2010,0.5
bel,2011,0.6000000238418579
bel,2012,0.6000000238418579
bel,2013,0.699999988079071
bel,2014,0.800000011920929
bel,2015,0.8999999761581421
bel,2016,1.100000023841858
bel,2017,1.200000047683716
bel,2018,1.200000047683716
bel,2019,1.299999952316284
bel,2020,1.399999976158142
bel,2021,1.399999976158142
bel,2022,1.299999952316284
bel,2023,1.299999952316284
ben,2000,74.5
ben,2001,74.5
ben,2002,75.4000015258789
ben,2003,76.30000305175781
ben,2004,76.69999694824219
ben,2005,76.5
ben,2006,75.5
ben,2007,73.69999694824219
ben,2008,71.0
ben,2009,67.5999984741211
ben,2010,63.29999923706055
ben,2011,59.59999847412109
ben,2012,58.59999847412109
ben,2013,60.59999847412109
ben,2014,63.79999923706055
ben,2015,65.4000015258789
ben,2016,64.19999694824219
ben,2017,62.29999923706055
ben,2018,61.59999847412109
ben,2019,62.70000076293945
ben,2020,64.9000015258789
ben,2021,67.69999694824219
ben,2022,69.9000015258789
ben,2023,71.69999694824219
bfa,2000,91.90000152587892
bfa,2001,91.5
bfa,2002,91.09999847412108
bfa,2003,90.5
bfa,2004,90.09999847412108
bfa,2005,89.69999694824219
bfa,2006,89.4000015258789
bfa,2007,88.9000015258789
bfa,2008,88.5
bfa,2009,88.0
bfa,2010,84.0
bfa,2011,82.69999694824219
bfa,2012,81.4000015258789
bfa,2013,79.30000305175781
bfa,2014,76.80000305175781
bfa,2015,73.80000305175781
bfa,2016,70.0999984741211
bfa,2017,66.30000305175781
bfa,2018,63.79999923706055
bfa,2019,62.59999847412109
bfa,2020,62.79999923706055
bfa,2021,63.20000076293945
bfa,2022,63.40000152587891
bfa,2023,63.40000152587891
bgd,2000,64.0
bgd,2001,66.30000305175781
bgd,2002,67.69999694824219
bgd,2003,68.30000305175781
bgd,2004,68.19999694824219
bgd,2005,68.0
bgd,2006,67.5999984741211
bgd,2007,66.69999694824219
bgd,2008,64.80000305175781
bgd,2009,62.20000076293945
bgd,2010,59.29999923706055
bgd,2011,56.90000152587891
bgd,2012,55.20000076293945
bgd,2013,53.5
bgd,2014,51.70000076293945
bgd,2015,49.0
bgd,2016,45.5
bgd,2017,42.59999847412109
bgd,2018,41.09999847412109
bgd,2019,40.90000152587891
bgd,2020,41.29999923706055
bgd,2021,41.0
bgd,2022,38.90000152587891
bgd,2023,35.29999923706055
bgr,2000,18.20000076293945
bgr,2001,17.29999923706055
bgr,2002,16.0
bgr,2003,18.20000076293945
bgr,2004,17.20000076293945
bgr,2005,16.79999923706055
bgr,2006,16.79999923706055
bgr,2007,16.70000076293945
bgr,2008,16.5
bgr,2009,16.29999923706055
bgr,2010,16.10000038146973
bgr,2011,15.80000019073486
bgr,2012,15.69999980926514
bgr,2013,15.5
bgr,2014,14.5
bgr,2015,13.19999980926514
bgr,2016,12.0
bgr,2017,11.0
bgr,2018,10.89999961853027
bgr,2019,11.19999980926514
bgr,2020,11.10000038146973
bgr,2021,11.19999980926514
bgr,2022,11.69999980926514
bgr,2023,12.0
bhr,2000,26.70000076293945
bhr,2001,25.79999923706055
bhr,2002,24.70000076293945
bhr,2003,23.79999923706055
bhr,2004,22.70000076293945
bhr,2005,20.89999961853027
bhr,2006,19.0
bhr,2007,17.20000076293945
bhr,2008,15.69999980926514
bhr,2009,14.0
bhr,2010,12.30000019073486
bhr,2011,11.39999961853027
bhr,2012,10.5
bhr,2013,9.300000190734863
bhr,2014,7.199999809265137
bhr,2015,5.400000095367432
bhr,2016,4.099999904632568
bhr,2017,3.5
bhr,2018,3.099999904632568
bhr,2019,2.5
bhr,2020,1.5
bhr,2021,0.6000000238418579
bhr,2022,0.300000011920929
bhr,2023,0.300000011920929
bhs,2000,16.89999961853027
bhs,2001,16.5
bhs,2002,16.29999923706055
bhs,2003,15.80000019073486
bhs,2004,15.0
bhs,2005,13.89999961853027
bhs,2006,13.30000019073486
bhs,2007,13.10000038146973
bhs,2008,12.89999961853027
bhs,2009,12.10000038146973
bhs,2010,11.30000019073486
bhs,2011,11.5
bhs,2012,12.89999961853027
bhs,2013,15.10000038146973
bhs,2014,16.70000076293945
bhs,2015,16.89999961853027
bhs,2016,15.39999961853027
bhs,2017,14.69999980926514
bhs,2018,16.0
bhs,2019,18.29999923706055
bhs,2020,20.29999923706055
bhs,2021,21.39999961853027
bhs,2022,21.70000076293945
bhs,2023,21.60000038146973
bih,2000,13.5
bih,2001,13.80000019073486
bih,2002,14.30000019073486
bih,2003,14.80000019073486
bih,2004,15.89999961853027
bih,2005,16.89999961853027
bih,2006,18.29999923706055
bih,2007,19.20000076293945
bih,2008,18.5
bih,2009,16.29999923706055
bih,2010,21.20000076293945
bih,2011,16.5
bih,2012,12.39999961853027
bih,2013,12.30000019073486
bih,2014,14.19999980926514
bih,2015,16.29999923706055
bih,2016,18.5
bih,2017,16.89999961853027
bih,2018,14.60000038146973
bih,2019,15.30000019073486
bih,2020,17.20000076293945
bih,2021,18.60000038146973
bih,2022,18.70000076293945
bih,2023,17.70000076293945
blr,2000,0.0
blr,2001,0.0
blr,2002,0.0
blr,2003,0.0
blr,2004,0.0
blr,2005,0.0
blr,2006,0.0
blr,2007,0.0
blr,2008,0.0
blr,2009,0.0
blr,2010,0.0
blr,2011,0.300000011920929
blr,2012,1.100000023841858
blr,2013,1.299999952316284
blr,2014,1.399999976158142
blr,2015,1.600000023841858
blr,2016,1.700000047683716
blr,2017,1.899999976158142
blr,2018,2.099999904632568
blr,2019,1.899999976158142
blr,2020,1.5
blr,2021,1.600000023841858
blr,2022,2.0
blr,2023,2.900000095367432
blz,2000,47.59999847412109
blz,2001,47.40000152587891
blz,2002,46.40000152587891
blz,2003,43.59999847412109
blz,2004,40.59999847412109
blz,2005,39.09999847412109
blz,2006,38.29999923706055
blz,2007,37.90000152587891
blz,2008,38.79999923706055
blz,2009,39.59999847412109
blz,2010,38.5
blz,2011,36.40000152587891
blz,2012,36.59999847412109
blz,2013,37.90000152587891
blz,2014,37.5
blz,2015,35.0
blz,2016,32.59999847412109
blz,2017,31.79999923706055
blz,2018,32.0
blz,2019,30.89999961853027
blz,2020,28.10000038146973
blz,2021,26.10000038146973
blz,2022,25.39999961853027
blz,2023,24.79999923706055
bmu,2000,25.29999923706055
bmu,2001,23.60000038146973
bmu,2002,21.5
bmu,2003,18.89999961853027
bmu,2004,16.29999923706055
bmu,2005,14.60000038146973
bmu,2006,13.60000038146973
bmu,2007,13.5
bmu,2008,14.10000038146973
bmu,2009,14.69999980926514
bmu,2010,14.89999961853027
bmu,2011,14.10000038146973
bmu,2012,13.60000038146973
bmu,2013,14.80000019073486
bmu,2014,17.60000038146973
bmu,2015,23.20000076293945
bmu,2016,31.20000076293945
bmu,2017,38.0
bmu,2018,43.0
bmu,2019,45.09999847412109
bmu,2020,45.29999923706055
bmu,2021,47.09999847412109
bmu,2022,52.20000076293945
bmu,2023,59.59999847412109
bol,2000,30.29999923706055
bol,2001,28.20000076293945
bol,2002,26.10000038146973
bol,2003,24.10000038146973
bol,2004,22.79999923706055
bol,2005,22.10000038146973
bol,2006,21.89999961853027
bol,2007,22.10000038146973
bol,2008,22.39999961853027
bol,2009,22.29999923706055
bol,2010,21.70000076293945
bol,2011,20.79999923706055
bol,2012,19.60000038146973
bol,2013,18.5
bol,2014,17.39999961853027
bol,2015,16.39999961853027
bol,2016,16.39999961853027
bol,2017,17.5
bol,2018,19.5
bol,2019,21.10000038146973
bol,2020,22.0
bol,2021,22.0
bol,2022,21.0
bol,2023,19.20000076293945
bra,2000,15.80000019073486
bra,2001,15.60000038146973
bra,2002,14.89999961853027
bra,2003,14.0
bra,2004,12.89999961853027
bra,2005,12.10000038146973
bra,2006,12.0
bra,2007,12.30000019073486
bra,2008,12.5
bra,2009,12.0
bra,2010,11.60000038146973
bra,2011,11.60000038146973
bra,2012,12.19999980926514
bra,2013,12.80000019073486
bra,2014,13.30000019073486
bra,2015,14.0
bra,2016,14.10000038146973
bra,2017,13.39999961853027
bra,2018,12.0
bra,2019,10.19999980926514
bra,2020,8.5
bra,2021,7.900000095367432
bra,2022,7.300000190734863
bra,2023,6.400000095367432
brb,2000,0.8999999761581421
brb,2001,0.8999999761581421
brb,2002,0.8999999761581421
brb,2003,1.0
brb,2004,1.100000023841858
brb,2005,1.200000047683716
brb,2006,1.399999976158142
brb,2007,1.799999952316284
brb,2008,2.299999952316284
brb,2009,3.099999904632568
brb,2010,3.900000095367432
brb,2011,4.099999904632568
brb,2012,3.200000047683716
brb,2013,2.099999904632568
brb,2014,1.5
brb,2015,1.100000023841858
brb,2016,0.8999999761581421
brb,2017,0.800000011920929
brb,2018,0.800000011920929
brb,2019,0.8999999761581421
brb,2020,1.200000047683716
brb,2021,2.0
brb,2022,3.200000047683716
brb,2023,4.599999904632568
brn,2000,14.5
brn,2001,14.30000019073486
brn,2002,14.5
brn,2003,14.5
brn,2004,14.60000038146973
brn,2005,14.60000038146973
brn,2006,14.69999980926514
brn,2007,15.30000019073486
brn,2008,15.19999980926514
brn,2009,14.39999961853027
brn,2010,10.80000019073486
brn,2011,10.30000019073486
brn,2012,10.89999961853027
brn,2013,12.69999980926514
brn,2014,14.89999961853027
brn,2015,17.20000076293945
brn,2016,19.10000038146973
brn,2017,20.39999961853027
brn,2018,21.5
brn,2019,22.39999961853027
brn,2020,22.79999923706055
brn,2021,22.20000076293945
brn,2022,20.39999961853027
brn,2023,18.29999923706055
btn,2000,70.5
btn,2001,67.69999694824219
btn,2002,65.0999984741211
btn,2003,62.70000076293945
btn,2004,60.29999923706055
btn,2005,57.90000152587891
btn,2006,55.09999847412109
btn,2007,52.40000152587891
btn,2008,49.79999923706055
btn,2009,45.79999923706055
btn,2010,40.20000076293945
btn,2011,35.0
btn,2012,31.10000038146973
btn,2013,27.39999961853027
btn,2014,23.0
btn,2015,19.0
btn,2016,17.10000038146973
btn,2017,16.60000038146973
btn,2018,15.89999961853027
btn,2019,15.10000038146973
btn,2020,14.30000019073486
btn,2021,14.19999980926514
btn,2022,15.10000038146973
btn,2023,16.5
bwa,2000,22.70000076293945
bwa,2001,21.10000038146973
bwa,2002,19.39999961853027
bwa,2003,18.29999923706055
bwa,2004,17.89999961853027
bwa,2005,17.79999923706055
bwa,2006,17.5
bwa,2007,16.89999961853027
bwa,2008,15.89999961853027
bwa,2009,14.80000019073486
bwa,2010,14.60000038146973
bwa,2011,15.60000038146973
bwa,2012,16.29999923706055
bwa,2013,16.0
bwa,2014,17.29999923706055
bwa,2015,20.70000076293945
bwa,2016,24.39999961853027
bwa,2017,28.29999923706055
bwa,2018,32.20000076293945
bwa,2019,34.70000076293945
bwa,2020,35.0
bwa,2021,33.40000152587891
bwa,2022,32.09999847412109
bwa,2023,33.40000152587891
caf,2000,91.90000152587892
caf,2001,91.59999847412108
caf,2002,91.3000030517578
caf,2003,91.0
caf,2004,90.6999969482422
caf,2005,90.5
caf,2006,90.5
caf,2007,90.6999969482422
caf,2008,91.0
caf,2009,91.09999847412108
caf,2010,91.0
caf,2011,90.6999969482422
caf,2012,90.09999847412108
caf,2013,89.0999984741211
caf,2014,88.0
caf,2015,87.0999984741211
caf,2016,86.30000305175781
caf,2017,85.0999984741211
caf,2018,83.0999984741211
caf,2019,81.0999984741211
caf,2020,79.19999694824219
caf,2021,78.0
caf,2022,76.5999984741211
caf,2023,75.5
can,2000,11.30000019073486
can,2001,11.30000019073486
can,2002,11.30000019073486
can,2003,11.39999961853027
can,2004,9.300000190734863
can,2005,9.199999809265137
can,2006,9.300000190734863
can,2007,9.399999618530272
can,2008,9.5
can,2009,9.600000381469728
can,2010,9.600000381469728
can,2011,9.600000381469728
can,2012,11.80000019073486
can,2013,11.5
can,2014,11.0
can,2015,10.30000019073486
can,2016,9.600000381469728
can,2017,9.5
can,2018,10.10000038146973
can,2019,11.19999980926514
can,2020,12.30000019073486
can,2021,12.69999980926514
can,2022,12.80000019073486
can,2023,12.80000019073486
che,2000,24.5
che,2001,24.79999923706055
che,2002,25.0
che,2003,24.89999961853027
che,2004,24.70000076293945
che,2005,24.20000076293945
che,2006,23.5
che,2007,22.60000038146973
che,2008,21.70000076293945
che,2009,21.0
che,2010,20.60000038146973
che,2011,20.29999923706055
che,2012,19.79999923706055
che,2013,19.29999923706055
che,2014,19.0
che,2015,18.79999923706055
che,2016,18.70000076293945
che,2017,18.60000038146973
che,2018,18.39999961853027
che,2019,18.10000038146973
che,2020,17.79999923706055
che,2021,17.29999923706055
che,2022,16.89999961853027
che,2023,16.39999961853027
chl,2000,9.5
chl,2001,9.0
chl,2002,8.399999618530273
chl,2003,7.699999809265137
chl,2004,7.0
chl,2005,6.5
chl,2006,6.400000095367432
chl,2007,6.800000190734863
chl,2008,7.199999809265137
chl,2009,7.400000095367432
chl,2010,7.300000190734863
chl,2011,7.199999809265137
chl,2012,7.0
chl,2013,6.800000190734863
chl,2014,6.400000095367432
chl,2015,5.800000190734863
chl,2016,4.900000095367432
chl,2017,4.0
chl,2018,3.299999952316284
chl,2019,2.900000095367432
chl,2020,2.799999952316284
chl,2021,2.599999904632568
chl,2022,2.299999952316284
chl,2023,2.0
chn,2000,49.29999923706055
chn,2001,43.20000076293945
chn,2002,36.29999923706055
chn,2003,29.89999961853027
chn,2004,25.10000038146973
chn,2005,21.20000076293945
chn,2006,18.70000076293945
chn,2007,18.5
chn,2008,19.20000076293945
chn,2009,20.39999961853027
chn,2010,20.79999923706055
chn,2011,19.5
chn,2012,18.0
chn,2013,16.60000038146973
chn,2014,14.5
chn,2015,11.80000019073486
chn,2016,8.899999618530273
chn,2017,7.099999904632568
chn,2018,6.199999809265137
chn,2019,5.699999809265137
chn,2020,6.0
chn,2021,7.300000190734863
chn,2022,9.399999618530272
chn,2023,11.60000038146973
civ,2000,92.1999969482422
civ,2001,91.3000030517578
civ,2002,90.40000152587892
civ,2003,89.5
civ,2004,88.19999694824219
civ,2005,86.5
civ,2006,84.5999984741211
civ,2007,82.5999984741211
civ,2008,80.5
civ,2009,78.80000305175781
civ,2010,77.5999984741211
civ,2011,77.4000015258789
civ,2012,77.0999984741211
civ,2013,76.0999984741211
civ,2014,75.19999694824219
civ,2015,74.4000015258789
civ,2016,72.30000305175781
civ,2017,68.69999694824219
civ,2018,64.5
civ,2019,61.59999847412109
civ,2020,58.5
civ,2021,53.40000152587891
civ,2022,48.29999923706055
civ,2023,45.29999923706055
cmr,2000,72.9000015258789
cmr,2001,70.69999694824219
cmr,2002,67.9000015258789
cmr,2003,65.0
cmr,2004,62.40000152587891
cmr,2005,60.0
cmr,2006,57.70000076293945
cmr,2007,55.79999923706055
cmr,2008,54.70000076293945
cmr,2009,53.79999923706055
cmr,2010,53.29999923706055
cmr,2011,53.29999923706055
cmr,2012,53.70000076293945
cmr,2013,54.40000152587891
cmr,2014,55.0
cmr,2015,56.0
cmr,2016,57.20000076293945
cmr,2017,58.20000076293945
cmr,2018,58.79999923706055
cmr,2019,59.5
cmr,2020,60.59999847412109
cmr,2021,62.40000152587891
cmr,2022,65.19999694824219
cmr,2023,68.80000305175781
cod,2000,62.29999923706055
cod,2001,60.90000152587891
cod,2002,59.59999847412109
cod,2003,58.29999923706055
cod,2004,56.0
cod,2005,53.59999847412109
cod,2006,51.20000076293945
cod,2007,48.79999923706055
cod,2008,46.29999923706055
cod,2009,43.90000152587891
cod,2010,40.79999923706055
cod,2011,38.09999847412109
cod,2012,36.0
cod,2013,34.79999923706055
cod,2014,34.40000152587891
cod,2015,34.29999923706055
cod,2016,33.79999923706055
cod,2017,32.90000152587891
cod,2018,31.29999923706055
cod,2019,30.10000038146973
cod,2020,29.70000076293945
cod,2021,29.60000038146973
cod,2022,29.10000038146973
cod,2023,28.0
cog,2000,63.09999847412109
cog,2001,62.0
cog,2002,60.59999847412109
cog,2003,59.5
cog,2004,57.59999847412109
cog,2005,54.90000152587891
cog,2006,52.29999923706055
cog,2007,50.29999923706055
cog,2008,49.09999847412109
cog,2009,49.40000152587891
cog,2010,51.90000152587891
cog,2011,56.40000152587891
cog,2012,61.29999923706055
cog,2013,64.69999694824219
cog,2014,65.80000305175781
cog,2015,65.0999984741211
cog,2016,62.59999847412109
cog,2017,58.40000152587891
cog,2018,53.59999847412109
cog,2019,50.20000076293945
cog,2020,49.5
cog,2021,51.59999847412109
cog,2022,55.0
cog,2023,58.29999923706055
cok,2000,59.70000076293945
cok,2001,53.90000152587891
cok,2002,48.09999847412109
cok,2003,43.5
cok,2004,39.20000076293945
cok,2005,34.59999847412109
cok,2006,30.60000038146973
cok,2007,28.20000076293945
cok,2008,27.70000076293945
cok,2009,28.10000038146973
cok,2010,28.5
cok,2011,28.89999961853027
cok,2012,29.89999961853027
cok,2013,30.89999961853027
cok,2014,31.29999923706055
cok,2015,32.29999923706055
cok,2016,33.5
cok,2017,33.09999847412109
cok,2018,28.60000038146973
cok,2019,21.89999961853027
cok,2020,16.5
cok,2021,13.39999961853027
cok,2022,11.69999980926514
cok,2023,10.5
col,2000,33.59999847412109
col,2001,33.0
col,2002,31.5
col,2003,28.29999923706055
col,2004,23.79999923706055
col,2005,20.39999961853027
col,2006,19.39999961853027
col,2007,20.0
col,2008,20.60000038146973
col,2009,19.60000038146973
col,2010,17.79999923706055
col,2011,16.60000038146973
col,2012,16.60000038146973
col,2013,16.79999923706055
col,2014,16.0
col,2015,13.10000038146973
col,2016,9.899999618530272
col,2017,8.699999809265137
col,2018,8.899999618530273
col,2019,9.699999809265137
col,2020,9.899999618530272
col,2021,9.199999809265137
col,2022,8.800000190734863
col,2023,9.0
com,2000,46.29999923706055
com,2001,45.70000076293945
com,2002,45.40000152587891
com,2003,45.40000152587891
com,2004,45.09999847412109
com,2005,44.40000152587891
com,2006,44.40000152587891
com,2007,44.20000076293945
com,2008,44.40000152587891
com,2009,44.59999847412109
com,2010,44.70000076293945
com,2011,45.09999847412109
com,2012,46.5
com,2013,47.70000076293945
com,2014,48.09999847412109
com,2015,47.70000076293945
com,2016,47.29999923706055
com,2017,46.40000152587891
com,2018,44.59999847412109
com,2019,41.70000076293945
com,2020,38.29999923706055
com,2021,35.09999847412109
com,2022,31.39999961853027
com,2023,28.10000038146973
cpv,2000,46.0
cpv,2001,44.40000152587891
cpv,2002,42.5
cpv,2003,39.70000076293945
cpv,2004,36.59999847412109
cpv,2005,33.70000076293945
cpv,2006,31.29999923706055
cpv,2007,29.20000076293945
cpv,2008,27.39999961853027
cpv,2009,26.20000076293945
cpv,2010,25.79999923706055
cpv,2011,25.10000038146973
cpv,2012,24.0
cpv,2013,22.60000038146973
cpv,2014,21.0
cpv,2015,19.10000038146973
cpv,2016,16.70000076293945
cpv,2017,14.30000019073486
cpv,2018,12.10000038146973
cpv,2019,10.69999980926514
cpv,2020,10.0
cpv,2021,9.699999809265137
cpv,2022,9.699999809265137
cpv,2023,9.5
cri,2000,30.10000038146973
cri,2001,32.29999923706055
cri,2002,33.70000076293945
cri,2003,32.59999847412109
cri,2004,29.5
cri,2005,26.60000038146973
cri,2006,23.89999961853027
cri,2007,21.10000038146973
cri,2008,18.79999923706055
cri,2009,17.29999923706055
cri,2010,15.80000019073486
cri,2011,14.69999980926514
cri,2012,14.80000019073486
cri,2013,14.5
cri,2014,14.0
cri,2015,13.69999980926514
cri,2016,12.89999961853027
cri,2017,11.60000038146973
cri,2018,9.600000381469728
cri,2019,8.0
cri,2020,6.900000095367432
cri,2021,6.099999904632568
cri,2022,5.5
cri,2023,5.099999904632568
cub,2000,26.60000038146973
cub,2001,26.39999961853027
cub,2002,26.0
cub,2003,24.70000076293945
cub,2004,22.10000038146973
cub,2005,19.0
cub,2006,16.5
cub,2007,14.89999961853027
cub,2008,14.30000019073486
cub,2009,14.19999980926514
cub,2010,14.30000019073486
cub,2011,15.0
cub,2012,16.29999923706055
cub,2013,17.70000076293945
cub,2014,18.60000038146973
cub,2015,19.29999923706055
cub,2016,20.10000038146973
cub,2017,20.10000038146973
cub,2018,19.29999923706055
cub,2019,17.39999961853027
cub,2020,15.5
cub,2021,14.80000019073486
cub,2022,15.69999980926514
cub,2023,17.5
cym,2000,32.59999847412109
cym,2001,32.09999847412109
cym,2002,31.39999961853027
cym,2003,30.10000038146973
cym,2004,28.0
cym,2005,25.29999923706055
cym,2006,22.0
cym,2007,18.20000076293945
cym,2008,15.10000038146973
cym,2009,13.69999980926514
cym,2010,14.10000038146973
cym,2011,15.39999961853027
cym,2012,17.0
cym,2013,17.5
cym,2014,18.29999923706055
cym,2015,20.29999923706055
cym,2016,21.20000076293945
cym,2017,19.29999923706055
cym,2018,17.39999961853027
cym,2019,17.20000076293945
cym,2020,18.10000038146973
cym,2021,17.5
cym,2022,16.39999961853027
cym,2023,15.69999980926514
cyp,2000,9.0
cyp,2001,9.0
cyp,2002,9.0
cyp,2003,9.0
cyp,2004,9.100000381469728
cyp,2005,9.300000190734863
cyp,2006,9.100000381469728
cyp,2007,8.800000190734863
cyp,2008,8.800000190734863
cyp,2009,9.100000381469728
cyp,2010,9.300000190734863
cyp,2011,9.199999809265137
cyp,2012,8.899999618530273
cyp,2013,8.199999809265137
cyp,2014,7.300000190734863
cyp,2015,6.400000095367432
cyp,2016,5.900000095367432
cyp,2017,6.0
cyp,2018,6.400000095367432
cyp,2019,6.5
cyp,2020,5.699999809265137
cyp,2021,4.599999904632568
cyp,2022,3.299999952316284
cyp,2023,2.5
cze,2000,3.299999952316284
cze,2001,3.200000047683716
cze,2002,3.200000047683716
cze,2003,3.299999952316284
cze,2004,3.400000095367432
cze,2005,3.599999904632568
cze,2006,3.700000047683716
cze,2007,3.5
cze,2008,3.400000095367432
cze,2009,3.5
cze,2010,3.700000047683716
cze,2011,3.900000095367432
cze,2012,4.0
cze,2013,3.900000095367432
cze,2014,3.799999952316284
cze,2015,3.700000047683716
cze,2016,3.400000095367432
cze,2017,3.200000047683716
cze,2018,3.099999904632568
cze,2019,3.200000047683716
cze,2020,3.200000047683716
cze,2021,3.299999952316284
cze,2022,3.400000095367432
cze,2023,3.5
deu,2000,4.699999809265137
deu,2001,4.699999809265137
deu,2002,4.599999904632568
deu,2003,4.699999809265137
deu,2004,4.599999904632568
deu,2005,4.699999809265137
deu,2006,4.699999809265137
deu,2007,4.800000190734863
deu,2008,5.0
deu,2009,5.199999809265137
deu,2010,5.599999904632568
deu,2011,6.300000190734863
deu,2012,7.199999809265137
deu,2013,8.199999809265137
deu,2014,9.300000190734863
deu,2015,10.19999980926514
deu,2016,10.69999980926514
deu,2017,11.0
deu,2018,11.5
deu,2019,11.60000038146973
deu,2020,11.5
deu,2021,11.30000019073486
deu,2022,11.10000038146973
deu,2023,10.80000019073486
dji,2000,87.4000015258789
dji,2001,86.9000015258789
dji,2002,86.4000015258789
dji,2003,85.69999694824219
dji,2004,85.19999694824219
dji,2005,84.4000015258789
dji,2006,83.4000015258789
dji,2007,82.0
dji,2008,77.19999694824219
dji,2009,76.0999984741211
dji,2010,75.0999984741211
dji,2011,74.5999984741211
dji,2012,74.9000015258789
dji,2013,75.5
dji,2014,75.80000305175781
dji,2015,76.0
dji,2016,75.30000305175781
dji,2017,73.9000015258789
dji,2018,72.5
dji,2019,71.69999694824219
dji,2020,71.0
dji,2021,69.5999984741211
dji,2022,68.0999984741211
dji,2023,66.80000305175781
dma,2000,19.89999961853027
dma,2001,20.10000038146973
dma,2002,20.5
dma,2003,21.0
dma,2004,22.10000038146973
dma,2005,24.39999961853027
dma,2006,26.0
dma,2007,25.20000076293945
dma,2008,22.89999961853027
dma,2009,20.5
dma,2010,19.0
dma,2011,18.89999961853027
dma,2012,20.0
dma,2013,21.70000076293945
dma,2014,23.0
dma,2015,22.70000076293945
dma,2016,21.10000038146973
dma,2017,19.5
dma,2018,17.79999923706055
dma,2019,16.39999961853027
dma,2020,15.10000038146973
dma,2021,14.19999980926514
dma,2022,14.0
dma,2023,15.10000038146973
dnk,2000,11.5
dnk,2001,11.5
dnk,2002,11.89999961853027
dnk,2003,12.60000038146973
dnk,2004,13.19999980926514
dnk,2005,13.5
dnk,2006,13.69999980926514
dnk,2007,13.69999980926514
dnk,2008,13.39999961853027
dnk,2009,12.69999980926514
dnk,2010,11.60000038146973
dnk,2011,10.5
dnk,2012,9.399999618530272
dnk,2013,8.600000381469727
dnk,2014,8.199999809265137
dnk,2015,8.0
dnk,2016,7.900000095367432
dnk,2017,7.800000190734863
dnk,2018,7.599999904632568
dnk,2019,7.099999904632568
dnk,2020,6.699999809265137
dnk,2021,6.400000095367432
dnk,2022,6.199999809265137
dnk,2023,6.099999904632568
dom,2000,34.5
dom,2001,33.29999923706055
dom,2002,32.40000152587891
dom,2003,32.0
dom,2004,31.89999961853027
dom,2005,31.29999923706055
dom,2006,30.29999923706055
dom,2007,28.20000076293945
dom,2008,26.10000038146973
dom,2009,24.79999923706055
dom,2010,23.60000038146973
dom,2011,23.29999923706055
dom,2012,23.0
dom,2013,22.20000076293945
dom,2014,20.89999961853027
dom,2015,19.20000076293945
dom,2016,21.0
dom,2017,19.5
dom,2018,19.0
dom,2019,19.5
dom,2020,20.79999923706055
dom,2021,21.10000038146973
dom,2022,23.60000038146973
dom,2023,25.60000038146973
dza,2000,40.70000076293945
dza,2001,40.29999923706055
dza,2002,39.70000076293945
dza,2003,38.59999847412109
dza,2004,37.09999847412109
dza,2005,35.40000152587891
dza,2006,33.5
dza,2007,44.70000076293945
dza,2008,41.40000152587891
dza,2009,22.39999961853027
dza,2010,19.10000038146973
dza,2011,18.10000038146973
dza,2012,18.79999923706055
dza,2013,19.89999961853027
dza,2014,20.5
dza,2015,20.0
dza,2016,19.70000076293945
dza,2017,19.5
dza,2018,18.0
dza,2019,15.69999980926514
dza,2020,14.10000038146973
dza,2021,12.89999961853027
dza,2022,11.89999961853027
dza,2023,11.19999980926514
ecu,2000,48.0
ecu,2001,48.40000152587891
ecu,2002,48.40000152587891
ecu,2003,48.0
ecu,2004,47.09999847412109
ecu,2005,46.09999847412109
ecu,2006,44.70000076293945
ecu,2007,42.29999923706055
ecu,2008,38.59999847412109
ecu,2009,34.79999923706055
ecu,2010,31.60000038146973
ecu,2011,29.79999923706055
ecu,2012,28.29999923706055
ecu,2013,27.29999923706055
ecu,2014,26.29999923706055
ecu,2015,24.5
ecu,2016,21.79999923706055
ecu,2017,19.79999923706055
ecu,2018,19.70000076293945
ecu,2019,21.0
ecu,2020,23.0
ecu,2021,24.39999961853027
ecu,2022,24.20000076293945
ecu,2023,22.29999923706055
egy,2000,39.20000076293945
egy,2001,38.5
egy,2002,37.59999847412109
egy,2003,37.29999923706055
egy,2004,38.70000076293945
egy,2005,50.40000152587891
egy,2006,52.20000076293945
egy,2007,53.29999923706055
egy,2008,53.20000076293945
egy,2009,51.5
egy,2010,47.79999923706055
egy,2011,43.5
egy,2012,40.20000076293945
egy,2013,38.90000152587891
egy,2014,38.40000152587891
egy,2015,37.79999923706055
egy,2016,37.0
egy,2017,35.29999923706055
egy,2018,34.20000076293945
egy,2019,32.90000152587891
egy,2020,31.89999961853027
egy,2021,30.70000076293945
egy,2022,29.10000038146973
egy,2023,27.60000038146973
eri,2000,53.59999847412109
eri,2001,54.59999847412109
eri,2002,55.5
eri,2003,55.90000152587891
eri,2004,62.59999847412109
eri,2005,62.29999923706055
eri,2006,61.59999847412109
eri,2007,61.40000152587891
eri,2008,61.40000152587891
eri,2009,60.90000152587891
eri,2010,59.79999923706055
eri,2011,58.79999923706055
eri,2012,58.59999847412109
eri,2013,55.79999923706055
eri,2014,58.09999847412109
eri,2015,59.79999923706055
eri,2016,60.5
eri,2017,59.5
eri,2018,56.70000076293945
eri,2019,53.40000152587891
eri,2020,50.79999923706055
eri,2021,49.40000152587891
eri,2022,49.0
eri,2023,49.5
esp,2000,11.19999980926514
esp,2001,13.30000019073486
esp,2002,12.89999961853027
esp,2003,9.699999809265137
esp,2004,9.0
esp,2005,9.199999809265137
esp,2006,9.5
esp,2007,9.699999809265137
esp,2008,9.0
esp,2009,8.100000381469727
esp,2010,7.5
esp,2011,6.800000190734863
esp,2012,6.300000190734863
esp,2013,4.400000095367432
esp,2014,4.400000095367432
esp,2015,4.599999904632568
esp,2016,4.599999904632568
esp,2017,4.400000095367432
esp,2018,4.099999904632568
esp,2019,4.0
esp,2020,3.900000095367432
esp,2021,4.199999809265137
esp,2022,4.699999809265137
esp,2023,5.599999904632568
est,2000,5.300000190734863
est,2001,5.099999904632568
est,2002,5.0
est,2003,4.800000190734863
est,2004,4.400000095367432
est,2005,3.900000095367432
est,2006,3.400000095367432
est,2007,3.0
est,2008,2.700000047683716
est,2009,2.700000047683716
est,2010,2.900000095367432
est,2011,3.200000047683716
est,2012,3.5
est,2013,3.900000095367432
est,2014,4.400000095367432
est,2015,4.699999809265137
est,2016,5.099999904632568
est,2017,5.699999809265137
est,2018,6.199999809265137
est,2019,6.400000095367432
est,2020,6.5
est,2021,6.599999904632568
est,2022,6.900000095367432
est,2023,7.300000190734863
eth,2000,86.0
eth,2001,85.80000305175781
eth,2002,85.80000305175781
eth,2003,85.4000015258789
eth,2004,84.4000015258789
eth,2005,82.5999984741211
eth,2006,80.19999694824219
eth,2007,77.9000015258789
eth,2008,76.4000015258789
eth,2009,75.30000305175781
eth,2010,74.0
eth,2011,72.69999694824219
eth,2012,72.0999984741211
eth,2013,71.80000305175781
eth,2014,71.0999984741211
eth,2015,69.9000015258789
eth,2016,69.4000015258789
eth,2017,69.5999984741211
eth,2018,69.80000305175781
eth,2019,70.80000305175781
eth,2020,72.30000305175781
eth,2021,72.5999984741211
eth,2022,71.5
eth,2023,71.30000305175781
fin,2000,5.699999809265137
fin,2001,5.800000190734863
fin,2002,6.0
fin,2003,6.099999904632568
fin,2004,6.199999809265137
fin,2005,6.199999809265137
fin,2006,6.300000190734863
fin,2007,6.400000095367432
fin,2008,6.5
fin,2009,6.400000095367432
fin,2010,6.300000190734863
fin,2011,6.0
fin,2012,5.599999904632568
fin,2013,5.099999904632568
fin,2014,4.5
fin,2015,3.900000095367432
fin,2016,3.5
fin,2017,3.099999904632568
fin,2018,2.900000095367432
fin,2019,2.700000047683716
fin,2020,2.599999904632568
fin,2021,2.5
fin,2022,2.400000095367432
fin,2023,2.400000095367432
fji,2000,36.5
fji,2001,35.40000152587891
fji,2002,33.79999923706055
fji,2003,33.0
fji,2004,33.79999923706055
fji,2005,35.90000152587891
fji,2006,37.29999923706055
fji,2007,37.40000152587891
fji,2008,36.0
fji,2009,34.09999847412109
fji,2010,32.5
fji,2011,31.5
fji,2012,31.20000076293945
fji,2013,30.70000076293945
fji,2014,29.29999923706055
fji,2015,26.70000076293945
fji,2016,24.89999961853027
fji,2017,24.29999923706055
fji,2018,24.20000076293945
fji,2019,23.5
fji,2020,21.79999923706055
fji,2021,19.5
fji,2022,17.0
fji,2023,14.89999961853027
fra,2000,8.899999618530273
fra,2001,8.600000381469727
fra,2002,8.300000190734863
fra,2003,7.800000190734863
fra,2004,7.0
fra,2005,6.0
fra,2006,5.0
fra,2007,4.599999904632568
fra,2008,4.5
fra,2009,4.900000095367432
fra,2010,5.199999809265137
fra,2011,5.099999904632568
fra,2012,4.800000190734863
fra,2013,4.599999904632568
fra,2014,4.699999809265137
fra,2015,4.699999809265137
fra,2016,4.5
fra,2017,4.199999809265137
fra,2018,4.0
fra,2019,3.799999952316284
fra,2020,3.700000047683716
fra,2021,3.200000047683716
fra,2022,2.400000095367432
fra,2023,1.600000023841858
fsm,2000,45.29999923706055
fsm,2001,44.59999847412109
fsm,2002,44.40000152587891
fsm,2003,43.59999847412109
fsm,2004,43.09999847412109
fsm,2005,42.29999923706055
fsm,2006,42.40000152587891
fsm,2007,41.70000076293945
fsm,2008,41.79999923706055
fsm,2009,41.09999847412109
fsm,2010,40.59999847412109
fsm,2011,40.29999923706055
fsm,2012,39.5
fsm,2013,38.79999923706055
fsm,2014,38.09999847412109
fsm,2015,37.29999923706055
fsm,2016,36.09999847412109
fsm,2017,35.0
fsm,2018,33.90000152587891
fsm,2019,33.09999847412109
fsm,2020,32.40000152587891
fsm,2021,31.29999923706055
fsm,2022,30.39999961853027
fsm,2023,29.89999961853027
gbr,2000,13.39999961853027
gbr,2001,11.5
gbr,2002,9.5
gbr,2003,7.199999809265137
gbr,2004,5.300000190734863
gbr,2005,4.599999904632568
gbr,2006,5.400000095367432
gbr,2007,6.599999904632568
gbr,2008,7.199999809265137
gbr,2009,6.800000190734863
gbr,2010,5.800000190734863
gbr,2011,4.699999809265137
gbr,2012,3.5
gbr,2013,2.5
gbr,2014,1.799999952316284
gbr,2015,1.600000023841858
gbr,2016,2.0
gbr,2017,2.700000047683716
gbr,2018,3.299999952316284
gbr,2019,3.900000095367432
gbr,2020,4.099999904632568
gbr,2021,4.099999904632568
gbr,2022,3.900000095367432
gbr,2023,3.700000047683716
geo,2000,13.89999961853027
geo,2001,13.5
geo,2002,12.89999961853027
geo,2003,12.39999961853027
geo,2004,12.10000038146973
geo,2005,12.19999980926514
geo,2006,12.39999961853027
geo,2007,11.10000038146973
geo,2008,8.100000381469727
geo,2009,9.399999618530272
geo,2010,6.699999809265137
geo,2011,5.099999904632568
geo,2012,4.300000190734863
geo,2013,3.900000095367432
geo,2014,4.0
geo,2015,4.199999809265137
geo,2016,4.099999904632568
geo,2017,3.400000095367432
geo,2018,2.200000047683716
geo,2019,1.399999976158142
geo,2020,1.0
geo,2021,0.6000000238418579
geo,2022,0.4000000059604645
geo,2023,0.300000011920929
gha,2000,71.69999694824219
gha,2001,69.4000015258789
gha,2002,66.4000015258789
gha,2003,62.90000152587891
gha,2004,59.20000076293945
gha,2005,56.20000076293945
gha,2006,53.29999923706055
gha,2007,50.40000152587891
gha,2008,48.29999923706055
gha,2009,47.40000152587891
gha,2010,47.40000152587891
gha,2011,48.0
gha,2012,48.5
gha,2013,42.40000152587891
gha,2014,43.20000076293945
gha,2015,43.0
gha,2016,40.79999923706055
gha,2017,37.70000076293945
gha,2018,35.5
gha,2019,34.79999923706055
gha,2020,34.59999847412109
gha,2021,39.70000076293945
gha,2022,38.70000076293945
gha,2023,36.59999847412109
gin,2000,86.9000015258789
gin,2001,86.19999694824219
gin,2002,85.30000305175781
gin,2003,84.0999984741211
gin,2004,83.0
gin,2005,82.19999694824219
gin,2006,81.19999694824219
gin,2007,80.0999984741211
gin,2008,79.0
gin,2009,78.19999694824219
gin,2010,77.69999694824219
gin,2011,76.9000015258789
gin,2012,75.5
gin,2013,74.30000305175781
gin,2014,73.80000305175781
gin,2015,74.0
gin,2016,73.9000015258789
gin,2017,72.9000015258789
gin,2018,72.0999984741211
gin,2019,71.80000305175781
gin,2020,71.9000015258789
gin,2021,72.0999984741211
gin,2022,72.4000015258789
gin,2023,72.80000305175781
gmb,2000,84.5999984741211
gmb,2001,83.0999984741211
gmb,2002,81.0999984741211
gmb,2003,78.69999694824219
gmb,2004,75.4000015258789
gmb,2005,72.0
gmb,2006,69.0
gmb,2007,67.0
gmb,2008,66.80000305175781
gmb,2009,67.30000305175781
gmb,2010,67.19999694824219
gmb,2011,65.19999694824219
gmb,2012,62.5
gmb,2013,60.09999847412109
gmb,2014,58.20000076293945
gmb,2015,56.59999847412109
gmb,2016,54.29999923706055
gmb,2017,50.79999923706055
gmb,2018,46.5
gmb,2019,42.29999923706055
gmb,2020,39.0
gmb,2021,35.5
gmb,2022,31.60000038146973
gmb,2023,27.39999961853027
gnb,2000,70.69999694824219
gnb,2001,69.9000015258789
gnb,2002,69.30000305175781
gnb,2003,68.30000305175781
gnb,2004,67.0
gnb,2005,65.0
gnb,2006,62.20000076293945
gnb,2007,59.79999923706055
gnb,2008,58.79999923706055
gnb,2009,59.29999923706055
gnb,2010,60.20000076293945
gnb,2011,54.79999923706055
gnb,2012,51.29999923706055
gnb,2013,47.79999923706055
gnb,2014,45.79999923706055
gnb,2015,46.09999847412109
gnb,2016,47.90000152587891
gnb,2017,49.79999923706055
gnb,2018,51.29999923706055
gnb,2019,52.5
gnb,2020,53.79999923706055
gnb,2021,55.40000152587891
gnb,2022,56.59999847412109
gnb,2023,57.70000076293945
gnq,2000,80.0
gnq,2001,76.5
gnq,2002,71.19999694824219
gnq,2003,65.19999694824219
gnq,2004,61.20000076293945
gnq,2005,60.70000076293945
gnq,2006,62.20000076293945
gnq,2007,66.4000015258789
gnq,2008,68.19999694824219
gnq,2009,69.30000305175781
gnq,2010,69.69999694824219
gnq,2011,70.5
gnq,2012,71.80000305175781
gnq,2013,73.0999984741211
gnq,2014,74.5999984741211
gnq,2015,75.80000305175781
gnq,2016,76.4000015258789
gnq,2017,76.19999694824219
gnq,2018,75.5
gnq,2019,75.5999984741211
gnq,2020,76.30000305175781
gnq,2021,77.0
gnq,2022,77.4000015258789
gnq,2023,77.19999694824219
grc,2000,27.70000076293945
grc,2001,26.10000038146973
grc,2002,22.60000038146973
grc,2003,17.89999961853027
grc,2004,14.0
grc,2005,12.5
grc,2006,12.80000019073486
grc,2007,12.39999961853027
grc,2008,10.5
grc,2009,8.0
grc,2010,5.900000095367432
grc,2011,4.699999809265137
grc,2012,4.300000190734863
grc,2013,4.5
grc,2014,5.300000190734863
grc,2015,6.300000190734863
grc,2016,6.699999809265137
grc,2017,6.699999809265137
grc,2018,6.099999904632568
grc,2019,5.599999904632568
grc,2020,4.900000095367432
grc,2021,4.400000095367432
grc,2022,4.0
grc,2023,3.599999904632568
grd,2000,17.10000038146973
grd,2001,17.60000038146973
grd,2002,18.29999923706055
grd,2003,20.0
grd,2004,23.29999923706055
grd,2005,25.20000076293945
grd,2006,23.89999961853027
grd,2007,21.39999961853027
grd,2008,19.0
grd,2009,16.79999923706055
grd,2010,14.19999980926514
grd,2011,13.30000019073486
grd,2012,14.0
grd,2013,13.89999961853027
grd,2014,12.10000038146973
grd,2015,10.39999961853027
grd,2016,9.800000190734863
grd,2017,9.300000190734863
grd,2018,8.199999809265137
grd,2019,7.199999809265137
grd,2020,6.199999809265137
grd,2021,5.699999809265137
grd,2022,5.699999809265137
grd,2023,6.400000095367432
gtm,2000,71.5
gtm,2001,71.0
gtm,2002,70.4000015258789
gtm,2003,69.5999984741211
gtm,2004,68.4000015258789
gtm,2005,67.0
gtm,2006,65.0999984741211
gtm,2007,62.29999923706055
gtm,2008,60.20000076293945
gtm,2009,59.5
gtm,2010,60.59999847412109
gtm,2011,61.40000152587891
gtm,2012,60.70000076293945
gtm,2013,59.5
gtm,2014,59.09999847412109
gtm,2015,59.90000152587891
gtm,2016,60.90000152587891
gtm,2017,62.29999923706055
gtm,2018,64.4000015258789
gtm,2019,66.80000305175781
gtm,2020,69.0999984741211
gtm,2021,67.30000305175781
gtm,2022,67.69999694824219
gtm,2023,67.5
guy,2000,33.09999847412109
guy,2001,35.59999847412109
guy,2002,38.79999923706055
guy,2003,43.0
guy,2004,47.5
guy,2005,51.5
guy,2006,53.29999923706055
guy,2007,51.0
guy,2008,46.09999847412109
guy,2009,40.40000152587891
guy,2010,34.5
guy,2011,30.79999923706055
guy,2012,32.09999847412109
guy,2013,34.0
guy,2014,33.40000152587891
guy,2015,32.59999847412109
guy,2016,32.90000152587891
guy,2017,33.09999847412109
guy,2018,33.20000076293945
guy,2019,32.0
guy,2020,31.20000076293945
guy,2021,32.59999847412109
guy,2022,35.09999847412109
guy,2023,37.59999847412109
hkg,2000,37.79999923706055
hkg,2001,36.90000152587891
hkg,2002,35.59999847412109
hkg,2003,33.79999923706055
hkg,2004,31.79999923706055
hkg,2005,30.29999923706055
hkg,2006,29.20000076293945
hkg,2007,27.89999961853027
hkg,2008,26.29999923706055
hkg,2009,24.70000076293945
hkg,2010,22.70000076293945
hkg,2011,20.20000076293945
hkg,2012,12.30000019073486
hkg,2013,10.69999980926514
hkg,2014,8.800000190734863
hkg,2015,6.5
hkg,2016,4.400000095367432
hkg,2017,3.299999952316284
hkg,2018,3.299999952316284
hkg,2019,4.300000190734863
hkg,2020,5.800000190734863
hkg,2021,7.199999809265137
hkg,2022,8.600000381469727
hkg,2023,9.899999618530272
hnd,2000,58.90000152587891
hnd,2001,58.90000152587891
hnd,2002,59.29999923706055
hnd,2003,53.29999923706055
hnd,2004,53.29999923706055
hnd,2005,52.29999923706055
hnd,2006,50.70000076293945
hnd,2007,48.90000152587891
hnd,2008,44.70000076293945
hnd,2009,38.59999847412109
hnd,2010,34.79999923706055
hnd,2011,36.09999847412109
hnd,2012,40.90000152587891
hnd,2013,44.40000152587891
hnd,2014,48.29999923706055
hnd,2015,48.09999847412109
hnd,2016,48.90000152587891
hnd,2017,52.40000152587891
hnd,2018,57.0
hnd,2019,56.90000152587891
hnd,2020,57.09999847412109
hnd,2021,57.40000152587891
hnd,2022,57.79999923706055
hnd,2023,57.40000152587891
hrv,2000,10.5
hrv,2001,10.5
hrv,2002,10.5
hrv,2003,10.5
hrv,2004,10.19999980926514
hrv,2005,9.5
hrv,2006,8.600000381469727
hrv,2007,8.0
hrv,2008,7.699999809265137
hrv,2009,7.599999904632568
hrv,2010,7.300000190734863
hrv,2011,7.300000190734863
hrv,2012,7.800000190734863
hrv,2013,7.699999809265137
hrv,2014,7.5
hrv,2015,7.300000190734863
hrv,2016,7.099999904632568
hrv,2017,6.599999904632568
hrv,2018,6.099999904632568
hrv,2019,5.800000190734863
hrv,2020,5.400000095367432
hrv,2021,4.900000095367432
hrv,2022,4.300000190734863
hrv,2023,3.599999904632568
hti,2000,42.0
hti,2001,43.40000152587891
hti,2002,43.5
hti,2003,41.90000152587891
hti,2004,39.40000152587891
hti,2005,36.29999923706055
hti,2006,33.79999923706055
hti,2007,33.20000076293945
hti,2008,34.29999923706055
hti,2009,36.29999923706055
hti,2010,36.79999923706055
hti,2011,36.20000076293945
hti,2012,34.29999923706055
hti,2013,30.79999923706055
hti,2014,27.0
hti,2015,22.20000076293945
hti,2016,18.0
hti,2017,17.10000038146973
hti,2018,16.89999961853027
hti,2019,16.39999961853027
hti,2020,16.0
hti,2021,15.80000019073486
hti,2022,16.10000038146973
hti,2023,16.5
hun,2000,17.10000038146973
hun,2001,15.30000019073486
hun,2002,13.89999961853027
hun,2003,12.89999961853027
hun,2004,12.0
hun,2005,10.80000019073486
hun,2006,9.600000381469728
hun,2007,8.899999618530273
hun,2008,8.300000190734863
hun,2009,7.5
hun,2010,6.5
hun,2011,6.099999904632568
hun,2012,6.5
hun,2013,7.0
hun,2014,7.599999904632568
hun,2015,8.0
hun,2016,8.0
hun,2017,8.199999809265137
hun,2018,8.600000381469727
hun,2019,9.399999618530272
hun,2020,10.69999980926514
hun,2021,12.69999980926514
hun,2022,15.0
hun,2023,17.20000076293945
idn,2000,41.09999847412109
idn,2001,41.5
idn,2002,43.20000076293945
idn,2003,46.5
idn,2004,49.5
idn,2005,49.59999847412109
idn,2006,46.70000076293945
idn,2007,43.5
idn,2008,41.90000152587891
idn,2009,41.40000152587891
idn,2010,39.79999923706055
idn,2011,37.20000076293945
idn,2012,34.70000076293945
idn,2013,33.70000076293945
idn,2014,33.59999847412109
idn,2015,33.0
idn,2016,31.5
idn,2017,30.10000038146973
idn,2018,32.5
idn,2019,37.29999923706055
idn,2020,39.90000152587891
idn,2021,39.40000152587891
idn,2022,40.0
idn,2023,42.5
ind,2000,69.19999694824219
ind,2001,67.4000015258789
ind,2002,65.30000305175781
ind,2003,62.79999923706055
ind,2004,59.5
ind,2005,56.09999847412109
ind,2006,52.79999923706055
ind,2007,49.20000076293945
ind,2008,47.5
ind,2009,46.0
ind,2010,44.59999847412109
ind,2011,43.70000076293945
ind,2012,41.90000152587891
ind,2013,41.09999847412109
ind,2014,40.5
ind,2015,40.5
ind,2016,40.40000152587891
ind,2017,40.09999847412109
ind,2018,40.0
ind,2019,39.70000076293945
ind,2020,39.5
ind,2021,38.59999847412109
ind,2022,38.5
ind,2023,38.79999923706055
irl,2000,5.599999904632568
irl,2001,5.599999904632568
irl,2002,5.400000095367432
irl,2003,4.800000190734863
irl,2004,4.300000190734863
irl,2005,4.099999904632568
irl,2006,3.799999952316284
irl,2007,3.400000095367432
irl,2008,2.900000095367432
irl,2009,2.200000047683716
irl,2010,1.5
irl,2011,1.0
irl,2012,0.6000000238418579
irl,2013,0.300000011920929
irl,2014,0.2000000029802322
irl,2015,0.1000000014901161
irl,2016,0.1000000014901161
irl,2017,0.0
irl,2018,0.0
irl,2019,0.0
irl,2020,0.0
irl,2021,0.0
irl,2022,0.0
irl,2023,0.0
irn,2000,32.90000152587891
irn,2001,31.79999923706055
irn,2002,29.79999923706055
irn,2003,27.60000038146973
irn,2004,25.20000076293945
irn,2005,23.5
irn,2006,22.79999923706055
irn,2007,22.89999961853027
irn,2008,22.20000076293945
irn,2009,20.70000076293945
irn,2010,19.60000038146973
irn,2011,19.5
irn,2012,20.29999923706055
irn,2013,21.79999923706055
irn,2014,23.70000076293945
irn,2015,24.79999923706055
irn,2016,29.0
irn,2017,28.70000076293945
irn,2018,26.29999923706055
irn,2019,23.89999961853027
irn,2020,22.20000076293945
irn,2021,17.39999961853027
irn,2022,15.60000038146973
irn,2023,13.19999980926514
irq,2000,74.80000305175781
irq,2001,74.0
irq,2002,72.5999984741211
irq,2003,71.19999694824219
irq,2004,69.80000305175781
irq,2005,69.30000305175781
irq,2006,69.5999984741211
irq,2007,70.30000305175781
irq,2008,70.30000305175781
irq,2009,69.5
irq,2010,68.19999694824219
irq,2011,66.5
irq,2012,64.19999694824219
irq,2013,62.20000076293945
irq,2014,62.0
irq,2015,62.29999923706055
irq,2016,61.20000076293945
irq,2017,58.5
irq,2018,55.40000152587891
irq,2019,52.59999847412109
irq,2020,49.29999923706055
irq,2021,44.79999923706055
irq,2022,40.29999923706055
irq,2023,36.59999847412109
isl,2000,16.0
isl,2001,16.5
isl,2002,17.29999923706055
isl,2003,18.0
isl,2004,18.29999923706055
isl,2005,18.20000076293945
isl,2006,17.89999961853027
isl,2007,18.0
isl,2008,18.0
isl,2009,17.20000076293945
isl,2010,16.10000038146973
isl,2011,14.89999961853027
isl,2012,13.89999961853027
isl,2013,13.19999980926514
isl,2014,12.60000038146973
isl,2015,12.5
isl,2016,12.60000038146973
isl,2017,13.19999980926514
isl,2018,14.39999961853027
isl,2019,15.5
isl,2020,15.10000038146973
isl,2021,13.80000019073486
isl,2022,12.89999961853027
isl,2023,12.10000038146973
isr,2000,1.299999952316284
isr,2001,1.399999976158142
isr,2002,1.299999952316284
isr,2003,1.299999952316284
isr,2004,1.299999952316284
isr,2005,1.299999952316284
isr,2006,1.399999976158142
isr,2007,1.700000047683716
isr,2008,2.0
isr,2009,2.299999952316284
isr,2010,2.599999904632568
isr,2011,2.900000095367432
isr,2012,3.099999904632568
isr,2013,3.299999952316284
isr,2014,3.299999952316284
isr,2015,3.299999952316284
isr,2016,3.299999952316284
isr,2017,3.400000095367432
isr,2018,3.400000095367432
isr,2019,3.5
isr,2020,3.700000047683716
isr,2021,3.900000095367432
isr,2022,4.199999809265137
isr,2023,4.400000095367432
ita,2000,11.19999980926514
ita,2001,10.80000019073486
ita,2002,10.30000019073486
ita,2003,9.600000381469728
ita,2004,8.800000190734863
ita,2005,8.100000381469727
ita,2006,8.0
ita,2007,8.300000190734863
ita,2008,8.5
ita,2009,8.399999618530273
ita,2010,8.199999809265137
ita,2011,7.900000095367432
ita,2012,7.599999904632568
ita,2013,7.400000095367432
ita,2014,6.900000095367432
ita,2015,6.400000095367432
ita,2016,5.900000095367432
ita,2017,5.599999904632568
ita,2018,5.400000095367432
ita,2019,5.199999809265137
ita,2020,5.0
ita,2021,4.800000190734863
ita,2022,4.900000095367432
ita,2023,5.199999809265137
jam,2000,36.5
jam,2001,32.29999923706055
jam,2002,27.70000076293945
jam,2003,25.60000038146973
jam,2004,24.29999923706055
jam,2005,23.0
jam,2006,23.39999961853027
jam,2007,25.0
jam,2008,26.60000038146973
jam,2009,27.20000076293945
jam,2010,25.79999923706055
jam,2011,22.70000076293945
jam,2012,20.5
jam,2013,20.5
jam,2014,21.0
jam,2015,19.89999961853027
jam,2016,17.79999923706055
jam,2017,17.60000038146973
jam,2018,20.60000038146973
jam,2019,25.29999923706055
jam,2020,31.0
jam,2021,33.29999923706055
jam,2022,28.5
jam,2023,23.20000076293945
jor,2000,42.09999847412109
jor,2001,40.70000076293945
jor,2002,39.29999923706055
jor,2003,38.09999847412109
jor,2004,36.59999847412109
jor,2005,35.20000076293945
jor,2006,34.70000076293945
jor,2007,35.59999847412109
jor,2008,35.29999923706055
jor,2009,31.39999961853027
jor,2010,26.0
jor,2011,21.20000076293945
jor,2012,17.0
jor,2013,14.80000019073486
jor,2014,14.69999980926514
jor,2015,15.69999980926514
jor,2016,16.29999923706055
jor,2017,16.89999961853027
jor,2018,16.5
jor,2019,14.69999980926514
jor,2020,12.89999961853027
jor,2021,12.19999980926514
jor,2022,13.30000019073486
jor,2023,14.80000019073486
jpn,2000,0.0
jpn,2001,0.0
jpn,2002,0.0
jpn,2003,0.0
jpn,2004,0.0
jpn,2005,0.0
jpn,2006,0.0
jpn,2007,0.0
jpn,2008,0.0
jpn,2009,0.0
jpn,2010,0.0
jpn,2011,0.0
jpn,2012,0.0
jpn,2013,0.0
jpn,2014,0.0
jpn,2015,0.0
jpn,2016,0.0
jpn,2017,0.0
jpn,2018,0.0
jpn,2019,0.0
jpn,2020,0.0
jpn,2021,0.0
jpn,2022,0.0
jpn,2023,0.0
kaz,2000,12.89999961853027
kaz,2001,12.80000019073486
kaz,2002,12.30000019073486
kaz,2003,11.60000038146973
kaz,2004,10.30000019073486
kaz,2005,9.199999809265137
kaz,2006,8.800000190734863
kaz,2007,9.199999809265137
kaz,2008,10.30000019073486
kaz,2009,10.60000038146973
kaz,2010,9.199999809265137
kaz,2011,8.100000381469727
kaz,2012,8.699999809265137
kaz,2013,10.39999961853027
kaz,2014,11.80000019073486
kaz,2015,11.60000038146973
kaz,2016,11.0
kaz,2017,10.80000019073486
kaz,2018,11.0
kaz,2019,11.5
kaz,2020,9.0
kaz,2021,9.5
kaz,2022,9.300000190734863
kaz,2023,8.899999618530273
ken,2000,55.09999847412109
ken,2001,51.90000152587891
ken,2002,48.70000076293945
ken,2003,45.40000152587891
ken,2004,42.40000152587891
ken,2005,39.20000076293945
ken,2006,36.20000076293945
ken,2007,33.79999923706055
ken,2008,32.09999847412109
ken,2009,31.39999961853027
ken,2010,31.0
ken,2011,30.29999923706055
ken,2012,28.79999923706055
ken,2013,26.20000076293945
ken,2014,23.29999923706055
ken,2015,21.10000038146973
ken,2016,19.89999961853027
ken,2017,19.5
ken,2018,19.39999961853027
ken,2019,18.70000076293945
ken,2020,17.5
ken,2021,15.69999980926514
ken,2022,15.0
ken,2023,15.60000038146973
kgz,2000,22.60000038146973
kgz,2001,22.60000038146973
kgz,2002,22.0
kgz,2003,22.20000076293945
kgz,2004,22.29999923706055
kgz,2005,23.10000038146973
kgz,2006,24.70000076293945
kgz,2007,27.10000038146973
kgz,2008,29.29999923706055
kgz,2009,29.79999923706055
kgz,2010,28.79999923706055
kgz,2011,27.89999961853027
kgz,2012,28.0
kgz,2013,28.10000038146973
kgz,2014,26.89999961853027
kgz,2015,26.39999961853027
kgz,2016,27.39999961853027
kgz,2017,27.70000076293945
kgz,2018,26.5
kgz,2019,25.89999961853027
kgz,2020,26.70000076293945
kgz,2021,26.70000076293945
kgz,2022,23.60000038146973
kgz,2023,19.20000076293945
khm,2000,82.19999694824219
khm,2001,82.19999694824219
khm,2002,81.30000305175781
khm,2003,78.0
khm,2004,74.5999984741211
khm,2005,70.80000305175781
khm,2006,67.0999984741211
khm,2007,63.70000076293945
khm,2008,60.59999847412109
khm,2009,58.79999923706055
khm,2010,58.0
khm,2011,58.09999847412109
khm,2012,59.09999847412109
khm,2013,60.20000076293945
khm,2014,60.09999847412109
khm,2015,57.79999923706055
khm,2016,54.20000076293945
khm,2017,52.5
khm,2018,51.59999847412109
khm,2019,49.40000152587891
khm,2020,44.79999923706055
khm,2021,41.79999923706055
khm,2022,42.09999847412109
khm,2023,44.40000152587891
kir,2000,17.10000038146973
kir,2001,16.89999961853027
kir,2002,16.89999961853027
kir,2003,17.39999961853027
kir,2004,17.89999961853027
kir,2005,18.10000038146973
kir,2006,18.70000076293945
kir,2007,19.89999961853027
kir,2008,21.5
kir,2009,27.70000076293945
kir,2010,30.10000038146973
kir,2011,32.90000152587891
kir,2012,35.40000152587891
kir,2013,37.09999847412109
kir,2014,37.70000076293945
kir,2015,36.59999847412109
kir,2016,34.5
kir,2017,31.89999961853027
kir,2018,28.89999961853027
kir,2019,25.89999961853027
kir,2020,22.20000076293945
kir,2021,17.5
kir,2022,12.80000019073486
kir,2023,9.5
kna,2000,18.29999923706055
kna,2001,18.20000076293945
kna,2002,17.79999923706055
kna,2003,16.89999961853027
kna,2004,15.60000038146973
kna,2005,14.30000019073486
kna,2006,14.30000019073486
kna,2007,15.10000038146973
kna,2008,14.80000019073486
kna,2009,13.60000038146973
kna,2010,12.10000038146973
kna,2011,11.10000038146973
kna,2012,9.899999618530272
kna,2013,8.300000190734863
kna,2014,6.400000095367432
kna,2015,4.599999904632568
kna,2016,3.400000095367432
kna,2017,2.700000047683716
kna,2018,2.299999952316284
kna,2019,2.0
kna,2020,1.799999952316284
kna,2021,1.5
kna,2022,1.299999952316284
kna,2023,1.100000023841858
kor,2000,5.099999904632568
kor,2001,5.0
kor,2002,5.0
kor,2003,4.900000095367432
kor,2004,4.900000095367432
kor,2005,4.699999809265137
kor,2006,4.699999809265137
kor,2007,4.5
kor,2008,4.300000190734863
kor,2009,3.900000095367432
kor,2010,3.599999904632568
kor,2011,3.299999952316284
kor,2012,2.900000095367432
kor,2013,2.599999904632568
kor,2014,2.299999952316284
kor,2015,2.0
kor,2016,1.799999952316284
kor,2017,1.600000023841858
kor,2018,1.399999976158142
kor,2019,1.299999952316284
kor,2020,1.200000047683716
kor,2021,1.200000047683716
kor,2022,1.200000047683716
kor,2023,1.200000047683716
lao,2000,68.0
lao,2001,66.5
lao,2002,64.69999694824219
lao,2003,62.5
lao,2004,60.09999847412109
lao,2005,57.90000152587891
lao,2006,56.5
lao,2007,55.09999847412109
lao,2008,53.59999847412109
lao,2009,51.59999847412109
lao,2010,54.20000076293945
lao,2011,56.40000152587891
lao,2012,55.0
lao,2013,54.29999923706055
lao,2014,53.40000152587891
lao,2015,51.09999847412109
lao,2016,47.09999847412109
lao,2017,44.59999847412109
lao,2018,44.40000152587891
lao,2019,46.0
lao,2020,46.59999847412109
lao,2021,46.59999847412109
lao,2022,46.79999923706055
lao,2023,48.20000076293945
lbn,2000,52.79999923706055
lbn,2001,51.79999923706055
lbn,2002,51.09999847412109
lbn,2003,50.20000076293945
lbn,2004,48.40000152587891
lbn,2005,44.59999847412109
lbn,2006,41.0
lbn,2007,37.90000152587891
lbn,2008,36.0
lbn,2009,34.20000076293945
lbn,2010,33.0
lbn,2011,33.59999847412109
lbn,2012,35.70000076293945
lbn,2013,39.29999923706055
lbn,2014,43.40000152587891
lbn,2015,47.09999847412109
lbn,2016,49.29999923706055
lbn,2017,50.29999923706055
lbn,2018,50.20000076293945
lbn,2019,49.70000076293945
lbn,2020,48.70000076293945
lbn,2021,47.40000152587891
lbn,2022,46.40000152587891
lbn,2023,46.0
lbr,2000,48.59999847412109
lbr,2001,47.20000076293945
lbr,2002,45.70000076293945
lbr,2003,44.29999923706055
lbr,2004,42.70000076293945
lbr,2005,40.90000152587891
lbr,2006,38.59999847412109
lbr,2007,36.59999847412109
lbr,2008,35.40000152587891
lbr,2009,34.79999923706055
lbr,2010,34.70000076293945
lbr,2011,35.20000076293945
lbr,2012,35.90000152587891
lbr,2013,36.29999923706055
lbr,2014,36.5
lbr,2015,36.0
lbr,2016,34.20000076293945
lbr,2017,32.0
lbr,2018,30.5
lbr,2019,30.60000038146973
lbr,2020,31.39999961853027
lbr,2021,31.79999923706055
lbr,2022,32.0
lbr,2023,32.40000152587891
lca,2000,27.39999961853027
lca,2001,27.20000076293945
lca,2002,27.20000076293945
lca,2003,27.79999923706055
lca,2004,29.0
lca,2005,29.70000076293945
lca,2006,26.39999961853027
lca,2007,20.0
lca,2008,15.80000019073486
lca,2009,14.80000019073486
lca,2010,15.69999980926514
lca,2011,16.89999961853027
lca,2012,16.39999961853027
lca,2013,15.30000019073486
lca,2014,17.0
lca,2015,19.70000076293945
lca,2016,21.39999961853027
lca,2017,23.79999923706055
lca,2018,24.5
lca,2019,22.89999961853027
lca,2020,22.5
lca,2021,25.0
lca,2022,29.79999923706055
lca,2023,30.70000076293945
lie,2000,14.69999980926514
lie,2001,14.5
lie,2002,16.10000038146973
lie,2003,29.29999923706055
lie,2004,42.79999923706055
lie,2005,44.20000076293945
lie,2006,33.59999847412109
lie,2007,21.60000038146973
lie,2008,16.29999923706055
lie,2009,16.29999923706055
lie,2010,17.10000038146973
lie,2011,18.0
lie,2012,19.5
lie,2013,20.70000076293945
lie,2014,21.5
lie,2015,21.0
lie,2016,20.10000038146973
lie,2017,19.70000076293945
lie,2018,19.89999961853027
lie,2019,20.10000038146973
lie,2020,18.89999961853027
lie,2021,14.89999961853027
lie,2022,10.89999961853027
lie,2023,8.899999618530273
lka,2000,30.79999923706055
lka,2001,32.40000152587891
lka,2002,34.5
lka,2003,36.20000076293945
lka,2004,36.09999847412109
lka,2005,34.29999923706055
lka,2006,31.70000076293945
lka,2007,29.60000038146973
lka,2008,29.29999923706055
lka,2009,29.10000038146973
lka,2010,28.89999961853027
lka,2011,29.0
lka,2012,29.29999923706055
lka,2013,29.5
lka,2014,28.79999923706055
lka,2015,26.70000076293945
lka,2016,23.29999923706055
lka,2017,19.39999961853027
lka,2018,16.60000038146973
lka,2019,14.89999961853027
lka,2020,13.89999961853027
lka,2021,12.69999980926514
lka,2022,11.39999961853027
lka,2023,9.800000190734863
lso,2000,50.0
lso,2001,49.20000076293945
lso,2002,48.20000076293945
lso,2003,46.5
lso,2004,43.5
lso,2005,40.70000076293945
lso,2006,38.40000152587891
lso,2007,36.29999923706055
lso,2008,34.5
lso,2009,33.40000152587891
lso,2010,32.40000152587891
lso,2011,31.5
lso,2012,31.60000038146973
lso,2013,32.29999923706055
lso,2014,34.0
lso,2015,36.29999923706055
lso,2016,37.5
lso,2017,38.40000152587891
lso,2018,40.40000152587891
lso,2019,43.09999847412109
lso,2020,44.79999923706055
lso,2021,45.5
lso,2022,46.90000152587891
lso,2023,49.40000152587891
ltu,2000,2.5
ltu,2001,2.299999952316284
ltu,2002,2.099999904632568
ltu,2003,1.700000047683716
ltu,2004,1.100000023841858
ltu,2005,0.6000000238418579
ltu,2006,0.300000011920929
ltu,2007,0.2000000029802322
ltu,2008,0.1000000014901161
ltu,2009,0.300000011920929
ltu,2010,0.6000000238418579
ltu,2011,1.200000047683716
ltu,2012,2.0
ltu,2013,3.0
ltu,2014,4.099999904632568
ltu,2015,5.0
ltu,2016,5.400000095367432
ltu,2017,5.800000190734863
ltu,2018,7.099999904632568
ltu,2019,8.399999618530273
ltu,2020,7.300000190734863
ltu,2021,4.400000095367432
ltu,2022,2.099999904632568
ltu,2023,1.100000023841858
lux,2000,16.0
lux,2001,16.0
lux,2002,16.10000038146973
lux,2003,16.29999923706055
lux,2004,16.70000076293945
lux,2005,16.89999961853027
lux,2006,17.0
lux,2007,16.79999923706055
lux,2008,16.29999923706055
lux,2009,15.80000019073486
lux,2010,15.69999980926514
lux,2011,15.89999961853027
lux,2012,15.60000038146973
lux,2013,15.10000038146973
lux,2014,14.10000038146973
lux,2015,13.5
lux,2016,12.80000019073486
lux,2017,12.80000019073486
lux,2018,13.30000019073486
lux,2019,12.89999961853027
lux,2020,12.0
lux,2021,12.0
lux,2022,11.80000019073486
lux,2023,11.5
lva,2000,10.60000038146973
lva,2001,10.30000019073486
lva,2002,9.5
lva,2003,8.300000190734863
lva,2004,7.099999904632568
lva,2005,6.400000095367432
lva,2006,6.199999809265137
lva,2007,6.599999904632568
lva,2008,7.199999809265137
lva,2009,7.400000095367432
lva,2010,7.0
lva,2011,6.199999809265137
lva,2012,5.0
lva,2013,3.900000095367432
lva,2014,2.799999952316284
lva,2015,1.799999952316284
lva,2016,1.100000023841858
lva,2017,0.699999988079071
lva,2018,0.5
lva,2019,0.300000011920929
lva,2020,0.2000000029802322
lva,2021,0.0
lva,2022,0.0
lva,2023,0.0
mac,2000,32.70000076293945
mac,2001,31.70000076293945
mac,2002,30.70000076293945
mac,2003,29.20000076293945
mac,2004,27.39999961853027
mac,2005,26.20000076293945
mac,2006,25.89999961853027
mac,2007,25.20000076293945
mac,2008,23.20000076293945
mac,2009,20.70000076293945
mac,2010,18.70000076293945
mac,2011,17.5
mac,2012,16.60000038146973
mac,2013,16.10000038146973
mac,2014,15.5
mac,2015,14.5
mac,2016,13.60000038146973
mac,2017,13.80000019073486
mac,2018,14.69999980926514
mac,2019,15.5
mac,2020,15.5
mac,2021,14.69999980926514
mac,2022,14.30000019073486
mac,2023,14.30000019073486
mar,2000,67.80000305175781
mar,2001,67.19999694824219
mar,2002,66.0
mar,2003,64.5
mar,2004,62.79999923706055
mar,2005,60.90000152587891
mar,2006,58.59999847412109
mar,2007,55.79999923706055
mar,2008,53.0
mar,2009,51.0
mar,2010,49.90000152587891
mar,2011,49.70000076293945
mar,2012,49.40000152587891
mar,2013,47.0
mar,2014,43.5
mar,2015,39.20000076293945
mar,2016,35.90000152587891
mar,2017,33.09999847412109
mar,2018,31.0
mar,2019,29.10000038146973
mar,2020,27.10000038146973
mar,2021,25.79999923706055
mar,2022,25.0
mar,2023,23.79999923706055
mco,2000,2.5
mco,2001,2.400000095367432
mco,2002,2.700000047683716
mco,2003,3.099999904632568
mco,2004,4.099999904632568
mco,2005,6.199999809265137
mco,2006,10.10000038146973
mco,2007,16.0
mco,2008,21.60000038146973
mco,2009,24.89999961853027
mco,2010,25.10000038146973
mco,2011,24.10000038146973
mco,2012,22.5
mco,2013,20.5
mco,2014,18.60000038146973
mco,2015,16.79999923706055
mco,2016,15.0
mco,2017,13.19999980926514
mco,2018,11.39999961853027
mco,2019,9.899999618530272
mco,2020,8.600000381469727
mco,2021,7.800000190734863
mco,2022,7.199999809265137
mco,2023,6.599999904632568
mda,2000,38.09999847412109
mda,2001,36.5
mda,2002,35.90000152587891
mda,2003,35.59999847412109
mda,2004,35.79999923706055
mda,2005,35.90000152587891
mda,2006,33.40000152587891
mda,2007,26.89999961853027
mda,2008,22.5
mda,2009,23.0
mda,2010,25.0
mda,2011,26.5
mda,2012,26.39999961853027
mda,2013,25.70000076293945
mda,2014,25.20000076293945
mda,2015,23.70000076293945
mda,2016,20.0
mda,2017,16.10000038146973
mda,2018,13.39999961853027
mda,2019,11.19999980926514
mda,2020,9.300000190734863
mda,2021,7.699999809265137
mda,2022,6.599999904632568
mda,2023,5.300000190734863
mdg,2000,68.30000305175781
mdg,2001,69.0999984741211
mdg,2002,70.4000015258789
mdg,2003,71.5
mdg,2004,71.80000305175781
mdg,2005,71.4000015258789
mdg,2006,70.5999984741211
mdg,2007,69.5999984741211
mdg,2008,69.0999984741211
mdg,2009,68.9000015258789
mdg,2010,68.5999984741211
mdg,2011,68.0999984741211
mdg,2012,67.0
mdg,2013,65.4000015258789
mdg,2014,62.70000076293945
mdg,2015,59.40000152587891
mdg,2016,57.0
mdg,2017,57.29999923706055
mdg,2018,59.59999847412109
mdg,2019,62.09999847412109
mdg,2020,63.59999847412109
mdg,2021,65.0
mdg,2022,67.0
mdg,2023,69.4000015258789
mdv,2000,31.0
mdv,2001,31.79999923706055
mdv,2002,32.79999923706055
mdv,2003,34.5
mdv,2004,37.40000152587891
mdv,2005,40.59999847412109
mdv,2006,41.70000076293945
mdv,2007,39.90000152587891
mdv,2008,37.40000152587891
mdv,2009,36.79999923706055
mdv,2010,39.29999923706055
mdv,2011,43.40000152587891
mdv,2012,45.5
mdv,2013,44.59999847412109
mdv,2014,42.20000076293945
mdv,2015,40.40000152587891
mdv,2016,39.29999923706055
mdv,2017,39.40000152587891
mdv,2018,39.29999923706055
mdv,2019,37.90000152587891
mdv,2020,34.40000152587891
mdv,2021,29.60000038146973
mdv,2022,25.70000076293945
mdv,2023,22.39999961853027
mex,2000,45.79999923706055
mex,2001,46.0
mex,2002,46.09999847412109
mex,2003,45.20000076293945
mex,2004,43.40000152587891
mex,2005,41.70000076293945
mex,2006,41.0
mex,2007,40.59999847412109
mex,2008,39.09999847412109
mex,2009,37.09999847412109
mex,2010,35.0
mex,2011,34.09999847412109
mex,2012,33.40000152587891
mex,2013,32.20000076293945
mex,2014,30.5
mex,2015,28.39999961853027
mex,2016,26.79999923706055
mex,2017,25.5
mex,2018,24.89999961853027
mex,2019,25.20000076293945
mex,2020,25.89999961853027
mex,2021,26.39999961853027
mex,2022,27.0
mex,2023,27.10000038146973
mhl,2000,21.5
mhl,2001,20.70000076293945
mhl,2002,20.10000038146973
mhl,2003,19.29999923706055
mhl,2004,18.89999961853027
mhl,2005,18.29999923706055
mhl,2006,17.89999961853027
mhl,2007,17.5
mhl,2008,16.89999961853027
mhl,2009,16.29999923706055
mhl,2010,16.0
mhl,2011,16.39999961853027
mhl,2012,16.79999923706055
mhl,2013,17.10000038146973
mhl,2014,17.0
mhl,2015,21.79999923706055
mhl,2016,20.89999961853027
mhl,2017,19.5
mhl,2018,17.20000076293945
mhl,2019,10.0
mhl,2020,8.199999809265137
mhl,2021,10.69999980926514
mhl,2022,8.0
mhl,2023,5.300000190734863
mkd,2000,31.10000038146973
mkd,2001,31.29999923706055
mkd,2002,31.39999961853027
mkd,2003,31.0
mkd,2004,31.0
mkd,2005,31.10000038146973
mkd,2006,30.70000076293945
mkd,2007,30.39999961853027
mkd,2008,29.70000076293945
mkd,2009,28.10000038146973
mkd,2010,26.60000038146973
mkd,2011,24.5
mkd,2012,22.70000076293945
mkd,2013,23.70000076293945
mkd,2014,27.39999961853027
mkd,2015,29.70000076293945
mkd,2016,28.29999923706055
mkd,2017,25.10000038146973
mkd,2018,19.60000038146973
mkd,2019,15.80000019073486
mkd,2020,14.30000019073486
mkd,2021,11.5
mkd,2022,10.60000038146973
mkd,2023,10.80000019073486
mli,2000,85.4000015258789
mli,2001,84.9000015258789
mli,2002,84.0
mli,2003,83.4000015258789
mli,2004,82.9000015258789
mli,2005,82.5999984741211
mli,2006,82.19999694824219
mli,2007,81.5
mli,2008,80.4000015258789
mli,2009,79.4000015258789
mli,2010,78.80000305175781
mli,2011,78.0
mli,2012,77.0999984741211
mli,2013,76.30000305175781
mli,2014,75.80000305175781
mli,2015,75.5999984741211
mli,2016,75.4000015258789
mli,2017,75.69999694824219
mli,2018,76.30000305175781
mli,2019,77.0
mli,2020,78.0999984741211
mli,2021,79.19999694824219
mli,2022,79.9000015258789
mli,2023,80.4000015258789
mlt,2000,29.29999923706055
mlt,2001,29.60000038146973
mlt,2002,28.79999923706055
mlt,2003,25.79999923706055
mlt,2004,22.29999923706055
mlt,2005,21.0
mlt,2006,22.10000038146973
mlt,2007,27.20000076293945
mlt,2008,35.20000076293945
mlt,2009,38.20000076293945
mlt,2010,32.0
mlt,2011,24.60000038146973
mlt,2012,11.89999961853027
mlt,2013,10.80000019073486
mlt,2014,10.39999961853027
mlt,2015,10.19999980926514
mlt,2016,10.69999980926514
mlt,2017,11.19999980926514
mlt,2018,10.5
mlt,2019,9.699999809265137
mlt,2020,9.100000381469728
mlt,2021,8.699999809265137
mlt,2022,8.800000190734863
mlt,2023,8.899999618530273
mmr,2000,51.0
mmr,2001,52.29999923706055
mmr,2002,55.29999923706055
mmr,2003,58.59999847412109
mmr,2004,60.79999923706055
mmr,2005,61.29999923706055
mmr,2006,60.0
mmr,2007,58.90000152587891
mmr,2008,58.70000076293945
mmr,2009,57.70000076293945
mmr,2010,55.59999847412109
mmr,2011,52.70000076293945
mmr,2012,50.59999847412109
mmr,2013,49.0
mmr,2014,46.59999847412109
mmr,2015,44.20000076293945
mmr,2016,41.70000076293945
mmr,2017,37.79999923706055
mmr,2018,32.0
mmr,2019,25.60000038146973
mmr,2020,20.39999961853027
mmr,2021,17.10000038146973
mmr,2022,14.30000019073486
mmr,2023,12.89999961853027
mne,2000,4.199999809265137
mne,2001,4.300000190734863
mne,2002,4.300000190734863
mne,2003,4.199999809265137
mne,2004,4.199999809265137
mne,2005,4.199999809265137
mne,2006,4.199999809265137
mne,2007,4.199999809265137
mne,2008,4.199999809265137
mne,2009,4.099999904632568
mne,2010,4.0
mne,2011,3.700000047683716
mne,2012,3.200000047683716
mne,2013,2.700000047683716
mne,2014,2.400000095367432
mne,2015,2.099999904632568
mne,2016,2.0
mne,2017,1.899999976158142
mne,2018,1.799999952316284
mne,2019,1.799999952316284
mne,2020,1.700000047683716
mne,2021,1.600000023841858
mne,2022,1.299999952316284
mne,2023,1.200000047683716
mng,2000,30.20000076293945
mng,2001,25.5
mng,2002,22.10000038146973
mng,2003,19.79999923706055
mng,2004,18.10000038146973
mng,2005,16.29999923706055
mng,2006,13.80000019073486
mng,2007,11.10000038146973
mng,2008,10.39999961853027
mng,2009,9.899999618530272
mng,2010,9.800000190734863
mng,2011,11.80000019073486
mng,2012,9.899999618530272
mng,2013,9.0
mng,2014,9.100000381469728
mng,2015,8.699999809265137
mng,2016,7.599999904632568
mng,2017,6.400000095367432
mng,2018,5.699999809265137
mng,2019,6.0
mng,2020,7.800000190734863
mng,2021,10.89999961853027
mng,2022,13.69999980926514
mng,2023,14.60000038146973
moz,2000,83.5
moz,2001,80.9000015258789
moz,2002,77.4000015258789
moz,2003,73.5999984741211
moz,2004,71.4000015258789
moz,2005,70.4000015258789
moz,2006,68.5999984741211
moz,2007,66.19999694824219
moz,2008,64.69999694824219
moz,2009,64.4000015258789
moz,2010,65.19999694824219
moz,2011,66.5
moz,2012,68.0999984741211
moz,2013,69.19999694824219
moz,2014,69.30000305175781
moz,2015,68.0999984741211
moz,2016,66.0999984741211
moz,2017,65.5999984741211
moz,2018,66.69999694824219
moz,2019,66.30000305175781
moz,2020,65.0999984741211
moz,2021,63.40000152587891
moz,2022,59.09999847412109
moz,2023,55.20000076293945
mrt,2000,82.80000305175781
mrt,2001,82.0999984741211
mrt,2002,81.4000015258789
mrt,2003,80.30000305175781
mrt,2004,78.80000305175781
mrt,2005,76.9000015258789
mrt,2006,75.19999694824219
mrt,2007,73.5
mrt,2008,77.9000015258789
mrt,2009,76.19999694824219
mrt,2010,74.5
mrt,2011,72.0999984741211
mrt,2012,69.80000305175781
mrt,2013,67.5999984741211
mrt,2014,65.69999694824219
mrt,2015,64.5
mrt,2016,64.0999984741211
mrt,2017,63.70000076293945
mrt,2018,63.0
mrt,2019,62.59999847412109
mrt,2020,62.20000076293945
mrt,2021,61.0
mrt,2022,58.70000076293945
mrt,2023,55.5
msr,2000,11.80000019073486
msr,2001,11.89999961853027
msr,2002,12.39999961853027
msr,2003,13.60000038146973
msr,2004,14.39999961853027
msr,2005,15.39999961853027
msr,2006,17.5
msr,2007,20.0
msr,2008,22.39999961853027
msr,2009,22.5
msr,2010,21.5
msr,2011,25.29999923706055
msr,2012,31.70000076293945
msr,2013,37.0
msr,2014,41.70000076293945
msr,2015,43.0
msr,2016,38.79999923706055
msr,2017,31.0
msr,2018,20.10000038146973
msr,2019,11.0
msr,2020,6.800000190734863
msr,2021,4.0
msr,2022,1.299999952316284
msr,2023,0.0
mus,2000,42.59999847412109
mus,2001,39.5
mus,2002,36.59999847412109
mus,2003,33.40000152587891
mus,2004,30.0
mus,2005,26.5
mus,2006,23.60000038146973
mus,2007,21.70000076293945
mus,2008,21.20000076293945
mus,2009,21.10000038146973
mus,2010,20.79999923706055
mus,2011,19.79999923706055
mus,2012,18.29999923706055
mus,2013,16.79999923706055
mus,2014,15.69999980926514
mus,2015,15.19999980926514
mus,2016,15.19999980926514
mus,2017,15.80000019073486
mus,2018,16.70000076293945
mus,2019,17.39999961853027
mus,2020,17.79999923706055
mus,2021,18.10000038146973
mus,2022,18.60000038146973
mus,2023,19.70000076293945
mwi,2000,63.70000076293945
mwi,2001,69.4000015258789
mwi,2002,75.80000305175781
mwi,2003,79.5
mwi,2004,79.4000015258789
mwi,2005,77.0
mwi,2006,74.0999984741211
mwi,2007,72.0
mwi,2008,71.0999984741211
mwi,2009,70.5999984741211
mwi,2010,69.4000015258789
mwi,2011,67.0999984741211
mwi,2012,64.5999984741211
mwi,2013,61.5
mwi,2014,57.70000076293945
mwi,2015,56.70000076293945
mwi,2016,59.09999847412109
mwi,2017,62.09999847412109
mwi,2018,64.69999694824219
mwi,2019,64.5
mwi,2020,61.0
mwi,2021,57.79999923706055
mwi,2022,57.09999847412109
mwi,2023,58.09999847412109
mys,2000,21.70000076293945
mys,2001,23.89999961853027
mys,2002,24.39999961853027
mys,2003,23.10000038146973
mys,2004,23.10000038146973
mys,2005,25.60000038146973
mys,2006,29.29999923706055
mys,2007,32.29999923706055
mys,2008,33.09999847412109
mys,2009,33.09999847412109
mys,2010,32.70000076293945
mys,2011,32.20000076293945
mys,2012,31.10000038146973
mys,2013,30.5
mys,2014,30.79999923706055
mys,2015,32.40000152587891
mys,2016,34.29999923706055
mys,2017,35.40000152587891
mys,2018,36.29999923706055
mys,2019,38.29999923706055
mys,2020,39.90000152587891
mys,2021,49.79999923706055
mys,2022,49.70000076293945
mys,2023,48.09999847412109
nam,2000,37.59999847412109
nam,2001,38.40000152587891
nam,2002,38.90000152587891
nam,2003,39.0
nam,2004,38.5
nam,2005,37.5
nam,2006,35.40000152587891
nam,2007,33.59999847412109
nam,2008,33.20000076293945
nam,2009,33.20000076293945
nam,2010,32.40000152587891
nam,2011,31.39999961853027
nam,2012,31.0
nam,2013,30.70000076293945
nam,2014,29.0
nam,2015,26.39999961853027
nam,2016,24.29999923706055
nam,2017,22.60000038146973
nam,2018,21.20000076293945
nam,2019,19.20000076293945
nam,2020,15.89999961853027
nam,2021,12.39999961853027
nam,2022,9.399999618530272
nam,2023,7.400000095367432
ner,2000,96.5
ner,2001,96.3000030517578
ner,2002,96.1999969482422
ner,2003,96.0
ner,2004,95.8000030517578
ner,2005,95.59999847412108
ner,2006,95.3000030517578
ner,2007,95.09999847412108
ner,2008,94.6999969482422
ner,2009,94.1999969482422
ner,2010,93.6999969482422
ner,2011,93.1999969482422
ner,2012,92.59999847412108
ner,2013,92.1999969482422
ner,2014,92.0
ner,2015,91.6999969482422
ner,2016,91.09999847412108
ner,2017,90.09999847412108
ner,2018,88.80000305175781
ner,2019,87.30000305175781
ner,2020,86.0
ner,2021,85.4000015258789
ner,2022,85.5
ner,2023,86.0999984741211
nga,2000,52.09999847412109
nga,2001,51.20000076293945
nga,2002,50.29999923706055
nga,2003,48.70000076293945
nga,2004,45.40000152587891
nga,2005,41.09999847412109
nga,2006,37.29999923706055
nga,2007,34.59999847412109
nga,2008,33.79999923706055
nga,2009,33.79999923706055
nga,2010,35.0
nga,2011,36.29999923706055
nga,2012,38.79999923706055
nga,2013,40.79999923706055
nga,2014,41.90000152587891
nga,2015,42.90000152587891
nga,2016,43.40000152587891
nga,2017,43.79999923706055
nga,2018,43.29999923706055
nga,2019,41.90000152587891
nga,2020,40.29999923706055
nga,2021,39.70000076293945
nga,2022,39.70000076293945
nga,2023,39.29999923706055
nic,2000,52.70000076293945
nic,2001,55.40000152587891
nic,2002,57.70000076293945
nic,2003,59.20000076293945
nic,2004,59.59999847412109
nic,2005,58.29999923706055
nic,2006,40.70000076293945
nic,2007,38.5
nic,2008,34.20000076293945
nic,2009,28.5
nic,2010,24.20000076293945
nic,2011,22.60000038146973
nic,2012,22.79999923706055
nic,2013,22.29999923706055
nic,2014,21.0
nic,2015,19.5
nic,2016,19.10000038146973
nic,2017,20.5
nic,2018,23.79999923706055
nic,2019,28.0
nic,2020,32.40000152587891
nic,2021,36.40000152587891
nic,2022,38.20000076293945
nic,2023,37.59999847412109
niu,2000,12.5
niu,2001,12.69999980926514
niu,2002,11.69999980926514
niu,2003,10.80000019073486
niu,2004,9.300000190734863
niu,2005,8.199999809265137
niu,2006,6.800000190734863
niu,2007,7.0
niu,2008,7.400000095367432
niu,2009,6.699999809265137
niu,2010,6.5
niu,2011,6.599999904632568
niu,2012,7.199999809265137
niu,2013,7.300000190734863
niu,2014,6.800000190734863
niu,2015,6.599999904632568
niu,2016,6.800000190734863
niu,2017,6.900000095367432
niu,2018,7.199999809265137
niu,2019,8.0
niu,2020,9.399999618530272
niu,2021,10.89999961853027
niu,2022,11.39999961853027
niu,2023,11.30000019073486
nld,2000,9.399999618530272
nld,2001,8.899999618530273
nld,2002,8.199999809265137
nld,2003,7.199999809265137
nld,2004,5.900000095367432
nld,2005,4.800000190734863
nld,2006,4.0
nld,2007,3.5
nld,2008,3.099999904632568
nld,2009,2.700000047683716
nld,2010,2.400000095367432
nld,2011,2.099999904632568
nld,2012,1.899999976158142
nld,2013,1.600000023841858
nld,2014,1.5
nld,2015,1.399999976158142
nld,2016,1.299999952316284
nld,2017,1.299999952316284
nld,2018,1.299999952316284
nld,2019,1.299999952316284
nld,2020,1.399999976158142
nld,2021,1.5
nld,2022,1.5
nld,2023,1.299999952316284
nor,2000,8.399999618530273
nor,2001,8.399999618530273
nor,2002,8.399999618530273
nor,2003,8.199999809265137
nor,2004,8.0
nor,2005,7.800000190734863
nor,2006,7.599999904632568
nor,2007,7.5
nor,2008,7.5
nor,2009,7.5
nor,2010,7.300000190734863
nor,2011,7.0
nor,2012,6.800000190734863
nor,2013,6.599999904632568
nor,2014,6.400000095367432
nor,2015,6.199999809265137
nor,2016,5.900000095367432
nor,2017,5.699999809265137
nor,2018,5.5
nor,2019,5.199999809265137
nor,2020,5.0
nor,2021,4.900000095367432
nor,2022,4.800000190734863
nor,2023,4.800000190734863
npl,2000,69.80000305175781
npl,2001,69.4000015258789
npl,2002,68.69999694824219
npl,2003,59.40000152587891
npl,2004,58.09999847412109
npl,2005,57.40000152587891
npl,2006,56.40000152587891
npl,2007,53.70000076293945
npl,2008,50.20000076293945
npl,2009,47.5
npl,2010,45.5
npl,2011,44.5
npl,2012,43.29999923706055
npl,2013,39.59999847412109
npl,2014,35.0
npl,2015,30.70000076293945
npl,2016,27.0
npl,2017,25.20000076293945
npl,2018,25.0
npl,2019,25.89999961853027
npl,2020,27.39999961853027
npl,2021,29.39999961853027
npl,2022,30.89999961853027
npl,2023,30.0
nru,2000,43.29999923706055
nru,2001,42.09999847412109
nru,2002,41.59999847412109
nru,2003,41.09999847412109
nru,2004,41.0
nru,2005,40.90000152587891
nru,2006,40.40000152587891
nru,2007,40.29999923706055
nru,2008,40.40000152587891
nru,2009,40.0
nru,2010,39.5
nru,2011,38.79999923706055
nru,2012,38.90000152587891
nru,2013,40.0
nru,2014,42.40000152587891
nru,2015,44.90000152587891
nru,2016,45.59999847412109
nru,2017,41.90000152587891
nru,2018,36.0
nru,2019,31.70000076293945
nru,2020,28.0
nru,2021,22.20000076293945
nru,2022,19.89999961853027
nru,2023,21.5
nzl,2000,18.10000038146973
nzl,2001,17.29999923706055
nzl,2002,15.80000019073486
nzl,2003,13.89999961853027
nzl,2004,11.69999980926514
nzl,2005,9.800000190734863
nzl,2006,8.399999618530273
nzl,2007,7.5
nzl,2008,6.800000190734863
nzl,2009,6.0
nzl,2010,5.400000095367432
nzl,2011,4.800000190734863
nzl,2012,4.300000190734863
nzl,2013,4.0
nzl,2014,3.700000047683716
nzl,2015,3.599999904632568
nzl,2016,3.5
nzl,2017,3.5
nzl,2018,3.400000095367432
nzl,2019,3.299999952316284
nzl,2020,3.200000047683716
nzl,2021,3.099999904632568
nzl,2022,2.900000095367432
nzl,2023,2.700000047683716
omn,2000,26.60000038146973
omn,2001,25.29999923706055
omn,2002,24.20000076293945
omn,2003,23.29999923706055
omn,2004,22.79999923706055
omn,2005,22.70000076293945
omn,2006,22.79999923706055
omn,2007,21.79999923706055
omn,2008,19.39999961853027
omn,2009,15.5
omn,2010,11.5
omn,2011,8.800000190734863
omn,2012,7.800000190734863
omn,2013,8.199999809265137
omn,2014,9.399999618530272
omn,2015,10.69999980926514
omn,2016,11.69999980926514
omn,2017,12.10000038146973
omn,2018,16.0
omn,2019,16.29999923706055
omn,2020,18.10000038146973
omn,2021,22.0
omn,2022,25.29999923706055
omn,2023,27.20000076293945
pak,2000,57.79999923706055
pak,2001,56.90000152587891
pak,2002,56.40000152587891
pak,2003,55.59999847412109
pak,2004,55.09999847412109
pak,2005,54.5
pak,2006,53.79999923706055
pak,2007,52.79999923706055
pak,2008,52.0
pak,2009,51.40000152587891
pak,2010,50.5
pak,2011,49.59999847412109
pak,2012,49.5
pak,2013,49.70000076293945
pak,2014,50.59999847412109
pak,2015,51.79999923706055
pak,2016,52.90000152587891
pak,2017,53.70000076293945
pak,2018,53.70000076293945
pak,2019,53.5
pak,2020,52.40000152587891
pak,2021,50.70000076293945
pak,2022,49.20000076293945
pak,2023,47.20000076293945
pan,2000,25.60000038146973
pan,2001,23.5
pan,2002,22.79999923706055
pan,2003,23.89999961853027
pan,2004,25.79999923706055
pan,2005,28.39999961853027
pan,2006,31.70000076293945
pan,2007,35.79999923706055
pan,2008,38.0
pan,2009,37.5
pan,2010,34.40000152587891
pan,2011,29.89999961853027
pan,2012,25.89999961853027
pan,2013,24.20000076293945
pan,2014,25.0
pan,2015,26.20000076293945
pan,2016,26.89999961853027
pan,2017,27.5
pan,2018,27.89999961853027
pan,2019,27.5
pan,2020,26.89999961853027
pan,2021,26.70000076293945
pan,2022,27.20000076293945
pan,2023,27.29999923706055
per,2000,25.10000038146973
per,2001,25.79999923706055
per,2002,26.10000038146973
per,2003,26.0
per,2004,26.70000076293945
per,2005,27.10000038146973
per,2006,25.70000076293945
per,2007,22.60000038146973
per,2008,20.29999923706055
per,2009,18.5
per,2010,16.60000038146973
per,2011,15.30000019073486
per,2012,15.10000038146973
per,2013,16.0
per,2014,16.70000076293945
per,2015,16.79999923706055
per,2016,16.39999961853027
per,2017,15.80000019073486
per,2018,14.89999961853027
per,2019,14.0
per,2020,13.30000019073486
per,2021,13.19999980926514
per,2022,13.10000038146973
per,2023,11.60000038146973
phl,2000,22.5
phl,2001,23.70000076293945
phl,2002,26.60000038146973
phl,2003,29.29999923706055
phl,2004,29.70000076293945
phl,2005,29.20000076293945
phl,2006,26.10000038146973
phl,2007,23.20000076293945
phl,2008,21.0
phl,2009,21.20000076293945
phl,2010,17.79999923706055
phl,2011,16.39999961853027
phl,2012,17.79999923706055
phl,2013,19.0
phl,2014,19.60000038146973
phl,2015,19.70000076293945
phl,2016,18.60000038146973
phl,2017,23.60000038146973
phl,2018,25.89999961853027
phl,2019,24.20000076293945
phl,2020,22.5
phl,2021,21.89999961853027
phl,2022,22.39999961853027
phl,2023,23.29999923706055
plw,2000,43.59999847412109
plw,2001,42.59999847412109
plw,2002,41.70000076293945
plw,2003,40.90000152587891
plw,2004,39.90000152587891
plw,2005,38.59999847412109
plw,2006,37.29999923706055
plw,2007,35.79999923706055
plw,2008,34.5
plw,2009,32.5
plw,2010,30.39999961853027
plw,2011,27.79999923706055
plw,2012,24.20000076293945
plw,2013,19.79999923706055
plw,2014,15.5
plw,2015,12.80000019073486
plw,2016,13.0
plw,2017,14.89999961853027
plw,2018,16.70000076293945
plw,2019,16.60000038146973
plw,2020,15.19999980926514
plw,2021,13.5
plw,2022,12.5
plw,2023,11.80000019073486
png,2000,30.60000038146973
png,2001,29.0
png,2002,27.60000038146973
png,2003,26.39999961853027
png,2004,25.5
png,2005,26.0
png,2006,26.89999961853027
png,2007,28.60000038146973
png,2008,31.20000076293945
png,2009,33.09999847412109
png,2010,34.90000152587891
png,2011,36.0
png,2012,37.59999847412109
png,2013,40.20000076293945
png,2014,42.70000076293945
png,2015,44.29999923706055
png,2016,55.0
png,2017,54.40000152587891
png,2018,53.5
png,2019,52.70000076293945
png,2020,53.40000152587891
png,2021,50.20000076293945
png,2022,54.5
png,2023,58.59999847412109
pol,2000,8.399999618530273
pol,2001,8.399999618530273
pol,2002,9.5
pol,2003,9.300000190734863
pol,2004,8.600000381469727
pol,2005,7.5
pol,2006,6.900000095367432
pol,2007,6.5
pol,2008,6.300000190734863
pol,2009,6.199999809265137
pol,2010,5.800000190734863
pol,2011,5.400000095367432
pol,2012,4.900000095367432
pol,2013,4.400000095367432
pol,2014,3.900000095367432
pol,2015,3.5
pol,2016,3.099999904632568
pol,2017,2.900000095367432
pol,2018,2.599999904632568
pol,2019,2.299999952316284
pol,2020,2.0
pol,2021,1.700000047683716
pol,2022,1.399999976158142
pol,2023,1.100000023841858
prt,2000,12.69999980926514
prt,2001,13.0
prt,2002,13.5
prt,2003,14.0
prt,2004,14.19999980926514
prt,2005,13.39999961853027
prt,2006,11.30000019073486
prt,2007,8.5
prt,2008,6.300000190734863
prt,2009,5.199999809265137
prt,2010,4.800000190734863
prt,2011,4.400000095367432
prt,2012,3.799999952316284
prt,2013,2.799999952316284
prt,2014,2.0
prt,2015,1.399999976158142
prt,2016,1.0
prt,2017,0.699999988079071
prt,2018,0.5
prt,2019,0.4000000059604645
prt,2020,0.300000011920929
prt,2021,0.2000000029802322
prt,2022,0.2000000029802322
prt,2023,0.2000000029802322
pry,2000,31.20000076293945
pry,2001,32.29999923706055
pry,2002,33.5
pry,2003,35.09999847412109
pry,2004,36.09999847412109
pry,2005,36.29999923706055
pry,2006,35.20000076293945
pry,2007,33.59999847412109
pry,2008,31.89999961853027
pry,2009,30.5
pry,2010,28.79999923706055
pry,2011,26.5
pry,2012,24.60000038146973
pry,2013,23.29999923706055
pry,2014,22.60000038146973
pry,2015,22.10000038146973
pry,2016,21.5
pry,2017,21.39999961853027
pry,2018,21.0
pry,2019,20.39999961853027
pry,2020,20.0
pry,2021,20.39999961853027
pry,2022,22.29999923706055
pry,2023,25.10000038146973
pse,2000,46.09999847412109
pse,2001,45.09999847412109
pse,2002,43.5
pse,2003,40.5
pse,2004,36.5
pse,2005,32.70000076293945
pse,2006,29.60000038146973
pse,2007,26.39999961853027
pse,2008,23.29999923706055
pse,2009,21.0
pse,2010,18.89999961853027
pse,2011,18.29999923706055
pse,2012,19.70000076293945
pse,2013,21.70000076293945
pse,2014,23.39999961853027
pse,2015,24.79999923706055
pse,2016,25.29999923706055
pse,2017,25.10000038146973
pse,2018,20.10000038146973
pse,2019,19.20000076293945
pse,2020,17.79999923706055
pse,2021,16.39999961853027
pse,2022,15.30000019073486
pse,2023,14.39999961853027
qat,2000,17.70000076293945
qat,2001,17.5
qat,2002,17.60000038146973
qat,2003,18.5
qat,2004,19.29999923706055
qat,2005,18.89999961853027
qat,2006,17.39999961853027
qat,2007,16.39999961853027
qat,2008,16.70000076293945
qat,2009,17.39999961853027
qat,2010,17.20000076293945
qat,2011,15.39999961853027
qat,2012,13.69999980926514
qat,2013,12.0
qat,2014,10.60000038146973
qat,2015,10.39999961853027
qat,2016,11.10000038146973
qat,2017,11.5
qat,2018,11.5
qat,2019,12.10000038146973
qat,2020,13.30000019073486
qat,2021,14.19999980926514
qat,2022,14.69999980926514
qat,2023,14.89999961853027
rou,2000,18.60000038146973
rou,2001,17.79999923706055
rou,2002,17.89999961853027
rou,2003,19.70000076293945
rou,2004,22.89999961853027
rou,2005,26.70000076293945
rou,2006,30.70000076293945
rou,2007,32.59999847412109
rou,2008,30.79999923706055
rou,2009,27.89999961853027
rou,2010,25.29999923706055
rou,2011,21.79999923706055
rou,2012,19.29999923706055
rou,2013,17.89999961853027
rou,2014,17.70000076293945
rou,2015,18.29999923706055
rou,2016,19.39999961853027
rou,2017,19.79999923706055
rou,2018,20.20000076293945
rou,2019,20.89999961853027
rou,2020,21.60000038146973
rou,2021,23.0
rou,2022,24.60000038146973
rou,2023,25.79999923706055
rwa,2000,78.80000305175781
rwa,2001,77.0
rwa,2002,74.69999694824219
rwa,2003,72.5
rwa,2004,69.80000305175781
rwa,2005,67.0
rwa,2006,63.59999847412109
rwa,2007,60.0
rwa,2008,57.0
rwa,2009,55.09999847412109
rwa,2010,54.40000152587891
rwa,2011,55.0
rwa,2012,55.5
rwa,2013,54.90000152587891
rwa,2014,52.90000152587891
rwa,2015,50.40000152587891
rwa,2016,47.5
rwa,2017,45.20000076293945
rwa,2018,44.59999847412109
rwa,2019,45.20000076293945
rwa,2020,45.09999847412109
rwa,2021,43.59999847412109
rwa,2022,41.59999847412109
rwa,2023,39.5
sau,2000,40.5
sau,2001,36.79999923706055
sau,2002,31.60000038146973
sau,2003,25.5
sau,2004,19.29999923706055
sau,2005,13.69999980926514
sau,2006,9.199999809265137
sau,2007,5.900000095367432
sau,2008,3.900000095367432
sau,2009,2.099999904632568
sau,2010,0.4000000059604645
sau,2011,0.0
sau,2012,0.0
sau,2013,0.0
sau,2014,0.0
sau,2015,0.0
sau,2016,0.0
sau,2017,0.0
sau,2018,0.0
sau,2019,0.0
sau,2020,0.0
sau,2021,0.0
sau,2022,0.0
sau,2023,0.0
sdn,2000,84.5999984741211
sdn,2001,84.0
sdn,2002,83.0999984741211
sdn,2003,82.0999984741211
sdn,2004,80.30000305175781
sdn,2005,77.69999694824219
sdn,2006,74.5
sdn,2007,71.4000015258789
sdn,2008,68.30000305175781
sdn,2009,65.5
sdn,2010,63.20000076293945
sdn,2011,61.09999847412109
sdn,2012,59.29999923706055
sdn,2013,57.70000076293945
sdn,2014,57.0
sdn,2015,56.20000076293945
sdn,2016,54.70000076293945
sdn,2017,53.20000076293945
sdn,2018,53.0
sdn,2019,54.59999847412109
sdn,2020,57.09999847412109
sdn,2021,58.09999847412109
sdn,2022,57.20000076293945
sdn,2023,55.09999847412109
sen,2000,81.0999984741211
sen,2001,81.19999694824219
sen,2002,81.4000015258789
sen,2003,81.5999984741211
sen,2004,78.80000305175781
sen,2005,78.4000015258789
sen,2006,77.9000015258789
sen,2007,77.19999694824219
sen,2008,75.9000015258789
sen,2009,73.30000305175781
sen,2010,69.80000305175781
sen,2011,65.5999984741211
sen,2012,61.29999923706055
sen,2013,57.20000076293945
sen,2014,54.20000076293945
sen,2015,52.29999923706055
sen,2016,50.79999923706055
sen,2017,49.90000152587891
sen,2018,49.40000152587891
sen,2019,49.79999923706055
sen,2020,50.09999847412109
sen,2021,49.90000152587891
sen,2022,49.5
sen,2023,48.40000152587891
sgp,2000,0.0
sgp,2001,0.0
sgp,2002,0.0
sgp,2003,0.0
sgp,2004,0.0
sgp,2005,0.0
sgp,2006,0.0
sgp,2007,0.0
sgp,2008,0.0
sgp,2009,0.0
sgp,2010,0.0
sgp,2011,0.0
sgp,2012,0.0
sgp,2013,0.0
sgp,2014,0.0
sgp,2015,0.0
sgp,2016,0.0
sgp,2017,0.0
sgp,2018,0.0
sgp,2019,0.0
sgp,2020,0.0
sgp,2021,0.0
sgp,2022,0.0
sgp,2023,0.0
slb,2000,38.59999847412109
slb,2001,38.79999923706055
slb,2002,38.5
slb,2003,38.09999847412109
slb,2004,38.20000076293945
slb,2005,37.90000152587891
slb,2006,37.79999923706055
slb,2007,37.5
slb,2008,37.29999923706055
slb,2009,36.90000152587891
slb,2010,35.90000152587891
slb,2011,34.70000076293945
slb,2012,33.59999847412109
slb,2013,32.59999847412109
slb,2014,31.60000038146973
slb,2015,30.70000076293945
slb,2016,30.10000038146973
slb,2017,29.89999961853027
slb,2018,30.5
slb,2019,31.70000076293945
slb,2020,32.90000152587891
slb,2021,33.79999923706055
slb,2022,34.79999923706055
slb,2023,36.5
sle,2000,65.9000015258789
sle,2001,64.9000015258789
sle,2002,64.0
sle,2003,63.90000152587891
sle,2004,64.19999694824219
sle,2005,64.5
sle,2006,64.5
sle,2007,63.20000076293945
sle,2008,61.0
sle,2009,59.20000076293945
sle,2010,58.09999847412109
sle,2011,57.09999847412109
sle,2012,56.29999923706055
sle,2013,60.40000152587891
sle,2014,60.70000076293945
sle,2015,60.70000076293945
sle,2016,59.20000076293945
sle,2017,57.0
sle,2018,54.09999847412109
sle,2019,50.79999923706055
sle,2020,48.20000076293945
sle,2021,45.40000152587891
sle,2022,43.0
sle,2023,40.79999923706055
slv,2000,33.20000076293945
slv,2001,33.20000076293945
slv,2002,33.59999847412109
slv,2003,34.09999847412109
slv,2004,34.40000152587891
slv,2005,34.79999923706055
slv,2006,35.40000152587891
slv,2007,36.5
slv,2008,37.29999923706055
slv,2009,37.40000152587891
slv,2010,36.5
slv,2011,35.0
slv,2012,33.29999923706055
slv,2013,32.29999923706055
slv,2014,32.40000152587891
slv,2015,32.79999923706055
slv,2016,33.59999847412109
slv,2017,35.20000076293945
slv,2018,37.90000152587891
slv,2019,40.79999923706055
slv,2020,41.5
slv,2021,40.70000076293945
slv,2022,40.40000152587891
slv,2023,41.20000076293945
srb,2011,10.39999961853027
srb,2012,9.600000381469728
srb,2013,8.699999809265137
srb,2014,7.800000190734863
srb,2015,7.5
srb,2016,8.399999618530273
srb,2017,9.899999618530272
srb,2018,11.60000038146973
srb,2019,12.19999980926514
srb,2020,12.0
srb,2021,11.39999961853027
srb,2022,10.60000038146973
srb,2023,10.0
ssd,2000,70.5999984741211
ssd,2001,69.4000015258789
ssd,2002,68.5
ssd,2003,67.5999984741211
ssd,2004,66.9000015258789
ssd,2005,66.5999984741211
ssd,2006,66.30000305175781
ssd,2007,65.69999694824219
ssd,2008,65.0999984741211
ssd,2009,64.5
ssd,2010,64.19999694824219
ssd,2011,64.19999694824219
ssd,2012,64.69999694824219
ssd,2013,65.19999694824219
ssd,2014,65.0
ssd,2015,65.4000015258789
ssd,2016,66.5
ssd,2017,67.5999984741211
ssd,2018,68.19999694824219
ssd,2019,68.0999984741211
ssd,2020,66.9000015258789
ssd,2021,65.5999984741211
ssd,2022,65.0
ssd,2023,64.9000015258789
stp,2000,59.29999923706055
stp,2001,58.79999923706055
stp,2002,59.09999847412109
stp,2003,60.5
stp,2004,61.59999847412109
stp,2005,60.09999847412109
stp,2006,47.20000076293945
stp,2007,40.79999923706055
stp,2008,37.29999923706055
stp,2009,35.70000076293945
stp,2010,33.0
stp,2011,36.0
stp,2012,31.5
stp,2013,27.39999961853027
stp,2014,24.89999961853027
stp,2015,24.29999923706055
stp,2016,24.60000038146973
stp,2017,24.29999923706055
stp,2018,22.70000076293945
stp,2019,19.89999961853027
stp,2020,16.79999923706055
stp,2021,14.10000038146973
stp,2022,11.89999961853027
stp,2023,10.0
sur,2000,46.59999847412109
sur,2001,46.29999923706055
sur,2002,45.59999847412109
sur,2003,45.40000152587891
sur,2004,45.29999923706055
sur,2005,48.0
sur,2006,47.40000152587891
sur,2007,46.09999847412109
sur,2008,44.0
sur,2009,42.09999847412109
sur,2010,42.09999847412109
sur,2011,44.40000152587891
sur,2012,47.09999847412109
sur,2013,47.79999923706055
sur,2014,46.29999923706055
sur,2015,44.90000152587891
sur,2016,45.5
sur,2017,47.79999923706055
sur,2018,49.29999923706055
sur,2019,49.29999923706055
sur,2020,49.70000076293945
sur,2021,52.09999847412109
sur,2022,55.70000076293945
sur,2023,58.29999923706055
svk,2000,15.30000019073486
svk,2001,14.10000038146973
svk,2002,12.60000038146973
svk,2003,10.69999980926514
svk,2004,8.899999618530273
svk,2005,8.0
svk,2006,7.699999809265137
svk,2007,7.5
svk,2008,7.599999904632568
svk,2009,7.699999809265137
svk,2010,8.0
svk,2011,8.300000190734863
svk,2012,8.600000381469727
svk,2013,8.800000190734863
svk,2014,9.100000381469728
svk,2015,9.399999618530272
svk,2016,9.5
svk,2017,9.699999809265137
svk,2018,9.800000190734863
svk,2019,9.699999809265137
svk,2020,9.600000381469728
svk,2021,9.300000190734863
svk,2022,9.0
svk,2023,8.5
svn,2000,5.800000190734863
svn,2001,5.900000095367432
svn,2002,5.699999809265137
svn,2003,5.5
svn,2004,5.400000095367432
svn,2005,5.300000190734863
svn,2006,5.199999809265137
svn,2007,5.099999904632568
svn,2008,5.099999904632568
svn,2009,5.0
svn,2010,4.800000190734863
svn,2011,4.5
svn,2012,4.099999904632568
svn,2013,3.700000047683716
svn,2014,3.200000047683716
svn,2015,2.799999952316284
svn,2016,2.400000095367432
svn,2017,2.200000047683716
svn,2018,2.0
svn,2019,1.799999952316284
svn,2020,1.600000023841858
svn,2021,1.5
svn,2022,1.299999952316284
svn,2023,1.200000047683716
swe,2000,2.5
swe,2001,2.5
swe,2002,2.5
swe,2003,2.599999904632568
swe,2004,2.700000047683716
swe,2005,3.0
swe,2006,3.099999904632568
swe,2007,3.099999904632568
swe,2008,3.0
swe,2009,2.900000095367432
swe,2010,2.799999952316284
swe,2011,2.700000047683716
swe,2012,2.599999904632568
swe,2013,2.599999904632568
swe,2014,2.5
swe,2015,2.299999952316284
swe,2016,2.099999904632568
swe,2017,1.899999976158142
swe,2018,1.899999976158142
swe,2019,1.799999952316284
swe,2020,1.799999952316284
swe,2021,1.799999952316284
swe,2022,1.700000047683716
swe,2023,1.600000023841858
swz,2000,54.09999847412109
swz,2001,52.5
swz,2002,51.20000076293945
swz,2003,49.70000076293945
swz,2004,47.79999923706055
swz,2005,44.59999847412109
swz,2006,40.79999923706055
swz,2007,39.09999847412109
swz,2008,38.29999923706055
swz,2009,35.40000152587891
swz,2010,30.89999961853027
swz,2011,27.70000076293945
swz,2012,27.10000038146973
swz,2013,27.10000038146973
swz,2014,24.70000076293945
swz,2015,21.39999961853027
swz,2016,20.60000038146973
swz,2017,21.0
swz,2018,20.60000038146973
swz,2019,21.0
swz,2020,21.70000076293945
swz,2021,22.5
swz,2022,23.10000038146973
swz,2023,23.10000038146973
sxm,2000,0.0
sxm,2001,0.0
sxm,2002,0.0
sxm,2003,0.0
sxm,2004,0.0
sxm,2005,0.0
sxm,2006,0.0
sxm,2007,0.0
sxm,2008,0.0
sxm,2009,0.0
sxm,2010,0.0
sxm,2011,0.0
sxm,2012,0.0
sxm,2013,0.0
sxm,2014,0.0
sxm,2015,0.0
sxm,2016,0.0
sxm,2017,0.0
sxm,2018,0.0
sxm,2019,0.0
sxm,2020,0.0
sxm,2021,0.0
sxm,2022,0.0
sxm,2023,0.0
syc,2000,50.20000076293945
syc,2001,47.0
syc,2002,44.09999847412109
syc,2003,40.79999923706055
syc,2004,36.59999847412109
syc,2005,31.60000038146973
syc,2006,27.20000076293945
syc,2007,25.89999961853027
syc,2008,28.5
syc,2009,31.60000038146973
syc,2010,32.0
syc,2011,29.79999923706055
syc,2012,26.5
syc,2013,22.39999961853027
syc,2014,17.5
syc,2015,12.0
syc,2016,7.900000095367432
syc,2017,5.900000095367432
syc,2018,5.199999809265137
syc,2019,5.099999904632568
syc,2020,5.400000095367432
syc,2021,6.099999904632568
syc,2022,7.099999904632568
syc,2023,8.100000381469727
syr,2000,68.0
syr,2001,68.4000015258789
syr,2002,68.69999694824219
syr,2003,68.5
syr,2004,68.0999984741211
syr,2005,67.30000305175781
syr,2006,66.5
syr,2007,65.5
syr,2008,64.5
syr,2009,63.20000076293945
syr,2010,61.59999847412109
syr,2011,59.79999923706055
syr,2012,58.5
syr,2013,58.5
syr,2014,59.70000076293945
syr,2015,62.0
syr,2016,64.4000015258789
syr,2017,66.9000015258789
syr,2018,68.80000305175781
syr,2019,70.5
syr,2020,72.0999984741211
syr,2021,72.69999694824219
syr,2022,72.19999694824219
syr,2023,71.5999984741211
tcd,2000,86.4000015258789
tcd,2001,86.4000015258789
tcd,2002,86.5999984741211
tcd,2003,86.80000305175781
tcd,2004,86.5999984741211
tcd,2005,86.19999694824219
tcd,2006,85.4000015258789
tcd,2007,84.19999694824219
tcd,2008,82.69999694824219
tcd,2009,81.19999694824219
tcd,2010,79.5999984741211
tcd,2011,78.30000305175781
tcd,2012,77.30000305175781
tcd,2013,77.4000015258789
tcd,2014,78.0
tcd,2015,77.5
tcd,2016,76.9000015258789
tcd,2017,76.5999984741211
tcd,2018,77.5999984741211
tcd,2019,78.30000305175781
tcd,2020,79.0
tcd,2021,79.0
tcd,2022,78.80000305175781
tcd,2023,78.5999984741211
tgo,2000,70.9000015258789
tgo,2001,71.69999694824219
tgo,2002,73.5
tgo,2003,75.19999694824219
tgo,2004,75.80000305175781
tgo,2005,75.30000305175781
tgo,2006,74.0
tgo,2007,72.0999984741211
tgo,2008,70.0
tgo,2009,67.9000015258789
tgo,2010,66.19999694824219
tgo,2011,65.30000305175781
tgo,2012,64.30000305175781
tgo,2013,63.20000076293945
tgo,2014,62.09999847412109
tgo,2015,61.29999923706055
tgo,2016,61.09999847412109
tgo,2017,60.90000152587891
tgo,2018,60.59999847412109
tgo,2019,60.0
tgo,2020,59.40000152587891
tgo,2021,58.79999923706055
tgo,2022,57.90000152587891
tgo,2023,57.5
tha,2000,40.79999923706055
tha,2001,40.40000152587891
tha,2002,38.90000152587891
tha,2003,37.0
tha,2004,36.90000152587891
tha,2005,38.59999847412109
tha,2006,40.5
tha,2007,39.70000076293945
tha,2008,35.5
tha,2009,29.89999961853027
tha,2010,25.29999923706055
tha,2011,24.10000038146973
tha,2012,23.5
tha,2013,20.89999961853027
tha,2014,16.70000076293945
tha,2015,12.80000019073486
tha,2016,10.39999961853027
tha,2017,9.199999809265137
tha,2018,9.199999809265137
tha,2019,9.600000381469728
tha,2020,9.100000381469728
tha,2021,8.0
tha,2022,6.699999809265137
tha,2023,5.599999904632568
tjk,2000,46.90000152587891
tjk,2001,48.70000076293945
tjk,2002,52.29999923706055
tjk,2003,56.09999847412109
tjk,2004,58.40000152587891
tjk,2005,58.29999923706055
tjk,2006,56.79999923706055
tjk,2007,54.5
tjk,2008,51.90000152587891
tjk,2009,51.40000152587891
tjk,2010,51.20000076293945
tjk,2011,47.09999847412109
tjk,2012,41.59999847412109
tjk,2013,40.29999923706055
tjk,2014,40.40000152587891
tjk,2015,36.5
tjk,2016,29.39999961853027
tjk,2017,23.70000076293945
tjk,2018,22.5
tjk,2019,24.39999961853027
tjk,2020,27.70000076293945
tjk,2021,31.79999923706055
tjk,2022,32.5
tjk,2023,29.39999961853027
tkl,2000,31.5
tkl,2001,32.0
tkl,2002,30.0
tkl,2003,31.29999923706055
tkl,2004,32.0
tkl,2005,31.29999923706055
tkl,2006,31.5
tkl,2007,30.60000038146973
tkl,2008,31.60000038146973
tkl,2009,32.70000076293945
tkl,2010,33.5
tkl,2011,34.0
tkl,2012,33.59999847412109
tkl,2013,34.29999923706055
tkl,2014,35.20000076293945
tkl,2015,35.40000152587891
tkl,2016,36.40000152587891
tkl,2017,38.90000152587891
tkl,2018,43.79999923706055
tkl,2019,48.09999847412109
tkl,2020,51.0
tkl,2021,50.40000152587891
tkl,2022,49.09999847412109
tkl,2023,52.09999847412109
tls,2000,49.29999923706055
tls,2001,48.20000076293945
tls,2002,46.90000152587891
tls,2003,45.40000152587891
tls,2004,44.20000076293945
tls,2005,43.0
tls,2006,41.40000152587891
tls,2007,40.09999847412109
tls,2008,38.09999847412109
tls,2009,36.0
tls,2010,34.0
tls,2011,32.90000152587891
tls,2012,31.60000038146973
tls,2013,30.29999923706055
tls,2014,28.5
tls,2015,26.20000076293945
tls,2016,24.10000038146973
tls,2017,22.10000038146973
tls,2018,20.89999961853027
tls,2019,19.29999923706055
tls,2020,18.70000076293945
tls,2021,18.79999923706055
tls,2022,18.39999961853027
tls,2023,16.60000038146973
ton,2000,12.39999961853027
ton,2001,12.19999980926514
ton,2002,12.19999980926514
ton,2003,12.39999961853027
ton,2004,12.89999961853027
ton,2005,14.30000019073486
ton,2006,16.0
ton,2007,16.89999961853027
ton,2008,16.0
ton,2009,13.80000019073486
ton,2010,11.60000038146973
ton,2011,10.30000019073486
ton,2012,28.10000038146973
ton,2013,26.60000038146973
ton,2014,25.5
ton,2015,23.79999923706055
ton,2016,22.10000038146973
ton,2017,20.60000038146973
ton,2018,18.39999961853027
ton,2019,15.10000038146973
ton,2020,12.30000019073486
ton,2021,11.60000038146973
ton,2022,11.39999961853027
ton,2023,12.19999980926514
tto,2000,29.29999923706055
tto,2001,29.39999961853027
tto,2002,28.5
tto,2003,26.89999961853027
tto,2004,25.79999923706055
tto,2005,24.89999961853027
tto,2006,23.0
tto,2007,20.70000076293945
tto,2008,20.5
tto,2009,21.89999961853027
tto,2010,22.89999961853027
tto,2011,22.5
tto,2012,23.0
tto,2013,24.39999961853027
tto,2014,24.70000076293945
tto,2015,24.10000038146973
tto,2016,23.39999961853027
tto,2017,22.5
tto,2018,22.60000038146973
tto,2019,24.70000076293945
tto,2020,28.0
tto,2021,30.70000076293945
tto,2022,31.0
tto,2023,30.39999961853027
tun,2000,35.79999923706055
tun,2001,35.20000076293945
tun,2002,34.29999923706055
tun,2003,33.29999923706055
tun,2004,32.40000152587891
tun,2005,32.09999847412109
tun,2006,32.0
tun,2007,31.70000076293945
tun,2008,30.89999961853027
tun,2009,29.39999961853027
tun,2010,28.20000076293945
tun,2011,27.70000076293945
tun,2012,27.79999923706055
tun,2013,28.10000038146973
tun,2014,28.0
tun,2015,27.29999923706055
tun,2016,25.89999961853027
tun,2017,24.10000038146973
tun,2018,22.10000038146973
tun,2019,19.60000038146973
tun,2020,17.29999923706055
tun,2021,15.30000019073486
tun,2022,13.69999980926514
tun,2023,12.69999980926514
tur,2000,36.5
tur,2001,35.5
tur,2002,34.0
tur,2003,32.20000076293945
tur,2004,30.60000038146973
tur,2005,29.60000038146973
tur,2006,29.70000076293945
tur,2007,30.5
tur,2008,30.29999923706055
tur,2009,32.0
tur,2010,29.0
tur,2011,25.20000076293945
tur,2012,21.29999923706055
tur,2013,18.0
tur,2014,15.19999980926514
tur,2015,12.5
tur,2016,10.39999961853027
tur,2017,9.0
tur,2018,7.900000095367432
tur,2019,6.599999904632568
tur,2020,5.400000095367432
tur,2021,4.199999809265137
tur,2022,3.400000095367432
tur,2023,2.799999952316284
tza,2000,93.0
tza,2001,92.59999847412108
tza,2002,92.1999969482422
tza,2003,91.40000152587892
tza,2004,90.40000152587892
tza,2005,89.4000015258789
tza,2006,88.5
tza,2007,87.9000015258789
tza,2008,87.5
tza,2009,86.80000305175781
tza,2010,85.80000305175781
tza,2011,84.80000305175781
tza,2012,83.5
tza,2013,81.9000015258789
tza,2014,81.5
tza,2015,82.30000305175781
tza,2016,83.0999984741211
tza,2017,84.30000305175781
tza,2018,85.4000015258789
tza,2019,85.4000015258789
tza,2020,85.19999694824219
tza,2021,85.30000305175781
tza,2022,85.0999984741211
tza,2023,83.0999984741211
uga,2000,74.80000305175781
uga,2001,72.0
uga,2002,70.69999694824219
uga,2003,71.5999984741211
uga,2004,74.0999984741211
uga,2005,75.5
uga,2006,75.19999694824219
uga,2007,74.0
uga,2008,72.4000015258789
uga,2009,71.0
uga,2010,69.5999984741211
uga,2011,68.30000305175781
uga,2012,66.5999984741211
uga,2013,64.4000015258789
uga,2014,64.0999984741211
uga,2015,67.4000015258789
uga,2016,71.5999984741211
uga,2017,73.5
uga,2018,72.80000305175781
uga,2019,71.80000305175781
uga,2020,72.5
uga,2021,74.19999694824219
uga,2022,75.0999984741211
uga,2023,75.0999984741211
ukr,2000,12.0
ukr,2001,9.899999618530272
ukr,2002,6.800000190734863
ukr,2003,4.400000095367432
ukr,2004,3.5
ukr,2005,3.099999904632568
ukr,2006,2.799999952316284
ukr,2007,2.400000095367432
ukr,2008,1.799999952316284
ukr,2009,1.700000047683716
ukr,2010,2.0
ukr,2011,2.099999904632568
ukr,2012,2.099999904632568
ukr,2013,2.0
ukr,2014,2.0
ukr,2015,2.099999904632568
ukr,2016,1.899999976158142
ukr,2017,1.5
ukr,2018,1.299999952316284
ukr,2019,1.200000047683716
ukr,2020,1.200000047683716
ukr,2021,1.100000023841858
ukr,2022,1.100000023841858
ukr,2023,1.0
ury,2000,11.80000019073486
ury,2001,12.60000038146973
ury,2002,14.0
ury,2003,15.89999961853027
ury,2004,17.5
ury,2005,18.89999961853027
ury,2006,20.29999923706055
ury,2007,21.10000038146973
ury,2008,21.29999923706055
ury,2009,20.39999961853027
ury,2010,20.0
ury,2011,20.29999923706055
ury,2012,20.29999923706055
ury,2013,19.60000038146973
ury,2014,18.39999961853027
ury,2015,16.79999923706055
ury,2016,15.0
ury,2017,13.19999980926514
ury,2018,11.60000038146973
ury,2019,10.10000038146973
ury,2020,8.800000190734863
ury,2021,7.900000095367432
ury,2022,7.0
ury,2023,6.199999809265137
usa,2000,5.300000190734863
usa,2001,5.900000095367432
usa,2002,6.699999809265137
usa,2003,6.900000095367432
usa,2004,6.199999809265137
usa,2005,5.300000190734863
usa,2006,5.400000095367432
usa,2007,5.800000190734863
usa,2008,6.099999904632568
usa,2009,5.699999809265137
usa,2010,5.300000190734863
usa,2011,5.199999809265137
usa,2012,5.300000190734863
usa,2013,5.0
usa,2014,4.699999809265137
usa,2015,4.400000095367432
usa,2016,4.599999904632568
usa,2017,4.699999809265137
usa,2018,4.599999904632568
usa,2019,4.099999904632568
usa,2020,3.799999952316284
usa,2021,3.700000047683716
usa,2022,3.900000095367432
usa,2023,4.099999904632568
uzb,2000,24.39999961853027
uzb,2001,23.20000076293945
uzb,2002,22.5
uzb,2003,22.0
uzb,2004,22.20000076293945
uzb,2005,30.5
uzb,2006,30.70000076293945
uzb,2007,30.29999923706055
uzb,2008,28.79999923706055
uzb,2009,26.70000076293945
uzb,2010,23.89999961853027
uzb,2011,20.60000038146973
uzb,2012,17.39999961853027
uzb,2013,15.60000038146973
uzb,2014,15.39999961853027
uzb,2015,15.60000038146973
uzb,2016,16.29999923706055
uzb,2017,17.89999961853027
uzb,2018,22.20000076293945
uzb,2019,28.0
uzb,2020,31.70000076293945
uzb,2021,30.39999961853027
uzb,2022,25.10000038146973
uzb,2023,20.20000076293945
vct,2000,29.79999923706055
vct,2001,29.5
vct,2002,28.79999923706055
vct,2003,27.79999923706055
vct,2004,25.89999961853027
vct,2005,23.20000076293945
vct,2006,19.0
vct,2007,14.39999961853027
vct,2008,11.19999980926514
vct,2009,10.10000038146973
vct,2010,10.5
vct,2011,11.60000038146973
vct,2012,13.10000038146973
vct,2013,14.89999961853027
vct,2014,15.69999980926514
vct,2015,15.89999961853027
vct,2016,16.79999923706055
vct,2017,18.60000038146973
vct,2018,20.0
vct,2019,21.0
vct,2020,21.20000076293945
vct,2021,20.29999923706055
vct,2022,18.79999923706055
vct,2023,17.10000038146973
ven,2000,34.20000076293945
ven,2001,34.79999923706055
ven,2002,35.79999923706055
ven,2003,36.0
ven,2004,34.90000152587891
ven,2005,34.29999923706055
ven,2006,33.29999923706055
ven,2007,30.70000076293945
ven,2008,27.60000038146973
ven,2009,24.70000076293945
ven,2010,23.0
ven,2011,22.0
ven,2012,21.29999923706055
ven,2013,21.89999961853027
ven,2014,23.39999961853027
ven,2015,24.29999923706055
ven,2016,24.39999961853027
ven,2017,24.70000076293945
ven,2018,24.39999961853027
ven,2019,22.70000076293945
ven,2020,21.0
ven,2021,19.89999961853027
ven,2022,18.29999923706055
ven,2023,15.60000038146973
vgb,2000,46.70000076293945
vgb,2001,45.79999923706055
vgb,2002,44.79999923706055
vgb,2003,43.70000076293945
vgb,2004,42.20000076293945
vgb,2005,38.5
vgb,2006,30.79999923706055
vgb,2007,21.70000076293945
vgb,2008,16.20000076293945
vgb,2009,13.60000038146973
vgb,2010,12.60000038146973
vgb,2011,12.30000019073486
vgb,2012,12.5
vgb,2013,13.80000019073486
vgb,2014,15.19999980926514
vgb,2015,15.10000038146973
vgb,2016,13.19999980926514
vgb,2017,11.10000038146973
vgb,2018,12.0
vgb,2019,17.0
vgb,2020,24.20000076293945
vgb,2021,32.0
vgb,2022,36.90000152587891
vgb,2023,39.70000076293945
vnm,2000,66.80000305175781
vnm,2001,63.90000152587891
vnm,2002,59.79999923706055
vnm,2003,54.40000152587891
vnm,2004,48.40000152587891
vnm,2005,42.90000152587891
vnm,2006,39.20000076293945
vnm,2007,37.70000076293945
vnm,2008,37.59999847412109
vnm,2009,37.90000152587891
vnm,2010,37.5
vnm,2011,36.90000152587891
vnm,2012,35.79999923706055
vnm,2013,34.90000152587891
vnm,2014,33.79999923706055
vnm,2015,32.5
vnm,2016,30.5
vnm,2017,28.5
vnm,2018,26.79999923706055
vnm,2019,26.20000076293945
vnm,2020,25.5
vnm,2021,24.29999923706055
vnm,2022,23.0
vnm,2023,21.39999961853027
vut,2000,81.4000015258789
vut,2001,80.69999694824219
vut,2002,79.9000015258789
vut,2003,79.0
vut,2004,78.0999984741211
vut,2005,76.9000015258789
vut,2006,75.5999984741211
vut,2007,73.69999694824219
vut,2008,71.0
vut,2009,66.5
vut,2010,60.79999923706055
vut,2011,55.20000076293945
vut,2012,50.79999923706055
vut,2013,47.59999847412109
vut,2014,44.70000076293945
vut,2015,41.40000152587891
vut,2016,38.90000152587891
vut,2017,38.0
vut,2018,38.79999923706055
vut,2019,40.0
vut,2020,40.29999923706055
vut,2021,39.29999923706055
vut,2022,37.79999923706055
vut,2023,36.20000076293945
wsm,2000,18.20000076293945
wsm,2001,17.70000076293945
wsm,2002,17.79999923706055
wsm,2003,17.5
wsm,2004,17.20000076293945
wsm,2005,16.79999923706055
wsm,2006,16.20000076293945
wsm,2007,16.0
wsm,2008,15.60000038146973
wsm,2009,15.19999980926514
wsm,2010,14.80000019073486
wsm,2011,14.30000019073486
wsm,2012,13.80000019073486
wsm,2013,13.19999980926514
wsm,2014,12.60000038146973
wsm,2015,12.0
wsm,2016,11.30000019073486
wsm,2017,10.80000019073486
wsm,2018,10.30000019073486
wsm,2019,9.399999618530272
wsm,2020,8.899999618530273
wsm,2021,8.5
wsm,2022,8.199999809265137
wsm,2023,8.100000381469727
yem,2000,75.9000015258789
yem,2001,75.4000015258789
yem,2002,75.19999694824219
yem,2003,75.19999694824219
yem,2004,74.80000305175781
yem,2005,74.5
yem,2006,74.19999694824219
yem,2007,74.19999694824219
yem,2008,74.0
yem,2009,73.5999984741211
yem,2010,72.80000305175781
yem,2011,71.5999984741211
yem,2012,70.30000305175781
yem,2013,69.30000305175781
yem,2014,69.5
yem,2015,69.9000015258789
yem,2016,69.80000305175781
yem,2017,68.9000015258789
yem,2018,67.19999694824219
yem,2019,66.4000015258789
yem,2020,66.19999694824219
yem,2021,66.0999984741211
yem,2022,65.69999694824219
yem,2023,65.19999694824219
zaf,2000,34.20000076293945
zaf,2001,34.40000152587891
zaf,2002,34.79999923706055
zaf,2003,34.59999847412109
zaf,2004,34.20000076293945
zaf,2005,34.20000076293945
zaf,2006,34.20000076293945
zaf,2007,33.59999847412109
zaf,2008,31.79999923706055
zaf,2009,30.20000076293945
zaf,2010,29.5
zaf,2011,29.60000038146973
zaf,2012,29.60000038146973
zaf,2013,29.29999923706055
zaf,2014,29.79999923706055
zaf,2015,30.0
zaf,2016,29.20000076293945
zaf,2017,26.20000076293945
zaf,2018,24.0
zaf,2019,22.70000076293945
zaf,2020,21.29999923706055
zaf,2021,19.5
zaf,2022,17.89999961853027
zaf,2023,16.70000076293945
zmb,2000,62.0
zmb,2001,62.29999923706055
zmb,2002,62.5
zmb,2003,62.5
zmb,2004,62.79999923706055
zmb,2005,61.90000152587891
zmb,2006,59.0
zmb,2007,54.70000076293945
zmb,2008,50.5
zmb,2009,47.20000076293945
zmb,2010,44.90000152587891
zmb,2011,42.90000152587891
zmb,2012,41.0
zmb,2013,40.09999847412109
zmb,2014,40.79999923706055
zmb,2015,43.70000076293945
zmb,2016,47.5
zmb,2017,51.09999847412109
zmb,2018,53.90000152587891
zmb,2019,55.70000076293945
zmb,2020,57.0
zmb,2021,57.59999847412109
zmb,2022,58.0
zmb,2023,57.5
zwe,2000,68.69999694824219
zwe,2001,67.9000015258789
zwe,2002,67.0999984741211
zwe,2003,66.5
zwe,2004,65.0
zwe,2005,62.5
zwe,2006,60.09999847412109
zwe,2007,58.59999847412109
zwe,2008,57.20000076293945
zwe,2009,55.70000076293945
zwe,2010,54.40000152587891
zwe,2011,53.20000076293945
zwe,2012,52.5
zwe,2013,51.79999923706055
zwe,2014,50.79999923706055
zwe,2015,65.80000305175781
zwe,2016,64.0999984741211
zwe,2017,63.09999847412109
zwe,2018,64.9000015258789
zwe,2019,67.0999984741211
zwe,2020,65.5
zwe,2021,49.0
zwe,2022,47.40000152587891
zwe,2023,44.90000152587891
