country,year,ictskillverifrel_ag75orover_m
bgd,2021,0.5288400053977966
cze,2021,3.421030044555664
fra,2021,6.572010040283203
mex,2017,7.037000179290771
mex,2018,7.840569972991943
nor,2021,17.0
