country,year,rofst_h_3_abl_gpia
ben,2013,1.309849977493286
ben,2019,1.209190011024475
civ,2019,1.164229989051819
khm,2020,0.9048399925231934
mdv,2017,0.930329978466034
mli,2018,1.159719944000244
ner,2019,1.089900016784668
nga,2018,1.124699950218201
pak,2018,1.320950031280518
pri,2010,1.789219975471497
tgo,2010,1.4271399974823
tls,2016,0.85944002866745
tza,2022,1.117670059204102
zaf,2016,1.256029963493347
zaf,2020,1.237579941749573
zaf,2021,1.152819991111755
