country,year,gar_5t8_urb_q3_f
arm,2018,3.36
bfa,2019,0.0
bol,2019,7.720000000000001
bra,2008,11.0
bra,2009,11.87
bra,2011,13.87
bra,2012,15.85
bra,2013,18.59
bra,2014,19.61
chl,2011,49.19
chl,2013,46.01
chl,2015,43.03
chn,2010,16.6
chn,2012,37.25
chn,2016,48.4
civ,2019,1.869040012359619
moz,2015,0.0
nam,2015,6.27
pry,2019,1.61
yem,2013,13.38
