country,year,math_g3_npia
aus,1995,0.9891605377197266
aus,2003,1.152200102806091
aus,2007,1.279245853424072
aus,2015,0.9785375595092772
aus,2019,0.9269150750541474
dnk,2007,1.260963559150696
dnk,2015,1.082198143005371
dnk,2019,0.7559275671384661
irl,1995,1.108511328697205
irl,2015,1.031030654907227
irl,2019,0.9429392723357974
isl,1995,0.9506358504295348
nor,1995,1.424005627632141
nor,2003,1.434696078300476
nor,2007,1.341829895973206
nor,2019,0.8955568099113466
zaf,2019,0.598218408813012
