country,year,ictskillverifrel_agunder15y_gpia
bgd,2021,0.8736220598220825
irn,2021,0.5458024740219116
mex,2017,1.009401798248291
mex,2018,0.9898691177368164
