country,year,rofst_1_f_cp
abw,1999,2.513550043106079
abw,2000,4.360119819641113
afg,1974,91.33518981933594
afg,1993,84.37297058105469
ago,1982,49.2989387512207
ago,1983,53.334228515625
ago,1998,54.8220100402832
ago,2008,17.11693000793457
ago,2009,18.27515029907227
ago,2010,19.11986923217773
ago,2011,22.7094898223877
aia,2002,2.496530055999756
aia,2005,1.788169980049133
alb,2003,2.631069898605347
alb,2004,4.015910148620605
alb,2008,6.42156982421875
alb,2009,5.740729808807373
alb,2010,6.120170116424561
alb,2011,4.690670013427734
alb,2012,3.37962007522583
alb,2013,3.41414999961853
alb,2020,6.103429794311523
alb,2021,8.927599906921387
alb,2022,11.08327007293701
alb,2023,13.82843017578125
and,2014,9.556159973144531
and,2015,8.940549850463867
and,2016,6.445839881896973
and,2017,6.039390087127686
and,2018,6.778210163116455
and,2019,7.935840129852295
and,2020,8.57625961303711
and,2021,7.951069831848145
and,2022,7.658060073852539
are,1978,14.83347034454346
are,1980,17.35794067382813
are,1981,20.20063018798828
are,1982,13.90262985229492
are,1983,19.47934913635254
are,1984,20.2930908203125
are,1985,21.71919059753418
are,1986,22.07029914855957
are,1987,12.39099979400635
are,1988,10.57481956481934
are,1989,6.831039905548096
are,1990,3.131730079650879
are,1991,2.218919992446899
are,1992,5.44504976272583
are,1993,6.672689914703369
are,1994,7.226870059967041
are,1995,5.804090023040771
are,1996,7.850120067596436
are,1997,8.420960426330566
are,1998,1.615300059318542
are,2005,4.413650035858154
are,2006,8.043049812316895
are,2018,1.480540037155151
are,2019,0.1922000050544739
are,2021,0.3582200109958649
are,2022,1.296499967575073
are,2023,0.1194600015878677
arg,1970,4.634600162506104
arg,1974,2.763010025024414
arg,1975,3.137099981307983
arg,1991,3.473850011825562
arm,2002,10.66668033599854
arm,2003,9.889690399169922
arm,2005,8.455069541931152
arm,2006,6.126749992370605
arm,2011,6.865540027618408
arm,2012,7.122270107269287
arm,2013,7.647349834442139
arm,2014,9.93004035949707
arm,2015,8.412960052490234
arm,2016,9.001779556274414
arm,2017,8.764220237731934
arm,2018,8.58213996887207
arm,2019,9.259099960327148
arm,2020,9.779840469360352
arm,2021,8.63440990447998
arm,2022,7.113230228424072
arm,2023,5.093599796295166
atg,2013,0.3604415408875873
atg,2014,1.344688480502017
aus,1971,2.627370119094849
aus,1973,3.735630035400391
aus,1974,3.752710103988647
aus,1975,1.427839994430542
aus,1976,1.023920059204102
aus,1979,0.8335400223731995
aus,1980,1.454020023345947
aus,1981,1.791300058364868
aus,1982,2.229729890823364
aus,1983,2.71710991859436
aus,1984,3.72199010848999
aus,1985,3.544320106506348
aus,1986,3.131340026855469
aus,1987,2.832789897918701
aus,1988,2.380880117416382
aus,1989,2.163680076599121
aus,1990,2.054219961166382
aus,1991,2.307600021362305
aus,1992,2.553499937057495
aus,1993,3.020760059356689
aus,1994,3.167279958724976
aus,1995,4.866270065307617
aus,1996,4.67786979675293
aus,1997,4.996429920196533
aus,1998,4.564620018005371
aus,1999,4.681180000305176
aus,2000,4.4268798828125
aus,2001,0.0968799963593483
aus,2003,1.029510021209717
aus,2004,0.7665299773216248
aus,2005,0.2443699985742569
aus,2006,0.2025000005960464
aus,2011,2.351459980010986
aus,2012,1.909270048141479
aus,2018,0.1107600033283234
aus,2019,0.1083699986338615
aus,2020,0.4596199989318848
aus,2021,0.2374600023031235
aus,2022,0.1889099925756454
aus,2023,0.1004500016570091
aut,1989,11.20621967315674
aut,1999,1.409770011901855
aut,2000,2.102030038833618
aut,2001,1.800169944763184
aut,2002,1.931470036506653
aut,2003,1.992470026016235
aut,2004,1.294589996337891
aut,2005,1.39874005317688
aut,2006,2.212480068206787
aut,2007,1.818160057067871
aut,2008,1.529919981956482
aut,2009,1.3853600025177
aut,2010,1.395670056343079
aut,2011,1.994079947471619
aut,2012,2.070909976959229
aut,2013,1.690080046653748
aut,2014,1.479339957237244
aut,2015,1.395730018615723
aut,2016,2.078439950942993
aut,2017,1.514680027961731
aut,2018,1.404559969902039
aut,2019,1.404629945755005
aut,2020,1.288529992103577
aut,2021,1.085450053215027
aut,2022,1.774060010910034
aut,2023,1.570420026779175
aze,2000,8.819439888000488
aze,2001,12.03295993804932
aze,2002,12.85472965240479
aze,2003,16.04919052124023
aze,2004,14.25185966491699
aze,2005,15.57775020599365
aze,2006,15.91296005249023
aze,2007,13.63967037200928
aze,2008,13.76091003417969
aze,2009,12.85803985595703
aze,2010,13.23410987854004
aze,2011,11.25271034240723
aze,2012,8.913269996643066
aze,2013,3.611860036849976
aze,2017,1.238080024719238
aze,2018,4.093530178070068
aze,2019,7.006509780883789
aze,2020,6.862790107727051
aze,2021,8.434300422668457
aze,2022,4.798409938812256
aze,2023,1.979910016059875
bdi,1973,85.95680236816406
bdi,1978,87.24270629882812
bdi,1980,86.34538269042969
bdi,1981,85.168701171875
bdi,1982,83.33251190185547
bdi,1983,78.6703872680664
bdi,1984,74.59143829345703
bdi,1985,70.51909637451172
bdi,1986,67.49504852294922
bdi,1987,62.42866897583008
bdi,1988,58.90021896362305
bdi,1993,58.06864166259766
bdi,2000,61.44781875610352
bdi,2001,53.54623031616211
bdi,2002,53.37115859985352
bdi,2003,49.54912948608398
bdi,2004,46.31650924682617
bdi,2005,42.4127082824707
bdi,2006,23.32995986938477
bdi,2007,15.48336029052734
bdi,2008,7.354509830474854
bdi,2009,8.573049545288086
bdi,2010,4.74351978302002
bdi,2011,3.811709880828857
bdi,2012,5.049540042877197
bdi,2014,7.179629802703857
bdi,2015,9.528389930725098
bdi,2016,11.10348033905029
bdi,2017,15.59691047668457
bdi,2018,18.51004981994629
bdi,2019,19.88056945800781
bdi,2020,19.32274055480957
bel,1977,2.699529886245728
bel,1979,1.970430016517639
bel,1980,1.494959950447083
bel,1981,2.193089962005615
bel,1982,1.577460050582886
bel,1983,3.489860057830811
bel,1984,3.694859981536865
bel,1985,4.313560009002686
bel,1986,3.836349964141846
bel,1987,3.799870014190674
bel,1988,4.219610214233398
bel,1991,3.864269971847534
bel,1992,4.380529880523682
bel,1993,1.742239952087402
bel,1994,1.580880045890808
bel,1995,1.618020057678223
bel,1996,1.482139945030212
bel,1999,1.624719977378845
bel,2000,1.853139996528625
bel,2004,0.4921700060367584
bel,2005,0.4155600070953369
bel,2006,0.7058500051498413
bel,2007,0.8661900162696838
bel,2008,1.072389960289001
bel,2009,1.213449954986572
bel,2010,1.290949940681458
bel,2011,2.100680112838745
bel,2012,1.88808000087738
bel,2013,1.839450001716614
bel,2014,1.87253999710083
bel,2015,1.881319999694824
bel,2016,1.936980009078979
bel,2017,1.379070043563843
bel,2018,1.327540040016174
bel,2019,1.341500043869019
bel,2020,1.241459965705872
bel,2021,1.482089996337891
bel,2022,1.24960994720459
ben,1984,68.95337677001953
ben,1985,68.26624298095703
ben,1986,69.27593231201172
ben,1988,69.5523910522461
ben,1989,69.24143981933594
ben,1990,75.03986358642578
ben,1992,69.79814910888672
ben,1993,66.68878936767578
ben,1994,64.51347351074219
ben,1995,61.97869873046875
ben,1996,59.47140884399414
ben,1997,55.84867858886719
ben,2006,26.73328018188477
ben,2008,21.14537048339844
ben,2009,14.93173027038574
ben,2010,12.73655033111572
ben,2011,11.80955982208252
ben,2017,10.03030014038086
ben,2018,12.67317008972168
ben,2019,17.31897926330566
ben,2020,17.70465087890625
ben,2021,15.09103012084961
ben,2022,12.44412994384766
bfa,1971,92.49610137939452
bfa,1972,92.07810974121094
bfa,1977,90.70980072021484
bfa,1978,90.36560821533205
bfa,1979,89.94390869140625
bfa,1980,89.24244689941406
bfa,1981,88.63822937011719
bfa,1982,87.69452667236328
bfa,1983,86.59861755371094
bfa,1984,85.76387786865234
bfa,1985,84.32718658447266
bfa,1986,82.82563781738281
bfa,1987,81.82482147216797
bfa,1988,81.39276123046875
bfa,1989,81.00480651855469
bfa,1991,79.64093017578125
bfa,1992,79.25318908691406
bfa,1993,78.47061157226562
bfa,1994,77.58674621582031
bfa,1995,76.4411392211914
bfa,1998,73.38587188720703
bfa,1999,72.5892105102539
bfa,2000,71.1803970336914
bfa,2001,69.94857788085938
bfa,2002,70.2934799194336
bfa,2003,67.900146484375
bfa,2004,65.40383911132812
bfa,2005,60.61766815185547
bfa,2006,56.87337112426758
bfa,2007,51.56324005126953
bfa,2008,45.1821403503418
bfa,2009,41.70294952392578
bfa,2010,43.65047836303711
bfa,2011,38.77582168579102
bfa,2012,37.46343994140625
bfa,2013,36.23025894165039
bfa,2014,35.26015853881836
bfa,2015,33.89862060546875
bfa,2016,28.5048999786377
bfa,2017,27.48525047302246
bfa,2018,25.49703979492188
bfa,2019,26.5178394317627
bfa,2020,28.74225997924805
bfa,2021,28.9940299987793
bfa,2022,31.93902969360352
bfa,2023,41.38362884521484
bgd,1970,67.27155303955078
bgd,1973,51.28583145141602
bgd,1976,49.15079116821289
bgd,1977,48.62818908691406
bgd,1978,50.03736114501953
bgd,1981,50.5041389465332
bgd,1983,56.26905059814453
bgd,1984,52.76342010498047
bgd,1985,53.88000106811523
bgd,1986,54.03861999511719
bgd,1987,54.5737190246582
bgd,1988,41.57690048217773
bgd,1989,41.49740982055664
bgd,1990,37.94879150390625
bgd,2005,4.638710021972656
bgd,2006,4.925039768218994
bgd,2008,12.34741020202637
bgd,2009,9.543609619140623
bgd,2010,5.379630088806152
bgd,2017,0.6771655421361665
bgd,2018,2.387631619015203
bgr,1996,6.083690166473389
bgr,1997,4.946849822998047
bgr,2000,1.790189981460571
bgr,2001,2.204960107803345
bgr,2009,0.8849599957466125
bgr,2010,0.74617999792099
bgr,2011,1.250190019607544
bgr,2012,2.398710012435913
bgr,2013,3.466229915618896
bgr,2014,2.646899938583374
bgr,2015,2.484509944915771
bgr,2016,2.970839977264404
bgr,2017,3.117089986801147
bgr,2018,3.769000053405762
bgr,2019,4.148690223693848
bgr,2020,4.174429893493652
bgr,2021,5.039539813995361
bgr,2022,5.244709968566895
bgr,2023,5.539199829101563
bhr,1971,34.74422836303711
bhr,1972,33.11051177978516
bhr,1973,32.60824966430664
bhr,1974,32.361328125
bhr,1975,27.72942924499512
bhr,1976,27.34643936157227
bhr,1977,25.56353950500488
bhr,1978,25.60710906982422
bhr,1979,24.2946891784668
bhr,1980,23.58958053588867
bhr,1981,26.52316093444824
bhr,1982,30.19786071777344
bhr,1983,27.27166938781738
bhr,1984,22.33419990539551
bhr,1985,15.86069011688232
bhr,1986,10.62672996520996
bhr,1987,8.690320014953613
bhr,1988,5.84591007232666
bhr,1989,5.761760234832764
bhr,1991,9.46339988708496
bhr,1992,15.15415000915527
bhr,1993,14.78141975402832
bhr,1994,13.72842979431152
bhr,1995,11.26692008972168
bhr,1996,9.99318027496338
bhr,1997,8.674819946289062
bhr,1998,4.180689811706543
bhr,1999,2.148989915847778
bhr,2000,4.049739837646484
bhr,2001,5.176270008087158
bhr,2002,8.04224967956543
bhr,2003,9.899740219116213
bhr,2004,9.840869903564451
bhr,2005,10.06344985961914
bhr,2006,3.991169929504395
bhr,2011,5.678540229797363
bhr,2012,0.0349900014698505
bhr,2015,1.094079971313477
bhr,2016,1.206120014190674
bhr,2017,1.278309941291809
bhr,2018,2.40706992149353
bhr,2019,2.601109981536865
bhr,2022,2.838959932327271
bhr,2023,6.08266019821167
bhs,1976,6.338280200958252
bhs,1977,5.534039974212646
bhs,1980,3.78646993637085
bhs,1993,0.0890799984335899
bhs,1999,14.63082027435303
bhs,2004,11.89361000061035
bhs,2005,7.957920074462891
bhs,2006,9.077619552612305
bhs,2007,5.500629901885986
bhs,2008,4.674099922180176
bhs,2009,5.367519855499268
bhs,2010,5.964980125427246
bhs,2012,1.939849972724915
bhs,2023,28.83411026000977
bih,2009,12.44244956970215
bih,2010,9.438759803771973
bih,2011,9.56070041656494
bih,2012,10.85356044769287
bih,2013,10.304030418396
bih,2014,8.900300025939941
bih,2015,6.857570171356201
bih,2016,4.061649799346924
bih,2017,1.048359990119934
bih,2020,0.8647699952125549
bih,2021,0.2401700019836426
bih,2022,0.6048399806022644
bih,2023,1.093919992446899
blr,1995,16.08626937866211
blr,2013,0.4018099904060364
blr,2014,2.168149948120117
blr,2015,2.083790063858032
blr,2016,2.546789884567261
blr,2017,3.449759960174561
blr,2018,4.215370178222656
blr,2019,5.481860160827637
blr,2020,5.974899768829346
blr,2021,5.730760097503662
blr,2022,7.125879764556885
blr,2023,4.569210052490234
blz,1999,1.616999983787537
blz,2000,1.773980021476746
blz,2001,1.391610026359558
blz,2008,1.008470058441162
blz,2009,1.345530033111572
blz,2010,0.957539975643158
blz,2011,1.78548002243042
blz,2021,3.447160005569458
blz,2022,7.607460021972656
blz,2023,10.64200973510742
bmu,1978,14.14484977722168
bmu,1979,15.43317985534668
bmu,2012,1.980700016021729
bol,2009,1.240839958190918
bol,2010,4.035520076751709
bol,2011,6.525109767913818
bol,2012,9.821060180664064
bol,2013,10.92018032073975
bol,2014,11.51476001739502
bol,2015,11.46102046966553
bol,2016,10.55943965911865
bol,2017,9.07548999786377
bol,2018,7.31866979598999
bol,2019,5.979109764099121
bol,2020,4.851880073547363
bol,2021,3.947459936141968
bol,2022,3.137660026550293
bol,2023,3.933109998703003
bra,2012,5.332250118255615
bra,2013,4.068190097808838
bra,2014,4.326000213623047
bra,2015,4.386099815368652
bra,2016,4.149360179901123
bra,2017,3.652139902114868
bra,2018,4.357769966125488
bra,2019,4.070580005645752
bra,2020,5.36605978012085
bra,2021,5.652659893035889
bra,2022,3.702769994735718
brb,1971,12.80253982543945
brb,1972,13.08043956756592
brb,1973,14.30768013000488
brb,1976,11.22484970092773
brb,1977,7.742760181427002
brb,1978,4.275269985198975
brb,1979,2.434530019760132
brb,1989,2.433929920196533
brb,1990,5.958899974822998
brb,1992,10.98033046722412
brb,2005,2.785459995269775
brb,2006,2.657049894332886
brb,2007,1.657960057258606
brb,2008,1.844560027122498
brb,2009,2.982800006866455
brb,2010,1.709089994430542
brb,2011,3.129539966583252
brb,2014,5.587940216064453
brb,2015,4.757929801940918
brb,2016,3.510910034179688
brb,2017,7.120570182800293
brb,2018,6.592780113220215
brb,2019,6.909619808197021
brb,2020,8.129190444946289
brb,2021,10.18037033081055
brb,2022,12.49485015869141
brb,2023,14.94540023803711
brn,1977,5.462080001831055
brn,1978,3.370039939880371
brn,1979,12.22492027282715
brn,1980,11.21222019195557
brn,1981,13.72760963439941
brn,1982,14.96722030639648
brn,1983,12.28839015960693
brn,1984,10.51478958129883
brn,1986,7.90500020980835
brn,1991,3.578239917755127
brn,1992,2.916899919509888
brn,1993,0.4348900020122528
brn,1994,1.652029991149902
btn,1978,86.7175521850586
btn,1979,84.43688201904297
btn,1998,47.5696907043457
btn,1999,46.26982116699219
btn,2000,43.53087997436523
btn,2001,40.74956893920898
btn,2005,26.96426010131836
btn,2006,21.26132011413574
btn,2008,12.74370002746582
btn,2009,7.168690204620361
btn,2010,4.697460174560547
btn,2011,4.665669918060303
btn,2012,3.978859901428223
btn,2013,5.97353982925415
btn,2015,7.681220054626465
btn,2016,8.337329864501953
btn,2017,8.565170288085938
btn,2018,5.840069770812988
btn,2020,0.8125900030136108
btn,2021,11.82420315152675
btn,2022,5.008416481666708
btn,2024,6.613231685029502
bwa,1970,46.00046157836914
bwa,1971,48.58565902709961
bwa,1972,46.35586166381836
bwa,1973,42.39986038208008
bwa,1974,37.69049835205078
bwa,1975,29.72883987426758
bwa,1976,24.55934906005859
bwa,1977,19.75370979309082
bwa,1978,18.80084037780762
bwa,1979,18.03215980529785
bwa,1980,13.97842025756836
bwa,1981,8.422039985656738
bwa,1983,5.221930027008057
bwa,1984,5.598830223083496
bwa,1985,4.246129989624023
bwa,1986,5.019030094146729
bwa,1987,5.584010124206543
bwa,1988,5.898459911346436
bwa,1989,5.845409870147705
bwa,1990,6.384379863739014
bwa,1991,4.386040210723877
bwa,1992,6.307960033416748
bwa,1993,7.91756010055542
bwa,1994,8.681349754333496
bwa,1995,18.2282600402832
bwa,1996,17.79213905334473
bwa,1998,14.59848976135254
bwa,1999,15.38939952850342
bwa,2000,14.26031017303467
bwa,2001,12.57621002197266
bwa,2002,12.28559017181396
bwa,2003,11.38453960418701
bwa,2004,11.37075042724609
bwa,2005,8.89253044128418
bwa,2006,8.136090278625488
bwa,2007,9.132439613342283
bwa,2008,9.811579704284668
bwa,2009,10.28656959533691
bwa,2012,8.136581330265445
bwa,2013,10.03240700191439
bwa,2014,11.4417200088501
bwa,2015,12.2297619047619
bwa,2017,9.545449296116225
caf,1971,71.40986633300781
caf,1972,69.59046936035156
caf,1973,67.41918182373047
caf,1977,68.33284759521484
caf,1978,68.06294250488281
caf,1981,61.8608283996582
caf,1982,59.69279861450195
caf,1983,58.99076080322266
caf,1986,48.88822174072266
caf,1987,57.93243026733398
caf,1988,59.4947509765625
caf,1989,59.36417007446289
caf,1990,52.80366134643555
caf,1991,56.64878845214844
caf,2005,63.72718048095703
caf,2006,63.72929000854492
caf,2007,57.79322052001953
caf,2008,49.84426116943359
caf,2009,49.6827392578125
caf,2010,46.20896911621094
caf,2011,47.73271179199219
caf,2012,44.41563034057617
can,1982,4.78803014755249
can,1983,4.921740055084229
can,1984,5.27318000793457
can,1985,5.387129783630371
can,1986,5.408629894256592
can,1987,5.668139934539795
can,1988,5.758649826049805
can,1989,6.288000106811523
can,1990,5.460669994354248
can,1991,3.699589967727661
can,1992,3.645819902420044
can,1993,5.304530143737793
can,1994,5.767399787902832
can,1995,6.452889919281006
can,1996,5.994379997253418
can,1998,3.006419897079468
can,1999,2.023920059204102
can,2000,0.5193899869918823
can,2012,0.29653000831604
can,2013,0.5885199904441833
can,2014,0.5420399904251099
can,2016,2.090240001678467
can,2017,1.894359946250916
can,2018,1.613600015640259
can,2019,2.880769968032837
can,2020,3.041100025177002
can,2021,4.629960060119629
can,2022,5.092400074005127
che,1977,21.84666061401367
che,1978,20.06973075866699
che,1981,19.22270011901855
che,1982,19.56863021850586
che,1983,19.80796051025391
che,1984,20.30142974853516
che,1985,20.44919967651367
che,1986,20.24629020690918
che,1987,19.81208992004395
che,1988,19.30192947387695
che,1989,18.7581901550293
che,1990,17.99164962768555
che,1991,17.53527069091797
che,1992,16.76548004150391
che,1993,17.12611961364746
che,1994,17.38067054748535
che,1995,11.7932596206665
che,1996,9.790160179138184
che,2015,0.0248099993914366
che,2016,0.0769300013780594
che,2017,0.1183499991893768
che,2018,0.0951799973845482
che,2019,0.065760001540184
che,2020,0.1034799963235855
che,2021,0.1698800027370453
che,2022,0.2289000004529953
chl,2007,3.81466007232666
chl,2008,3.811579942703247
chl,2009,5.142250061035156
chl,2010,3.506680011749268
chl,2011,3.861939907073975
chl,2012,3.637239933013916
chl,2013,3.585410118103027
chl,2014,3.223690032958984
chl,2015,3.021300077438354
chl,2016,2.738149881362915
chl,2017,2.579309940338135
chl,2018,2.203629970550537
chl,2019,1.967579960823059
chl,2020,2.838579893112183
chl,2021,2.744980096817017
chl,2022,1.990650057792664
chl,2023,2.232170104980469
chn,1989,8.159600257873535
chn,1990,10.66576957702637
chn,1991,10.89262008666992
chn,1992,11.65427017211914
chn,1993,11.73227024078369
chn,1994,11.5185604095459
chn,1995,9.806790351867676
chn,1996,8.430120468139648
chn,1997,6.626910209655762
civ,1977,64.53650665283203
civ,1996,58.79751968383789
civ,1997,58.16217041015625
civ,1999,56.89517974853516
civ,2000,58.24697113037109
civ,2001,54.74871826171875
civ,2002,55.2606315612793
civ,2003,56.27735137939453
civ,2009,55.27558135986328
civ,2013,35.12110900878906
civ,2014,31.84048080444336
civ,2015,30.2966194152832
civ,2016,22.42267990112305
civ,2017,22.11570930480957
civ,2018,18.73867034912109
civ,2019,17.33551979064941
civ,2020,16.23885917663574
civ,2021,18.30126953125
civ,2022,19.63771057128906
civ,2023,13.9674596786499
cmr,1971,43.90816879272461
cmr,1972,43.36827850341797
cmr,1973,44.61415100097656
cmr,1974,45.31037902832031
cmr,1975,39.50188064575195
cmr,1976,38.14001846313477
cmr,1977,39.17478942871094
cmr,1978,38.14395141601563
cmr,1979,37.05950164794922
cmr,1980,36.82614898681641
cmr,1988,30.48768997192383
cmr,1990,30.73579978942871
cmr,1991,32.11521911621094
cmr,2011,14.82271957397461
cmr,2017,10.35356998443604
cmr,2019,12.25102996826172
cod,1971,45.68156051635742
cod,1972,46.63985824584961
cod,1975,43.06042098999023
cod,1979,41.13817977905273
cod,1983,37.2994499206543
cod,1984,36.05998992919922
cod,1988,45.44704818725586
cod,1991,48.44652938842773
cod,1992,49.24263000488281
cod,1993,49.70732879638672
cod,1994,49.44123077392578
cod,1995,46.55570983886719
cod,1999,66.3077392578125
cog,1972,28.68626976013184
cog,1974,22.59037971496582
cog,1976,18.73607063293457
cog,1978,13.66477012634277
cog,1979,12.49357032775879
cog,1980,17.78414916992188
cog,1981,17.66363906860352
cog,1982,15.74083995819092
cog,1983,13.70285034179688
cog,1984,11.88617038726807
cog,2005,45.299560546875
cog,2006,48.76691055297852
cog,2010,15.55679988861084
cog,2012,7.934539794921875
cog,2018,21.98125076293945
cog,2023,16.91464996337891
cok,1998,3.523489952087402
cok,1999,6.303969860076904
cok,2000,9.188220024108888
cok,2013,2.879290103912354
cok,2014,2.008929967880249
col,1986,27.74272918701172
col,1991,21.32761001586914
col,1999,2.085870027542114
col,2000,3.45376992225647
col,2001,6.623680114746094
col,2002,6.842569828033447
col,2004,0.6250799894332886
col,2012,1.717450022697449
col,2015,2.997109889984131
col,2016,4.598869800567627
col,2017,3.541640043258667
col,2018,4.207640171051025
col,2019,4.441999912261963
col,2020,5.528689861297607
col,2021,6.579659938812256
col,2022,6.788599967956543
com,1987,41.20439910888672
com,1994,44.2217903137207
com,1999,50.4223518371582
com,2000,44.09791946411133
com,2007,28.32704925537109
com,2013,7.365116735334511
com,2014,7.272306624508368
com,2017,8.463560420567479
com,2018,11.22589775340527
com,2021,26.39991923542873
com,2023,22.7120197737801
cpv,1981,21.49036026000977
cpv,1982,24.18964004516602
cpv,1983,27.87487983703613
cpv,1984,21.56465911865234
cpv,1985,19.50160980224609
cpv,1986,18.23722076416016
cpv,1987,16.7723503112793
cpv,1988,11.92101955413818
cpv,1990,10.41300010681152
cpv,1994,7.008409976959229
cpv,1998,2.152930021286011
cpv,2000,1.702000021934509
cpv,2001,3.139009952545166
cpv,2002,2.581510066986084
cpv,2003,2.845570087432861
cpv,2004,4.014939785003662
cpv,2005,4.011030197143555
cpv,2006,4.100989818572998
cpv,2007,5.831419944763184
cpv,2008,6.849440097808838
cpv,2009,7.492509841918945
cpv,2010,7.265689849853516
cpv,2011,7.037179946899414
cpv,2012,4.818449974060059
cpv,2013,3.991859912872314
cpv,2014,3.730690002441406
cpv,2015,3.322530031204224
cpv,2016,4.014140129089355
cpv,2017,3.81417989730835
cpv,2018,2.469480037689209
cpv,2019,2.209709882736206
cpv,2020,3.656450033187866
cpv,2021,3.015130043029785
cri,1970,13.9097900390625
cri,1972,10.80749034881592
cri,1973,9.743459701538086
cri,1975,8.738759994506836
cri,1976,6.725399971008301
cri,1978,8.888299942016602
cri,1979,10.77427959442139
cri,1980,11.25228023529053
cri,1981,11.80399990081787
cri,1982,13.59860992431641
cri,1985,14.8698902130127
cri,1986,13.49349021911621
cri,1987,13.28409004211426
cri,1989,13.39712047576904
cri,1990,13.50893020629883
cri,1991,13.06840038299561
cri,2011,3.541960000991821
cri,2012,5.200809955596924
cri,2013,6.907949924468994
cri,2014,9.550270080566406
cri,2015,8.937609672546387
cri,2016,7.885389804840088
cri,2017,10.07367038726807
cri,2018,6.759210109710693
cri,2019,5.009620189666748
cri,2020,5.585360050201416
cri,2021,6.388090133666992
cri,2022,6.501110076904297
cri,2023,4.957129955291748
cub,1972,4.786870002746582
cub,1973,2.281209945678711
cub,1974,1.533630013465881
cub,1979,2.940170049667358
cub,1980,3.129889965057373
cub,1981,3.725480079650879
cub,1982,2.958869934082031
cub,1983,1.731420040130615
cub,1984,1.791239976882935
cub,1985,3.845329999923706
cub,1986,4.27476978302002
cub,1987,3.457550048828125
cub,1988,3.573260068893433
cub,1989,4.248020172119141
cub,1990,4.501649856567383
cub,1991,4.435530185699463
cub,1992,2.852979898452759
cub,1993,3.43681001663208
cub,1994,2.719939947128296
cub,1995,2.702169895172119
cub,1996,0.6613799929618835
cub,1997,0.2552100121974945
cub,2003,0.857509970664978
cub,2005,1.279549956321716
cub,2006,1.201550006866455
cub,2007,1.108700037002563
cub,2008,1.92753005027771
cub,2009,1.587000012397766
cub,2010,2.218029975891113
cub,2011,3.128489971160889
cub,2012,2.721159934997559
cub,2014,2.490259885787964
cub,2015,3.025729894638062
cub,2016,2.845309972763062
cub,2017,3.070549964904785
cub,2018,2.893249988555908
cub,2019,2.377290010452271
cub,2020,1.708870053291321
cub,2021,1.359840035438538
cub,2022,3.115380048751831
cub,2023,3.168750047683716
cuw,2023,3.169420003890991
cym,2002,1.568150043487549
cym,2004,4.867790222167969
cym,2005,10.31363010406494
cym,2006,6.61939001083374
cym,2008,4.748600006103516
cym,2011,2.653059959411621
cym,2013,2.910710096359253
cym,2016,3.423094477407576
cym,2017,6.999554168524298
cym,2018,6.093820095062256
cym,2019,7.98429012298584
cym,2020,4.636919975280762
cym,2021,6.385809898376465
cym,2022,2.490000009536743
cyp,2000,1.595029950141907
cyp,2001,1.841820001602173
cyp,2002,0.9285600185394288
cyp,2003,0.973039984703064
cyp,2004,1.465659976005554
cyp,2005,0.954360008239746
cyp,2006,0.3392600119113922
cyp,2007,0.497409999370575
cyp,2012,1.324280023574829
cyp,2013,1.557809948921204
cyp,2014,1.844630002975464
cyp,2015,1.260149955749512
cyp,2016,1.568869948387146
cyp,2017,1.167119979858398
cyp,2018,0.8184999823570251
cze,2009,0.5181699991226196
cze,2010,0.9264699816703796
cze,2011,1.238549947738647
cze,2012,0.2859100103378296
cze,2013,0.6586800217628479
cze,2014,1.486940026283264
cze,2015,1.984169960021973
cze,2016,2.43425989151001
cze,2017,2.796080112457275
cze,2018,1.976750016212463
cze,2019,1.7639399766922
cze,2020,1.435240030288696
deu,2002,2.084690093994141
deu,2003,1.826130032539368
deu,2004,1.962129950523376
deu,2005,1.674350023269653
deu,2006,1.720280051231384
deu,2007,1.492949962615967
deu,2008,1.489429950714111
deu,2009,1.533619999885559
deu,2010,1.110820055007935
deu,2011,0.5015699863433838
deu,2012,0.7749900221824646
deu,2013,0.8262699842453003
deu,2014,1.121909976005554
deu,2015,0.7221999764442444
deu,2016,1.462129950523376
deu,2017,0.7947900295257568
deu,2018,0.5912399888038635
deu,2019,0.6973900198936462
deu,2020,0.9355400204658508
deu,2021,1.163390040397644
deu,2022,1.519389986991882
deu,2023,2.182270050048828
dma,1975,9.680190086364746
dma,1976,11.29051971435547
dma,1977,6.469170093536377
dma,1979,9.051210403442385
dma,1980,13.13035011291504
dma,1981,12.03756046295166
dma,1982,13.14311027526855
dma,2006,2.377690076828003
dma,2007,10.07789039611816
dma,2008,11.08948993682861
dma,2009,3.752810001373291
dma,2014,2.689749956130981
dma,2016,5.349219799041748
dma,2019,8.863140106201172
dma,2020,6.174409866333008
dma,2021,6.666669845581055
dma,2022,5.721980094909668
dma,2023,5.945020198822021
dnk,1981,0.5834800004959106
dnk,1982,0.4911099970340729
dnk,1983,0.7331100106239319
dnk,1984,0.6926900148391724
dnk,1985,0.2883599996566772
dnk,1986,0.5843999981880188
dnk,1987,0.3860900104045868
dnk,1988,0.1665100008249283
dnk,1990,0.0979399979114532
dnk,1991,0.1043400019407272
dnk,1992,1.448789954185486
dnk,1993,2.781830072402954
dnk,1994,1.413980007171631
dnk,1995,1.884580016136169
dnk,1996,2.941570043563843
dnk,1998,1.942399978637695
dnk,1999,1.516240000724792
dnk,2000,0.3979400098323822
dnk,2001,0.2675400078296661
dnk,2004,1.800029993057251
dnk,2005,1.885480046272278
dnk,2006,0.9178900122642516
dnk,2007,0.3834199905395508
dnk,2008,0.4733699858188629
dnk,2009,0.3980399966239929
dnk,2010,0.5160199999809265
dnk,2011,0.3797999918460846
dnk,2012,0.3493900001049042
dnk,2013,0.4345499873161316
dnk,2014,0.3954899907112122
dnk,2015,0.447079986333847
dnk,2016,0.6357600092887878
dnk,2017,0.5008500218391418
dnk,2018,0.3323200047016144
dnk,2019,0.3766399919986725
dnk,2020,0.293289989233017
dnk,2021,0.4200400114059448
dnk,2022,0.5433400273323059
dnk,2023,0.7739899754524231
dom,1999,15.91012001037598
dom,2000,12.10157012939453
dom,2002,8.084630012512207
dom,2003,11.79568004608154
dom,2004,13.64482975006104
dom,2005,12.3621301651001
dom,2006,12.93900012969971
dom,2007,7.579319953918457
dom,2008,11.21850967407227
dom,2010,7.247230052947998
dom,2011,5.734089851379395
dom,2012,6.583079814910889
dom,2013,6.582680225372314
dom,2014,8.062939643859863
dom,2015,4.43887996673584
dom,2016,4.146729946136475
dom,2017,4.991759777069092
dom,2018,5.284140110015869
dom,2019,3.511529922485352
dom,2020,3.392280101776123
dom,2021,9.59589958190918
dom,2022,6.996170043945313
dom,2023,5.96996021270752
dza,1973,41.79027938842773
dza,1974,37.40975189208984
dza,1975,33.94707107543945
dza,1976,32.68492889404297
dza,1977,32.43172073364258
dza,1978,30.85116004943848
dza,1979,30.16325950622559
dza,1980,28.79166984558105
dza,1981,28.25847053527832
dza,1982,28.15555953979492
dza,1983,27.5992603302002
dza,1984,25.59366989135742
dza,1985,24.08448028564453
dza,1986,21.94449996948242
dza,1987,20.02939987182617
dza,1988,18.67206954956055
dza,1989,17.91622924804688
dza,1990,17.86651992797852
dza,1991,16.57292938232422
dza,1992,15.65441989898682
dza,1993,15.80566024780273
dza,1994,15.00242042541504
dza,1995,13.93747997283936
dza,1996,13.30918025970459
dza,1997,12.6850700378418
dza,1999,7.04026985168457
dza,2000,5.262499809265137
dza,2001,2.537230014801025
dza,2002,0.5642799735069275
dza,2006,0.7530099749565125
dza,2007,1.678900003433228
dza,2008,1.427219986915588
dza,2017,0.7275099754333496
dza,2018,0.9201800227165222
dza,2019,0.7109500169754028
dza,2021,0.7356100082397461
dza,2022,1.560479998588562
dza,2024,0.3612399995326996
ecu,1971,23.31822967529297
ecu,1973,23.20883941650391
ecu,1974,22.07206916809082
ecu,1975,22.31086921691895
ecu,1976,21.974609375
ecu,1977,19.14701080322266
ecu,1978,17.43321990966797
ecu,1979,14.77017974853516
ecu,1980,16.15921020507813
ecu,1994,11.24318981170654
ecu,1995,10.08981990814209
ecu,1996,8.35200023651123
ecu,1997,5.345650196075439
ecu,1998,4.516349792480469
ecu,1999,4.708270072937012
ecu,2000,5.947380065917969
ecu,2001,4.590950012207031
ecu,2002,3.30511999130249
ecu,2003,2.91375994682312
ecu,2005,3.410710096359253
ecu,2006,2.134479999542236
ecu,2007,0.6148599982261658
ecu,2008,1.460260033607483
ecu,2012,0.7584900259971619
ecu,2013,0.903060019016266
ecu,2015,1.520490050315857
ecu,2016,1.47409999370575
ecu,2017,1.135030031204224
ecu,2021,0.1639900058507919
ecu,2023,3.154129981994629
egy,1971,49.24792098999023
egy,1972,48.95499038696289
egy,1973,48.90354156494141
egy,1978,45.37081146240234
egy,1994,23.32246971130371
egy,1997,19.27753067016602
egy,1999,18.98677062988281
egy,2000,17.4234790802002
egy,2001,16.79590034484863
egy,2002,15.88951015472412
egy,2003,15.01179981231689
egy,2004,14.08642959594727
egy,2012,13.53131008148193
egy,2014,13.74775981903076
egy,2016,10.79281997680664
egy,2017,9.563369750976564
egy,2018,8.021539688110352
egy,2019,5.95697021484375
egy,2020,4.323850154876709
egy,2021,3.082920074462891
egy,2023,4.350090026855469
eri,1992,61.99150848388672
eri,1994,56.78699111938477
eri,1995,55.49568939208984
eri,1996,53.89115142822266
eri,1997,54.69549179077148
eri,1999,48.37849044799805
eri,2000,41.17528915405273
eri,2001,39.23796081542969
eri,2002,34.02851867675781
eri,2003,28.94772911071777
eri,2004,28.94326972961426
eri,2005,28.75506973266602
eri,2006,31.09170913696289
eri,2007,37.20782852172852
eri,2008,41.92897033691406
eri,2009,44.55112075805664
eri,2010,46.41373825073242
eri,2011,42.09622955322266
eri,2012,38.55955123901367
eri,2013,37.76538848876953
eri,2014,37.38996887207031
eri,2015,38.25098037719727
eri,2017,42.84128189086914
eri,2018,42.97188186645508
eri,2019,44.12975614170022
eri,2022,43.50062942504883
esp,1971,4.684209823608398
esp,1972,3.120879888534546
esp,1973,3.080389976501465
esp,1977,0.1285399943590164
esp,1978,1.064650058746338
esp,1979,0.5582500100135803
esp,1999,0.0870300009846687
esp,2008,0.6595799922943115
esp,2009,0.7828099727630615
esp,2010,1.646270036697388
esp,2011,1.80334997177124
esp,2012,2.147919893264771
esp,2013,2.396440029144287
esp,2014,2.474020004272461
esp,2015,2.565390110015869
esp,2016,2.428390026092529
esp,2017,2.204090118408203
esp,2018,1.92428994178772
esp,2019,1.559249997138977
esp,2020,1.361279964447021
esp,2021,1.415670037269592
esp,2022,1.294649958610535
esp,2023,1.327409982681274
est,1995,14.14243984222412
est,1996,10.97581958770752
est,1998,0.1412200033664703
est,2014,2.409199953079224
est,2015,2.421360015869141
est,2016,2.386929988861084
est,2017,2.395139932632446
est,2018,2.28914999961853
est,2019,2.17494010925293
est,2020,2.185060024261475
est,2021,2.062299966812134
est,2022,1.786090016365051
est,2023,2.497709989547729
eth,1987,75.57633209228516
eth,1988,75.2589111328125
eth,1989,75.67254638671875
eth,1994,83.45060729980469
eth,1995,81.71861267089844
eth,1996,78.8202133178711
eth,1998,73.31491088867188
eth,1999,70.8846435546875
eth,2000,66.99739074707031
eth,2001,62.93552017211914
eth,2002,60.87363815307617
eth,2003,59.87171936035156
eth,2004,56.17139053344727
eth,2005,45.02928924560547
eth,2006,39.44807052612305
eth,2007,33.79642868041992
eth,2008,27.95252990722656
eth,2009,27.64179039001465
eth,2010,29.75469970703125
eth,2011,26.58801078796387
eth,2012,25.51737976074219
eth,2014,21.44318964219087
eth,2015,22.74220827312949
eth,2021,28.79109001159668
eth,2022,27.45461282367434
eth,2023,26.41414655677263
fin,1993,0.6555799841880798
fin,1994,0.637499988079071
fin,1995,0.6132599711418152
fin,1996,0.5509700179100037
fin,1997,0.5677400231361389
fin,1998,0.7237899899482727
fin,1999,0.9198300242424012
fin,2000,1.084939956665039
fin,2001,1.171749949455261
fin,2002,1.176030039787292
fin,2003,1.123600006103516
fin,2004,1.11083996295929
fin,2005,1.037439942359924
fin,2006,1.10004997253418
fin,2007,1.132480025291443
fin,2008,1.143239974975586
fin,2009,1.256010055541992
fin,2010,1.243160009384155
fin,2011,1.227290034294128
fin,2012,1.270750045776367
fin,2013,1.283660054206848
fin,2014,1.261590003967285
fin,2015,1.566580057144165
fin,2016,1.598049998283386
fin,2017,1.725430011749268
fin,2018,1.673689961433411
fin,2019,1.909520030021667
fin,2020,1.626230001449585
fin,2021,1.387259960174561
fin,2022,2.028350114822388
fin,2023,1.55718994140625
fji,1992,9.723549842834473
fji,1994,8.904600143432617
fji,1995,10.42105007171631
fji,1996,12.52287006378174
fji,1997,11.25940036773682
fji,1998,9.420720100402832
fji,1999,8.447030067443848
fji,2000,6.773789882659912
fji,2001,4.89995002746582
fji,2002,4.72560977935791
fji,2003,8.185219764709473
fji,2004,5.768909931182861
fji,2006,9.169540405273438
fji,2007,11.08784961700439
fji,2008,11.78452968597412
fji,2009,12.38162040710449
fji,2011,11.3105001449585
fji,2012,10.11800956726074
fji,2013,11.56043379722415
fji,2014,8.915908669018007
fji,2015,6.515434208338721
fji,2016,4.93310022354126
fra,1971,2.521980047225952
fra,1972,2.365819931030273
fra,1977,4.965760231018066
fra,1979,2.12595009803772
fra,1980,2.138230085372925
fra,1982,1.691879987716675
fra,1983,1.580430030822754
fra,1985,2.174400091171265
fra,1986,1.789039969444275
fra,1987,1.769199967384338
fra,1988,1.759119987487793
fra,1989,1.812970042228699
fra,1990,1.481349945068359
fra,1991,1.067790031433105
fra,1992,0.6848099827766418
fra,1993,0.7289400100708008
fra,1995,0.3926700055599213
fra,1996,0.3755599856376648
fra,1997,0.7472100257873535
fra,2000,3.429349899291992
fra,2001,3.491940021514893
fra,2002,3.526839971542358
fra,2003,3.761650085449219
fra,2004,3.670259952545166
fra,2008,0.4584499895572662
fra,2009,0.8182700276374817
fra,2010,1.305920004844666
fra,2011,0.0597199983894825
fra,2012,0.0125799998641014
fra,2013,0.3017700016498566
fra,2014,1.174280047416687
fra,2015,0.4369600117206573
fra,2016,0.025560000911355
fsm,2014,15.55105018615723
fsm,2015,19.67991065979004
fsm,2016,14.5192045764097
fsm,2017,14.49077238550923
fsm,2018,2.048726467331119
fsm,2019,9.628802679319008
fsm,2020,18.19072958969332
fsm,2021,17.8490990990991
fsm,2022,18.94467358839425
fsm,2023,22.85632348723831
fsm,2024,21.62941600576784
gab,1975,6.209519863128662
gab,1997,15.08055973052979
gab,2019,28.73260652339264
gbr,1971,1.369959950447083
gbr,1972,0.948639988899231
gbr,1973,1.332409977912903
gbr,1974,1.716459989547729
gbr,1975,1.854689955711365
gbr,1976,2.040640115737915
gbr,1977,1.964930057525635
gbr,1978,2.037110090255737
gbr,1979,1.912089943885803
gbr,1980,0.5419999957084656
gbr,1981,0.4966099858283997
gbr,1982,0.2502599954605103
gbr,1983,0.6611700057983398
gbr,1984,1.366170048713684
gbr,1985,4.340519905090332
gbr,1986,5.435780048370361
gbr,1987,4.694250106811523
gbr,1988,4.206419944763184
gbr,1989,5.67096996307373
gbr,1990,5.464560031890869
gbr,1991,6.3784499168396
gbr,1992,6.445889949798584
gbr,2004,0.5332000255584717
gbr,2005,0.0577200017869473
gbr,2006,0.7409300208091736
gbr,2007,2.131680011749268
gbr,2008,0.4984500110149384
gbr,2009,0.8358399868011475
gbr,2010,0.6330900192260742
gbr,2011,1.189849972724915
gbr,2012,1.917909979820251
gbr,2013,1.951040029525757
gbr,2014,1.661010026931763
gbr,2015,1.391810059547424
gbr,2016,1.204660058021545
gbr,2017,0.7469900250434875
gbr,2018,0.2960500121116638
geo,1995,19.63945960998535
geo,1996,17.27602958679199
geo,1997,15.52525043487549
geo,2021,1.592010021209717
geo,2022,2.994339942932129
geo,2023,4.927000045776367
gha,1999,44.18386077880859
gha,2000,36.11235809326172
gha,2001,40.66772842407227
gha,2002,36.37337112426758
gha,2003,36.03079986572266
gha,2005,30.4584903717041
gha,2006,27.09623908996582
gha,2007,22.16028022766113
gha,2008,17.03572082519531
gha,2009,17.47890090942383
gha,2011,11.83621025085449
gha,2017,7.276430130004883
gha,2018,8.79325008392334
gha,2019,6.068480014801025
gha,2020,10.59278011322021
gha,2021,18.19644927978516
gib,1978,23.09367942810059
gib,1979,24.06797981262207
gib,1981,24.29751968383789
gib,1982,21.39690017700195
gin,1984,84.2063980102539
gin,1985,82.81133270263672
gin,1986,83.82727813720703
gin,1987,85.0792465209961
gin,1988,84.1423568725586
gin,1989,83.84207916259766
gin,1990,84.08905029296875
gin,1991,82.6192398071289
gin,1998,67.69821166992188
gin,1999,65.00643920898438
gin,2000,61.31982040405273
gin,2001,57.98606109619141
gin,2002,51.38829040527344
gin,2003,47.88301849365234
gin,2004,44.70011901855469
gin,2005,42.38228988647461
gin,2006,39.73479843139648
gin,2007,37.56724166870117
gin,2008,38.33974075317383
gin,2009,36.60620880126953
gin,2010,34.32188034057617
gin,2011,28.82744026184082
gin,2012,29.34482002258301
gin,2013,27.69399070739746
gin,2014,24.1711597442627
gin,2015,32.96103016222092
gin,2016,27.74778938293457
gin,2018,22.95754750300205
gin,2019,24.0966137816718
gin,2020,21.06162071228027
gin,2021,24.73917885852394
gmb,1971,88.71949768066406
gmb,1972,88.4681396484375
gmb,1973,87.4715805053711
gmb,1974,86.80008697509766
gmb,1975,85.845458984375
gmb,1976,84.9713363647461
gmb,1977,83.22860717773438
gmb,1978,81.79035186767578
gmb,1979,79.50537109375
gmb,1980,76.24215698242188
gmb,1981,70.43035125732422
gmb,1982,67.67913055419922
gmb,1983,65.00467681884766
gmb,1984,62.45473098754883
gmb,1985,60.3779411315918
gmb,1986,59.84360122680664
gmb,1992,66.58467864990234
gmb,1993,63.97447967529297
gmb,1996,56.16846084594727
gmb,1998,53.0278205871582
gmb,1999,44.43046188354492
gmb,2000,45.90948867797852
gmb,2001,44.81650924682617
gmb,2002,46.41556930541992
gmb,2003,41.61359024047852
gmb,2004,39.8432502746582
gmb,2005,40.75196075439453
gmb,2006,36.30823135375977
gmb,2007,33.99919891357422
gmb,2008,36.7464599609375
gmb,2010,79.21701210886296
gmb,2011,78.93965835700546
gmb,2012,78.59762029484398
gmb,2013,32.59220475604856
gmb,2014,32.29784613927273
gmb,2015,26.36033058166504
gmb,2016,24.43720379146919
gmb,2017,21.75024422012374
gmb,2018,19.98819387346362
gmb,2019,15.87760701962752
gmb,2020,13.32693101921192
gmb,2021,13.84338067479758
gmb,2022,13.2436082742933
gmb,2023,13.02762122129582
gnb,1981,73.20651245117188
gnb,1982,69.40657806396484
gnb,1984,69.91512298583984
gnb,1985,69.27469635009766
gnb,1987,72.56329345703125
gnb,1988,72.97615051269531
gnb,2000,58.77248001098633
gnb,2010,31.67120933532715
gnq,1994,41.8390998840332
gnq,2000,53.6314697265625
gnq,2001,48.13656997680664
gnq,2002,51.24996948242188
gnq,2003,51.6067008972168
gnq,2008,62.48432159423828
gnq,2009,62.67591094970703
gnq,2010,62.83547973632813
gnq,2011,61.96506118774414
gnq,2012,61.41664123535156
gnq,2015,65.17247009277344
grc,1971,5.604959964752197
grc,1972,5.934279918670654
grc,1973,6.114439964294434
grc,1974,4.723139762878418
grc,1975,4.588210105895996
grc,1976,4.235079765319824
grc,1977,5.264090061187744
grc,1978,3.995959997177124
grc,1979,4.016819953918457
grc,1980,4.217850208282471
grc,1981,7.197539806365967
grc,1982,7.587739944458008
grc,1983,7.254179954528809
grc,1984,7.154610157012939
grc,1985,6.662499904632568
grc,1986,7.082399845123291
grc,1987,9.992899894714355
grc,1988,8.89291000366211
grc,1989,8.897850036621094
grc,1990,9.185500144958496
grc,1991,8.59630012512207
grc,1992,9.04833984375
grc,1993,9.36264991760254
grc,1994,8.965740203857422
grc,1995,6.939350128173828
grc,1996,9.943739891052246
grc,1997,11.42047023773193
grc,1998,6.760049819946289
grc,1999,7.708119869232178
grc,2002,6.832489967346191
grc,2003,4.744219779968262
grc,2004,3.555069923400879
grc,2005,3.149049997329712
grc,2006,3.52649998664856
grc,2007,2.940049886703491
grc,2010,2.112200021743774
grc,2011,2.209789991378784
grc,2012,2.437129974365234
grc,2013,2.860599994659424
grc,2014,3.332119941711426
grc,2015,2.770100116729736
grc,2016,2.059770107269287
grc,2017,2.490530014038086
grc,2018,3.338850021362305
grc,2019,3.446140050888062
grc,2020,3.892770051956177
grc,2021,3.965800046920776
grd,1972,8.134510040283203
grd,1977,14.18319988250732
grd,1978,13.80963039398193
grd,1979,11.8657398223877
grd,1980,11.72262954711914
grd,1981,11.70915985107422
grd,1982,13.22414016723633
grd,1983,11.14669036865234
grd,1984,6.214479923248291
grd,2002,1.075410008430481
grd,2005,3.967459917068481
grd,2021,4.648370497427101
gtm,1970,55.9705696105957
gtm,1971,54.94483947753906
gtm,1972,54.17665100097656
gtm,1974,52.71271896362305
gtm,1975,51.66257095336914
gtm,1978,47.67501831054688
gtm,1981,41.24898910522461
gtm,1982,43.28147125244141
gtm,1983,39.81389999389648
gtm,1997,32.41724014282227
gtm,1999,20.68058013916016
gtm,2000,17.90496063232422
gtm,2001,18.67837905883789
gtm,2002,14.87534046173096
gtm,2004,9.9339599609375
gtm,2005,8.366780281066895
gtm,2006,6.88047981262207
gtm,2007,5.626780033111572
gtm,2008,5.283939838409424
gtm,2011,2.848829984664917
gtm,2012,5.659780025482178
gtm,2013,7.958409786224365
gtm,2014,10.0449800491333
gtm,2015,10.75115013122559
gtm,2016,11.87720012664795
gtm,2017,11.2094898223877
gtm,2018,10.23167991638184
gtm,2019,10.46864032745361
gtm,2020,10.03853988647461
gtm,2021,8.705389976501465
gtm,2022,8.563179969787598
gtm,2023,8.397749900817871
guf,1996,0.5754200220108032
guy,1971,12.33100032806396
guy,1972,12.48735046386719
guy,1974,10.98305988311768
guy,1976,12.72488021850586
guy,1977,5.946249961853027
guy,1979,7.426229953765869
guy,1982,9.41178035736084
guy,1991,8.298410415649414
guy,1992,10.06161975860596
guy,1993,10.77886962890625
guy,1995,9.085280418395996
guy,1996,11.68976974487305
guy,2003,9.133139610290527
guy,2008,1.041939973831177
guy,2009,5.838290214538574
guy,2020,19.3792896270752
guy,2021,20.30319976806641
guy,2023,18.52746963500977
hkg,1971,16.51481056213379
hkg,1972,14.72581958770752
hkg,1973,13.71975994110107
hkg,1974,12.46543025970459
hkg,1975,11.51546001434326
hkg,1976,11.00924968719482
hkg,1977,10.34671974182129
hkg,1978,10.73079967498779
hkg,1979,10.17092990875244
hkg,1980,5.310619831085205
hkg,1981,4.423279762268066
hkg,1982,4.110429763793945
hkg,1983,3.809139966964722
hkg,1984,4.167960166931152
hkg,1985,4.833769798278809
hkg,1995,5.31742000579834
hkg,1996,7.122409820556641
hkg,2001,4.0725998878479
hkg,2002,3.861210107803345
hkg,2003,2.645679950714111
hkg,2004,4.010900020599365
hkg,2005,3.164139986038208
hkg,2006,2.299949884414673
hkg,2007,2.518330097198486
hkg,2019,0.0673457838143746
hkg,2022,1.514488468361916
hnd,1979,23.38418006896973
hnd,1980,23.15891075134277
hnd,1982,13.41847038269043
hnd,1983,11.49007987976074
hnd,1984,10.41343021392822
hnd,1986,9.661809921264648
hnd,1991,13.30782985687256
hnd,1993,11.75652027130127
hnd,2000,13.81916046142578
hnd,2003,9.162010192871094
hnd,2004,7.508140087127686
hnd,2005,11.70421981811523
hnd,2006,7.795829772949219
hnd,2007,13.6385498046875
hnd,2008,10.81735992431641
hnd,2009,12.75209999084473
hnd,2010,12.39910984039307
hnd,2011,13.14229011535645
hnd,2012,16.75222969055176
hnd,2013,19.72701072692871
hnd,2014,20.87011909484863
hnd,2015,21.50032997131348
hnd,2016,20.67300987243652
hnd,2017,19.89369964599609
hnd,2018,18.88723635044962
hnd,2019,19.00366973876953
hnd,2020,20.61325073242188
hnd,2021,23.35730934143066
hnd,2022,22.2517204284668
hnd,2023,22.93644905090332
hrv,1998,10.7863597869873
hrv,1999,2.370520114898682
hrv,2003,0.9117900133132936
hrv,2009,2.054490089416504
hti,1981,64.34364318847656
hti,1982,60.33058166503906
hti,1983,55.70774841308594
hti,1984,58.75099945068359
hti,1985,54.00685882568359
hti,1986,50.52368927001953
hti,1987,57.33827972412109
hti,1997,41.0406494140625
hun,1996,23.78449058532715
hun,1997,13.10921001434326
hun,1998,0.427509993314743
hun,1999,0.724399983882904
hun,2000,2.159280061721802
hun,2001,1.380470037460327
hun,2006,0.2707900106906891
hun,2007,0.6998400092124939
hun,2008,1.312909960746765
hun,2009,1.945410013198853
hun,2010,2.237400054931641
hun,2011,2.409359931945801
hun,2012,1.657480001449585
hun,2013,2.551310062408447
hun,2014,3.577239990234375
hun,2015,4.300640106201172
hun,2016,5.057229995727539
hun,2017,5.139450073242188
hun,2018,4.647119998931885
hun,2019,4.525060176849365
hun,2020,4.429409980773926
hun,2021,3.911550045013428
hun,2022,3.607039928436279
hun,2023,2.117909908294678
idn,1971,35.30329132080078
idn,1972,34.44028091430664
idn,1974,37.13759994506836
idn,1975,32.25381851196289
idn,1976,29.05768966674805
idn,1978,19.88628959655762
idn,1981,14.78520965576172
idn,1987,2.959709882736206
idn,1989,3.657919883728027
idn,1990,5.322390079498291
idn,1991,6.277160167694092
idn,1992,6.999159812927246
idn,1993,7.43818998336792
idn,1994,6.372590065002441
idn,1995,6.265679836273193
idn,1996,6.66487979888916
idn,1997,6.840740203857422
idn,2001,3.802819967269897
idn,2002,3.833460092544556
idn,2003,4.39762020111084
idn,2004,5.211989879608154
idn,2005,6.556719779968262
idn,2006,4.968629837036133
idn,2007,3.294579982757568
idn,2008,3.039809942245483
idn,2009,1.808390021324158
idn,2013,1.671609997749329
idn,2014,4.42756986618042
idn,2016,8.607279777526855
idn,2017,8.78318977355957
idn,2018,9.602462459473983
ind,1971,51.88032150268555
ind,1990,33.02347946166992
ind,2002,20.1463508605957
ind,2003,10.32791042327881
ind,2009,0.3905600011348724
ind,2010,0.2763299942016602
ind,2011,0.3722400069236755
ind,2012,1.658699989318848
ind,2016,2.9423408128292
ind,2017,5.074669346895071
ind,2018,5.646223201908591
ind,2019,6.734190956726405
ind,2020,3.487494857117011
ind,2021,1.980073272469417
ind,2023,1.615318803376062
irl,1971,6.68897008895874
irl,1972,7.445119857788086
irl,1973,6.792190074920654
irl,1974,7.869639873504639
irl,1975,8.065290451049805
irl,1976,8.656559944152832
irl,1977,9.067959785461426
irl,1978,8.942649841308594
irl,1979,9.3371000289917
irl,1980,9.301239967346191
irl,1981,9.264010429382324
irl,1982,9.41117000579834
irl,1983,9.246829986572266
irl,1986,9.227149963378906
irl,1987,9.755970001220703
irl,1988,9.352439880371094
irl,1989,8.949600219726562
irl,1990,8.260499954223633
irl,1991,7.995800018310547
irl,1992,8.136409759521484
irl,1993,7.852809906005859
irl,1994,7.757259845733643
irl,1995,7.792359828948975
irl,1996,8.084839820861816
irl,1998,0.2897599935531616
irl,1999,0.0975399985909462
irl,2001,0.0080300001427531
irn,1984,25.4632396697998
irn,1985,24.3122501373291
irn,1986,23.22223091125488
irn,1987,23.34539985656738
irn,1988,21.76634979248047
irn,1989,21.06385040283203
irn,1990,16.2101993560791
irn,1992,12.46434020996094
irn,1997,13.50341033935547
irn,1999,19.45418930053711
irn,2000,18.79153060913086
irn,2002,5.652200222015381
irn,2006,1.526029944419861
irn,2007,4.277929782867432
irn,2009,3.870219945907593
irn,2010,4.641779899597168
irn,2011,4.037010192871094
irn,2012,3.496510028839111
irn,2014,3.631939888000488
irn,2015,3.596319913864136
irn,2016,3.403379917144775
irn,2017,2.589590072631836
irn,2019,1.389359951019287
irn,2020,1.503209948539734
irq,1971,65.7878189086914
irq,1972,65.12989807128906
irq,1973,63.63410186767578
irq,1974,61.32469940185547
irq,1975,57.40343856811523
irq,1976,49.74345016479492
irq,1977,44.77806091308594
irq,1978,40.75093841552734
irq,1980,12.18076038360596
irq,1981,12.67858028411865
irq,1983,17.5195198059082
irq,1985,20.21862983703613
irq,1986,18.49731063842773
irq,1987,17.1299991607666
irq,1988,14.70827960968018
irq,1989,17.16426086425781
irq,1993,25.44194984436035
irq,1996,31.08312034606934
irq,1999,22.0715503692627
irq,2000,24.1528205871582
irq,2003,20.09016036987305
irq,2004,21.07765007019043
irq,2007,16.78240966796875
isl,1994,0.4442299902439117
isl,1997,0.8719099760055542
isl,1998,1.523329973220825
isl,1999,1.753559947013855
isl,2000,1.614269971847534
isl,2002,1.881219983100891
isl,2003,1.694479942321777
isl,2004,1.596369981765747
isl,2005,1.660490036010742
isl,2006,1.890169978141785
isl,2007,1.488749980926514
isl,2008,1.605890035629272
isl,2009,1.628360033035278
isl,2010,1.200649976730347
isl,2011,1.32535994052887
isl,2012,1.164770007133484
isl,2013,1.244899988174438
isl,2014,1.228729963302612
isl,2015,1.075340032577515
isl,2016,0.9126499891281128
isl,2017,1.011770009994507
isl,2018,1.225720047950745
isl,2019,1.079200029373169
isl,2020,1.444640040397644
isl,2021,1.349210023880005
isl,2022,1.58299994468689
isr,2000,3.468739986419678
isr,2001,4.143610000610352
isr,2002,4.015439987182617
isr,2003,4.669189929962158
isr,2004,4.33549976348877
isr,2005,4.554120063781738
isr,2006,4.386030197143555
isr,2007,4.223400115966797
isr,2008,4.210090160369873
isr,2009,2.311170101165771
isr,2010,2.074120044708252
isr,2011,1.856299996376038
isr,2012,1.763170003890991
isr,2013,2.070070028305054
isr,2014,2.414160013198853
isr,2015,2.665930032730103
isr,2016,2.542079925537109
isr,2017,3.168600082397461
isr,2018,3.369970083236694
isr,2019,3.559489965438843
isr,2020,3.609299898147583
isr,2021,3.480380058288574
isr,2022,3.469239950180054
ita,1976,2.062580108642578
ita,1979,0.5742200016975403
ita,1985,0.9482399821281432
ita,2012,0.4379900097846985
ita,2013,0.8632500171661377
ita,2014,1.239760041236877
ita,2015,1.52581000328064
ita,2016,1.724449992179871
ita,2017,1.764170050621033
ita,2018,1.733549952507019
ita,2019,1.754719972610474
ita,2020,1.621000051498413
ita,2021,2.18284010887146
ita,2022,2.592499971389771
ita,2023,2.16471004486084
jam,1976,1.383149981498718
jam,1977,1.623149991035461
jam,1980,0.3652099967002869
jam,1981,1.689190030097961
jam,1983,0.5559499859809875
jam,1984,2.285640001296997
jam,1985,3.870949983596802
jam,1986,4.317190170288086
jam,1987,4.664810180664063
jam,1988,7.189630031585693
jam,1989,3.165910005569458
jam,1990,3.744570016860962
jam,1991,4.689770221710205
jam,1993,8.905799865722656
jam,1999,11.43826007843018
jam,2000,10.72338962554932
jam,2001,11.09294033050537
jam,2002,12.20557975769043
jam,2003,13.12963008880615
jam,2004,10.3303804397583
jam,2005,10.5004301071167
jam,2013,20.00721924565961
jam,2014,20.50816045054882
jam,2015,21.09365280329033
jam,2016,20.50848218964769
jam,2017,21.52576622538436
jam,2018,21.60186686706482
jam,2019,21.95320912324208
jam,2020,11.75352001190186
jam,2021,15.41633987426758
jam,2022,7.986489772796631
jam,2023,11.99131965637207
jor,1972,24.24090003967285
jor,1973,18.28042984008789
jor,1974,13.700119972229
jor,1980,5.800590038299561
jor,1981,6.26023006439209
jor,1982,6.80171012878418
jor,1983,9.279669761657717
jor,1984,10.45508003234863
jor,1985,9.702930450439451
jor,1999,14.74258041381836
jor,2000,15.49925994873047
jor,2002,8.985859870910645
jor,2003,7.092959880828857
jor,2004,5.617370128631592
jor,2005,5.88739013671875
jor,2006,6.159689903259277
jor,2007,7.831860065460205
jor,2008,10.46599006652832
jor,2010,11.69118022918701
jor,2011,10.9671802520752
jor,2012,10.72004985809326
jor,2013,6.812990188598633
jor,2016,3.715070009231567
jor,2017,2.267980098724365
jor,2018,2.088850021362305
jor,2019,2.114150047302246
jor,2020,1.935789942741394
jor,2021,2.898299932479858
jor,2022,2.200930118560791
jor,2023,2.322629928588867
jpn,1978,0.2055899947881699
jpn,1979,3.850460052490234
jpn,1980,2.337510108947754
jpn,1981,2.84672999382019
jpn,1982,2.397010087966919
jpn,1983,1.338340044021606
jpn,1984,0.0446700006723404
kaz,2000,5.649519920349121
kaz,2006,3.774689912796021
kaz,2007,5.003640174865723
kaz,2008,5.894800186157227
kaz,2009,7.11113977432251
kaz,2010,8.013103426482825
kaz,2011,7.505380639480849
kaz,2012,7.655179108824386
kaz,2013,8.223170700351517
kaz,2014,8.557574668390092
kaz,2015,8.55970068993837
kaz,2016,8.618432086361265
kaz,2017,5.337203582778863
kaz,2018,4.408116143140079
kaz,2019,3.419474029804236
kaz,2020,11.02923555392518
kaz,2021,11.46390642137964
kaz,2022,10.79494110707039
kaz,2023,6.715074673105137
kaz,2024,7.227087988056871
ken,1999,37.07028961181641
ken,2000,34.25896072387695
ken,2001,26.89679908752441
ken,2002,32.49102020263672
ken,2003,15.75150012969971
ken,2004,16.67097091674805
ken,2005,15.21761035919189
ken,2006,15.62765026092529
ken,2007,6.106080055236816
ken,2008,9.82328987121582
ken,2009,8.571579933166504
ken,2012,15.83819961547852
kgz,1996,17.54795074462891
kgz,1999,10.58778953552246
kgz,2000,11.8507604598999
kgz,2001,12.20341968536377
kgz,2002,12.64739990234375
kgz,2003,13.28481006622314
kgz,2004,8.283439636230469
kgz,2005,10.61408996582031
kgz,2006,9.430859565734863
kgz,2007,8.60884952545166
kgz,2008,7.790810108184814
kgz,2009,6.847710132598877
kgz,2010,5.692263598583332
kgz,2011,6.250254966752336
kgz,2012,6.143866811695697
kgz,2013,5.967714854524957
kgz,2014,4.944288079086352
kgz,2015,5.406519013419935
kgz,2016,3.255948825815611
kgz,2017,2.966474159389453
kgz,2018,2.511734552079795
kgz,2019,3.123059113209974
kgz,2020,5.039305183534778
kgz,2021,3.90068243920524
kgz,2022,3.359988037667753
kgz,2024,2.94420289618361
khm,1997,21.05752944946289
khm,1998,23.03630065917969
khm,1999,20.94178009033203
khm,2000,15.87106990814209
khm,2003,6.109869956970215
khm,2006,5.870989799499512
khm,2007,5.801509857177734
khm,2008,6.254580020904541
khm,2010,6.908490180969238
khm,2012,3.869800090789795
khm,2014,8.967619895935059
khm,2015,6.586390018463135
khm,2016,10.04975032806396
khm,2017,11.87633037567139
khm,2018,11.20965003967285
khm,2019,9.536330223083496
khm,2020,9.89175033569336
khm,2021,10.92495668659235
khm,2022,14.94120512211475
khm,2023,8.375224483809305
kir,1979,6.692130088806152
kir,1981,3.846149921417236
kir,1982,1.494250059127808
kir,1983,2.607180118560791
kir,1984,3.399650096893311
kir,1985,1.68775999546051
kir,1986,0.654449999332428
kir,1987,3.692310094833374
kir,1989,1.204010009765625
kir,1993,0.1879699975252151
kir,2022,5.623069763183594
kir,2023,10.19733047485352
kna,1985,13.0888500213623
kna,1986,7.065539836883545
kor,1971,8.989509582519531
kor,1972,5.929679870605469
kor,1973,5.781929969787598
kor,1974,5.31417989730835
kor,1975,4.605510234832764
kor,1976,3.991039991378784
kor,1977,5.535339832305908
kor,1978,6.063660144805908
kor,1979,4.990789890289307
kor,1980,3.651020050048828
kor,1981,2.708379983901978
kor,1982,0.879859983921051
kor,1986,1.320039987564087
kor,1987,1.965280055999756
kor,1988,3.471780061721802
kor,1989,3.151700019836426
kor,1990,1.777490019798279
kor,1991,1.075549960136414
kor,2000,1.891070008277893
kor,2001,1.928079962730408
kor,2002,1.684059977531433
kor,2003,0.9245200157165528
kor,2004,1.230710029602051
kor,2005,0.483709990978241
kor,2006,0.3232899904251099
kor,2007,0.0787499994039536
kor,2009,1.16910994052887
kor,2011,1.034680008888245
kor,2012,1.309190034866333
kor,2013,2.467420101165771
kor,2014,3.057670116424561
kor,2015,0.1889999955892563
kor,2016,0.730239987373352
kor,2017,1.949720025062561
kor,2018,1.892390012741089
kor,2019,0.9431099891662598
kor,2020,1.450219988822937
kor,2021,1.610610008239746
kor,2022,1.210000038146973
kwt,1971,50.19897079467773
kwt,1972,44.14115905761719
kwt,1973,40.17567825317383
kwt,1974,39.38867950439453
kwt,1975,37.49042129516602
kwt,1976,34.05891036987305
kwt,1977,27.98294067382813
kwt,1978,22.18308067321777
kwt,1979,24.38253021240234
kwt,1980,23.4311408996582
kwt,1981,23.22871971130371
kwt,1982,23.36066055297852
kwt,1983,21.86650085449219
kwt,1984,21.8487606048584
kwt,1985,22.75702095031738
kwt,1986,22.33567047119141
kwt,1987,26.60297966003418
kwt,1988,26.89602088928223
kwt,1992,41.13864135742188
kwt,1994,28.60876083374023
kwt,1996,25.83828926086426
kwt,1997,27.94627952575684
kwt,1998,17.01544952392578
kwt,1999,17.45754051208496
kwt,2000,14.5643196105957
kwt,2001,9.356479644775392
kwt,2002,5.090670108795166
kwt,2005,1.871440052986145
kwt,2013,0.4020900130271912
lao,1992,47.71289825439453
lao,1993,43.40972900390625
lao,1994,39.79341125488281
lao,1996,36.51303863525391
lao,1997,33.73060989379883
lao,1998,30.40743064880371
lao,1999,29.33209037780762
lao,2000,28.47360992431641
lao,2001,28.8688907623291
lao,2002,27.47897911071777
lao,2003,24.81537055969238
lao,2004,23.92336082458496
lao,2005,23.07607078552246
lao,2006,22.61815071105957
lao,2007,19.92336082458496
lao,2008,17.35012054443359
lao,2009,14.55461978912354
lao,2010,9.939780235290527
lao,2011,9.327531921632628
lao,2012,8.865343675826463
lao,2013,6.228483631812319
lao,2014,5.079445131193418
lao,2015,5.748508229328321
lao,2016,6.404138668171373
lao,2017,7.207411608999811
lao,2018,7.817683581381048
lao,2019,7.652415546089514
lao,2020,7.689375125847373
lao,2021,7.729855592583099
lao,2022,9.846476403734842
lao,2023,9.815007285850823
lao,2024,10.5292150610215
lbn,1974,9.768879890441896
lbn,1997,45.55038070678711
lbn,1998,30.8022403717041
lbn,2023,25.78919982910156
lbr,1999,61.77706909179688
lbr,2008,61.23300933837891
lbr,2011,34.7149385562988
lbr,2014,12.86612987518311
lbr,2016,20.72080003728812
lbr,2017,26.69689906769355
lbr,2020,29.9001293182373
lbr,2021,35.4452982699887
lbr,2022,37.28896587956324
lby,1971,46.34008026123047
lby,1972,37.22032165527344
lby,1973,28.89496994018555
lby,1974,20.33377075195313
lby,1975,17.05777931213379
lby,1976,10.69400024414063
lby,1977,9.88527011871338
lby,1978,10.27476024627686
lby,1981,9.372269630432127
lby,1983,5.064469814300537
lca,1981,1.304239988327026
lca,1982,2.364559888839722
lca,1990,10.29364967346191
lca,2000,8.92177963256836
lca,2001,7.999320030212402
lca,2002,0.1108400002121925
lca,2003,1.015229940414429
lca,2004,5.729660034179688
lca,2005,8.44653034210205
lca,2006,6.743959903717041
lca,2007,6.795060157775879
lca,2008,5.406680107116699
lca,2009,3.285830020904541
lca,2010,4.811950206756592
lca,2011,5.372600078582764
lca,2012,6.375329971313477
lca,2013,6.982769966125488
lca,2014,7.54325008392334
lca,2015,6.475659847259521
lca,2016,7.481949806213379
lca,2017,5.862989902496338
lca,2018,4.787499904632568
lca,2019,3.453550100326538
lca,2020,2.594029903411865
lca,2021,2.195476788784552
lca,2023,1.898210048675537
lie,2014,1.825989961624146
lka,2001,2.971410036087036
lka,2002,4.204100131988525
lka,2003,5.789309978485107
lka,2004,4.916319847106934
lka,2005,8.061490058898926
lka,2006,8.0593900680542
lka,2007,7.712500095367432
lka,2008,7.603449821472168
lka,2009,8.980850219726562
lka,2010,7.107769966125488
lka,2011,7.368060111999512
lka,2012,7.686520099639893
lka,2013,7.060770034790039
lka,2014,6.64326000213623
lka,2015,4.34788990020752
lka,2016,4.247620105743408
lka,2017,4.424469947814941
lka,2018,4.77180004119873
lka,2019,5.28168774456984
lka,2020,4.486653047872426
lka,2022,2.444904587805993
lka,2023,3.714590589703839
lso,1970,25.10765075683594
lso,1972,29.58691024780273
lso,1973,29.69293022155762
lso,1974,20.44869995117188
lso,1976,19.30302047729492
lso,1977,17.32653045654297
lso,1978,25.09053039550781
lso,1979,23.44840049743652
lso,1980,24.27322006225586
lso,1981,25.24859046936035
lso,1982,21.73774909973145
lso,1983,23.5982608795166
lso,1984,23.8066291809082
lso,1985,22.90537071228027
lso,1986,24.49197959899902
lso,1987,20.41790008544922
lso,1988,20.64701080322266
lso,1989,22.75411987304688
lso,1990,25.13773918151855
lso,1991,24.63830947875977
lso,1992,25.57595062255859
lso,1993,29.09086990356445
lso,1994,29.6055793762207
lso,1995,32.30175018310547
lso,1996,32.36882019042969
lso,1998,39.98134994506836
lso,1999,42.90290832519531
lso,2000,22.7707405090332
lso,2001,20.34140014648438
lso,2002,17.8038501739502
lso,2003,15.40818023681641
lso,2004,16.05743026733398
lso,2005,14.62742042541504
lso,2006,12.12919044494629
lso,2007,14.52033996582031
lso,2008,13.49332046508789
lso,2009,13.87487030029297
lso,2010,13.8969225971739
lso,2011,64.83399264898604
lso,2012,63.96142055712399
lso,2013,13.03768842713951
lso,2014,14.5579943973618
lso,2015,15.47930334088203
lso,2016,14.9388706283369
lso,2017,13.89836946824981
lso,2018,18.95474759819398
lso,2019,19.76441971277198
lso,2020,23.6202705501477
lso,2021,29.63156168155442
lso,2022,28.9744326037479
lso,2023,30.26143619117686
ltu,1998,1.424860000610352
ltu,2003,0.1779000014066696
ltu,2021,1.077810049057007
lux,1972,8.085410118103027
lux,1973,8.903619766235352
lux,1974,7.01170015335083
lux,1975,8.135259628295898
lux,1976,8.436209678649902
lux,1977,8.202549934387207
lux,1978,8.809700012207031
lux,1981,19.25705909729004
lux,1982,13.74627017974854
lux,1983,15.26101016998291
lux,1984,16.1314697265625
lux,1986,16.49607086181641
lux,1987,20.87985038757324
lux,1988,14.64369964599609
lux,1999,2.288269996643066
lux,2000,3.449990034103394
lux,2001,2.922080039978027
lux,2002,2.526839971542358
lux,2003,4.138589859008789
lux,2004,4.552370071411133
lux,2005,2.355900049209595
lux,2006,3.009419918060303
lux,2007,2.690939903259277
lux,2008,2.805069923400879
lux,2010,3.099349975585938
lux,2011,4.267839908599854
lux,2012,1.581990003585815
lux,2013,2.172790050506592
lux,2014,2.944509983062744
lux,2015,2.338949918746948
lux,2016,2.219660043716431
lux,2017,3.037559986114502
lux,2018,2.805249929428101
lux,2019,1.650730013847351
lux,2020,1.653849959373474
lux,2021,1.804100036621094
lux,2022,0.1724099963903427
lva,2009,0.8284599781036377
lva,2010,0.7936499714851379
lva,2011,0.7191600203514099
lva,2012,1.300430059432983
lva,2013,1.611449956893921
lva,2014,1.646110057830811
lva,2015,1.709370017051697
lva,2016,1.37788999080658
lva,2017,1.116559982299805
lva,2018,0.673259973526001
lva,2019,0.8011699914932251
lva,2020,0.9595999717712402
lva,2021,0.9132199883461
lva,2022,1.070420026779175
lva,2023,1.63427996635437
mac,1990,11.12825012207031
mac,1992,14.24701976776123
mac,1999,10.97506999969482
mac,2000,10.79681968688965
mac,2001,11.91526031494141
mac,2002,9.320420265197754
mac,2003,8.901670455932617
mac,2004,8.869810104370117
mac,2005,9.952280044555664
mac,2006,11.02394962310791
mac,2007,10.58792972564697
mac,2008,10.17658996582031
mac,2009,9.674710273742676
mac,2010,9.048130035400392
mac,2011,6.130129814147949
mac,2012,7.448470115661621
mac,2013,6.271029949188232
mac,2014,2.805560111999512
mac,2015,1.377189993858337
mac,2016,0.717739999294281
mac,2018,0.2198600023984909
mac,2019,4.456250190734863
mac,2020,8.398839950561523
mac,2021,11.64550018310547
mac,2022,14.10890960693359
mac,2023,13.12559986114502
mar,1975,67.4714126586914
mar,1976,64.64029693603516
mar,1977,62.60808181762695
mar,1978,60.25288009643555
mar,1979,58.4416389465332
mar,1980,56.57629013061523
mar,1981,54.70167922973633
mar,1982,54.50593948364258
mar,1983,52.59474182128906
mar,1984,50.78511810302734
mar,1985,51.63068008422852
mar,1986,52.79241943359375
mar,1987,54.09185028076172
mar,1988,54.97961044311523
mar,1989,56.15383148193359
mar,1990,54.69126892089844
mar,1991,54.47776031494141
mar,1992,53.07989120483398
mar,1993,50.28147125244141
mar,1994,46.79402923583984
mar,1995,43.22433090209961
mar,1996,40.54399871826172
mar,1997,38.9694709777832
mar,1998,38.79375839233398
mar,1999,29.34292984008789
mar,2000,24.53376960754395
mar,2001,20.68240928649902
mar,2002,16.53586959838867
mar,2003,14.41501998901367
mar,2004,14.6016902923584
mar,2005,14.05179023742676
mar,2006,13.25391006469727
mar,2007,12.33189010620117
mar,2008,12.1994104385376
mar,2009,12.41207981109619
mar,2010,8.564620018005371
mar,2011,6.922060012817383
mar,2012,7.677899837493896
mar,2013,6.689330101013184
mar,2014,7.89148998260498
mar,2016,8.480199813842773
mar,2017,7.501259803771973
mar,2018,5.059450149536133
mar,2019,2.815530061721802
mda,2013,7.944169998168945
mdg,1972,39.40203857421875
mdg,1989,38.75186920166016
mdg,1990,39.64030075073242
mdg,1995,44.52582931518555
mdg,1996,45.1202507019043
mdg,1999,37.59627914428711
mdg,2000,35.9622688293457
mdg,2001,35.07796859741211
mdg,2002,34.89651870727539
mdg,2003,26.26186943054199
mdg,2010,0.2008522492350947
mdg,2016,0.7702366753366193
mdg,2018,0.1270171774034178
mdg,2019,6.441840171813965
mdv,1997,3.382489919662476
mdv,1999,0.2642900049686432
mdv,2008,0.2711499929428101
mdv,2011,0.2147199958562851
mdv,2012,2.00324851109908
mdv,2013,1.332402084564552
mdv,2022,0.777444735856126
mdv,2023,1.811766949556594
mex,1971,22.18943977355957
mex,1997,2.643369913101196
mex,1998,2.623270034790039
mhl,2002,4.414589881896973
mhl,2015,6.45074987411499
mhl,2016,3.031130075454712
mkd,1998,11.10315990447998
mkd,1999,12.08697986602783
mkd,2003,1.5518399477005
mkd,2004,1.082849979400635
mkd,2005,1.035730004310608
mkd,2006,2.688780069351196
mkd,2007,1.748059988021851
mkd,2008,3.843930006027222
mkd,2009,2.241669893264771
mkd,2012,2.630919933319092
mkd,2013,3.520319938659668
mkd,2014,4.080699920654297
mkd,2015,2.195039987564087
mkd,2017,2.557660102844238
mkd,2018,3.317759990692139
mkd,2019,6.756199836730957
mkd,2020,6.573170185089111
mkd,2021,6.966629981994629
mkd,2022,2.655970096588135
mli,1971,87.86097717285156
mli,1999,66.5738525390625
mli,2002,58.63298034667969
mli,2003,58.28171920776367
mli,2004,55.82057189941406
mli,2005,52.7470588684082
mli,2006,51.06235122680664
mli,2007,48.94293975830078
mli,2009,42.39962005615234
mli,2010,41.18788909912109
mli,2011,40.13896942138672
mli,2012,42.05163955688477
mli,2014,44.63425827026367
mli,2015,47.16249084472656
mli,2016,46.23902130126953
mli,2017,40.9775505065918
mli,2018,48.25151824951172
mli,2023,37.20011138916016
mlt,1971,15.42677974700928
mlt,1972,14.83897972106934
mlt,1973,14.69808006286621
mlt,1974,14.33880043029785
mlt,1975,14.69503021240234
mlt,1976,13.47712993621826
mlt,1977,11.05496978759766
mlt,1978,10.62545967102051
mlt,1979,9.671230316162108
mlt,1980,10.95641040802002
mlt,1981,11.52470970153809
mlt,1982,9.328399658203123
mlt,1983,11.81505012512207
mlt,1984,9.79131031036377
mlt,1985,6.296050071716309
mlt,1986,6.188869953155518
mlt,1987,7.208000183105469
mlt,1988,6.699820041656494
mlt,1989,5.885089874267578
mlt,1990,5.398169994354248
mlt,1991,5.708950042724609
mlt,1992,5.293670177459717
mlt,1993,4.563119888305664
mlt,1994,5.124179840087891
mlt,1995,5.558899879455566
mlt,1996,3.683710098266602
mlt,1997,3.521589994430542
mlt,2017,1.418329954147339
mlt,2018,1.062180042266846
mlt,2019,1.866950035095215
mlt,2020,2.704329967498779
mlt,2021,2.527539968490601
mlt,2022,2.903569936752319
mlt,2023,2.67303991317749
mmr,1971,38.91265106201172
mmr,1973,32.0666618347168
mmr,1974,39.25727081298828
mmr,1978,32.02853012084961
mmr,2000,6.355690002441406
mmr,2001,5.808450222015381
mmr,2002,7.341569900512695
mmr,2003,4.677599906921387
mmr,2004,4.994400024414063
mmr,2005,3.539279937744141
mmr,2006,3.332170009613037
mmr,2008,0.2885000109672546
mmr,2009,0.5964400172233582
mne,2003,3.03560996055603
mne,2005,2.52534008026123
mne,2006,5.313399791717529
mne,2007,6.045820236206055
mne,2008,5.247230052947998
mne,2012,0.3176999986171722
mne,2016,1.889529943466187
mng,1995,21.62426948547363
mng,1996,18.83868026733398
mng,1997,17.47981071472168
mng,1998,12.59340000152588
mng,1999,9.769390106201172
mng,2000,6.762929916381836
mng,2001,4.913370132446289
mng,2002,6.427629947662354
mng,2003,14.17092037200928
mng,2004,8.25529956817627
mng,2005,9.376250267028809
mng,2006,4.992710113525391
mng,2007,4.57705020904541
mng,2008,2.190299987792969
mng,2012,2.014800071716309
mng,2013,5.325079917907715
mng,2014,5.609149932861328
mng,2015,5.112659931182861
mng,2016,3.943170070648193
mng,2017,5.788459777832031
mng,2018,4.104129354488813
mng,2019,4.851232811759128
mng,2020,6.311946039355594
mng,2021,6.992417410607088
mng,2022,6.025496676715215
mng,2023,6.484223270360935
moz,1973,73.53800201416016
moz,1979,64.06867218017578
moz,1981,65.7281723022461
moz,1982,65.71160888671875
moz,1983,54.06782913208008
moz,1985,51.18698883056641
moz,1986,52.2199592590332
moz,1987,55.92602920532227
moz,1989,58.64305114746094
moz,1991,59.51530075073242
moz,1992,60.95344161987305
moz,1993,61.95381164550781
moz,1994,62.06095123291016
moz,1995,62.70658111572266
moz,1998,58.69680023193359
moz,1999,54.88911819458008
moz,2000,50.88539123535156
moz,2001,45.92205047607422
moz,2002,48.11445999145508
moz,2004,34.29011917114258
moz,2005,28.68202018737793
moz,2006,24.10252952575684
moz,2007,18.39320945739746
moz,2008,14.13681983947754
moz,2009,11.75059032440186
moz,2010,9.589500427246094
moz,2011,10.6212100982666
moz,2012,9.530659675598145
moz,2013,7.693140029907227
moz,2014,6.481569766998291
moz,2016,6.497660160064697
moz,2017,8.130370140075684
moz,2018,4.835780143737793
mrt,1994,57.33541107177734
mrt,1995,51.29848098754883
mrt,1996,47.1478385925293
mrt,1998,41.84408187866211
mrt,1999,41.84115982055664
mrt,2000,42.14387893676758
mrt,2001,39.83562088012695
mrt,2002,39.9752082824707
mrt,2003,36.92575836181641
mrt,2004,29.64631080627441
mrt,2005,30.25415992736816
mrt,2006,27.28974914550781
mrt,2007,25.25337028503418
mrt,2008,27.54947090148926
mrt,2009,28.50918006896973
mrt,2010,28.57546043395996
mrt,2011,28.59951019287109
mrt,2012,30.23862075805664
mrt,2013,29.3797492980957
mrt,2014,27.86329078674316
mrt,2016,31.80050086975098
mrt,2017,27.5887508392334
mrt,2018,26.88536071777344
mrt,2019,29.40505981445313
msr,1999,46.61922073364258
msr,2000,30.6382999420166
mtq,1987,0.5031099915504456
mtq,1990,4.867650032043457
mtq,1992,10.39122009277344
mtq,1993,10.34897994995117
mtq,1996,7.921860218048096
mus,1972,13.76237010955811
mus,1973,14.31875038146973
mus,1974,15.13556003570557
mus,1975,15.321120262146
mus,1976,15.18560028076172
mus,1977,9.57837963104248
mus,1978,9.07779026031494
mus,1979,9.350040435791016
mus,1980,6.536069869995117
mus,1981,3.521509885787964
mus,1983,0.2119999974966049
mus,1984,1.262359976768494
mus,1985,0.5122399926185608
mus,1986,5.863440036773682
mus,1987,5.260159969329834
mus,1988,5.82919979095459
mus,1989,5.944159984588623
mus,1990,7.560619831085205
mus,1991,10.07126998901367
mus,1993,7.648709774017334
mus,1994,7.112510204315186
mus,1995,6.994369983673096
mus,1996,6.160369873046875
mus,1997,5.486740112304688
mus,1998,0.6448500156402588
mus,2004,1.977220058441162
mus,2005,1.626260042190552
mus,2006,1.436229944229126
mus,2007,1.726119995117188
mus,2008,1.913930058479309
mus,2009,2.450330018997192
mus,2010,2.081110000610352
mus,2011,2.729899883270264
mus,2012,7.027999877929688
mus,2013,4.996250152587891
mus,2014,4.701779842376709
mus,2015,4.555630207061768
mus,2016,4.080480098724365
mus,2017,4.132999897003174
mus,2018,1.945039987564087
mus,2019,3.638859987258911
mus,2020,4.033649921417236
mus,2021,5.528110027313232
mus,2023,1.34008002281189
mwi,2007,1.513270020484924
mys,1970,11.88372039794922
mys,1971,10.03199005126953
mys,1972,8.676039695739746
mys,1994,2.667579889297485
mys,1998,3.003590106964111
mys,1999,2.58853006362915
mys,2000,1.33568000793457
mys,2001,3.593990087509155
mys,2002,6.156070232391357
mys,2003,5.993360042572021
mys,2004,3.270900011062622
mys,2005,2.154249906539917
mys,2006,3.092959880828857
mys,2007,2.569590091705322
mys,2008,3.113339900970459
mys,2009,1.583549976348877
mys,2010,3.555419921875
mys,2011,3.586780071258545
mys,2012,3.966530084609985
mys,2013,4.128784820090504
mys,2014,6.054888321841161
mys,2015,6.367759698083786
mys,2016,6.867300996712078
mys,2017,6.641715465416727
mys,2018,6.581418851336782
mys,2019,9.674031250320608
mys,2020,10.37559619069264
mys,2021,10.60823693394607
mys,2022,11.1594192150479
mys,2023,7.776576058684837
nam,1989,11.24932956695557
nam,1990,11.06480026245117
nam,1992,6.238920211791992
nam,1998,7.534979820251465
nam,1999,9.247879981994627
nam,2000,9.97992992401123
nam,2001,10.03561019897461
nam,2002,8.688730239868164
nam,2003,8.285630226135254
nam,2004,9.54242992401123
nam,2005,7.704780101776123
nam,2006,9.412079811096191
nam,2007,5.520830154418945
nam,2008,5.766310214996338
nam,2009,4.946070194244385
nam,2010,4.315619945526123
nam,2012,1.545230031013489
ncl,1982,9.742799758911133
ncl,1983,7.550280094146729
ncl,1984,8.586739540100098
ncl,1985,15.91755962371826
ncl,1986,15.86373043060303
ncl,1987,13.73941040039063
ncl,1988,5.307919979095459
ncl,1989,3.703700065612793
ncl,1990,8.272529602050781
ncl,1991,7.62693977355957
ner,1973,92.65033721923828
ner,1974,92.00385284423828
ner,1986,83.76087188720703
ner,1989,83.72474670410156
ner,1990,83.27879333496094
ner,1991,82.82662963867188
ner,1992,84.13126373291016
ner,1997,81.58191680908203
ner,1998,81.02381896972656
ner,1999,79.34938049316406
ner,2000,78.50115966796875
ner,2001,75.69075775146484
ner,2002,72.91647338867188
ner,2003,69.59722137451172
ner,2004,66.68721008300781
ner,2005,66.16806030273438
ner,2006,64.90164947509766
ner,2007,63.55455017089844
ner,2008,59.73126983642578
ner,2009,56.02796936035156
ner,2010,52.12459182739258
ner,2011,47.62047958374023
ner,2012,45.60289001464844
ner,2013,45.53675842285156
ner,2014,44.91836166381836
ner,2015,43.30900955200195
ner,2016,42.07675170898438
ner,2017,38.75735855102539
ner,2018,42.06411565527972
ner,2019,44.54875183105469
ner,2021,43.98725128173828
ner,2022,43.28279113769531
ner,2023,41.13901901245117
nga,1999,44.38700103759766
nga,2000,41.86643981933594
nga,2004,40.18107986450195
nga,2005,39.63175964355469
nga,2006,38.84350967407227
nga,2007,39.73324966430664
nga,2008,45.28820037841797
nga,2009,44.17358016967773
nga,2010,43.93970108032227
nic,1971,42.90293121337891
nic,1973,43.35052108764648
nic,1980,35.43384170532227
nic,1982,36.71371841430664
nic,1983,36.0001106262207
nic,1984,37.8791389465332
nic,1985,32.48783874511719
nic,1986,33.91783905029297
nic,1987,32.59936904907227
nic,1988,32.07508850097656
nic,1989,33.90679931640625
nic,1990,31.9261302947998
nic,1991,29.44622993469238
nic,1992,25.44198036193848
nic,1993,24.78603935241699
nic,1994,24.07621002197266
nic,1995,26.00053024291992
nic,1999,18.41198921203613
nic,2000,15.29220962524414
nic,2001,11.56169986724854
nic,2002,4.9994797706604
nic,2004,1.814460039138794
nic,2006,3.509099960327148
nic,2007,4.143839836120605
nic,2008,3.592639923095703
nic,2010,4.551499843597412
nic,2023,6.497270107269287
nld,1971,6.740280151367188
nld,1972,6.667920112609863
nld,1973,6.648250102996826
nld,1974,6.695909976959229
nld,1975,6.81728982925415
nld,1976,6.972599983215332
nld,1977,6.760700225830078
nld,1978,6.539790153503418
nld,1979,6.301790237426758
nld,1980,6.151790142059326
nld,1981,6.51092004776001
nld,1982,6.685910224914551
nld,1983,7.239659786224365
nld,1984,7.215109825134277
nld,1985,7.383950233459473
nld,1986,3.257950067520142
nld,1987,3.489300012588501
nld,1988,4.145689964294434
nld,1989,4.542009830474854
nld,1990,5.047820091247559
nld,1991,5.468589782714844
nld,1992,6.607379913330078
nld,1993,6.515520095825195
nld,1994,2.919009923934937
nld,1995,2.684449911117554
nld,1996,2.69815993309021
nld,1997,2.848390102386475
nld,2017,0.1356299966573715
nld,2018,0.1851499974727631
nld,2019,0.0256500001996756
nld,2020,0.0644999966025352
nld,2021,0.0678299963474274
nld,2022,0.2752699851989746
nor,1976,1.164860010147095
nor,1977,0.8298100233078003
nor,1978,0.8838000297546387
nor,1979,0.933049976825714
nor,1981,1.17848002910614
nor,1982,1.118219971656799
nor,1984,0.6057599782943726
nor,1985,0.6912999749183655
nor,1986,0.7505900263786316
nor,1987,0.7943199872970581
nor,1988,0.9985499978065492
nor,1989,1.111260056495667
nor,1990,0.9736899733543396
nor,1991,1.130650043487549
nor,1992,1.072520017623901
nor,1993,1.362969994544983
nor,1994,1.4617600440979
nor,1995,1.245959997177124
nor,1996,1.052729964256287
nor,1997,16.18522071838379
nor,1998,0.6119400262832642
nor,1999,0.5530400276184082
nor,2000,0.6191999912261963
nor,2001,0.4065699875354767
nor,2002,0.3749000132083893
nor,2003,0.6393200159072876
nor,2004,0.4799900054931641
nor,2005,0.5539900064468384
nor,2006,0.3946999907493591
nor,2007,0.3467699885368347
nor,2008,0.0376500003039837
nor,2009,0.1727699935436249
nor,2010,0.2284200042486191
nor,2011,0.192660003900528
nor,2012,0.0866099968552589
nor,2013,0.3114799857139587
nor,2014,0.4373399913311005
nor,2015,0.545769989490509
nor,2016,0.6591799855232239
nor,2017,0.6584299802780151
nor,2018,0.7704899907112122
nor,2019,0.8242999911308289
nor,2020,0.9808200001716614
nor,2021,0.8652899861335754
nor,2022,0.9599300026893616
nor,2023,1.404080033302307
npl,1983,66.66069793701172
npl,1984,64.47238159179688
npl,1988,57.58316040039063
npl,1999,45.04621124267578
npl,2000,38.64598846435547
npl,2003,29.42201042175293
npl,2004,27.57556915283203
nru,2012,17.06949043273926
nru,2014,9.577460289001465
nru,2016,6.675389766693115
nru,2020,4.707230091094971
nru,2022,2.774689912796021
nzl,1975,0.2984899878501892
nzl,1977,0.3070699870586395
nzl,1982,0.4915499985218048
nzl,1983,0.725350022315979
nzl,1986,0.6528499722480774
nzl,1991,2.059819936752319
nzl,1992,2.141680002212524
nzl,1994,0.5939900279045105
nzl,1996,0.4060499966144562
nzl,1997,0.5756199955940247
nzl,2013,0.5401399731636047
nzl,2014,0.9298999905586244
nzl,2015,1.199440002441406
nzl,2016,1.132869958877563
nzl,2018,1.177800059318542
nzl,2019,0.8891900181770325
nzl,2020,1.209630012512207
nzl,2021,1.266600012779236
nzl,2022,2.413429975509644
nzl,2023,2.228349924087524
omn,1973,94.71829223632812
omn,1974,89.92622375488281
omn,1975,84.50364685058594
omn,1976,82.38493347167969
omn,1978,76.3285903930664
omn,1979,72.82710266113281
omn,1981,66.95191955566406
omn,1982,63.49555969238281
omn,1983,57.78630828857422
omn,1984,50.04671859741211
omn,1985,44.47784042358398
omn,1986,34.46128082275391
omn,1987,33.02328109741211
omn,1988,33.06151962280273
omn,1989,31.86473083496094
omn,1990,30.46499061584473
omn,1991,29.06529998779297
omn,1992,27.31521034240723
omn,1993,22.40247917175293
omn,1994,20.25690078735352
omn,1995,19.49423027038574
omn,1996,18.2232494354248
omn,1997,18.36437034606934
omn,1998,16.74040985107422
omn,1999,15.77435970306396
omn,2000,16.0880298614502
omn,2001,14.58858966827393
omn,2002,15.88068962097168
omn,2003,12.26780033111572
omn,2009,3.295739889144897
omn,2012,1.01445996761322
omn,2013,0.7147499918937683
omn,2014,1.660380005836487
omn,2015,3.260679960250854
omn,2016,3.799269914627075
omn,2017,2.367269992828369
omn,2018,0.6966599822044373
omn,2019,2.487610101699829
omn,2020,9.98801040649414
omn,2021,10.45063972473145
omn,2022,10.82929039001465
pak,2021,34.92815949435226
pak,2022,33.42302680180856
pan,1970,24.83000946044922
pan,1971,17.00863075256348
pan,1972,14.82812976837158
pan,1973,13.14041042327881
pan,1975,11.83257007598877
pan,1976,11.67098045349121
pan,1978,9.194259643554688
pan,1979,9.982489585876465
pan,1980,10.91081047058105
pan,1981,11.75887012481689
pan,1982,12.33403015136719
pan,1983,13.20839023590088
pan,1984,13.20553016662598
pan,1985,12.241530418396
pan,1986,12.64628982543945
pan,1987,11.61863994598389
pan,1988,12.59459018707275
pan,1989,11.5206298828125
pan,1990,12.27573013305664
pan,1999,6.962120056152344
pan,2000,5.535419940948486
pan,2001,4.137380123138428
pan,2002,1.996039986610413
pan,2005,0.6799399852752686
pan,2008,0.7184299826622009
pan,2009,3.402159929275513
pan,2010,3.206890106201172
pan,2011,4.106719970703125
pan,2012,5.020470142364502
pan,2013,6.620490074157715
pan,2014,8.628640174865723
pan,2015,10.150710105896
pan,2017,12.92741012573242
pan,2019,9.896510124206545
pan,2020,10.2173900604248
pan,2021,3.445499897003174
pan,2022,2.711699962615967
pan,2023,8.578149795532227
per,1970,26.16361045837402
per,1981,12.75949954986572
per,1993,10.54335975646973
per,1995,15.5365104675293
per,1998,3.210829973220825
per,1999,2.064160108566284
per,2000,1.62362003326416
per,2001,0.9690700173377992
per,2002,0.6299700140953064
per,2003,2.206609964370728
phl,1976,8.430069923400879
phl,1981,11.89684963226318
phl,1982,9.547730445861816
phl,1983,10.38117980957031
phl,1984,13.62773990631104
phl,1986,7.623539924621582
phl,1987,8.27046012878418
phl,1988,4.958710193634033
phl,1989,3.707279920578003
phl,1990,4.809689998626709
phl,1998,13.50494956970215
phl,1999,14.3203296661377
phl,2001,12.12020015716553
phl,2002,11.23116970062256
phl,2003,11.97743034362793
phl,2004,11.96035957336426
phl,2005,11.12450981140137
phl,2006,12.35328960418701
phl,2007,12.20458030700684
phl,2008,11.45991039276123
phl,2009,10.2117395401001
phl,2014,8.838417091433856
phl,2015,9.604003335420693
phl,2016,10.18122366716084
phl,2017,10.43796278654405
phl,2018,10.96654843356036
phl,2019,9.734408153017307
phl,2020,9.464785306272786
phl,2021,13.0695626810057
phl,2022,11.80262135417865
phl,2023,11.66193449592956
plw,2022,15.83710407239819
plw,2023,8.65533230293663
png,1989,32.0494499206543
png,2016,11.98344039916992
pol,1999,1.061390042304993
pol,2000,1.390990018844604
pol,2001,0.9997400045394896
pol,2002,1.110689997673035
pol,2003,1.082679986953735
pol,2004,1.193869948387146
pol,2005,1.301270008087158
pol,2006,1.517650008201599
pol,2007,2.055629968643188
pol,2008,2.564209938049316
pol,2009,2.951339960098267
pol,2010,2.84758996963501
pol,2011,3.177779912948608
pol,2012,3.431230068206787
pol,2013,3.778460025787354
pol,2014,4.202750205993652
pol,2017,4.914080142974854
pol,2018,4.272610187530518
pol,2019,3.156850099563599
pol,2020,1.446820020675659
pri,2010,7.120639801025391
pri,2011,9.147060394287108
pri,2012,6.431340217590332
pri,2013,5.929049968719482
pri,2014,3.672970056533813
pri,2015,3.987469911575317
pri,2016,8.965940475463867
pri,2018,8.420639991760254
pri,2023,12.01799011230469
prk,2009,0.3880999982357025
prt,1973,12.43192958831787
prt,1974,12.80408954620361
prt,1976,8.451959609985352
prt,1977,6.761209964752197
prt,1978,4.555220127105713
prt,1980,4.467770099639893
prt,1981,3.896660089492798
prt,1984,0.4532000124454498
prt,2015,1.480669975280762
prt,2016,2.164330005645752
prt,2017,2.331599950790405
prt,2018,1.866420030593872
prt,2019,1.051699995994568
pry,1970,16.25984954833984
pry,1972,26.48498916625977
pry,1975,18.46489906311035
pry,1976,16.87961006164551
pry,1977,15.19093036651611
pry,1978,12.94939041137695
pry,1979,11.33320045471191
pry,1980,9.101759910583496
pry,1981,7.445859909057617
pry,1983,7.238860130310059
pry,1984,6.91609001159668
pry,1985,6.042019844055176
pry,1986,6.469989776611328
pry,1987,5.065539836883545
pry,1988,3.285569906234741
pry,1989,1.457409977912903
pry,1992,8.895090103149414
pry,1994,4.238969802856445
pry,1996,1.948189973831177
pry,2008,0.8651900291442871
pry,2009,1.657780051231384
pry,2010,1.452489972114563
pry,2011,1.302029967308044
pry,2012,1.475119948387146
pry,2016,10.18134021759033
pry,2020,11.99063968658447
pry,2021,12.1887903213501
pry,2022,12.14608955383301
pry,2023,12.74604034423828
pse,1999,10.15474033355713
pse,2000,7.847720146179199
pse,2001,8.01321029663086
pse,2002,6.888909816741943
pse,2003,6.686739921569824
pse,2004,7.595739841461182
pse,2005,10.99973011016846
pse,2006,12.15351009368896
pse,2007,13.1124095916748
pse,2008,11.58545970916748
pse,2009,10.65213966369629
pse,2010,10.5366096496582
pse,2011,10.06713962554932
pse,2012,8.201419830322266
pse,2013,7.588799953460693
pse,2014,7.159800052642822
pse,2015,6.765999794006348
pse,2016,6.36175012588501
pse,2017,5.809669971466064
pse,2018,6.128339767456055
pse,2019,6.819210052490234
pse,2020,7.614309787750244
pse,2021,9.139969825744627
pse,2022,9.972660064697266
pse,2023,9.89585018157959
pyf,1983,10.40231990814209
pyf,1984,10.65281009674072
pyf,1985,11.4507999420166
pyf,1989,9.85927963256836
pyf,1990,7.867630004882813
pyf,1993,4.29833984375
pyf,1995,3.103080034255981
pyf,1996,4.519559860229492
qat,1971,22.33943939208984
qat,1972,19.19667053222656
qat,1973,22.16024017333984
qat,1974,26.67449951171875
qat,1976,23.10560989379883
qat,1977,25.22853088378906
qat,1978,21.56208992004395
qat,1979,19.87064933776855
qat,1980,18.57743072509766
qat,1981,15.82676982879639
qat,1982,13.26694011688232
qat,1983,12.22111034393311
qat,1984,8.69398021697998
qat,1985,6.673200130462646
qat,1986,0.6988499760627747
qat,1987,4.065579891204834
qat,1988,1.19405996799469
qat,1991,0.1513399928808212
qat,1992,3.178689956665039
qat,1993,5.346580028533936
qat,1994,3.247469902038574
qat,2002,2.701989889144897
qat,2003,6.759769916534424
qat,2004,3.696000099182129
qat,2005,1.166859984397888
qat,2006,4.038469791412354
qat,2007,1.138569951057434
qat,2011,3.692840099334717
qat,2012,0.1571000069379807
qat,2013,2.013020038604736
qat,2014,6.803750038146973
qat,2015,3.68314003944397
qat,2016,1.730849981307983
qat,2019,1.98511004447937
qat,2020,2.08024001121521
qat,2021,12.21212005615234
qat,2022,6.772960186004639
reu,1985,14.29144954681396
reu,1986,16.40242958068848
reu,1987,16.51569938659668
rou,1993,19.25061988830566
rou,1994,13.65828990936279
rou,1995,12.6530704498291
rou,1996,10.75662040710449
rou,1997,10.66252994537354
rou,2000,0.573989987373352
rou,2001,0.8698999881744385
rou,2002,1.521950006484985
rou,2003,4.528260231018066
rou,2004,5.61037015914917
rou,2005,7.567240238189697
rou,2006,6.249969959259033
rou,2007,6.316480159759521
rou,2008,3.331990003585815
rou,2009,1.151579976081848
rou,2010,2.515929937362671
rou,2011,4.301620006561279
rou,2012,6.594329833984375
rou,2015,8.043230056762695
rou,2016,9.119210243225098
rou,2017,9.661809921264648
rou,2018,8.501299858093262
rou,2019,7.566949844360352
rou,2020,8.293299674987793
rou,2021,9.699259757995604
rou,2022,15.68272972106934
rou,2023,15.73525047302246
rus,1994,4.683430194854736
rus,1995,8.827460289001465
rus,2006,5.221869945526123
rus,2007,5.491020202636719
rus,2008,4.105979919433594
rus,2009,4.046110153198242
rus,2011,3.976720094680786
rus,2012,2.179869890213013
rus,2013,2.620800018310547
rus,2014,2.135499954223633
rus,2015,1.413450002670288
rus,2016,1.55460000038147
rus,2017,0.320580005645752
rus,2020,0.4328100085258484
rus,2021,1.484429955482483
rus,2022,1.963870048522949
rus,2023,4.243259906768799
rwa,1973,53.94453048706055
rwa,1974,55.47293090820313
rwa,1975,56.60364151000977
rwa,1977,52.14191818237305
rwa,1978,49.34035110473633
rwa,1999,34.05199813842773
rwa,2002,10.37366962432861
rwa,2003,11.60513973236084
rwa,2016,0.95210999250412
rwa,2017,1.132480025291443
rwa,2018,1.496860027313232
rwa,2019,1.851740002632141
sau,1979,49.61008834838867
sau,2013,2.746969938278198
sau,2014,2.03548002243042
sau,2015,0.8894699811935425
sau,2020,2.436779975891113
sau,2021,1.874899983406067
sdn,2011,48.33506011962891
sdn,2012,47.38906097412109
sdn,2013,46.43511962890625
sdn,2014,45.55953979492188
sdn,2015,45.38433837890625
sdn,2016,43.00265121459961
sdn,2017,44.18619918823242
sdn,2018,41.04090881347656
sdn,2019,41.92784881591797
sen,1978,76.36506652832031
sen,1979,74.29041290283203
sen,1980,73.33776092529297
sen,1981,72.55106353759766
sen,1982,71.25048828125
sen,1983,69.68151092529297
sen,1984,68.88542175292969
sen,1985,68.14019012451172
sen,1986,64.8368911743164
sen,1988,63.62368011474609
sen,1990,63.62380981445313
sen,1992,63.20125961303711
sen,1996,57.00450134277344
sen,1997,52.46437072753906
sen,1998,49.19448852539063
sen,1999,50.1515998840332
sen,2000,45.72264099121094
sen,2003,37.26913833618164
sen,2004,37.0294303894043
sen,2005,35.47309875488281
sen,2006,32.03947067260742
sen,2007,29.11577987670898
sen,2008,27.424560546875
sen,2009,26.78368949890137
sen,2010,25.48912048339844
sen,2011,24.5751895904541
sen,2012,21.09281921386719
sen,2013,21.77004051208496
sen,2014,20.84160995483398
sen,2015,20.38129997253418
sen,2019,18.52016067504883
sen,2020,16.02314949035645
sen,2021,17.38949966430664
sen,2022,16.54467010498047
sen,2023,14.92708015441895
sgp,2018,0.1317999958992004
sgp,2021,0.7227100133895874
sgp,2022,0.7989000082015991
shn,1998,20.32519912719727
slb,2005,27.53203964233398
slb,2006,21.67061996459961
slb,2007,21.44257926940918
slb,2013,1.49533998966217
slb,2014,3.415729999542236
slb,2015,2.854310035705566
slb,2018,9.230860206575732
slb,2019,9.43973545174655
slb,2023,32.74366858998722
sle,1983,60.60366058349609
sle,2011,51.46005019587218
sle,2012,45.19890520633524
slv,1970,34.80224990844727
slv,1983,21.50802040100098
slv,1998,15.78621006011963
slv,2000,12.10721969604492
slv,2001,9.8639497756958
slv,2002,6.643539905548096
slv,2003,5.243810176849365
slv,2014,5.415500164031982
slv,2015,6.260879993438721
slv,2016,6.866129875183105
slv,2017,10.9379997253418
slv,2018,10.10803985595703
slv,2019,12.60494041442871
slv,2020,13.16497993469238
slv,2021,14.07295989990234
slv,2022,13.98523044586182
slv,2023,13.0811595916748
smr,1979,7.518799781799316
smr,1980,6.709680080413818
smr,1981,5.104710102081299
smr,1982,5.394740104675293
smr,1983,2.941179990768433
smr,1984,3.551909923553467
smr,1985,4.2817702293396
smr,1986,3.102960109710693
smr,1991,2.599649906158447
smr,1996,6.896550178527832
smr,1997,7.628520011901855
smr,2000,8.702289581298828
smr,2008,7.107230186462402
smr,2009,7.026350021362305
smr,2012,6.967740058898926
smr,2019,5.116280078887939
smr,2020,5.191589832305908
smr,2021,5.693069934844971
smr,2022,5.350319862365723
smr,2023,5.851059913635254
som,1976,86.2223129272461
som,1977,86.35407257080078
som,1978,87.52931213378906
som,1979,87.49105072021484
som,1980,88.77159881591797
srb,2008,1.819650053977966
srb,2009,4.800789833068848
srb,2010,6.709139823913574
srb,2011,3.065160036087036
srb,2012,3.194760084152222
srb,2013,2.508860111236572
srb,2016,0.1001700013875961
srb,2017,0.5465599894523621
srb,2018,1.04558002948761
srb,2019,2.060230016708374
srb,2020,2.632319927215576
srb,2021,3.459779977798462
srb,2022,1.643929958343506
ssd,2011,62.74966812133789
ssd,2015,68.48973846435547
ssd,2024,61.58116149902344
stp,1983,7.164609909057617
stp,1984,5.357450008392334
stp,1999,20.09609985351563
stp,2002,5.603010177612305
stp,2003,4.102479934692383
stp,2004,2.53764009475708
stp,2005,2.112319946289063
stp,2007,6.958580017089844
stp,2008,7.252510070800781
stp,2009,5.752049922943115
stp,2010,6.862539768218994
stp,2011,7.302724998309554
stp,2012,7.769982296242869
stp,2013,9.198980331420898
stp,2014,9.594300270080566
stp,2015,10.8442497253418
stp,2017,3.727479934692383
stp,2018,4.621623233347248
stp,2021,4.735988883742474
sur,1977,4.396190166473389
sur,1978,3.814919948577881
sur,1985,5.138279914855957
sur,1987,10.1958703994751
sur,1988,10.75883007049561
sur,1989,6.032989978790283
sur,2005,18.04447937011719
sur,2006,18.26037979125977
sur,2007,22.65051078796387
sur,2008,18.13158988952637
sur,2009,15.70899963378906
sur,2010,17.75923919677734
sur,2011,18.85397911071777
sur,2012,17.89162063598633
sur,2013,17.75303077697754
sur,2014,16.98292922973633
sur,2015,15.84099960327148
sur,2016,14.74419975280762
sur,2017,19.00881958007813
sur,2018,19.21837997436523
sur,2019,17.71462059020996
sur,2020,17.00531959533691
sur,2021,21.97650909423828
svk,2001,0.8952599763870239
svk,2002,2.139679908752441
svk,2003,2.730890035629272
svk,2004,2.683389902114868
svk,2005,2.780100107192993
svk,2006,3.447350025177002
svk,2007,3.342220067977905
svk,2008,3.545209884643555
svk,2009,4.423490047454834
svk,2010,4.720049858093262
svk,2011,5.309470176696777
svk,2012,5.689620018005371
svk,2013,5.757410049438477
svk,2014,6.114689826965332
svk,2015,6.055819988250732
svk,2016,6.475490093231201
svk,2017,5.849510192871094
svk,2018,6.867469787597656
svk,2019,5.890920162200928
svk,2020,4.899040222167969
svk,2021,4.304999828338623
svk,2022,2.781239986419678
svk,2023,1.195019960403442
svn,1995,4.413599967956543
svn,1996,4.715529918670654
svn,1997,4.109499931335449
svn,1998,1.76760995388031
svn,1999,2.491029977798462
svn,2000,0.5975300073623657
svn,2001,2.209350109100342
svn,2002,2.756400108337402
svn,2003,2.53193998336792
svn,2004,2.486720085144043
svn,2005,2.111520051956177
svn,2006,1.547160029411316
svn,2007,2.547499895095825
svn,2008,2.104909896850586
svn,2009,2.150739908218384
svn,2010,2.004400014877319
svn,2011,2.151550054550171
svn,2012,1.864760041236877
svn,2013,1.861770033836365
svn,2014,1.843909978866577
svn,2015,1.694970011711121
svn,2016,2.053200006484985
svn,2017,1.979830026626587
svn,2018,1.456310033798218
svn,2019,1.254289984703064
svn,2020,1.014140009880066
svn,2021,1.452970027923584
svn,2022,1.188230037689209
svn,2023,1.33490002155304
swe,1976,2.703789949417114
swe,1982,1.257730007171631
swe,1987,0.7917699813842773
swe,1988,0.7449300289154053
swe,1989,0.8745399713516235
swe,1990,0.8845599889755249
swe,1991,0.8612800240516663
swe,1992,0.5401800274848938
swe,1999,0.5154399871826172
swe,2001,0.5934100151062012
swe,2002,0.6416900157928467
swe,2009,0.7474200129508972
swe,2010,1.117890000343323
swe,2012,0.7400000095367432
swe,2013,0.9009199738502502
swe,2014,1.285490036010742
swe,2015,0.8302900195121765
swe,2019,0.815850019454956
swe,2020,0.7121099829673767
swe,2021,0.5208500027656555
swe,2022,0.5740900039672852
swe,2023,0.4084700047969818
swz,1970,43.15787124633789
swz,1971,42.85713958740234
swz,1972,40.28105926513672
swz,1973,36.63050842285156
swz,1974,34.36857986450195
swz,1975,31.11577987670898
swz,1976,29.59476089477539
swz,1977,27.98933982849121
swz,1978,27.13417053222656
swz,1979,25.95117950439453
swz,1981,21.72570037841797
swz,1982,22.97805023193359
swz,1983,24.12937927246094
swz,1984,24.86877059936523
swz,1985,23.56012916564941
swz,1986,25.20968055725098
swz,1987,24.50931930541992
swz,1988,25.36557006835938
swz,1989,25.69586944580078
swz,1990,24.32395935058594
swz,1991,24.59357070922852
swz,1992,24.33477020263672
swz,1993,26.06571006774902
swz,1994,25.18095016479492
swz,1995,23.75307083129883
swz,1996,25.97932052612305
swz,2009,20.46760940551758
swz,2010,14.02667045593262
swz,2011,10.89748001098633
swz,2012,13.6256103515625
swz,2013,15.30685997009277
swz,2014,12.98515033721924
swz,2015,12.71452045440674
swz,2016,11.78629970550537
swz,2017,12.01772975921631
swz,2018,11.20823955535889
swz,2019,9.796520233154297
syc,1979,12.88241004943848
syc,1993,6.571939945220947
syc,1994,2.84633994102478
syc,1995,3.008179903030396
syc,1996,4.049910068511963
syc,2002,1.722599983215332
syc,2022,1.728090047836304
syc,2023,3.401360034942627
syr,1971,45.59072113037109
syr,1973,35.80456924438477
syr,1974,33.52632904052734
syr,1975,33.32711029052734
syr,1976,31.3504695892334
syr,1977,30.3492603302002
syr,1978,31.25982093811035
syr,1979,30.11099052429199
syr,1980,26.84148979187012
syr,1981,25.17926979064941
syr,1982,23.05619049072266
syr,1983,21.41213035583496
syr,1984,18.5009708404541
syr,1985,16.01029014587402
syr,1986,13.49948024749756
syr,1987,9.199419975280762
syr,1988,8.827949523925781
syr,1989,7.825709819793701
syr,1990,8.037630081176758
syr,1995,8.28516960144043
syr,1996,9.663579940795898
syr,1997,10.63912010192871
syr,1998,9.756159782409668
syr,1999,9.406820297241213
syr,2000,9.264459609985352
syr,2001,8.887089729309082
syr,2002,7.562600135803223
syr,2013,36.43067932128906
syr,2020,33.362060546875
syr,2021,34.3563117980957
syr,2022,30.81850051879883
syr,2023,26.01730918884277
syr,2024,21.44945907592773
tca,1997,13.5391902923584
tca,1999,5.984769821166992
tca,2000,3.805500030517578
tca,2002,2.697299957275391
tca,2003,20.24832916259766
tca,2004,9.000900268554688
tca,2005,8.97544002532959
tca,2014,16.7723749119098
tca,2015,13.99721448467966
tcd,1975,86.91702270507812
tcd,1977,86.80518341064453
tcd,1988,79.6021728515625
tcd,1997,69.56936645507812
tcd,1998,65.05120849609375
tcd,1999,62.70380020141602
tcd,2000,60.61204147338867
tcd,2001,58.81980895996094
tcd,2002,55.52695846557617
tcd,2003,53.54698944091797
tcd,2011,46.23566818237305
tcd,2013,33.55746078491211
tcd,2015,32.58478164672852
tcd,2016,38.0270881652832
tcd,2017,43.79159164428711
tcd,2018,37.81417846679688
tcd,2019,38.60723876953125
tcd,2021,35.59049987792969
tcd,2022,35.12298965454102
tcd,2023,33.18156814575195
tgo,1971,70.47628784179688
tgo,1972,68.22222900390625
tgo,1978,50.4257698059082
tgo,1979,48.42364883422852
tgo,1980,47.60836029052734
tgo,1982,49.34210968017578
tgo,1983,49.36574172973633
tgo,1984,55.51290130615234
tgo,1985,56.61257171630859
tgo,1986,59.67940902709961
tgo,1987,53.01025009155273
tgo,1988,51.82341003417969
tgo,1989,51.18527984619141
tgo,1990,49.22858047485352
tgo,1991,46.50086975097656
tgo,1994,45.36296081542969
tgo,1995,38.18666076660156
tgo,1996,32.7492790222168
tgo,1997,35.16410064697266
tgo,1999,23.02214050292969
tgo,2001,23.01412963867188
tgo,2002,18.82397079467773
tgo,2003,21.34310913085938
tgo,2004,18.22209930419922
tgo,2005,18.09560012817383
tgo,2006,14.64385032653809
tgo,2007,18.03083038330078
tgo,2008,16.13692092895508
tgo,2014,11.65707015991211
tgo,2015,10.19242000579834
tgo,2016,13.07935047149658
tgo,2017,13.33092021942139
tgo,2018,11.65744018554688
tgo,2019,8.52560043334961
tgo,2020,5.116000175476074
tgo,2021,4.661719799041748
tha,1973,28.5580997467041
tha,1974,27.37269020080566
tha,2006,3.217119932174683
tha,2007,4.569099903106689
tha,2008,6.663050174713135
tha,2009,8.247590065002441
tjk,2011,4.698490142822266
tjk,2012,8.398380279541016
tjk,2013,11.02299976348877
tjk,2014,11.52958011627197
tjk,2015,10.84449005126953
tjk,2016,9.142939567565918
tjk,2017,6.60683012008667
tkl,2016,20.61856079101563
tkl,2019,23.4782600402832
tkl,2020,25.20325088500977
tkl,2021,21.42856979370117
tkl,2023,29.45735931396484
tkm,2022,2.496619939804077
tkm,2023,2.76990008354187
tls,2008,11.77231025695801
tls,2009,7.162700176239014
tls,2010,4.893762217055878
tls,2011,3.144647027124124
tls,2012,5.383288847881724
tls,2013,5.018957859386849
tls,2014,4.152353466935162
tls,2015,3.699880649011322
tls,2016,4.530423636618232
tls,2017,2.412473300155049
tls,2018,3.622260877175708
tls,2019,3.377042298642334
tls,2020,3.074512766950376
ton,1970,5.54246997833252
ton,1971,5.463150024414063
ton,1974,7.51993989944458
ton,1975,3.248349905014038
ton,1978,2.912509918212891
ton,1982,14.08854007720947
ton,1983,19.48118019104004
ton,1984,12.85678005218506
ton,1985,11.33524036407471
ton,1986,12.53602027893066
ton,1990,12.89303970336914
ton,1993,13.86575984954834
ton,1998,10.4488000869751
ton,1999,12.12537956237793
tto,1971,7.774439811706543
tto,1972,7.496280193328857
tto,1973,7.578690052032471
tto,1974,7.868800163269043
tto,1975,7.74429988861084
tto,1976,5.895639896392822
tto,1977,7.811560153961182
tto,1978,10.20139980316162
tto,1979,14.74277973175049
tto,1980,17.38275909423828
tto,1981,10.96955013275146
tto,1982,9.618320465087892
tto,1983,8.276820182800293
tto,1984,9.729570388793944
tto,1985,9.548150062561035
tto,1986,11.98878955841064
tto,1987,11.06420040130615
tto,1988,10.13049983978271
tto,1989,11.05865955352783
tto,1990,10.31762981414795
tto,1991,11.36849021911621
tto,1992,10.90334987640381
tto,1993,11.09848022460938
tto,1996,12.55589008331299
tto,1997,13.12730026245117
tto,1999,4.101469993591309
tto,2000,3.114089965820313
tto,2001,3.883939981460571
tto,2002,8.010549545288086
tto,2003,8.404990196228027
tto,2004,6.100669860839844
tto,2005,9.290300369262695
tto,2007,3.023590087890625
tto,2008,8.061619758605957
tto,2009,8.324339866638184
tto,2010,5.564380168914795
tto,2023,28.56270980834961
tun,1971,34.89028167724609
tun,1975,40.85766983032227
tun,1978,38.14894866943359
tun,1979,35.15898895263672
tun,1980,32.17977142333984
tun,1981,28.99574089050293
tun,1982,25.26874923706055
tun,1983,21.29850959777832
tun,1984,17.42353057861328
tun,1985,16.34771919250488
tun,1986,15.07656955718994
tun,1987,14.27134990692139
tun,1988,14.11386966705322
tun,1989,12.74886989593506
tun,1990,11.87922954559326
tun,1991,10.51189994812012
tun,1992,10.19797039031982
tun,1993,8.998419761657715
tun,1994,8.389010429382324
tun,1995,6.961569786071777
tun,1996,6.990119934082031
tun,1997,6.654610157012939
tun,1999,5.674489974975586
tun,2000,4.992869853973389
tun,2001,3.790339946746826
tun,2002,1.19717001914978
tun,2003,0.4391100108623505
tun,2004,0.1300899982452393
tun,2005,2.212379932403564
tun,2006,2.307359933853149
tun,2007,3.801670074462891
tun,2008,3.921839952468872
tun,2009,3.601779937744141
tun,2010,2.617259979248047
tun,2011,2.432339906692505
tun,2020,0.7465100288391113
tun,2021,0.7374299764633179
tun,2022,0.7914999723434448
tun,2023,0.4642600119113922
tur,1974,28.23457908630371
tur,1994,13.78275966644287
tur,1995,14.96109962463379
tur,1997,14.34916019439697
tur,2014,0.2054799944162369
tur,2015,1.215540051460266
tur,2016,1.607890009880066
tur,2017,0.4953599870204926
tuv,2016,3.4375
tuv,2019,9.428130149841309
tza,1981,32.50246810913086
tza,1982,37.21770858764648
tza,1983,38.34122848510742
tza,1985,44.62052917480469
tza,1986,45.82875823974609
tza,1987,47.67573928833008
tza,1988,49.30294036865234
tza,1989,49.44279098510742
tza,1990,50.08335113525391
tza,1991,50.52682113647461
tza,1992,50.08039093017578
tza,1993,50.10737991333008
tza,1994,50.64682006835938
tza,1995,50.52764892578125
tza,1996,50.13090133666992
tza,1997,49.2871208190918
tza,1998,49.41947937011719
tza,1999,48.72124862670898
tza,2000,45.11050033569336
tza,2001,40.86980056762695
tza,2002,26.26818084716797
tza,2003,18.22429084777832
tza,2004,14.06591033935547
tza,2005,10.07950973510742
tza,2006,5.052889823913574
tza,2008,4.047900199890137
tza,2010,9.18572998046875
tza,2012,12.38405356574065
tza,2013,15.00816286459007
tza,2014,15.87784004211426
tza,2015,17.84033966064453
tza,2016,13.83804035186768
tza,2017,13.6903600692749
tza,2018,15.59815181937129
tza,2019,13.00069357582799
tza,2020,11.95532282738931
tza,2021,10.8814931402462
tza,2022,10.74051020083345
tza,2023,11.54212872429583
uga,1979,69.33193969726562
uga,1981,66.07029724121094
uga,1982,63.13283157348633
uga,1986,48.23112106323242
uga,2009,4.768519878387451
uga,2010,8.221429824829102
uga,2011,5.01308012008667
uga,2012,5.035539210341534
uga,2013,3.420490026473999
uga,2014,4.77764843802878
uga,2015,12.19002222482162
uga,2016,9.50720432579532
uga,2017,9.934416134875828
ukr,2002,2.005899906158447
ukr,2003,8.088279724121094
ukr,2004,8.415349960327148
ukr,2005,7.947480201721191
ukr,2006,7.983439922332764
ukr,2007,7.695149898529053
ukr,2008,7.506120204925537
ukr,2009,7.79833984375
ukr,2010,7.585370063781738
ukr,2011,8.111680030822754
ukr,2012,9.138500213623049
ukr,2013,10.15637969970703
ukr,2014,10.62528038024902
ukr,2015,15.22706031799316
ukr,2016,15.79825019836426
ukr,2017,16.04369926452637
ukr,2018,16.39892959594727
ukr,2019,16.24130058288574
ukr,2020,16.21706008911133
ukr,2021,15.80171966552734
ury,1984,13.83117008209229
ury,1991,5.554120063781738
ury,1992,4.018939971923828
ury,1993,3.496939897537231
ury,1994,5.021659851074219
ury,1995,5.072549819946289
ury,1996,5.176620006561279
ury,1997,4.932630062103271
ury,2005,0.4588100016117096
ury,2006,2.466989994049072
ury,2007,4.840089797973633
ury,2008,3.512379884719849
ury,2009,2.974859952926636
ury,2010,1.901139974594116
ury,2011,1.238549947738647
ury,2012,1.581840038299561
ury,2013,0.4580999910831451
ury,2014,4.636449813842773
ury,2015,0.6229000091552734
ury,2023,0.9947148899363002
usa,2005,0.2688800096511841
usa,2013,3.14109992980957
usa,2015,1.917379975318909
usa,2016,0.4309599995613098
usa,2018,0.6356800198554993
usa,2019,0.8489900231361389
usa,2020,2.043410062789917
usa,2021,4.16418981552124
usa,2022,3.785269975662231
uzb,2007,6.007919788360596
uzb,2008,3.359679937362671
uzb,2009,2.954930067062378
uzb,2010,3.859636071925103
uzb,2011,5.053978038603452
uzb,2012,5.414038848385717
uzb,2013,5.126385563184853
uzb,2014,3.11832031544512
uzb,2015,2.812651050988282
uzb,2016,2.130193925516104
uzb,2017,2.317892536375902
uzb,2019,1.669766778681167
uzb,2020,1.82247441648417
uzb,2021,1.82947647566875
uzb,2022,4.19651428847306
uzb,2023,4.684006290682729
vct,1984,7.709050178527832
vct,1986,6.26632022857666
vct,1994,0.1974299997091293
vct,2000,1.69035005569458
vct,2004,0.7815600037574768
vct,2005,4.478400230407715
vct,2007,0.8098300099372864
ven,1999,11.20718002319336
ven,2000,8.594189643859863
ven,2001,6.529459953308105
ven,2002,3.24180006980896
ven,2003,4.963610172271729
ven,2004,4.964419841766357
ven,2005,5.72068977355957
ven,2006,5.802529811859131
ven,2007,4.491899967193604
ven,2008,6.678430080413818
ven,2009,5.144929885864258
ven,2010,4.419209957122803
ven,2011,4.242199897766113
ven,2012,5.628349781036377
ven,2013,6.455560207366943
ven,2014,5.974929809570313
ven,2015,6.673289775848389
ven,2016,9.232250213623049
ven,2017,11.40373039245605
vgb,1983,11.45716953277588
vgb,1984,17.51412010192871
vgb,1985,5.203619956970215
vgb,1990,6.742740154266357
vgb,1991,4.660590171813965
vgb,1994,0.9643200039863586
vgb,2000,13.7848596572876
vgb,2001,1.478600025177002
vgb,2003,5.015429973602295
vgb,2005,8.441060066223145
vgb,2006,10.7703800201416
vgb,2012,4.438469886779785
vgb,2013,7.193779945373535
vgb,2014,6.528369903564453
vgb,2015,11.19622993469238
vgb,2016,13.77348041534424
vgb,2017,8.002479553222656
vgb,2018,25.07976913452148
vgb,2019,21.03274917602539
vgb,2020,5.194809913635254
vgb,2021,8.745759963989258
vgb,2022,27.46722030639648
vgb,2024,11.24172973632813
vnm,2021,2.50940828918856
vut,1981,12.66674041748047
vut,1989,15.55490970611572
vut,1999,10.48095035552979
vut,2000,8.020489692687988
vut,2001,4.949480056762695
vut,2002,2.901119947433472
vut,2003,3.353080034255981
vut,2004,4.85761022567749
vut,2022,1.729430584979895
vut,2023,2.544948088123575
wsm,1994,7.95943021774292
wsm,1998,3.827889919281006
wsm,1999,8.504929542541504
wsm,2007,3.637650012969971
wsm,2009,3.920870065689087
wsm,2012,1.455271793408475
wsm,2018,0.4647860047769673
wsm,2019,2.478252706677514
wsm,2020,2.357589960098267
wsm,2022,0.5602409638554217
wsm,2023,4.294917680744453
yem,1999,63.13677978515625
yem,2003,46.5378303527832
yem,2004,43.50656890869141
yem,2005,40.68534088134766
yem,2008,39.49288177490234
yem,2010,36.46934127807617
yem,2012,34.35837173461914
yem,2013,33.60866928100586
yem,2016,34.89876174926758
zaf,1970,30.69364929199219
zaf,1991,11.75825977325439
zaf,1994,15.09832000732422
zaf,1995,16.6256103515625
zaf,1998,16.31077003479004
zaf,1999,15.01237010955811
zaf,2000,16.38628959655762
zaf,2001,14.93080043792725
zaf,2002,13.25300979614258
zaf,2003,12.4055004119873
zaf,2004,11.90054988861084
zaf,2005,11.55937004089355
zaf,2017,3.609610080718994
zaf,2018,8.25098991394043
zaf,2019,7.304029941558838
zaf,2020,7.252900123596191
zaf,2021,0.3159599900245667
zaf,2022,5.638050079345703
zmb,1972,28.93222045898438
zmb,1976,25.53873062133789
zmb,1977,25.29910087585449
zmb,1978,25.94277000427246
zmb,1979,25.90925025939941
zmb,1980,25.65941047668457
zmb,1981,25.29694938659668
zmb,1982,25.16254997253418
zmb,1983,23.5883903503418
zmb,1984,22.57475090026855
zmb,1986,20.41757011413574
zmb,1988,21.02770042419434
zmb,1994,27.27536010742188
zmb,1995,29.29599952697754
zmb,1998,32.2541389465332
zmb,1999,33.84260940551758
zmb,2000,33.54962921142578
zmb,2001,33.43563842773438
zmb,2002,30.68515014648438
zmb,2004,17.22963905334473
zmb,2005,8.116609573364258
zmb,2006,9.40513038635254
zmb,2007,7.878990173339844
zmb,2009,9.043660163879396
zmb,2010,11.53579044342041
zmb,2011,7.630149841308594
zmb,2012,5.773059844970703
zmb,2013,9.07664966583252
zmb,2017,13.78736972808838
zwe,1998,13.33119964599609
zwe,1999,8.694930076599121
zwe,2000,4.994740009307861
zwe,2001,0.9416800141334534
zwe,2002,3.737080097198486
zwe,2003,4.705450057983398
zwe,2012,7.510670185089111
zwe,2013,9.146320964670531
zwe,2014,9.681324640276427
zwe,2015,17.74822044372559
zwe,2016,17.01626968383789
zwe,2017,18.28652954101563
zwe,2018,17.58180046081543
zwe,2019,17.11096000671387
zwe,2020,15.95503044128418
zwe,2021,8.35771514794064
zwe,2022,7.177930076106039
zwe,2023,8.106368350787783
