country,year,rofst_h_3_dis
BEN,2013,57.70392990112305
BEN,2019,50.75968170166016
CIV,2019,54.25664901733398
KHM,2020,89.56179809570312
MDV,2017,53.68933868408203
MLI,2018,83.91133880615234
NER,2019,0.0
NGA,2018,62.93318176269531
PAK,2018,73.64340209960938
PRI,2010,3.185590028762817
TGO,2010,64.24751281738281
TLS,2016,0.0
ZAF,2016,24.97364044189453
ZAF,2020,42.10237884521484
ZAF,2021,0.0
