country,year,rofst_h_3_abl
BEN,2013,47.01633834838867
BEN,2019,60.69826126098633
CIV,2019,60.09947967529297
KHM,2020,52.92465972900391
MDV,2017,28.18601036071777
MLI,2018,69.17188262939453
NER,2019,81.97174835205078
NGA,2018,40.2907600402832
PAK,2018,45.18915176391602
PRI,2010,0.3445500135421753
TGO,2010,41.31156921386719
TLS,2016,21.26786041259766
TZA,2022,80.68952941894531
ZAF,2016,20.65545082092285
ZAF,2020,21.83403968811035
ZAF,2021,28.85246086120605
