country,year,ictskillsetupeff_agunder15y_f
BGD,2021,0.9146599769592284
HKG,2019,44.6263313293457
HKG,2020,53.45952987670898
HKG,2021,53.1761589050293
IRN,2021,0.068010002374649
KAZ,2019,7.0559401512146
KAZ,2020,6.214779853820801
KAZ,2021,7.097630023956299
MAC,2021,25.07041931152344
ZWE,2020,0.5943599939346313
