country,year,ictskillchangpriv_ag75orover
BGD,2021,0.0605599991977215
DNK,2020,7.674630165100098
MAC,2021,2.061860084533691
MEX,2017,0.1396200060844421
MEX,2018,0.3075900077819824
UKR,2021,0.0060499999672174
ZWE,2020,0.6111699938774109
