country,year,ictskillsetupeff_agunder15y_m
BGD,2021,1.039829969406128
HKG,2019,46.53921890258789
HKG,2020,56.36019897460938
HKG,2021,59.63127899169922
IRN,2021,0.2106000036001205
KAZ,2019,7.753059864044189
KAZ,2020,7.33965015411377
KAZ,2021,7.066120147705078
MAC,2021,24.81203079223633
ZWE,2020,1.137470006942749
