country,year,ictskillsetupeff_ag75orover
BGD,2021,0.1545899957418442
HKG,2019,5.3755202293396
HKG,2020,7.491980075836182
HKG,2021,6.943940162658691
KAZ,2019,0.4518100023269653
KAZ,2020,0.2671099901199341
KAZ,2021,2.131589889526367
MAC,2021,2.061860084533691
ZWE,2020,0.2971400022506714
