country,year,ictskillchangpriv_agunder15y_gpia
BGD,2021,0.9773616790771484
IRN,2021,0.7216049432754517
MAC,2021,0.9818358421325684
MEX,2017,1.088163733482361
MEX,2018,1.289543628692627
UKR,2020,0.2465716898441315
ZWE,2020,0.6727330684661865
