country,year,gar_5t8_urb_q3_f
ARM,2018,3.36
BFA,2019,0.0
BOL,2019,7.720000000000001
BRA,2008,11.0
BRA,2009,11.87
BRA,2011,13.87
BRA,2012,15.85
BRA,2013,18.59
BRA,2014,19.61
CHL,2011,49.19
CHL,2013,46.01
CHL,2015,43.03
CHN,2010,16.6
CHN,2012,37.25
CHN,2016,48.4
CIV,2019,1.869040012359619
MOZ,2015,0.0
NAM,2015,6.27
PRY,2019,1.61
YEM,2013,13.38
