concept,name,concept_type
admi_endoflowersec_mat,Administration of a nationally-representative learning assessment at the end of lower secondary education in mathematics (number),measure
admi_endoflowersec_read,Administration of a nationally-representative learning assessment at the end of lower secondary education in reading (number),measure
admi_endofprim_mat,Administration of a nationally-representative learning assessment at the end of primary in mathematics (number),measure
admi_endofprim_read,Administration of a nationally-representative learning assessment at the end of primary in reading (number),measure
admi_grade2or3prim_mat,Administration of a nationally representative learning assessment in Grade 2 or 3 in mathematics (number),measure
admi_grade2or3prim_read,Administration of a nationally representative learning assessment in Grade 2 or 3 in reading (number),measure
aideduc_lowincomecount,Percentage of total aid to education allocated to least developed countries (%),measure
air_1_glast,"Gross intake ratio to the last grade of primary education, both sexes (%)",measure
air_1_glast_f,"Gross intake ratio to the last grade of primary education, female (%)",measure
air_1_glast_gpia,"Gross intake ratio to the last grade of primary education, adjusted gender parity index (GPIA)",measure
air_1_glast_m,"Gross intake ratio to the last grade of primary education, male (%)",measure
air_2_gpv_glast,"Gross intake ratio to the last grade of lower secondary general education, both sexes (%)",measure
air_2_gpv_glast_f,"Gross intake ratio to the last grade of lower secondary general education, female (%)",measure
air_2_gpv_glast_gpia,"Gross intake ratio to the last grade of lower secondary general education, adjusted gender parity index (GPIA)",measure
air_2_gpv_glast_m,"Gross intake ratio to the last grade of lower secondary general education, male (%)",measure
cr_1,"Completion rate, primary education, both sexes (%)",measure
cr_1_abl,"Completion rate, primary education, not disabled, both sexes (%)",measure
cr_1_abl_f,"Completion rate, primary education, not disabled, female (%)",measure
cr_1_abl_gpia,"Completion rate, primary education, not disabled, adjusted gender parity index (GPIA)",measure
cr_1_abl_m,"Completion rate, primary education, not disabled, male (%)",measure
cr_1_dis,"Completion rate, primary education, disabled, both sexes (%)",measure
cr_1_dis_f,"Completion rate, primary education, disabled, female (%)",measure
cr_1_dis_gpia,"Completion rate, primary education, disabled, adjusted gender parity index (GPIA)",measure
cr_1_dis_m,"Completion rate, primary education, disabled, male (%)",measure
cr_1_dpia,"Completion rate, primary education, adjusted disability parity index (DPIA)",measure
cr_1_f,"Completion rate, primary education, female (%)",measure
cr_1_f_dpia,"Completion rate, primary education, female, adjusted disability parity index (DPIA)",measure
cr_1_f_lpia,"Completion rate, primary education, female, adjusted location parity index (LPIA)",measure
cr_1_f_wpia,"Completion rate, primary education, female, adjusted wealth parity index (WPIA)",measure
cr_1_gpia,"Completion rate, primary education, adjusted gender parity index (GPIA)",measure
cr_1_lpia,"Completion rate, primary education, adjusted location parity index (LPIA)",measure
cr_1_m,"Completion rate, primary education, male (%)",measure
cr_1_m_dpia,"Completion rate, primary education, male, adjusted disability parity index (DPIA)",measure
cr_1_m_lpia,"Completion rate, primary education, male, adjusted location parity index (LPIA)",measure
cr_1_m_wpia,"Completion rate, primary education, male, adjusted wealth parity index (WPIA)",measure
cr_1_q1,"Completion rate, primary education, poorest quintile, both sexes (%)",measure
cr_1_q1_f,"Completion rate, primary education, poorest quintile, female (%)",measure
cr_1_q1_f_lpia,"Completion rate, primary education, poorest quintile, female, adjusted location parity index (LPIA)",measure
cr_1_q1_gpia,"Completion rate, primary education, poorest quintile, adjusted gender parity index (GPIA)",measure
cr_1_q1_lpia,"Completion rate, primary education, poorest quintile, adjusted location parity index (LPIA)",measure
cr_1_q1_m,"Completion rate, primary education, poorest quintile, male (%)",measure
cr_1_q1_m_lpia,"Completion rate, primary education, poorest quintile, male, adjusted location parity index (LPIA)",measure
cr_1_q2,"Completion rate, primary education, second quintile, both sexes (%)",measure
cr_1_q2_f,"Completion rate, primary education, second quintile, female (%)",measure
cr_1_q2_f_lpia,"Completion rate, primary education, second quintile, female, adjusted location parity index (LPIA)",measure
cr_1_q2_gpia,"Completion rate, primary education, second quintile, adjusted gender parity index (GPIA)",measure
cr_1_q2_lpia,"Completion rate, primary education, second quintile, adjusted location parity index (LPIA)",measure
cr_1_q2_m,"Completion rate, primary education, second quintile, male (%)",measure
cr_1_q2_m_lpia,"Completion rate, primary education, second quintile, male, adjusted location parity index (LPIA)",measure
cr_1_q3,"Completion rate, primary education, middle quintile, both sexes (%)",measure
cr_1_q3_f,"Completion rate, primary education, middle quintile, female (%)",measure
cr_1_q3_f_lpia,"Completion rate, primary education, middle quintile, female, adjusted location parity index (LPIA)",measure
cr_1_q3_gpia,"Completion rate, primary education, middle quintile, adjusted gender parity index (GPIA)",measure
cr_1_q3_lpia,"Completion rate, primary education, middle quintile, adjusted location parity index (LPIA)",measure
cr_1_q3_m,"Completion rate, primary education, middle quintile, male (%)",measure
cr_1_q3_m_lpia,"Completion rate, primary education, middle quintile, male, adjusted location parity index (LPIA)",measure
cr_1_q4,"Completion rate, primary education, fourth quintile, both sexes (%)",measure
cr_1_q4_f,"Completion rate, primary education, fourth quintile, female (%)",measure
cr_1_q4_f_lpia,"Completion rate, primary education, fourth quintile, female, adjusted location parity index (LPIA)",measure
cr_1_q4_gpia,"Completion rate, primary education, fourth quintile, adjusted gender parity index (GPIA)",measure
cr_1_q4_lpia,"Completion rate, primary education, fourth quintile, adjusted location parity index (LPIA)",measure
cr_1_q4_m,"Completion rate, primary education, fourth quintile, male (%)",measure
cr_1_q4_m_lpia,"Completion rate, primary education, fourth quintile, male, adjusted location parity index (LPIA)",measure
cr_1_q5,"Completion rate, primary education, richest quintile, both sexes (%)",measure
cr_1_q5_f,"Completion rate, primary education, richest quintile, female (%)",measure
cr_1_q5_f_lpia,"Completion rate, primary education, richest quintile, female, adjusted location parity index (LPIA)",measure
cr_1_q5_gpia,"Completion rate, primary education, richest quintile, adjusted gender parity index (GPIA)",measure
cr_1_q5_lpia,"Completion rate, primary education, richest quintile, adjusted location parity index (LPIA)",measure
cr_1_q5_m,"Completion rate, primary education, richest quintile, male (%)",measure
cr_1_q5_m_lpia,"Completion rate, primary education, richest quintile, male, adjusted location parity index (LPIA)",measure
cr_1_rur,"Completion rate, primary education, rural, both sexes (%)",measure
cr_1_rur_f,"Completion rate, primary education, rural, female (%)",measure
cr_1_rur_f_wpia,"Completion rate, primary education, rural, female, adjusted wealth parity index (WPIA)",measure
cr_1_rur_gpia,"Completion rate, primary education, rural, adjusted gender parity index (GPIA)",measure
cr_1_rur_m,"Completion rate, primary education, rural, male (%)",measure
cr_1_rur_m_wpia,"Completion rate, primary education, rural, male, adjusted wealth parity index (WPIA)",measure
cr_1_rur_q1,"Completion rate, primary education, rural, poorest quintile, both sexes (%)",measure
cr_1_rur_q1_f,"Completion rate, primary education, rural, poorest quintile, female (%)",measure
cr_1_rur_q1_gpia,"Completion rate, primary education, rural, poorest quintile, adjusted gender parity index (GPIA)",measure
cr_1_rur_q1_m,"Completion rate, primary education, rural, poorest quintile, male (%)",measure
cr_1_rur_q2,"Completion rate, primary education, rural, second quintile, both sexes (%)",measure
cr_1_rur_q2_f,"Completion rate, primary education, rural, second quintile, female (%)",measure
cr_1_rur_q2_gpia,"Completion rate, primary education, rural, second quintile, adjusted gender parity index (GPIA)",measure
cr_1_rur_q2_m,"Completion rate, primary education, rural, second quintile, male (%)",measure
cr_1_rur_q3,"Completion rate, primary education, rural, middle quintile, both sexes (%)",measure
cr_1_rur_q3_f,"Completion rate, primary education, rural, middle quintile, female (%)",measure
cr_1_rur_q3_gpia,"Completion rate, primary education, rural, middle quintile, adjusted gender parity index (GPIA)",measure
cr_1_rur_q3_m,"Completion rate, primary education, rural, middle quintile, male (%)",measure
cr_1_rur_q4,"Completion rate, primary education, rural, fourth quintile, both sexes (%)",measure
cr_1_rur_q4_f,"Completion rate, primary education, rural, fourth quintile, female (%)",measure
cr_1_rur_q4_gpia,"Completion rate, primary education, rural, fourth quintile, adjusted gender parity index (GPIA)",measure
cr_1_rur_q4_m,"Completion rate, primary education, rural, fourth quintile, male (%)",measure
cr_1_rur_q5,"Completion rate, primary education, rural, richest quintile, both sexes (%)",measure
cr_1_rur_q5_f,"Completion rate, primary education, rural, richest quintile, female (%)",measure
cr_1_rur_q5_gpia,"Completion rate, primary education, rural, richest quintile, adjusted gender parity index (GPIA)",measure
cr_1_rur_q5_m,"Completion rate, primary education, rural, richest quintile, male (%)",measure
cr_1_rur_wpia,"Completion rate, primary education, rural, adjusted wealth parity index (WPIA)",measure
cr_1_urb,"Completion rate, primary education, urban, both sexes (%)",measure
cr_1_urb_f,"Completion rate, primary education, urban, female (%)",measure
cr_1_urb_f_wpia,"Completion rate, primary education, urban, female, adjusted wealth parity index (WPIA)",measure
cr_1_urb_gpia,"Completion rate, primary education, urban, adjusted gender parity index (GPIA)",measure
cr_1_urb_m,"Completion rate, primary education, urban, male (%)",measure
cr_1_urb_m_wpia,"Completion rate, primary education, urban, male, adjusted wealth parity index (WPIA)",measure
cr_1_urb_q1,"Completion rate, primary education, urban, poorest quintile, both sexes (%)",measure
cr_1_urb_q1_f,"Completion rate, primary education, urban, poorest quintile, female (%)",measure
cr_1_urb_q1_gpia,"Completion rate, primary education, urban, poorest quintile, adjusted gender parity index (GPIA)",measure
cr_1_urb_q1_m,"Completion rate, primary education, urban, poorest quintile, male (%)",measure
cr_1_urb_q2,"Completion rate, primary education, urban, second quintile, both sexes (%)",measure
cr_1_urb_q2_f,"Completion rate, primary education, urban, second quintile, female (%)",measure
cr_1_urb_q2_gpia,"Completion rate, primary education, urban, second quintile, adjusted gender parity index (GPIA)",measure
cr_1_urb_q2_m,"Completion rate, primary education, urban, second quintile, male (%)",measure
cr_1_urb_q3,"Completion rate, primary education, urban, middle quintile, both sexes (%)",measure
cr_1_urb_q3_f,"Completion rate, primary education, urban, middle quintile, female (%)",measure
cr_1_urb_q3_gpia,"Completion rate, primary education, urban, middle quintile, adjusted gender parity index (GPIA)",measure
cr_1_urb_q3_m,"Completion rate, primary education, urban, middle quintile, male (%)",measure
cr_1_urb_q4,"Completion rate, primary education, urban, fourth quintile, both sexes (%)",measure
cr_1_urb_q4_f,"Completion rate, primary education, urban, fourth quintile, female (%)",measure
cr_1_urb_q4_gpia,"Completion rate, primary education, urban, fourth quintile, adjusted gender parity index (GPIA)",measure
cr_1_urb_q4_m,"Completion rate, primary education, urban, fourth quintile, male (%)",measure
cr_1_urb_q5,"Completion rate, primary education, urban, richest quintile, both sexes (%)",measure
cr_1_urb_q5_f,"Completion rate, primary education, urban, richest quintile, female (%)",measure
cr_1_urb_q5_gpia,"Completion rate, primary education, urban, richest quintile, adjusted gender parity index (GPIA)",measure
cr_1_urb_q5_m,"Completion rate, primary education, urban, richest quintile, male (%)",measure
cr_1_urb_wpia,"Completion rate, primary education, urban, adjusted wealth parity index (WPIA)",measure
cr_1_wpia,"Completion rate, primary education, adjusted wealth parity index (WPIA)",measure
cr_2,"Completion rate, lower secondary education, both sexes (%)",measure
cr_2_abl,"Completion rate, lower secondary education, not disabled, both sexes (%)",measure
cr_2_abl_f,"Completion rate, lower secondary education, not disabled, female (%)",measure
cr_2_abl_gpia,"Completion rate, lower secondary education, not disabled, adjusted gender parity index (GPIA)",measure
cr_2_abl_m,"Completion rate, lower secondary education, not disabled, male (%)",measure
cr_2_dis,"Completion rate, lower secondary education, disabled, both sexes (%)",measure
cr_2_dis_f,"Completion rate, lower secondary education, disabled, female (%)",measure
cr_2_dis_gpia,"Completion rate, lower secondary education, disabled, adjusted gender parity index (GPIA)",measure
cr_2_dis_m,"Completion rate, lower secondary education, disabled, male (%)",measure
cr_2_dpia,"Completion rate, lower secondary education, adjusted disability parity index (DPIA)",measure
cr_2_f,"Completion rate, lower secondary education, female (%)",measure
cr_2_f_dpia,"Completion rate, lower secondary education, female, adjusted disability parity index (DPIA)",measure
cr_2_f_lpia,"Completion rate, lower secondary education, female, adjusted location parity index (LPIA)",measure
cr_2_f_wpia,"Completion rate, lower secondary education, female, adjusted wealth parity index (WPIA)",measure
cr_2_gpia,"Completion rate, lower secondary education, adjusted gender parity index (GPIA)",measure
cr_2_lpia,"Completion rate, lower secondary education, adjusted location parity index (LPIA)",measure
cr_2_m,"Completion rate, lower secondary education, male (%)",measure
cr_2_m_dpia,"Completion rate, lower secondary education, male, adjusted disability parity index (DPIA)",measure
cr_2_m_lpia,"Completion rate, lower secondary education, male, adjusted location parity index (LPIA)",measure
cr_2_m_wpia,"Completion rate, lower secondary education, male, adjusted wealth parity index (WPIA)",measure
cr_2_q1,"Completion rate, lower secondary education, poorest quintile, both sexes (%)",measure
cr_2_q1_f,"Completion rate, lower secondary education, poorest quintile, female (%)",measure
cr_2_q1_f_lpia,"Completion rate, lower secondary education, poorest quintile, female, adjusted location parity index (LPIA)",measure
cr_2_q1_gpia,"Completion rate, lower secondary education, poorest quintile, adjusted gender parity index (GPIA)",measure
cr_2_q1_lpia,"Completion rate, lower secondary education, poorest quintile, adjusted location parity index (LPIA)",measure
cr_2_q1_m,"Completion rate, lower secondary education, poorest quintile, male (%)",measure
cr_2_q1_m_lpia,"Completion rate, lower secondary education, poorest quintile, male, adjusted location parity index (LPIA)",measure
cr_2_q2,"Completion rate, lower secondary education, second quintile, both sexes (%)",measure
cr_2_q2_f,"Completion rate, lower secondary education, second quintile, female (%)",measure
cr_2_q2_f_lpia,"Completion rate, lower secondary education, second quintile, female, adjusted location parity index (LPIA)",measure
cr_2_q2_gpia,"Completion rate, lower secondary education, second quintile, adjusted gender parity index (GPIA)",measure
cr_2_q2_lpia,"Completion rate, lower secondary education, second quintile, adjusted location parity index (LPIA)",measure
cr_2_q2_m,"Completion rate, lower secondary education, second quintile, male (%)",measure
cr_2_q2_m_lpia,"Completion rate, lower secondary education, second quintile, male, adjusted location parity index (LPIA)",measure
cr_2_q3,"Completion rate, lower secondary education, middle quintile, both sexes (%)",measure
cr_2_q3_f,"Completion rate, lower secondary education, middle quintile, female (%)",measure
cr_2_q3_f_lpia,"Completion rate, lower secondary education, middle quintile, female, adjusted location parity index (LPIA)",measure
cr_2_q3_gpia,"Completion rate, lower secondary education, middle quintile, adjusted gender parity index (GPIA)",measure
cr_2_q3_lpia,"Completion rate, lower secondary education, middle quintile, adjusted location parity index (LPIA)",measure
cr_2_q3_m,"Completion rate, lower secondary education, middle quintile, male (%)",measure
cr_2_q3_m_lpia,"Completion rate, lower secondary education, middle quintile, male, adjusted location parity index (LPIA)",measure
cr_2_q4,"Completion rate, lower secondary education, fourth quintile, both sexes (%)",measure
cr_2_q4_f,"Completion rate, lower secondary education, fourth quintile, female (%)",measure
cr_2_q4_f_lpia,"Completion rate, lower secondary education, fourth quintile, female, adjusted location parity index (LPIA)",measure
cr_2_q4_gpia,"Completion rate, lower secondary education, fourth quintile, adjusted gender parity index (GPIA)",measure
cr_2_q4_lpia,"Completion rate, lower secondary education, fourth quintile, adjusted location parity index (LPIA)",measure
cr_2_q4_m,"Completion rate, lower secondary education, fourth quintile, male (%)",measure
cr_2_q4_m_lpia,"Completion rate, lower secondary education, fourth quintile, male, adjusted location parity index (LPIA)",measure
cr_2_q5,"Completion rate, lower secondary education, richest quintile, both sexes (%)",measure
cr_2_q5_f,"Completion rate, lower secondary education, richest quintile, female (%)",measure
cr_2_q5_f_lpia,"Completion rate, lower secondary education, richest quintile, female, adjusted location parity index (LPIA)",measure
cr_2_q5_gpia,"Completion rate, lower secondary education, richest quintile, adjusted gender parity index (GPIA)",measure
cr_2_q5_lpia,"Completion rate, lower secondary education, richest quintile, adjusted location parity index (LPIA)",measure
cr_2_q5_m,"Completion rate, lower secondary education, richest quintile, male (%)",measure
cr_2_q5_m_lpia,"Completion rate, lower secondary education, richest quintile, male, adjusted location parity index (LPIA)",measure
cr_2_rur,"Completion rate, lower secondary education, rural, both sexes (%)",measure
cr_2_rur_f,"Completion rate, lower secondary education, rural, female (%)",measure
cr_2_rur_f_wpia,"Completion rate, lower secondary education, rural, female, adjusted wealth parity index (WPIA)",measure
cr_2_rur_gpia,"Completion rate, lower secondary education, rural, adjusted gender parity index (GPIA)",measure
cr_2_rur_m,"Completion rate, lower secondary education, rural, male (%)",measure
cr_2_rur_m_wpia,"Completion rate, lower secondary education, rural, male, adjusted wealth parity index (WPIA)",measure
cr_2_rur_q1,"Completion rate, lower secondary education, rural, poorest quintile, both sexes (%)",measure
cr_2_rur_q1_f,"Completion rate, lower secondary education, rural, poorest quintile, female (%)",measure
cr_2_rur_q1_gpia,"Completion rate, lower secondary education, rural, poorest quintile, adjusted gender parity index (GPIA)",measure
cr_2_rur_q1_m,"Completion rate, lower secondary education, rural, poorest quintile, male (%)",measure
cr_2_rur_q2,"Completion rate, lower secondary education, rural, second quintile, both sexes (%)",measure
cr_2_rur_q2_f,"Completion rate, lower secondary education, rural, second quintile, female (%)",measure
cr_2_rur_q2_gpia,"Completion rate, lower secondary education, rural, second quintile, adjusted gender parity index (GPIA)",measure
cr_2_rur_q2_m,"Completion rate, lower secondary education, rural, second quintile, male (%)",measure
cr_2_rur_q3,"Completion rate, lower secondary education, rural, middle quintile, both sexes (%)",measure
cr_2_rur_q3_f,"Completion rate, lower secondary education, rural, middle quintile, female (%)",measure
cr_2_rur_q3_gpia,"Completion rate, lower secondary education, rural, middle quintile, adjusted gender parity index (GPIA)",measure
cr_2_rur_q3_m,"Completion rate, lower secondary education, rural, middle quintile, male (%)",measure
cr_2_rur_q4,"Completion rate, lower secondary education, rural, fourth quintile, both sexes (%)",measure
cr_2_rur_q4_f,"Completion rate, lower secondary education, rural, fourth quintile, female (%)",measure
cr_2_rur_q4_gpia,"Completion rate, lower secondary education, rural, fourth quintile, adjusted gender parity index (GPIA)",measure
cr_2_rur_q4_m,"Completion rate, lower secondary education, rural, fourth quintile, male (%)",measure
cr_2_rur_q5,"Completion rate, lower secondary education, rural, richest quintile, both sexes (%)",measure
cr_2_rur_q5_f,"Completion rate, lower secondary education, rural, richest quintile, female (%)",measure
cr_2_rur_q5_gpia,"Completion rate, lower secondary education, rural, richest quintile, adjusted gender parity index (GPIA)",measure
cr_2_rur_q5_m,"Completion rate, lower secondary education, rural, richest quintile, male (%)",measure
cr_2_rur_wpia,"Completion rate, lower secondary education, rural, adjusted wealth parity index (WPIA)",measure
cr_2_urb,"Completion rate, lower secondary education, urban, both sexes (%)",measure
cr_2_urb_f,"Completion rate, lower secondary education, urban, female (%)",measure
cr_2_urb_f_wpia,"Completion rate, lower secondary education, urban, female, adjusted wealth parity index (WPIA)",measure
cr_2_urb_gpia,"Completion rate, lower secondary education, urban, adjusted gender parity index (GPIA)",measure
cr_2_urb_m,"Completion rate, lower secondary education, urban, male (%)",measure
cr_2_urb_m_wpia,"Completion rate, lower secondary education, urban, male, adjusted wealth parity index (WPIA)",measure
cr_2_urb_q1,"Completion rate, lower secondary education, urban, poorest quintile, both sexes (%)",measure
cr_2_urb_q1_f,"Completion rate, lower secondary education, urban, poorest quintile, female (%)",measure
cr_2_urb_q1_gpia,"Completion rate, lower secondary education, urban, poorest quintile, adjusted gender parity index (GPIA)",measure
cr_2_urb_q1_m,"Completion rate, lower secondary education, urban, poorest quintile, male (%)",measure
cr_2_urb_q2,"Completion rate, lower secondary education, urban, second quintile, both sexes (%)",measure
cr_2_urb_q2_f,"Completion rate, lower secondary education, urban, second quintile, female (%)",measure
cr_2_urb_q2_gpia,"Completion rate, lower secondary education, urban, second quintile, adjusted gender parity index (GPIA)",measure
cr_2_urb_q2_m,"Completion rate, lower secondary education, urban, second quintile, male (%)",measure
cr_2_urb_q3,"Completion rate, lower secondary education, urban, middle quintile, both sexes (%)",measure
cr_2_urb_q3_f,"Completion rate, lower secondary education, urban, middle quintile, female (%)",measure
cr_2_urb_q3_gpia,"Completion rate, lower secondary education, urban, middle quintile, adjusted gender parity index (GPIA)",measure
cr_2_urb_q3_m,"Completion rate, lower secondary education, urban, middle quintile, male (%)",measure
cr_2_urb_q4,"Completion rate, lower secondary education, urban, fourth quintile, both sexes (%)",measure
cr_2_urb_q4_f,"Completion rate, lower secondary education, urban, fourth quintile, female (%)",measure
cr_2_urb_q4_gpia,"Completion rate, lower secondary education, urban, fourth quintile, adjusted gender parity index (GPIA)",measure
cr_2_urb_q4_m,"Completion rate, lower secondary education, urban, fourth quintile, male (%)",measure
cr_2_urb_q5,"Completion rate, lower secondary education, urban, richest quintile, both sexes (%)",measure
cr_2_urb_q5_f,"Completion rate, lower secondary education, urban, richest quintile, female (%)",measure
cr_2_urb_q5_gpia,"Completion rate, lower secondary education, urban, richest quintile, adjusted gender parity index (GPIA)",measure
cr_2_urb_q5_m,"Completion rate, lower secondary education, urban, richest quintile, male (%)",measure
cr_2_urb_wpia,"Completion rate, lower secondary education, urban, adjusted wealth parity index (WPIA)",measure
cr_2_wpia,"Completion rate, lower secondary education, adjusted wealth parity index (WPIA)",measure
cr_3,"Completion rate, upper secondary education, both sexes (%)",measure
cr_3_abl,"Completion rate, upper secondary education, not disabled, both sexes (%)",measure
cr_3_abl_f,"Completion rate, upper secondary education, not disabled, female (%)",measure
cr_3_abl_gpia,"Completion rate, upper secondary education, not disabled, adjusted gender parity index (GPIA)",measure
cr_3_abl_m,"Completion rate, upper secondary education, not disabled, male (%)",measure
cr_3_dis,"Completion rate, upper secondary education, disabled, both sexes (%)",measure
cr_3_dis_f,"Completion rate, upper secondary education, disabled, female (%)",measure
cr_3_dis_gpia,"Completion rate, upper secondary education, disabled, adjusted gender parity index (GPIA)",measure
cr_3_dis_m,"Completion rate, upper secondary education, disabled, male (%)",measure
cr_3_dpia,"Completion rate, upper secondary education, adjusted disability parity index (DPIA)",measure
cr_3_f,"Completion rate, upper secondary education, female (%)",measure
cr_3_f_dpia,"Completion rate, upper secondary education, female, adjusted disability parity index (DPIA)",measure
cr_3_f_lpia,"Completion rate, upper secondary education, female, adjusted location parity index (LPIA)",measure
cr_3_f_wpia,"Completion rate, upper secondary education, female, adjusted wealth parity index (WPIA)",measure
cr_3_gpia,"Completion rate, upper secondary education, adjusted gender parity index (GPIA)",measure
cr_3_lpia,"Completion rate, upper secondary education, adjusted location parity index (LPIA)",measure
cr_3_m,"Completion rate, upper secondary education, male (%)",measure
cr_3_m_dpia,"Completion rate, upper secondary education, male, adjusted disability parity index (DPIA)",measure
cr_3_m_lpia,"Completion rate, upper secondary education, male, adjusted location parity index (LPIA)",measure
cr_3_m_wpia,"Completion rate, upper secondary education, male, adjusted wealth parity index (WPIA)",measure
cr_3_q1,"Completion rate, upper secondary education, poorest quintile, both sexes (%)",measure
cr_3_q1_f,"Completion rate, upper secondary education, poorest quintile, female (%)",measure
cr_3_q1_f_lpia,"Completion rate, upper secondary education, poorest quintile, female, adjusted location parity index (LPIA)",measure
cr_3_q1_gpia,"Completion rate, upper secondary education, poorest quintile, adjusted gender parity index (GPIA)",measure
cr_3_q1_lpia,"Completion rate, upper secondary education, poorest quintile, adjusted location parity index (LPIA)",measure
cr_3_q1_m,"Completion rate, upper secondary education, poorest quintile, male (%)",measure
cr_3_q1_m_lpia,"Completion rate, upper secondary education, poorest quintile, male, adjusted location parity index (LPIA)",measure
cr_3_q2,"Completion rate, upper secondary education, second quintile, both sexes (%)",measure
cr_3_q2_f,"Completion rate, upper secondary education, second quintile, female (%)",measure
cr_3_q2_f_lpia,"Completion rate, upper secondary education, second quintile, female, adjusted location parity index (LPIA)",measure
cr_3_q2_gpia,"Completion rate, upper secondary education, second quintile, adjusted gender parity index (GPIA)",measure
cr_3_q2_lpia,"Completion rate, upper secondary education, second quintile, adjusted location parity index (LPIA)",measure
cr_3_q2_m,"Completion rate, upper secondary education, second quintile, male (%)",measure
cr_3_q2_m_lpia,"Completion rate, upper secondary education, second quintile, male, adjusted location parity index (LPIA)",measure
cr_3_q3,"Completion rate, upper secondary education, middle quintile, both sexes (%)",measure
cr_3_q3_f,"Completion rate, upper secondary education, middle quintile, female (%)",measure
cr_3_q3_f_lpia,"Completion rate, upper secondary education, middle quintile, female, adjusted location parity index (LPIA)",measure
cr_3_q3_gpia,"Completion rate, upper secondary education, middle quintile, adjusted gender parity index (GPIA)",measure
cr_3_q3_lpia,"Completion rate, upper secondary education, middle quintile, adjusted location parity index (LPIA)",measure
cr_3_q3_m,"Completion rate, upper secondary education, middle quintile, male (%)",measure
cr_3_q3_m_lpia,"Completion rate, upper secondary education, middle quintile, male, adjusted location parity index (LPIA)",measure
cr_3_q4,"Completion rate, upper secondary education, fourth quintile, both sexes (%)",measure
cr_3_q4_f,"Completion rate, upper secondary education, fourth quintile, female (%)",measure
cr_3_q4_f_lpia,"Completion rate, upper secondary education, fourth quintile, female, adjusted location parity index (LPIA)",measure
cr_3_q4_gpia,"Completion rate, upper secondary education, fourth quintile, adjusted gender parity index (GPIA)",measure
cr_3_q4_lpia,"Completion rate, upper secondary education, fourth quintile, adjusted location parity index (LPIA)",measure
cr_3_q4_m,"Completion rate, upper secondary education, fourth quintile, male (%)",measure
cr_3_q4_m_lpia,"Completion rate, upper secondary education, fourth quintile, male, adjusted location parity index (LPIA)",measure
cr_3_q5,"Completion rate, upper secondary education, richest quintile, both sexes (%)",measure
cr_3_q5_f,"Completion rate, upper secondary education, richest quintile, female (%)",measure
cr_3_q5_f_lpia,"Completion rate, upper secondary education, richest quintile, female, adjusted location parity index (LPIA)",measure
cr_3_q5_gpia,"Completion rate, upper secondary education, richest quintile, adjusted gender parity index (GPIA)",measure
cr_3_q5_lpia,"Completion rate, upper secondary education, richest quintile, adjusted location parity index (LPIA)",measure
cr_3_q5_m,"Completion rate, upper secondary education, richest quintile, male (%)",measure
cr_3_q5_m_lpia,"Completion rate, upper secondary education, richest quintile, male, adjusted location parity index (LPIA)",measure
cr_3_rur,"Completion rate, upper secondary education, rural, both sexes (%)",measure
cr_3_rur_f,"Completion rate, upper secondary education, rural, female (%)",measure
cr_3_rur_f_wpia,"Completion rate, upper secondary education, rural, female, adjusted wealth parity index (WPIA)",measure
cr_3_rur_gpia,"Completion rate, upper secondary education, rural, adjusted gender parity index (GPIA)",measure
cr_3_rur_m,"Completion rate, upper secondary education, rural, male (%)",measure
cr_3_rur_m_wpia,"Completion rate, upper secondary education, rural, male, adjusted wealth parity index (WPIA)",measure
cr_3_rur_q1,"Completion rate, upper secondary education, rural, poorest quintile, both sexes (%)",measure
cr_3_rur_q1_f,"Completion rate, upper secondary education, rural, poorest quintile, female (%)",measure
cr_3_rur_q1_gpia,"Completion rate, upper secondary education, rural, poorest quintile, adjusted gender parity index (GPIA)",measure
cr_3_rur_q1_m,"Completion rate, upper secondary education, rural, poorest quintile, male (%)",measure
cr_3_rur_q2,"Completion rate, upper secondary education, rural, second quintile, both sexes (%)",measure
cr_3_rur_q2_f,"Completion rate, upper secondary education, rural, second quintile, female (%)",measure
cr_3_rur_q2_gpia,"Completion rate, upper secondary education, rural, second quintile, adjusted gender parity index (GPIA)",measure
cr_3_rur_q2_m,"Completion rate, upper secondary education, rural, second quintile, male (%)",measure
cr_3_rur_q3,"Completion rate, upper secondary education, rural, middle quintile, both sexes (%)",measure
cr_3_rur_q3_f,"Completion rate, upper secondary education, rural, middle quintile, female (%)",measure
cr_3_rur_q3_gpia,"Completion rate, upper secondary education, rural, middle quintile, adjusted gender parity index (GPIA)",measure
cr_3_rur_q3_m,"Completion rate, upper secondary education, rural, middle quintile, male (%)",measure
cr_3_rur_q4,"Completion rate, upper secondary education, rural, fourth quintile, both sexes (%)",measure
cr_3_rur_q4_f,"Completion rate, upper secondary education, rural, fourth quintile, female (%)",measure
cr_3_rur_q4_gpia,"Completion rate, upper secondary education, rural, fourth quintile, adjusted gender parity index (GPIA)",measure
cr_3_rur_q4_m,"Completion rate, upper secondary education, rural, fourth quintile, male (%)",measure
cr_3_rur_q5,"Completion rate, upper secondary education, rural, richest quintile, both sexes (%)",measure
cr_3_rur_q5_f,"Completion rate, upper secondary education, rural, richest quintile, female (%)",measure
cr_3_rur_q5_gpia,"Completion rate, upper secondary education, rural, richest quintile, adjusted gender parity index (GPIA)",measure
cr_3_rur_q5_m,"Completion rate, upper secondary education, rural, richest quintile, male (%)",measure
cr_3_rur_wpia,"Completion rate, upper secondary education, rural, adjusted wealth parity index (WPIA)",measure
cr_3_urb,"Completion rate, upper secondary education, urban, both sexes (%)",measure
cr_3_urb_f,"Completion rate, upper secondary education, urban, female (%)",measure
cr_3_urb_f_wpia,"Completion rate, upper secondary education, urban, female, adjusted wealth parity index (WPIA)",measure
cr_3_urb_gpia,"Completion rate, upper secondary education, urban, adjusted gender parity index (GPIA)",measure
cr_3_urb_m,"Completion rate, upper secondary education, urban, male (%)",measure
cr_3_urb_m_wpia,"Completion rate, upper secondary education, urban, male, adjusted wealth parity index (WPIA)",measure
cr_3_urb_q1,"Completion rate, upper secondary education, urban, poorest quintile, both sexes (%)",measure
cr_3_urb_q1_f,"Completion rate, upper secondary education, urban, poorest quintile, female (%)",measure
cr_3_urb_q1_gpia,"Completion rate, upper secondary education, urban, poorest quintile, adjusted gender parity index (GPIA)",measure
cr_3_urb_q1_m,"Completion rate, upper secondary education, urban, poorest quintile, male (%)",measure
cr_3_urb_q2,"Completion rate, upper secondary education, urban, second quintile, both sexes (%)",measure
cr_3_urb_q2_f,"Completion rate, upper secondary education, urban, second quintile, female (%)",measure
cr_3_urb_q2_gpia,"Completion rate, upper secondary education, urban, second quintile, adjusted gender parity index (GPIA)",measure
cr_3_urb_q2_m,"Completion rate, upper secondary education, urban, second quintile, male (%)",measure
cr_3_urb_q3,"Completion rate, upper secondary education, urban, middle quintile, both sexes (%)",measure
cr_3_urb_q3_f,"Completion rate, upper secondary education, urban, middle quintile, female (%)",measure
cr_3_urb_q3_gpia,"Completion rate, upper secondary education, urban, middle quintile, adjusted gender parity index (GPIA)",measure
cr_3_urb_q3_m,"Completion rate, upper secondary education, urban, middle quintile, male (%)",measure
cr_3_urb_q4,"Completion rate, upper secondary education, urban, fourth quintile, both sexes (%)",measure
cr_3_urb_q4_f,"Completion rate, upper secondary education, urban, fourth quintile, female (%)",measure
cr_3_urb_q4_gpia,"Completion rate, upper secondary education, urban, fourth quintile, adjusted gender parity index (GPIA)",measure
cr_3_urb_q4_m,"Completion rate, upper secondary education, urban, fourth quintile, male (%)",measure
cr_3_urb_q5,"Completion rate, upper secondary education, urban, richest quintile, both sexes (%)",measure
cr_3_urb_q5_f,"Completion rate, upper secondary education, urban, richest quintile, female (%)",measure
cr_3_urb_q5_gpia,"Completion rate, upper secondary education, urban, richest quintile, adjusted gender parity index (GPIA)",measure
cr_3_urb_q5_m,"Completion rate, upper secondary education, urban, richest quintile, male (%)",measure
cr_3_urb_wpia,"Completion rate, upper secondary education, urban, adjusted wealth parity index (WPIA)",measure
cr_3_wpia,"Completion rate, upper secondary education, adjusted wealth parity index (WPIA)",measure
cr_mod_1,"Completion rate, primary education, both sexes (modelled data) (%)",measure
cr_mod_1_f,"Completion rate, primary education, female (modelled data) (%)",measure
cr_mod_1_gpia,"Completion rate, primary education, adjusted gender parity index (GPIA) (modelled data)",measure
cr_mod_1_m,"Completion rate, primary education, male (modelled data) (%)",measure
cr_mod_2,"Completion rate, lower secondary education, both sexes (modelled data) (%)",measure
cr_mod_2_f,"Completion rate, lower secondary education, female (modelled data) (%)",measure
cr_mod_2_gpia,"Completion rate, lower secondary education, adjusted gender parity index (GPIA) (modelled data)",measure
cr_mod_2_m,"Completion rate, lower secondary education, male (modelled data) (%)",measure
cr_mod_3,"Completion rate, upper secondary education, both sexes (modelled data) (%)",measure
cr_mod_3_f,"Completion rate, upper secondary education, female (modelled data) (%)",measure
cr_mod_3_gpia,"Completion rate, upper secondary education, adjusted gender parity index (GPIA) (modelled data)",measure
cr_mod_3_m,"Completion rate, upper secondary education, male (modelled data) (%)",measure
dl,Percentage of youth/adults who have achieved at least a minimum level of proficiency in digital literacy skills (%),measure
dl_f,"Percentage of youth/adults who have achieved at least a minimum level of proficiency in digital literacy skills, female (%)",measure
dl_gpia,"Percentage of youth/adults who have achieved at least a minimum level of proficiency in digital literacy skills, adjusted gender parity index (GPIA)",measure
dl_highses,"Percentage of youth/adults who have achieved at least a minimum level of proficiency in digital literacy skills, high socio-economic status (%)",measure
dl_lowses,"Percentage of youth/adults who have achieved at least a minimum level of proficiency in digital literacy skills, low socio-economic status (%)",measure
dl_m,"Percentage of youth/adults who have achieved at least a minimum level of proficiency in digital literacy skills, male (%)",measure
dl_olderadults,"Percentage of youth/adults who have achieved at least a minimum level of proficiency in digital literacy skills, older adults(%)",measure
dl_withouttertiary,"Percentage of youth/adults who have achieved at least a minimum level of proficiency in digital literacy skills, without tertiary education (%)",measure
dl_withtertiary,"Percentage of youth/adults who have achieved at least a minimum level of proficiency in digital literacy skills, with tertiary education (%)",measure
dl_wpia,"Percentage of youth/adults who have achieved at least a minimum level of proficiency in digital literacy skills, adjusted wealth parity index (WPIA)",measure
dl_youngeradults,"Percentage of youth/adults who have achieved at least a minimum level of proficiency in digital literacy skills, younger adults (%)",measure
ea_1t8_ag25t99,"Educational attainment rate, completed primary education or higher, population 25+ years, both sexes (%)",measure
ea_1t8_ag25t99_f,"Educational attainment rate, completed primary education or higher, population 25+ years, female (%)",measure
ea_1t8_ag25t99_f_lpia,"Educational attainment rate, completed primary education or higher, population 25+ years, female, adjusted location parity index (LPIA)",measure
ea_1t8_ag25t99_f_wpia,"Educational attainment rate, completed primary education or higher, population 25+ years, female, adjusted wealth parity index (WPIA)",measure
ea_1t8_ag25t99_gpia,"Educational attainment rate, completed primary education or higher, population 25+ years, adjusted gender parity index (GPIA)",measure
ea_1t8_ag25t99_lpia,"Educational attainment rate, completed primary education or higher, population 25+ years, adjusted location parity index (LPIA)",measure
ea_1t8_ag25t99_m,"Educational attainment rate, completed primary education or higher, population 25+ years, male (%)",measure
ea_1t8_ag25t99_m_lpia,"Educational attainment rate, completed primary education or higher, population 25+ years, male, adjusted location parity index (LPIA)",measure
ea_1t8_ag25t99_m_wpia,"Educational attainment rate, completed primary education or higher, population 25+ years, male, adjusted wealth parity index (WPIA)",measure
ea_1t8_ag25t99_native,"Educational attainment rate, completed primary education or higher, population 25+ years, non-immigrant background, both sexes (%)",measure
ea_1t8_ag25t99_native_f,"Educational attainment rate, completed primary education or higher, population 25+ years, non-immigrant background, female (%)",measure
ea_1t8_ag25t99_native_gpia,"Educational attainment rate, completed primary education or higher, population 25+ years, non-immigrant background, adjusted gender parity index (GPIA)",measure
ea_1t8_ag25t99_native_m,"Educational attainment rate, completed primary education or higher, population 25+ years, non-immigrant background, male (%)",measure
ea_1t8_ag25t99_nonnative,"Educational attainment rate, completed primary education or higher, population 25+ years, immigrant background, both sexes (%)",measure
ea_1t8_ag25t99_nonnative_f,"Educational attainment rate, completed primary education or higher, population 25+ years, immigrant background, female (%)",measure
ea_1t8_ag25t99_nonnative_gpia,"Educational attainment rate, completed primary education or higher, population 25+ years, immigrant background, adjusted gender parity index (GPIA)",measure
ea_1t8_ag25t99_nonnative_m,"Educational attainment rate, completed primary education or higher, population 25+ years, immigrant background, male (%)",measure
ea_1t8_ag25t99_npia,"Educational attainment rate, completed primary education or higher, population 25+ years, adjusted native parity index (NPIA)",measure
ea_1t8_ag25t99_q1,"Educational attainment rate, completed primary education or higher, population 25+ years, poorest quintile, both sexes (%)",measure
ea_1t8_ag25t99_q1_f,"Educational attainment rate, completed primary education or higher, population 25+ years, poorest quintile, female (%)",measure
ea_1t8_ag25t99_q1_gpia,"Educational attainment rate, completed primary education or higher, population 25+ years, poorest quintile, adjusted gender parity index (household survey data) (GPIA)",measure
ea_1t8_ag25t99_q1_m,"Educational attainment rate, completed primary education or higher, population 25+ years, poorest quintile, male (%)",measure
ea_1t8_ag25t99_q5,"Educational attainment rate, completed primary education or higher, population 25+ years, richest quintile, both sexes (%)",measure
ea_1t8_ag25t99_q5_f,"Educational attainment rate, completed primary education or higher, population 25+ years, richest quintile, female (%)",measure
ea_1t8_ag25t99_q5_gpia,"Educational attainment rate, completed primary education or higher, population 25+ years, richest quintile, adjusted gender parity index (household survey data) (GPIA)",measure
ea_1t8_ag25t99_q5_m,"Educational attainment rate, completed primary education or higher, population 25+ years, richest quintile, male (%)",measure
ea_1t8_ag25t99_rur,"Educational attainment rate, completed primary education or higher, population 25+ years, rural, both sexes (%)",measure
ea_1t8_ag25t99_rur_f,"Educational attainment rate, completed primary education or higher, population 25+ years, rural, female (%)",measure
ea_1t8_ag25t99_rur_gpia,"Educational attainment rate, completed primary education or higher, population 25+ years, rural, adjusted gender parity index (GPIA)",measure
ea_1t8_ag25t99_rur_m,"Educational attainment rate, completed primary education or higher, population 25+ years, rural, male (%)",measure
ea_1t8_ag25t99_urb,"Educational attainment rate, completed primary education or higher, population 25+ years, urban, both sexes (%)",measure
ea_1t8_ag25t99_urb_f,"Educational attainment rate, completed primary education or higher, population 25+ years, urban, female (%)",measure
ea_1t8_ag25t99_urb_gpia,"Educational attainment rate, completed primary education or higher, population 25+ years, urban, adjusted gender parity index (GPIA)",measure
ea_1t8_ag25t99_urb_m,"Educational attainment rate, completed primary education or higher, population 25+ years, urban, male (%)",measure
ea_1t8_ag25t99_wpia,"Educational attainment rate, completed primary education or higher, population 25+ years, adjusted wealth parity index (WPIA)",measure
ea_2t8_ag25t99,"Educational attainment rate, completed lower secondary education or higher, population 25+ years, both sexes (%)",measure
ea_2t8_ag25t99_f,"Educational attainment rate, completed lower secondary education or higher, population 25+ years, female (%)",measure
ea_2t8_ag25t99_f_lpia,"Educational attainment rate, completed lower secondary education or higher, population 25+ years, female, adjusted location parity index (LPIA)",measure
ea_2t8_ag25t99_f_wpia,"Educational attainment rate, completed lower secondary education or higher, population 25+ years, female, adjusted wealth parity index (WPIA)",measure
ea_2t8_ag25t99_gpia,"Educational attainment rate, completed lower secondary education or higher, population 25+ years, adjusted gender parity index (GPIA)",measure
ea_2t8_ag25t99_lpia,"Educational attainment rate, completed lower secondary education or higher, population 25+ years, adjusted location parity index (LPIA)",measure
ea_2t8_ag25t99_m,"Educational attainment rate, completed lower secondary education or higher, population 25+ years, male (%)",measure
ea_2t8_ag25t99_m_lpia,"Educational attainment rate, completed lower secondary education or higher, population 25+ years, male, adjusted location parity index (LPIA)",measure
ea_2t8_ag25t99_m_wpia,"Educational attainment rate, completed lower secondary education or higher, population 25+ years, male, adjusted wealth parity index (WPIA)",measure
ea_2t8_ag25t99_native,"Educational attainment rate, completed lower secondary education or higher, population 25+ years, non-immigrant background, both sexes (%)",measure
ea_2t8_ag25t99_native_f,"Educational attainment rate, completed lower secondary education or higher, population 25+ years, non-immigrant background, female (%)",measure
ea_2t8_ag25t99_native_gpia,"Educational attainment rate, completed lower secondary education or higher, population 25+ years, non-immigrant background, adjusted gender parity index (GPIA)",measure
ea_2t8_ag25t99_native_m,"Educational attainment rate, completed lower secondary education or higher, population 25+ years, non-immigrant background, male (%)",measure
ea_2t8_ag25t99_nonnative,"Educational attainment rate, completed lower secondary education or higher, population 25+ years, immigrant background, both sexes (%)",measure
ea_2t8_ag25t99_nonnative_f,"Educational attainment rate, completed lower secondary education or higher, population 25+ years, immigrant background, female (%)",measure
ea_2t8_ag25t99_nonnative_gpia,"Educational attainment rate, completed lower secondary education or higher, population 25+ years, immigrant background, adjusted gender parity index (GPIA)",measure
ea_2t8_ag25t99_nonnative_m,"Educational attainment rate, completed lower secondary education or higher, population 25+ years, immigrant background, male (%)",measure
ea_2t8_ag25t99_npia,"Educational attainment rate, completed lower secondary education or higher, population 25+ years, adjusted native parity index (NPIA)",measure
ea_2t8_ag25t99_q1,"Educational attainment rate, completed lower secondary education or higher, population 25+ years, poorest quintile, both sexes (%)",measure
ea_2t8_ag25t99_q1_f,"Educational attainment rate, completed lower secondary education or higher, population 25+ years, poorest quintile, female (%)",measure
ea_2t8_ag25t99_q1_gpia,"Educational attainment rate, completed lower secondary education or higher, population 25+ years, poorest quintile, adjusted gender parity index (household survey data) (GPIA)",measure
ea_2t8_ag25t99_q1_m,"Educational attainment rate, completed lower secondary education or higher, population 25+ years, poorest quintile, male (%)",measure
ea_2t8_ag25t99_q5,"Educational attainment rate, completed lower secondary education or higher, population 25+ years, richest quintile, both sexes (%)",measure
ea_2t8_ag25t99_q5_f,"Educational attainment rate, completed lower secondary education or higher, population 25+ years, richest quintile, female (%)",measure
ea_2t8_ag25t99_q5_gpia,"Educational attainment rate, completed lower secondary education or higher, population 25+ years, richest quintile, adjusted gender parity index (household survey data) (GPIA)",measure
ea_2t8_ag25t99_q5_m,"Educational attainment rate, completed lower secondary education or higher, population 25+ years, richest quintile, male (%)",measure
ea_2t8_ag25t99_rur,"Educational attainment rate, completed lower secondary education or higher, population 25+ years, rural, both sexes (%)",measure
ea_2t8_ag25t99_rur_f,"Educational attainment rate, completed lower secondary education or higher, population 25+ years, rural, female (%)",measure
ea_2t8_ag25t99_rur_gpia,"Educational attainment rate, completed lower secondary education or higher, population 25+ years, rural, adjusted gender parity index (GPIA)",measure
ea_2t8_ag25t99_rur_m,"Educational attainment rate, completed lower secondary education or higher, population 25+ years, rural, male (%)",measure
ea_2t8_ag25t99_urb,"Educational attainment rate, completed lower secondary education or higher, population 25+ years, urban, both sexes (%)",measure
ea_2t8_ag25t99_urb_f,"Educational attainment rate, completed lower secondary education or higher, population 25+ years, urban, female (%)",measure
ea_2t8_ag25t99_urb_gpia,"Educational attainment rate, completed lower secondary education or higher, population 25+ years, urban, adjusted gender parity index (GPIA)",measure
ea_2t8_ag25t99_urb_m,"Educational attainment rate, completed lower secondary education or higher, population 25+ years, urban, male (%)",measure
ea_2t8_ag25t99_wpia,"Educational attainment rate, completed lower secondary education or higher, population 25+ years, adjusted wealth parity index (WPIA)",measure
ea_3t8_ag25t99,"Educational attainment rate, completed upper secondary education or higher, population 25+ years, both sexes (%)",measure
ea_3t8_ag25t99_f,"Educational attainment rate, completed upper secondary education or higher, population 25+ years, female (%)",measure
ea_3t8_ag25t99_f_lpia,"Educational attainment rate, completed upper secondary education or higher, population 25+ years, female, adjusted location parity index (LPIA)",measure
ea_3t8_ag25t99_f_wpia,"Educational attainment rate, completed upper secondary education or higher, population 25+ years, female, adjusted wealth parity index (WPIA)",measure
ea_3t8_ag25t99_gpia,"Educational attainment rate, completed upper secondary education or higher, population 25+ years, adjusted gender parity index (GPIA)",measure
ea_3t8_ag25t99_lpia,"Educational attainment rate, completed upper secondary education or higher, population 25+ years, adjusted location parity index (LPIA)",measure
ea_3t8_ag25t99_m,"Educational attainment rate, completed upper secondary education or higher, population 25+ years, male (%)",measure
ea_3t8_ag25t99_m_lpia,"Educational attainment rate, completed upper secondary education or higher, population 25+ years, male, adjusted location parity index (LPIA)",measure
ea_3t8_ag25t99_m_wpia,"Educational attainment rate, completed upper secondary education or higher, population 25+ years, male, adjusted wealth parity index (WPIA)",measure
ea_3t8_ag25t99_native,"Educational attainment rate, completed upper secondary education or higher, population 25+ years, non-immigrant background, both sexes (%)",measure
ea_3t8_ag25t99_native_f,"Educational attainment rate, completed upper secondary education or higher, population 25+ years, non-immigrant background, female (%)",measure
ea_3t8_ag25t99_native_gpia,"Educational attainment rate, completed upper secondary education or higher, population 25+ years, non-immigrant background, adjusted gender parity index (GPIA)",measure
ea_3t8_ag25t99_native_m,"Educational attainment rate, completed upper secondary education or higher, population 25+ years, non-immigrant background, male (%)",measure
ea_3t8_ag25t99_nonnative,"Educational attainment rate, completed upper secondary education or higher, population 25+ years, immigrant background, both sexes (%)",measure
ea_3t8_ag25t99_nonnative_f,"Educational attainment rate, completed upper secondary education or higher, population 25+ years, immigrant background, female (%)",measure
ea_3t8_ag25t99_nonnative_gpia,"Educational attainment rate, completed upper secondary education or higher, population 25+ years, immigrant background, adjusted gender parity index (GPIA)",measure
ea_3t8_ag25t99_nonnative_m,"Educational attainment rate, completed upper secondary education or higher, population 25+ years, immigrant background, male (%)",measure
ea_3t8_ag25t99_npia,"Educational attainment rate, completed upper secondary education or higher, population 25+ years, adjusted native parity index (NPIA)",measure
ea_3t8_ag25t99_q1,"Educational attainment rate, completed upper secondary education or higher, population 25+ years, poorest quintile, both sexes (%)",measure
ea_3t8_ag25t99_q1_f,"Educational attainment rate, completed upper secondary education or higher, population 25+ years, poorest quintile, female (%)",measure
ea_3t8_ag25t99_q1_gpia,"Educational attainment rate, completed upper secondary education or higher, population 25+ years, poorest quintile, adjusted gender parity index (household survey data) (GPIA)",measure
ea_3t8_ag25t99_q1_m,"Educational attainment rate, completed upper secondary education or higher, population 25+ years, poorest quintile, male (%)",measure
ea_3t8_ag25t99_q5,"Educational attainment rate, completed upper secondary education or higher, population 25+ years, richest quintile, both sexes (%)",measure
ea_3t8_ag25t99_q5_f,"Educational attainment rate, completed upper secondary education or higher, population 25+ years, richest quintile, female (%)",measure
ea_3t8_ag25t99_q5_gpia,"Educational attainment rate, completed upper secondary education or higher, population 25+ years, richest quintile, adjusted gender parity index (household survey data) (GPIA)",measure
ea_3t8_ag25t99_q5_m,"Educational attainment rate, completed upper secondary education or higher, population 25+ years, richest quintile, male (%)",measure
ea_3t8_ag25t99_rur,"Educational attainment rate, completed upper secondary education or higher, population 25+ years, rural, both sexes (%)",measure
ea_3t8_ag25t99_rur_f,"Educational attainment rate, completed upper secondary education or higher, population 25+ years, rural, female (%)",measure
ea_3t8_ag25t99_rur_gpia,"Educational attainment rate, completed upper secondary education or higher, population 25+ years, rural, adjusted gender parity index (GPIA)",measure
ea_3t8_ag25t99_rur_m,"Educational attainment rate, completed upper secondary education or higher, population 25+ years, rural, male (%)",measure
ea_3t8_ag25t99_urb,"Educational attainment rate, completed upper secondary education or higher, population 25+ years, urban, both sexes (%)",measure
ea_3t8_ag25t99_urb_f,"Educational attainment rate, completed upper secondary education or higher, population 25+ years, urban, female (%)",measure
ea_3t8_ag25t99_urb_gpia,"Educational attainment rate, completed upper secondary education or higher, population 25+ years, urban, adjusted gender parity index (GPIA)",measure
ea_3t8_ag25t99_urb_m,"Educational attainment rate, completed upper secondary education or higher, population 25+ years, urban, male (%)",measure
ea_3t8_ag25t99_wpia,"Educational attainment rate, completed upper secondary education or higher, population 25+ years, adjusted wealth parity index (WPIA)",measure
ea_4t8_ag25t99,"Educational attainment rate, completed post-secondary non-tertiary education or higher, population 25+ years, both sexes (%)",measure
ea_4t8_ag25t99_f,"Educational attainment rate, completed post-secondary non-tertiary education or higher, population 25+ years, female (%)",measure
ea_4t8_ag25t99_f_lpia,"Educational attainment rate, completed post-secondary non-tertiary education or higher, population 25+ years, female, adjusted location parity index (LPIA)",measure
ea_4t8_ag25t99_gpia,"Educational attainment rate, completed post-secondary non-tertiary education or higher, population 25+ years, adjusted gender parity index (GPIA)",measure
ea_4t8_ag25t99_lpia,"Educational attainment rate, completed post-secondary non-tertiary education or higher, population 25+ years, adjusted location parity index (LPIA)",measure
ea_4t8_ag25t99_m,"Educational attainment rate, completed post-secondary non-tertiary education or higher, population 25+ years, male (%)",measure
ea_4t8_ag25t99_m_lpia,"Educational attainment rate, completed post-secondary non-tertiary education or higher, population 25+ years, male, adjusted location parity index (LPIA)",measure
ea_4t8_ag25t99_rur,"Educational attainment rate, completed post-secondary non-tertiary education or higher, population 25+ years, rural, both sexes (%)",measure
ea_4t8_ag25t99_rur_f,"Educational attainment rate, completed post-secondary non-tertiary education or higher, population 25+ years, rural, female (%)",measure
ea_4t8_ag25t99_rur_gpia,"Educational attainment rate, completed post-secondary non-tertiary education or higher, population 25+ years, rural, adjusted gender parity index (GPIA)",measure
ea_4t8_ag25t99_rur_m,"Educational attainment rate, completed post-secondary non-tertiary education or higher, population 25+ years, rural, male (%)",measure
ea_4t8_ag25t99_urb,"Educational attainment rate, completed post-secondary non-tertiary education or higher, population 25+ years, urban, both sexes (%)",measure
ea_4t8_ag25t99_urb_f,"Educational attainment rate, completed post-secondary non-tertiary education or higher, population 25+ years, urban, female (%)",measure
ea_4t8_ag25t99_urb_gpia,"Educational attainment rate, completed post-secondary non-tertiary education or higher, population 25+ years, urban, adjusted gender parity index (GPIA)",measure
ea_4t8_ag25t99_urb_m,"Educational attainment rate, completed post-secondary non-tertiary education or higher, population 25+ years, urban, male (%)",measure
ea_5t8_ag25t99,"Educational attainment rate, completed short-cycle tertiary education or higher, population 25+ years, both sexes (%)",measure
ea_5t8_ag25t99_f,"Educational attainment rate, completed short-cycle tertiary education or higher, population 25+ years, female (%)",measure
ea_5t8_ag25t99_f_lpia,"Educational attainment rate, completed short-cycle tertiary education or higher, population 25+ years, female, adjusted location parity index (LPIA)",measure
ea_5t8_ag25t99_gpia,"Educational attainment rate, completed short-cycle tertiary education or higher, population 25+ years, adjusted gender parity index (GPIA)",measure
ea_5t8_ag25t99_lpia,"Educational attainment rate, completed short-cycle tertiary education or higher, population 25+ years, adjusted location parity index (LPIA)",measure
ea_5t8_ag25t99_m,"Educational attainment rate, completed short-cycle tertiary education or higher, population 25+ years, male (%)",measure
ea_5t8_ag25t99_m_lpia,"Educational attainment rate, completed short-cycle tertiary education or higher, population 25+ years, male, adjusted location parity index (LPIA)",measure
ea_5t8_ag25t99_rur,"Educational attainment rate, completed short-cycle tertiary education or higher, population 25+ years, rural, both sexes (%)",measure
ea_5t8_ag25t99_rur_f,"Educational attainment rate, completed short-cycle tertiary education or higher, population 25+ years, rural, female (%)",measure
ea_5t8_ag25t99_rur_gpia,"Educational attainment rate, completed short-cycle tertiary education or higher, population 25+ years, rural, adjusted gender parity index (GPIA)",measure
ea_5t8_ag25t99_rur_m,"Educational attainment rate, completed short-cycle tertiary education or higher, population 25+ years, rural, male (%)",measure
ea_5t8_ag25t99_urb,"Educational attainment rate, completed short-cycle tertiary education or higher, population 25+ years, urban, both sexes (%)",measure
ea_5t8_ag25t99_urb_f,"Educational attainment rate, completed short-cycle tertiary education or higher, population 25+ years, urban, female (%)",measure
ea_5t8_ag25t99_urb_gpia,"Educational attainment rate, completed short-cycle tertiary education or higher, population 25+ years, urban, adjusted gender parity index (GPIA)",measure
ea_5t8_ag25t99_urb_m,"Educational attainment rate, completed short-cycle tertiary education or higher, population 25+ years, urban, male (%)",measure
ea_6t8_ag25t99,"Educational attainment rate, completed Bachelor's or equivalent education or higher, population 25+ years, both sexes (%)",measure
ea_6t8_ag25t99_f,"Educational attainment rate, completed Bachelor's or equivalent education or higher, population 25+ years, female (%)",measure
ea_6t8_ag25t99_f_lpia,"Educational attainment rate, completed Bachelor's or equivalent education or higher, population 25+ years, female, adjusted location parity index (LPIA)",measure
ea_6t8_ag25t99_f_wpia,"Educational attainment rate, completed Bachelor's or equivalent education or higher, population 25+ years, female, adjusted wealth parity index (WPIA)",measure
ea_6t8_ag25t99_gpia,"Educational attainment rate, completed Bachelor's or equivalent education or higher, population 25+ years, adjusted gender parity index (GPIA)",measure
ea_6t8_ag25t99_lpia,"Educational attainment rate, completed Bachelor's or equivalent education or higher, population 25+ years, adjusted location parity index (LPIA)",measure
ea_6t8_ag25t99_m,"Educational attainment rate, completed Bachelor's or equivalent education or higher, population 25+ years, male (%)",measure
ea_6t8_ag25t99_m_lpia,"Educational attainment rate, completed Bachelor's or equivalent education or higher, population 25+ years, male, adjusted location parity index (LPIA)",measure
ea_6t8_ag25t99_m_wpia,"Educational attainment rate, completed Bachelor's or equivalent education or higher, population 25+ years, male, adjusted wealth parity index (WPIA)",measure
ea_6t8_ag25t99_native,"Educational attainment rate, completed Bachelor's or equivalent education or higher, population 25+ years, non-immigrant background, both sexes (%)",measure
ea_6t8_ag25t99_native_f,"Educational attainment rate, completed Bachelor's or equivalent education or higher, population 25+ years, non-immigrant background, female (%)",measure
ea_6t8_ag25t99_native_gpia,"Educational attainment rate, completed Bachelor's or equivalent education or higher, population 25+ years, non-immigrant background, adjusted gender parity index (GPIA)",measure
ea_6t8_ag25t99_native_m,"Educational attainment rate, completed Bachelor's or equivalent education or higher, population 25+ years, non-immigrant background, male (%)",measure
ea_6t8_ag25t99_nonnative,"Educational attainment rate, completed Bachelor's or equivalent education or higher, population 25+ years, immigrant background, both sexes (%)",measure
ea_6t8_ag25t99_nonnative_f,"Educational attainment rate, completed Bachelor's or equivalent education or higher, population 25+ years, immigrant background, female (%)",measure
ea_6t8_ag25t99_nonnative_gpia,"Educational attainment rate, completed Bachelor's or equivalent education or higher, population 25+ years, immigrant background, adjusted gender parity index (GPIA)",measure
ea_6t8_ag25t99_nonnative_m,"Educational attainment rate, completed Bachelor's or equivalent education or higher, population 25+ years, immigrant background, male (%)",measure
ea_6t8_ag25t99_npia,"Educational attainment rate, completed Bachelor's or equivalent education or higher, population 25+ years, adjusted native parity index (NPIA)",measure
ea_6t8_ag25t99_q1,"Educational attainment rate, completed Bachelor's or equivalent education or higher, population 25+ years, poorest quintile, both sexes (%)",measure
ea_6t8_ag25t99_q1_f,"Educational attainment rate, completed Bachelor's or equivalent education or higher, population 25+ years, poorest quintile, female (%)",measure
ea_6t8_ag25t99_q1_gpia,"Educational attainment rate, completed Bachelor's or equivalent education or higher, population 25+ years, poorest quintile, adjusted gender parity index (household survey data) (GPIA)",measure
ea_6t8_ag25t99_q1_m,"Educational attainment rate, completed Bachelor's or equivalent education or higher, population 25+ years, poorest quintile, male (%)",measure
ea_6t8_ag25t99_q5,"Educational attainment rate, completed Bachelor's or equivalent education or higher, population 25+ years, richest quintile, both sexes (%)",measure
ea_6t8_ag25t99_q5_f,"Educational attainment rate, completed Bachelor's or equivalent education or higher, population 25+ years, richest quintile, female (%)",measure
ea_6t8_ag25t99_q5_gpia,"Educational attainment rate, completed Bachelor's or equivalent education or higher, population 25+ years, richest quintile, adjusted gender parity index (household survey data) (GPIA)",measure
ea_6t8_ag25t99_q5_m,"Educational attainment rate, completed Bachelor's or equivalent education or higher, population 25+ years, richest quintile, male (%)",measure
ea_6t8_ag25t99_rur,"Educational attainment rate, completed Bachelor's or equivalent education or higher, population 25+ years, rural, both sexes (%)",measure
ea_6t8_ag25t99_rur_f,"Educational attainment rate, completed Bachelor's or equivalent education or higher, population 25+ years, rural, female (%)",measure
ea_6t8_ag25t99_rur_gpia,"Educational attainment rate, completed Bachelor's or equivalent education or higher, population 25+ years, rural, adjusted gender parity index (GPIA)",measure
ea_6t8_ag25t99_rur_m,"Educational attainment rate, completed Bachelor's or equivalent education or higher, population 25+ years, rural, male (%)",measure
ea_6t8_ag25t99_urb,"Educational attainment rate, completed Bachelor's or equivalent education or higher, population 25+ years, urban, both sexes (%)",measure
ea_6t8_ag25t99_urb_f,"Educational attainment rate, completed Bachelor's or equivalent education or higher, population 25+ years, urban, female (%)",measure
ea_6t8_ag25t99_urb_gpia,"Educational attainment rate, completed Bachelor's or equivalent education or higher, population 25+ years, urban, adjusted gender parity index (GPIA)",measure
ea_6t8_ag25t99_urb_m,"Educational attainment rate, completed Bachelor's or equivalent education or higher, population 25+ years, urban, male (%)",measure
ea_6t8_ag25t99_wpia,"Educational attainment rate, completed Bachelor's or equivalent education or higher, population 25+ years, adjusted wealth parity index (WPIA)",measure
ea_7t8_ag25t99,"Educational attainment rate, completed Master's or equivalent education or higher, population 25+ years, both sexes (%)",measure
ea_7t8_ag25t99_f,"Educational attainment rate, completed Master's or equivalent education or higher, population 25+ years, female (%)",measure
ea_7t8_ag25t99_f_lpia,"Educational attainment rate, completed Master's or equivalent education or higher, population 25+ years, female, adjusted location parity index (LPIA)",measure
ea_7t8_ag25t99_gpia,"Educational attainment rate, completed Master's or equivalent education or higher, population 25+ years, adjusted gender parity index (GPIA)",measure
ea_7t8_ag25t99_lpia,"Educational attainment rate, completed Master's or equivalent education or higher, population 25+ years, adjusted location parity index (LPIA)",measure
ea_7t8_ag25t99_m,"Educational attainment rate, completed Master's or equivalent education or higher, population 25+ years, male (%)",measure
ea_7t8_ag25t99_m_lpia,"Educational attainment rate, completed Master's or equivalent education or higher, population 25+ years, male, adjusted location parity index (LPIA)",measure
ea_7t8_ag25t99_rur,"Educational attainment rate, completed Master's or equivalent education or higher, population 25+ years, rural, both sexes (%)",measure
ea_7t8_ag25t99_rur_f,"Educational attainment rate, completed Master's or equivalent education or higher, population 25+ years, rural, female (%)",measure
ea_7t8_ag25t99_rur_gpia,"Educational attainment rate, completed Master's or equivalent education or higher, population 25+ years, rural, adjusted gender parity index (GPIA)",measure
ea_7t8_ag25t99_rur_m,"Educational attainment rate, completed Master's or equivalent education or higher, population 25+ years, rural, male (%)",measure
ea_7t8_ag25t99_urb,"Educational attainment rate, completed Master's or equivalent education or higher, population 25+ years, urban, both sexes (%)",measure
ea_7t8_ag25t99_urb_f,"Educational attainment rate, completed Master's or equivalent education or higher, population 25+ years, urban, female (%)",measure
ea_7t8_ag25t99_urb_gpia,"Educational attainment rate, completed Master's or equivalent education or higher, population 25+ years, urban, adjusted gender parity index (GPIA)",measure
ea_7t8_ag25t99_urb_m,"Educational attainment rate, completed Master's or equivalent education or higher, population 25+ years, urban, male (%)",measure
ea_8_ag25t99,"Educational attainment rate, completed Doctoral or equivalent education, population 25+ years, both sexes (%)",measure
ea_8_ag25t99_f,"Educational attainment rate, completed Doctoral or equivalent education, population 25+ years, female (%)",measure
ea_8_ag25t99_f_lpia,"Educational attainment rate, completed Doctoral or equivalent education, population 25+ years, female, adjusted location parity index (LPIA)",measure
ea_8_ag25t99_gpia,"Educational attainment rate, completed Doctoral or equivalent education, population 25+ years, adjusted gender parity index (GPIA)",measure
ea_8_ag25t99_lpia,"Educational attainment rate, completed Doctoral or equivalent education, population 25+ years, adjusted location parity index (LPIA)",measure
ea_8_ag25t99_m,"Educational attainment rate, completed Doctoral or equivalent education, population 25+ years, male (%)",measure
ea_8_ag25t99_m_lpia,"Educational attainment rate, completed Doctoral or equivalent education, population 25+ years, male, adjusted location parity index (LPIA)",measure
ea_8_ag25t99_rur,"Educational attainment rate, completed Doctoral or equivalent education, population 25+ years, rural, both sexes (%)",measure
ea_8_ag25t99_rur_f,"Educational attainment rate, completed Doctoral or equivalent education, population 25+ years, rural, female (%)",measure
ea_8_ag25t99_rur_gpia,"Educational attainment rate, completed Doctoral or equivalent education, population 25+ years, rural, adjusted gender parity index (GPIA)",measure
ea_8_ag25t99_rur_m,"Educational attainment rate, completed Doctoral or equivalent education, population 25+ years, rural, male (%)",measure
ea_8_ag25t99_urb,"Educational attainment rate, completed Doctoral or equivalent education, population 25+ years, urban, both sexes (%)",measure
ea_8_ag25t99_urb_f,"Educational attainment rate, completed Doctoral or equivalent education, population 25+ years, urban, female (%)",measure
ea_8_ag25t99_urb_gpia,"Educational attainment rate, completed Doctoral or equivalent education, population 25+ years, urban, adjusted gender parity index (GPIA)",measure
ea_8_ag25t99_urb_m,"Educational attainment rate, completed Doctoral or equivalent education, population 25+ years, urban, male (%)",measure
ea_s1t8_ag25t99,"Educational attainment: at least some primary (ISCED 1), population 25+ years, both sexes (%)",measure
ea_s1t8_ag25t99_f,"Educational attainment: at least some primary (ISCED 1), population 25+ years, female (%)",measure
ea_s1t8_ag25t99_f_lpia,"Educational attainment: at least some primary (ISCED 1), population 25+ years, female, adjusted location parity index (LPIA)",measure
ea_s1t8_ag25t99_f_wpia,"Educational attainment: at least some primary (ISCED 1), population 25+ years, female, adjusted wealth parity index (WPIA)",measure
ea_s1t8_ag25t99_gpia,"Educational attainment: at least some primary (ISCED 1), population 25+ years, adjusted gender parity index (GPIA)",measure
ea_s1t8_ag25t99_lpia,"Educational attainment: at least some primary (ISCED 1), population 25+ years, adjusted location parity index (LPIA)",measure
ea_s1t8_ag25t99_m,"Educational attainment: at least some primary (ISCED 1), population 25+ years, male (%)",measure
ea_s1t8_ag25t99_m_lpia,"Educational attainment: at least some primary (ISCED 1), population 25+ years, male, adjusted location parity index (LPIA)",measure
ea_s1t8_ag25t99_m_wpia,"Educational attainment: at least some primary (ISCED 1), population 25+ years, male, adjusted wealth parity index (WPIA)",measure
ea_s1t8_ag25t99_native,"Educational attainment: at least some primary (ISCED 1), population 25+ years, non-immigrant background, both sexes (%)",measure
ea_s1t8_ag25t99_native_f,"Educational attainment: at least some primary (ISCED 1), population 25+ years, non-immigrant background, female (%)",measure
ea_s1t8_ag25t99_native_gpia,"Educational attainment: at least some primary (ISCED 1), population 25+ years, non-immigrant background, adjusted gender parity index (GPIA)",measure
ea_s1t8_ag25t99_native_m,"Educational attainment: at least some primary (ISCED 1), population 25+ years, non-immigrant background, male (%)",measure
ea_s1t8_ag25t99_nonnative,"Educational attainment: at least some primary (ISCED 1), population 25+ years, immigrant background, both sexes (%)",measure
ea_s1t8_ag25t99_nonnative_f,"Educational attainment: at least some primary (ISCED 1), population 25+ years, immigrant background, female (%)",measure
ea_s1t8_ag25t99_nonnative_gpia,"Educational attainment: at least some primary (ISCED 1), population 25+ years, immigrant background, adjusted gender parity index (GPIA)",measure
ea_s1t8_ag25t99_nonnative_m,"Educational attainment: at least some primary (ISCED 1), population 25+ years, immigrant background, male (%)",measure
ea_s1t8_ag25t99_npia,"Educational attainment: at least some primary (ISCED 1), population 25+ years, adjusted native parity index (NPIA)",measure
ea_s1t8_ag25t99_q1,"Educational attainment: at least some primary (ISCED 1), population 25+ years, poorest quintile, both sexes (%)",measure
ea_s1t8_ag25t99_q1_f,"Educational attainment: at least some primary (ISCED 1), population 25+ years, poorest quintile, female (%)",measure
ea_s1t8_ag25t99_q1_gpia,"Educational attainment: at least some primary (ISCED 1), population 25+ years, poorest quintile, adjusted gender parity index (household survey data) (GPIA)",measure
ea_s1t8_ag25t99_q1_m,"Educational attainment: at least some primary (ISCED 1), population 25+ years, poorest quintile, male (%)",measure
ea_s1t8_ag25t99_q5,"Educational attainment: at least some primary (ISCED 1), population 25+ years, richest quintile, both sexes (%)",measure
ea_s1t8_ag25t99_q5_f,"Educational attainment: at least some primary (ISCED 1), population 25+ years, richest quintile, female (%)",measure
ea_s1t8_ag25t99_q5_gpia,"Educational attainment: at least some primary (ISCED 1), population 25+ years, richest quintile, adjusted gender parity index (household survey data) (GPIA)",measure
ea_s1t8_ag25t99_q5_m,"Educational attainment: at least some primary (ISCED 1), population 25+ years, richest quintile, male (%)",measure
ea_s1t8_ag25t99_rur,"Educational attainment: at least some primary (ISCED 1), population 25+ years, rural, both sexes (%)",measure
ea_s1t8_ag25t99_rur_f,"Educational attainment: at least some primary (ISCED 1), population 25+ years, rural, female (%)",measure
ea_s1t8_ag25t99_rur_gpia,"Educational attainment: at least some primary (ISCED 1), population 25+ years, rural, adjusted gender parity index (GPIA)",measure
ea_s1t8_ag25t99_rur_m,"Educational attainment: at least some primary (ISCED 1), population 25+ years, rural, male (%)",measure
ea_s1t8_ag25t99_urb,"Educational attainment: at least some primary (ISCED 1), population 25+ years, urban, both sexes (%)",measure
ea_s1t8_ag25t99_urb_f,"Educational attainment: at least some primary (ISCED 1), population 25+ years, urban, female (%)",measure
ea_s1t8_ag25t99_urb_gpia,"Educational attainment: at least some primary (ISCED 1), population 25+ years, urban, adjusted gender parity index (GPIA)",measure
ea_s1t8_ag25t99_urb_m,"Educational attainment: at least some primary (ISCED 1), population 25+ years, urban, male (%)",measure
ea_s1t8_ag25t99_wpia,"Educational attainment: at least some primary (ISCED 1), population 25+ years, adjusted wealth parity index (WPIA)",measure
esg_lowersec,"Percentage of students in lower secondary showing proficiency in knowledge of environmental science and geoscience, both sexes (%)",measure
esg_lowersec_cogn,"Percentage of students in lower secondary showing proficiency in knowledge of environmental science and geoscience – Cognitive dimension, both sexes (%)",measure
esg_lowersec_cogn_f,"Percentage of students in lower secondary showing proficiency in knowledge of environmental science and geoscience – Cognitive dimension, female (%)",measure
esg_lowersec_cogn_gpia,Percentage of students in lower secondary showing proficiency in knowledge of environmental science and geoscience – Cognitive dimension – adjusted gender parity index (GPIA),measure
esg_lowersec_cogn_highses,"Percentage of students in lower secondary showing proficiency in knowledge of environmental science and geoscience – Cognitive dimension, high socio-economic status (%)",measure
esg_lowersec_cogn_lowses,"Percentage of students in lower secondary showing proficiency in knowledge of environmental science and geoscience – Cognitive dimension, low socio-economic status (%)",measure
esg_lowersec_cogn_lpia,Percentage of students in lower secondary showing proficiency in knowledge of environmental science and geoscience – Cognitive dimension – adjusted location parity index (LPIA),measure
esg_lowersec_cogn_m,"Percentage of students in lower secondary showing proficiency in knowledge of environmental science and geoscience – Cognitive dimension, male (%)",measure
esg_lowersec_cogn_rural,"Percentage of students in lower secondary showing proficiency in knowledge of environmental science and geoscience – Cognitive dimension, rural (%)",measure
esg_lowersec_cogn_urban,"Percentage of students in lower secondary showing proficiency in knowledge of environmental science and geoscience – Cognitive dimension, urban (%)",measure
esg_lowersec_cogn_wpia,Percentage of students in lower secondary showing proficiency in knowledge of environmental science and geoscience – Cognitive dimension – adjusted wealth parity index (WPIA),measure
esg_lowersec_f,"Percentage of students in lower secondary showing proficiency in knowledge of environmental science and geoscience, female (%)",measure
esg_lowersec_gpia,Percentage of students in lower secondary showing proficiency in knowledge of environmental science and geoscience – adjusted gender parity index (GPIA),measure
esg_lowersec_highses,"Percentage of students in lower secondary showing proficiency in knowledge of environmental science and geoscience, high socio-economic status (%)",measure
esg_lowersec_lowses,"Percentage of students in lower secondary showing proficiency in knowledge of environmental science and geoscience, low socio-economic status (%)",measure
esg_lowersec_lpia,Percentage of students in lower secondary showing proficiency in knowledge of environmental science and geoscience – adjusted location parity index (LPIA),measure
esg_lowersec_m,"Percentage of students in lower secondary showing proficiency in knowledge of environmental science and geoscience, male (%)",measure
esg_lowersec_ncog_conf,"Percentage of students in lower secondary showing proficiency in knowledge of environmental science and geoscience – Non-cognitive dimension - Confidence, both sexes (%)",measure
esg_lowersec_ncog_conf_f,"Percentage of students in lower secondary showing proficiency in knowledge of environmental science and geoscience – Non-cognitive dimension – Confidence, female (%)",measure
esg_lowersec_ncog_conf_gpia,Percentage of students in lower secondary showing proficiency in knowledge of environmental science and geoscience – Non-cognitive dimension – Confidence – adjusted gender parity index (GPIA),measure
esg_lowersec_ncog_conf_highses,"Percentage of students in lower secondary showing proficiency in knowledge of environmental science and geoscience – Non-cognitive dimension – Confidence, high socio-economic status (%)",measure
esg_lowersec_ncog_conf_lowses,"Percentage of students in lower secondary showing proficiency in knowledge of environmental science and geoscience – Non-cognitive dimension – Confidence, low socio-economic status (%)",measure
esg_lowersec_ncog_conf_lpia,Percentage of students in lower secondary showing proficiency in knowledge of environmental science and geoscience – Non-cognitive dimension – Confidence – adjusted location parity index (LPIA),measure
esg_lowersec_ncog_conf_m,"Percentage of students in lower secondary showing proficiency in knowledge of environmental science and geoscience – Non-cognitive dimension – Confidence, male (%)",measure
esg_lowersec_ncog_conf_rural,"Percentage of students in lower secondary showing proficiency in knowledge of environmental science and geoscience – Non-cognitive dimension – Confidence, rural (%)",measure
esg_lowersec_ncog_conf_urban,"Percentage of students in lower secondary showing proficiency in knowledge of environmental science and geoscience – Non-cognitive dimension – Confidence, urban (%)",measure
esg_lowersec_ncog_conf_wpia,Percentage of students in lower secondary showing proficiency in knowledge of environmental science and geoscience – Non-cognitive dimension – Confidence – adjusted wealth parity index (WPIA),measure
esg_lowersec_ncog_enjo,"Percentage of students in lower secondary showing proficiency in knowledge of environmental science and geoscience – Non-cognitive dimension - Enjoyment, both sexes (%)",measure
esg_lowersec_ncog_enjo_f,"Percentage of students in lower secondary showing proficiency in knowledge of environmental science and geoscience – Non-cognitive dimension – Enjoyment, female (%)",measure
esg_lowersec_ncog_enjo_gpia,Percentage of students in lower secondary showing proficiency in knowledge of environmental science and geoscience – Non-cognitive dimension – Enjoyment – adjusted gender parity index (GPIA),measure
esg_lowersec_ncog_enjo_highses,"Percentage of students in lower secondary showing proficiency in knowledge of environmental science and geoscience – Non-cognitive dimension – Enjoyment, high socio-economic status (%)",measure
esg_lowersec_ncog_enjo_lowses,"Percentage of students in lower secondary showing proficiency in knowledge of environmental science and geoscience – Non-cognitive dimension – Enjoyment, low socio-economic status (%)",measure
esg_lowersec_ncog_enjo_lpia,Percentage of students in lower secondary showing proficiency in knowledge of environmental science and geoscience – Non-cognitive dimension – Enjoyment – adjusted location parity index (LPIA),measure
esg_lowersec_ncog_enjo_m,"Percentage of students in lower secondary showing proficiency in knowledge of environmental science and geoscience – Non-cognitive dimension – Enjoyment, male (%)",measure
esg_lowersec_ncog_enjo_rural,"Percentage of students in lower secondary showing proficiency in knowledge of environmental science and geoscience – Non-cognitive dimension – Enjoyment, rural (%)",measure
esg_lowersec_ncog_enjo_urban,"Percentage of students in lower secondary showing proficiency in knowledge of environmental science and geoscience – Non-cognitive dimension – Enjoyment, urban (%)",measure
esg_lowersec_ncog_enjo_wpia,Percentage of students in lower secondary showing proficiency in knowledge of environmental science and geoscience – Non-cognitive dimension – Enjoyment – adjusted wealth parity index (WPIA),measure
esg_lowersec_rural,"Percentage of students in lower secondary showing proficiency in knowledge of environmental science and geoscience, rural (%)",measure
esg_lowersec_urban,"Percentage of students in lower secondary showing proficiency in knowledge of environmental science and geoscience, urban (%)",measure
esg_lowersec_wpia,Percentage of students in lower secondary showing proficiency in knowledge of environmental science and geoscience – adjusted wealth parity index (WPIA),measure
ev1524p_2t5_v,"Proportion of 15- to 24-year-olds enrolled in vocational education, both sexes (%)",measure
ev1524p_2t5_v_f,"Proportion of 15- to 24-year-olds enrolled in vocational education, female (%)",measure
ev1524p_2t5_v_gpia,"Proportion of 15-24 year-olds enrolled in vocational education, adjusted gender parity index (GPIA)",measure
ev1524p_2t5_v_m,"Proportion of 15- to 24-year-olds enrolled in vocational education, male (%)",measure
fhlangilp_g2t3,"Percentage of students in early grades who have their first or home language as language of instruction, both sexes (%)",measure
fhlangilp_g2t3_f,"Percentage of students in early grades who have their first or home language as language of instruction, female (%)",measure
fhlangilp_g2t3_gpia,"Percentage of students in early grades who have their first or home language as language of instruction, adjusted gender parity index (GPIA)",measure
fhlangilp_g2t3_highses,"Percentage of students in early grades who have their first or home language as language of instruction, very affluent socioeconomic background, both sexes (%)",measure
fhlangilp_g2t3_lowses,"Percentage of students in early grades who have their first or home language as language of instruction, very poor socioeconomic background, both sexes (%)",measure
fhlangilp_g2t3_lpia,"Percentage of students in early grades who have their first or home language as language of instruction, adjusted location parity index (LPIA)",measure
fhlangilp_g2t3_m,"Percentage of students in early grades who have their first or home language as language of instruction, male (%)",measure
fhlangilp_g2t3_rur,"Percentage of students in early grades who have their first or home language as language of instruction, rural, both sexes (%)",measure
fhlangilp_g2t3_urb,"Percentage of students in early grades who have their first or home language as language of instruction, urban, both sexes (%)",measure
fhlangilp_g2t3_wpia,"Percentage of students in early grades who have their first or home language as language of instruction, adjusted wealth parity index (WPIA)",measure
fhlangilp_lowersec,"Percentage of students in lower secondary education who have their first or home language as language of instruction, both sexes (%)",measure
fhlangilp_lowersec_f,"Percentage of students in lower secondary education who have their first or home language as language of instruction, female (%)",measure
fhlangilp_lowersec_gpia,"Percentage of students at the end of lower secondary education who have their first or home language as language of instruction, adjusted gender parity index (GPIA)",measure
fhlangilp_lowersec_highses,"Percentage of students in lower secondary education who have their first or home language as language of instruction, very affluent socioeconomic background, both sexes (%)",measure
fhlangilp_lowersec_lowses,"Percentage of students in lower secondary education who have their first or home language as language of instruction, very poor socioeconomic background, both sexes (%)",measure
fhlangilp_lowersec_lpia,"Percentage of students at the end of lower secondary education who have their first or home language as language of instruction, adjusted location parity index (LPIA)",measure
fhlangilp_lowersec_m,"Percentage of students in lower secondary education who have their first or home language as language of instruction, male (%)",measure
fhlangilp_lowersec_rur,"Percentage of students in lower secondary education who have their first or home language as language of instruction, rural, both sexes (%)",measure
fhlangilp_lowersec_urb,"Percentage of students in lower secondary education who have their first or home language as language of instruction, urban, both sexes (%)",measure
fhlangilp_lowersec_wpia,"Percentage of students at the end of lower secondary education who have their first or home language as language of instruction, adjusted wealth parity index (WPIA)",measure
fhlangilp_primary,"Percentage of students at the end of primary education who have their first or home language as language of instruction, both sexes (%)",measure
fhlangilp_primary_f,"Percentage of students at the end of primary education who have their first or home language as language of instruction, female (%)",measure
fhlangilp_primary_gpia,"Percentage of students at the end of primary education who have their first or home language as language of instruction, adjusted gender parity index (GPIA)",measure
fhlangilp_primary_highses,"Percentage of students at the end of primary education who have their first or home language as language of instruction, very affluent socioeconomic background, both sexes (%)",measure
fhlangilp_primary_lowses,"Percentage of students at the end of primary education who have their first or home language as language of instruction, very poor socioeconomic background, both sexes (%)",measure
fhlangilp_primary_lpia,"Percentage of students at the end of primary education who have their first or home language as language of instruction, adjusted location parity index (LPIA)",measure
fhlangilp_primary_m,"Percentage of students at the end of primary education who have their first or home language as language of instruction, male (%)",measure
fhlangilp_primary_rur,"Percentage of students at the end of primary education who have their first or home language as language of instruction, rural, both sexes (%)",measure
fhlangilp_primary_urb,"Percentage of students at the end of primary education who have their first or home language as language of instruction, urban, both sexes (%)",measure
fhlangilp_primary_wpia,"Percentage of students at the end of primary education who have their first or home language as language of instruction, adjusted wealth parity index (WPIA)",measure
gar_5t8,"Gross attendance ratio for tertiary education, both sexes (%)",measure
gar_5t8_f,"Gross attendance ratio for tertiary education, female (%)",measure
gar_5t8_f_lpia,"Gross attendance ratio for tertiary education, female, adjusted location parity index (LPIA)",measure
gar_5t8_f_wpia,"Gross attendance ratio for tertiary education, female, adjusted wealth parity index (WPIA)",measure
gar_5t8_gpia,"Gross attendance ratio for tertiary education, adjusted gender parity index (GPIA)",measure
gar_5t8_lpia,"Gross attendance ratio for tertiary education, adjusted location parity index (LPIA)",measure
gar_5t8_m,"Gross attendance ratio for tertiary education, male (%)",measure
gar_5t8_m_lpia,"Gross attendance ratio for tertiary education, male, adjusted location parity index (LPIA)",measure
gar_5t8_m_wpia,"Gross attendance ratio for tertiary education, male, adjusted wealth parity index (WPIA)",measure
gar_5t8_q1,"Gross attendance ratio for tertiary education, poorest quintile, both sexes (%)",measure
gar_5t8_q1_f,"Gross attendance ratio for tertiary education, poorest quintile, female (%)",measure
gar_5t8_q1_f_lpia,"Gross attendance ratio for tertiary education, poorest quintile, female, adjusted location parity index (LPIA)",measure
gar_5t8_q1_gpia,"Gross attendance ratio for tertiary education, poorest quintile, adjusted gender parity index (GPIA)",measure
gar_5t8_q1_lpia,"Gross attendance ratio for tertiary education, poorest quintile, adjusted location parity index (LPIA)",measure
gar_5t8_q1_m,"Gross attendance ratio for tertiary education, poorest quintile, male (%)",measure
gar_5t8_q1_m_lpia,"Gross attendance ratio for tertiary education, poorest quintile, male, adjusted location parity index (LPIA)",measure
gar_5t8_q2,"Gross attendance ratio for tertiary education, second quintile, both sexes (%)",measure
gar_5t8_q2_f,"Gross attendance ratio for tertiary education, second quintile, female (%)",measure
gar_5t8_q2_f_lpia,"Gross attendance ratio for tertiary education, second quintile, female, adjusted location parity index (LPIA)",measure
gar_5t8_q2_gpia,"Gross attendance ratio for tertiary education, second quintile, adjusted gender parity index (GPIA)",measure
gar_5t8_q2_lpia,"Gross attendance ratio for tertiary education, second quintile, adjusted location parity index (LPIA)",measure
gar_5t8_q2_m,"Gross attendance ratio for tertiary education, second quintile, male (%)",measure
gar_5t8_q2_m_lpia,"Gross attendance ratio for tertiary education, second quintile, male, adjusted location parity index (LPIA)",measure
gar_5t8_q3,"Gross attendance ratio for tertiary education, middle quintile, both sexes (%)",measure
gar_5t8_q3_f,"Gross attendance ratio for tertiary education, middle quintile, female (%)",measure
gar_5t8_q3_f_lpia,"Gross attendance ratio for tertiary education, middle quintile, female, adjusted location parity index (LPIA)",measure
gar_5t8_q3_gpia,"Gross attendance ratio for tertiary education, middle quintile, adjusted gender parity index (GPIA)",measure
gar_5t8_q3_lpia,"Gross attendance ratio for tertiary education, middle quintile, adjusted location parity index (LPIA)",measure
gar_5t8_q3_m,"Gross attendance ratio for tertiary education, middle quintile, male (%)",measure
gar_5t8_q3_m_lpia,"Gross attendance ratio for tertiary education, middle quintile, male, adjusted location parity index (LPIA)",measure
gar_5t8_q4,"Gross attendance ratio for tertiary education, fourth quintile, both sexes (%)",measure
gar_5t8_q4_f,"Gross attendance ratio for tertiary education, fourth quintile, female (%)",measure
gar_5t8_q4_f_lpia,"Gross attendance ratio for tertiary education, fourth quintile, female, adjusted location parity index (LPIA)",measure
gar_5t8_q4_gpia,"Gross attendance ratio for tertiary education, fourth quintile, adjusted gender parity index (GPIA)",measure
gar_5t8_q4_lpia,"Gross attendance ratio for tertiary education, fourth quintile, adjusted location parity index (LPIA)",measure
gar_5t8_q4_m,"Gross attendance ratio for tertiary education, fourth quintile, male (%)",measure
gar_5t8_q4_m_lpia,"Gross attendance ratio for tertiary education, fourth quintile, male, adjusted location parity index (LPIA)",measure
gar_5t8_q5,"Gross attendance ratio for tertiary education, richest quintile, both sexes (%)",measure
gar_5t8_q5_f,"Gross attendance ratio for tertiary education, richest quintile, female (%)",measure
gar_5t8_q5_f_lpia,"Gross attendance ratio for tertiary education, richest quintile, female, adjusted location parity index (LPIA)",measure
gar_5t8_q5_gpia,"Gross attendance ratio for tertiary education, richest quintile, adjusted gender parity index (GPIA)",measure
gar_5t8_q5_lpia,"Gross attendance ratio for tertiary education, richest quintile, adjusted location parity index (LPIA)",measure
gar_5t8_q5_m,"Gross attendance ratio for tertiary education, richest quintile, male (%)",measure
gar_5t8_q5_m_lpia,"Gross attendance ratio for tertiary education, richest quintile, male, adjusted location parity index (LPIA)",measure
gar_5t8_rur,"Gross attendance ratio for tertiary education, rural, both sexes (%)",measure
gar_5t8_rur_f,"Gross attendance ratio for tertiary education, rural, female (%)",measure
gar_5t8_rur_f_wpia,"Gross attendance ratio for tertiary education, rural, female, adjusted wealth parity index (WPIA)",measure
gar_5t8_rur_gpia,"Gross attendance ratio for tertiary education, rural, adjusted gender parity index (GPIA)",measure
gar_5t8_rur_m,"Gross attendance ratio for tertiary education, rural, male (%)",measure
gar_5t8_rur_m_wpia,"Gross attendance ratio for tertiary education, rural, male, adjusted wealth parity index (WPIA)",measure
gar_5t8_rur_q1,"Gross attendance ratio for tertiary education, rural, poorest quintile, both sexes (%)",measure
gar_5t8_rur_q1_f,"Gross attendance ratio for tertiary education, rural, poorest quintile, female (%)",measure
gar_5t8_rur_q1_gpia,"Gross attendance ratio for tertiary education, rural, poorest quintile, adjusted gender parity index (GPIA)",measure
gar_5t8_rur_q1_m,"Gross attendance ratio for tertiary education, rural, poorest quintile, male (%)",measure
gar_5t8_rur_q2,"Gross attendance ratio for tertiary education, rural, second quintile, both sexes (%)",measure
gar_5t8_rur_q2_f,"Gross attendance ratio for tertiary education, rural, second quintile, female (%)",measure
gar_5t8_rur_q2_gpia,"Gross attendance ratio for tertiary education, rural, second quintile, adjusted gender parity index (GPIA)",measure
gar_5t8_rur_q2_m,"Gross attendance ratio for tertiary education, rural, second quintile, male (%)",measure
gar_5t8_rur_q3,"Gross attendance ratio for tertiary education, rural, middle quintile, both sexes (%)",measure
gar_5t8_rur_q3_f,"Gross attendance ratio for tertiary education, rural, middle quintile, female (%)",measure
gar_5t8_rur_q3_gpia,"Gross attendance ratio for tertiary education, rural, middle quintile, adjusted gender parity index (GPIA)",measure
gar_5t8_rur_q3_m,"Gross attendance ratio for tertiary education, rural, middle quintile, male (%)",measure
gar_5t8_rur_q4,"Gross attendance ratio for tertiary education, rural, fourth quintile, both sexes (%)",measure
gar_5t8_rur_q4_f,"Gross attendance ratio for tertiary education, rural, fourth quintile, female (%)",measure
gar_5t8_rur_q4_gpia,"Gross attendance ratio for tertiary education, rural, fourth quintile, adjusted gender parity index (GPIA)",measure
gar_5t8_rur_q4_m,"Gross attendance ratio for tertiary education, rural, fourth quintile, male (%)",measure
gar_5t8_rur_q5,"Gross attendance ratio for tertiary education, rural, richest quintile, both sexes (%)",measure
gar_5t8_rur_q5_f,"Gross attendance ratio for tertiary education, rural, richest quintile, female (%)",measure
gar_5t8_rur_q5_gpia,"Gross attendance ratio for tertiary education, rural, richest quintile, adjusted gender parity index (GPIA)",measure
gar_5t8_rur_q5_m,"Gross attendance ratio for tertiary education, rural, richest quintile, male (%)",measure
gar_5t8_rur_wpia,"Gross attendance ratio for tertiary education, rural, adjusted wealth parity index (WPIA)",measure
gar_5t8_urb,"Gross attendance ratio for tertiary education, urban, both sexes (%)",measure
gar_5t8_urb_f,"Gross attendance ratio for tertiary education, urban, female (%)",measure
gar_5t8_urb_f_wpia,"Gross attendance ratio for tertiary education, urban, female, adjusted wealth parity index (WPIA)",measure
gar_5t8_urb_gpia,"Gross attendance ratio for tertiary education, urban, adjusted gender parity index (GPIA)",measure
gar_5t8_urb_m,"Gross attendance ratio for tertiary education, urban, male (%)",measure
gar_5t8_urb_m_wpia,"Gross attendance ratio for tertiary education, urban, male, adjusted wealth parity index (WPIA)",measure
gar_5t8_urb_q1,"Gross attendance ratio for tertiary education, urban, poorest quintile, both sexes (%)",measure
gar_5t8_urb_q1_f,"Gross attendance ratio for tertiary education, urban, poorest quintile, female (%)",measure
gar_5t8_urb_q1_gpia,"Gross attendance ratio for tertiary education, urban, poorest quintile, adjusted gender parity index (GPIA)",measure
gar_5t8_urb_q1_m,"Gross attendance ratio for tertiary education, urban, poorest quintile, male (%)",measure
gar_5t8_urb_q2,"Gross attendance ratio for tertiary education, urban, second quintile, both sexes (%)",measure
gar_5t8_urb_q2_f,"Gross attendance ratio for tertiary education, urban, second quintile, female (%)",measure
gar_5t8_urb_q2_gpia,"Gross attendance ratio for tertiary education, urban, second quintile, adjusted gender parity index (GPIA)",measure
gar_5t8_urb_q2_m,"Gross attendance ratio for tertiary education, urban, second quintile, male (%)",measure
gar_5t8_urb_q3,"Gross attendance ratio for tertiary education, urban, middle quintile, both sexes (%)",measure
gar_5t8_urb_q3_f,"Gross attendance ratio for tertiary education, urban, middle quintile, female (%)",measure
gar_5t8_urb_q3_gpia,"Gross attendance ratio for tertiary education, urban, middle quintile, adjusted gender parity index (GPIA)",measure
gar_5t8_urb_q3_m,"Gross attendance ratio for tertiary education, urban, middle quintile, male (%)",measure
gar_5t8_urb_q4,"Gross attendance ratio for tertiary education, urban, fourth quintile, both sexes (%)",measure
gar_5t8_urb_q4_f,"Gross attendance ratio for tertiary education, urban, fourth quintile, female (%)",measure
gar_5t8_urb_q4_gpia,"Gross attendance ratio for tertiary education, urban, fourth quintile, adjusted gender parity index (GPIA)",measure
gar_5t8_urb_q4_m,"Gross attendance ratio for tertiary education, urban, fourth quintile, male (%)",measure
gar_5t8_urb_q5,"Gross attendance ratio for tertiary education, urban, richest quintile, both sexes (%)",measure
gar_5t8_urb_q5_f,"Gross attendance ratio for tertiary education, urban, richest quintile, female (%)",measure
gar_5t8_urb_q5_gpia,"Gross attendance ratio for tertiary education, urban, richest quintile, adjusted gender parity index (GPIA)",measure
gar_5t8_urb_q5_m,"Gross attendance ratio for tertiary education, urban, richest quintile, male (%)",measure
gar_5t8_urb_wpia,"Gross attendance ratio for tertiary education, urban, adjusted wealth parity index (WPIA)",measure
gar_5t8_wpia,"Gross attendance ratio for tertiary education, adjusted wealth parity index (WPIA)",measure
gcs_curricula,Extent to which (i) global citizenship education and (ii) education for sustainable development are mainstreamed in curricula,measure
gcs_lowersec,"Percentage of students in lower secondary showing adequate understanding of issues relating to global citizenship and sustainability, both sexes (%)",measure
gcs_lowersec_cog,"Percentage of students in lower secondary showing adequate understanding of issues relating to global citizenship and sustainability - Cognitive Dimension, both sexes (%)",measure
gcs_lowersec_cog_f,"Percentage of students in lower secondary showing adequate understanding of issues relating to global citizenship and sustainability - Cognitive Dimension, female (%)",measure
gcs_lowersec_cog_gpia,"Percentage of students in lower secondary showing adequate understanding of issues relating to global citizenship and sustainability - Cognitive Dimension, adjusted gender parity index (GPIA)",measure
gcs_lowersec_cog_highses,"Percentage of students in lower secondary showing adequate understanding of issues relating to global citizenship and sustainability - Cognitive Dimension, high socio-economic status (%)",measure
gcs_lowersec_cog_lowses,"Percentage of students in lower secondary showing adequate understanding of issues relating to global citizenship and sustainability - Cognitive Dimension, low socio-economic status (%)",measure
gcs_lowersec_cog_lpia,"Percentage of students in lower secondary showing adequate understanding of issues relating to global citizenship and sustainability - Cognitive Dimension, adjusted location parity index (LPIA)",measure
gcs_lowersec_cog_m,"Percentage of students in lower secondary showing adequate understanding of issues relating to global citizenship and sustainability - Cognitive Dimension, male (%)",measure
gcs_lowersec_cog_rural,"Percentage of students in lower secondary showing adequate understanding of issues relating to global citizenship and sustainability - Cognitive Dimension, rural (%)",measure
gcs_lowersec_cog_urban,"Percentage of students in lower secondary showing adequate understanding of issues relating to global citizenship and sustainability - Cognitive Dimension, urban (%)",measure
gcs_lowersec_cog_wpia,"Percentage of students in lower secondary showing adequate understanding of issues relating to global citizenship and sustainability - Cognitive Dimension, adjusted wealth parity index (WPIA)",measure
gcs_lowersec_f,"Percentage of students in lower secondary showing adequate understanding of issues relating to global citizenship and sustainability, female (%)",measure
gcs_lowersec_gpia,"Percentage of students in lower secondary showing adequate understanding of issues relating to global citizenship and sustainability, adjusted gender parity index (GPIA)",measure
gcs_lowersec_highses,"Percentage of students in lower secondary showing adequate understanding of issues relating to global citizenship and sustainability, high socio-economic status (%)",measure
gcs_lowersec_lowses,"Percentage of students in lower secondary showing adequate understanding of issues relating to global citizenship and sustainability, low socio-economic status (%)",measure
gcs_lowersec_lpia,"Percentage of students in lower secondary showing adequate understanding of issues relating to global citizenship and sustainability, adjusted location parity index (LPIA)",measure
gcs_lowersec_m,"Percentage of students in lower secondary showing adequate understanding of issues relating to global citizenship and sustainability, male (%)",measure
gcs_lowersec_ncog_free,"Percentage of students in lower secondary showing adequate understanding of issues relating to global citizenship and sustainability – Non-cognitive Dimension – Freedom, both sexes (%)",measure
gcs_lowersec_ncog_free_f,"Percentage of students in lower secondary showing adequate understanding of issues relating to global citizenship and sustainability – Non-cognitive Dimension – Freedom, female (%)",measure
gcs_lowersec_ncog_free_gpia,"Percentage of students in lower secondary showing adequate understanding of issues relating to global citizenship and sustainability – Non-cognitive Dimension – Freedom, adjusted gender parity index (GPIA)",measure
gcs_lowersec_ncog_free_highses,"Percentage of students in lower secondary showing adequate understanding of issues relating to global citizenship and sustainability – Non-cognitive Dimension – Freedom, high socio-economic status (%)",measure
gcs_lowersec_ncog_free_lowses,"Percentage of students in lower secondary showing adequate understanding of issues relating to global citizenship and sustainability – Non-cognitive Dimension – Freedom, low socio-economic status (%)",measure
gcs_lowersec_ncog_free_lpia,"Percentage of students in lower secondary showing adequate understanding of issues relating to global citizenship and sustainability – Non-cognitive Dimension – Freedom, adjusted location parity index (LPIA)",measure
gcs_lowersec_ncog_free_m,"Percentage of students in lower secondary showing adequate understanding of issues relating to global citizenship and sustainability – Non-cognitive Dimension – Freedom, male (%)",measure
gcs_lowersec_ncog_free_rural,"Percentage of students in lower secondary showing adequate understanding of issues relating to global citizenship and sustainability – Non-cognitive Dimension – Freedom, rural (%)",measure
gcs_lowersec_ncog_free_urban,"Percentage of students in lower secondary showing adequate understanding of issues relating to global citizenship and sustainability – Non-cognitive Dimension – Freedom, urban (%)",measure
gcs_lowersec_ncog_free_wpia,"Percentage of students in lower secondary showing adequate understanding of issues relating to global citizenship and sustainability – Non-cognitive Dimension – Freedom, adjusted wealth parity index (WPIA)",measure
gcs_lowersec_ncog_gequ,"Percentage of students in lower secondary showing adequate understanding of issues relating to global citizenship and sustainability – Non-cognitive Dimension – Gender equality, both sexes (%)",measure
gcs_lowersec_ncog_gequ_f,"Percentage of students in lower secondary showing adequate understanding of issues relating to global citizenship and sustainability – Non-cognitive Dimension – Gender equality, female (%)",measure
gcs_lowersec_ncog_gequ_gpia,"Percentage of students in lower secondary showing adequate understanding of issues relating to global citizenship and sustainability – Non-cognitive Dimension – Gender equality, adjusted gender parity index (GPIA)",measure
gcs_lowersec_ncog_gequ_highses,"Percentage of students in lower secondary showing adequate understanding of issues relating to global citizenship and sustainability – Non-cognitive Dimension – Gender equality, high socio-economic status (%)",measure
gcs_lowersec_ncog_gequ_lowses,"Percentage of students in lower secondary showing adequate understanding of issues relating to global citizenship and sustainability – Non-cognitive Dimension – Gender equality, low socio-economic status (%)",measure
gcs_lowersec_ncog_gequ_lpia,"Percentage of students in lower secondary showing adequate understanding of issues relating to global citizenship and sustainability – Non-cognitive Dimension – Gender equality, adjusted location parity index (LPIA)",measure
gcs_lowersec_ncog_gequ_m,"Percentage of students in lower secondary showing adequate understanding of issues relating to global citizenship and sustainability – Non-cognitive Dimension – Gender equality, male (%)",measure
gcs_lowersec_ncog_gequ_rural,"Percentage of students in lower secondary showing adequate understanding of issues relating to global citizenship and sustainability – Non-cognitive Dimension – Gender equality, rural (%)",measure
gcs_lowersec_ncog_gequ_urban,"Percentage of students in lower secondary showing adequate understanding of issues relating to global citizenship and sustainability – Non-cognitive Dimension – Gender equality, urban (%)",measure
gcs_lowersec_ncog_gequ_wpia,"Percentage of students in lower secondary showing adequate understanding of issues relating to global citizenship and sustainability – Non-cognitive Dimension – Gender equality, adjusted wealth parity index (WPIA)",measure
gcs_lowersec_ncog_gloc,"Percentage of students in lower secondary showing adequate understanding of issues relating to global citizenship and sustainability – Non-cognitive Dimension – Global-local thinking, both sexes (%)",measure
gcs_lowersec_ncog_gloc_f,"Percentage of students in lower secondary showing adequate understanding of issues relating to global citizenship and sustainability – Non-cognitive Dimension – Global-local thinking, female (%)",measure
gcs_lowersec_ncog_gloc_gpia,"Percentage of students in lower secondary showing adequate understanding of issues relating to global citizenship and sustainability – Non-cognitive Dimension – Global-local thinking, adjusted gender parity index (GPIA)",measure
gcs_lowersec_ncog_gloc_highses,"Percentage of students in lower secondary showing adequate understanding of issues relating to global citizenship and sustainability – Non-cognitive Dimension – Global-local thinking, high socio-economic status (%)",measure
gcs_lowersec_ncog_gloc_lowses,"Percentage of students in lower secondary showing adequate understanding of issues relating to global citizenship and sustainability – Non-cognitive Dimension – Global-local thinking, low socio-economic status (%)",measure
gcs_lowersec_ncog_gloc_lpia,"Percentage of students in lower secondary showing adequate understanding of issues relating to global citizenship and sustainability – Non-cognitive Dimension – Global-local thinking, adjusted location parity index (LPIA)",measure
gcs_lowersec_ncog_gloc_m,"Percentage of students in lower secondary showing adequate understanding of issues relating to global citizenship and sustainability – Non-cognitive Dimension – Global-local thinking, male (%)",measure
gcs_lowersec_ncog_gloc_rural,"Percentage of students in lower secondary showing adequate understanding of issues relating to global citizenship and sustainability – Non-cognitive Dimension – Global-local thinking, rural (%)",measure
gcs_lowersec_ncog_gloc_urban,"Percentage of students in lower secondary showing adequate understanding of issues relating to global citizenship and sustainability – Non-cognitive Dimension – Global-local thinking, urban (%)",measure
gcs_lowersec_ncog_gloc_wpia,"Percentage of students in lower secondary showing adequate understanding of issues relating to global citizenship and sustainability – Non-cognitive Dimension – Global-local thinking, adjusted wealth parity index (WPIA)",measure
gcs_lowersec_ncog_mult,"Percentage of students in lower secondary showing adequate understanding of issues relating to global citizenship and sustainability – Non-cognitive Dimension – Multiculturalism, both sexes (%)",measure
gcs_lowersec_ncog_mult_f,"Percentage of students in lower secondary showing adequate understanding of issues relating to global citizenship and sustainability – Non-cognitive Dimension – Multiculturalism, female (%)",measure
gcs_lowersec_ncog_mult_gpia,"Percentage of students in lower secondary showing adequate understanding of issues relating to global citizenship and sustainability – Non-cognitive Dimension – Multiculturalism, adjusted gender parity index (GPIA)",measure
gcs_lowersec_ncog_mult_highses,"Percentage of students in lower secondary showing adequate understanding of issues relating to global citizenship and sustainability – Non-cognitive Dimension – Multiculturalism, high socio-economic status (%)",measure
gcs_lowersec_ncog_mult_lowses,"Percentage of students in lower secondary showing adequate understanding of issues relating to global citizenship and sustainability – Non-cognitive Dimension – Multiculturalism, low socio-economic status (%)",measure
gcs_lowersec_ncog_mult_lpia,"Percentage of students in lower secondary showing adequate understanding of issues relating to global citizenship and sustainability – Non-cognitive Dimension – Multiculturalism, adjusted location parity index (LPIA)",measure
gcs_lowersec_ncog_mult_m,"Percentage of students in lower secondary showing adequate understanding of issues relating to global citizenship and sustainability – Non-cognitive Dimension – Multiculturalism, male (%)",measure
gcs_lowersec_ncog_mult_rural,"Percentage of students in lower secondary showing adequate understanding of issues relating to global citizenship and sustainability – Non-cognitive Dimension – Multiculturalism, rural (%)",measure
gcs_lowersec_ncog_mult_urban,"Percentage of students in lower secondary showing adequate understanding of issues relating to global citizenship and sustainability – Non-cognitive Dimension – Multiculturalism, urban (%)",measure
gcs_lowersec_ncog_mult_wpia,"Percentage of students in lower secondary showing adequate understanding of issues relating to global citizenship and sustainability – Non-cognitive Dimension – Multiculturalism, adjusted wealth parity index (WPIA)",measure
gcs_lowersec_ncog_peac,"Percentage of students in lower secondary showing adequate understanding of issues relating to global citizenship and sustainability – Non-cognitive Dimension – Peace, both sexes (%)",measure
gcs_lowersec_ncog_peac_f,"Percentage of students in lower secondary showing adequate understanding of issues relating to global citizenship and sustainability – Non-cognitive Dimension – Peace, female (%)",measure
gcs_lowersec_ncog_peac_gpia,"Percentage of students in lower secondary showing adequate understanding of issues relating to global citizenship and sustainability – Non-cognitive Dimension – Peace, adjusted gender parity index (GPIA)",measure
gcs_lowersec_ncog_peac_highses,"Percentage of students in lower secondary showing adequate understanding of issues relating to global citizenship and sustainability – Non-cognitive Dimension – Peace, high socio-economic status (%)",measure
gcs_lowersec_ncog_peac_lowses,"Percentage of students in lower secondary showing adequate understanding of issues relating to global citizenship and sustainability – Non-cognitive Dimension – Peace, low socio-economic status (%)",measure
gcs_lowersec_ncog_peac_lpia,"Percentage of students in lower secondary showing adequate understanding of issues relating to global citizenship and sustainability – Non-cognitive Dimension – Peace, adjusted location parity index (LPIA)",measure
gcs_lowersec_ncog_peac_m,"Percentage of students in lower secondary showing adequate understanding of issues relating to global citizenship and sustainability – Non-cognitive Dimension – Peace, male (%)",measure
gcs_lowersec_ncog_peac_rural,"Percentage of students in lower secondary showing adequate understanding of issues relating to global citizenship and sustainability – Non-cognitive Dimension – Peace, rural (%)",measure
gcs_lowersec_ncog_peac_urban,"Percentage of students in lower secondary showing adequate understanding of issues relating to global citizenship and sustainability – Non-cognitive Dimension – Peace, urban (%)",measure
gcs_lowersec_ncog_peac_wpia,"Percentage of students in lower secondary showing adequate understanding of issues relating to global citizenship and sustainability – Non-cognitive Dimension – Peace, adjusted wealth parity index (WPIA)",measure
gcs_lowersec_ncog_sdev,"Percentage of students in lower secondary showing adequate understanding of issues relating to global citizenship and sustainability – Non-cognitive Dimension – Sustainable development, both sexes (%)",measure
gcs_lowersec_ncog_sdev_f,"Percentage of students in lower secondary showing adequate understanding of issues relating to global citizenship and sustainability – Non-cognitive Dimension – Sustainable development, female (%)",measure
gcs_lowersec_ncog_sdev_gpia,"Percentage of students in lower secondary showing adequate understanding of issues relating to global citizenship and sustainability – Non-cognitive Dimension – Sustainable development, adjusted gender parity index (GPIA)",measure
gcs_lowersec_ncog_sdev_highses,"Percentage of students in lower secondary showing adequate understanding of issues relating to global citizenship and sustainability – Non-cognitive Dimension – Sustainable development, high socio-economic status (%)",measure
gcs_lowersec_ncog_sdev_lowses,"Percentage of students in lower secondary showing adequate understanding of issues relating to global citizenship and sustainability – Non-cognitive Dimension – Sustainable development, low socio-economic status (%)",measure
gcs_lowersec_ncog_sdev_lpia,"Percentage of students in lower secondary showing adequate understanding of issues relating to global citizenship and sustainability – Non-cognitive Dimension – Sustainable development, adjusted location parity index (LPIA)",measure
gcs_lowersec_ncog_sdev_m,"Percentage of students in lower secondary showing adequate understanding of issues relating to global citizenship and sustainability – Non-cognitive Dimension – Sustainable development, male (%)",measure
gcs_lowersec_ncog_sdev_rural,"Percentage of students in lower secondary showing adequate understanding of issues relating to global citizenship and sustainability – Non-cognitive Dimension – Sustainable development, rural (%)",measure
gcs_lowersec_ncog_sdev_urban,"Percentage of students in lower secondary showing adequate understanding of issues relating to global citizenship and sustainability – Non-cognitive Dimension – Sustainable development, urban (%)",measure
gcs_lowersec_ncog_sdev_wpia,"Percentage of students in lower secondary showing adequate understanding of issues relating to global citizenship and sustainability – Non-cognitive Dimension – Sustainable development, adjusted wealth parity index (WPIA)",measure
gcs_lowersec_ncog_sjus,"Percentage of students in lower secondary showing adequate understanding of issues relating to global citizenship and sustainability – Non-cognitive Dimension – Social Justice, both sexes (%)",measure
gcs_lowersec_ncog_sjus_f,"Percentage of students in lower secondary showing adequate understanding of issues relating to global citizenship and sustainability – Non-cognitive Dimension – Social Justice, female (%)",measure
gcs_lowersec_ncog_sjus_gpia,"Percentage of students in lower secondary showing adequate understanding of issues relating to global citizenship and sustainability – Non-cognitive Dimension – Social Justice, adjusted gender parity index (GPIA)",measure
gcs_lowersec_ncog_sjus_highses,"Percentage of students in lower secondary showing adequate understanding of issues relating to global citizenship and sustainability – Non-cognitive Dimension – Social Justice, high socio-economic status (%)",measure
gcs_lowersec_ncog_sjus_lowses,"Percentage of students in lower secondary showing adequate understanding of issues relating to global citizenship and sustainability – Non-cognitive Dimension – Social Justice, low socio-economic status (%)",measure
gcs_lowersec_ncog_sjus_lpia,"Percentage of students in lower secondary showing adequate understanding of issues relating to global citizenship and sustainability – Non-cognitive Dimension – Social Justice, adjusted location parity index (LPIA)",measure
gcs_lowersec_ncog_sjus_m,"Percentage of students in lower secondary showing adequate understanding of issues relating to global citizenship and sustainability – Non-cognitive Dimension – Social Justice, male (%)",measure
gcs_lowersec_ncog_sjus_rural,"Percentage of students in lower secondary showing adequate understanding of issues relating to global citizenship and sustainability – Non-cognitive Dimension – Social Justice, rural (%)",measure
gcs_lowersec_ncog_sjus_urban,"Percentage of students in lower secondary showing adequate understanding of issues relating to global citizenship and sustainability – Non-cognitive Dimension – Social Justice, urban (%)",measure
gcs_lowersec_ncog_sjus_wpia,"Percentage of students in lower secondary showing adequate understanding of issues relating to global citizenship and sustainability – Non-cognitive Dimension – Social Justice, adjusted wealth parity index (WPIA)",measure
gcs_lowersec_rural,"Percentage of students in lower secondary showing adequate understanding of issues relating to global citizenship and sustainability, rural (%)",measure
gcs_lowersec_urban,"Percentage of students in lower secondary showing adequate understanding of issues relating to global citizenship and sustainability, urban (%)",measure
gcs_lowersec_wpia,"Percentage of students in lower secondary showing adequate understanding of issues relating to global citizenship and sustainability, adjusted wealth parity index (WPIA)",measure
gcs_natledupol,Extent to which (i) global citizenship education and (ii) education for sustainable development are mainstreamed in national education policies,measure
gcs_studentassessment,Extent to which (i) global citizenship education and (ii) education for sustainable development are mainstreamed in student assessment,measure
gcs_teachedu,Extent to which (i) global citizenship education and (ii) education for sustainable development are mainstreamed in teacher education,measure
ger_5t8,"Gross enrolment ratio for tertiary education, both sexes (%)",measure
ger_5t8_f,"Gross enrolment ratio for tertiary education, female (%)",measure
ger_5t8_gpia,"Gross enrolment ratio for tertiary education, adjusted gender parity index (GPIA)",measure
ger_5t8_m,"Gross enrolment ratio for tertiary education, male (%)",measure
ictskillarsp,"Proportion of youth and adults that used basic arithmetic formula in spreadsheet, both sexes (%)",measure
ictskillarsp_ag15t24,"Proportion of youth and adults that used basic arithmetic formula in spreadsheet, 15-24 years old, both sexes (%)",measure
ictskillarsp_ag15t24_f,"Proportion of youth and adults that used basic arithmetic formula in spreadsheet, 15-24 years old, female (%)",measure
ictskillarsp_ag15t24_gpia,"Proportion of youth and adults that used basic arithmetic formula in spreadsheet, 15-24 years old, adjusted gender parity index (GPIA)",measure
ictskillarsp_ag15t24_m,"Proportion of youth and adults that used basic arithmetic formula in spreadsheet, 15-24 years old, male (%)",measure
ictskillarsp_ag25t74,"Proportion of youth and adults that used basic arithmetic formula in spreadsheet, 25-74 years old, both sexes (%)",measure
ictskillarsp_ag25t74_f,"Proportion of youth and adults that used basic arithmetic formula in spreadsheet, 25-74 years old, female (%)",measure
ictskillarsp_ag25t74_gpia,"Proportion of youth and adults that used basic arithmetic formula in spreadsheet, 25-74 years old, adjusted gender parity index (GPIA)",measure
ictskillarsp_ag25t74_m,"Proportion of youth and adults that used basic arithmetic formula in spreadsheet, 25-74 years old, male (%)",measure
ictskillarsp_ag75orover,"Proportion of youth and adults that used basic arithmetic formula in spreadsheet, 75 years old or over, both sexes (%)",measure
ictskillarsp_ag75orover_f,"Proportion of youth and adults that used basic arithmetic formula in spreadsheet, 75 years old or over, female (%)",measure
ictskillarsp_ag75orover_gpia,"Proportion of youth and adults that used basic arithmetic formula in spreadsheet, 75 years old or over, adjusted gender parity index (GPIA)",measure
ictskillarsp_ag75orover_m,"Proportion of youth and adults that used basic arithmetic formula in spreadsheet, 75 years old or over, male (%)",measure
ictskillarsp_agunder15y,"Proportion of youth and adults that used basic arithmetic formula in spreadsheet, under 15 years old, both sexes (%)",measure
ictskillarsp_agunder15y_f,"Proportion of youth and adults that used basic arithmetic formula in spreadsheet, under 15 years old, female (%)",measure
ictskillarsp_agunder15y_gpia,"Proportion of youth and adults that used basic arithmetic formula in spreadsheet, under 15 years old, adjusted gender parity index (GPIA)",measure
ictskillarsp_agunder15y_m,"Proportion of youth and adults that used basic arithmetic formula in spreadsheet, under 15 years old, male (%)",measure
ictskillarsp_f,"Proportion of youth and adults that used basic arithmetic formula in spreadsheet, female (%)",measure
ictskillarsp_f_lpia,"Proportion of youth and adults that used basic arithmetic formula in spreadsheet, female, adjusted location parity index (LPIA)",measure
ictskillarsp_gpia,"Proportion of youth and adults that used basic arithmetic formula in spreadsheet, adjusted gender parity index (GPIA)",measure
ictskillarsp_lpia,"Proportion of youth and adults that used basic arithmetic formula in spreadsheet, adjusted location parity index (LPIA)",measure
ictskillarsp_m,"Proportion of youth and adults that used basic arithmetic formula in spreadsheet, male (%)",measure
ictskillarsp_m_lpia,"Proportion of youth and adults that used basic arithmetic formula in spreadsheet, male, adjusted location parity index (LPIA)",measure
ictskillarsp_rur,"Proportion of youth and adults that used basic arithmetic formula in spreadsheet, rural, both sexes (%)",measure
ictskillarsp_rur_f,"Proportion of youth and adults that used basic arithmetic formula in spreadsheet, rural, female (%)",measure
ictskillarsp_rur_gpia,"Proportion of youth and adults that used basic arithmetic formula in spreadsheet, rural, adjusted gender parity index (GPIA)",measure
ictskillarsp_rur_m,"Proportion of youth and adults that used basic arithmetic formula in spreadsheet, rural, male (%)",measure
ictskillarsp_urb,"Proportion of youth and adults that used basic arithmetic formula in spreadsheet, urban, both sexes (%)",measure
ictskillarsp_urb_f,"Proportion of youth and adults that used basic arithmetic formula in spreadsheet, urban, female (%)",measure
ictskillarsp_urb_gpia,"Proportion of youth and adults that used basic arithmetic formula in spreadsheet, urban, adjusted gender parity index (GPIA)",measure
ictskillarsp_urb_m,"Proportion of youth and adults that used basic arithmetic formula in spreadsheet, urban, male (%)",measure
ictskillcommabas,"Proportion of youth and adults who have above basic communication and collaboration skills, both sexes (%)",measure
ictskillcommabas_ag15t24,"Proportion of youth and adults who have above basic communication and collaboration skills, 15-24 years old, both sexes (%)",measure
ictskillcommabas_ag15t24_f,"Proportion of youth and adults who have above basic communication and collaboration skills, 15-24 years old, female (%)",measure
ictskillcommabas_ag15t24_gpia,"Proportion of youth and adults who have above basic communication and collaboration skills, 15-24 years old, adjusted gender parity index (GPIA)",measure
ictskillcommabas_ag15t24_m,"Proportion of youth and adults who have above basic communication and collaboration skills, 15-24 years old, male (%)",measure
ictskillcommabas_ag25t74,"Proportion of youth and adults who have above basic communication and collaboration skills, 25-74 years old, both sexes (%)",measure
ictskillcommabas_ag25t74_f,"Proportion of youth and adults who have above basic communication and collaboration skills, 25-74 years old, female (%)",measure
ictskillcommabas_ag25t74_gpia,"Proportion of youth and adults who have above basic communication and collaboration skills, 25-74 years old, adjusted gender parity index (GPIA)",measure
ictskillcommabas_ag25t74_m,"Proportion of youth and adults who have above basic communication and collaboration skills, 25-74 years old, male (%)",measure
ictskillcommabas_ag75orover,"Proportion of youth and adults who have above basic communication and collaboration skills, 75 years old or over, both sexes (%)",measure
ictskillcommabas_ag75orover_f,"Proportion of youth and adults who have above basic communication and collaboration skills, 75 years old or over, female (%)",measure
ictskillcommabas_ag75orover_gpia,"Proportion of youth and adults who have above basic communication and collaboration skills, 75 years old or over, adjusted gender parity index (GPIA)",measure
ictskillcommabas_ag75orover_m,"Proportion of youth and adults who have above basic communication and collaboration skills, 75 years old or over, male (%)",measure
ictskillcommabas_agunder15y,"Proportion of youth and adults who have above basic communication and collaboration skills, under 15 years old, both sexes (%)",measure
ictskillcommabas_agunder15y_f,"Proportion of youth and adults who have above basic communication and collaboration skills, under 15 years old, female (%)",measure
ictskillcommabas_agunder15y_gpia,"Proportion of youth and adults who have above basic communication and collaboration skills, under 15 years old, adjusted gender parity index (GPIA)",measure
ictskillcommabas_agunder15y_m,"Proportion of youth and adults who have above basic communication and collaboration skills, under 15 years old, male (%)",measure
ictskillcommabas_f,"Proportion of youth and adults who have above basic communication and collaboration skills, female (%)",measure
ictskillcommabas_f_lpia,"Proportion of youth and adults who have above basic communication and collaboration skills, female, adjusted location parity index (LPIA)",measure
ictskillcommabas_gpia,"Proportion of youth and adults who have above basic communication and collaboration skills, adjusted gender parity index (GPIA)",measure
ictskillcommabas_lpia,"Proportion of youth and adults who have above basic communication and collaboration skills, adjusted location parity index (LPIA)",measure
ictskillcommabas_m,"Proportion of youth and adults who have above basic communication and collaboration skills, male (%)",measure
ictskillcommabas_m_lpia,"Proportion of youth and adults who have above basic communication and collaboration skills, male, adjusted location parity index (LPIA)",measure
ictskillcommabas_rur,"Proportion of youth and adults who have above basic communication and collaboration skills, rural, both sexes (%)",measure
ictskillcommabas_rur_f,"Proportion of youth and adults who have above basic communication and collaboration skills, rural, female (%)",measure
ictskillcommabas_rur_gpia,"Proportion of youth and adults who have above basic communication and collaboration skills, rural, adjusted gender parity index (GPIA)",measure
ictskillcommabas_rur_m,"Proportion of youth and adults who have above basic communication and collaboration skills, rural, male (%)",measure
ictskillcommabas_urb,"Proportion of youth and adults who have above basic communication and collaboration skills, urban, both sexes (%)",measure
ictskillcommabas_urb_f,"Proportion of youth and adults who have above basic communication and collaboration skills, urban, female (%)",measure
ictskillcommabas_urb_gpia,"Proportion of youth and adults who have above basic communication and collaboration skills, urban, adjusted gender parity index (GPIA)",measure
ictskillcommabas_urb_m,"Proportion of youth and adults who have above basic communication and collaboration skills, urban, male (%)",measure
ictskillcommbas,"Proportion of youth and adults who have basic communication and collaboration skills, both sexes (%)",measure
ictskillcommbas_ag15t24,"Proportion of youth and adults who have basic communication and collaboration skills, 15-24 years old, both sexes (%)",measure
ictskillcommbas_ag15t24_f,"Proportion of youth and adults who have basic communication and collaboration skills, 15-24 years old, female (%)",measure
ictskillcommbas_ag15t24_gpia,"Proportion of youth and adults who have basic communication and collaboration skills, 15-24 years old, adjusted gender parity index (GPIA)",measure
ictskillcommbas_ag15t24_m,"Proportion of youth and adults who have basic communication and collaboration skills, 15-24 years old, male (%)",measure
ictskillcommbas_ag25t74,"Proportion of youth and adults who have basic communication and collaboration skills, 25-74 years old, both sexes (%)",measure
ictskillcommbas_ag25t74_f,"Proportion of youth and adults who have basic communication and collaboration skills, 25-74 years old, female (%)",measure
ictskillcommbas_ag25t74_gpia,"Proportion of youth and adults who have basic communication and collaboration skills, 25-74 years old, adjusted gender parity index (GPIA)",measure
ictskillcommbas_ag25t74_m,"Proportion of youth and adults who have basic communication and collaboration skills, 25-74 years old, male (%)",measure
ictskillcommbas_ag75orover,"Proportion of youth and adults who have basic communication and collaboration skills, 75 years old or over, both sexes (%)",measure
ictskillcommbas_ag75orover_f,"Proportion of youth and adults who have basic communication and collaboration skills, 75 years old or over, female (%)",measure
ictskillcommbas_ag75orover_gpia,"Proportion of youth and adults who have basic communication and collaboration skills, 75 years old or over, adjusted gender parity index (GPIA)",measure
ictskillcommbas_ag75orover_m,"Proportion of youth and adults who have basic communication and collaboration skills, 75 years old or over, male (%)",measure
ictskillcommbas_agunder15y,"Proportion of youth and adults who have basic communication and collaboration skills, under 15 years old, both sexes (%)",measure
ictskillcommbas_agunder15y_f,"Proportion of youth and adults who have basic communication and collaboration skills, under 15 years old, female (%)",measure
ictskillcommbas_agunder15y_gpia,"Proportion of youth and adults who have basic communication and collaboration skills, under 15 years old, adjusted gender parity index (GPIA)",measure
ictskillcommbas_agunder15y_m,"Proportion of youth and adults who have basic communication and collaboration skills, under 15 years old, male (%)",measure
ictskillcommbas_f,"Proportion of youth and adults who have basic communication and collaboration skills, female (%)",measure
ictskillcommbas_f_lpia,"Proportion of youth and adults who have basic communication and collaboration skills, female, adjusted location parity index (LPIA)",measure
ictskillcommbas_gpia,"Proportion of youth and adults who have basic communication and collaboration skills, adjusted gender parity index (GPIA)",measure
ictskillcommbas_lpia,"Proportion of youth and adults who have basic communication and collaboration skills, adjusted location parity index (LPIA)",measure
ictskillcommbas_m,"Proportion of youth and adults who have basic communication and collaboration skills, male (%)",measure
ictskillcommbas_m_lpia,"Proportion of youth and adults who have basic communication and collaboration skills, male, adjusted location parity index (LPIA)",measure
ictskillcommbas_rur,"Proportion of youth and adults who have basic communication and collaboration skills, rural, both sexes (%)",measure
ictskillcommbas_rur_f,"Proportion of youth and adults who have basic communication and collaboration skills, rural, female (%)",measure
ictskillcommbas_rur_gpia,"Proportion of youth and adults who have basic communication and collaboration skills, rural, adjusted gender parity index (GPIA)",measure
ictskillcommbas_rur_m,"Proportion of youth and adults who have basic communication and collaboration skills, rural, male (%)",measure
ictskillcommbas_urb,"Proportion of youth and adults who have basic communication and collaboration skills, urban, both sexes (%)",measure
ictskillcommbas_urb_f,"Proportion of youth and adults who have basic communication and collaboration skills, urban, female (%)",measure
ictskillcommbas_urb_gpia,"Proportion of youth and adults who have basic communication and collaboration skills, urban, adjusted gender parity index (GPIA)",measure
ictskillcommbas_urb_m,"Proportion of youth and adults who have basic communication and collaboration skills, urban, male (%)",measure
ictskillcontabas,"Proportion of youth and adults who have above basic digital content creation skills, both sexes (%)",measure
ictskillcontabas_ag15t24,"Proportion of youth and adults who have above basic digital content creation skills, 15-24 years old, both sexes (%)",measure
ictskillcontabas_ag15t24_f,"Proportion of youth and adults who have above basic digital content creation skills, 15-24 years old, female (%)",measure
ictskillcontabas_ag15t24_gpia,"Proportion of youth and adults who have above basic digital content creation skills, 15-24 years old, adjusted gender parity index (GPIA)",measure
ictskillcontabas_ag15t24_m,"Proportion of youth and adults who have above basic digital content creation skills, 15-24 years old, male (%)",measure
ictskillcontabas_ag25t74,"Proportion of youth and adults who have above basic digital content creation skills, 25-74 years old, both sexes (%)",measure
ictskillcontabas_ag25t74_f,"Proportion of youth and adults who have above basic digital content creation skills, 25-74 years old, female (%)",measure
ictskillcontabas_ag25t74_gpia,"Proportion of youth and adults who have above basic digital content creation skills, 25-74 years old, adjusted gender parity index (GPIA)",measure
ictskillcontabas_ag25t74_m,"Proportion of youth and adults who have above basic digital content creation skills, 25-74 years old, male (%)",measure
ictskillcontabas_ag75orover,"Proportion of youth and adults who have above basic digital content creation skills, 75 years old or over, both sexes (%)",measure
ictskillcontabas_ag75orover_f,"Proportion of youth and adults who have above basic digital content creation skills, 75 years old or over, female (%)",measure
ictskillcontabas_ag75orover_gpia,"Proportion of youth and adults who have above basic digital content creation skills, 75 years old or over, adjusted gender parity index (GPIA)",measure
ictskillcontabas_ag75orover_m,"Proportion of youth and adults who have above basic digital content creation skills, 75 years old or over, male (%)",measure
ictskillcontabas_agunder15y,"Proportion of youth and adults who have above basic digital content creation skills, under 15 years old, both sexes (%)",measure
ictskillcontabas_agunder15y_f,"Proportion of youth and adults who have above basic digital content creation skills, under 15 years old, female (%)",measure
ictskillcontabas_agunder15y_gpia,"Proportion of youth and adults who have above basic digital content creation skills, under 15 years old, adjusted gender parity index (GPIA)",measure
ictskillcontabas_agunder15y_m,"Proportion of youth and adults who have above basic digital content creation skills, under 15 years old, male (%)",measure
ictskillcontabas_f,"Proportion of youth and adults who have above basic digital content creation skills, female (%)",measure
ictskillcontabas_f_lpia,"Proportion of youth and adults who have above basic digital content creation skills, female, adjusted location parity index (LPIA)",measure
ictskillcontabas_gpia,"Proportion of youth and adults who have above basic digital content creation skills, adjusted gender parity index (GPIA)",measure
ictskillcontabas_lpia,"Proportion of youth and adults who have above basic digital content creation skills, adjusted location parity index (LPIA)",measure
ictskillcontabas_m,"Proportion of youth and adults who have above basic digital content creation skills, male (%)",measure
ictskillcontabas_m_lpia,"Proportion of youth and adults who have above basic digital content creation skills, male, adjusted location parity index (LPIA)",measure
ictskillcontabas_rur,"Proportion of youth and adults who have above basic digital content creation skills, rural, both sexes (%)",measure
ictskillcontabas_rur_f,"Proportion of youth and adults who have above basic digital content creation skills, rural, female (%)",measure
ictskillcontabas_rur_gpia,"Proportion of youth and adults who have above basic digital content creation skills, rural, adjusted gender parity index (GPIA)",measure
ictskillcontabas_rur_m,"Proportion of youth and adults who have above basic digital content creation skills, rural, male (%)",measure
ictskillcontabas_urb,"Proportion of youth and adults who have above basic digital content creation skills, urban, both sexes (%)",measure
ictskillcontabas_urb_f,"Proportion of youth and adults who have above basic digital content creation skills, urban, female (%)",measure
ictskillcontabas_urb_gpia,"Proportion of youth and adults who have above basic digital content creation skills, urban, adjusted gender parity index (GPIA)",measure
ictskillcontabas_urb_m,"Proportion of youth and adults who have above basic digital content creation skills, urban, male (%)",measure
ictskillcontbas,"Proportion of youth and adults who have basic digital content creation skills, both sexes (%)",measure
ictskillcontbas_ag15t24,"Proportion of youth and adults who have basic digital content creation skills, 15-24 years old, both sexes (%)",measure
ictskillcontbas_ag15t24_f,"Proportion of youth and adults who have basic digital content creation skills, 15-24 years old, female (%)",measure
ictskillcontbas_ag15t24_gpia,"Proportion of youth and adults who have basic digital content creation skills, 15-24 years old, adjusted gender parity index (GPIA)",measure
ictskillcontbas_ag15t24_m,"Proportion of youth and adults who have basic digital content creation skills, 15-24 years old, male (%)",measure
ictskillcontbas_ag25t74,"Proportion of youth and adults who have basic digital content creation skills, 25-74 years old, both sexes (%)",measure
ictskillcontbas_ag25t74_f,"Proportion of youth and adults who have basic digital content creation skills, 25-74 years old, female (%)",measure
ictskillcontbas_ag25t74_gpia,"Proportion of youth and adults who have basic digital content creation skills, 25-74 years old, adjusted gender parity index (GPIA)",measure
ictskillcontbas_ag25t74_m,"Proportion of youth and adults who have basic digital content creation skills, 25-74 years old, male (%)",measure
ictskillcontbas_ag75orover,"Proportion of youth and adults who have basic digital content creation skills, 75 years old or over, both sexes (%)",measure
ictskillcontbas_ag75orover_f,"Proportion of youth and adults who have basic digital content creation skills, 75 years old or over, female (%)",measure
ictskillcontbas_ag75orover_gpia,"Proportion of youth and adults who have basic digital content creation skills, 75 years old or over, adjusted gender parity index (GPIA)",measure
ictskillcontbas_ag75orover_m,"Proportion of youth and adults who have basic digital content creation skills, 75 years old or over, male (%)",measure
ictskillcontbas_agunder15y,"Proportion of youth and adults who have basic digital content creation skills, under 15 years old, both sexes (%)",measure
ictskillcontbas_agunder15y_f,"Proportion of youth and adults who have basic digital content creation skills, under 15 years old, female (%)",measure
ictskillcontbas_agunder15y_gpia,"Proportion of youth and adults who have basic digital content creation skills, under 15 years old, adjusted gender parity index (GPIA)",measure
ictskillcontbas_agunder15y_m,"Proportion of youth and adults who have basic digital content creation skills, under 15 years old, male (%)",measure
ictskillcontbas_f,"Proportion of youth and adults who have basic digital content creation skills, female (%)",measure
ictskillcontbas_f_lpia,"Proportion of youth and adults who have basic digital content creation skills, female, adjusted location parity index (LPIA)",measure
ictskillcontbas_gpia,"Proportion of youth and adults who have basic digital content creation skills, adjusted gender parity index (GPIA)",measure
ictskillcontbas_lpia,"Proportion of youth and adults who have basic digital content creation skills, adjusted location parity index (LPIA)",measure
ictskillcontbas_m,"Proportion of youth and adults who have basic digital content creation skills, male (%)",measure
ictskillcontbas_m_lpia,"Proportion of youth and adults who have basic digital content creation skills, male, adjusted location parity index (LPIA)",measure
ictskillcontbas_rur,"Proportion of youth and adults who have basic digital content creation skills, rural, both sexes (%)",measure
ictskillcontbas_rur_f,"Proportion of youth and adults who have basic digital content creation skills, rural, female (%)",measure
ictskillcontbas_rur_gpia,"Proportion of youth and adults who have basic digital content creation skills, rural, adjusted gender parity index (GPIA)",measure
ictskillcontbas_rur_m,"Proportion of youth and adults who have basic digital content creation skills, rural, male (%)",measure
ictskillcontbas_urb,"Proportion of youth and adults who have basic digital content creation skills, urban, both sexes (%)",measure
ictskillcontbas_urb_f,"Proportion of youth and adults who have basic digital content creation skills, urban, female (%)",measure
ictskillcontbas_urb_gpia,"Proportion of youth and adults who have basic digital content creation skills, urban, adjusted gender parity index (GPIA)",measure
ictskillcontbas_urb_m,"Proportion of youth and adults who have basic digital content creation skills, urban, male (%)",measure
ictskillcopa,"Proportion of youth and adults that used copy and paste tools to duplicate or move data, information and content in digital environments (e.g. within a document, between devices, on the cloud), both sexes (%)",measure
ictskillcopa_ag15t24,"Proportion of youth and adults that used copy and paste tools to duplicate or move data, information and content in digital environments (e.g. within a document, between devices, on the cloud), 15-24 years old, both sexes (%)",measure
ictskillcopa_ag15t24_f,"Proportion of youth and adults that used copy and paste tools to duplicate or move data, information and content in digital environments (e.g. within a document, between devices, on the cloud), 15-24 years old, female (%)",measure
ictskillcopa_ag15t24_gpia,"Proportion of youth and adults that used copy and paste tools to duplicate or move data, information and content in digital environments (e.g. within a document, between devices, on the cloud), 15-24 years old, adjusted gender parity index (GPIA)",measure
ictskillcopa_ag15t24_m,"Proportion of youth and adults that used copy and paste tools to duplicate or move data, information and content in digital environments (e.g. within a document, between devices, on the cloud), 15-24 years old, male (%)",measure
ictskillcopa_ag25t74,"Proportion of youth and adults that used copy and paste tools to duplicate or move data, information and content in digital environments (e.g. within a document, between devices, on the cloud), 25-74 years old, both sexes (%)",measure
ictskillcopa_ag25t74_f,"Proportion of youth and adults that used copy and paste tools to duplicate or move data, information and content in digital environments (e.g. within a document, between devices, on the cloud), 25-74 years old, female (%)",measure
ictskillcopa_ag25t74_gpia,"Proportion of youth and adults that used copy and paste tools to duplicate or move data, information and content in digital environments (e.g. within a document, between devices, on the cloud), 25-74 years old, adjusted gender parity index (GPIA)",measure
ictskillcopa_ag25t74_m,"Proportion of youth and adults that used copy and paste tools to duplicate or move data, information and content in digital environments (e.g. within a document, between devices, on the cloud), 25-74 years old, male (%)",measure
ictskillcopa_ag75orover,"Proportion of youth and adults that used copy and paste tools to duplicate or move data, information and content in digital environments (e.g. within a document, between devices, on the cloud), 75 years old or over, both sexes (%)",measure
ictskillcopa_ag75orover_f,"Proportion of youth and adults that used copy and paste tools to duplicate or move data, information and content in digital environments (e.g. within a document, between devices, on the cloud), 75 years old or over, female (%)",measure
ictskillcopa_ag75orover_gpia,"Proportion of youth and adults that used copy and paste tools to duplicate or move data, information and content in digital environments (e.g. within a document, between devices, on the cloud), 75 years old or over, adjusted gender parity index (GPIA)",measure
ictskillcopa_ag75orover_m,"Proportion of youth and adults that used copy and paste tools to duplicate or move data, information and content in digital environments (e.g. within a document, between devices, on the cloud), 75 years old or over, male (%)",measure
ictskillcopa_agunder15y,"Proportion of youth and adults that used copy and paste tools to duplicate or move data, information and content in digital environments (e.g. within a document, between devices, on the cloud), under 15 years old, both sexes (%)",measure
ictskillcopa_agunder15y_f,"Proportion of youth and adults that used copy and paste tools to duplicate or move data, information and content in digital environments (e.g. within a document, between devices, on the cloud), under 15 years old, female (%)",measure
ictskillcopa_agunder15y_gpia,"Proportion of youth and adults that used copy and paste tools to duplicate or move data, information and content in digital environments (e.g. within a document, between devices, on the cloud), under 15 years old, adjusted gender parity index (GPIA)",measure
ictskillcopa_agunder15y_m,"Proportion of youth and adults that used copy and paste tools to duplicate or move data, information and content in digital environments (e.g. within a document, between devices, on the cloud), under 15 years old, male (%)",measure
ictskillcopa_f,"Proportion of youth and adults that used copy and paste tools to duplicate or move data, information and content in digital environments (e.g. within a document, between devices, on the cloud), female (%)",measure
ictskillcopa_f_lpia,"Proportion of youth and adults that used copy and paste tools to duplicate or move data, information and content in digital environments (e.g. within a document, between devices, on the cloud), female, adjusted location parity index (LPIA)",measure
ictskillcopa_gpia,"Proportion of youth and adults that used copy and paste tools to duplicate or move data, information and content in digital environments (e.g. within a document, between devices, on the cloud), adjusted gender parity index (GPIA)",measure
ictskillcopa_lpia,"Proportion of youth and adults that used copy and paste tools to duplicate or move data, information and content in digital environments (e.g. within a document, between devices, on the cloud), adjusted location parity index (LPIA)",measure
ictskillcopa_m,"Proportion of youth and adults that used copy and paste tools to duplicate or move data, information and content in digital environments (e.g. within a document, between devices, on the cloud), male (%)",measure
ictskillcopa_m_lpia,"Proportion of youth and adults that used copy and paste tools to duplicate or move data, information and content in digital environments (e.g. within a document, between devices, on the cloud), male, adjusted location parity index (LPIA)",measure
ictskillcopa_rur,"Proportion of youth and adults that used copy and paste tools to duplicate or move data, information and content in digital environments (e.g. within a document, between devices, on the cloud), rural, both sexes (%)",measure
ictskillcopa_rur_f,"Proportion of youth and adults that used copy and paste tools to duplicate or move data, information and content in digital environments (e.g. within a document, between devices, on the cloud), rural, female (%)",measure
ictskillcopa_rur_gpia,"Proportion of youth and adults that used copy and paste tools to duplicate or move data, information and content in digital environments (e.g. within a document, between devices, on the cloud), rural, adjusted gender parity index (GPIA)",measure
ictskillcopa_rur_m,"Proportion of youth and adults that used copy and paste tools to duplicate or move data, information and content in digital environments (e.g. within a document, between devices, on the cloud), rural, male (%)",measure
ictskillcopa_urb,"Proportion of youth and adults that used copy and paste tools to duplicate or move data, information and content in digital environments (e.g. within a document, between devices, on the cloud), urban, both sexes (%)",measure
ictskillcopa_urb_f,"Proportion of youth and adults that used copy and paste tools to duplicate or move data, information and content in digital environments (e.g. within a document, between devices, on the cloud), urban, female (%)",measure
ictskillcopa_urb_gpia,"Proportion of youth and adults that used copy and paste tools to duplicate or move data, information and content in digital environments (e.g. within a document, between devices, on the cloud), urban, adjusted gender parity index (GPIA)",measure
ictskillcopa_urb_m,"Proportion of youth and adults that used copy and paste tools to duplicate or move data, information and content in digital environments (e.g. within a document, between devices, on the cloud), urban, male (%)",measure
ictskilldldonld,"Proportion of youth and adults that read or downloaded newspapers, magazines or electronic books in digital format, both sexes (%)",measure
ictskilldldonld_ag15t24,"Proportion of youth and adults that read or downloaded newspapers, magazines or electronic books in digital format, 15-24 years old, both sexes (%)",measure
ictskilldldonld_ag15t24_f,"Proportion of youth and adults that read or downloaded newspapers, magazines or electronic books in digital format, 15-24 years old, female (%)",measure
ictskilldldonld_ag15t24_gpia,"Proportion of youth and adults that read or downloaded newspapers, magazines or electronic books in digital format, 15-24 years old, adjusted gender parity index (GPIA)",measure
ictskilldldonld_ag15t24_m,"Proportion of youth and adults that read or downloaded newspapers, magazines or electronic books in digital format, 15-24 years old, male (%)",measure
ictskilldldonld_ag25t74,"Proportion of youth and adults that read or downloaded newspapers, magazines or electronic books in digital format, 25-74 years old, both sexes (%)",measure
ictskilldldonld_ag25t74_f,"Proportion of youth and adults that read or downloaded newspapers, magazines or electronic books in digital format, 25-74 years old, female (%)",measure
ictskilldldonld_ag25t74_gpia,"Proportion of youth and adults that read or downloaded newspapers, magazines or electronic books in digital format, 25-74 years old, adjusted gender parity index (GPIA)",measure
ictskilldldonld_ag25t74_m,"Proportion of youth and adults that read or downloaded newspapers, magazines or electronic books in digital format, 25-74 years old, male (%)",measure
ictskilldldonld_ag75orover,"Proportion of youth and adults that read or downloaded newspapers, magazines or electronic books in digital format, 75 years old or over, both sexes (%)",measure
ictskilldldonld_ag75orover_f,"Proportion of youth and adults that read or downloaded newspapers, magazines or electronic books in digital format, 75 years old or over, female (%)",measure
ictskilldldonld_ag75orover_gpia,"Proportion of youth and adults that read or downloaded newspapers, magazines or electronic books in digital format, 75 years old or over, adjusted gender parity index (GPIA)",measure
ictskilldldonld_ag75orover_m,"Proportion of youth and adults that read or downloaded newspapers, magazines or electronic books in digital format, 75 years old or over, male (%)",measure
ictskilldldonld_agunder15y,"Proportion of youth and adults that read or downloaded newspapers, magazines or electronic books in digital format, under 15 years old, both sexes (%)",measure
ictskilldldonld_agunder15y_f,"Proportion of youth and adults that read or downloaded newspapers, magazines or electronic books in digital format, under 15 years old, female (%)",measure
ictskilldldonld_agunder15y_gpia,"Proportion of youth and adults that read or downloaded newspapers, magazines or electronic books in digital format, under 15 years old, adjusted gender parity index (GPIA)",measure
ictskilldldonld_agunder15y_m,"Proportion of youth and adults that read or downloaded newspapers, magazines or electronic books in digital format, under 15 years old, male (%)",measure
ictskilldldonld_f,"Proportion of youth and adults that read or downloaded newspapers, magazines or electronic books in digital format, female (%)",measure
ictskilldldonld_f_lpia,"Proportion of youth and adults that read or downloaded newspapers, magazines or electronic books in digital format, female, adjusted location parity index (LPIA)",measure
ictskilldldonld_gpia,"Proportion of youth and adults that read or downloaded newspapers, magazines or electronic books in digital format, adjusted gender parity index (GPIA)",measure
ictskilldldonld_lpia,"Proportion of youth and adults that read or downloaded newspapers, magazines or electronic books in digital format, adjusted location parity index (LPIA)",measure
ictskilldldonld_m,"Proportion of youth and adults that read or downloaded newspapers, magazines or electronic books in digital format, male (%)",measure
ictskilldldonld_m_lpia,"Proportion of youth and adults that read or downloaded newspapers, magazines or electronic books in digital format, male, adjusted location parity index (LPIA)",measure
ictskilldldonld_rur,"Proportion of youth and adults that read or downloaded newspapers, magazines or electronic books in digital format, rural, both sexes (%)",measure
ictskilldldonld_rur_f,"Proportion of youth and adults that read or downloaded newspapers, magazines or electronic books in digital format, rural, female (%)",measure
ictskilldldonld_rur_gpia,"Proportion of youth and adults that read or downloaded newspapers, magazines or electronic books in digital format, rural, adjusted gender parity index (GPIA)",measure
ictskilldldonld_rur_m,"Proportion of youth and adults that read or downloaded newspapers, magazines or electronic books in digital format, rural, male (%)",measure
ictskilldldonld_urb,"Proportion of youth and adults that read or downloaded newspapers, magazines or electronic books in digital format, urban, both sexes (%)",measure
ictskilldldonld_urb_f,"Proportion of youth and adults that read or downloaded newspapers, magazines or electronic books in digital format, urban, female (%)",measure
ictskilldldonld_urb_gpia,"Proportion of youth and adults that read or downloaded newspapers, magazines or electronic books in digital format, urban, adjusted gender parity index (GPIA)",measure
ictskilldldonld_urb_m,"Proportion of youth and adults that read or downloaded newspapers, magazines or electronic books in digital format, urban, male (%)",measure
ictskillemail,"Proportion of youth and adults that sent messages (e.g. e-mail, messaging service, SMS) with attached files (e.g. document, picture, video), both sexes (%)",measure
ictskillemail_ag15t24,"Proportion of youth and adults that sent messages (e.g. e-mail, messaging service, SMS) with attached files (e.g. document, picture, video), 15-24 years old, both sexes (%)",measure
ictskillemail_ag15t24_f,"Proportion of youth and adults that sent messages (e.g. e-mail, messaging service, SMS) with attached files (e.g. document, picture, video), 15-24 years old, female (%)",measure
ictskillemail_ag15t24_gpia,"Proportion of youth and adults that sent messages (e.g. e-mail, messaging service, SMS) with attached files (e.g. document, picture, video), 15-24 years old, adjusted gender parity index (GPIA)",measure
ictskillemail_ag15t24_m,"Proportion of youth and adults that sent messages (e.g. e-mail, messaging service, SMS) with attached files (e.g. document, picture, video), 15-24 years old, male (%)",measure
ictskillemail_ag25t74,"Proportion of youth and adults that sent messages (e.g. e-mail, messaging service, SMS) with attached files (e.g. document, picture, video), 25-74 years old, both sexes (%)",measure
ictskillemail_ag25t74_f,"Proportion of youth and adults that sent messages (e.g. e-mail, messaging service, SMS) with attached files (e.g. document, picture, video), 25-74 years old, female (%)",measure
ictskillemail_ag25t74_gpia,"Proportion of youth and adults that sent messages (e.g. e-mail, messaging service, SMS) with attached files (e.g. document, picture, video), 25-74 years old, adjusted gender parity index (GPIA)",measure
ictskillemail_ag25t74_m,"Proportion of youth and adults that sent messages (e.g. e-mail, messaging service, SMS) with attached files (e.g. document, picture, video), 25-74 years old, male (%)",measure
ictskillemail_ag75orover,"Proportion of youth and adults that sent messages (e.g. e-mail, messaging service, SMS) with attached files (e.g. document, picture, video), 75 years old or over, both sexes (%)",measure
ictskillemail_ag75orover_f,"Proportion of youth and adults that sent messages (e.g. e-mail, messaging service, SMS) with attached files (e.g. document, picture, video), 75 years old or over, female (%)",measure
ictskillemail_ag75orover_gpia,"Proportion of youth and adults that sent messages (e.g. e-mail, messaging service, SMS) with attached files (e.g. document, picture, video), 75 years old or over, adjusted gender parity index (GPIA)",measure
ictskillemail_ag75orover_m,"Proportion of youth and adults that sent messages (e.g. e-mail, messaging service, SMS) with attached files (e.g. document, picture, video), 75 years old or over, male (%)",measure
ictskillemail_agunder15y,"Proportion of youth and adults that sent messages (e.g. e-mail, messaging service, SMS) with attached files (e.g. document, picture, video), under 15 years old, both sexes (%)",measure
ictskillemail_agunder15y_f,"Proportion of youth and adults that sent messages (e.g. e-mail, messaging service, SMS) with attached files (e.g. document, picture, video), under 15 years old, female (%)",measure
ictskillemail_agunder15y_gpia,"Proportion of youth and adults that sent messages (e.g. e-mail, messaging service, SMS) with attached files (e.g. document, picture, video), under 15 years old, adjusted gender parity index (GPIA)",measure
ictskillemail_agunder15y_m,"Proportion of youth and adults that sent messages (e.g. e-mail, messaging service, SMS) with attached files (e.g. document, picture, video), under 15 years old, male (%)",measure
ictskillemail_f,"Proportion of youth and adults that sent messages (e.g. e-mail, messaging service, SMS) with attached files (e.g. document, picture, video), female (%)",measure
ictskillemail_f_lpia,"Proportion of youth and adults that sent messages (e.g. e-mail, messaging service, SMS) with attached files (e.g. document, picture, video), female, adjusted location parity index (LPIA)",measure
ictskillemail_gpia,"Proportion of youth and adults that sent messages (e.g. e-mail, messaging service, SMS) with attached files (e.g. document, picture, video), adjusted gender parity index (GPIA)",measure
ictskillemail_lpia,"Proportion of youth and adults that sent messages (e.g. e-mail, messaging service, SMS) with attached files (e.g. document, picture, video), adjusted location parity index (LPIA)",measure
ictskillemail_m,"Proportion of youth and adults that sent messages (e.g. e-mail, messaging service, SMS) with attached files (e.g. document, picture, video), male (%)",measure
ictskillemail_m_lpia,"Proportion of youth and adults that sent messages (e.g. e-mail, messaging service, SMS) with attached files (e.g. document, picture, video), male, adjusted location parity index (LPIA)",measure
ictskillemail_rur,"Proportion of youth and adults that sent messages (e.g. e-mail, messaging service, SMS) with attached files (e.g. document, picture, video), rural, both sexes (%)",measure
ictskillemail_rur_f,"Proportion of youth and adults that sent messages (e.g. e-mail, messaging service, SMS) with attached files (e.g. document, picture, video), rural, female (%)",measure
ictskillemail_rur_gpia,"Proportion of youth and adults that sent messages (e.g. e-mail, messaging service, SMS) with attached files (e.g. document, picture, video), rural, adjusted gender parity index (GPIA)",measure
ictskillemail_rur_m,"Proportion of youth and adults that sent messages (e.g. e-mail, messaging service, SMS) with attached files (e.g. document, picture, video), rural, male (%)",measure
ictskillemail_urb,"Proportion of youth and adults that sent messages (e.g. e-mail, messaging service, SMS) with attached files (e.g. document, picture, video), urban, both sexes (%)",measure
ictskillemail_urb_f,"Proportion of youth and adults that sent messages (e.g. e-mail, messaging service, SMS) with attached files (e.g. document, picture, video), urban, female (%)",measure
ictskillemail_urb_gpia,"Proportion of youth and adults that sent messages (e.g. e-mail, messaging service, SMS) with attached files (e.g. document, picture, video), urban, adjusted gender parity index (GPIA)",measure
ictskillemail_urb_m,"Proportion of youth and adults that sent messages (e.g. e-mail, messaging service, SMS) with attached files (e.g. document, picture, video), urban, male (%)",measure
ictskilleprs,"Proportion of youth and adults that created electronic presentations with presentation software (including text, images, sound, video or charts), both sexes (%)",measure
ictskilleprs_ag15t24,"Proportion of youth and adults that created electronic presentations with presentation software (including text, images, sound, video or charts), 15-24 years old, both sexes (%)",measure
ictskilleprs_ag15t24_f,"Proportion of youth and adults that created electronic presentations with presentation software (including text, images, sound, video or charts), 15-24 years old, female (%)",measure
ictskilleprs_ag15t24_gpia,"Proportion of youth and adults that created electronic presentations with presentation software (including text, images, sound, video or charts), 15-24 years old, adjusted gender parity index (GPIA)",measure
ictskilleprs_ag15t24_m,"Proportion of youth and adults that created electronic presentations with presentation software (including text, images, sound, video or charts), 15-24 years old, male (%)",measure
ictskilleprs_ag25t74,"Proportion of youth and adults that created electronic presentations with presentation software (including text, images, sound, video or charts), 25-74 years old, both sexes (%)",measure
ictskilleprs_ag25t74_f,"Proportion of youth and adults that created electronic presentations with presentation software (including text, images, sound, video or charts), 25-74 years old, female (%)",measure
ictskilleprs_ag25t74_gpia,"Proportion of youth and adults that created electronic presentations with presentation software (including text, images, sound, video or charts), 25-74 years old, adjusted gender parity index (GPIA)",measure
ictskilleprs_ag25t74_m,"Proportion of youth and adults that created electronic presentations with presentation software (including text, images, sound, video or charts), 25-74 years old, male (%)",measure
ictskilleprs_ag75orover,"Proportion of youth and adults that created electronic presentations with presentation software (including text, images, sound, video or charts), 75 years old or over, both sexes (%)",measure
ictskilleprs_ag75orover_f,"Proportion of youth and adults that created electronic presentations with presentation software (including text, images, sound, video or charts), 75 years old or over, female (%)",measure
ictskilleprs_ag75orover_gpia,"Proportion of youth and adults that created electronic presentations with presentation software (including text, images, sound, video or charts), 75 years old or over, adjusted gender parity index (GPIA)",measure
ictskilleprs_ag75orover_m,"Proportion of youth and adults that created electronic presentations with presentation software (including text, images, sound, video or charts), 75 years old or over, male (%)",measure
ictskilleprs_agunder15y,"Proportion of youth and adults that created electronic presentations with presentation software (including text, images, sound, video or charts), under 15 years old, both sexes (%)",measure
ictskilleprs_agunder15y_f,"Proportion of youth and adults that created electronic presentations with presentation software (including text, images, sound, video or charts), under 15 years old, female (%)",measure
ictskilleprs_agunder15y_gpia,"Proportion of youth and adults that created electronic presentations with presentation software (including text, images, sound, video or charts), under 15 years old, adjusted gender parity index (GPIA)",measure
ictskilleprs_agunder15y_m,"Proportion of youth and adults that created electronic presentations with presentation software (including text, images, sound, video or charts), under 15 years old, male (%)",measure
ictskilleprs_f,"Proportion of youth and adults that created electronic presentations with presentation software (including text, images, sound, video or charts), female (%)",measure
ictskilleprs_f_lpia,"Proportion of youth and adults that created electronic presentations with presentation software (including text, images, sound, video or charts), female, adjusted location parity index (LPIA)",measure
ictskilleprs_gpia,"Proportion of youth and adults that created electronic presentations with presentation software (including text, images, sound, video or charts), adjusted gender parity index (GPIA)",measure
ictskilleprs_lpia,"Proportion of youth and adults that created electronic presentations with presentation software (including text, images, sound, video or charts), adjusted location parity index (LPIA)",measure
ictskilleprs_m,"Proportion of youth and adults that created electronic presentations with presentation software (including text, images, sound, video or charts), male (%)",measure
ictskilleprs_m_lpia,"Proportion of youth and adults that created electronic presentations with presentation software (including text, images, sound, video or charts), male, adjusted location parity index (LPIA)",measure
ictskilleprs_rur,"Proportion of youth and adults that created electronic presentations with presentation software (including text, images, sound, video or charts), rural, both sexes (%)",measure
ictskilleprs_rur_f,"Proportion of youth and adults that created electronic presentations with presentation software (including text, images, sound, video or charts), rural, female (%)",measure
ictskilleprs_rur_gpia,"Proportion of youth and adults that created electronic presentations with presentation software (including text, images, sound, video or charts), rural, adjusted gender parity index (GPIA)",measure
ictskilleprs_rur_m,"Proportion of youth and adults that created electronic presentations with presentation software (including text, images, sound, video or charts), rural, male (%)",measure
ictskilleprs_urb,"Proportion of youth and adults that created electronic presentations with presentation software (including text, images, sound, video or charts), urban, both sexes (%)",measure
ictskilleprs_urb_f,"Proportion of youth and adults that created electronic presentations with presentation software (including text, images, sound, video or charts), urban, female (%)",measure
ictskilleprs_urb_gpia,"Proportion of youth and adults that created electronic presentations with presentation software (including text, images, sound, video or charts), urban, adjusted gender parity index (GPIA)",measure
ictskilleprs_urb_m,"Proportion of youth and adults that created electronic presentations with presentation software (including text, images, sound, video or charts), urban, male (%)",measure
ictskillfgspur,"Proportion of youth and adults who have purchased or ordered goods or services, both sexes (%)",measure
ictskillfgspur_ag15t24,"Proportion of youth and adults who have purchased or ordered goods or services, 15-24 years old, both sexes (%)",measure
ictskillfgspur_ag15t24_f,"Proportion of youth and adults who have purchased or ordered goods or services, 15-24 years old, female (%)",measure
ictskillfgspur_ag15t24_gpia,"Proportion of youth and adults who have purchased or ordered goods or services, 15-24 years old, adjusted gender parity index (GPIA)",measure
ictskillfgspur_ag15t24_m,"Proportion of youth and adults who have purchased or ordered goods or services, 15-24 years old, male (%)",measure
ictskillfgspur_ag25t74,"Proportion of youth and adults who have purchased or ordered goods or services, 25-74 years old, both sexes (%)",measure
ictskillfgspur_ag25t74_f,"Proportion of youth and adults who have purchased or ordered goods or services, 25-74 years old, female (%)",measure
ictskillfgspur_ag25t74_gpia,"Proportion of youth and adults who have purchased or ordered goods or services, 25-74 years old, adjusted gender parity index (GPIA)",measure
ictskillfgspur_ag25t74_m,"Proportion of youth and adults who have purchased or ordered goods or services, 25-74 years old, male (%)",measure
ictskillfgspur_ag75orover,"Proportion of youth and adults who have purchased or ordered goods or services, 75 years old or over, both sexes (%)",measure
ictskillfgspur_ag75orover_f,"Proportion of youth and adults who have purchased or ordered goods or services, 75 years old or over, female (%)",measure
ictskillfgspur_ag75orover_gpia,"Proportion of youth and adults who have purchased or ordered goods or services, 75 years old or over, adjusted gender parity index (GPIA)",measure
ictskillfgspur_ag75orover_m,"Proportion of youth and adults who have purchased or ordered goods or services, 75 years old or over, male (%)",measure
ictskillfgspur_agunder15y,"Proportion of youth and adults who have purchased or ordered goods or services, under 15 years old, both sexes (%)",measure
ictskillfgspur_agunder15y_f,"Proportion of youth and adults who have purchased or ordered goods or services, under 15 years old, female (%)",measure
ictskillfgspur_agunder15y_gpia,"Proportion of youth and adults who have purchased or ordered goods or services, under 15 years old, adjusted gender parity index (GPIA)",measure
ictskillfgspur_agunder15y_m,"Proportion of youth and adults who have purchased or ordered goods or services, under 15 years old, male (%)",measure
ictskillfgspur_f,"Proportion of youth and adults who have purchased or ordered goods or services, female (%)",measure
ictskillfgspur_f_lpia,"Proportion of youth and adults who have purchased or ordered goods or services, female, adjusted location parity index (LPIA)",measure
ictskillfgspur_gpia,"Proportion of youth and adults who have purchased or ordered goods or services, adjusted gender parity index (GPIA)",measure
ictskillfgspur_lpia,"Proportion of youth and adults who have purchased or ordered goods or services, adjusted location parity index (LPIA)",measure
ictskillfgspur_m,"Proportion of youth and adults who have purchased or ordered goods or services, male (%)",measure
ictskillfgspur_m_lpia,"Proportion of youth and adults who have purchased or ordered goods or services, male, adjusted location parity index (LPIA)",measure
ictskillfgspur_rur,"Proportion of youth and adults who have purchased or ordered goods or services, rural, both sexes (%)",measure
ictskillfgspur_rur_f,"Proportion of youth and adults who have purchased or ordered goods or services, rural, female (%)",measure
ictskillfgspur_rur_gpia,"Proportion of youth and adults who have purchased or ordered goods or services, rural, adjusted gender parity index (GPIA)",measure
ictskillfgspur_rur_m,"Proportion of youth and adults who have purchased or ordered goods or services, rural, male (%)",measure
ictskillfgspur_urb,"Proportion of youth and adults who have purchased or ordered goods or services, urban, both sexes (%)",measure
ictskillfgspur_urb_f,"Proportion of youth and adults who have purchased or ordered goods or services, urban, female (%)",measure
ictskillfgspur_urb_gpia,"Proportion of youth and adults who have purchased or ordered goods or services, urban, adjusted gender parity index (GPIA)",measure
ictskillfgspur_urb_m,"Proportion of youth and adults who have purchased or ordered goods or services, urban, male (%)",measure
ictskillfonlcrs,"Proportion of youth and adults who have done online course (in any subject), both sexes (%)",measure
ictskillfonlcrs_ag15t24,"Proportion of youth and adults who have done online course (in any subject), 15-24 years old, both sexes (%)",measure
ictskillfonlcrs_ag15t24_f,"Proportion of youth and adults who have done online course (in any subject), 15-24 years old, female (%)",measure
ictskillfonlcrs_ag15t24_gpia,"Proportion of youth and adults who have done online course (in any subject), 15-24 years old, adjusted gender parity index (GPIA)",measure
ictskillfonlcrs_ag15t24_m,"Proportion of youth and adults who have done online course (in any subject), 15-24 years old, male (%)",measure
ictskillfonlcrs_ag25t74,"Proportion of youth and adults who have done online course (in any subject), 25-74 years old, both sexes (%)",measure
ictskillfonlcrs_ag25t74_f,"Proportion of youth and adults who have done online course (in any subject), 25-74 years old, female (%)",measure
ictskillfonlcrs_ag25t74_gpia,"Proportion of youth and adults who have done online course (in any subject), 25-74 years old, adjusted gender parity index (GPIA)",measure
ictskillfonlcrs_ag25t74_m,"Proportion of youth and adults who have done online course (in any subject), 25-74 years old, male (%)",measure
ictskillfonlcrs_ag75orover,"Proportion of youth and adults who have done online course (in any subject), 75 years old or over, both sexes (%)",measure
ictskillfonlcrs_ag75orover_f,"Proportion of youth and adults who have done online course (in any subject), 75 years old or over, female (%)",measure
ictskillfonlcrs_ag75orover_gpia,"Proportion of youth and adults who have done online course (in any subject), 75 years old or over, adjusted gender parity index (GPIA)",measure
ictskillfonlcrs_ag75orover_m,"Proportion of youth and adults who have done online course (in any subject), 75 years old or over, male (%)",measure
ictskillfonlcrs_agunder15y,"Proportion of youth and adults who have done online course (in any subject), under 15 years old, both sexes (%)",measure
ictskillfonlcrs_agunder15y_f,"Proportion of youth and adults who have done online course (in any subject), under 15 years old, female (%)",measure
ictskillfonlcrs_agunder15y_gpia,"Proportion of youth and adults who have done online course (in any subject), under 15 years old, adjusted gender parity index (GPIA)",measure
ictskillfonlcrs_agunder15y_m,"Proportion of youth and adults who have done online course (in any subject), under 15 years old, male (%)",measure
ictskillfonlcrs_f,"Proportion of youth and adults who have done online course (in any subject), female (%)",measure
ictskillfonlcrs_f_lpia,"Proportion of youth and adults who have done online course (in any subject), female, adjusted location parity index (LPIA)",measure
ictskillfonlcrs_gpia,"Proportion of youth and adults who have done online course (in any subject), adjusted gender parity index (GPIA)",measure
ictskillfonlcrs_lpia,"Proportion of youth and adults who have done online course (in any subject), adjusted location parity index (LPIA)",measure
ictskillfonlcrs_m,"Proportion of youth and adults who have done online course (in any subject), male (%)",measure
ictskillfonlcrs_m_lpia,"Proportion of youth and adults who have done online course (in any subject), male, adjusted location parity index (LPIA)",measure
ictskillfonlcrs_rur,"Proportion of youth and adults who have done online course (in any subject), rural, both sexes (%)",measure
ictskillfonlcrs_rur_f,"Proportion of youth and adults who have done online course (in any subject), rural, female (%)",measure
ictskillfonlcrs_rur_gpia,"Proportion of youth and adults who have done online course (in any subject), rural, adjusted gender parity index (GPIA)",measure
ictskillfonlcrs_rur_m,"Proportion of youth and adults who have done online course (in any subject), rural, male (%)",measure
ictskillfonlcrs_urb,"Proportion of youth and adults who have done online course (in any subject), urban, both sexes (%)",measure
ictskillfonlcrs_urb_f,"Proportion of youth and adults who have done online course (in any subject), urban, female (%)",measure
ictskillfonlcrs_urb_gpia,"Proportion of youth and adults who have done online course (in any subject), urban, adjusted gender parity index (GPIA)",measure
ictskillfonlcrs_urb_m,"Proportion of youth and adults who have done online course (in any subject), urban, male (%)",measure
ictskillgsinf,"Proportion of youth and adults that got information about goods or services, both sexes (%)",measure
ictskillgsinf_ag15t24,"Proportion of youth and adults that got information about goods or services, 15-24 years old, both sexes (%)",measure
ictskillgsinf_ag15t24_f,"Proportion of youth and adults that got information about goods or services, 15-24 years old, female (%)",measure
ictskillgsinf_ag15t24_gpia,"Proportion of youth and adults that got information about goods or services, 15-24 years old, adjusted gender parity index (GPIA)",measure
ictskillgsinf_ag15t24_m,"Proportion of youth and adults that got information about goods or services, 15-24 years old, male (%)",measure
ictskillgsinf_ag25t74,"Proportion of youth and adults that got information about goods or services, 25-74 years old, both sexes (%)",measure
ictskillgsinf_ag25t74_f,"Proportion of youth and adults that got information about goods or services, 25-74 years old, female (%)",measure
ictskillgsinf_ag25t74_gpia,"Proportion of youth and adults that got information about goods or services, 25-74 years old, adjusted gender parity index (GPIA)",measure
ictskillgsinf_ag25t74_m,"Proportion of youth and adults that got information about goods or services, 25-74 years old, male (%)",measure
ictskillgsinf_ag75orover,"Proportion of youth and adults that got information about goods or services, 75 years old or over, both sexes (%)",measure
ictskillgsinf_ag75orover_f,"Proportion of youth and adults that got information about goods or services, 75 years old or over, female (%)",measure
ictskillgsinf_ag75orover_gpia,"Proportion of youth and adults that got information about goods or services, 75 years old or over, adjusted gender parity index (GPIA)",measure
ictskillgsinf_ag75orover_m,"Proportion of youth and adults that got information about goods or services, 75 years old or over, male (%)",measure
ictskillgsinf_agunder15y,"Proportion of youth and adults that got information about goods or services, under 15 years old, both sexes (%)",measure
ictskillgsinf_agunder15y_f,"Proportion of youth and adults that got information about goods or services, under 15 years old, female (%)",measure
ictskillgsinf_agunder15y_gpia,"Proportion of youth and adults that got information about goods or services, under 15 years old, adjusted gender parity index (GPIA)",measure
ictskillgsinf_agunder15y_m,"Proportion of youth and adults that got information about goods or services, under 15 years old, male (%)",measure
ictskillgsinf_f,"Proportion of youth and adults that got information about goods or services, female (%)",measure
ictskillgsinf_f_lpia,"Proportion of youth and adults that got information about goods or services, female, adjusted location parity index (LPIA)",measure
ictskillgsinf_gpia,"Proportion of youth and adults that got information about goods or services, adjusted gender parity index (GPIA)",measure
ictskillgsinf_lpia,"Proportion of youth and adults that got information about goods or services, adjusted location parity index (LPIA)",measure
ictskillgsinf_m,"Proportion of youth and adults that got information about goods or services, male (%)",measure
ictskillgsinf_m_lpia,"Proportion of youth and adults that got information about goods or services, male, adjusted location parity index (LPIA)",measure
ictskillgsinf_rur,"Proportion of youth and adults that got information about goods or services, rural, both sexes (%)",measure
ictskillgsinf_rur_f,"Proportion of youth and adults that got information about goods or services, rural, female (%)",measure
ictskillgsinf_rur_gpia,"Proportion of youth and adults that got information about goods or services, rural, adjusted gender parity index (GPIA)",measure
ictskillgsinf_rur_m,"Proportion of youth and adults that got information about goods or services, rural, male (%)",measure
ictskillgsinf_urb,"Proportion of youth and adults that got information about goods or services, urban, both sexes (%)",measure
ictskillgsinf_urb_f,"Proportion of youth and adults that got information about goods or services, urban, female (%)",measure
ictskillgsinf_urb_gpia,"Proportion of youth and adults that got information about goods or services, urban, adjusted gender parity index (GPIA)",measure
ictskillgsinf_urb_m,"Proportion of youth and adults that got information about goods or services, urban, male (%)",measure
ictskillhlthinf,"Proportion of youth and adults that sought health related information (on injury, disease, nutrition, etc.), both sexes (%)",measure
ictskillhlthinf_ag15t24,"Proportion of youth and adults that sought health related information (on injury, disease, nutrition, etc.), 15-24 years old, both sexes (%)",measure
ictskillhlthinf_ag15t24_f,"Proportion of youth and adults that sought health related information (on injury, disease, nutrition, etc.), 15-24 years old, female (%)",measure
ictskillhlthinf_ag15t24_gpia,"Proportion of youth and adults that sought health related information (on injury, disease, nutrition, etc.), 15-24 years old, adjusted gender parity index (GPIA)",measure
ictskillhlthinf_ag15t24_m,"Proportion of youth and adults that sought health related information (on injury, disease, nutrition, etc.), 15-24 years old, male (%)",measure
ictskillhlthinf_ag25t74,"Proportion of youth and adults that sought health related information (on injury, disease, nutrition, etc.), 25-74 years old, both sexes (%)",measure
ictskillhlthinf_ag25t74_f,"Proportion of youth and adults that sought health related information (on injury, disease, nutrition, etc.), 25-74 years old, female (%)",measure
ictskillhlthinf_ag25t74_gpia,"Proportion of youth and adults that sought health related information (on injury, disease, nutrition, etc.), 25-74 years old, adjusted gender parity index (GPIA)",measure
ictskillhlthinf_ag25t74_m,"Proportion of youth and adults that sought health related information (on injury, disease, nutrition, etc.), 25-74 years old, male (%)",measure
ictskillhlthinf_ag75orover,"Proportion of youth and adults that sought health related information (on injury, disease, nutrition, etc.), 75 years old or over, both sexes (%)",measure
ictskillhlthinf_ag75orover_f,"Proportion of youth and adults that sought health related information (on injury, disease, nutrition, etc.), 75 years old or over, female (%)",measure
ictskillhlthinf_ag75orover_gpia,"Proportion of youth and adults that sought health related information (on injury, disease, nutrition, etc.), 75 years old or over, adjusted gender parity index (GPIA)",measure
ictskillhlthinf_ag75orover_m,"Proportion of youth and adults that sought health related information (on injury, disease, nutrition, etc.), 75 years old or over, male (%)",measure
ictskillhlthinf_agunder15y,"Proportion of youth and adults that sought health related information (on injury, disease, nutrition, etc.), under 15 years old, both sexes (%)",measure
ictskillhlthinf_agunder15y_f,"Proportion of youth and adults that sought health related information (on injury, disease, nutrition, etc.), under 15 years old, female (%)",measure
ictskillhlthinf_agunder15y_gpia,"Proportion of youth and adults that sought health related information (on injury, disease, nutrition, etc.), under 15 years old, adjusted gender parity index (GPIA)",measure
ictskillhlthinf_agunder15y_m,"Proportion of youth and adults that sought health related information (on injury, disease, nutrition, etc.), under 15 years old, male (%)",measure
ictskillhlthinf_f,"Proportion of youth and adults that sought health related information (on injury, disease, nutrition, etc.), female (%)",measure
ictskillhlthinf_f_lpia,"Proportion of youth and adults that sought health related information (on injury, disease, nutrition, etc.), female, adjusted location parity index (LPIA)",measure
ictskillhlthinf_gpia,"Proportion of youth and adults that sought health related information (on injury, disease, nutrition, etc.), adjusted gender parity index (GPIA)",measure
ictskillhlthinf_lpia,"Proportion of youth and adults that sought health related information (on injury, disease, nutrition, etc.), adjusted location parity index (LPIA)",measure
ictskillhlthinf_m,"Proportion of youth and adults that sought health related information (on injury, disease, nutrition, etc.), male (%)",measure
ictskillhlthinf_m_lpia,"Proportion of youth and adults that sought health related information (on injury, disease, nutrition, etc.), male, adjusted location parity index (LPIA)",measure
ictskillhlthinf_rur,"Proportion of youth and adults that sought health related information (on injury, disease, nutrition, etc.), rural, both sexes (%)",measure
ictskillhlthinf_rur_f,"Proportion of youth and adults that sought health related information (on injury, disease, nutrition, etc.), rural, female (%)",measure
ictskillhlthinf_rur_gpia,"Proportion of youth and adults that sought health related information (on injury, disease, nutrition, etc.), rural, adjusted gender parity index (GPIA)",measure
ictskillhlthinf_rur_m,"Proportion of youth and adults that sought health related information (on injury, disease, nutrition, etc.), rural, male (%)",measure
ictskillhlthinf_urb,"Proportion of youth and adults that sought health related information (on injury, disease, nutrition, etc.), urban, both sexes (%)",measure
ictskillhlthinf_urb_f,"Proportion of youth and adults that sought health related information (on injury, disease, nutrition, etc.), urban, female (%)",measure
ictskillhlthinf_urb_gpia,"Proportion of youth and adults that sought health related information (on injury, disease, nutrition, etc.), urban, adjusted gender parity index (GPIA)",measure
ictskillhlthinf_urb_m,"Proportion of youth and adults that sought health related information (on injury, disease, nutrition, etc.), urban, male (%)",measure
ictskillinfoabas,"Proportion of youth and adults who have above basic information and data literacy skills, both sexes (%)",measure
ictskillinfoabas_ag15t24,"Proportion of youth and adults who have above basic information and data literacy skills, 15-24 years old, both sexes (%)",measure
ictskillinfoabas_ag15t24_f,"Proportion of youth and adults who have above basic information and data literacy skills, 15-24 years old, female (%)",measure
ictskillinfoabas_ag15t24_gpia,"Proportion of youth and adults who have above basic information and data literacy skills, 15-24 years old, adjusted gender parity index (GPIA)",measure
ictskillinfoabas_ag15t24_m,"Proportion of youth and adults who have above basic information and data literacy skills, 15-24 years old, male (%)",measure
ictskillinfoabas_ag25t74,"Proportion of youth and adults who have above basic information and data literacy skills, 25-74 years old, both sexes (%)",measure
ictskillinfoabas_ag25t74_f,"Proportion of youth and adults who have above basic information and data literacy skills, 25-74 years old, female (%)",measure
ictskillinfoabas_ag25t74_gpia,"Proportion of youth and adults who have above basic information and data literacy skills, 25-74 years old, adjusted gender parity index (GPIA)",measure
ictskillinfoabas_ag25t74_m,"Proportion of youth and adults who have above basic information and data literacy skills, 25-74 years old, male (%)",measure
ictskillinfoabas_ag75orover,"Proportion of youth and adults who have above basic information and data literacy skills, 75 years old or over, both sexes (%)",measure
ictskillinfoabas_ag75orover_f,"Proportion of youth and adults who have above basic information and data literacy skills, 75 years old or over, female (%)",measure
ictskillinfoabas_ag75orover_gpia,"Proportion of youth and adults who have above basic information and data literacy skills, 75 years old or over, adjusted gender parity index (GPIA)",measure
ictskillinfoabas_ag75orover_m,"Proportion of youth and adults who have above basic information and data literacy skills, 75 years old or over, male (%)",measure
ictskillinfoabas_agunder15y,"Proportion of youth and adults who have above basic information and data literacy skills, under 15 years old, both sexes (%)",measure
ictskillinfoabas_agunder15y_f,"Proportion of youth and adults who have above basic information and data literacy skills, under 15 years old, female (%)",measure
ictskillinfoabas_agunder15y_gpia,"Proportion of youth and adults who have above basic information and data literacy skills, under 15 years old, adjusted gender parity index (GPIA)",measure
ictskillinfoabas_agunder15y_m,"Proportion of youth and adults who have above basic information and data literacy skills, under 15 years old, male (%)",measure
ictskillinfoabas_f,"Proportion of youth and adults who have above basic information and data literacy skills, female (%)",measure
ictskillinfoabas_f_lpia,"Proportion of youth and adults who have above basic information and data literacy skills, female, adjusted location parity index (LPIA)",measure
ictskillinfoabas_gpia,"Proportion of youth and adults who have above basic information and data literacy skills, adjusted gender parity index (GPIA)",measure
ictskillinfoabas_lpia,"Proportion of youth and adults who have above basic information and data literacy skills, adjusted location parity index (LPIA)",measure
ictskillinfoabas_m,"Proportion of youth and adults who have above basic information and data literacy skills, male (%)",measure
ictskillinfoabas_m_lpia,"Proportion of youth and adults who have above basic information and data literacy skills, male, adjusted location parity index (LPIA)",measure
ictskillinfoabas_rur,"Proportion of youth and adults who have above basic information and data literacy skills, rural, both sexes (%)",measure
ictskillinfoabas_rur_f,"Proportion of youth and adults who have above basic information and data literacy skills, rural, female (%)",measure
ictskillinfoabas_rur_gpia,"Proportion of youth and adults who have above basic information and data literacy skills, rural, adjusted gender parity index (GPIA)",measure
ictskillinfoabas_rur_m,"Proportion of youth and adults who have above basic information and data literacy skills, rural, male (%)",measure
ictskillinfoabas_urb,"Proportion of youth and adults who have above basic information and data literacy skills, urban, both sexes (%)",measure
ictskillinfoabas_urb_f,"Proportion of youth and adults who have above basic information and data literacy skills, urban, female (%)",measure
ictskillinfoabas_urb_gpia,"Proportion of youth and adults who have above basic information and data literacy skills, urban, adjusted gender parity index (GPIA)",measure
ictskillinfoabas_urb_m,"Proportion of youth and adults who have above basic information and data literacy skills, urban, male (%)",measure
ictskillinfobas,"Proportion of youth and adults who have basic information and data literacy skills, both sexes (%)",measure
ictskillinfobas_ag15t24,"Proportion of youth and adults who have basic information and data literacy skills, 15-24 years old, both sexes (%)",measure
ictskillinfobas_ag15t24_f,"Proportion of youth and adults who have basic information and data literacy skills, 15-24 years old, female (%)",measure
ictskillinfobas_ag15t24_gpia,"Proportion of youth and adults who have basic information and data literacy skills, 15-24 years old, adjusted gender parity index (GPIA)",measure
ictskillinfobas_ag15t24_m,"Proportion of youth and adults who have basic information and data literacy skills, 15-24 years old, male (%)",measure
ictskillinfobas_ag25t74,"Proportion of youth and adults who have basic information and data literacy skills, 25-74 years old, both sexes (%)",measure
ictskillinfobas_ag25t74_f,"Proportion of youth and adults who have basic information and data literacy skills, 25-74 years old, female (%)",measure
ictskillinfobas_ag25t74_gpia,"Proportion of youth and adults who have basic information and data literacy skills, 25-74 years old, adjusted gender parity index (GPIA)",measure
ictskillinfobas_ag25t74_m,"Proportion of youth and adults who have basic information and data literacy skills, 25-74 years old, male (%)",measure
ictskillinfobas_ag75orover,"Proportion of youth and adults who have basic information and data literacy skills, 75 years old or over, both sexes (%)",measure
ictskillinfobas_ag75orover_f,"Proportion of youth and adults who have basic information and data literacy skills, 75 years old or over, female (%)",measure
ictskillinfobas_ag75orover_gpia,"Proportion of youth and adults who have basic information and data literacy skills, 75 years old or over, adjusted gender parity index (GPIA)",measure
ictskillinfobas_ag75orover_m,"Proportion of youth and adults who have basic information and data literacy skills, 75 years old or over, male (%)",measure
ictskillinfobas_agunder15y,"Proportion of youth and adults who have basic information and data literacy skills, under 15 years old, both sexes (%)",measure
ictskillinfobas_agunder15y_f,"Proportion of youth and adults who have basic information and data literacy skills, under 15 years old, female (%)",measure
ictskillinfobas_agunder15y_gpia,"Proportion of youth and adults who have basic information and data literacy skills, under 15 years old, adjusted gender parity index (GPIA)",measure
ictskillinfobas_agunder15y_m,"Proportion of youth and adults who have basic information and data literacy skills, under 15 years old, male (%)",measure
ictskillinfobas_f,"Proportion of youth and adults who have basic information and data literacy skills, female (%)",measure
ictskillinfobas_f_lpia,"Proportion of youth and adults who have basic information and data literacy skills, female, adjusted location parity index (LPIA)",measure
ictskillinfobas_gpia,"Proportion of youth and adults who have basic information and data literacy skills, adjusted gender parity index (GPIA)",measure
ictskillinfobas_lpia,"Proportion of youth and adults who have basic information and data literacy skills, adjusted location parity index (LPIA)",measure
ictskillinfobas_m,"Proportion of youth and adults who have basic information and data literacy skills, male (%)",measure
ictskillinfobas_m_lpia,"Proportion of youth and adults who have basic information and data literacy skills, male, adjusted location parity index (LPIA)",measure
ictskillinfobas_rur,"Proportion of youth and adults who have basic information and data literacy skills, rural, both sexes (%)",measure
ictskillinfobas_rur_f,"Proportion of youth and adults who have basic information and data literacy skills, rural, female (%)",measure
ictskillinfobas_rur_gpia,"Proportion of youth and adults who have basic information and data literacy skills, rural, adjusted gender parity index (GPIA)",measure
ictskillinfobas_rur_m,"Proportion of youth and adults who have basic information and data literacy skills, rural, male (%)",measure
ictskillinfobas_urb,"Proportion of youth and adults who have basic information and data literacy skills, urban, both sexes (%)",measure
ictskillinfobas_urb_f,"Proportion of youth and adults who have basic information and data literacy skills, urban, female (%)",measure
ictskillinfobas_urb_gpia,"Proportion of youth and adults who have basic information and data literacy skills, urban, adjusted gender parity index (GPIA)",measure
ictskillinfobas_urb_m,"Proportion of youth and adults who have basic information and data literacy skills, urban, male (%)",measure
ictskillinst,"Proportion of youth and adults that connected and installed new devices (e.g. a modem, camera, printer) through wired or wireless technologies, both sexes (%)",measure
ictskillinst_ag15t24,"Proportion of youth and adults that connected and installed new devices (e.g. a modem, camera, printer) through wired or wireless technologies, 15-24 years old, both sexes (%)",measure
ictskillinst_ag15t24_f,"Proportion of youth and adults that connected and installed new devices (e.g. a modem, camera, printer) through wired or wireless technologies, 15-24 years old, female (%)",measure
ictskillinst_ag15t24_gpia,"Proportion of youth and adults that connected and installed new devices (e.g. a modem, camera, printer) through wired or wireless technologies, 15-24 years old, adjusted gender parity index (GPIA)",measure
ictskillinst_ag15t24_m,"Proportion of youth and adults that connected and installed new devices (e.g. a modem, camera, printer) through wired or wireless technologies, 15-24 years old, male (%)",measure
ictskillinst_ag25t74,"Proportion of youth and adults that connected and installed new devices (e.g. a modem, camera, printer) through wired or wireless technologies, 25-74 years old, both sexes (%)",measure
ictskillinst_ag25t74_f,"Proportion of youth and adults that connected and installed new devices (e.g. a modem, camera, printer) through wired or wireless technologies, 25-74 years old, female (%)",measure
ictskillinst_ag25t74_gpia,"Proportion of youth and adults that connected and installed new devices (e.g. a modem, camera, printer) through wired or wireless technologies, 25-74 years old, adjusted gender parity index (GPIA)",measure
ictskillinst_ag25t74_m,"Proportion of youth and adults that connected and installed new devices (e.g. a modem, camera, printer) through wired or wireless technologies, 25-74 years old, male (%)",measure
ictskillinst_ag75orover,"Proportion of youth and adults that connected and installed new devices (e.g. a modem, camera, printer) through wired or wireless technologies, 75 years old or over, both sexes (%)",measure
ictskillinst_ag75orover_f,"Proportion of youth and adults that connected and installed new devices (e.g. a modem, camera, printer) through wired or wireless technologies, 75 years old or over, female (%)",measure
ictskillinst_ag75orover_gpia,"Proportion of youth and adults that connected and installed new devices (e.g. a modem, camera, printer) through wired or wireless technologies, 75 years old or over, adjusted gender parity index (GPIA)",measure
ictskillinst_ag75orover_m,"Proportion of youth and adults that connected and installed new devices (e.g. a modem, camera, printer) through wired or wireless technologies, 75 years old or over, male (%)",measure
ictskillinst_agunder15y,"Proportion of youth and adults that connected and installed new devices (e.g. a modem, camera, printer) through wired or wireless technologies, under 15 years old, both sexes (%)",measure
ictskillinst_agunder15y_f,"Proportion of youth and adults that connected and installed new devices (e.g. a modem, camera, printer) through wired or wireless technologies, under 15 years old, female (%)",measure
ictskillinst_agunder15y_gpia,"Proportion of youth and adults that connected and installed new devices (e.g. a modem, camera, printer) through wired or wireless technologies, under 15 years old, adjusted gender parity index (GPIA)",measure
ictskillinst_agunder15y_m,"Proportion of youth and adults that connected and installed new devices (e.g. a modem, camera, printer) through wired or wireless technologies, under 15 years old, male (%)",measure
ictskillinst_f,"Proportion of youth and adults that connected and installed new devices (e.g. a modem, camera, printer) through wired or wireless technologies, female (%)",measure
ictskillinst_f_lpia,"Proportion of youth and adults that connected and installed new devices (e.g. a modem, camera, printer) through wired or wireless technologies, female, adjusted location parity index (LPIA)",measure
ictskillinst_gpia,"Proportion of youth and adults that connected and installed new devices (e.g. a modem, camera, printer) through wired or wireless technologies, adjusted gender parity index (GPIA)",measure
ictskillinst_lpia,"Proportion of youth and adults that connected and installed new devices (e.g. a modem, camera, printer) through wired or wireless technologies, adjusted location parity index (LPIA)",measure
ictskillinst_m,"Proportion of youth and adults that connected and installed new devices (e.g. a modem, camera, printer) through wired or wireless technologies, male (%)",measure
ictskillinst_m_lpia,"Proportion of youth and adults that connected and installed new devices (e.g. a modem, camera, printer) through wired or wireless technologies, male, adjusted location parity index (LPIA)",measure
ictskillinst_rur,"Proportion of youth and adults that connected and installed new devices (e.g. a modem, camera, printer) through wired or wireless technologies, rural, both sexes (%)",measure
ictskillinst_rur_f,"Proportion of youth and adults that connected and installed new devices (e.g. a modem, camera, printer) through wired or wireless technologies, rural, female (%)",measure
ictskillinst_rur_gpia,"Proportion of youth and adults that connected and installed new devices (e.g. a modem, camera, printer) through wired or wireless technologies, rural, adjusted gender parity index (GPIA)",measure
ictskillinst_rur_m,"Proportion of youth and adults that connected and installed new devices (e.g. a modem, camera, printer) through wired or wireless technologies, rural, male (%)",measure
ictskillinst_urb,"Proportion of youth and adults that connected and installed new devices (e.g. a modem, camera, printer) through wired or wireless technologies, urban, both sexes (%)",measure
ictskillinst_urb_f,"Proportion of youth and adults that connected and installed new devices (e.g. a modem, camera, printer) through wired or wireless technologies, urban, female (%)",measure
ictskillinst_urb_gpia,"Proportion of youth and adults that connected and installed new devices (e.g. a modem, camera, printer) through wired or wireless technologies, urban, adjusted gender parity index (GPIA)",measure
ictskillinst_urb_m,"Proportion of youth and adults that connected and installed new devices (e.g. a modem, camera, printer) through wired or wireless technologies, urban, male (%)",measure
ictskillintbnk,"Proportion of youth and adults that did Internet banking, both sexes (%)",measure
ictskillintbnk_ag15t24,"Proportion of youth and adults that did Internet banking, 15-24 years old, both sexes (%)",measure
ictskillintbnk_ag15t24_f,"Proportion of youth and adults that did Internet banking, 15-24 years old, female (%)",measure
ictskillintbnk_ag15t24_gpia,"Proportion of youth and adults that did Internet banking, 15-24 years old, adjusted gender parity index (GPIA)",measure
ictskillintbnk_ag15t24_m,"Proportion of youth and adults that did Internet banking, 15-24 years old, male (%)",measure
ictskillintbnk_ag25t74,"Proportion of youth and adults that did Internet banking, 25-74 years old, both sexes (%)",measure
ictskillintbnk_ag25t74_f,"Proportion of youth and adults that did Internet banking, 25-74 years old, female (%)",measure
ictskillintbnk_ag25t74_gpia,"Proportion of youth and adults that did Internet banking, 25-74 years old, adjusted gender parity index (GPIA)",measure
ictskillintbnk_ag25t74_m,"Proportion of youth and adults that did Internet banking, 25-74 years old, male (%)",measure
ictskillintbnk_ag75orover,"Proportion of youth and adults that did Internet banking, 75 years old or over, both sexes (%)",measure
ictskillintbnk_ag75orover_f,"Proportion of youth and adults that did Internet banking, 75 years old or over, female (%)",measure
ictskillintbnk_ag75orover_gpia,"Proportion of youth and adults that did Internet banking, 75 years old or over, adjusted gender parity index (GPIA)",measure
ictskillintbnk_ag75orover_m,"Proportion of youth and adults that did Internet banking, 75 years old or over, male (%)",measure
ictskillintbnk_agunder15y,"Proportion of youth and adults that did Internet banking, under 15 years old, both sexes (%)",measure
ictskillintbnk_agunder15y_f,"Proportion of youth and adults that did Internet banking, under 15 years old, female (%)",measure
ictskillintbnk_agunder15y_gpia,"Proportion of youth and adults that did Internet banking, under 15 years old, adjusted gender parity index (GPIA)",measure
ictskillintbnk_agunder15y_m,"Proportion of youth and adults that did Internet banking, under 15 years old, male (%)",measure
ictskillintbnk_f,"Proportion of youth and adults that did Internet banking, female (%)",measure
ictskillintbnk_f_lpia,"Proportion of youth and adults that did Internet banking, female, adjusted location parity index (LPIA)",measure
ictskillintbnk_gpia,"Proportion of youth and adults that did Internet banking, adjusted gender parity index (GPIA)",measure
ictskillintbnk_lpia,"Proportion of youth and adults that did Internet banking, adjusted location parity index (LPIA)",measure
ictskillintbnk_m,"Proportion of youth and adults that did Internet banking, male (%)",measure
ictskillintbnk_m_lpia,"Proportion of youth and adults that did Internet banking, male, adjusted location parity index (LPIA)",measure
ictskillintbnk_rur,"Proportion of youth and adults that did Internet banking, rural, both sexes (%)",measure
ictskillintbnk_rur_f,"Proportion of youth and adults that did Internet banking, rural, female (%)",measure
ictskillintbnk_rur_gpia,"Proportion of youth and adults that did Internet banking, rural, adjusted gender parity index (GPIA)",measure
ictskillintbnk_rur_m,"Proportion of youth and adults that did Internet banking, rural, male (%)",measure
ictskillintbnk_urb,"Proportion of youth and adults that did Internet banking, urban, both sexes (%)",measure
ictskillintbnk_urb_f,"Proportion of youth and adults that did Internet banking, urban, female (%)",measure
ictskillintbnk_urb_gpia,"Proportion of youth and adults that did Internet banking, urban, adjusted gender parity index (GPIA)",measure
ictskillintbnk_urb_m,"Proportion of youth and adults that did Internet banking, urban, male (%)",measure
ictskillonlcns,"Proportion of youth and adults that took part in consultation or voting via Internet to define civic or political issues, both sexes (%)",measure
ictskillonlcns_ag15t24,"Proportion of youth and adults that took part in consultation or voting via Internet to define civic or political issues, 15-24 years old, both sexes (%)",measure
ictskillonlcns_ag15t24_f,"Proportion of youth and adults that took part in consultation or voting via Internet to define civic or political issues, 15-24 years old, female (%)",measure
ictskillonlcns_ag15t24_gpia,"Proportion of youth and adults that took part in consultation or voting via Internet to define civic or political issues, 15-24 years old, adjusted gender parity index (GPIA)",measure
ictskillonlcns_ag15t24_m,"Proportion of youth and adults that took part in consultation or voting via Internet to define civic or political issues, 15-24 years old, male (%)",measure
ictskillonlcns_ag25t74,"Proportion of youth and adults that took part in consultation or voting via Internet to define civic or political issues, 25-74 years old, both sexes (%)",measure
ictskillonlcns_ag25t74_f,"Proportion of youth and adults that took part in consultation or voting via Internet to define civic or political issues, 25-74 years old, female (%)",measure
ictskillonlcns_ag25t74_gpia,"Proportion of youth and adults that took part in consultation or voting via Internet to define civic or political issues, 25-74 years old, adjusted gender parity index (GPIA)",measure
ictskillonlcns_ag25t74_m,"Proportion of youth and adults that took part in consultation or voting via Internet to define civic or political issues, 25-74 years old, male (%)",measure
ictskillonlcns_ag75orover,"Proportion of youth and adults that took part in consultation or voting via Internet to define civic or political issues, 75 years old or over, both sexes (%)",measure
ictskillonlcns_ag75orover_f,"Proportion of youth and adults that took part in consultation or voting via Internet to define civic or political issues, 75 years old or over, female (%)",measure
ictskillonlcns_ag75orover_gpia,"Proportion of youth and adults that took part in consultation or voting via Internet to define civic or political issues, 75 years old or over, adjusted gender parity index (GPIA)",measure
ictskillonlcns_ag75orover_m,"Proportion of youth and adults that took part in consultation or voting via Internet to define civic or political issues, 75 years old or over, male (%)",measure
ictskillonlcns_agunder15y,"Proportion of youth and adults that took part in consultation or voting via Internet to define civic or political issues, under 15 years old, both sexes (%)",measure
ictskillonlcns_agunder15y_f,"Proportion of youth and adults that took part in consultation or voting via Internet to define civic or political issues, under 15 years old, female (%)",measure
ictskillonlcns_agunder15y_gpia,"Proportion of youth and adults that took part in consultation or voting via Internet to define civic or political issues, under 15 years old, adjusted gender parity index (GPIA)",measure
ictskillonlcns_agunder15y_m,"Proportion of youth and adults that took part in consultation or voting via Internet to define civic or political issues, under 15 years old, male (%)",measure
ictskillonlcns_f,"Proportion of youth and adults that took part in consultation or voting via Internet to define civic or political issues, female (%)",measure
ictskillonlcns_f_lpia,"Proportion of youth and adults that took part in consultation or voting via Internet to define civic or political issues, female, adjusted location parity index (LPIA)",measure
ictskillonlcns_gpia,"Proportion of youth and adults that took part in consultation or voting via Internet to define civic or political issues, adjusted gender parity index (GPIA)",measure
ictskillonlcns_lpia,"Proportion of youth and adults that took part in consultation or voting via Internet to define civic or political issues, adjusted location parity index (LPIA)",measure
ictskillonlcns_m,"Proportion of youth and adults that took part in consultation or voting via Internet to define civic or political issues, male (%)",measure
ictskillonlcns_m_lpia,"Proportion of youth and adults that took part in consultation or voting via Internet to define civic or political issues, male, adjusted location parity index (LPIA)",measure
ictskillonlcns_rur,"Proportion of youth and adults that took part in consultation or voting via Internet to define civic or political issues, rural, both sexes (%)",measure
ictskillonlcns_rur_f,"Proportion of youth and adults that took part in consultation or voting via Internet to define civic or political issues, rural, female (%)",measure
ictskillonlcns_rur_gpia,"Proportion of youth and adults that took part in consultation or voting via Internet to define civic or political issues, rural, adjusted gender parity index (GPIA)",measure
ictskillonlcns_rur_m,"Proportion of youth and adults that took part in consultation or voting via Internet to define civic or political issues, rural, male (%)",measure
ictskillonlcns_urb,"Proportion of youth and adults that took part in consultation or voting via Internet to define civic or political issues, urban, both sexes (%)",measure
ictskillonlcns_urb_f,"Proportion of youth and adults that took part in consultation or voting via Internet to define civic or political issues, urban, female (%)",measure
ictskillonlcns_urb_gpia,"Proportion of youth and adults that took part in consultation or voting via Internet to define civic or political issues, urban, adjusted gender parity index (GPIA)",measure
ictskillonlcns_urb_m,"Proportion of youth and adults that took part in consultation or voting via Internet to define civic or political issues, urban, male (%)",measure
ictskillonlsft,"Proportion of youth and adults that used software run over the Internet for editing text documents, spreadsheets or presentations, both sexes (%)",measure
ictskillonlsft_ag15t24,"Proportion of youth and adults that used software run over the Internet for editing text documents, spreadsheets or presentations, 15-24 years old, both sexes (%)",measure
ictskillonlsft_ag15t24_f,"Proportion of youth and adults that used software run over the Internet for editing text documents, spreadsheets or presentations, 15-24 years old, female (%)",measure
ictskillonlsft_ag15t24_gpia,"Proportion of youth and adults that used software run over the Internet for editing text documents, spreadsheets or presentations, 15-24 years old, adjusted gender parity index (GPIA)",measure
ictskillonlsft_ag15t24_m,"Proportion of youth and adults that used software run over the Internet for editing text documents, spreadsheets or presentations, 15-24 years old, male (%)",measure
ictskillonlsft_ag25t74,"Proportion of youth and adults that used software run over the Internet for editing text documents, spreadsheets or presentations, 25-74 years old, both sexes (%)",measure
ictskillonlsft_ag25t74_f,"Proportion of youth and adults that used software run over the Internet for editing text documents, spreadsheets or presentations, 25-74 years old, female (%)",measure
ictskillonlsft_ag25t74_gpia,"Proportion of youth and adults that used software run over the Internet for editing text documents, spreadsheets or presentations, 25-74 years old, adjusted gender parity index (GPIA)",measure
ictskillonlsft_ag25t74_m,"Proportion of youth and adults that used software run over the Internet for editing text documents, spreadsheets or presentations, 25-74 years old, male (%)",measure
ictskillonlsft_ag75orover,"Proportion of youth and adults that used software run over the Internet for editing text documents, spreadsheets or presentations, 75 years old or over, both sexes (%)",measure
ictskillonlsft_ag75orover_f,"Proportion of youth and adults that used software run over the Internet for editing text documents, spreadsheets or presentations, 75 years old or over, female (%)",measure
ictskillonlsft_ag75orover_gpia,"Proportion of youth and adults that used software run over the Internet for editing text documents, spreadsheets or presentations, 75 years old or over, adjusted gender parity index (GPIA)",measure
ictskillonlsft_ag75orover_m,"Proportion of youth and adults that used software run over the Internet for editing text documents, spreadsheets or presentations, 75 years old or over, male (%)",measure
ictskillonlsft_agunder15y,"Proportion of youth and adults that used software run over the Internet for editing text documents, spreadsheets or presentations, under 15 years old, both sexes (%)",measure
ictskillonlsft_agunder15y_f,"Proportion of youth and adults that used software run over the Internet for editing text documents, spreadsheets or presentations, under 15 years old, female (%)",measure
ictskillonlsft_agunder15y_gpia,"Proportion of youth and adults that used software run over the Internet for editing text documents, spreadsheets or presentations, under 15 years old, adjusted gender parity index (GPIA)",measure
ictskillonlsft_agunder15y_m,"Proportion of youth and adults that used software run over the Internet for editing text documents, spreadsheets or presentations, under 15 years old, male (%)",measure
ictskillonlsft_f,"Proportion of youth and adults that used software run over the Internet for editing text documents, spreadsheets or presentations, female (%)",measure
ictskillonlsft_f_lpia,"Proportion of youth and adults that used software run over the Internet for editing text documents, spreadsheets or presentations, female, adjusted location parity index (LPIA)",measure
ictskillonlsft_gpia,"Proportion of youth and adults that used software run over the Internet for editing text documents, spreadsheets or presentations, adjusted gender parity index (GPIA)",measure
ictskillonlsft_lpia,"Proportion of youth and adults that used software run over the Internet for editing text documents, spreadsheets or presentations, adjusted location parity index (LPIA)",measure
ictskillonlsft_m,"Proportion of youth and adults that used software run over the Internet for editing text documents, spreadsheets or presentations, male (%)",measure
ictskillonlsft_m_lpia,"Proportion of youth and adults that used software run over the Internet for editing text documents, spreadsheets or presentations, male, adjusted location parity index (LPIA)",measure
ictskillonlsft_rur,"Proportion of youth and adults that used software run over the Internet for editing text documents, spreadsheets or presentations, rural, both sexes (%)",measure
ictskillonlsft_rur_f,"Proportion of youth and adults that used software run over the Internet for editing text documents, spreadsheets or presentations, rural, female (%)",measure
ictskillonlsft_rur_gpia,"Proportion of youth and adults that used software run over the Internet for editing text documents, spreadsheets or presentations, rural, adjusted gender parity index (GPIA)",measure
ictskillonlsft_rur_m,"Proportion of youth and adults that used software run over the Internet for editing text documents, spreadsheets or presentations, rural, male (%)",measure
ictskillonlsft_urb,"Proportion of youth and adults that used software run over the Internet for editing text documents, spreadsheets or presentations, urban, both sexes (%)",measure
ictskillonlsft_urb_f,"Proportion of youth and adults that used software run over the Internet for editing text documents, spreadsheets or presentations, urban, female (%)",measure
ictskillonlsft_urb_gpia,"Proportion of youth and adults that used software run over the Internet for editing text documents, spreadsheets or presentations, urban, adjusted gender parity index (GPIA)",measure
ictskillonlsft_urb_m,"Proportion of youth and adults that used software run over the Internet for editing text documents, spreadsheets or presentations, urban, male (%)",measure
ictskillpcpr,"Proportion of youth and adults that programmed or coded in digital environments (e.g. computer software, app development), both sexes (%)",measure
ictskillpcpr_ag15t24,"Proportion of youth and adults that programmed or coded in digital environments (e.g. computer software, app development), 15-24 years old, both sexes (%)",measure
ictskillpcpr_ag15t24_f,"Proportion of youth and adults that programmed or coded in digital environments (e.g. computer software, app development), 15-24 years old, female (%)",measure
ictskillpcpr_ag15t24_gpia,"Proportion of youth and adults that programmed or coded in digital environments (e.g. computer software, app development), 15-24 years old, adjusted gender parity index (GPIA)",measure
ictskillpcpr_ag15t24_m,"Proportion of youth and adults that programmed or coded in digital environments (e.g. computer software, app development), 15-24 years old, male (%)",measure
ictskillpcpr_ag25t74,"Proportion of youth and adults that programmed or coded in digital environments (e.g. computer software, app development), 25-74 years old, both sexes (%)",measure
ictskillpcpr_ag25t74_f,"Proportion of youth and adults that programmed or coded in digital environments (e.g. computer software, app development), 25-74 years old, female (%)",measure
ictskillpcpr_ag25t74_gpia,"Proportion of youth and adults that programmed or coded in digital environments (e.g. computer software, app development), 25-74 years old, adjusted gender parity index (GPIA)",measure
ictskillpcpr_ag25t74_m,"Proportion of youth and adults that programmed or coded in digital environments (e.g. computer software, app development), 25-74 years old, male (%)",measure
ictskillpcpr_ag75orover,"Proportion of youth and adults that programmed or coded in digital environments (e.g. computer software, app development), 75 years old or over, both sexes (%)",measure
ictskillpcpr_ag75orover_f,"Proportion of youth and adults that programmed or coded in digital environments (e.g. computer software, app development), 75 years old or over, female (%)",measure
ictskillpcpr_ag75orover_gpia,"Proportion of youth and adults that programmed or coded in digital environments (e.g. computer software, app development), 75 years old or over, adjusted gender parity index (GPIA)",measure
ictskillpcpr_ag75orover_m,"Proportion of youth and adults that programmed or coded in digital environments (e.g. computer software, app development), 75 years old or over, male (%)",measure
ictskillpcpr_agunder15y,"Proportion of youth and adults that programmed or coded in digital environments (e.g. computer software, app development), under 15 years old, both sexes (%)",measure
ictskillpcpr_agunder15y_f,"Proportion of youth and adults that programmed or coded in digital environments (e.g. computer software, app development), under 15 years old, female (%)",measure
ictskillpcpr_agunder15y_gpia,"Proportion of youth and adults that programmed or coded in digital environments (e.g. computer software, app development), under 15 years old, adjusted gender parity index (GPIA)",measure
ictskillpcpr_agunder15y_m,"Proportion of youth and adults that programmed or coded in digital environments (e.g. computer software, app development), under 15 years old, male (%)",measure
ictskillpcpr_f,"Proportion of youth and adults that programmed or coded in digital environments (e.g. computer software, app development), female (%)",measure
ictskillpcpr_f_lpia,"Proportion of youth and adults that programmed or coded in digital environments (e.g. computer software, app development), female, adjusted location parity index (LPIA)",measure
ictskillpcpr_gpia,"Proportion of youth and adults that programmed or coded in digital environments (e.g. computer software, app development), adjusted gender parity index (GPIA)",measure
ictskillpcpr_lpia,"Proportion of youth and adults that programmed or coded in digital environments (e.g. computer software, app development), adjusted location parity index (LPIA)",measure
ictskillpcpr_m,"Proportion of youth and adults that programmed or coded in digital environments (e.g. computer software, app development), male (%)",measure
ictskillpcpr_m_lpia,"Proportion of youth and adults that programmed or coded in digital environments (e.g. computer software, app development), male, adjusted location parity index (LPIA)",measure
ictskillpcpr_rur,"Proportion of youth and adults that programmed or coded in digital environments (e.g. computer software, app development), rural, both sexes (%)",measure
ictskillpcpr_rur_f,"Proportion of youth and adults that programmed or coded in digital environments (e.g. computer software, app development), rural, female (%)",measure
ictskillpcpr_rur_gpia,"Proportion of youth and adults that programmed or coded in digital environments (e.g. computer software, app development), rural, adjusted gender parity index (GPIA)",measure
ictskillpcpr_rur_m,"Proportion of youth and adults that programmed or coded in digital environments (e.g. computer software, app development), rural, male (%)",measure
ictskillpcpr_urb,"Proportion of youth and adults that programmed or coded in digital environments (e.g. computer software, app development), urban, both sexes (%)",measure
ictskillpcpr_urb_f,"Proportion of youth and adults that programmed or coded in digital environments (e.g. computer software, app development), urban, female (%)",measure
ictskillpcpr_urb_gpia,"Proportion of youth and adults that programmed or coded in digital environments (e.g. computer software, app development), urban, adjusted gender parity index (GPIA)",measure
ictskillpcpr_urb_m,"Proportion of youth and adults that programmed or coded in digital environments (e.g. computer software, app development), urban, male (%)",measure
ictskillprobabas,"Proportion of youth and adults who have above basic problem sovling skills, both sexes (%)",measure
ictskillprobabas_ag15t24,"Proportion of youth and adults who have above basic problem sovling skills, 15-24 years old, both sexes (%)",measure
ictskillprobabas_ag15t24_f,"Proportion of youth and adults who have above basic problem sovling skills, 15-24 years old, female (%)",measure
ictskillprobabas_ag15t24_gpia,"Proportion of youth and adults who have above basic problem sovling skills, 15-24 years old, adjusted gender parity index (GPIA)",measure
ictskillprobabas_ag15t24_m,"Proportion of youth and adults who have above basic problem sovling skills, 15-24 years old, male (%)",measure
ictskillprobabas_ag25t74,"Proportion of youth and adults who have above basic problem sovling skills, 25-74 years old, both sexes (%)",measure
ictskillprobabas_ag25t74_f,"Proportion of youth and adults who have above basic problem sovling skills, 25-74 years old, female (%)",measure
ictskillprobabas_ag25t74_gpia,"Proportion of youth and adults who have above basic problem sovling skills, 25-74 years old, adjusted gender parity index (GPIA)",measure
ictskillprobabas_ag25t74_m,"Proportion of youth and adults who have above basic problem sovling skills, 25-74 years old, male (%)",measure
ictskillprobabas_ag75orover,"Proportion of youth and adults who have above basic problem sovling skills, 75 years old or over, both sexes (%)",measure
ictskillprobabas_ag75orover_f,"Proportion of youth and adults who have above basic problem sovling skills, 75 years old or over, female (%)",measure
ictskillprobabas_ag75orover_gpia,"Proportion of youth and adults who have above basic problem sovling skills, 75 years old or over, adjusted gender parity index (GPIA)",measure
ictskillprobabas_ag75orover_m,"Proportion of youth and adults who have above basic problem sovling skills, 75 years old or over, male (%)",measure
ictskillprobabas_agunder15y,"Proportion of youth and adults who have above basic problem sovling skills, under 15 years old, both sexes (%)",measure
ictskillprobabas_agunder15y_f,"Proportion of youth and adults who have above basic problem sovling skills, under 15 years old, female (%)",measure
ictskillprobabas_agunder15y_gpia,"Proportion of youth and adults who have above basic problem sovling skills, under 15 years old, adjusted gender parity index (GPIA)",measure
ictskillprobabas_agunder15y_m,"Proportion of youth and adults who have above basic problem sovling skills, under 15 years old, male (%)",measure
ictskillprobabas_f,"Proportion of youth and adults who have above basic problem sovling skills, female (%)",measure
ictskillprobabas_f_lpia,"Proportion of youth and adults who have above basic problem sovling skills, female, adjusted location parity index (LPIA)",measure
ictskillprobabas_gpia,"Proportion of youth and adults who have above basic problem sovling skills, adjusted gender parity index (GPIA)",measure
ictskillprobabas_lpia,"Proportion of youth and adults who have above basic problem sovling skills, adjusted location parity index (LPIA)",measure
ictskillprobabas_m,"Proportion of youth and adults who have above basic problem sovling skills, male (%)",measure
ictskillprobabas_m_lpia,"Proportion of youth and adults who have above basic problem sovling skills, male, adjusted location parity index (LPIA)",measure
ictskillprobabas_rur,"Proportion of youth and adults who have above basic problem sovling skills, rural, both sexes (%)",measure
ictskillprobabas_rur_f,"Proportion of youth and adults who have above basic problem sovling skills, rural, female (%)",measure
ictskillprobabas_rur_gpia,"Proportion of youth and adults who have above basic problem sovling skills, rural, adjusted gender parity index (GPIA)",measure
ictskillprobabas_rur_m,"Proportion of youth and adults who have above basic problem sovling skills, rural, male (%)",measure
ictskillprobabas_urb,"Proportion of youth and adults who have above basic problem sovling skills, urban, both sexes (%)",measure
ictskillprobabas_urb_f,"Proportion of youth and adults who have above basic problem sovling skills, urban, female (%)",measure
ictskillprobabas_urb_gpia,"Proportion of youth and adults who have above basic problem sovling skills, urban, adjusted gender parity index (GPIA)",measure
ictskillprobabas_urb_m,"Proportion of youth and adults who have above basic problem sovling skills, urban, male (%)",measure
ictskillprobbas,"Proportion of youth and adults who have basic problem sovling skills, both sexes (%)",measure
ictskillprobbas_ag15t24,"Proportion of youth and adults who have basic problem sovling skills, 15-24 years old, both sexes (%)",measure
ictskillprobbas_ag15t24_f,"Proportion of youth and adults who have basic problem sovling skills, 15-24 years old, female (%)",measure
ictskillprobbas_ag15t24_gpia,"Proportion of youth and adults who have basic problem sovling skills, 15-24 years old, adjusted gender parity index (GPIA)",measure
ictskillprobbas_ag15t24_m,"Proportion of youth and adults who have basic problem sovling skills, 15-24 years old, male (%)",measure
ictskillprobbas_ag25t74,"Proportion of youth and adults who have basic problem sovling skills, 25-74 years old, both sexes (%)",measure
ictskillprobbas_ag25t74_f,"Proportion of youth and adults who have basic problem sovling skills, 25-74 years old, female (%)",measure
ictskillprobbas_ag25t74_gpia,"Proportion of youth and adults who have basic problem sovling skills, 25-74 years old, adjusted gender parity index (GPIA)",measure
ictskillprobbas_ag25t74_m,"Proportion of youth and adults who have basic problem sovling skills, 25-74 years old, male (%)",measure
ictskillprobbas_ag75orover,"Proportion of youth and adults who have basic problem sovling skills, 75 years old or over, both sexes (%)",measure
ictskillprobbas_ag75orover_f,"Proportion of youth and adults who have basic problem sovling skills, 75 years old or over, female (%)",measure
ictskillprobbas_ag75orover_gpia,"Proportion of youth and adults who have basic problem sovling skills, 75 years old or over, adjusted gender parity index (GPIA)",measure
ictskillprobbas_ag75orover_m,"Proportion of youth and adults who have basic problem sovling skills, 75 years old or over, male (%)",measure
ictskillprobbas_agunder15y,"Proportion of youth and adults who have basic problem sovling skills, under 15 years old, both sexes (%)",measure
ictskillprobbas_agunder15y_f,"Proportion of youth and adults who have basic problem sovling skills, under 15 years old, female (%)",measure
ictskillprobbas_agunder15y_gpia,"Proportion of youth and adults who have basic problem sovling skills, under 15 years old, adjusted gender parity index (GPIA)",measure
ictskillprobbas_agunder15y_m,"Proportion of youth and adults who have basic problem sovling skills, under 15 years old, male (%)",measure
ictskillprobbas_f,"Proportion of youth and adults who have basic problem sovling skills, female (%)",measure
ictskillprobbas_f_lpia,"Proportion of youth and adults who have basic problem sovling skills, female, adjusted location parity index (LPIA)",measure
ictskillprobbas_gpia,"Proportion of youth and adults who have basic problem sovling skills, adjusted gender parity index (GPIA)",measure
ictskillprobbas_lpia,"Proportion of youth and adults who have basic problem sovling skills, adjusted location parity index (LPIA)",measure
ictskillprobbas_m,"Proportion of youth and adults who have basic problem sovling skills, male (%)",measure
ictskillprobbas_m_lpia,"Proportion of youth and adults who have basic problem sovling skills, male, adjusted location parity index (LPIA)",measure
ictskillprobbas_rur,"Proportion of youth and adults who have basic problem sovling skills, rural, both sexes (%)",measure
ictskillprobbas_rur_f,"Proportion of youth and adults who have basic problem sovling skills, rural, female (%)",measure
ictskillprobbas_rur_gpia,"Proportion of youth and adults who have basic problem sovling skills, rural, adjusted gender parity index (GPIA)",measure
ictskillprobbas_rur_m,"Proportion of youth and adults who have basic problem sovling skills, rural, male (%)",measure
ictskillprobbas_urb,"Proportion of youth and adults who have basic problem sovling skills, urban, both sexes (%)",measure
ictskillprobbas_urb_f,"Proportion of youth and adults who have basic problem sovling skills, urban, female (%)",measure
ictskillprobbas_urb_gpia,"Proportion of youth and adults who have basic problem sovling skills, urban, adjusted gender parity index (GPIA)",measure
ictskillprobbas_urb_m,"Proportion of youth and adults who have basic problem sovling skills, urban, male (%)",measure
ictskillprvcy,"Proportion of youth and adults that changed privacy settings on your device, account or app to limit the sharing of personal data and information (e.g. name, contact information, photos), both sexes (%)",measure
ictskillprvcy_ag15t24,"Proportion of youth and adults that changed privacy settings on your device, account or app to limit the sharing of personal data and information (e.g. name, contact information, photos), 15-24 years old, both sexes (%)",measure
ictskillprvcy_ag15t24_f,"Proportion of youth and adults that changed privacy settings on your device, account or app to limit the sharing of personal data and information (e.g. name, contact information, photos), 15-24 years old, female (%)",measure
ictskillprvcy_ag15t24_gpia,"Proportion of youth and adults that changed privacy settings on your device, account or app to limit the sharing of personal data and information (e.g. name, contact information, photos), 15-24 years old, adjusted gender parity index (GPIA)",measure
ictskillprvcy_ag15t24_m,"Proportion of youth and adults that changed privacy settings on your device, account or app to limit the sharing of personal data and information (e.g. name, contact information, photos), 15-24 years old, male (%)",measure
ictskillprvcy_ag25t74,"Proportion of youth and adults that changed privacy settings on your device, account or app to limit the sharing of personal data and information (e.g. name, contact information, photos), 25-74 years old, both sexes (%)",measure
ictskillprvcy_ag25t74_f,"Proportion of youth and adults that changed privacy settings on your device, account or app to limit the sharing of personal data and information (e.g. name, contact information, photos), 25-74 years old, female (%)",measure
ictskillprvcy_ag25t74_gpia,"Proportion of youth and adults that changed privacy settings on your device, account or app to limit the sharing of personal data and information (e.g. name, contact information, photos), 25-74 years old, adjusted gender parity index (GPIA)",measure
ictskillprvcy_ag25t74_m,"Proportion of youth and adults that changed privacy settings on your device, account or app to limit the sharing of personal data and information (e.g. name, contact information, photos), 25-74 years old, male (%)",measure
ictskillprvcy_ag75orover,"Proportion of youth and adults that changed privacy settings on your device, account or app to limit the sharing of personal data and information (e.g. name, contact information, photos), 75 years old or over, both sexes (%)",measure
ictskillprvcy_ag75orover_f,"Proportion of youth and adults that changed privacy settings on your device, account or app to limit the sharing of personal data and information (e.g. name, contact information, photos), 75 years old or over, female (%)",measure
ictskillprvcy_ag75orover_gpia,"Proportion of youth and adults that changed privacy settings on your device, account or app to limit the sharing of personal data and information (e.g. name, contact information, photos), 75 years old or over, adjusted gender parity index (GPIA)",measure
ictskillprvcy_ag75orover_m,"Proportion of youth and adults that changed privacy settings on your device, account or app to limit the sharing of personal data and information (e.g. name, contact information, photos), 75 years old or over, male (%)",measure
ictskillprvcy_agunder15y,"Proportion of youth and adults that changed privacy settings on your device, account or app to limit the sharing of personal data and information (e.g. name, contact information, photos), under 15 years old, both sexes (%)",measure
ictskillprvcy_agunder15y_f,"Proportion of youth and adults that changed privacy settings on your device, account or app to limit the sharing of personal data and information (e.g. name, contact information, photos), under 15 years old, female (%)",measure
ictskillprvcy_agunder15y_gpia,"Proportion of youth and adults that changed privacy settings on your device, account or app to limit the sharing of personal data and information (e.g. name, contact information, photos), under 15 years old, adjusted gender parity index (GPIA)",measure
ictskillprvcy_agunder15y_m,"Proportion of youth and adults that changed privacy settings on your device, account or app to limit the sharing of personal data and information (e.g. name, contact information, photos), under 15 years old, male (%)",measure
ictskillprvcy_f,"Proportion of youth and adults that changed privacy settings on your device, account or app to limit the sharing of personal data and information (e.g. name, contact information, photos), female (%)",measure
ictskillprvcy_f_lpia,"Proportion of youth and adults that changed privacy settings on your device, account or app to limit the sharing of personal data and information (e.g. name, contact information, photos), female, adjusted location parity index (LPIA)",measure
ictskillprvcy_gpia,"Proportion of youth and adults that changed privacy settings on your device, account or app to limit the sharing of personal data and information (e.g. name, contact information, photos), adjusted gender parity index (GPIA)",measure
ictskillprvcy_lpia,"Proportion of youth and adults that changed privacy settings on your device, account or app to limit the sharing of personal data and information (e.g. name, contact information, photos), adjusted location parity index (LPIA)",measure
ictskillprvcy_m,"Proportion of youth and adults that changed privacy settings on your device, account or app to limit the sharing of personal data and information (e.g. name, contact information, photos), male (%)",measure
ictskillprvcy_m_lpia,"Proportion of youth and adults that changed privacy settings on your device, account or app to limit the sharing of personal data and information (e.g. name, contact information, photos), male, adjusted location parity index (LPIA)",measure
ictskillprvcy_rur,"Proportion of youth and adults that changed privacy settings on your device, account or app to limit the sharing of personal data and information (e.g. name, contact information, photos), rural, both sexes (%)",measure
ictskillprvcy_rur_f,"Proportion of youth and adults that changed privacy settings on your device, account or app to limit the sharing of personal data and information (e.g. name, contact information, photos), rural, female (%)",measure
ictskillprvcy_rur_gpia,"Proportion of youth and adults that changed privacy settings on your device, account or app to limit the sharing of personal data and information (e.g. name, contact information, photos), rural, adjusted gender parity index (GPIA)",measure
ictskillprvcy_rur_m,"Proportion of youth and adults that changed privacy settings on your device, account or app to limit the sharing of personal data and information (e.g. name, contact information, photos), rural, male (%)",measure
ictskillprvcy_urb,"Proportion of youth and adults that changed privacy settings on your device, account or app to limit the sharing of personal data and information (e.g. name, contact information, photos), urban, both sexes (%)",measure
ictskillprvcy_urb_f,"Proportion of youth and adults that changed privacy settings on your device, account or app to limit the sharing of personal data and information (e.g. name, contact information, photos), urban, female (%)",measure
ictskillprvcy_urb_gpia,"Proportion of youth and adults that changed privacy settings on your device, account or app to limit the sharing of personal data and information (e.g. name, contact information, photos), urban, adjusted gender parity index (GPIA)",measure
ictskillprvcy_urb_m,"Proportion of youth and adults that changed privacy settings on your device, account or app to limit the sharing of personal data and information (e.g. name, contact information, photos), urban, male (%)",measure
ictskillsafeabas,"Proportion of youth and adults who have above basic safety skills, both sexes (%)",measure
ictskillsafeabas_ag15t24,"Proportion of youth and adults who have above basic safety skills, 15-24 years old, both sexes (%)",measure
ictskillsafeabas_ag15t24_f,"Proportion of youth and adults who have above basic safety skills, 15-24 years old, female (%)",measure
ictskillsafeabas_ag15t24_gpia,"Proportion of youth and adults who have above basic safety skills, 15-24 years old, adjusted gender parity index (GPIA)",measure
ictskillsafeabas_ag15t24_m,"Proportion of youth and adults who have above basic safety skills, 15-24 years old, male (%)",measure
ictskillsafeabas_ag25t74,"Proportion of youth and adults who have above basic safety skills, 25-74 years old, both sexes (%)",measure
ictskillsafeabas_ag25t74_f,"Proportion of youth and adults who have above basic safety skills, 25-74 years old, female (%)",measure
ictskillsafeabas_ag25t74_gpia,"Proportion of youth and adults who have above basic safety skills, 25-74 years old, adjusted gender parity index (GPIA)",measure
ictskillsafeabas_ag25t74_m,"Proportion of youth and adults who have above basic safety skills, 25-74 years old, male (%)",measure
ictskillsafeabas_ag75orover,"Proportion of youth and adults who have above basic safety skills, 75 years old or over, both sexes (%)",measure
ictskillsafeabas_ag75orover_f,"Proportion of youth and adults who have above basic safety skills, 75 years old or over, female (%)",measure
ictskillsafeabas_ag75orover_gpia,"Proportion of youth and adults who have above basic safety skills, 75 years old or over, adjusted gender parity index (GPIA)",measure
ictskillsafeabas_ag75orover_m,"Proportion of youth and adults who have above basic safety skills, 75 years old or over, male (%)",measure
ictskillsafeabas_agunder15y,"Proportion of youth and adults who have above basic safety skills, under 15 years old, both sexes (%)",measure
ictskillsafeabas_agunder15y_f,"Proportion of youth and adults who have above basic safety skills, under 15 years old, female (%)",measure
ictskillsafeabas_agunder15y_gpia,"Proportion of youth and adults who have above basic safety skills, under 15 years old, adjusted gender parity index (GPIA)",measure
ictskillsafeabas_agunder15y_m,"Proportion of youth and adults who have above basic safety skills, under 15 years old, male (%)",measure
ictskillsafeabas_f,"Proportion of youth and adults who have above basic safety skills, female (%)",measure
ictskillsafeabas_f_lpia,"Proportion of youth and adults who have above basic safety skills, female, adjusted location parity index (LPIA)",measure
ictskillsafeabas_gpia,"Proportion of youth and adults who have above basic safety skills, adjusted gender parity index (GPIA)",measure
ictskillsafeabas_lpia,"Proportion of youth and adults who have above basic safety skills, adjusted location parity index (LPIA)",measure
ictskillsafeabas_m,"Proportion of youth and adults who have above basic safety skills, male (%)",measure
ictskillsafeabas_m_lpia,"Proportion of youth and adults who have above basic safety skills, male, adjusted location parity index (LPIA)",measure
ictskillsafeabas_rur,"Proportion of youth and adults who have above basic safety skills, rural, both sexes (%)",measure
ictskillsafeabas_rur_f,"Proportion of youth and adults who have above basic safety skills, rural, female (%)",measure
ictskillsafeabas_rur_gpia,"Proportion of youth and adults who have above basic safety skills, rural, adjusted gender parity index (GPIA)",measure
ictskillsafeabas_rur_m,"Proportion of youth and adults who have above basic safety skills, rural, male (%)",measure
ictskillsafeabas_urb,"Proportion of youth and adults who have above basic safety skills, urban, both sexes (%)",measure
ictskillsafeabas_urb_f,"Proportion of youth and adults who have above basic safety skills, urban, female (%)",measure
ictskillsafeabas_urb_gpia,"Proportion of youth and adults who have above basic safety skills, urban, adjusted gender parity index (GPIA)",measure
ictskillsafeabas_urb_m,"Proportion of youth and adults who have above basic safety skills, urban, male (%)",measure
ictskillsafebas,"Proportion of youth and adults who have basic safety skills, both sexes (%)",measure
ictskillsafebas_ag15t24,"Proportion of youth and adults who have basic safety skills, 15-24 years old, both sexes (%)",measure
ictskillsafebas_ag15t24_f,"Proportion of youth and adults who have basic safety skills, 15-24 years old, female (%)",measure
ictskillsafebas_ag15t24_gpia,"Proportion of youth and adults who have basic safety skills, 15-24 years old, adjusted gender parity index (GPIA)",measure
ictskillsafebas_ag15t24_m,"Proportion of youth and adults who have basic safety skills, 15-24 years old, male (%)",measure
ictskillsafebas_ag25t74,"Proportion of youth and adults who have basic safety skills, 25-74 years old, both sexes (%)",measure
ictskillsafebas_ag25t74_f,"Proportion of youth and adults who have basic safety skills, 25-74 years old, female (%)",measure
ictskillsafebas_ag25t74_gpia,"Proportion of youth and adults who have basic safety skills, 25-74 years old, adjusted gender parity index (GPIA)",measure
ictskillsafebas_ag25t74_m,"Proportion of youth and adults who have basic safety skills, 25-74 years old, male (%)",measure
ictskillsafebas_ag75orover,"Proportion of youth and adults who have basic safety skills, 75 years old or over, both sexes (%)",measure
ictskillsafebas_ag75orover_f,"Proportion of youth and adults who have basic safety skills, 75 years old or over, female (%)",measure
ictskillsafebas_ag75orover_gpia,"Proportion of youth and adults who have basic safety skills, 75 years old or over, adjusted gender parity index (GPIA)",measure
ictskillsafebas_ag75orover_m,"Proportion of youth and adults who have basic safety skills, 75 years old or over, male (%)",measure
ictskillsafebas_agunder15y,"Proportion of youth and adults who have basic safety skills, under 15 years old, both sexes (%)",measure
ictskillsafebas_agunder15y_f,"Proportion of youth and adults who have basic safety skills, under 15 years old, female (%)",measure
ictskillsafebas_agunder15y_gpia,"Proportion of youth and adults who have basic safety skills, under 15 years old, adjusted gender parity index (GPIA)",measure
ictskillsafebas_agunder15y_m,"Proportion of youth and adults who have basic safety skills, under 15 years old, male (%)",measure
ictskillsafebas_f,"Proportion of youth and adults who have basic safety skills, female (%)",measure
ictskillsafebas_f_lpia,"Proportion of youth and adults who have basic safety skills, female, adjusted location parity index (LPIA)",measure
ictskillsafebas_gpia,"Proportion of youth and adults who have basic safety skills, adjusted gender parity index (GPIA)",measure
ictskillsafebas_lpia,"Proportion of youth and adults who have basic safety skills, adjusted location parity index (LPIA)",measure
ictskillsafebas_m,"Proportion of youth and adults who have basic safety skills, male (%)",measure
ictskillsafebas_m_lpia,"Proportion of youth and adults who have basic safety skills, male, adjusted location parity index (LPIA)",measure
ictskillsafebas_rur,"Proportion of youth and adults who have basic safety skills, rural, both sexes (%)",measure
ictskillsafebas_rur_f,"Proportion of youth and adults who have basic safety skills, rural, female (%)",measure
ictskillsafebas_rur_gpia,"Proportion of youth and adults who have basic safety skills, rural, adjusted gender parity index (GPIA)",measure
ictskillsafebas_rur_m,"Proportion of youth and adults who have basic safety skills, rural, male (%)",measure
ictskillsafebas_urb,"Proportion of youth and adults who have basic safety skills, urban, both sexes (%)",measure
ictskillsafebas_urb_f,"Proportion of youth and adults who have basic safety skills, urban, female (%)",measure
ictskillsafebas_urb_gpia,"Proportion of youth and adults who have basic safety skills, urban, adjusted gender parity index (GPIA)",measure
ictskillsafebas_urb_m,"Proportion of youth and adults who have basic safety skills, urban, male (%)",measure
ictskillscrty,"Proportion of youth and adults that set up effective security measures (e.g. strong passwords, log-in attempt notification) to protect devices and online accounts, both sexes (%)",measure
ictskillscrty_ag15t24,"Proportion of youth and adults that set up effective security measures (e.g. strong passwords, log-in attempt notification) to protect devices and online accounts, 15-24 years old, both sexes (%)",measure
ictskillscrty_ag15t24_f,"Proportion of youth and adults that set up effective security measures (e.g. strong passwords, log-in attempt notification) to protect devices and online accounts, 15-24 years old, female (%)",measure
ictskillscrty_ag15t24_gpia,"Proportion of youth and adults that set up effective security measures (e.g. strong passwords, log-in attempt notification) to protect devices and online accounts, 15-24 years old, adjusted gender parity index (GPIA)",measure
ictskillscrty_ag15t24_m,"Proportion of youth and adults that set up effective security measures (e.g. strong passwords, log-in attempt notification) to protect devices and online accounts, 15-24 years old, male (%)",measure
ictskillscrty_ag25t74,"Proportion of youth and adults that set up effective security measures (e.g. strong passwords, log-in attempt notification) to protect devices and online accounts, 25-74 years old, both sexes (%)",measure
ictskillscrty_ag25t74_f,"Proportion of youth and adults that set up effective security measures (e.g. strong passwords, log-in attempt notification) to protect devices and online accounts, 25-74 years old, female (%)",measure
ictskillscrty_ag25t74_gpia,"Proportion of youth and adults that set up effective security measures (e.g. strong passwords, log-in attempt notification) to protect devices and online accounts, 25-74 years old, adjusted gender parity index (GPIA)",measure
ictskillscrty_ag25t74_m,"Proportion of youth and adults that set up effective security measures (e.g. strong passwords, log-in attempt notification) to protect devices and online accounts, 25-74 years old, male (%)",measure
ictskillscrty_ag75orover,"Proportion of youth and adults that set up effective security measures (e.g. strong passwords, log-in attempt notification) to protect devices and online accounts, 75 years old or over, both sexes (%)",measure
ictskillscrty_ag75orover_f,"Proportion of youth and adults that set up effective security measures (e.g. strong passwords, log-in attempt notification) to protect devices and online accounts, 75 years old or over, female (%)",measure
ictskillscrty_ag75orover_gpia,"Proportion of youth and adults that set up effective security measures (e.g. strong passwords, log-in attempt notification) to protect devices and online accounts, 75 years old or over, adjusted gender parity index (GPIA)",measure
ictskillscrty_ag75orover_m,"Proportion of youth and adults that set up effective security measures (e.g. strong passwords, log-in attempt notification) to protect devices and online accounts, 75 years old or over, male (%)",measure
ictskillscrty_agunder15y,"Proportion of youth and adults that set up effective security measures (e.g. strong passwords, log-in attempt notification) to protect devices and online accounts, under 15 years old, both sexes (%)",measure
ictskillscrty_agunder15y_f,"Proportion of youth and adults that set up effective security measures (e.g. strong passwords, log-in attempt notification) to protect devices and online accounts, under 15 years old, female (%)",measure
ictskillscrty_agunder15y_gpia,"Proportion of youth and adults that set up effective security measures (e.g. strong passwords, log-in attempt notification) to protect devices and online accounts, under 15 years old, adjusted gender parity index (GPIA)",measure
ictskillscrty_agunder15y_m,"Proportion of youth and adults that set up effective security measures (e.g. strong passwords, log-in attempt notification) to protect devices and online accounts, under 15 years old, male (%)",measure
ictskillscrty_f,"Proportion of youth and adults that set up effective security measures (e.g. strong passwords, log-in attempt notification) to protect devices and online accounts, female (%)",measure
ictskillscrty_f_lpia,"Proportion of youth and adults that set up effective security measures (e.g. strong passwords, log-in attempt notification) to protect devices and online accounts, female, adjusted location parity index (LPIA)",measure
ictskillscrty_gpia,"Proportion of youth and adults that set up effective security measures (e.g. strong passwords, log-in attempt notification) to protect devices and online accounts, adjusted gender parity index (GPIA)",measure
ictskillscrty_lpia,"Proportion of youth and adults that set up effective security measures (e.g. strong passwords, log-in attempt notification) to protect devices and online accounts, adjusted location parity index (LPIA)",measure
ictskillscrty_m,"Proportion of youth and adults that set up effective security measures (e.g. strong passwords, log-in attempt notification) to protect devices and online accounts, male (%)",measure
ictskillscrty_m_lpia,"Proportion of youth and adults that set up effective security measures (e.g. strong passwords, log-in attempt notification) to protect devices and online accounts, male, adjusted location parity index (LPIA)",measure
ictskillscrty_rur,"Proportion of youth and adults that set up effective security measures (e.g. strong passwords, log-in attempt notification) to protect devices and online accounts, rural, both sexes (%)",measure
ictskillscrty_rur_f,"Proportion of youth and adults that set up effective security measures (e.g. strong passwords, log-in attempt notification) to protect devices and online accounts, rural, female (%)",measure
ictskillscrty_rur_gpia,"Proportion of youth and adults that set up effective security measures (e.g. strong passwords, log-in attempt notification) to protect devices and online accounts, rural, adjusted gender parity index (GPIA)",measure
ictskillscrty_rur_m,"Proportion of youth and adults that set up effective security measures (e.g. strong passwords, log-in attempt notification) to protect devices and online accounts, rural, male (%)",measure
ictskillscrty_urb,"Proportion of youth and adults that set up effective security measures (e.g. strong passwords, log-in attempt notification) to protect devices and online accounts, urban, both sexes (%)",measure
ictskillscrty_urb_f,"Proportion of youth and adults that set up effective security measures (e.g. strong passwords, log-in attempt notification) to protect devices and online accounts, urban, female (%)",measure
ictskillscrty_urb_gpia,"Proportion of youth and adults that set up effective security measures (e.g. strong passwords, log-in attempt notification) to protect devices and online accounts, urban, adjusted gender parity index (GPIA)",measure
ictskillscrty_urb_m,"Proportion of youth and adults that set up effective security measures (e.g. strong passwords, log-in attempt notification) to protect devices and online accounts, urban, male (%)",measure
ictskillsntwk,"Proportion of youth and adults that participated in social networks, both sexes (%)",measure
ictskillsntwk_ag15t24,"Proportion of youth and adults that participated in social networks, 15-24 years old, both sexes (%)",measure
ictskillsntwk_ag15t24_f,"Proportion of youth and adults that participated in social networks, 15-24 years old, female (%)",measure
ictskillsntwk_ag15t24_gpia,"Proportion of youth and adults that participated in social networks, 15-24 years old, adjusted gender parity index (GPIA)",measure
ictskillsntwk_ag15t24_m,"Proportion of youth and adults that participated in social networks, 15-24 years old, male (%)",measure
ictskillsntwk_ag25t74,"Proportion of youth and adults that participated in social networks, 25-74 years old, both sexes (%)",measure
ictskillsntwk_ag25t74_f,"Proportion of youth and adults that participated in social networks, 25-74 years old, female (%)",measure
ictskillsntwk_ag25t74_gpia,"Proportion of youth and adults that participated in social networks, 25-74 years old, adjusted gender parity index (GPIA)",measure
ictskillsntwk_ag25t74_m,"Proportion of youth and adults that participated in social networks, 25-74 years old, male (%)",measure
ictskillsntwk_ag75orover,"Proportion of youth and adults that participated in social networks, 75 years old or over, both sexes (%)",measure
ictskillsntwk_ag75orover_f,"Proportion of youth and adults that participated in social networks, 75 years old or over, female (%)",measure
ictskillsntwk_ag75orover_gpia,"Proportion of youth and adults that participated in social networks, 75 years old or over, adjusted gender parity index (GPIA)",measure
ictskillsntwk_ag75orover_m,"Proportion of youth and adults that participated in social networks, 75 years old or over, male (%)",measure
ictskillsntwk_agunder15y,"Proportion of youth and adults that participated in social networks, under 15 years old, both sexes (%)",measure
ictskillsntwk_agunder15y_f,"Proportion of youth and adults that participated in social networks, under 15 years old, female (%)",measure
ictskillsntwk_agunder15y_gpia,"Proportion of youth and adults that participated in social networks, under 15 years old, adjusted gender parity index (GPIA)",measure
ictskillsntwk_agunder15y_m,"Proportion of youth and adults that participated in social networks, under 15 years old, male (%)",measure
ictskillsntwk_f,"Proportion of youth and adults that participated in social networks, female (%)",measure
ictskillsntwk_f_lpia,"Proportion of youth and adults that participated in social networks, female, adjusted location parity index (LPIA)",measure
ictskillsntwk_gpia,"Proportion of youth and adults that participated in social networks, adjusted gender parity index (GPIA)",measure
ictskillsntwk_lpia,"Proportion of youth and adults that participated in social networks, adjusted location parity index (LPIA)",measure
ictskillsntwk_m,"Proportion of youth and adults that participated in social networks, male (%)",measure
ictskillsntwk_m_lpia,"Proportion of youth and adults that participated in social networks, male, adjusted location parity index (LPIA)",measure
ictskillsntwk_rur,"Proportion of youth and adults that participated in social networks, rural, both sexes (%)",measure
ictskillsntwk_rur_f,"Proportion of youth and adults that participated in social networks, rural, female (%)",measure
ictskillsntwk_rur_gpia,"Proportion of youth and adults that participated in social networks, rural, adjusted gender parity index (GPIA)",measure
ictskillsntwk_rur_m,"Proportion of youth and adults that participated in social networks, rural, male (%)",measure
ictskillsntwk_urb,"Proportion of youth and adults that participated in social networks, urban, both sexes (%)",measure
ictskillsntwk_urb_f,"Proportion of youth and adults that participated in social networks, urban, female (%)",measure
ictskillsntwk_urb_gpia,"Proportion of youth and adults that participated in social networks, urban, adjusted gender parity index (GPIA)",measure
ictskillsntwk_urb_m,"Proportion of youth and adults that participated in social networks, urban, male (%)",measure
ictskillsoft,"Proportion of youth and adults that found, downloaded, installed and configured sofware and apps, both sexes (%)",measure
ictskillsoft_ag15t24,"Proportion of youth and adults that found, downloaded, installed and configured sofware and apps, 15-24 years old, both sexes (%)",measure
ictskillsoft_ag15t24_f,"Proportion of youth and adults that found, downloaded, installed and configured sofware and apps, 15-24 years old, female (%)",measure
ictskillsoft_ag15t24_gpia,"Proportion of youth and adults that found, downloaded, installed and configured sofware and apps, 15-24 years old, adjusted gender parity index (GPIA)",measure
ictskillsoft_ag15t24_m,"Proportion of youth and adults that found, downloaded, installed and configured sofware and apps, 15-24 years old, male (%)",measure
ictskillsoft_ag25t74,"Proportion of youth and adults that found, downloaded, installed and configured sofware and apps, 25-74 years old, both sexes (%)",measure
ictskillsoft_ag25t74_f,"Proportion of youth and adults that found, downloaded, installed and configured sofware and apps, 25-74 years old, female (%)",measure
ictskillsoft_ag25t74_gpia,"Proportion of youth and adults that found, downloaded, installed and configured sofware and apps, 25-74 years old, adjusted gender parity index (GPIA)",measure
ictskillsoft_ag25t74_m,"Proportion of youth and adults that found, downloaded, installed and configured sofware and apps, 25-74 years old, male (%)",measure
ictskillsoft_ag75orover,"Proportion of youth and adults that found, downloaded, installed and configured sofware and apps, 75 years old or over, both sexes (%)",measure
ictskillsoft_ag75orover_f,"Proportion of youth and adults that found, downloaded, installed and configured sofware and apps, 75 years old or over, female (%)",measure
ictskillsoft_ag75orover_gpia,"Proportion of youth and adults that found, downloaded, installed and configured sofware and apps, 75 years old or over, adjusted gender parity index (GPIA)",measure
ictskillsoft_ag75orover_m,"Proportion of youth and adults that found, downloaded, installed and configured sofware and apps, 75 years old or over, male (%)",measure
ictskillsoft_agunder15y,"Proportion of youth and adults that found, downloaded, installed and configured sofware and apps, under 15 years old, both sexes (%)",measure
ictskillsoft_agunder15y_f,"Proportion of youth and adults that found, downloaded, installed and configured sofware and apps, under 15 years old, female (%)",measure
ictskillsoft_agunder15y_gpia,"Proportion of youth and adults that found, downloaded, installed and configured sofware and apps, under 15 years old, adjusted gender parity index (GPIA)",measure
ictskillsoft_agunder15y_m,"Proportion of youth and adults that found, downloaded, installed and configured sofware and apps, under 15 years old, male (%)",measure
ictskillsoft_f,"Proportion of youth and adults that found, downloaded, installed and configured sofware and apps, female (%)",measure
ictskillsoft_f_lpia,"Proportion of youth and adults that found, downloaded, installed and configured sofware and apps, female, adjusted location parity index (LPIA)",measure
ictskillsoft_gpia,"Proportion of youth and adults that found, downloaded, installed and configured sofware and apps, adjusted gender parity index (GPIA)",measure
ictskillsoft_lpia,"Proportion of youth and adults that found, downloaded, installed and configured sofware and apps, adjusted location parity index (LPIA)",measure
ictskillsoft_m,"Proportion of youth and adults that found, downloaded, installed and configured sofware and apps, male (%)",measure
ictskillsoft_m_lpia,"Proportion of youth and adults that found, downloaded, installed and configured sofware and apps, male, adjusted location parity index (LPIA)",measure
ictskillsoft_rur,"Proportion of youth and adults that found, downloaded, installed and configured sofware and apps, rural, both sexes (%)",measure
ictskillsoft_rur_f,"Proportion of youth and adults that found, downloaded, installed and configured sofware and apps, rural, female (%)",measure
ictskillsoft_rur_gpia,"Proportion of youth and adults that found, downloaded, installed and configured sofware and apps, rural, adjusted gender parity index (GPIA)",measure
ictskillsoft_rur_m,"Proportion of youth and adults that found, downloaded, installed and configured sofware and apps, rural, male (%)",measure
ictskillsoft_urb,"Proportion of youth and adults that found, downloaded, installed and configured sofware and apps, urban, both sexes (%)",measure
ictskillsoft_urb_f,"Proportion of youth and adults that found, downloaded, installed and configured sofware and apps, urban, female (%)",measure
ictskillsoft_urb_gpia,"Proportion of youth and adults that found, downloaded, installed and configured sofware and apps, urban, adjusted gender parity index (GPIA)",measure
ictskillsoft_urb_m,"Proportion of youth and adults that found, downloaded, installed and configured sofware and apps, urban, male (%)",measure
ictskillvoip,"Proportion of youth and adults that made calls (telephoning over the Internet/VoIP, using Skype, Whatsapp, Viber, iTalk, etc.; includes video calls via webcam), both sexes (%)",measure
ictskillvoip_ag15t24,"Proportion of youth and adults that made calls (telephoning over the Internet/VoIP, using Skype, Whatsapp, Viber, iTalk, etc.; includes video calls via webcam), 15-24 years old, both sexes (%)",measure
ictskillvoip_ag15t24_f,"Proportion of youth and adults that made calls (telephoning over the Internet/VoIP, using Skype, Whatsapp, Viber, iTalk, etc.; includes video calls via webcam), 15-24 years old, female (%)",measure
ictskillvoip_ag15t24_gpia,"Proportion of youth and adults that made calls (telephoning over the Internet/VoIP, using Skype, Whatsapp, Viber, iTalk, etc.; includes video calls via webcam), 15-24 years old, adjusted gender parity index (GPIA)",measure
ictskillvoip_ag15t24_m,"Proportion of youth and adults that made calls (telephoning over the Internet/VoIP, using Skype, Whatsapp, Viber, iTalk, etc.; includes video calls via webcam), 15-24 years old, male (%)",measure
ictskillvoip_ag25t74,"Proportion of youth and adults that made calls (telephoning over the Internet/VoIP, using Skype, Whatsapp, Viber, iTalk, etc.; includes video calls via webcam), 25-74 years old, both sexes (%)",measure
ictskillvoip_ag25t74_f,"Proportion of youth and adults that made calls (telephoning over the Internet/VoIP, using Skype, Whatsapp, Viber, iTalk, etc.; includes video calls via webcam), 25-74 years old, female (%)",measure
ictskillvoip_ag25t74_gpia,"Proportion of youth and adults that made calls (telephoning over the Internet/VoIP, using Skype, Whatsapp, Viber, iTalk, etc.; includes video calls via webcam), 25-74 years old, adjusted gender parity index (GPIA)",measure
ictskillvoip_ag25t74_m,"Proportion of youth and adults that made calls (telephoning over the Internet/VoIP, using Skype, Whatsapp, Viber, iTalk, etc.; includes video calls via webcam), 25-74 years old, male (%)",measure
ictskillvoip_ag75orover,"Proportion of youth and adults that made calls (telephoning over the Internet/VoIP, using Skype, Whatsapp, Viber, iTalk, etc.; includes video calls via webcam), 75 years old or over, both sexes (%)",measure
ictskillvoip_ag75orover_f,"Proportion of youth and adults that made calls (telephoning over the Internet/VoIP, using Skype, Whatsapp, Viber, iTalk, etc.; includes video calls via webcam), 75 years old or over, female (%)",measure
ictskillvoip_ag75orover_gpia,"Proportion of youth and adults that made calls (telephoning over the Internet/VoIP, using Skype, Whatsapp, Viber, iTalk, etc.; includes video calls via webcam), 75 years old or over, adjusted gender parity index (GPIA)",measure
ictskillvoip_ag75orover_m,"Proportion of youth and adults that made calls (telephoning over the Internet/VoIP, using Skype, Whatsapp, Viber, iTalk, etc.; includes video calls via webcam), 75 years old or over, male (%)",measure
ictskillvoip_agunder15y,"Proportion of youth and adults that made calls (telephoning over the Internet/VoIP, using Skype, Whatsapp, Viber, iTalk, etc.; includes video calls via webcam), under 15 years old, both sexes (%)",measure
ictskillvoip_agunder15y_f,"Proportion of youth and adults that made calls (telephoning over the Internet/VoIP, using Skype, Whatsapp, Viber, iTalk, etc.; includes video calls via webcam), under 15 years old, female (%)",measure
ictskillvoip_agunder15y_gpia,"Proportion of youth and adults that made calls (telephoning over the Internet/VoIP, using Skype, Whatsapp, Viber, iTalk, etc.; includes video calls via webcam), under 15 years old, adjusted gender parity index (GPIA)",measure
ictskillvoip_agunder15y_m,"Proportion of youth and adults that made calls (telephoning over the Internet/VoIP, using Skype, Whatsapp, Viber, iTalk, etc.; includes video calls via webcam), under 15 years old, male (%)",measure
ictskillvoip_f,"Proportion of youth and adults that made calls (telephoning over the Internet/VoIP, using Skype, Whatsapp, Viber, iTalk, etc.; includes video calls via webcam), female (%)",measure
ictskillvoip_f_lpia,"Proportion of youth and adults that made calls (telephoning over the Internet/VoIP, using Skype, Whatsapp, Viber, iTalk, etc.; includes video calls via webcam), female, adjusted location parity index (LPIA)",measure
ictskillvoip_gpia,"Proportion of youth and adults that made calls (telephoning over the Internet/VoIP, using Skype, Whatsapp, Viber, iTalk, etc.; includes video calls via webcam), adjusted gender parity index (GPIA)",measure
ictskillvoip_lpia,"Proportion of youth and adults that made calls (telephoning over the Internet/VoIP, using Skype, Whatsapp, Viber, iTalk, etc.; includes video calls via webcam), adjusted location parity index (LPIA)",measure
ictskillvoip_m,"Proportion of youth and adults that made calls (telephoning over the Internet/VoIP, using Skype, Whatsapp, Viber, iTalk, etc.; includes video calls via webcam), male (%)",measure
ictskillvoip_m_lpia,"Proportion of youth and adults that made calls (telephoning over the Internet/VoIP, using Skype, Whatsapp, Viber, iTalk, etc.; includes video calls via webcam), male, adjusted location parity index (LPIA)",measure
ictskillvoip_rur,"Proportion of youth and adults that made calls (telephoning over the Internet/VoIP, using Skype, Whatsapp, Viber, iTalk, etc.; includes video calls via webcam), rural, both sexes (%)",measure
ictskillvoip_rur_f,"Proportion of youth and adults that made calls (telephoning over the Internet/VoIP, using Skype, Whatsapp, Viber, iTalk, etc.; includes video calls via webcam), rural, female (%)",measure
ictskillvoip_rur_gpia,"Proportion of youth and adults that made calls (telephoning over the Internet/VoIP, using Skype, Whatsapp, Viber, iTalk, etc.; includes video calls via webcam), rural, adjusted gender parity index (GPIA)",measure
ictskillvoip_rur_m,"Proportion of youth and adults that made calls (telephoning over the Internet/VoIP, using Skype, Whatsapp, Viber, iTalk, etc.; includes video calls via webcam), rural, male (%)",measure
ictskillvoip_urb,"Proportion of youth and adults that made calls (telephoning over the Internet/VoIP, using Skype, Whatsapp, Viber, iTalk, etc.; includes video calls via webcam), urban, both sexes (%)",measure
ictskillvoip_urb_f,"Proportion of youth and adults that made calls (telephoning over the Internet/VoIP, using Skype, Whatsapp, Viber, iTalk, etc.; includes video calls via webcam), urban, female (%)",measure
ictskillvoip_urb_gpia,"Proportion of youth and adults that made calls (telephoning over the Internet/VoIP, using Skype, Whatsapp, Viber, iTalk, etc.; includes video calls via webcam), urban, adjusted gender parity index (GPIA)",measure
ictskillvoip_urb_m,"Proportion of youth and adults that made calls (telephoning over the Internet/VoIP, using Skype, Whatsapp, Viber, iTalk, etc.; includes video calls via webcam), urban, male (%)",measure
ictskillvrfy,"Proportion of youth and adults who have verified the reliability of information found online, both sexes (%)",measure
ictskillvrfy_ag15t24,"Proportion of youth and adults who have verified the reliability of information found online, 15-24 years old, both sexes (%)",measure
ictskillvrfy_ag15t24_f,"Proportion of youth and adults who have verified the reliability of information found online, 15-24 years old, female (%)",measure
ictskillvrfy_ag15t24_gpia,"Proportion of youth and adults who have verified the reliability of information found online, 15-24 years old, adjusted gender parity index (GPIA)",measure
ictskillvrfy_ag15t24_m,"Proportion of youth and adults who have verified the reliability of information found online, 15-24 years old, male (%)",measure
ictskillvrfy_ag25t74,"Proportion of youth and adults who have verified the reliability of information found online, 25-74 years old, both sexes (%)",measure
ictskillvrfy_ag25t74_f,"Proportion of youth and adults who have verified the reliability of information found online, 25-74 years old, female (%)",measure
ictskillvrfy_ag25t74_gpia,"Proportion of youth and adults who have verified the reliability of information found online, 25-74 years old, adjusted gender parity index (GPIA)",measure
ictskillvrfy_ag25t74_m,"Proportion of youth and adults who have verified the reliability of information found online, 25-74 years old, male (%)",measure
ictskillvrfy_ag75orover,"Proportion of youth and adults who have verified the reliability of information found online, 75 years old or over, both sexes (%)",measure
ictskillvrfy_ag75orover_f,"Proportion of youth and adults who have verified the reliability of information found online, 75 years old or over, female (%)",measure
ictskillvrfy_ag75orover_gpia,"Proportion of youth and adults who have verified the reliability of information found online, 75 years old or over, adjusted gender parity index (GPIA)",measure
ictskillvrfy_ag75orover_m,"Proportion of youth and adults who have verified the reliability of information found online, 75 years old or over, male (%)",measure
ictskillvrfy_agunder15y,"Proportion of youth and adults who have verified the reliability of information found online, under 15 years old, both sexes (%)",measure
ictskillvrfy_agunder15y_f,"Proportion of youth and adults who have verified the reliability of information found online, under 15 years old, female (%)",measure
ictskillvrfy_agunder15y_gpia,"Proportion of youth and adults who have verified the reliability of information found online, under 15 years old, adjusted gender parity index (GPIA)",measure
ictskillvrfy_agunder15y_m,"Proportion of youth and adults who have verified the reliability of information found online, under 15 years old, male (%)",measure
ictskillvrfy_f,"Proportion of youth and adults who have verified the reliability of information found online, female (%)",measure
ictskillvrfy_f_lpia,"Proportion of youth and adults who have verified the reliability of information found online, female, adjusted location parity index (LPIA)",measure
ictskillvrfy_gpia,"Proportion of youth and adults who have verified the reliability of information found online, adjusted gender parity index (GPIA)",measure
ictskillvrfy_lpia,"Proportion of youth and adults who have verified the reliability of information found online, adjusted location parity index (LPIA)",measure
ictskillvrfy_m,"Proportion of youth and adults who have verified the reliability of information found online, male (%)",measure
ictskillvrfy_m_lpia,"Proportion of youth and adults who have verified the reliability of information found online, male, adjusted location parity index (LPIA)",measure
ictskillvrfy_rur,"Proportion of youth and adults who have verified the reliability of information found online, rural, both sexes (%)",measure
ictskillvrfy_rur_f,"Proportion of youth and adults who have verified the reliability of information found online, rural, female (%)",measure
ictskillvrfy_rur_gpia,"Proportion of youth and adults who have verified the reliability of information found online, rural, adjusted gender parity index (GPIA)",measure
ictskillvrfy_rur_m,"Proportion of youth and adults who have verified the reliability of information found online, rural, male (%)",measure
ictskillvrfy_urb,"Proportion of youth and adults who have verified the reliability of information found online, urban, both sexes (%)",measure
ictskillvrfy_urb_f,"Proportion of youth and adults who have verified the reliability of information found online, urban, female (%)",measure
ictskillvrfy_urb_gpia,"Proportion of youth and adults who have verified the reliability of information found online, urban, adjusted gender parity index (GPIA)",measure
ictskillvrfy_urb_m,"Proportion of youth and adults who have verified the reliability of information found online, urban, male (%)",measure
lr_ag15t24,"Youth literacy rate, population 15-24 years, both sexes (%)",measure
lr_ag15t24_f,"Youth literacy rate, population 15-24 years, female (%)",measure
lr_ag15t24_f_lpia,"Youth literacy rate, population 15-24 years, female, adjusted location parity index (LPIA)",measure
lr_ag15t24_f_npia,"Youth literacy rate, population 15-24 years, female, adjusted native parity index (NPIA)",measure
lr_ag15t24_f_wpia,"Youth literacy rate, population 15-24 years, female, adjusted wealth parity index (WPIA)",measure
lr_ag15t24_gpia,"Youth literacy rate, population 15-24 years, adjusted gender parity index (GPIA)",measure
lr_ag15t24_lpia,"Youth literacy rate, population 15-24 years, adjusted location parity index (LPIA)",measure
lr_ag15t24_m,"Youth literacy rate, population 15-24 years, male (%)",measure
lr_ag15t24_m_lpia,"Youth literacy rate, population 15-24 years, male, adjusted location parity index (LPIA)",measure
lr_ag15t24_m_npia,"Youth literacy rate, population 15-24 years, male, adjusted native parity index (NPIA)",measure
lr_ag15t24_m_wpia,"Youth literacy rate, population 15-24 years, male, adjusted wealth parity index (WPIA)",measure
lr_ag15t24_native,"Youth literacy rate, population 15-24 years, non-immigrant background, both sexes (%)",measure
lr_ag15t24_native_f,"Youth literacy rate, population 15-24 years, non-immigrant background, female (%)",measure
lr_ag15t24_native_gpia,"Youth literacy rate, population 15-24 years, non-immigrant background, adjusted gender parity index (GPIA)",measure
lr_ag15t24_native_m,"Youth literacy rate, population 15-24 years, non-immigrant background, male (%)",measure
lr_ag15t24_nonnative,"Youth literacy rate, population 15-24 years, immigrant background, both sexes (%)",measure
lr_ag15t24_nonnative_f,"Youth literacy rate, population 15-24 years, immigrant background, female (%)",measure
lr_ag15t24_nonnative_gpia,"Youth literacy rate, population 15-24 years, immigrant background, adjusted gender parity index (GPIA)",measure
lr_ag15t24_nonnative_m,"Youth literacy rate, population 15-24 years, immigrant background, male (%)",measure
lr_ag15t24_npia,"Youth literacy rate, population 15-24 years, adjusted native parity index (NPIA)",measure
lr_ag15t24_q1,"Youth literacy rate, population 15-24 years, poorest quintile, both sexes (%)",measure
lr_ag15t24_q1_f,"Youth literacy rate, population 15-24 years, poorest quintile, female (%)",measure
lr_ag15t24_q1_gpia,"Youth literacy rate, population 15-24 years, poorest quintile, adjusted gender parity index (GPIA)",measure
lr_ag15t24_q1_m,"Youth literacy rate, population 15-24 years, poorest quintile, male (%)",measure
lr_ag15t24_q5,"Youth literacy rate, population 15-24 years, richest quintile, both sexes (%)",measure
lr_ag15t24_q5_f,"Youth literacy rate, population 15-24 years, richest quintile, female (%)",measure
lr_ag15t24_q5_gpia,"Youth literacy rate, population 15-24 years, richest quintile, adjusted gender parity index (GPIA)",measure
lr_ag15t24_q5_m,"Youth literacy rate, population 15-24 years, richest quintile, male (%)",measure
lr_ag15t24_rur,"Youth literacy rate, population 15-24 years, rural, both sexes (%)",measure
lr_ag15t24_rur_f,"Youth literacy rate, population 15-24 years, rural, female (%)",measure
lr_ag15t24_rur_gpia,"Youth literacy rate, population 15-24 years, rural, adjusted gender parity index (GPIA)",measure
lr_ag15t24_rur_m,"Youth literacy rate, population 15-24 years, rural, male (%)",measure
lr_ag15t24_urb,"Youth literacy rate, population 15-24 years, urban, both sexes (%)",measure
lr_ag15t24_urb_f,"Youth literacy rate, population 15-24 years, urban, female (%)",measure
lr_ag15t24_urb_gpia,"Youth literacy rate, population 15-24 years, urban, adjusted gender parity index (GPIA)",measure
lr_ag15t24_urb_m,"Youth literacy rate, population 15-24 years, urban, male (%)",measure
lr_ag15t24_wpia,"Youth literacy rate, population 15-24 years, adjusted wealth parity index (WPIA)",measure
lr_ag15t99,"Adult literacy rate, population 15+ years, both sexes (%)",measure
lr_ag15t99_f,"Adult literacy rate, population 15+ years, female (%)",measure
lr_ag15t99_f_lpia,"Adult literacy rate, population 15+ years, female, adjusted location parity index (LPIA)",measure
lr_ag15t99_f_npia,"Adult literacy rate, population 15+ years, female, adjusted native parity index (NPIA)",measure
lr_ag15t99_f_wpia,"Adult literacy rate, population 15+ years, female, adjusted wealth parity index (WPIA)",measure
lr_ag15t99_gpia,"Adult literacy rate, population 15+ years, adjusted gender parity index (GPIA)",measure
lr_ag15t99_lpia,"Adult literacy rate, population 15+ years, adjusted location parity index (LPIA)",measure
lr_ag15t99_m,"Adult literacy rate, population 15+ years, male (%)",measure
lr_ag15t99_m_lpia,"Adult literacy rate, population 15+ years, male, adjusted location parity index (LPIA)",measure
lr_ag15t99_m_npia,"Adult literacy rate, population 15+ years, male, adjusted native parity index (NPIA)",measure
lr_ag15t99_m_wpia,"Adult literacy rate, population 15+ years, male, adjusted wealth parity index (WPIA)",measure
lr_ag15t99_native,"Adult literacy rate, population 15+ years, non-immigrant background, both sexes (%)",measure
lr_ag15t99_native_f,"Adult literacy rate, population 15+ years, non-immigrant background, female (%)",measure
lr_ag15t99_native_gpia,"Adult literacy rate, population 15+ years, non-immigrant background, adjusted gender parity index (GPIA)",measure
lr_ag15t99_native_m,"Adult literacy rate, population 15+ years, non-immigrant background, male (%)",measure
lr_ag15t99_nonnative,"Adult literacy rate, population 15+ years, immigrant background, both sexes (%)",measure
lr_ag15t99_nonnative_f,"Adult literacy rate, population 15+ years, immigrant background, female (%)",measure
lr_ag15t99_nonnative_gpia,"Adult literacy rate, population 15+ years, immigrant background, adjusted gender parity index (GPIA)",measure
lr_ag15t99_nonnative_m,"Adult literacy rate, population 15+ years, immigrant background, male (%)",measure
lr_ag15t99_npia,"Adult literacy rate, population 15+ years, adjusted native parity index (NPIA)",measure
lr_ag15t99_q1,"Adult literacy rate, population 15+ years, poorest quintile, both sexes (%)",measure
lr_ag15t99_q1_f,"Adult literacy rate, population 15+ years, poorest quintile, female (%)",measure
lr_ag15t99_q1_gpia,"Adult literacy rate, population 15+ years, poorest quintile, adjusted gender parity index (GPIA)",measure
lr_ag15t99_q1_m,"Adult literacy rate, population 15+ years,  poorest quintile, male (%)",measure
lr_ag15t99_q5,"Adult literacy rate, population 15+ years, richest quintile, both sexes (%)",measure
lr_ag15t99_q5_f,"Adult literacy rate, population 15+ years, richest quintile, female (%)",measure
lr_ag15t99_q5_gpia,"Adult literacy rate, population 15+ years, richest quintile, adjusted gender parity index (GPIA)",measure
lr_ag15t99_q5_m,"Adult literacy rate, population 15+ years, , richest quintile, male (%)",measure
lr_ag15t99_rur,"Adult literacy rate, population 15+ years, rural, both sexes (%)",measure
lr_ag15t99_rur_f,"Adult literacy rate, population 15+ years, rural, female (%)",measure
lr_ag15t99_rur_gpia,"Adult literacy rate, population 15+ years, rural, adjusted gender parity index (GPIA)",measure
lr_ag15t99_rur_m,"Adult literacy rate, population 15+ years, rural, male (%)",measure
lr_ag15t99_urb,"Adult literacy rate, population 15+ years, urban, both sexes (%)",measure
lr_ag15t99_urb_f,"Adult literacy rate, population 15+ years, urban, female (%)",measure
lr_ag15t99_urb_gpia,"Adult literacy rate, population 15+ years, urban, adjusted gender parity index (GPIA)",measure
lr_ag15t99_urb_m,"Adult literacy rate, population 15+ years, urban, male (%)",measure
lr_ag15t99_wpia,"Adult literacy rate, population 15+ years, adjusted wealth parity index (WPIA)",measure
lr_ag25t64,"Literacy rate, population 25-64 years, both sexes (%)",measure
lr_ag25t64_f,"Literacy rate, population 25-64 years, female (%)",measure
lr_ag25t64_f_lpia,"Literacy rate, population 25-64 years, female, adjusted location parity index (LPIA)",measure
lr_ag25t64_f_npia,"Literacy rate, population 25-64 years, female, adjusted native parity index (NPIA)",measure
lr_ag25t64_f_wpia,"Literacy rate, population 25-64 years, female, adjusted wealth parity index (WPIA)",measure
lr_ag25t64_gpia,"Literacy rate, population 25-64 years, adjusted gender parity index (GPIA)",measure
lr_ag25t64_lpia,"Literacy rate, population 25-64 years, adjusted location parity index (LPIA)",measure
lr_ag25t64_m,"Literacy rate, population 25-64 years, male (%)",measure
lr_ag25t64_m_lpia,"Literacy rate, population 25-64 years, male, adjusted location parity index (LPIA)",measure
lr_ag25t64_m_npia,"Literacy rate, population 25-64 years, male, adjusted native parity index (NPIA)",measure
lr_ag25t64_m_wpia,"Literacy rate, population 25-64 years, male, adjusted wealth parity index (WPIA)",measure
lr_ag25t64_native,"Literacy rate, population 25-64 years, non-immigrant background, both sexes (%)",measure
lr_ag25t64_native_f,"Literacy rate, population 25-64 years, non-immigrant background, female (%)",measure
lr_ag25t64_native_gpia,"Literacy rate, population 25-64 years, non-immigrant background, adjusted gender parity index (GPIA)",measure
lr_ag25t64_native_m,"Literacy rate, population 25-64 years, non-immigrant background, male (%)",measure
lr_ag25t64_nonnative,"Literacy rate, population 25-64 years, immigrant background, both sexes (%)",measure
lr_ag25t64_nonnative_f,"Literacy rate, population 25-64 years, immigrant background, female (%)",measure
lr_ag25t64_nonnative_gpia,"Literacy rate, population 25-64 years, immigrant background, adjusted gender parity index (GPIA)",measure
lr_ag25t64_nonnative_m,"Literacy rate, population 25-64 years, immigrant background, male (%)",measure
lr_ag25t64_npia,"Literacy rate, population 25-64 years, adjusted native parity index (NPIA)",measure
lr_ag25t64_q1,"Literacy rate, population 25-64 years, poorest quintile, both sexes (%)",measure
lr_ag25t64_q1_f,"Literacy rate, population 25-64 years, poorest quintile, female (%)",measure
lr_ag25t64_q1_gpia,"Literacy rate, population 25-64 years, poorest quintile, adjusted gender parity index (GPIA)",measure
lr_ag25t64_q1_m,"Literacy rate, population 25-64 years, poorest quintile, male (%)",measure
lr_ag25t64_q5,"Literacy rate, population 25-64 years, richest quintile, both sexes (%)",measure
lr_ag25t64_q5_f,"Literacy rate, population 25-64 years, richest quintile, female (%)",measure
lr_ag25t64_q5_gpia,"Literacy rate, population 25-64 years, richest quintile, adjusted gender parity index (GPIA)",measure
lr_ag25t64_q5_m,"Literacy rate, population 25-64 years, richest quintile, male (%)",measure
lr_ag25t64_rur,"Literacy rate, population 25-64 years, rural, both sexes (%)",measure
lr_ag25t64_rur_f,"Literacy rate, population 25-64 years, rural, female (%)",measure
lr_ag25t64_rur_gpia,"Literacy rate, population 25-64 years, rural, adjusted gender parity index (GPIA)",measure
lr_ag25t64_rur_m,"Literacy rate, population 25-64 years, rural, male (%)",measure
lr_ag25t64_urb,"Literacy rate, population 25-64 years, urban, both sexes (%)",measure
lr_ag25t64_urb_f,"Literacy rate, population 25-64 years, urban, female (%)",measure
lr_ag25t64_urb_gpia,"Literacy rate, population 25-64 years, urban, adjusted gender parity index (GPIA)",measure
lr_ag25t64_urb_m,"Literacy rate, population 25-64 years, urban, male (%)",measure
lr_ag25t64_wpia,"Literacy rate, population 25-64 years, adjusted wealth parity index (WPIA)",measure
lr_ag65t99,"Elderly literacy rate, population 65+ years, both sexes (%)",measure
lr_ag65t99_f,"Elderly literacy rate, population 65+ years, female (%)",measure
lr_ag65t99_f_lpia,"Elderly literacy rate, population 65+ years, female, adjusted location parity index (LPIA)",measure
lr_ag65t99_f_npia,"Elderly literacy rate, population 65+ years, female, adjusted native parity index (NPIA)",measure
lr_ag65t99_f_wpia,"Elderly literacy rate, population 65+ years, female, adjusted wealth parity index (WPIA)",measure
lr_ag65t99_gpia,"Elderly literacy rate, population 65+ years, adjusted gender parity index (GPIA)",measure
lr_ag65t99_lpia,"Elderly literacy rate, population 65+ years, adjusted location parity index (LPIA)",measure
lr_ag65t99_m,"Elderly literacy rate, population 65+ years, male (%)",measure
lr_ag65t99_m_lpia,"Elderly literacy rate, population 65+ years, male, adjusted location parity index (LPIA)",measure
lr_ag65t99_m_npia,"Elderly literacy rate, population 65+ years, male, adjusted native parity index (NPIA)",measure
lr_ag65t99_m_wpia,"Elderly literacy rate, population 65+ years, male, adjusted wealth parity index (WPIA)",measure
lr_ag65t99_native,"Elderly literacy rate, population 65+ years, non-immigrant background, both sexes (%)",measure
lr_ag65t99_native_f,"Elderly literacy rate, population 65+ years, non-immigrant background, female (%)",measure
lr_ag65t99_native_gpia,"Elderly literacy rate, population 65+ years, non-immigrant background, adjusted gender parity index (GPIA)",measure
lr_ag65t99_native_m,"Elderly literacy rate, population 65+ years, non-immigrant background, male (%)",measure
lr_ag65t99_nonnative,"Elderly literacy rate, population 65+ years, immigrant background, both sexes (%)",measure
lr_ag65t99_nonnative_f,"Elderly literacy rate, population 65+ years, immigrant background, female (%)",measure
lr_ag65t99_nonnative_gpia,"Elderly literacy rate, population 65+ years, immigrant background, adjusted gender parity index (GPIA)",measure
lr_ag65t99_nonnative_m,"Elderly literacy rate, population 65+ years, immigrant background, male (%)",measure
lr_ag65t99_npia,"Elderly literacy rate, population 65+ years, adjusted native parity index (NPIA)",measure
lr_ag65t99_q1,"Elderly literacy rate, population 65+ years, poorest quintile, both sexes (%)",measure
lr_ag65t99_q1_f,"Elderly literacy rate, population 65+ years, poorest quintile, female (%)",measure
lr_ag65t99_q1_gpia,"Elderly literacy rate, population 65+ years, poorest quintile, adjusted gender parity index (GPIA)",measure
lr_ag65t99_q1_m,"Elderly literacy rate, population 65+ years,  poorest quintile, male (%)",measure
lr_ag65t99_q5,"Elderly literacy rate, population 65+ years, richest quintile, both sexes (%)",measure
lr_ag65t99_q5_f,"Elderly literacy rate, population 65+ years, richest quintile, female (%)",measure
lr_ag65t99_q5_gpia,"Elderly literacy rate, population 65+ years, richest quintile, adjusted gender parity index (GPIA)",measure
lr_ag65t99_q5_m,"Elderly literacy rate, population 65+ years, richest quintile, male (%)",measure
lr_ag65t99_rur,"Elderly literacy rate, population 65+ years, rural, both sexes (%)",measure
lr_ag65t99_rur_f,"Elderly literacy rate, population 65+ years, rural, female (%)",measure
lr_ag65t99_rur_gpia,"Elderly literacy rate, population 65+ years, rural, adjusted gender parity index (GPIA)",measure
lr_ag65t99_rur_m,"Elderly literacy rate, population 65+ years, rural, male (%)",measure
lr_ag65t99_urb,"Elderly literacy rate, population 65+ years, urban, both sexes (%)",measure
lr_ag65t99_urb_f,"Elderly literacy rate, population 65+ years, urban, female (%)",measure
lr_ag65t99_urb_gpia,"Elderly literacy rate, population 65+ years, urban, adjusted gender parity index (GPIA)",measure
lr_ag65t99_urb_m,"Elderly literacy rate, population 65+ years, urban, male (%)",measure
lr_ag65t99_wpia,"Elderly literacy rate, population 65+ years, adjusted wealth parity index (WPIA)",measure
lr_galp_ag15t24,"Youth literacy rate, population 15-24 years, both sexes (estimate using the Global Age-Specific Literacy Projections Model) (%)",measure
lr_galp_ag15t24_f,"Youth literacy rate, population 15-24 years, female (estimate using the Global Age-Specific Literacy Projections Model) (%)",measure
lr_galp_ag15t24_gpia,"Youth literacy rate, population 15-24 years, adjusted gender parity index (estimate using the Global Age-Specific Literacy Projections Model) (GPIA)",measure
lr_galp_ag15t24_m,"Youth literacy rate, population 15-24 years, male (estimate using the Global Age-Specific Literacy Projections Model) (%)",measure
lr_galp_ag15t99,"Adult literacy rate, population 15+ years, both sexes (estimate using the Global Age-Specific Literacy Projections Model) (%)",measure
lr_galp_ag15t99_f,"Adult literacy rate, population 15+ years, female (estimate using the Global Age-Specific Literacy Projections Model) (%)",measure
lr_galp_ag15t99_gpia,"Adult literacy rate, population 15+ years, adjusted gender parity index (estimate using the Global Age-Specific Literacy Projections Model) (GPIA)",measure
lr_galp_ag15t99_m,"Adult literacy rate, population 15+ years, male (estimate using the Global Age-Specific Literacy Projections Model) (%)",measure
lr_galp_ag25t64,"Literacy rate, population 25-64 years, both sexes (estimate using the Global Age-Specific Literacy Projections Model) (%)",measure
lr_galp_ag25t64_f,"Literacy rate, population 25-64 years, female (estimate using the Global Age-Specific Literacy Projections Model) (%)",measure
lr_galp_ag25t64_gpia,"Literacy rate, population 25-64 years, adjusted gender parity index (estimate using the Global Age-Specific Literacy Projections Model) (GPIA)",measure
lr_galp_ag25t64_m,"Literacy rate, population 25-64 years, male (estimate using the Global Age-Specific Literacy Projections Model) (%)",measure
lr_galp_ag65t99,"Elderly literacy rate, population 65+ years, both sexes (estimate using the Global Age-Specific Literacy Projections Model) (%)",measure
lr_galp_ag65t99_f,"Elderly literacy rate, population 65+ years, female (estimate using the Global Age-Specific Literacy Projections Model) (%)",measure
lr_galp_ag65t99_gpia,"Elderly literacy rate, population 65+ years, adjusted gender parity index (estimate using the Global Age-Specific Literacy Projections Model) (GPIA)",measure
lr_galp_ag65t99_m,"Elderly literacy rate, population 65+ years, male (estimate using the Global Age-Specific Literacy Projections Model) (%)",measure
math_g2,"Proportion of students in Grade 2 achieving at least a minimum proficiency level in mathematics, both sexes (%)",measure
math_g2_f,"Proportion of students in Grade 2 achieving at least a minimum proficiency level in mathematics, female (%)",measure
math_g2_gpia,"Proportion of students in Grade 2 achieving at least a minimum proficiency level in mathematics, adjusted gender parity index (GPIA)",measure
math_g2_highses,"Proportion of students in Grade 2 achieving at least a minimum proficiency level in mathematics, very affluent socioeconomic background, both sexes (%)",measure
math_g2_langtest,"Proportion of students in Grade 2 achieving at least a minimum proficiency level in mathematics, spoke the language of the test at home, both sexes (%)",measure
math_g2_lowses,"Proportion of students in Grade 2 achieving at least a minimum proficiency level in mathematics, very poor socioeconomic background, both sexes (%)",measure
math_g2_lpia,"Proportion of students in Grade 2 achieving at least a minimum proficiency level in mathematics, adjusted location parity index (LPIA)",measure
math_g2_ltpia,"Proportion of students in Grade 2 achieving at least a minimum proficiency level in mathematics, adjusted speaks language of the test parity index (LTPIA)",measure
math_g2_m,"Proportion of students in Grade 2 achieving at least a minimum proficiency level in mathematics, male (%)",measure
math_g2_native,"Proportion of students in Grade 2 achieving at least a minimum proficiency level in mathematics, non-immigrant background, both sexes (%)",measure
math_g2_nonlangtest,"Proportion of students in Grade 2 achieving at least a minimum proficiency level in mathematics, did not speak the language of the test at home, both sexes (%)",measure
math_g2_nonnative,"Proportion of students in Grade 2 achieving at least a minimum proficiency level in mathematics, immigrant background, both sexes (%)",measure
math_g2_npia,"Proportion of students in Grade 2 achieving at least a minimum proficiency level in mathematics, adjusted native parity index (NPIA)",measure
math_g2_rural,"Proportion of students in Grade 2 achieving at least a minimum proficiency level in mathematics, rural areas, both sexes (%)",measure
math_g2_urban,"Proportion of students in Grade 2 achieving at least a minimum proficiency level in mathematics, urban areas, both sexes (%)",measure
math_g2_wpia,"Proportion of students in Grade 2 achieving at least a minimum proficiency level in mathematics, adjusted wealth parity index (WPIA)",measure
math_g3,"Proportion of students in Grade 3 achieving at least a minimum proficiency level in mathematics, both sexes (%)",measure
math_g3_f,"Proportion of students in Grade 3 achieving at least a minimum proficiency level in mathematics, female (%)",measure
math_g3_gpia,"Proportion of students in Grade 3 achieving at least a minimum proficiency level in mathematics, adjusted gender parity index (GPIA)",measure
math_g3_highses,"Proportion of students in Grade 3 achieving at least a minimum proficiency level in mathematics, very affluent socioeconomic background, both sexes (%)",measure
math_g3_langtest,"Proportion of students in Grade 3 achieving at least a minimum proficiency level in mathematics, spoke the language of the test at home, both sexes (%)",measure
math_g3_lowses,"Proportion of students in Grade 3 achieving at least a minimum proficiency level in mathematics, very poor socioeconomic background, both sexes (%)",measure
math_g3_lpia,"Proportion of students in Grade 3 achieving at least a minimum proficiency level in mathematics, adjusted location parity index (LPIA)",measure
math_g3_ltpia,"Proportion of students in Grade 3 achieving at least a minimum proficiency level in mathematics, adjusted speaks language of the test parity index (LTPIA)",measure
math_g3_m,"Proportion of students in Grade 3 achieving at least a minimum proficiency level in mathematics, male (%)",measure
math_g3_native,"Proportion of students in Grade 3 achieving at least a minimum proficiency level in mathematics, non-immigrant background, both sexes (%)",measure
math_g3_nonlangtest,"Proportion of students in Grade 3 achieving at least a minimum proficiency level in mathematics, did not speak the language of the test at home, both sexes (%)",measure
math_g3_nonnative,"Proportion of students in Grade 3 achieving at least a minimum proficiency level in mathematics, immigrant background, both sexes (%)",measure
math_g3_npia,"Proportion of students in Grade 3 achieving at least a minimum proficiency level in mathematics, adjusted native parity index (NPIA)",measure
math_g3_rural,"Proportion of students in Grade 3 achieving at least a minimum proficiency level in mathematics, rural areas, both sexes (%)",measure
math_g3_urban,"Proportion of students in Grade 3 achieving at least a minimum proficiency level in mathematics, urban areas, both sexes (%)",measure
math_g3_wpia,"Proportion of students in Grade 3 achieving at least a minimum proficiency level in mathematics, adjusted wealth parity index (WPIA)",measure
math_lowersec,"Proportion of students at the end of lower secondary education achieving at least a minimum proficiency level in mathematics, both sexes (%)",measure
math_lowersec_f,"Proportion of students at the end of lower secondary education achieving at least a minimum proficiency level in mathematics, female (%)",measure
math_lowersec_gpia,"Proportion of students at the end of lower secondary achieving at least a minimum proficiency level in mathematics, adjusted gender parity index (GPIA)",measure
math_lowersec_highses,"Proportion of students at the end of lower secondary education achieving at least a minimum proficiency level in mathematics, very affluent socioeconomic background, both sexes (%)",measure
math_lowersec_langtest,"Proportion of students at the end of lower secondary education achieving at least a minimum proficiency level in mathematics, spoke the language of the test at home, both sexes (%)",measure
math_lowersec_lowses,"Proportion of students at the end of lower secondary education achieving at least a minimum proficiency level in mathematics, very poor socioeconomic background, both sexes (%)",measure
math_lowersec_lpia,"Proportion of students at the end of lower secondary achieving at least a minimum proficiency level in mathematics, adjusted location parity index (LPIA)",measure
math_lowersec_ltpia,"Proportion of students at the end of lower secondary education achieving at least a minimum proficiency level in mathematics, adjusted speaks language of the test parity index (LTPIA)",measure
math_lowersec_m,"Proportion of students at the end of lower secondary education achieving at least a minimum proficiency level in mathematics, male (%)",measure
math_lowersec_native,"Proportion of students at the end of lower secondary education achieving at least a minimum proficiency level in mathematics, non-immigrant background, both sexes (%)",measure
math_lowersec_nonlangtest,"Proportion of students at the end of lower secondary education achieving at least a minimum proficiency level in mathematics, did not speak the language of the test at home, both sexes (%)",measure
math_lowersec_nonnative,"Proportion of students at the end of lower secondary education achieving at least a minimum proficiency level in mathematics, immigrant background, both sexes (%)",measure
math_lowersec_npia,"Proportion of students at the end of lower secondary education achieving at least a minimum proficiency level in mathematics, adjusted native parity index (NPIA)",measure
math_lowersec_rural,"Proportion of students at the end of lower secondary education achieving at least a minimum proficiency level in mathematics, rural areas, both sexes (%)",measure
math_lowersec_urban,"Proportion of students at the end of lower secondary education achieving at least a minimum proficiency level in mathematics, urban areas, both sexes (%)",measure
math_lowersec_wpia,"Proportion of students at the end of lower secondary achieving at least a minimum proficiency level in mathematics, adjusted wealth parity index (WPIA)",measure
math_primary,"Proportion of students at the end of primary education achieving at least a minimum proficiency level in mathematics, both sexes (%)",measure
math_primary_f,"Proportion of students at the end of primary education achieving at least a minimum proficiency level in mathematics, female (%)",measure
math_primary_gpia,"Proportion of students at the end of primary achieving at least a minimum proficiency level in mathematics, adjusted gender parity index (GPIA)",measure
math_primary_highses,"Proportion of students at the end of primary education achieving at least a minimum proficiency level in mathematics, very affluent socioeconomic background, both sexes (%)",measure
math_primary_langtest,"Proportion of students at the end of primary education achieving at least a minimum proficiency level in mathematics, spoke the language of the test at home, both sexes (%)",measure
math_primary_lowses,"Proportion of students at the end of primary education achieving at least a minimum proficiency level in mathematics, very poor socioeconomic background, both sexes (%)",measure
math_primary_lpia,"Proportion of students at the end of primary achieving at least a minimum proficiency level in mathematics, adjusted location parity index (LPIA)",measure
math_primary_ltpia,"Proportion of students at the end of primary education achieving at least a minimum proficiency level in mathematics, adjusted speaks language of the test parity index (LTPIA)",measure
math_primary_m,"Proportion of students at the end of primary education achieving at least a minimum proficiency level in mathematics, male (%)",measure
math_primary_native,"Proportion of students at the end of primary education achieving at least a minimum proficiency level in mathematics, non-immigrant background, both sexes (%)",measure
math_primary_nonlangtest,"Proportion of students at the end of primary education achieving at least a minimum proficiency level in mathematics, did not speak the language of the test at home, both sexes (%)",measure
math_primary_nonnative,"Proportion of students at the end of primary education achieving at least a minimum proficiency level in mathematics, immigrant background, both sexes (%)",measure
math_primary_npia,"Proportion of students at the end of primary education achieving at least a minimum proficiency level in mathematics, adjusted native parity index (NPIA)",measure
math_primary_rural,"Proportion of students at the end of primary education achieving at least a minimum proficiency level in mathematics, rural areas, both sexes (%)",measure
math_primary_urban,"Proportion of students at the end of primary education achieving at least a minimum proficiency level in mathematics, urban areas, both sexes (%)",measure
math_primary_wpia,"Proportion of students at the end of primary achieving at least a minimum proficiency level in mathematics, adjusted wealth parity index (WPIA)",measure
n_attacks,"Number of attacks on students, personnel and institutions",measure
nara_agm1,"Adjusted net attendance rate, one year before the official primary entry age, both sexes (%)",measure
nara_agm1_f,"Adjusted net attendance rate, one year before the official primary entry age, female (%)",measure
nara_agm1_f_lpia,"Adjusted net attendance rate, one year before the official primary entry age, female, adjusted location parity index (LPIA)",measure
nara_agm1_f_wpia,"Adjusted net attendance rate, one year before the official primary entry age, female, adjusted wealth parity index (WPIA)",measure
nara_agm1_gpia,"Adjusted net attendance rate, one year before the official primary entry age, adjusted gender parity index (GPIA)",measure
nara_agm1_lpia,"Adjusted net attendance rate, one year before the official primary entry age, adjusted location parity index (LPIA)",measure
nara_agm1_m,"Adjusted net attendance rate, one year before the official primary entry age, male (%)",measure
nara_agm1_m_lpia,"Adjusted net attendance rate, one year before the official primary entry age, male, adjusted location parity index (LPIA)",measure
nara_agm1_m_wpia,"Adjusted net attendance rate, one year before the official primary entry age, male, adjusted wealth parity index (WPIA)",measure
nara_agm1_q1,"Adjusted net attendance rate, one year before the official primary entry age, poorest quintile, both sexes (%)",measure
nara_agm1_q1_f,"Adjusted net attendance rate, one year before the official primary entry age, poorest quintile, female (%)",measure
nara_agm1_q1_f_lpia,"Adjusted net attendance rate, one year before the official primary entry age, poorest quintile, female, adjusted location parity index (LPIA)",measure
nara_agm1_q1_gpia,"Adjusted net attendance rate, one year before the official primary entry age, poorest quintile, adjusted gender parity index (GPIA)",measure
nara_agm1_q1_lpia,"Adjusted net attendance rate, one year before the official primary entry age, poorest quintile, adjusted location parity index (LPIA)",measure
nara_agm1_q1_m,"Adjusted net attendance rate, one year before the official primary entry age, poorest quintile, male (%)",measure
nara_agm1_q1_m_lpia,"Adjusted net attendance rate, one year before the official primary entry age, poorest quintile, male, adjusted location parity index (LPIA)",measure
nara_agm1_q2,"Adjusted net attendance rate, one year before the official primary entry age, second quintile, both sexes (%)",measure
nara_agm1_q2_f,"Adjusted net attendance rate, one year before the official primary entry age, second quintile, female (%)",measure
nara_agm1_q2_f_lpia,"Adjusted net attendance rate, one year before the official primary entry age, second quintile, female, adjusted location parity index (LPIA)",measure
nara_agm1_q2_gpia,"Adjusted net attendance rate, one year before the official primary entry age, second quintile, adjusted gender parity index (GPIA)",measure
nara_agm1_q2_lpia,"Adjusted net attendance rate, one year before the official primary entry age, second quintile, adjusted location parity index (LPIA)",measure
nara_agm1_q2_m,"Adjusted net attendance rate, one year before the official primary entry age, second quintile, male (%)",measure
nara_agm1_q2_m_lpia,"Adjusted net attendance rate, one year before the official primary entry age, second quintile, male, adjusted location parity index (LPIA)",measure
nara_agm1_q3,"Adjusted net attendance rate, one year before the official primary entry age, middle quintile, both sexes (%)",measure
nara_agm1_q3_f,"Adjusted net attendance rate, one year before the official primary entry age, middle quintile, female (%)",measure
nara_agm1_q3_f_lpia,"Adjusted net attendance rate, one year before the official primary entry age, middle quintile, female, adjusted location parity index (LPIA)",measure
nara_agm1_q3_gpia,"Adjusted net attendance rate, one year before the official primary entry age, middle quintile, adjusted gender parity index (GPIA)",measure
nara_agm1_q3_lpia,"Adjusted net attendance rate, one year before the official primary entry age, middle quintile, adjusted location parity index (LPIA)",measure
nara_agm1_q3_m,"Adjusted net attendance rate, one year before the official primary entry age, middle quintile, male (%)",measure
nara_agm1_q3_m_lpia,"Adjusted net attendance rate, one year before the official primary entry age, middle quintile, male, adjusted location parity index (LPIA)",measure
nara_agm1_q4,"Adjusted net attendance rate, one year before the official primary entry age, fourth quintile, both sexes (%)",measure
nara_agm1_q4_f,"Adjusted net attendance rate, one year before the official primary entry age, fourth quintile, female (%)",measure
nara_agm1_q4_f_lpia,"Adjusted net attendance rate, one year before the official primary entry age, fourth quintile, female, adjusted location parity index (LPIA)",measure
nara_agm1_q4_gpia,"Adjusted net attendance rate, one year before the official primary entry age, fourth quintile, adjusted gender parity index (GPIA)",measure
nara_agm1_q4_lpia,"Adjusted net attendance rate, one year before the official primary entry age, fourth quintile, adjusted location parity index (LPIA)",measure
nara_agm1_q4_m,"Adjusted net attendance rate, one year before the official primary entry age, fourth quintile, male (%)",measure
nara_agm1_q4_m_lpia,"Adjusted net attendance rate, one year before the official primary entry age, fourth quintile, male, adjusted location parity index (LPIA)",measure
nara_agm1_q5,"Adjusted net attendance rate, one year before the official primary entry age, richest quintile, both sexes (%)",measure
nara_agm1_q5_f,"Adjusted net attendance rate, one year before the official primary entry age, richest quintile, female (%)",measure
nara_agm1_q5_f_lpia,"Adjusted net attendance rate, one year before the official primary entry age, richest quintile, female, adjusted location parity index (LPIA)",measure
nara_agm1_q5_gpia,"Adjusted net attendance rate, one year before the official primary entry age, richest quintile, adjusted gender parity index (GPIA)",measure
nara_agm1_q5_lpia,"Adjusted net attendance rate, one year before the official primary entry age, richest quintile, adjusted location parity index (LPIA)",measure
nara_agm1_q5_m,"Adjusted net attendance rate, one year before the official primary entry age, richest quintile, male (%)",measure
nara_agm1_q5_m_lpia,"Adjusted net attendance rate, one year before the official primary entry age, richest quintile, male, adjusted location parity index (LPIA)",measure
nara_agm1_rur,"Adjusted net attendance rate, one year before the official primary entry age, rural, both sexes (%)",measure
nara_agm1_rur_f,"Adjusted net attendance rate, one year before the official primary entry age, rural, female (%)",measure
nara_agm1_rur_f_wpia,"Adjusted net attendance rate, one year before the official primary entry age, rural, female, adjusted wealth parity index (WPIA)",measure
nara_agm1_rur_gpia,"Adjusted net attendance rate, one year before the official primary entry age, rural, adjusted gender parity index (GPIA)",measure
nara_agm1_rur_m,"Adjusted net attendance rate, one year before the official primary entry age, rural, male  (%)",measure
nara_agm1_rur_m_wpia,"Adjusted net attendance rate, one year before the official primary entry age, rural, male, adjusted wealth parity index (WPIA)",measure
nara_agm1_rur_q1,"Adjusted net attendance rate, one year before the official primary entry age, rural, poorest quintile, both sexes (%)",measure
nara_agm1_rur_q1_f,"Adjusted net attendance rate, one year before the official primary entry age, rural, poorest quintile, female (%)",measure
nara_agm1_rur_q1_gpia,"Adjusted net attendance rate, one year before the official primary entry age, rural, poorest quintile, adjusted gender parity index (GPIA)",measure
nara_agm1_rur_q1_m,"Adjusted net attendance rate, one year before the official primary entry age, rural, poorest quintile, male (%)",measure
nara_agm1_rur_q2,"Adjusted net attendance rate, one year before the official primary entry age, rural, second quintile, both sexes (%)",measure
nara_agm1_rur_q2_f,"Adjusted net attendance rate, one year before the official primary entry age, rural, second quintile, female (%)",measure
nara_agm1_rur_q2_gpia,"Adjusted net attendance rate, one year before the official primary entry age, rural, second quintile, adjusted gender parity index (GPIA)",measure
nara_agm1_rur_q2_m,"Adjusted net attendance rate, one year before the official primary entry age, rural, second quintile, male (%)",measure
nara_agm1_rur_q3,"Adjusted net attendance rate, one year before the official primary entry age, rural, middle quintile, both sexes (%)",measure
nara_agm1_rur_q3_f,"Adjusted net attendance rate, one year before the official primary entry age, rural, middle quintile, female (%)",measure
nara_agm1_rur_q3_gpia,"Adjusted net attendance rate, one year before the official primary entry age, rural, middle quintile, adjusted gender parity index (GPIA)",measure
nara_agm1_rur_q3_m,"Adjusted net attendance rate, one year before the official primary entry age, rural, middle quintile, male (%)",measure
nara_agm1_rur_q4,"Adjusted net attendance rate, one year before the official primary entry age, rural, fourth quintile, both sexes (%)",measure
nara_agm1_rur_q4_f,"Adjusted net attendance rate, one year before the official primary entry age, rural, fourth quintile, female (%)",measure
nara_agm1_rur_q4_gpia,"Adjusted net attendance rate, one year before the official primary entry age, rural, fourth quintile, adjusted gender parity index (GPIA)",measure
nara_agm1_rur_q4_m,"Adjusted net attendance rate, one year before the official primary entry age, rural, fourth quintile, male (%)",measure
nara_agm1_rur_q5,"Adjusted net attendance rate, one year before the official primary entry age, rural, richest quintile, both sexes (%)",measure
nara_agm1_rur_q5_f,"Adjusted net attendance rate, one year before the official primary entry age, rural, richest quintile, female (%)",measure
nara_agm1_rur_q5_gpia,"Adjusted net attendance rate, one year before the official primary entry age, rural, richest quintile, adjusted gender parity index (GPIA)",measure
nara_agm1_rur_q5_m,"Adjusted net attendance rate, one year before the official primary entry age, rural, richest quintile, male (%)",measure
nara_agm1_rur_wpia,"Adjusted net attendance rate, one year before the official primary entry age, rural, adjusted wealth parity index (WPIA)",measure
nara_agm1_urb,"Adjusted net attendance rate, one year before the official primary entry age, urban, both sexes (%)",measure
nara_agm1_urb_f,"Adjusted net attendance rate, one year before the official primary entry age, urban, female (%)",measure
nara_agm1_urb_f_wpia,"Adjusted net attendance rate, one year before the official primary entry age, urban, female, adjusted wealth parity index (WPIA)",measure
nara_agm1_urb_gpia,"Adjusted net attendance rate, one year before the official primary entry age, urban, adjusted gender parity index (GPIA)",measure
nara_agm1_urb_m,"Adjusted net attendance rate, one year before the official primary entry age, urban, male  (%)",measure
nara_agm1_urb_m_wpia,"Adjusted net attendance rate, one year before the official primary entry age, urban, male, adjusted wealth parity index (WPIA)",measure
nara_agm1_urb_q1,"Adjusted net attendance rate, one year before the official primary entry age, urban, poorest quintile, both sexes (%)",measure
nara_agm1_urb_q1_f,"Adjusted net attendance rate, one year before the official primary entry age, urban, poorest quintile, female (%)",measure
nara_agm1_urb_q1_gpia,"Adjusted net attendance rate, one year before the official primary entry age, urban, poorest quintile, adjusted gender parity index (GPIA)",measure
nara_agm1_urb_q1_m,"Adjusted net attendance rate, one year before the official primary entry age, urban, poorest quintile, male (%)",measure
nara_agm1_urb_q2,"Adjusted net attendance rate, one year before the official primary entry age, urban, second quintile, both sexes (%)",measure
nara_agm1_urb_q2_f,"Adjusted net attendance rate, one year before the official primary entry age, urban, second quintile, female (%)",measure
nara_agm1_urb_q2_gpia,"Adjusted net attendance rate, one year before the official primary entry age, urban, second quintile, adjusted gender parity index (GPIA)",measure
nara_agm1_urb_q2_m,"Adjusted net attendance rate, one year before the official primary entry age, urban, second quintile, male (%)",measure
nara_agm1_urb_q3,"Adjusted net attendance rate, one year before the official primary entry age, urban, middle quintile, both sexes (%)",measure
nara_agm1_urb_q3_f,"Adjusted net attendance rate, one year before the official primary entry age, urban, middle quintile, female (%)",measure
nara_agm1_urb_q3_gpia,"Adjusted net attendance rate, one year before the official primary entry age, urban, middle quintile, adjusted gender parity index (GPIA)",measure
nara_agm1_urb_q3_m,"Adjusted net attendance rate, one year before the official primary entry age, urban, middle quintile, male (%)",measure
nara_agm1_urb_q4,"Adjusted net attendance rate, one year before the official primary entry age, urban, fourth quintile, both sexes (%)",measure
nara_agm1_urb_q4_f,"Adjusted net attendance rate, one year before the official primary entry age, urban, fourth quintile, female (%)",measure
nara_agm1_urb_q4_gpia,"Adjusted net attendance rate, one year before the official primary entry age, urban, fourth quintile, adjusted gender parity index (GPIA)",measure
nara_agm1_urb_q4_m,"Adjusted net attendance rate, one year before the official primary entry age, urban, fourth quintile, male (%)",measure
nara_agm1_urb_q5,"Adjusted net attendance rate, one year before the official primary entry age, urban, richest quintile, both sexes (%)",measure
nara_agm1_urb_q5_f,"Adjusted net attendance rate, one year before the official primary entry age, urban, richest quintile, female (%)",measure
nara_agm1_urb_q5_gpia,"Adjusted net attendance rate, one year before the official primary entry age, urban, richest quintile, adjusted gender parity index (GPIA)",measure
nara_agm1_urb_q5_m,"Adjusted net attendance rate, one year before the official primary entry age, urban, richest quintile, male (%)",measure
nara_agm1_urb_wpia,"Adjusted net attendance rate, one year before the official primary entry age, urban, adjusted wealth parity index (WPIA)",measure
nara_agm1_wpia,"Adjusted net attendance rate, one year before the official primary entry age, adjusted wealth parity index (WPIA)",measure
ner_0_cp,"Net enrolment rate, early childhood education, both sexes (%)",measure
ner_0_f_cp,"Net enrolment rate, early childhood education, female (%)",measure
ner_0_gpia_cp,"Net enrolment rate, early childhood education, adjusted gender parity index (GPIA)",measure
ner_0_m_cp,"Net enrolment rate, early childhood education, male (%)",measure
ner_01_cp,"Net enrolment rate, early childhood educational development programmes, both sexes (%)",measure
ner_01_f_cp,"Net enrolment rate, early childhood educational development programmes, female (%)",measure
ner_01_gpia_cp,"Net enrolment rate, early childhood educational development programmes, adjusted gender parity index (GPIA)",measure
ner_01_m_cp,"Net enrolment rate, early childhood educational development programmes, male (%)",measure
ner_02_cp,"Net enrolment rate, pre-primary, both sexes (%)",measure
ner_02_f_cp,"Net enrolment rate, pre-primary, female (%)",measure
ner_02_gpia_cp,"Net enrolment rate, pre-primary, adjusted gender parity index (GPIA)",measure
ner_02_m_cp,"Net enrolment rate, pre-primary, male (%)",measure
nera_agm1_cp,"Adjusted net enrolment rate, one year before the official primary entry age, both sexes (%)",measure
nera_agm1_f_cp,"Adjusted net enrolment rate, one year before the official primary entry age, female (%)",measure
nera_agm1_gpia_cp,"Adjusted net enrolment rate, one year before the official primary entry age, adjusted gender parity index (GPIA)",measure
nera_agm1_m_cp,"Adjusted net enrolment rate, one year before the official primary entry age, male (%)",measure
oaepg_1,"Percentage of pupils enrolled in primary education who are at least 2 years over-age for their current grade, both sexes (%)",measure
oaepg_1_f,"Percentage of pupils enrolled in primary education who are at least 2 years over-age for their current grade, female (%)",measure
oaepg_1_gpia,"Proportion of pupils enrolled in primary education who are at least 2 years over-age for their current grade, adjusted gender parity index (GPIA)",measure
oaepg_1_m,"Percentage of pupils enrolled in primary education who are at least 2 years over-age for their current grade, male (%)",measure
oaepg_2_gpv,"Percentage of pupils enrolled in lower secondary general education who are at least 2 years over-age for their current grade, both sexes (%)",measure
oaepg_2_gpv_f,"Percentage of pupils enrolled in lower secondary general education who are at least 2 years over-age for their current grade, female (%)",measure
oaepg_2_gpv_gpia,"Proportion of pupils enrolled in lower secondary general education who are at least 2 years over-age for their current grade, adjusted gender parity index (GPIA)",measure
oaepg_2_gpv_m,"Percentage of pupils enrolled in lower secondary general education who are at least 2 years over-age for their current grade, male (%)",measure
oaepg_h_1,"Percentage of pupils enrolled in primary education who are at least 2 years over-age for their current grade, both sexes (household survey data) (%)",measure
oaepg_h_1_f,"Percentage of pupils enrolled in primary education who are at least 2 years over-age for their current grade, female (household survey data) (%)",measure
oaepg_h_1_f_lpia,"Proportion of pupils enrolled in primary education who are at least 2 years over-age for their current grade, female, adjusted location parity index (household survey data) (LPIA)",measure
oaepg_h_1_f_wpia,"Proportion of pupils enrolled in primary education who are at least 2 years over-age for their current grade, female, adjusted wealth parity index (household survey data) (WPIA)",measure
oaepg_h_1_gpia,"Proportion of pupils enrolled in primary education who are at least 2 years over-age for their current grade, adjusted gender parity index (household survey data) (GPIA)",measure
oaepg_h_1_lpia,"Proportion of pupils enrolled in primary education who are at least 2 years over-age for their current grade, adjusted location parity index (household survey data) (LPIA)",measure
oaepg_h_1_m,"Percentage of pupils enrolled in primary education who are at least 2 years over-age for their current grade, male (household survey data) (%)",measure
oaepg_h_1_m_lpia,"Proportion of pupils enrolled in primary education who are at least 2 years over-age for their current grade, male, adjusted location parity index (household survey data) (LPIA)",measure
oaepg_h_1_m_wpia,"Proportion of pupils enrolled in primary education who are at least 2 years over-age for their current grade, male, adjusted wealth parity index (household survey data) (WPIA)",measure
oaepg_h_1_q1,"Percentage of pupils enrolled in primary education who are at least 2 years over-age for their current grade, poorest quintile, both sexes (household survey data) (%)",measure
oaepg_h_1_q1_f,"Percentage of pupils enrolled in primary education who are at least 2 years over-age for their current grade, poorest quintile, female (household survey data) (%)",measure
oaepg_h_1_q1_f_lpia,"Proportion of pupils enrolled in primary education who are at least 2 years over-age for their current grade, poorest quintile, female, adjusted location parity index (household survey data) (LPIA)",measure
oaepg_h_1_q1_gpia,"Proportion of pupils enrolled in primary education who are at least 2 years over-age for their current grade, poorest quintile, adjusted gender parity index (household survey data) (GPIA)",measure
oaepg_h_1_q1_lpia,"Proportion of pupils enrolled in primary education who are at least 2 years over-age for their current grade, poorest quintile, adjusted location parity index (household survey data) (LPIA)",measure
oaepg_h_1_q1_m,"Percentage of pupils enrolled in primary education who are at least 2 years over-age for their current grade, poorest quintile, male (household survey data) (%)",measure
oaepg_h_1_q1_m_lpia,"Proportion of pupils enrolled in primary education who are at least 2 years over-age for their current grade, poorest quintile, male, adjusted location parity index (household survey data) (LPIA)",measure
oaepg_h_1_q5,"Percentage of pupils enrolled in primary education who are at least 2 years over-age for their current grade, richest quintile, both sexes (household survey data) (%)",measure
oaepg_h_1_q5_f,"Percentage of pupils enrolled in primary education who are at least 2 years over-age for their current grade, richest quintile, female (household survey data) (%)",measure
oaepg_h_1_q5_f_lpia,"Proportion of pupils enrolled in primary education who are at least 2 years over-age for their current grade, richest quintile, female, adjusted location parity index (household survey data) (LPIA)",measure
oaepg_h_1_q5_gpia,"Proportion of pupils enrolled in primary education who are at least 2 years over-age for their current grade, richest quintile, adjusted gender parity index (household survey data) (GPIA)",measure
oaepg_h_1_q5_lpia,"Proportion of pupils enrolled in primary education who are at least 2 years over-age for their current grade, richest quintile, adjusted location parity index (household survey data) (LPIA)",measure
oaepg_h_1_q5_m,"Percentage of pupils enrolled in primary education who are at least 2 years over-age for their current grade, richest quintile, male (household survey data) (%)",measure
oaepg_h_1_q5_m_lpia,"Proportion of pupils enrolled in primary education who are at least 2 years over-age for their current grade, richest quintile, male, adjusted location parity index (household survey data) (LPIA)",measure
oaepg_h_1_rur,"Percentage of pupils enrolled in primary education who are at least 2 years over-age for their current grade, rural, both sexes (household survey data) (%)",measure
oaepg_h_1_rur_f,"Percentage of pupils enrolled in primary education who are at least 2 years over-age for their current grade, rural, female (household survey data) (%)",measure
oaepg_h_1_rur_f_wpia,"Proportion of pupils enrolled in primary education who are at least 2 years over-age for their current grade, rural, female, adjusted wealth parity index (household survey data) (WPIA)",measure
oaepg_h_1_rur_gpia,"Proportion of pupils enrolled in primary education who are at least 2 years over-age for their current grade, rural, adjusted gender parity index (household survey data) (GPIA)",measure
oaepg_h_1_rur_m,"Percentage of pupils enrolled in primary education who are at least 2 years over-age for their current grade, rural, male (household survey data) (%)",measure
oaepg_h_1_rur_m_wpia,"Proportion of pupils enrolled in primary education who are at least 2 years over-age for their current grade, rural, male, adjusted wealth parity index (household survey data) (WPIA)",measure
oaepg_h_1_rur_q1,"Percentage of pupils enrolled in primary education who are at least 2 years over-age for their current grade, rural, poorest quintile, both sexes (household survey data) (%)",measure
oaepg_h_1_rur_q1_f,"Percentage of pupils enrolled in primary education who are at least 2 years over-age for their current grade, rural, poorest quintile, female (household survey data) (%)",measure
oaepg_h_1_rur_q1_gpia,"Proportion of pupils enrolled in primary education who are at least 2 years over-age for their current grade, primary education, rural, poorest quintile, adjusted gender parity index (household survey data) (GPIA)",measure
oaepg_h_1_rur_q1_m,"Percentage of pupils enrolled in primary education who are at least 2 years over-age for their current grade, rural, poorest quintile, male (household survey data) (%)",measure
oaepg_h_1_rur_q5,"Percentage of pupils enrolled in primary education who are at least 2 years over-age for their current grade, rural, richest quintile, both sexes (household survey data) (%)",measure
oaepg_h_1_rur_q5_f,"Percentage of pupils enrolled in primary education who are at least 2 years over-age for their current grade, rural, richest quintile, female (household survey data) (%)",measure
oaepg_h_1_rur_q5_gpia,"Proportion of pupils enrolled in primary education who are at least 2 years over-age for their current grade, primary education, rural, richest quintile, adjusted gender parity index (household survey data) (GPIA)",measure
oaepg_h_1_rur_q5_m,"Percentage of pupils enrolled in primary education who are at least 2 years over-age for their current grade, rural, richest quintile, male (household survey data) (%)",measure
oaepg_h_1_rur_wpia,"Proportion of pupils enrolled in primary education who are at least 2 years over-age for their current grade, rural, adjusted wealth parity index (household survey data) (WPIA)",measure
oaepg_h_1_urb,"Percentage of pupils enrolled in primary education who are at least 2 years over-age for their current grade, urban, both sexes (household survey data) (%)",measure
oaepg_h_1_urb_f,"Percentage of pupils enrolled in primary education who are at least 2 years over-age for their current grade, urban, female (household survey data) (%)",measure
oaepg_h_1_urb_f_wpia,"Proportion of pupils enrolled in primary education who are at least 2 years over-age for their current grade, urban, female, adjusted wealth parity index (household survey data) (WPIA)",measure
oaepg_h_1_urb_gpia,"Proportion of pupils enrolled in primary education who are at least 2 years over-age for their current grade, urban, adjusted gender parity index (household survey data) (GPIA)",measure
oaepg_h_1_urb_m,"Percentage of pupils enrolled in primary education who are at least 2 years over-age for their current grade, urban, male (household survey data) (%)",measure
oaepg_h_1_urb_m_wpia,"Proportion of pupils enrolled in primary education who are at least 2 years over-age for their current grade, urban, male, adjusted wealth parity index (household survey data) (WPIA)",measure
oaepg_h_1_urb_q1,"Percentage of pupils enrolled in primary education who are at least 2 years over-age for their current grade, urban, poorest quintile, both sexes (household survey data) (%)",measure
oaepg_h_1_urb_q1_f,"Percentage of pupils enrolled in primary education who are at least 2 years over-age for their current grade, urban, poorest quintile, female (household survey data) (%)",measure
oaepg_h_1_urb_q1_gpia,"Proportion of pupils enrolled in primary education who are at least 2 years over-age for their current grade, primary education, urban, poorest quintile, adjusted gender parity index (household survey data) (GPIA)",measure
oaepg_h_1_urb_q1_m,"Percentage of pupils enrolled in primary education who are at least 2 years over-age for their current grade, urban, poorest quintile, male (household survey data) (%)",measure
oaepg_h_1_urb_q5,"Percentage of pupils enrolled in primary education who are at least 2 years over-age for their current grade, urban, richest quintile, both sexes (household survey data) (%)",measure
oaepg_h_1_urb_q5_f,"Percentage of pupils enrolled in primary education who are at least 2 years over-age for their current grade, urban, richest quintile, female (household survey data) (%)",measure
oaepg_h_1_urb_q5_gpia,"Proportion of pupils enrolled in primary education who are at least 2 years over-age for their current grade, primary education, urban, richest quintile, adjusted gender parity index (household survey data) (GPIA)",measure
oaepg_h_1_urb_q5_m,"Percentage of pupils enrolled in primary education who are at least 2 years over-age for their current grade, urban, richest quintile, male (household survey data) (%)",measure
oaepg_h_1_urb_wpia,"Proportion of pupils enrolled in primary education who are at least 2 years over-age for their current grade, urban, adjusted wealth parity index (household survey data) (WPIA)",measure
oaepg_h_1_wpia,"Proportion of pupils enrolled in primary education who are at least 2 years over-age for their current grade, adjusted wealth parity index (household survey data) (WPIA)",measure
oaepg_h_2,"Percentage of pupils enrolled in lower secondary education who are at least 2 years over-age for their current grade, both sexes (household survey data) (%)",measure
oaepg_h_2_f,"Percentage of pupils enrolled in lower secondary education who are at least 2 years over-age for their current grade, female (household survey data) (%)",measure
oaepg_h_2_f_lpia,"Proportion of pupils enrolled in lower secondary education who are at least 2 years over-age for their current grade, female, adjusted location parity index (household survey data) (LPIA)",measure
oaepg_h_2_f_wpia,"Proportion of pupils enrolled in lower secondary education who are at least 2 years over-age for their current grade, female, adjusted wealth parity index (household survey data) (WPIA)",measure
oaepg_h_2_gpia,"Proportion of pupils enrolled in lower secondary education who are at least 2 years over-age for their current grade, adjusted gender parity index (household survey data) (GPIA)",measure
oaepg_h_2_lpia,"Proportion of pupils enrolled in lower secondary education who are at least 2 years over-age for their current grade, adjusted location parity index (household survey data) (LPIA)",measure
oaepg_h_2_m,"Percentage of pupils enrolled in lower secondary education who are at least 2 years over-age for their current grade, male (household survey data) (%)",measure
oaepg_h_2_m_lpia,"Proportion of pupils enrolled in lower secondary education who are at least 2 years over-age for their current grade, male, adjusted location parity index (household survey data) (LPIA)",measure
oaepg_h_2_m_wpia,"Proportion of pupils enrolled in lower secondary education who are at least 2 years over-age for their current grade, male, adjusted wealth parity index (household survey data) (WPIA)",measure
oaepg_h_2_q1,"Percentage of pupils enrolled in lower secondary education who are at least 2 years over-age for their current grade, poorest quintile, both sexes (household survey data) (%)",measure
oaepg_h_2_q1_f,"Percentage of pupils enrolled in lower secondary education who are at least 2 years over-age for their current grade, poorest quintile, female (household survey data) (%)",measure
oaepg_h_2_q1_f_lpia,"Proportion of pupils enrolled in lower secondary education who are at least 2 years over-age for their current grade, poorest quintile, female, adjusted location parity index (household survey data) (LPIA)",measure
oaepg_h_2_q1_gpia,"Proportion of pupils enrolled in lower secondary education who are at least 2 years over-age for their current grade, poorest quintile, adjusted gender parity index (household survey data) (GPIA)",measure
oaepg_h_2_q1_lpia,"Proportion of pupils enrolled in lower secondary education who are at least 2 years over-age for their current grade, poorest quintile, adjusted location parity index (household survey data) (LPIA)",measure
oaepg_h_2_q1_m,"Percentage of pupils enrolled in lower secondary education who are at least 2 years over-age for their current grade, poorest quintile, male (household survey data) (%)",measure
oaepg_h_2_q1_m_lpia,"Proportion of pupils enrolled in lower secondary education who are at least 2 years over-age for their current grade, poorest quintile, male, adjusted location parity index (household survey data) (LPIA)",measure
oaepg_h_2_q5,"Percentage of pupils enrolled in lower secondary education who are at least 2 years over-age for their current grade, richest quintile, both sexes (household survey data) (%)",measure
oaepg_h_2_q5_f,"Percentage of pupils enrolled in lower secondary education who are at least 2 years over-age for their current grade, richest quintile, female (household survey data) (%)",measure
oaepg_h_2_q5_f_lpia,"Proportion of pupils enrolled in lower secondary education who are at least 2 years over-age for their current grade, richest quintile, female, adjusted location parity index (household survey data) (LPIA)",measure
oaepg_h_2_q5_gpia,"Proportion of pupils enrolled in lower secondary education who are at least 2 years over-age for their current grade, richest quintile, adjusted gender parity index (household survey data) (GPIA)",measure
oaepg_h_2_q5_lpia,"Proportion of pupils enrolled in lower secondary education who are at least 2 years over-age for their current grade, richest quintile, adjusted location parity index (household survey data) (LPIA)",measure
oaepg_h_2_q5_m,"Percentage of pupils enrolled in lower secondary education who are at least 2 years over-age for their current grade, richest quintile, male (household survey data) (%)",measure
oaepg_h_2_q5_m_lpia,"Proportion of pupils enrolled in lower secondary education who are at least 2 years over-age for their current grade, richest quintile, male, adjusted location parity index (household survey data) (LPIA)",measure
oaepg_h_2_rur,"Percentage of pupils enrolled in lower secondary education who are at least 2 years over-age for their current grade, rural, both sexes (household survey data) (%)",measure
oaepg_h_2_rur_f,"Percentage of pupils enrolled in lower secondary education who are at least 2 years over-age for their current grade, rural, female (household survey data) (%)",measure
oaepg_h_2_rur_f_wpia,"Proportion of pupils enrolled in lower secondary education who are at least 2 years over-age for their current grade, rural, female, adjusted wealth parity index (household survey data) (WPIA)",measure
oaepg_h_2_rur_gpia,"Proportion of pupils enrolled in lower secondary education who are at least 2 years over-age for their current grade, rural, adjusted gender parity index (household survey data) (GPIA)",measure
oaepg_h_2_rur_m,"Percentage of pupils enrolled in lower secondary education who are at least 2 years over-age for their current grade, rural, male (household survey data) (%)",measure
oaepg_h_2_rur_m_wpia,"Proportion of pupils enrolled in lower secondary education who are at least 2 years over-age for their current grade, rural, male, adjusted wealth parity index (household survey data) (WPIA)",measure
oaepg_h_2_rur_q1,"Percentage of pupils enrolled in lower secondary education who are at least 2 years over-age for their current grade, rural, poorest quintile, both sexes (household survey data) (%)",measure
oaepg_h_2_rur_q1_f,"Percentage of pupils enrolled in lower secondary education who are at least 2 years over-age for their current grade, rural, poorest quintile, female (household survey data) (%)",measure
oaepg_h_2_rur_q1_gpia,"Proportion of pupils enrolled in lower secondary education who are at least 2 years over-age for their current grade, rural, poorest quintile, adjusted gender parity index (household survey data) (GPIA)",measure
oaepg_h_2_rur_q1_m,"Percentage of pupils enrolled in lower secondary education who are at least 2 years over-age for their current grade, rural, poorest quintile, male (household survey data) (%)",measure
oaepg_h_2_rur_q5,"Percentage of pupils enrolled in lower secondary education who are at least 2 years over-age for their current grade, rural, richest quintile, both sexes (household survey data) (%)",measure
oaepg_h_2_rur_q5_f,"Percentage of pupils enrolled in lower secondary education who are at least 2 years over-age for their current grade, rural, richest quintile, female (household survey data) (%)",measure
oaepg_h_2_rur_q5_gpia,"Proportion of pupils enrolled in lower secondary education who are at least 2 years over-age for their current grade, rural, richest quintile, adjusted gender parity index (household survey data) (GPIA)",measure
oaepg_h_2_rur_q5_m,"Percentage of pupils enrolled in lower secondary education who are at least 2 years over-age for their current grade, rural, richest quintile, male (household survey data) (%)",measure
oaepg_h_2_rur_wpia,"Proportion of pupils enrolled in lower secondary education who are at least 2 years over-age for their current grade, rural, adjusted wealth parity index (household survey data) (WPIA)",measure
oaepg_h_2_urb,"Percentage of pupils enrolled in lower secondary education who are at least 2 years over-age for their current grade, urban, both sexes (household survey data) (%)",measure
oaepg_h_2_urb_f,"Percentage of pupils enrolled in lower secondary education who are at least 2 years over-age for their current grade, urban, female (household survey data) (%)",measure
oaepg_h_2_urb_f_wpia,"Proportion of pupils enrolled in lower secondary education who are at least 2 years over-age for their current grade, urban, female, adjusted wealth parity index (household survey data) (WPIA)",measure
oaepg_h_2_urb_gpia,"Proportion of pupils enrolled in lower secondary education who are at least 2 years over-age for their current grade, urban, adjusted gender parity index (household survey data) (GPIA)",measure
oaepg_h_2_urb_m,"Percentage of pupils enrolled in lower secondary education who are at least 2 years over-age for their current grade, urban, male (household survey data) (%)",measure
oaepg_h_2_urb_m_wpia,"Proportion of pupils enrolled in lower secondary education who are at least 2 years over-age for their current grade, urban, male, adjusted wealth parity index (household survey data) (WPIA)",measure
oaepg_h_2_urb_q1,"Percentage of pupils enrolled in lower secondary education who are at least 2 years over-age for their current grade, urban, poorest quintile, both sexes (household survey data) (%)",measure
oaepg_h_2_urb_q1_f,"Percentage of pupils enrolled in lower secondary education who are at least 2 years over-age for their current grade, urban, poorest quintile, female (household survey data) (%)",measure
oaepg_h_2_urb_q1_gpia,"Proportion of pupils enrolled in lower secondary education who are at least 2 years over-age for their current grade, urban, poorest quintile, adjusted gender parity index (household survey data) (GPIA)",measure
oaepg_h_2_urb_q1_m,"Percentage of pupils enrolled in lower secondary education who are at least 2 years over-age for their current grade, urban, poorest quintile, male (household survey data) (%)",measure
oaepg_h_2_urb_q5,"Percentage of pupils enrolled in lower secondary education who are at least 2 years over-age for their current grade, urban, richest quintile, both sexes (household survey data) (%)",measure
oaepg_h_2_urb_q5_f,"Percentage of pupils enrolled in lower secondary education who are at least 2 years over-age for their current grade, urban, richest quintile, female (household survey data) (%)",measure
oaepg_h_2_urb_q5_gpia,"Proportion of pupils enrolled in lower secondary education who are at least 2 years over-age for their current grade, urban, richest quintile, adjusted gender parity index (household survey data) (GPIA)",measure
oaepg_h_2_urb_q5_m,"Percentage of pupils enrolled in lower secondary education who are at least 2 years over-age for their current grade, urban, richest quintile, male (household survey data) (%)",measure
oaepg_h_2_urb_wpia,"Proportion of pupils enrolled in lower secondary education who are at least 2 years over-age for their current grade, urban, adjusted wealth parity index (household survey data) (WPIA)",measure
oaepg_h_2_wpia,"Proportion of pupils enrolled in lower secondary education who are at least 2 years over-age for their current grade, adjusted wealth parity index (household survey data) (WPIA)",measure
odaflow_volumescholarship,"Volume of official development assistance flows for scholarships, constant US$",measure
ontrack_three_domains,"Proportion of children aged 24-59 months who are developmentally on track in health, learning and psychosocial well-being, both sexes (%)",measure
ontrack_three_domains_f,"Proportion of children aged 24-59 months who are developmentally on track in health, learning and psychosocial well-being, female (%)",measure
ontrack_three_domains_gpia,"Proportion of children aged 24-59 months who are developmentally on track in health, learning and psychosocial well-being, adjusted gender parity index (GPIA)",measure
ontrack_three_domains_m,"Proportion of children aged 24-59 months who are developmentally on track in health, learning and psychosocial well-being, male (%)",measure
per_bullied_1,"Percentage of students experiencing bullying in the last 12 months in primary education, both sexes (%)",measure
per_bullied_1_f,"Percentage of students experiencing bullying in the last 12 months in primary education, female (%)",measure
per_bullied_1_gpia,"Percentage of students experiencing bullying in the last 12 months in primary education, adjusted gender parity index (GPIA)",measure
per_bullied_1_highses,"Percentage of students experiencing bullying in the last 12 months in primary education, high socio-economic status, both sexes (%)",measure
per_bullied_1_lowses,"Percentage of students experiencing bullying in the last 12 months in primary education, low socio-economic status, both sexes (%)",measure
per_bullied_1_m,"Percentage of students experiencing bullying in the last 12 months in primary education, male (%)",measure
per_bullied_1_native,"Percentage of students experiencing bullying in the last 12 months in primary education, non-immigrant background, both sexes (%)",measure
per_bullied_1_nonnative,"Percentage of students experiencing bullying in the last 12 months in primary education, immigrant background, both sexes (%)",measure
per_bullied_1_npia,"Percentage of students experiencing bullying in the last 12 months in primary education, adjusted native parity index (NPIA)",measure
per_bullied_1_wpia,"Percentage of students experiencing bullying in the last 12 months in primary education, adjusted wealth parity index (WPIA)",measure
per_bullied_2,"Percentage of students experiencing bullying in the last 12 months in lower secondary education, both sexes (%)",measure
per_bullied_2_f,"Percentage of students experiencing bullying in the last 12 months in lower secondary education, female (%)",measure
per_bullied_2_gpia,"Percentage of students experiencing bullying in the last 12 months in lower secondary education, adjusted gender parity index (GPIA)",measure
per_bullied_2_highses,"Percentage of students experiencing bullying in the last 12 months in lower secondary education, high socio-economic status, both sexes (%)",measure
per_bullied_2_lowses,"Percentage of students experiencing bullying in the last 12 months in lower secondary education, low socio-economic status, both sexes (%)",measure
per_bullied_2_m,"Percentage of students experiencing bullying in the last 12 months in lower secondary education, male (%)",measure
per_bullied_2_native,"Percentage of students experiencing bullying in the last 12 months in lower secondary education, non-immigrant background, both sexes (%)",measure
per_bullied_2_nonnative,"Percentage of students experiencing bullying in the last 12 months in lower secondary education, immigrant background, both sexes (%)",measure
per_bullied_2_npia,"Percentage of students experiencing bullying in the last 12 months in lower secondary education, adjusted native parity index (NPIA)",measure
per_bullied_2_wpia,"Percentage of students experiencing bullying in the last 12 months in lower secondary education, adjusted wealth parity index (WPIA)",measure
postimuenv,"Percentage of children under 5 years experiencing positive and stimulating home learning environments, both sexes (%)",measure
postimuenv_f,"Percentage of children under 5 years experiencing positive and stimulating home learning environments, female (%)",measure
postimuenv_gpia,"Percentage of children under 5 years experiencing positive and stimulating home learning environments, adjusted gender parity index (GPIA)",measure
postimuenv_lpia,"Percentage of children under 5 years experiencing positive and stimulating home learning environments, adjusted location parity index (LPIA)",measure
postimuenv_m,"Percentage of children under 5 years experiencing positive and stimulating home learning environments, male (%)",measure
postimuenv_rur,"Percentage of children under 5 years experiencing positive and stimulating home learning environments, rural (%)",measure
postimuenv_urb,"Percentage of children under 5 years experiencing positive and stimulating home learning environments, urban (%)",measure
postimuenv_wpia,"Percentage of children under 5 years experiencing positive and stimulating home learning environments,  adjusted wealth parity index (WPIA)",measure
postimuenv_wq1,"Percentage of children under 5 years experiencing positive and stimulating home learning environments, poorest quintile (%)",measure
postimuenv_wq5,"Percentage of children under 5 years experiencing positive and stimulating home learning environments, richest quintile (%)",measure
prepfuture_1_math,"Proportion of children/young people at the age of primary education prepared for the future in mathematics, both sexes (%)",measure
prepfuture_1_math_f,"Proportion of children/young people at the age of primary education prepared for the future in mathematics, female (%)",measure
prepfuture_1_math_gpia,"Proportion of children/young people at the age of primary education prepared for the future in mathematics, adjusted gender parity index (GPIA)",measure
prepfuture_1_math_m,"Proportion of children/young people at the age of primary education prepared for the future in mathematics, male (%)",measure
prepfuture_1_read,"Proportion of children/young people at the age of primary education prepared for the future in reading, both sexes (%)",measure
prepfuture_1_read_f,"Proportion of children/young people at the age of primary education prepared for the future in reading, female (%)",measure
prepfuture_1_read_gpia,"Proportion of children/young people at the age of primary education prepared for the future in reading, adjusted gender parity index (GPIA)",measure
prepfuture_1_read_m,"Proportion of children/young people at the age of primary education prepared for the future in reading, male (%)",measure
prepfuture_2_math,"Proportion of children/young people at the age of lower secondary education prepared for the future in mathematics, both sexes (%)",measure
prepfuture_2_math_f,"Proportion of children/young people at the age of lower secondary education prepared for the future in mathematics, female (%)",measure
prepfuture_2_math_gpia,"Proportion of children/young people at the age of lower secondary education prepared for the future in mathematics, adjusted gender parity index (GPIA)",measure
prepfuture_2_math_m,"Proportion of children/young people at the age of lower secondary education prepared for the future in mathematics, male (%)",measure
prepfuture_2_read,"Proportion of children/young people at the age of lower secondary education prepared for the future in reading, both sexes (%)",measure
prepfuture_2_read_f,"Proportion of children/young people at the age of lower secondary education prepared for the future in reading, female (%)",measure
prepfuture_2_read_gpia,"Proportion of children/young people at the age of lower secondary education prepared for the future in reading, adjusted gender parity index (GPIA)",measure
prepfuture_2_read_m,"Proportion of children/young people at the age of lower secondary education prepared for the future in reading, male (%)",measure
prya_12mo_ag15t24,"Participation rate of youth and adults in formal and non-formal education and training in the previous 12 months, 15-24 years old, both sexes (%)",measure
prya_12mo_ag15t24_f,"Participation rate of youth and adults in formal and non-formal education and training in the previous 12 months, 15-24 years old, female (%)",measure
prya_12mo_ag15t24_gpia,"Participation rate of youth and adults in formal and non-formal education and training in the previous 12 months, 15-24 years old, adjusted gender parity index (GPIA)",measure
prya_12mo_ag15t24_m,"Participation rate of youth and adults in formal and non-formal education and training in the previous 12 months, 15-24 years old, male (%)",measure
prya_12mo_ag15t64,"Participation rate of youth and adults in formal and non-formal education and training in the previous 12 months, 15-64 years old, both sexes (%)",measure
prya_12mo_ag15t64_f,"Participation rate of youth and adults in formal and non-formal education and training in the previous 12 months, 15-64 years old, female (%)",measure
prya_12mo_ag15t64_gpia,"Participation rate of youth and adults in formal and non-formal education and training in the previous 12 months, 15-64 years old, adjusted gender parity index (GPIA)",measure
prya_12mo_ag15t64_m,"Participation rate of youth and adults in formal and non-formal education and training in the previous 12 months, 15-64 years old, male (%)",measure
prya_12mo_ag25t54,"Participation rate of youth and adults in formal and non-formal education and training in the previous 12 months, 25-54 years old, both sexes (%)",measure
prya_12mo_ag25t54_f,"Participation rate of youth and adults in formal and non-formal education and training in the previous 12 months, 25-54 years old, female (%)",measure
prya_12mo_ag25t54_gpia,"Participation rate of youth and adults in formal and non-formal education and training in the previous 12 months, 25-54 years old, adjusted gender parity index (GPIA)",measure
prya_12mo_ag25t54_m,"Participation rate of youth and adults in formal and non-formal education and training in the previous 12 months, 25-54 years old, male (%)",measure
prya_12mo_ag55t64,"Participation rate of youth and adults in formal and non-formal education and training in the previous 12 months, 55-64 years old, both sexes (%)",measure
prya_12mo_ag55t64_f,"Participation rate of youth and adults in formal and non-formal education and training in the previous 12 months, 55-64 years old, female (%)",measure
prya_12mo_ag55t64_gpia,"Participation rate of youth and adults in formal and non-formal education and training in the previous 12 months, 55-64 years old, adjusted gender parity index (GPIA)",measure
prya_12mo_ag55t64_m,"Participation rate of youth and adults in formal and non-formal education and training in the previous 12 months, 55-64 years old, male (%)",measure
ptrhc_02_qualified,Pupil-qualified teacher ratio in pre-primary education (headcount basis),measure
ptrhc_02_trained,Pupil-trained teacher ratio in pre-primary education (headcount basis),measure
ptrhc_1_qualified,Pupil-qualified teacher ratio in primary education (headcount basis),measure
ptrhc_1_trained,Pupil-trained teacher ratio in primary education (headcount basis),measure
ptrhc_2_qualified,Pupil-qualified teacher ratio in lower secondary (headcount basis),measure
ptrhc_2_trained,Pupil-trained teacher ratio in lower secondary education (headcount basis),measure
ptrhc_2t3_qualified,Pupil-qualified teacher ratio in secondary (headcount basis),measure
ptrhc_2t3_trained,Pupil-trained teacher ratio in secondary education (headcount basis),measure
ptrhc_3_qualified,Pupil-qualified teacher ratio in upper secondary (headcount basis),measure
ptrhc_3_trained,Pupil-trained teacher ratio in upper secondary education (headcount basis),measure
qutp_02,"Percentage of qualified teachers in pre-primary education, both sexes (%)",measure
qutp_02_f,"Percentage of qualified teachers in pre-primary education, female (%)",measure
qutp_02_gpia,"Proportion of qualified teachers in pre-primary education, adjusted gender parity index (GPIA)",measure
qutp_02_m,"Percentage of qualified teachers in pre-primary education, male (%)",measure
qutp_1,"Percentage of qualified teachers in primary education, both sexes (%)",measure
qutp_1_f,"Percentage of qualified teachers in primary education, female (%)",measure
qutp_1_gpia,"Proportion of qualified teachers in primary education, adjusted gender parity index (GPIA)",measure
qutp_1_m,"Percentage of qualified teachers in primary education, male (%)",measure
qutp_2,"Percentage of qualified teachers in lower secondary education, both sexes (%)",measure
qutp_2_f,"Percentage of qualified teachers in lower secondary education, female (%)",measure
qutp_2_gpia,"Proportion of qualified teachers in lower secondary education, adjusted gender parity index (GPIA)",measure
qutp_2_m,"Percentage of qualified teachers in lower secondary education, male (%)",measure
qutp_2t3,"Percentage of qualified teachers in secondary education, both sexes (%)",measure
qutp_2t3_f,"Percentage of qualified teachers in secondary education, female (%)",measure
qutp_2t3_gpia,"Proportion of qualified teachers in secondary education, adjusted gender parity index (GPIA)",measure
qutp_2t3_m,"Percentage of qualified teachers in secondary education, male (%)",measure
qutp_3,"Percentage of qualified teachers in upper secondary education, both sexes (%)",measure
qutp_3_f,"Percentage of qualified teachers in upper secondary education, female (%)",measure
qutp_3_gpia,"Proportion of qualified teachers in upper secondary education, adjusted gender parity index (GPIA)",measure
qutp_3_m,"Percentage of qualified teachers in upper secondary education, male (%)",measure
read_g2,"Proportion of students in Grade 2 achieving at least a minimum proficiency level in reading, both sexes (%)",measure
read_g2_f,"Proportion of students in Grade 2 achieving at least a minimum proficiency level in reading, female (%)",measure
read_g2_gpia,"Proportion of students in Grade 2 achieving at least a minimum proficiency level in reading, adjusted gender parity index (GPIA)",measure
read_g2_highses,"Proportion of students in Grade 2 achieving at least a minimum proficiency level in reading, very affluent socioeconomic background, both sexes (%)",measure
read_g2_langtest,"Proportion of students in Grade 2 achieving at least a minimum proficiency level in reading, spoke the language of the test at home, both sexes (%)",measure
read_g2_lowses,"Proportion of students in Grade 2 achieving at least a minimum proficiency level in reading, very poor socioeconomic background, both sexes (%)",measure
read_g2_lpia,"Proportion of students in Grade 2 achieving at least a minimum proficiency level in reading, adjusted location parity index (LPIA)",measure
read_g2_ltpia,"Proportion of students in Grade 2 achieving at least a minimum proficiency level in reading, adjusted speaks language of the test parity index (LTPIA)",measure
read_g2_m,"Proportion of students in Grade 2 achieving at least a minimum proficiency level in reading, male (%)",measure
read_g2_native,"Proportion of students in Grade 2 achieving at least a minimum proficiency level in reading, non-immigrant background, both sexes (%)",measure
read_g2_nonlangtest,"Proportion of students in Grade 2 achieving at least a minimum proficiency level in reading, did not speak the language of the test at home, both sexes (%)",measure
read_g2_nonnative,"Proportion of students in Grade 2 achieving at least a minimum proficiency level in reading, immigrant background, both sexes (%)",measure
read_g2_npia,"Proportion of students in Grade 2 achieving at least a minimum proficiency level in reading, adjusted native parity index (NPIA)",measure
read_g2_rural,"Proportion of students in Grade 2 achieving at least a minimum proficiency level in reading, rural areas, both sexes (%)",measure
read_g2_urban,"Proportion of students in Grade 2 achieving at least a minimum proficiency level in reading, urban areas, both sexes (%)",measure
read_g2_wpia,"Proportion of students in Grade 2 achieving at least a minimum proficiency level in reading, adjusted wealth parity index (WPIA)",measure
read_g3,"Proportion of students in Grade 3 achieving at least a minimum proficiency level in reading, both sexes (%)",measure
read_g3_f,"Proportion of students in Grade 3 achieving at least a minimum proficiency level in reading, female (%)",measure
read_g3_gpia,"Proportion of students in Grade 3 achieving at least a minimum proficiency level in reading, adjusted gender parity index (GPIA)",measure
read_g3_highses,"Proportion of students in Grade 3 achieving at least a minimum proficiency level in reading, very affluent socioeconomic background, both sexes (%)",measure
read_g3_langtest,"Proportion of students in Grade 3 achieving at least a minimum proficiency level in reading, spoke the language of the test at home, both sexes (%)",measure
read_g3_lowses,"Proportion of students in Grade 3 achieving at least a minimum proficiency level in reading, very poor socioeconomic background, both sexes (%)",measure
read_g3_lpia,"Proportion of students in Grade 3 achieving at least a minimum proficiency level in reading, adjusted location parity index (LPIA)",measure
read_g3_ltpia,"Proportion of students in Grade 3 achieving at least a minimum proficiency level in reading, adjusted speaks language of the test parity index (LTPIA)",measure
read_g3_m,"Proportion of students in Grade 3 achieving at least a minimum proficiency level in reading, male (%)",measure
read_g3_native,"Proportion of students in Grade 3 achieving at least a minimum proficiency level in reading, non-immigrant background, both sexes (%)",measure
read_g3_nonlangtest,"Proportion of students in Grade 3 achieving at least a minimum proficiency level in reading, did not speak the language of the test at home, both sexes (%)",measure
read_g3_nonnative,"Proportion of students in Grade 3 achieving at least a minimum proficiency level in reading, immigrant background, both sexes (%)",measure
read_g3_npia,"Proportion of students in Grade 3 achieving at least a minimum proficiency level in reading, adjusted native parity index (NPIA)",measure
read_g3_rural,"Proportion of students in Grade 3 achieving at least a minimum proficiency level in reading, rural areas, both sexes (%)",measure
read_g3_urban,"Proportion of students in Grade 3 achieving at least a minimum proficiency level in reading, urban areas, both sexes (%)",measure
read_g3_wpia,"Proportion of students in Grade 3 achieving at least a minimum proficiency level in reading, adjusted wealth parity index (WPIA)",measure
read_lowersec,"Proportion of students at the end of lower secondary education achieving at least a minimum proficiency level in reading, both sexes (%)",measure
read_lowersec_f,"Proportion of students at the end of lower secondary education achieving at least a minimum proficiency level in reading, female (%)",measure
read_lowersec_gpia,"Proportion of students at the end of lower secondary achieving at least a minimum proficiency level in reading, adjusted gender parity index (GPIA)",measure
read_lowersec_highses,"Proportion of students at the end of lower secondary education achieving at least a minimum proficiency level in reading, very affluent socioeconomic background, both sexes (%)",measure
read_lowersec_langtest,"Proportion of students at the end of lower secondary education achieving at least a minimum proficiency level in reading, spoke the language of the test at home, both sexes (%)",measure
read_lowersec_lowses,"Proportion of students at the end of lower secondary education achieving at least a minimum proficiency level in reading, very poor socioeconomic background, both sexes (%)",measure
read_lowersec_lpia,"Proportion of students at the end of lower secondary education achieving at least a minimum proficiency level in reading, adjusted location parity index (LPIA)",measure
read_lowersec_ltpia,"Proportion of students at the end of lower secondary education achieving at least a minimum proficiency level in reading, adjusted speaks language of the test parity index (LTPIA)",measure
read_lowersec_m,"Proportion of students at the end of lower secondary education achieving at least a minimum proficiency level in reading, male (%)",measure
read_lowersec_native,"Proportion of students at the end of lower secondary education achieving at least a minimum proficiency level in reading, non-immigrant background, both sexes (%)",measure
read_lowersec_nonlangtest,"Proportion of students at the end of lower secondary education achieving at least a minimum proficiency level in reading, did not speak the language of the test at home, both sexes (%)",measure
read_lowersec_nonnative,"Proportion of students at the end of lower secondary education achieving at least a minimum proficiency level in reading, immigrant background, both sexes (%)",measure
read_lowersec_npia,"Proportion of students at the end of lower secondary education achieving at least a minimum proficiency level in reading, adjusted native parity index (NPIA)",measure
read_lowersec_rural,"Proportion of students at the end of lower secondary education achieving at least a minimum proficiency level in reading, rural areas, both sexes (%)",measure
read_lowersec_urban,"Proportion of students at the end of lower secondary education achieving at least a minimum proficiency level in reading, urban areas, both sexes (%)",measure
read_lowersec_wpia,"Proportion of students at the end of lower secondary education achieving at least a minimum proficiency level in reading, adjusted wealth parity index (WPIA)",measure
read_primary,"Proportion of students at the end of primary education achieving at least a minimum proficiency level in reading, both sexes (%)",measure
read_primary_f,"Proportion of students at the end of primary education achieving at least a minimum proficiency level in reading, female (%)",measure
read_primary_gpia,"Proportion of students at the end of primary achieving at least a minimum proficiency level in reading, adjusted gender parity index (GPIA)",measure
read_primary_highses,"Proportion of students at the end of primary education achieving at least a minimum proficiency level in reading, very affluent socioeconomic background, both sexes (%)",measure
read_primary_langtest,"Proportion of students at the end of primary education achieving at least a minimum proficiency level in reading, spoke the language of the test at home, both sexes (%)",measure
read_primary_lowses,"Proportion of students at the end of primary education achieving at least a minimum proficiency level in reading, very poor socioeconomic background, both sexes (%)",measure
read_primary_lpia,"Proportion of students at the end of primary education achieving at least a minimum proficiency level in reading, adjusted location parity index (LPIA)",measure
read_primary_ltpia,"Proportion of students at the end of primary education achieving at least a minimum proficiency level in reading, adjusted speaks language of the test parity index (LTPIA)",measure
read_primary_m,"Proportion of students at the end of primary education achieving at least a minimum proficiency level in reading, male (%)",measure
read_primary_native,"Proportion of students at the end of primary education achieving at least a minimum proficiency level in reading, non-immigrant background, both sexes (%)",measure
read_primary_nonlangtest,"Proportion of students at the end of primary education achieving at least a minimum proficiency level in reading, did not speak the language of the test at home, both sexes (%)",measure
read_primary_nonnative,"Proportion of students at the end of primary education achieving at least a minimum proficiency level in reading, immigrant background, both sexes (%)",measure
read_primary_npia,"Proportion of students at the end of primary education achieving at least a minimum proficiency level in reading, adjusted native parity index (NPIA)",measure
read_primary_rural,"Proportion of students at the end of primary education achieving at least a minimum proficiency level in reading, rural areas, both sexes (%)",measure
read_primary_urban,"Proportion of students at the end of primary education achieving at least a minimum proficiency level in reading, urban areas, both sexes (%)",measure
read_primary_wpia,"Proportion of students at the end of primary education achieving at least a minimum proficiency level in reading, adjusted wealth parity index (WPIA)",measure
resdisadvpop,Existence of funding mechanisms to reallocate education resources to disadvantaged populations,measure
rofst_1_cp,"Out-of-school rate for children of primary school age, both sexes (%)",measure
rofst_1_f_cp,"Out-of-school rate for children of primary school age, female (%)",measure
rofst_1_gpia_cp,"Out-of-school rate for children of primary school age, adjusted gender parity index (GPIA)",measure
rofst_1_m_cp,"Out-of-school rate for children of primary school age, male (%)",measure
rofst_1t2_cp,"Out-of-school rate for children and adolescents of primary and lower secondary school age, both sexes (%)",measure
rofst_1t2_f_cp,"Out-of-school rate for children and adolescents of primary and lower secondary school age, female (%)",measure
rofst_1t2_gpia_cp,"Out-of-school rate for children and adolescents of primary and lower secondary school age, adjusted gender parity index (GPIA)",measure
rofst_1t2_m_cp,"Out-of-school rate for children and adolescents of primary and lower secondary school age, male (%)",measure
rofst_1t3_cp,"Out-of-school rate for children, adolescents and youth of primary, lower secondary and upper secondary school age, both sexes (%)",measure
rofst_1t3_f_cp,"Out-of-school rate for children, adolescents and youth of primary, lower secondary and upper secondary school age, female (%)",measure
rofst_1t3_gpia_cp,"Out-of-school rate for children, adolescents and youth of primary, lower secondary and upper secondary school age, adjusted gender parity index (GPIA)",measure
rofst_1t3_m_cp,"Out-of-school rate for children, adolescents and youth of primary, lower secondary and upper secondary school age, male (%)",measure
rofst_2_cp,"Out-of-school rate for adolescents of lower secondary school age, both sexes (%)",measure
rofst_2_f_cp,"Out-of-school rate for adolescents of lower secondary school age, female (%)",measure
rofst_2_gpia_cp,"Out-of-school rate for adolescents of lower secondary school age, adjusted gender parity index (GPIA)",measure
rofst_2_m_cp,"Out-of-school rate for adolescents of lower secondary school age, male (%)",measure
rofst_2t3_cp,"Out-of-school rate for adolescents and youth of lower and upper secondary school age, both sexes (%)",measure
rofst_2t3_f_cp,"Out-of-school rate for adolescents and youth of lower and upper secondary school age, female (%)",measure
rofst_2t3_gpia_cp,"Out-of-school rate for adolescents and youth of lower and upper secondary school age, adjusted gender parity index (GPIA)",measure
rofst_2t3_m_cp,"Out-of-school rate for adolescents and youth of lower and upper secondary school age, male (%)",measure
rofst_3_cp,"Out-of-school rate for youth of upper secondary school age, both sexes (%)",measure
rofst_3_f_cp,"Out-of-school rate for youth of upper secondary school age, female (%)",measure
rofst_3_gpia_cp,"Out-of-school rate for youth of upper secondary school age, adjusted gender parity index (GPIA)",measure
rofst_3_m_cp,"Out-of-school rate for youth of upper secondary school age, male (%)",measure
rofst_agm1_cp,"Out-of-school rate for children one year before the official primary entry age, both sexes (%)",measure
rofst_agm1_f_cp,"Out-of-school rate for children one year before the official primary entry age, female (%)",measure
rofst_agm1_gpia_cp,"Out-of-school rate for children one year before the official primary entry age, adjusted gender parity index (GPIA)",measure
rofst_agm1_m_cp,"Out-of-school rate for children one year before the official primary entry age, male (%)",measure
rofst_h_1,"Out-of-school rate for children of primary school age, both sexes (household survey data) (%)",measure
rofst_h_1_abl,"Out-of-school rate, primary education, not disabled, both sexes (household survey data) (%)",measure
rofst_h_1_abl_f,"Out-of-school rate, primary education, not disabled, female (household survey data) (%)",measure
rofst_h_1_abl_gpia,"Out-of-school rate, primary education, not disabled, adjusted gender parity index (GPIA)",measure
rofst_h_1_abl_m,"Out-of-school rate, primary education, not disabled, male (household survey data) (%)",measure
rofst_h_1_dis,"Out-of-school rate, primary education, disabled, both sexes (household survey data) (%)",measure
rofst_h_1_dis_f,"Out-of-school rate, primary education, disabled, female (household survey data) (%)",measure
rofst_h_1_dis_gpia,"Out-of-school rate, primary education, disabled, adjusted gender parity index (GPIA)",measure
rofst_h_1_dis_m,"Out-of-school rate, primary education, disabled, male (household survey data) (%)",measure
rofst_h_1_dpia,"Out-of-school rate, primary education, adjusted disability parity index (DPIA)",measure
rofst_h_1_f,"Out-of-school rate for children of primary school age, female (household survey data) (%)",measure
rofst_h_1_f_dpia,"Out-of-school rate, primary education, female, adjusted disability parity index (DPIA)",measure
rofst_h_1_f_lpia,"Out-of-school rate for children of primary school age, female, adjusted location parity index (household survey data) (LPIA)",measure
rofst_h_1_f_wpia,"Out-of-school rate for children of primary school age, female, adjusted wealth parity index (household survey data) (WPIA)",measure
rofst_h_1_gpia,"Out-of-school rate for children of primary school age, adjusted gender parity index (household survey data) (GPIA)",measure
rofst_h_1_lpia,"Out-of-school rate for children of primary school age, adjusted location parity index (household survey data) (LPIA)",measure
rofst_h_1_m,"Out-of-school rate for children of primary school age, male (household survey data) (%)",measure
rofst_h_1_m_dpia,"Out-of-school rate, primary education, male, adjusted disability parity index (DPIA)",measure
rofst_h_1_m_lpia,"Out-of-school rate for children of primary school age, male, adjusted location parity index (household survey data) (LPIA)",measure
rofst_h_1_m_wpia,"Out-of-school rate for children of primary school age, male, adjusted wealth parity index (household survey data) (WPIA)",measure
rofst_h_1_q1,"Out-of-school rate for children of primary school age, poorest quintile, both sexes (household survey data) (%)",measure
rofst_h_1_q1_f,"Out-of-school rate for children of primary school age, poorest quintile, female (household survey data) (%)",measure
rofst_h_1_q1_f_lpia,"Out-of-school rate for children of primary school age, poorest quintile, female, adjusted location parity index (household survey data) (LPIA)",measure
rofst_h_1_q1_gpia,"Out-of-school rate for children of primary school age, poorest quintile, adjusted gender parity index (household survey data) (GPIA)",measure
rofst_h_1_q1_lpia,"Out-of-school rate for children of primary school age, poorest quintile, adjusted location parity index (household survey data) (LPIA)",measure
rofst_h_1_q1_m,"Out-of-school rate for children of primary school age, poorest quintile, male (household survey data) (%)",measure
rofst_h_1_q1_m_lpia,"Out-of-school rate for children of primary school age, poorest quintile, male, adjusted location parity index (household survey data) (LPIA)",measure
rofst_h_1_q2,"Out-of-school rate for children of primary school age, second quintile, both sexes (household survey data) (%)",measure
rofst_h_1_q2_f,"Out-of-school rate for children of primary school age, second quintile, female (household survey data) (%)",measure
rofst_h_1_q2_f_lpia,"Out-of-school rate for children of primary school age, second quintile, female, adjusted location parity index (household survey data) (LPIA)",measure
rofst_h_1_q2_gpia,"Out-of-school rate for children of primary school age, second quintile, adjusted gender parity index (household survey data) (GPIA)",measure
rofst_h_1_q2_lpia,"Out-of-school rate for children of primary school age, second quintile, adjusted location parity index (household survey data) (LPIA)",measure
rofst_h_1_q2_m,"Out-of-school rate for children of primary school age, second quintile, male (household survey data) (%)",measure
rofst_h_1_q2_m_lpia,"Out-of-school rate for children of primary school age, second quintile, male, adjusted location parity index (household survey data) (LPIA)",measure
rofst_h_1_q3,"Out-of-school rate for children of primary school age, middle quintile, both sexes (household survey data) (%)",measure
rofst_h_1_q3_f,"Out-of-school rate for children of primary school age, middle quintile, female (household survey data) (%)",measure
rofst_h_1_q3_f_lpia,"Out-of-school rate for children of primary school age, middle quintile, female, adjusted location parity index (household survey data) (LPIA)",measure
rofst_h_1_q3_gpia,"Out-of-school rate for children of primary school age, middle quintile, adjusted gender parity index (household survey data) (GPIA)",measure
rofst_h_1_q3_lpia,"Out-of-school rate for children of primary school age, middle quintile, adjusted location parity index (household survey data) (LPIA)",measure
rofst_h_1_q3_m,"Out-of-school rate for children of primary school age, middle quintile, male (household survey data) (%)",measure
rofst_h_1_q3_m_lpia,"Out-of-school rate for children of primary school age, middle quintile, male, adjusted location parity index (household survey data) (LPIA)",measure
rofst_h_1_q4,"Out-of-school rate for children of primary school age, fourth quintile, both sexes (household survey data) (%)",measure
rofst_h_1_q4_f,"Out-of-school rate for children of primary school age, fourth quintile, female (household survey data) (%)",measure
rofst_h_1_q4_f_lpia,"Out-of-school rate for children of primary school age, fourth quintile, female, adjusted location parity index (household survey data) (LPIA)",measure
rofst_h_1_q4_gpia,"Out-of-school rate for children of primary school age, fourth quintile, adjusted gender parity index (household survey data) (GPIA)",measure
rofst_h_1_q4_lpia,"Out-of-school rate for children of primary school age, fourth quintile, adjusted location parity index (household survey data) (LPIA)",measure
rofst_h_1_q4_m,"Out-of-school rate for children of primary school age, fourth quintile, male (household survey data) (%)",measure
rofst_h_1_q4_m_lpia,"Out-of-school rate for children of primary school age, fourth quintile, male, adjusted location parity index (household survey data) (LPIA)",measure
rofst_h_1_q5,"Out-of-school rate for children of primary school age, richest quintile, both sexes (household survey data) (%)",measure
rofst_h_1_q5_f,"Out-of-school rate for children of primary school age, richest quintile, female (household survey data) (%)",measure
rofst_h_1_q5_f_lpia,"Out-of-school rate for children of primary school age, richest quintile, female, adjusted location parity index (household survey data) (LPIA)",measure
rofst_h_1_q5_gpia,"Out-of-school rate for children of primary school age, richest quintile, adjusted gender parity index (household survey data) (GPIA)",measure
rofst_h_1_q5_lpia,"Out-of-school rate for children of primary school age, richest quintile, adjusted location parity index (household survey data) (LPIA)",measure
rofst_h_1_q5_m,"Out-of-school rate for children of primary school age, richest quintile, male (household survey data) (%)",measure
rofst_h_1_q5_m_lpia,"Out-of-school rate for children of primary school age, richest quintile, male, adjusted location parity index (household survey data) (LPIA)",measure
rofst_h_1_rur,"Out-of-school rate for children of primary school age, rural, both sexes (household survey data) (%)",measure
rofst_h_1_rur_f,"Out-of-school rate for children of primary school age, rural, female (household survey data) (%)",measure
rofst_h_1_rur_f_wpia,"Out-of-school rate for children of primary school age, rural, female, adjusted wealth parity index (household survey data) (WPIA)",measure
rofst_h_1_rur_gpia,"Out-of-school rate for children of primary school age, rural, adjusted gender parity index (household survey data) (GPIA)",measure
rofst_h_1_rur_m,"Out-of-school rate for children of primary school age, rural, male (household survey data) (%)",measure
rofst_h_1_rur_m_wpia,"Out-of-school rate for children of primary school age, rural, male, adjusted wealth parity index (household survey data) (WPIA)",measure
rofst_h_1_rur_q1,"Out-of-school rate for children of primary school age, rural, poorest quintile, both sexes (household survey data) (%)",measure
rofst_h_1_rur_q1_f,"Out-of-school rate for children of primary school age, rural, poorest quintile, female (household survey data) (%)",measure
rofst_h_1_rur_q1_gpia,"Out-of-school rate for children of primary school age, primary education, rural, poorest quintile, adjusted gender parity index (household survey data) (GPIA)",measure
rofst_h_1_rur_q1_m,"Out-of-school rate for children of primary school age, rural, poorest quintile, male (household survey data) (%)",measure
rofst_h_1_rur_q2,"Out-of-school rate for children of primary school age, rural, second quintile, both sexes (household survey data) (%)",measure
rofst_h_1_rur_q2_f,"Out-of-school rate for children of primary school age, rural, second quintile, female (household survey data) (%)",measure
rofst_h_1_rur_q2_gpia,"Out-of-school rate for children of primary school age, primary education, rural, second quintile, adjusted gender parity index (household survey data) (GPIA)",measure
rofst_h_1_rur_q2_m,"Out-of-school rate for children of primary school age, rural, second quintile, male (household survey data) (%)",measure
rofst_h_1_rur_q3,"Out-of-school rate for children of primary school age, rural, middle quintile, both sexes (household survey data) (%)",measure
rofst_h_1_rur_q3_f,"Out-of-school rate for children of primary school age, rural, middle quintile, female (household survey data) (%)",measure
rofst_h_1_rur_q3_gpia,"Out-of-school rate for children of primary school age, primary education, rural, middle quintile, adjusted gender parity index (household survey data) (GPIA)",measure
rofst_h_1_rur_q3_m,"Out-of-school rate for children of primary school age, rural, middle quintile, male (household survey data) (%)",measure
rofst_h_1_rur_q4,"Out-of-school rate for children of primary school age, rural, fourth quintile, both sexes (household survey data) (%)",measure
rofst_h_1_rur_q4_f,"Out-of-school rate for children of primary school age, rural, fourth quintile, female (household survey data) (%)",measure
rofst_h_1_rur_q4_gpia,"Out-of-school rate for children of primary school age, primary education, rural, fourth quintile, adjusted gender parity index (household survey data) (GPIA)",measure
rofst_h_1_rur_q4_m,"Out-of-school rate for children of primary school age, rural, fourth quintile, male (household survey data) (%)",measure
rofst_h_1_rur_q5,"Out-of-school rate for children of primary school age, rural, richest quintile, both sexes (household survey data) (%)",measure
rofst_h_1_rur_q5_f,"Out-of-school rate for children of primary school age, rural, richest quintile, female (household survey data) (%)",measure
rofst_h_1_rur_q5_gpia,"Out-of-school rate for children of primary school age, primary education, rural, richest quintile, adjusted gender parity index (household survey data) (GPIA)",measure
rofst_h_1_rur_q5_m,"Out-of-school rate for children of primary school age, rural, richest quintile, male (household survey data) (%)",measure
rofst_h_1_rur_wpia,"Out-of-school rate for children of primary school age, rural, adjusted wealth parity index (household survey data) (WPIA)",measure
rofst_h_1_urb,"Out-of-school rate for children of primary school age, urban, both sexes (household survey data) (%)",measure
rofst_h_1_urb_f,"Out-of-school rate for children of primary school age, urban, female (household survey data) (%)",measure
rofst_h_1_urb_f_wpia,"Out-of-school rate for children of primary school age, urban, female, adjusted wealth parity index (household survey data) (WPIA)",measure
rofst_h_1_urb_gpia,"Out-of-school rate for children of primary school age, urban, adjusted gender parity index (household survey data) (GPIA)",measure
rofst_h_1_urb_m,"Out-of-school rate for children of primary school age, urban, male (household survey data) (%)",measure
rofst_h_1_urb_m_wpia,"Out-of-school rate for children of primary school age, urban, male, adjusted wealth parity index (household survey data) (WPIA)",measure
rofst_h_1_urb_q1,"Out-of-school rate for children of primary school age, urban, poorest quintile, both sexes (household survey data) (%)",measure
rofst_h_1_urb_q1_f,"Out-of-school rate for children of primary school age, urban, poorest quintile, female (household survey data) (%)",measure
rofst_h_1_urb_q1_gpia,"Out-of-school rate for children of primary school age, primary education, urban, poorest quintile, adjusted gender parity index (household survey data) (GPIA)",measure
rofst_h_1_urb_q1_m,"Out-of-school rate for children of primary school age, urban, poorest quintile, male (household survey data) (%)",measure
rofst_h_1_urb_q2,"Out-of-school rate for children of primary school age, urban, second quintile, both sexes (household survey data) (%)",measure
rofst_h_1_urb_q2_f,"Out-of-school rate for children of primary school age, urban, second quintile, female (household survey data) (%)",measure
rofst_h_1_urb_q2_gpia,"Out-of-school rate for children of primary school age, primary education, urban, second quintile, adjusted gender parity index (household survey data) (GPIA)",measure
rofst_h_1_urb_q2_m,"Out-of-school rate for children of primary school age, urban, second quintile, male (household survey data) (%)",measure
rofst_h_1_urb_q3,"Out-of-school rate for children of primary school age, urban, middle quintile, both sexes (household survey data) (%)",measure
rofst_h_1_urb_q3_f,"Out-of-school rate for children of primary school age, urban, middle quintile, female (household survey data) (%)",measure
rofst_h_1_urb_q3_gpia,"Out-of-school rate for children of primary school age, primary education, urban, middle quintile, adjusted gender parity index (household survey data) (GPIA)",measure
rofst_h_1_urb_q3_m,"Out-of-school rate for children of primary school age, urban, middle quintile, male (household survey data) (%)",measure
rofst_h_1_urb_q4,"Out-of-school rate for children of primary school age, urban, fourth quintile, both sexes (household survey data) (%)",measure
rofst_h_1_urb_q4_f,"Out-of-school rate for children of primary school age, urban, fourth quintile, female (household survey data) (%)",measure
rofst_h_1_urb_q4_gpia,"Out-of-school rate for children of primary school age, primary education, urban, fourth quintile, adjusted gender parity index (household survey data) (GPIA)",measure
rofst_h_1_urb_q4_m,"Out-of-school rate for children of primary school age, urban, fourth quintile, male (household survey data) (%)",measure
rofst_h_1_urb_q5,"Out-of-school rate for children of primary school age, urban, richest quintile, both sexes (household survey data) (%)",measure
rofst_h_1_urb_q5_f,"Out-of-school rate for children of primary school age, urban, richest quintile, female (household survey data) (%)",measure
rofst_h_1_urb_q5_gpia,"Out-of-school rate for children of primary school age, primary education, urban, richest quintile, adjusted gender parity index (household survey data) (GPIA)",measure
rofst_h_1_urb_q5_m,"Out-of-school rate for children of primary school age, urban, richest quintile, male (household survey data) (%)",measure
rofst_h_1_urb_wpia,"Out-of-school rate for children of primary school age, urban, adjusted wealth parity index (household survey data) (WPIA)",measure
rofst_h_1_wpia,"Out-of-school rate for children of primary school age, adjusted wealth parity index (household survey data) (WPIA)",measure
rofst_h_2,"Out-of-school rate for adolescents of lower secondary school age, both sexes (household survey data) (%)",measure
rofst_h_2_abl,"Out-of-school rate, lower secondary education, not disabled, both sexes (household survey data) (%)",measure
rofst_h_2_abl_f,"Out-of-school rate, lower secondary education, not disabled, female (household survey data) (%)",measure
rofst_h_2_abl_gpia,"Out-of-school rate, lower secondary education, not disabled, adjusted gender parity index (GPIA)",measure
rofst_h_2_abl_m,"Out-of-school rate, lower secondary education, not disabled, male (household survey data) (%)",measure
rofst_h_2_dis,"Out-of-school rate, lower secondary education, disabled, both sexes (household survey data) (%)",measure
rofst_h_2_dis_f,"Out-of-school rate, lower secondary education, disabled, female (household survey data) (%)",measure
rofst_h_2_dis_gpia,"Out-of-school rate, lower secondary education, disabled, adjusted gender parity index (GPIA)",measure
rofst_h_2_dis_m,"Out-of-school rate, lower secondary education, disabled, male (household survey data) (%)",measure
rofst_h_2_dpia,"Out-of-school rate, lower secondary education, adjusted disability parity index (DPIA)",measure
rofst_h_2_f,"Out-of-school rate for adolescents of lower secondary school age, female (household survey data) (%)",measure
rofst_h_2_f_dpia,"Out-of-school rate, lower secondary education, female, adjusted disability parity index (DPIA)",measure
rofst_h_2_f_lpia,"Out-of-school rate for adolescents of lower secondary school age, female, adjusted location parity index (household survey data) (LPIA)",measure
rofst_h_2_f_wpia,"Out-of-school rate for adolescents of lower secondary school age, female, adjusted wealth parity index (household survey data) (WPIA)",measure
rofst_h_2_gpia,"Out-of-school rate for adolescents of lower secondary school age, adjusted gender parity index (household survey data) (GPIA)",measure
rofst_h_2_lpia,"Out-of-school rate for adolescents of lower secondary school age, adjusted location parity index (household survey data) (LPIA)",measure
rofst_h_2_m,"Out-of-school rate for adolescents of lower secondary school age, male (household survey data) (%)",measure
rofst_h_2_m_dpia,"Out-of-school rate, lower secondary education, male, adjusted disability parity index (DPIA)",measure
rofst_h_2_m_lpia,"Out-of-school rate for adolescents of lower secondary school age, male, adjusted location parity index (household survey data) (LPIA)",measure
rofst_h_2_m_wpia,"Out-of-school rate for adolescents of lower secondary school age, male, adjusted wealth parity index (household survey data) (WPIA)",measure
rofst_h_2_q1,"Out-of-school rate for adolescents of lower secondary school age, poorest quintile, both sexes (household survey data) (%)",measure
rofst_h_2_q1_f,"Out-of-school rate for adolescents of lower secondary school age, poorest quintile, female (household survey data) (%)",measure
rofst_h_2_q1_f_lpia,"Out-of-school rate for adolescents of lower secondary school age, poorest quintile, female, adjusted location parity index (household survey data) (LPIA)",measure
rofst_h_2_q1_gpia,"Out-of-school rate for adolescents of lower secondary school age, poorest quintile, adjusted gender parity index (household survey data) (GPIA)",measure
rofst_h_2_q1_lpia,"Out-of-school rate for adolescents of lower secondary school age, poorest quintile, adjusted location parity index (household survey data) (LPIA)",measure
rofst_h_2_q1_m,"Out-of-school rate for adolescents of lower secondary school age, poorest quintile, male (household survey data) (%)",measure
rofst_h_2_q1_m_lpia,"Out-of-school rate for adolescents of lower secondary school age, poorest quintile, male, adjusted location parity index (household survey data) (LPIA)",measure
rofst_h_2_q2,"Out-of-school rate for adolescents of lower secondary school age, second quintile, both sexes (household survey data) (%)",measure
rofst_h_2_q2_f,"Out-of-school rate for adolescents of lower secondary school age, second quintile, female (household survey data) (%)",measure
rofst_h_2_q2_f_lpia,"Out-of-school rate for adolescents of lower secondary school age, second quintile, female, adjusted location parity index (household survey data) (LPIA)",measure
rofst_h_2_q2_gpia,"Out-of-school rate for adolescents of lower secondary school age, second quintile, adjusted gender parity index (household survey data) (GPIA)",measure
rofst_h_2_q2_lpia,"Out-of-school rate for adolescents of lower secondary school age, second quintile, adjusted location parity index (household survey data) (LPIA)",measure
rofst_h_2_q2_m,"Out-of-school rate for adolescents of lower secondary school age, second quintile, male (household survey data) (%)",measure
rofst_h_2_q2_m_lpia,"Out-of-school rate for adolescents of lower secondary school age, second quintile, male, adjusted location parity index (household survey data) (LPIA)",measure
rofst_h_2_q3,"Out-of-school rate for adolescents of lower secondary school age, middle quintile, both sexes (household survey data) (%)",measure
rofst_h_2_q3_f,"Out-of-school rate for adolescents of lower secondary school age, middle quintile, female (household survey data) (%)",measure
rofst_h_2_q3_f_lpia,"Out-of-school rate for adolescents of lower secondary school age, middle quintile, female, adjusted location parity index (household survey data) (LPIA)",measure
rofst_h_2_q3_gpia,"Out-of-school rate for adolescents of lower secondary school age, middle quintile, adjusted gender parity index (household survey data) (GPIA)",measure
rofst_h_2_q3_lpia,"Out-of-school rate for adolescents of lower secondary school age, middle quintile, adjusted location parity index (household survey data) (LPIA)",measure
rofst_h_2_q3_m,"Out-of-school rate for adolescents of lower secondary school age, middle quintile, male (household survey data) (%)",measure
rofst_h_2_q3_m_lpia,"Out-of-school rate for adolescents of lower secondary school age, middle quintile, male, adjusted location parity index (household survey data) (LPIA)",measure
rofst_h_2_q4,"Out-of-school rate for adolescents of lower secondary school age, fourth quintile, both sexes (household survey data) (%)",measure
rofst_h_2_q4_f,"Out-of-school rate for adolescents of lower secondary school age, fourth quintile, female (household survey data) (%)",measure
rofst_h_2_q4_f_lpia,"Out-of-school rate for adolescents of lower secondary school age, fourth quintile, female, adjusted location parity index (household survey data) (LPIA)",measure
rofst_h_2_q4_gpia,"Out-of-school rate for adolescents of lower secondary school age, fourth quintile, adjusted gender parity index (household survey data) (GPIA)",measure
rofst_h_2_q4_lpia,"Out-of-school rate for adolescents of lower secondary school age, fourth quintile, adjusted location parity index (household survey data) (LPIA)",measure
rofst_h_2_q4_m,"Out-of-school rate for adolescents of lower secondary school age, fourth quintile, male (household survey data) (%)",measure
rofst_h_2_q4_m_lpia,"Out-of-school rate for adolescents of lower secondary school age, fourth quintile, male, adjusted location parity index (household survey data) (LPIA)",measure
rofst_h_2_q5,"Out-of-school rate for adolescents of lower secondary school age, richest quintile, both sexes (household survey data) (%)",measure
rofst_h_2_q5_f,"Out-of-school rate for adolescents of lower secondary school age, richest quintile, female (household survey data) (%)",measure
rofst_h_2_q5_f_lpia,"Out-of-school rate for adolescents of lower secondary school age, richest quintile, female, adjusted location parity index (household survey data) (LPIA)",measure
rofst_h_2_q5_gpia,"Out-of-school rate for adolescents of lower secondary school age, richest quintile, adjusted gender parity index (household survey data) (GPIA)",measure
rofst_h_2_q5_lpia,"Out-of-school rate for adolescents of lower secondary school age, richest quintile, adjusted location parity index (household survey data) (LPIA)",measure
rofst_h_2_q5_m,"Out-of-school rate for adolescents of lower secondary school age, richest quintile, male (household survey data) (%)",measure
rofst_h_2_q5_m_lpia,"Out-of-school rate for adolescents of lower secondary school age, richest quintile, male, adjusted location parity index (household survey data) (LPIA)",measure
rofst_h_2_rur,"Out-of-school rate for adolescents of lower secondary school age, rural, both sexes (household survey data) (%)",measure
rofst_h_2_rur_f,"Out-of-school rate for adolescents of lower secondary school age, rural, female (household survey data) (%)",measure
rofst_h_2_rur_f_wpia,"Out-of-school rate for adolescents of lower secondary school age, rural, female, adjusted wealth parity index (household survey data) (WPIA)",measure
rofst_h_2_rur_gpia,"Out-of-school rate for adolescents of lower secondary school age, rural, adjusted gender parity index (household survey data) (GPIA)",measure
rofst_h_2_rur_m,"Out-of-school rate for adolescents of lower secondary school age, rural, male (household survey data) (%)",measure
rofst_h_2_rur_m_wpia,"Out-of-school rate for adolescents of lower secondary school age, rural, male, adjusted wealth parity index (household survey data) (WPIA)",measure
rofst_h_2_rur_q1,"Out-of-school rate for adolescents of lower secondary school age, rural, poorest quintile, both sexes (household survey data) (%)",measure
rofst_h_2_rur_q1_f,"Out-of-school rate for adolescents of lower secondary school age, rural, poorest quintile, female (household survey data) (%)",measure
rofst_h_2_rur_q1_gpia,"Out-of-school rate for adolescents of lower secondary school age, rural, poorest quintile, adjusted gender parity index (household survey data) (GPIA)",measure
rofst_h_2_rur_q1_m,"Out-of-school rate for adolescents of lower secondary school age, rural, poorest quintile, male (household survey data) (%)",measure
rofst_h_2_rur_q2,"Out-of-school rate for adolescents of lower secondary school age, rural, second quintile, both sexes (household survey data) (%)",measure
rofst_h_2_rur_q2_f,"Out-of-school rate for adolescents of lower secondary school age, rural, second quintile, female (household survey data) (%)",measure
rofst_h_2_rur_q2_gpia,"Out-of-school rate for adolescents of lower secondary school age, rural, second quintile, adjusted gender parity index (household survey data) (GPIA)",measure
rofst_h_2_rur_q2_m,"Out-of-school rate for adolescents of lower secondary school age, rural, second quintile, male (household survey data) (%)",measure
rofst_h_2_rur_q3,"Out-of-school rate for adolescents of lower secondary school age, rural, middle quintile, both sexes (household survey data) (%)",measure
rofst_h_2_rur_q3_f,"Out-of-school rate for adolescents of lower secondary school age, rural, middle quintile, female (household survey data) (%)",measure
rofst_h_2_rur_q3_gpia,"Out-of-school rate for adolescents of lower secondary school age, rural, middle quintile, adjusted gender parity index (household survey data) (GPIA)",measure
rofst_h_2_rur_q3_m,"Out-of-school rate for adolescents of lower secondary school age, rural, middle quintile, male (household survey data) (%)",measure
rofst_h_2_rur_q4,"Out-of-school rate for adolescents of lower secondary school age, rural, fourth quintile, both sexes (household survey data) (%)",measure
rofst_h_2_rur_q4_f,"Out-of-school rate for adolescents of lower secondary school age, rural, fourth quintile, female (household survey data) (%)",measure
rofst_h_2_rur_q4_gpia,"Out-of-school rate for adolescents of lower secondary school age, rural, fourth quintile, adjusted gender parity index (household survey data) (GPIA)",measure
rofst_h_2_rur_q4_m,"Out-of-school rate for adolescents of lower secondary school age, rural, fourth quintile, male (household survey data) (%)",measure
rofst_h_2_rur_q5,"Out-of-school rate for adolescents of lower secondary school age, rural, richest quintile, both sexes (household survey data) (%)",measure
rofst_h_2_rur_q5_f,"Out-of-school rate for adolescents of lower secondary school age, rural, richest quintile, female (household survey data) (%)",measure
rofst_h_2_rur_q5_gpia,"Out-of-school rate for adolescents of lower secondary school age, rural, richest quintile, adjusted gender parity index (household survey data) (GPIA)",measure
rofst_h_2_rur_q5_m,"Out-of-school rate for adolescents of lower secondary school age, rural, richest quintile, male (household survey data) (%)",measure
rofst_h_2_rur_wpia,"Out-of-school rate for adolescents of lower secondary school age, rural, adjusted wealth parity index (household survey data) (WPIA)",measure
rofst_h_2_urb,"Out-of-school rate for adolescents of lower secondary school age, urban, both sexes (household survey data) (%)",measure
rofst_h_2_urb_f,"Out-of-school rate for adolescents of lower secondary school age, urban, female (household survey data) (%)",measure
rofst_h_2_urb_f_wpia,"Out-of-school rate for adolescents of lower secondary school age, urban, female, adjusted wealth parity index (household survey data) (WPIA)",measure
rofst_h_2_urb_gpia,"Out-of-school rate for adolescents of lower secondary school age, urban, adjusted gender parity index (household survey data) (GPIA)",measure
rofst_h_2_urb_m,"Out-of-school rate for adolescents of lower secondary school age, urban, male (household survey data) (%)",measure
rofst_h_2_urb_m_wpia,"Out-of-school rate for adolescents of lower secondary school age, urban, male, adjusted wealth parity index (household survey data) (WPIA)",measure
rofst_h_2_urb_q1,"Out-of-school rate for adolescents of lower secondary school age, urban, poorest quintile, both sexes (household survey data) (%)",measure
rofst_h_2_urb_q1_f,"Out-of-school rate for adolescents of lower secondary school age, urban, poorest quintile, female (household survey data) (%)",measure
rofst_h_2_urb_q1_gpia,"Out-of-school rate for adolescents of lower secondary school age, urban, poorest quintile, adjusted gender parity index (household survey data) (GPIA)",measure
rofst_h_2_urb_q1_m,"Out-of-school rate for adolescents of lower secondary school age, urban, poorest quintile, male (household survey data) (%)",measure
rofst_h_2_urb_q2,"Out-of-school rate for adolescents of lower secondary school age, urban, second quintile, both sexes (household survey data) (%)",measure
rofst_h_2_urb_q2_f,"Out-of-school rate for adolescents of lower secondary school age, urban, second quintile, female (household survey data) (%)",measure
rofst_h_2_urb_q2_gpia,"Out-of-school rate for adolescents of lower secondary school age, urban, second quintile, adjusted gender parity index (household survey data) (GPIA)",measure
rofst_h_2_urb_q2_m,"Out-of-school rate for adolescents of lower secondary school age, urban, second quintile, male (household survey data) (%)",measure
rofst_h_2_urb_q3,"Out-of-school rate for adolescents of lower secondary school age, urban, middle quintile, both sexes (household survey data) (%)",measure
rofst_h_2_urb_q3_f,"Out-of-school rate for adolescents of lower secondary school age, urban, middle quintile, female (household survey data) (%)",measure
rofst_h_2_urb_q3_gpia,"Out-of-school rate for adolescents of lower secondary school age, urban, middle quintile, adjusted gender parity index (household survey data) (GPIA)",measure
rofst_h_2_urb_q3_m,"Out-of-school rate for adolescents of lower secondary school age, urban, middle quintile, male (household survey data) (%)",measure
rofst_h_2_urb_q4,"Out-of-school rate for adolescents of lower secondary school age, urban, fourth quintile, both sexes (household survey data) (%)",measure
rofst_h_2_urb_q4_f,"Out-of-school rate for adolescents of lower secondary school age, urban, fourth quintile, female (household survey data) (%)",measure
rofst_h_2_urb_q4_gpia,"Out-of-school rate for adolescents of lower secondary school age, urban, fourth quintile, adjusted gender parity index (household survey data) (GPIA)",measure
rofst_h_2_urb_q4_m,"Out-of-school rate for adolescents of lower secondary school age, urban, fourth quintile, male (household survey data) (%)",measure
rofst_h_2_urb_q5,"Out-of-school rate for adolescents of lower secondary school age, urban, richest quintile, both sexes (household survey data) (%)",measure
rofst_h_2_urb_q5_f,"Out-of-school rate for adolescents of lower secondary school age, urban, richest quintile, female (household survey data) (%)",measure
rofst_h_2_urb_q5_gpia,"Out-of-school rate for adolescents of lower secondary school age, urban, richest quintile, adjusted gender parity index (household survey data) (GPIA)",measure
rofst_h_2_urb_q5_m,"Out-of-school rate for adolescents of lower secondary school age, urban, richest quintile, male (household survey data) (%)",measure
rofst_h_2_urb_wpia,"Out-of-school rate for adolescents of lower secondary school age, urban, adjusted wealth parity index (household survey data) (WPIA)",measure
rofst_h_2_wpia,"Out-of-school rate for adolescents of lower secondary school age, adjusted wealth parity index (household survey data) (WPIA)",measure
rofst_h_3,"Out-of-school rate for youth of upper secondary school age, both sexes (household survey data) (%)",measure
rofst_h_3_abl,"Out-of-school rate, upper secondary education, not disabled, both sexes (household survey data) (%)",measure
rofst_h_3_abl_f,"Out-of-school rate, upper secondary education, not disabled, female (household survey data) (%)",measure
rofst_h_3_abl_gpia,"Out-of-school rate, upper secondary education, not disabled, adjusted gender parity index (GPIA)",measure
rofst_h_3_abl_m,"Out-of-school rate, upper secondary education, not disabled, male (household survey data) (%)",measure
rofst_h_3_dis,"Out-of-school rate, upper secondary education, disabled, both sexes (household survey data) (%)",measure
rofst_h_3_dis_f,"Out-of-school rate, upper secondary education, disabled, female (household survey data) (%)",measure
rofst_h_3_dis_gpia,"Out-of-school rate, upper secondary education, disabled, adjusted gender parity index (GPIA)",measure
rofst_h_3_dis_m,"Out-of-school rate, upper secondary education, disabled, male (household survey data) (%)",measure
rofst_h_3_dpia,"Out-of-school rate, upper secondary education, adjusted disability parity index (DPIA)",measure
rofst_h_3_f,"Out-of-school rate for youth of upper secondary school age, female (household survey data) (%)",measure
rofst_h_3_f_dpia,"Out-of-school rate, upper secondary education, female, adjusted disability parity index (DPIA)",measure
rofst_h_3_f_lpia,"Out-of-school rate for youth of upper secondary school age, female, adjusted location parity index (household survey data) (LPIA)",measure
rofst_h_3_f_wpia,"Out-of-school rate for youth of upper secondary school age, female, adjusted wealth parity index (household survey data) (WPIA)",measure
rofst_h_3_gpia,"Out-of-school rate for youth of upper secondary school age, adjusted gender parity index (household survey data) (GPIA)",measure
rofst_h_3_lpia,"Out-of-school rate for youth of upper secondary school age, adjusted location parity index (household survey data) (LPIA)",measure
rofst_h_3_m,"Out-of-school rate for youth of upper secondary school age, male (household survey data) (%)",measure
rofst_h_3_m_dpia,"Out-of-school rate, upper secondary education, male, adjusted disability parity index (DPIA)",measure
rofst_h_3_m_lpia,"Out-of-school rate for youth of upper secondary school age, male, adjusted location parity index (household survey data) (LPIA)",measure
rofst_h_3_m_wpia,"Out-of-school rate for youth of upper secondary school age, male, adjusted wealth parity index (household survey data) (WPIA)",measure
rofst_h_3_q1,"Out-of-school rate for youth of upper secondary school age, poorest quintile, both sexes (household survey data) (%)",measure
rofst_h_3_q1_f,"Out-of-school rate for youth of upper secondary school age, poorest quintile, female (household survey data) (%)",measure
rofst_h_3_q1_f_lpia,"Out-of-school rate for youth of upper secondary school age, poorest quintile, female, adjusted location parity index (household survey data) (LPIA)",measure
rofst_h_3_q1_gpia,"Out-of-school rate for youth of upper secondary school age, poorest quintile, adjusted gender parity index (household survey data) (GPIA)",measure
rofst_h_3_q1_lpia,"Out-of-school rate for youth of upper secondary school age, poorest quintile, adjusted location parity index (household survey data) (LPIA)",measure
rofst_h_3_q1_m,"Out-of-school rate for youth of upper secondary school age, poorest quintile, male (household survey data) (%)",measure
rofst_h_3_q1_m_lpia,"Out-of-school rate for youth of upper secondary school age, poorest quintile, male, adjusted location parity index (household survey data) (LPIA)",measure
rofst_h_3_q2,"Out-of-school rate for youth of upper secondary school age, second quintile, both sexes (household survey data) (%)",measure
rofst_h_3_q2_f,"Out-of-school rate for youth of upper secondary school age, second quintile, female (household survey data) (%)",measure
rofst_h_3_q2_f_lpia,"Out-of-school rate for youth of upper secondary school age, second quintile, female, adjusted location parity index (household survey data) (LPIA)",measure
rofst_h_3_q2_gpia,"Out-of-school rate for youth of upper secondary school age, second quintile, adjusted gender parity index (household survey data) (GPIA)",measure
rofst_h_3_q2_lpia,"Out-of-school rate for youth of upper secondary school age, second quintile, adjusted location parity index (household survey data) (LPIA)",measure
rofst_h_3_q2_m,"Out-of-school rate for youth of upper secondary school age, second quintile, male (household survey data) (%)",measure
rofst_h_3_q2_m_lpia,"Out-of-school rate for youth of upper secondary school age, second quintile, male, adjusted location parity index (household survey data) (LPIA)",measure
rofst_h_3_q3,"Out-of-school rate for youth of upper secondary school age, middle quintile, both sexes (household survey data) (%)",measure
rofst_h_3_q3_f,"Out-of-school rate for youth of upper secondary school age, middle quintile, female (household survey data) (%)",measure
rofst_h_3_q3_f_lpia,"Out-of-school rate for youth of upper secondary school age, middle quintile, female, adjusted location parity index (household survey data) (LPIA)",measure
rofst_h_3_q3_gpia,"Out-of-school rate for youth of upper secondary school age, middle quintile, adjusted gender parity index (household survey data) (GPIA)",measure
rofst_h_3_q3_lpia,"Out-of-school rate for youth of upper secondary school age, middle quintile, adjusted location parity index (household survey data) (LPIA)",measure
rofst_h_3_q3_m,"Out-of-school rate for youth of upper secondary school age, middle quintile, male (household survey data) (%)",measure
rofst_h_3_q3_m_lpia,"Out-of-school rate for youth of upper secondary school age, middle quintile, male, adjusted location parity index (household survey data) (LPIA)",measure
rofst_h_3_q4,"Out-of-school rate for youth of upper secondary school age, fourth quintile, both sexes (household survey data) (%)",measure
rofst_h_3_q4_f,"Out-of-school rate for youth of upper secondary school age, fourth quintile, female (household survey data) (%)",measure
rofst_h_3_q4_f_lpia,"Out-of-school rate for youth of upper secondary school age, fourth quintile, female, adjusted location parity index (household survey data) (LPIA)",measure
rofst_h_3_q4_gpia,"Out-of-school rate for youth of upper secondary school age, fourth quintile, adjusted gender parity index (household survey data) (GPIA)",measure
rofst_h_3_q4_lpia,"Out-of-school rate for youth of upper secondary school age, fourth quintile, adjusted location parity index (household survey data) (LPIA)",measure
rofst_h_3_q4_m,"Out-of-school rate for youth of upper secondary school age, fourth quintile, male (household survey data) (%)",measure
rofst_h_3_q4_m_lpia,"Out-of-school rate for youth of upper secondary school age, fourth quintile, male, adjusted location parity index (household survey data) (LPIA)",measure
rofst_h_3_q5,"Out-of-school rate for youth of upper secondary school age, richest quintile, both sexes (household survey data) (%)",measure
rofst_h_3_q5_f,"Out-of-school rate for youth of upper secondary school age, richest quintile, female (household survey data) (%)",measure
rofst_h_3_q5_f_lpia,"Out-of-school rate for youth of upper secondary school age, richest quintile, female, adjusted location parity index (household survey data) (LPIA)",measure
rofst_h_3_q5_gpia,"Out-of-school rate for youth of upper secondary school age, richest quintile, adjusted gender parity index (household survey data) (GPIA)",measure
rofst_h_3_q5_lpia,"Out-of-school rate for youth of upper secondary school age, richest quintile, adjusted location parity index (household survey data) (LPIA)",measure
rofst_h_3_q5_m,"Out-of-school rate for youth of upper secondary school age, richest quintile, male (household survey data) (%)",measure
rofst_h_3_q5_m_lpia,"Out-of-school rate for youth of upper secondary school age, richest quintile, male, adjusted location parity index (household survey data) (LPIA)",measure
rofst_h_3_rur,"Out-of-school rate for youth of upper secondary school age, rural, both sexes (household survey data) (%)",measure
rofst_h_3_rur_f,"Out-of-school rate for youth of upper secondary school age, rural, female (household survey data) (%)",measure
rofst_h_3_rur_f_wpia,"Out-of-school rate for youth of upper secondary school age, rural, female, adjusted wealth parity index (household survey data) (WPIA)",measure
rofst_h_3_rur_gpia,"Out-of-school rate for youth of upper secondary school age, rural, adjusted gender parity index (household survey data) (GPIA)",measure
rofst_h_3_rur_m,"Out-of-school rate for youth of upper secondary school age, rural, male (household survey data) (%)",measure
rofst_h_3_rur_m_wpia,"Out-of-school rate for youth of upper secondary school age, rural, male, adjusted wealth parity index (household survey data) (WPIA)",measure
rofst_h_3_rur_q1,"Out-of-school rate for youth of upper secondary school age, rural, poorest quintile, both sexes (household survey data) (%)",measure
rofst_h_3_rur_q1_f,"Out-of-school rate for youth of upper secondary school age, rural, poorest quintile, female (household survey data) (%)",measure
rofst_h_3_rur_q1_gpia,"Out-of-school rate for youth of upper secondary school age, rural, poorest quintile, adjusted gender parity index (household survey data) (GPIA)",measure
rofst_h_3_rur_q1_m,"Out-of-school rate for youth of upper secondary school age, rural, poorest quintile, male (household survey data) (%)",measure
rofst_h_3_rur_q2,"Out-of-school rate for youth of upper secondary school age, rural, second quintile, both sexes (household survey data) (%)",measure
rofst_h_3_rur_q2_f,"Out-of-school rate for youth of upper secondary school age, rural, second quintile, female (household survey data) (%)",measure
rofst_h_3_rur_q2_gpia,"Out-of-school rate for youth of upper secondary school age, rural, second quintile, adjusted gender parity index (household survey data) (GPIA)",measure
rofst_h_3_rur_q2_m,"Out-of-school rate for youth of upper secondary school age, rural, second quintile, male (household survey data) (%)",measure
rofst_h_3_rur_q3,"Out-of-school rate for youth of upper secondary school age, rural, middle quintile, both sexes (household survey data) (%)",measure
rofst_h_3_rur_q3_f,"Out-of-school rate for youth of upper secondary school age, rural, middle quintile, female (household survey data) (%)",measure
rofst_h_3_rur_q3_gpia,"Out-of-school rate for youth of upper secondary school age, rural, middle quintile, adjusted gender parity index (household survey data) (GPIA)",measure
rofst_h_3_rur_q3_m,"Out-of-school rate for youth of upper secondary school age, rural, middle quintile, male (household survey data) (%)",measure
rofst_h_3_rur_q4,"Out-of-school rate for youth of upper secondary school age, rural, fourth quintile, both sexes (household survey data) (%)",measure
rofst_h_3_rur_q4_f,"Out-of-school rate for youth of upper secondary school age, rural, fourth quintile, female (household survey data) (%)",measure
rofst_h_3_rur_q4_gpia,"Out-of-school rate for youth of upper secondary school age, rural, fourth quintile, adjusted gender parity index (household survey data) (GPIA)",measure
rofst_h_3_rur_q4_m,"Out-of-school rate for youth of upper secondary school age, rural, fourth quintile, male (household survey data) (%)",measure
rofst_h_3_rur_q5,"Out-of-school rate for youth of upper secondary school age, rural, richest quintile, both sexes (household survey data) (%)",measure
rofst_h_3_rur_q5_f,"Out-of-school rate for youth of upper secondary school age, rural, richest quintile, female (household survey data) (%)",measure
rofst_h_3_rur_q5_gpia,"Out-of-school rate for youth of upper secondary school age, rural, richest quintile, adjusted gender parity index (household survey data) (GPIA)",measure
rofst_h_3_rur_q5_m,"Out-of-school rate for youth of upper secondary school age, rural, richest quintile, male (household survey data) (%)",measure
rofst_h_3_rur_wpia,"Out-of-school rate for youth of upper secondary school age, rural, adjusted wealth parity index (household survey data) (WPIA)",measure
rofst_h_3_urb,"Out-of-school rate for youth of upper secondary school age, urban, both sexes (household survey data) (%)",measure
rofst_h_3_urb_f,"Out-of-school rate for youth of upper secondary school age, urban, female (household survey data) (%)",measure
rofst_h_3_urb_f_wpia,"Out-of-school rate for youth of upper secondary school age, urban, female, adjusted wealth parity index (household survey data) (WPIA)",measure
rofst_h_3_urb_gpia,"Out-of-school rate for youth of upper secondary school age, urban, adjusted gender parity index (household survey data) (GPIA)",measure
rofst_h_3_urb_m,"Out-of-school rate for youth of upper secondary school age, urban, male (household survey data) (%)",measure
rofst_h_3_urb_m_wpia,"Out-of-school rate for youth of upper secondary school age, urban, male, adjusted wealth parity index (household survey data) (WPIA)",measure
rofst_h_3_urb_q1,"Out-of-school rate for youth of upper secondary school age, urban, poorest quintile, both sexes (household survey data) (%)",measure
rofst_h_3_urb_q1_f,"Out-of-school rate for youth of upper secondary school age, urban, poorest quintile, female (household survey data) (%)",measure
rofst_h_3_urb_q1_gpia,"Out-of-school rate for youth of upper secondary school age, urban, poorest quintile, adjusted gender parity index (household survey data) (GPIA)",measure
rofst_h_3_urb_q1_m,"Out-of-school rate for youth of upper secondary school age, urban, poorest quintile, male (household survey data) (%)",measure
rofst_h_3_urb_q2,"Out-of-school rate for youth of upper secondary school age, urban, second quintile, both sexes (household survey data) (%)",measure
rofst_h_3_urb_q2_f,"Out-of-school rate for youth of upper secondary school age, urban, second quintile, female (household survey data) (%)",measure
rofst_h_3_urb_q2_gpia,"Out-of-school rate for youth of upper secondary school age, urban, second quintile, adjusted gender parity index (household survey data) (GPIA)",measure
rofst_h_3_urb_q2_m,"Out-of-school rate for youth of upper secondary school age, urban, second quintile, male (household survey data) (%)",measure
rofst_h_3_urb_q3,"Out-of-school rate for youth of upper secondary school age, urban, middle quintile, both sexes (household survey data) (%)",measure
rofst_h_3_urb_q3_f,"Out-of-school rate for youth of upper secondary school age, urban, middle quintile, female (household survey data) (%)",measure
rofst_h_3_urb_q3_gpia,"Out-of-school rate for youth of upper secondary school age, urban, middle quintile, adjusted gender parity index (household survey data) (GPIA)",measure
rofst_h_3_urb_q3_m,"Out-of-school rate for youth of upper secondary school age, urban, middle quintile, male (household survey data) (%)",measure
rofst_h_3_urb_q4,"Out-of-school rate for youth of upper secondary school age, urban, fourth quintile, both sexes (household survey data) (%)",measure
rofst_h_3_urb_q4_f,"Out-of-school rate for youth of upper secondary school age, urban, fourth quintile, female (household survey data) (%)",measure
rofst_h_3_urb_q4_gpia,"Out-of-school rate for youth of upper secondary school age, urban, fourth quintile, adjusted gender parity index (household survey data) (GPIA)",measure
rofst_h_3_urb_q4_m,"Out-of-school rate for youth of upper secondary school age, urban, fourth quintile, male (household survey data) (%)",measure
rofst_h_3_urb_q5,"Out-of-school rate for youth of upper secondary school age, urban, richest quintile, both sexes (household survey data) (%)",measure
rofst_h_3_urb_q5_f,"Out-of-school rate for youth of upper secondary school age, urban, richest quintile, female (household survey data) (%)",measure
rofst_h_3_urb_q5_gpia,"Out-of-school rate for youth of upper secondary school age, urban, richest quintile, adjusted gender parity index (household survey data) (GPIA)",measure
rofst_h_3_urb_q5_m,"Out-of-school rate for youth of upper secondary school age, urban, richest quintile, male (household survey data) (%)",measure
rofst_h_3_urb_wpia,"Out-of-school rate for youth of upper secondary school age, urban, adjusted wealth parity index (household survey data) (WPIA)",measure
rofst_h_3_wpia,"Out-of-school rate for youth of upper secondary school age, adjusted wealth parity index (household survey data) (WPIA)",measure
rofst_mod_1,"Out-of-school rate for children of primary school age, both sexes (modelled data) (%)",measure
rofst_mod_1_f,"Out-of-school rate for children of primary school age, female (modelled data) (%)",measure
rofst_mod_1_gpia,"Out-of-school rate for children of primary school age, adjusted gender parity index (GPIA) (modelled data)",measure
rofst_mod_1_m,"Out-of-school rate for children of primary school age, male (modelled data) (%)",measure
rofst_mod_2,"Out-of-school rate for adolescents of lower secondary school age, both sexes (modelled data) (%)",measure
rofst_mod_2_f,"Out-of-school rate for adolescents of lower secondary school age, female (modelled data) (%)",measure
rofst_mod_2_gpia,"Out-of-school rate for adolescents of lower secondary school age, adjusted gender parity index (GPIA) (modelled data)",measure
rofst_mod_2_m,"Out-of-school rate for adolescents of lower secondary school age, male (modelled data) (%)",measure
rofst_mod_3,"Out-of-school rate for youth of upper secondary school age, both sexes (modelled data) (%)",measure
rofst_mod_3_f,"Out-of-school rate for youth of upper secondary school age, female (modelled data) (%)",measure
rofst_mod_3_gpia,"Out-of-school rate for youth of upper secondary school age, adjusted gender parity index (GPIA) (modelled data)",measure
rofst_mod_3_m,"Out-of-school rate for youth of upper secondary school age, male (modelled data) (%)",measure
schbsp_1_wcomput,Proportion of primary schools with access to computers for pedagogical purposes (%),measure
schbsp_1_welec,Proportion of primary schools with access to electricity (%),measure
schbsp_1_whivsexed,Percentage of primary schools providing life skills-based HIV and sexuality education,measure
schbsp_1_winfstudis,Proportion of primary schools with access to adapted infrastructure and materials for students with disabilities (%),measure
schbsp_1_wintern,Proportion of primary schools with access to Internet for pedagogical purposes (%),measure
schbsp_1_wtoila,Proportion of primary schools with single-sex basic sanitation facilities (%),measure
schbsp_1_wwash,Proportion of primary schools with basic handwashing facilities (%),measure
schbsp_1_wwata,Proportion of primary schools with access to basic drinking water (%),measure
schbsp_2_wcomput,Proportion of lower secondary schools with access to computers for pedagogical purposes (%),measure
schbsp_2_welec,Proportion of lower secondary schools with access to electricity (%),measure
schbsp_2_whivsexed,Percentage of lower secondary schools providing life skills-based HIV and sexuality education,measure
schbsp_2_winfstudis,Proportion of lower secondary schools with access to adapted infrastructure and materials for students with disabilities (%),measure
schbsp_2_wintern,Proportion of lower secondary schools with access to Internet for pedagogical purposes (%),measure
schbsp_2_wtoila,Proportion of lower secondary schools with single-sex basic sanitation facilities (%),measure
schbsp_2_wwash,Proportion of lower secondary schools with basic handwashing facilities (%),measure
schbsp_2_wwata,Proportion of lower secondary schools with access to basic drinking water (%),measure
schbsp_2t3_wcomput,Proportion of secondary schools with access to computers for pedagogical purposes (%),measure
schbsp_2t3_wintern,Proportion of secondary schools with access to Internet for pedagogical purposes (%),measure
schbsp_3_wcomput,Proportion of upper secondary schools with access to computers for pedagogical purposes (%),measure
schbsp_3_welec,Proportion of upper secondary schools with access to electricity (%),measure
schbsp_3_whivsexed,Percentage of upper secondary schools providing life skills-based HIV and sexuality education,measure
schbsp_3_winfstudis,Proportion of upper secondary schools with access to adapted infrastructure and materials for students with disabilities (%),measure
schbsp_3_wintern,Proportion of upper secondary schools with access to Internet for pedagogical purposes (%),measure
schbsp_3_wtoila,Proportion of upper secondary schools with single-sex basic sanitation facilities (%),measure
schbsp_3_wwash,Proportion of upper secondary schools with basic handwashing facilities (%),measure
schbsp_3_wwata,Proportion of upper secondary schools with access to basic drinking water (%),measure
sge_biodiv,Score on greening education in biodiversity,measure
sge_climch,Score on greening education in climate change,measure
sge_envsust,Score on greening education in environment and sustainability,measure
sge_overall,"Score on greening education in environment and sustainability, climate change, and biodiversity",measure
tattrr_02,"Teacher attrition rate from pre-primary education, both sexes (%)",measure
tattrr_02_f,"Teacher attrition rate from pre-primary education, female (%)",measure
tattrr_02_gpia,"Teacher attrition rate from pre-primary education, adjusted gender parity index (GPIA)",measure
tattrr_02_m,"Teacher attrition rate from pre-primary education, male (%)",measure
tattrr_1,"Teacher attrition rate from primary education, both sexes (%)",measure
tattrr_1_f,"Teacher attrition rate from primary education, female (%)",measure
tattrr_1_gpia,"Teacher attrition rate from primary education, adjusted gender parity index (GPIA)",measure
tattrr_1_m,"Teacher attrition rate from primary education, male (%)",measure
tattrr_2,"Teacher attrition rate from lower secondary education, both sexes (%)",measure
tattrr_2_f,"Teacher attrition rate from lower secondary education, female (%)",measure
tattrr_2_gpia,"Teacher attrition rate from lower secondary education, adjusted gender parity index (GPIA)",measure
tattrr_2_m,"Teacher attrition rate from lower secondary education, male (%)",measure
tattrr_2t3,"Teacher attrition rate from secondary education, both sexes (%)",measure
tattrr_2t3_f,"Teacher attrition rate from secondary education, female (%)",measure
tattrr_2t3_gpia,"Teacher attrition rate from secondary education, adjusted gender parity index (GPIA)",measure
tattrr_2t3_gpv,"Teacher attrition rate from general secondary education, both sexes (%)",measure
tattrr_2t3_gpv_f,"Teacher attrition rate from general secondary education, female (%)",measure
tattrr_2t3_gpv_m,"Teacher attrition rate from general secondary education, male (%)",measure
tattrr_2t3_m,"Teacher attrition rate from secondary education, male (%)",measure
tattrr_2t3_v,"Teacher attrition rate from vocational secondary education, both sexes (%)",measure
tattrr_2t3_v_f,"Teacher attrition rate from vocational secondary education, female (%)",measure
tattrr_2t3_v_m,"Teacher attrition rate from vocational secondary education, male (%)",measure
tattrr_3,"Teacher attrition rate from upper secondary education, both sexes (%)",measure
tattrr_3_f,"Teacher attrition rate from upper secondary education, female (%)",measure
tattrr_3_gpia,"Teacher attrition rate from upper secondary education, adjusted gender parity index (GPIA)",measure
tattrr_3_m,"Teacher attrition rate from upper secondary education, male (%)",measure
tprofd_1,"Percentage of teachers in primary education who received in-service training in the last 12 months by type of training, both sexes",measure
tprofd_1_f,"Percentage of teachers in primary education who received in-service training in the last 12 months by type of training, female",measure
tprofd_1_gpia,"Percentage of teachers in primary education who received in-service training in the last 12 months by type of training, adjusted gender parity index (GPIA)",measure
tprofd_1_m,"Percentage of teachers in primary education who received in-service training in the last 12 months by type of training, male",measure
tprofd_2,"Percentage of teachers in lower secondary education who received in-service training in the last 12 months by type of training, both sexes",measure
tprofd_2_f,"Percentage of teachers in lower secondary education who received in-service training in the last 12 months by type of training, female",measure
tprofd_2_gpia,"Percentage of teachers in lower secondary education who received in-service training in the last 12 months by type of training, adjusted gender parity index (GPIA)",measure
tprofd_2_m,"Percentage of teachers in lower secondary education who received in-service training in the last 12 months by type of training, males",measure
trtp_02,"Proportion of teachers with the minimum required qualifications in pre-primary education, both sexes (%)",measure
trtp_02_f,"Proportion of teachers with the minimum required qualifications in pre-primary education, female (%)",measure
trtp_02_gpia,"Proportion of teachers with the minimum required qualifications in pre-primary education, adjusted gender parity index (GPIA)",measure
trtp_02_m,"Proportion of teachers with the minimum required qualifications in pre-primary education, male (%)",measure
trtp_1,"Proportion of teachers with the minimum required qualifications in primary education, both sexes (%)",measure
trtp_1_f,"Proportion of teachers with the minimum required qualifications in primary education, female (%)",measure
trtp_1_gpia,"Proportion of teachers with the minimum required qualifications in primary education, adjusted gender parity index (GPIA)",measure
trtp_1_m,"Proportion of teachers with the minimum required qualifications in primary education, male (%)",measure
trtp_2,"Proportion of teachers with the minimum required qualifications in lower secondary education, both sexes (%)",measure
trtp_2_f,"Proportion of teachers with the minimum required qualifications in lower secondary education, female (%)",measure
trtp_2_gpia,"Proportion of teachers with the minimum required qualifications in lower secondary education, adjusted gender parity index (GPIA)",measure
trtp_2_m,"Proportion of teachers with the minimum required qualifications in lower secondary education, male (%)",measure
trtp_2t3,"Proportion of teachers with the minimum required qualifications in secondary education, both sexes (%)",measure
trtp_2t3_f,"Proportion of teachers with the minimum required qualifications in secondary education, female (%)",measure
trtp_2t3_gpia,"Proportion of teachers with the minimum required qualifications in secondary education, adjusted gender parity index (GPIA)",measure
trtp_2t3_m,"Proportion of teachers with the minimum required qualifications in secondary education, male (%)",measure
trtp_3,"Proportion of teachers with the minimum required qualifications in upper secondary education, both sexes (%)",measure
trtp_3_f,"Proportion of teachers with the minimum required qualifications in upper secondary education, female (%)",measure
trtp_3_gpia,"Proportion of teachers with the minimum required qualifications in upper secondary education, adjusted gender parity index (GPIA)",measure
trtp_3_m,"Proportion of teachers with the minimum required qualifications in upper secondary education, male (%)",measure
tsalary_0,"Average teacher salary in pre-primary education relative to other professions requiring a comparable level of qualification, both sexes",measure
tsalary_1,"Average teacher salary in primary education relative to other professions requiring a comparable level of qualification, both sexes",measure
tsalary_2,"Average teacher salary in lower secondary education relative to other professions requiring a comparable level of qualification, both sexes",measure
tsalary_3,"Average teacher salary in upper secondary education relative to other professions requiring a comparable level of qualification, both sexes",measure
xgdp_ffntr,"Expenditure on education (public, private, international) as a percentage of GDP",measure
xgdp_fsgov,Government expenditure on education as a percentage of GDP (%),measure
xgdp_fsgov_ffntr,Initial government expenditure on education as a percentage of GDP (%),measure
xgdp_fsgov_fshh_fsoda_ffntr,"Expenditure on education (public, households, ODA) as a percentage of GDP",measure
xgdp_fshh_ffntr,Initial private expenditure on education (household) as a percentage of GDP (%),measure
xgdp_fsint_ffntr,International expenditure on education as a percentage of GDP (%),measure
xgdp_fspe_ffntr,Initial private expenditure on education (other non-educational private entities) as a percentage of GDP (%),measure
xgovexp_imf,Expenditure on education as a percentage of total government expenditure (%) (UIS calculation),measure
xgovexp_imfcalc,Expenditure on education as a percentage of total government expenditure (%) (IMF calculation),measure
xunit_gdpcap_02_fsgov_ffntr,Initial government funding per pre-primary student as a percentage of GDP per capita,measure
xunit_gdpcap_1_fsgov_ffntr,Initial government funding per primary student as a percentage of GDP per capita,measure
xunit_gdpcap_1_fshh_ffntr,Initial household funding per primary student as a percentage of GDP per capita,measure
xunit_gdpcap_2_fsgov_ffntr,Initial government funding per lower secondary student as a percentage of GDP per capita,measure
xunit_gdpcap_2t3_fsgov_ffntr,Initial government funding per secondary student as a percentage of GDP per capita,measure
xunit_gdpcap_2t3_fshh_ffntr,Initial household funding per secondary student as a percentage of GDP per capita,measure
xunit_gdpcap_3_fsgov_ffntr,Initial government funding per upper secondary student as a percentage of GDP per capita,measure
xunit_gdpcap_5t8_fsgov_ffntr,Initial government funding per tertiary student as a percentage of GDP per capita,measure
xunit_gdpcap_5t8_fshh_ffntr,Initial household funding per tertiary student as a percentage of GDP per capita,measure
xunit_pppconst_02_fsgov_ffntr,"Initial government funding per pre-primary student, constant PPP$",measure
xunit_pppconst_1_fsgov_ffntr,"Initial government funding per primary student, constant PPP$",measure
xunit_pppconst_1_fshh_ffntr,"Initial household funding per primary student, constant PPP$",measure
xunit_pppconst_2_fsgov_ffntr,"Initial government funding per lower secondary student, constant PPP$",measure
xunit_pppconst_2t3_fsgov_ffntr,"Initial government funding per secondary student, constant PPP$",measure
xunit_pppconst_2t3_fshh_ffntr,"Initial household funding per secondary student, constant PPP$",measure
xunit_pppconst_3_fsgov_ffntr,"Initial government funding per upper secondary student, constant PPP$",measure
xunit_pppconst_5t8_fsgov_ffntr,"Initial government funding per tertiary student, constant PPP$",measure
xunit_pppconst_5t8_fshh_ffntr,"Initial household funding per tertiary student, constant PPP$",measure
yadult_profiliteracy,"Proportion of population achieving at least a fixed level of proficiency in functional literacy skills, both sexes (%)",measure
yadult_profiliteracy_f,"Proportion of population achieving at least a fixed level of proficiency in functional literacy skills, female (%)",measure
yadult_profiliteracy_gpia,"Proportion of population achieving at least a fixed level of proficiency in functional literacy skills, adjusted gender parity index (GPIA)",measure
yadult_profiliteracy_highses,"Proportion of population achieving at least a fixed level of proficiency in functional literacy skills, high socio-economic status (%)",measure
yadult_profiliteracy_lowses,"Proportion of population achieving at least a fixed level of proficiency in functional literacy skills, low socio-economic status (%)",measure
yadult_profiliteracy_m,"Proportion of population achieving at least a fixed level of proficiency in functional literacy skills, male (%)",measure
yadult_profiliteracy_native,"Proportion of population achieving at least a fixed level of proficiency in functional literacy skills, non-immigrant background (%)",measure
yadult_profiliteracy_nonnative,"Proportion of population achieving at least a fixed level of proficiency in functional literacy skills, immigrant background (%)",measure
yadult_profiliteracy_npia,"Proportion of population achieving at least a fixed level of proficiency in functional literacy skills, adjusted native parity index (NPIA)",measure
yadult_profiliteracy_wpia,"Proportion of population achieving at least a fixed level of proficiency in functional literacy skills, adjusted wealth parity index (WPIA)",measure
yadult_profinumeracy,"Proportion of population achieving at least a fixed level of proficiency in functional numeracy skills, both sexes (%)",measure
yadult_profinumeracy_f,"Proportion of population achieving at least a fixed level of proficiency in functional numeracy skills, female (%)",measure
yadult_profinumeracy_gpia,"Proportion of population achieving at least a fixed level of proficiency in functional numeracy skills, adjusted gender parity index (GPIA)",measure
yadult_profinumeracy_highses,"Proportion of population achieving at least a fixed level of proficiency in functional numeracy skills, high socio-economic status (%)",measure
yadult_profinumeracy_lowses,"Proportion of population achieving at least a fixed level of proficiency in functional numeracy skills, low socio-economic status (%)",measure
yadult_profinumeracy_m,"Proportion of population achieving at least a fixed level of proficiency in functional numeracy skills, male (%)",measure
yadult_profinumeracy_native,"Proportion of population achieving at least a fixed level of proficiency in functional numeracy skills, non-immigrant background (%)",measure
yadult_profinumeracy_nonnative,"Proportion of population achieving at least a fixed level of proficiency in functional numeracy skills, immigrant background (%)",measure
yadult_profinumeracy_npia,"Proportion of population achieving at least a fixed level of proficiency in functional numeracy skills, adjusted native parity index (NPIA)",measure
yadult_profinumeracy_wpia,"Proportion of population achieving at least a fixed level of proficiency in functional numeracy skills, adjusted wealth parity index (WPIA)",measure
years_fc_comp_02,Number of years of compulsory pre-primary education guaranteed in legal frameworks,measure
years_fc_comp_1t3,Number of years of compulsory primary and secondary education guaranteed in legal frameworks,measure
years_fc_free_02,Number of years of free pre-primary education guaranteed in legal frameworks,measure
years_fc_free_1t3,Number of years of free primary and secondary education guaranteed in legal frameworks,measure
ofst_1_cp,"Out-of-school children of primary school age, both sexes (number)",measure
ofst_1_m_cp,"Out-of-school children of primary school age, male (number)",measure
ofst_1_f_cp,"Out-of-school children of primary school age, female (number)",measure
