country,year,cr_3_f_dpia
BGD,2011,0.3766100108623505
BWA,2011,0.924809992313385
DOM,2010,0.9401400089263916
KHM,2021,0.0
MDV,2017,0.0
MLI,2018,0.0
NER,2018,0.0
NGA,2018,0.0
NPL,2011,0.4739499986171722
PAK,2018,0.2786099910736084
PHL,2010,0.6899799704551697
PRI,2010,0.6953099966049194
RWA,2012,0.3555299937725067
TLS,2016,0.0
TZA,2012,0.5558099746704102
TZA,2022,0.0
ZAF,2016,0.9347000122070312
ZAF,2020,0.0
ZAF,2021,0.0
ZMB,2010,0.5251200199127197
