country,year,ictskillchangpriv_ag75orover_f
DNK,2020,6.466639995574951
MAC,2021,1.234570026397705
MEX,2018,0.4122599959373474
