country,year,math_g3_nonnative
AUS,1995,66.37155504658604
AUS,2003,67.14295229978309
AUS,2007,74.24312197078649
AUS,2015,70.19844049253248
AUS,2019,65.35808948935266
DNK,2007,78.67649436595688
DNK,2015,81.06369928440523
DNK,2019,57.55367259295789
IRL,1995,67.06379962871092
IRL,2015,84.17960488644842
IRL,2019,79.41814308047425
ISL,1995,33.15390281690514
NOR,1995,45.32219804141962
NOR,2003,46.60349283729825
NOR,2007,54.3152007075492
NOR,2019,74.56486322728969
ZAF,2019,10.14195115349388
