country,year,rofst_h_3_f_dpia
BEN,2013,1.067109942436218
BEN,2019,0.0
CIV,2019,0.8793799877166748
KHM,2020,1.480929970741272
MDV,2017,0.0
MLI,2018,0.0
NER,2019,0.0
NGA,2018,0.0
PAK,2018,1.241860032081604
PRI,2010,1.863620042800903
TGO,2010,1.274889945983887
ZAF,2016,0.0
ZAF,2020,0.0
ZAF,2021,0.0
