country,year,ictskillsetupeff_ag25t74_f
BGD,2021,5.140100002288818
BIH,2021,5.600699901580811
ESP,2020,61.82989120483398
HKG,2019,42.24195861816406
HKG,2020,41.08134078979492
HKG,2021,41.29959869384766
IRN,2021,0.2697800099849701
KAZ,2019,7.450379848480225
KAZ,2020,11.18690013885498
KAZ,2021,12.43717956542969
KOR,2021,32.99280166625977
MAC,2021,34.49980926513672
MLT,2020,73.37322235107422
OMN,2020,62.26385879516602
RUS,2021,9.453339576721191
ZWE,2020,10.31445026397705
