global,year,ptrhc_2t3_trained
world,2016,19.7169303894043
world,2017,19.55529022216797
world,2018,19.39875030517578
world,2019,19.16255950927734
world,2020,18.947509765625
world,2021,18.75509071350098
world,2022,18.86268043518066
world,2023,18.95145034790039
