global,year,schbsp_3_whivsexed
world,2019,82.99288940429688
world,2020,83.27660369873047
world,2021,83.27007293701172
world,2022,82.70175170898438
world,2023,83.75110626220703
