global,year,schbsp_2_wintern
world,2016,52.70167922973633
world,2017,52.30704879760742
world,2018,52.13940048217773
world,2019,52.47436141967773
world,2020,53.23656845092773
world,2021,53.06235885620117
world,2022,56.24488830566406
world,2023,60.89012908935547
