global,year,prya_12mo_ag55t64_m
world,2011,1.550853529380431
world,2012,1.489766418933498
world,2014,1.191951356081439
world,2017,1.457300572913238
world,2020,1.048600455683002
world,2022,1.043701276706072
world,2023,0.9501543134692136
