global,year,ptrhc_2t3_qualified
world,2014,19.62001037597656
world,2015,19.57617950439453
world,2016,19.16080093383789
world,2017,19.03445053100586
world,2018,18.9949893951416
world,2019,18.70512962341309
world,2020,18.48735046386719
world,2021,18.29227066040039
world,2022,18.37859916687012
world,2023,18.27737045288086
