global,year,ptrhc_3_trained
world,2016,19.55216026306152
world,2017,19.42081069946289
world,2018,18.86339950561523
world,2019,19.16198921203613
world,2020,18.80834007263184
world,2021,18.6981201171875
world,2022,18.8075008392334
