global,year,schbsp_2_wcomput
world,2015,63.04262161254883
world,2016,63.42086029052734
world,2017,63.19384002685547
world,2018,63.21385955810547
world,2019,63.16685104370117
world,2020,64.37921142578125
world,2021,64.77317810058594
world,2022,67.09004211425781
world,2023,66.442138671875
