global,year,tattrr_2_gpia
world,2018,1.283810019493103
world,2019,0.5039700269699097
world,2020,0.7973499894142151
world,2021,0.9466300010681152
world,2022,0.8930299878120422
world,2023,0.8291900157928467
