global,year,trtp_3_gpia
world,2016,1.081529974937439
world,2017,1.062450051307678
world,2018,1.067890048027039
world,2019,1.063079953193665
world,2020,1.078760027885437
world,2021,1.063079953193665
world,2022,1.045920014381409
