global,year,qutp_2t3_gpia
world,2014,1.008810043334961
world,2015,0.9944499731063844
world,2016,0.9989699721336364
world,2017,0.984749972820282
world,2018,0.9827200174331664
world,2019,0.9839199781417848
world,2020,0.990369975566864
world,2021,1.007050037384033
world,2022,1.009379982948303
world,2023,1.013429999351501
