global,year,qutp_2t3_f
world,2014,89.55322265625
world,2015,87.9654312133789
world,2016,88.26995086669922
world,2017,87.56716918945312
world,2018,88.13623046875
world,2019,85.86351776123047
world,2020,86.44046783447266
world,2021,88.48372650146484
world,2022,87.77706146240234
world,2023,87.62006378173828
