global,year,oaepg_1_m
world,2012,15.52552032470703
world,2013,11.65923023223877
world,2014,12.10826969146729
world,2015,10.94347953796387
world,2016,10.18054962158203
world,2017,9.255060195922852
world,2018,8.974599838256836
world,2019,9.212559700012209
world,2020,8.566579818725586
world,2021,8.445910453796387
world,2022,7.532859802246094
world,2023,9.175869941711426
