global,year,schbsp_3_wwash
world,2016,79.54959869384766
world,2017,79.70829010009766
world,2018,80.85514068603516
world,2019,79.13591003417969
world,2020,79.78488159179688
world,2021,80.10150146484375
world,2022,80.53888702392578
world,2023,80.67176818847656
