global,year,schbsp_1_wintern
world,2016,38.71989822387695
world,2017,39.09452819824219
world,2018,39.42734146118164
world,2019,40.2299690246582
world,2020,40.89664077758789
world,2021,41.60498809814453
world,2022,44.15142059326172
world,2023,48.55907821655273
