global,year,schbsp_3_wintern
world,2015,61.17213821411133
world,2016,60.55902862548828
world,2017,61.97256851196289
world,2018,62.36125946044922
world,2019,64.30870819091797
world,2020,66.44207763671875
world,2021,66.4652099609375
world,2022,69.0382308959961
world,2023,71.87268829345703
