global,year,schbsp_1_wwata
world,2015,73.93672180175781
world,2016,73.57263946533203
world,2017,72.68620300292969
world,2018,74.50627136230469
world,2019,76.0221176147461
world,2020,75.36843872070312
world,2021,76.2185287475586
world,2022,76.74893951416016
world,2023,77.4429931640625
