global,year,schbsp_1_whivsexed
world,2017,41.21596908569336
world,2018,40.74975967407227
world,2019,40.63623809814453
world,2020,42.65699005126953
world,2021,41.14411163330078
