global,year,trtp_2_m
world,2015,84.37423706054688
world,2016,82.4186782836914
world,2017,82.4177474975586
world,2018,82.20874786376953
world,2019,82.43173217773438
world,2020,82.62042999267578
world,2021,84.20955657958984
world,2022,84.28292083740234
