global,year,tattrr_2_m
world,2018,2.114929914474487
world,2019,3.853019952774048
world,2020,8.911190032958984
world,2021,5.979959964752197
world,2022,6.011849880218506
world,2023,9.346759796142578
