global,year,ptrhc_2_trained
world,2015,19.84375
world,2016,19.84950065612793
world,2017,19.66156005859375
world,2018,19.84144973754883
world,2019,19.16300010681152
world,2020,19.05715942382813
world,2021,18.8005199432373
world,2022,18.90666007995605
