global,year,trtp_02_f
world,2019,87.77835845947266
world,2020,86.05590057373047
world,2021,85.1409912109375
world,2022,86.08540344238281
