global,year,ptrhc_1_qualified
world,2014,25.52210998535156
world,2015,25.37195014953613
world,2016,25.83830070495605
world,2017,25.73534965515137
world,2018,24.91286087036133
world,2019,24.97300910949707
world,2020,24.95993041992188
world,2021,24.88199996948242
world,2022,25.31279945373535
world,2023,25.37764930725098
