global,year,trtp_02_gpia
world,2019,1.184270024299622
world,2020,1.314350008964539
world,2021,1.30473005771637
world,2022,1.108739972114563
