global,year,ptrhc_2_qualified
world,2014,18.80742073059082
world,2015,18.74486923217773
world,2016,18.66456985473633
world,2017,18.0322093963623
world,2018,17.91645050048828
world,2019,17.86220932006836
world,2020,17.62393951416016
world,2021,17.66633033752441
world,2022,17.7829704284668
world,2023,17.76024055480957
