global,year,read_lowersec
world,2000,62.31563
world,2001,62.3791
world,2002,62.44256
world,2003,62.50603
world,2004,62.56949
world,2005,62.63296
world,2006,62.69643
world,2007,62.75989
world,2008,62.82336
world,2009,62.88682
world,2010,62.95029
world,2011,63.01376
world,2012,63.07722
world,2013,63.14069
world,2014,63.20415
world,2015,63.26762
world,2016,63.33109
world,2017,63.39455
world,2018,63.45802
world,2019,63.52148
