global,year,tattrr_1
world,2015,4.63971996307373
world,2019,5.351230144500732
world,2020,5.138169765472412
world,2021,4.388060092926025
world,2022,6.177619934082031
world,2023,5.981939792633057
