global,year,ptrhc_02_qualified
world,2014,22.41440963745117
world,2015,24.78256034851074
world,2016,22.62911033630371
world,2017,22.56240081787109
world,2018,22.23439979553223
world,2019,21.9522705078125
world,2020,18.27606964111328
world,2021,17.37103080749512
world,2022,16.42494010925293
world,2023,17.48089027404785
