global,year,qutp_02_m
world,2014,80.21253967285156
world,2015,77.87203216552734
world,2016,81.56302642822266
world,2017,78.63694763183594
world,2018,77.63774108886719
world,2019,77.72074890136719
world,2020,82.80348205566406
world,2021,83.39224243164062
world,2022,82.49626159667969
world,2023,82.43647003173828
