global,year,qutp_02
world,2014,88.78170013427734
world,2015,86.00789642333984
world,2016,86.99606323242188
world,2017,86.30764770507812
world,2018,85.78880310058594
world,2019,86.0015869140625
world,2020,87.91043090820312
world,2021,88.0862808227539
world,2022,88.88452911376953
world,2023,88.44270324707031
