global,year,oaepg_2_gpv_f
world,2012,10.17603969573975
world,2013,11.26039028167725
world,2014,10.90353012084961
world,2015,10.87722015380859
world,2016,10.59848976135254
world,2017,9.927519798278809
world,2018,9.847299575805664
world,2019,9.879690170288086
world,2020,9.601869583129885
world,2021,9.442429542541504
world,2022,9.015729904174805
world,2023,8.31305980682373
