global,year,trtp_1_f
world,2012,91.07021331787108
world,2013,88.98390197753906
world,2014,88.44978332519531
world,2015,87.9351806640625
world,2016,86.4474868774414
world,2017,87.3174819946289
world,2018,88.42415618896484
world,2019,87.92191314697266
world,2020,87.8683090209961
world,2021,88.32283782958984
world,2022,87.28825378417969
