global,year,qutp_2_gpia
world,2014,1.03954005241394
world,2015,1.037639975547791
world,2016,1.043580055236816
world,2017,1.023689985275269
world,2018,1.025910019874573
world,2019,1.02472996711731
world,2020,1.022850036621094
world,2021,1.02154004573822
world,2022,1.025689959526062
world,2023,1.030220031738281
