global,year,tattrr_3_gpia
world,2019,1.97121000289917
world,2021,1.182289958000183
world,2022,1.631739974021912
world,2023,0.8545299768447876
