global,year,rofst_2_cp
world,2000,23.83055
world,2001,22.27975
world,2002,20.84835
world,2003,19.60545
world,2004,18.6655
world,2005,18.1332
world,2006,17.54715
world,2007,17.1226
world,2008,16.37565
world,2009,15.76425
world,2010,15.3792
world,2011,15.01625
world,2012,14.6021
world,2013,14.1593
world,2014,13.9602
world,2015,13.97285
world,2016,14.06145
world,2017,13.98975
world,2018,13.92885
world,2019,13.95325
world,2020,14.07465
world,2021,13.9112
world,2022,13.7469
world,2023,13.42575
