global,year,xgovexp_imf
world,2010,13.21977806091309
world,2011,13.4512243270874
world,2012,13.39120578765869
world,2013,14.00462532043457
world,2014,13.73431968688965
world,2015,13.41686916351318
world,2016,13.64004421234131
world,2017,13.67827892303467
world,2018,14.03922939300537
world,2019,13.51723003387451
world,2020,12.44812488555908
world,2021,12.6589412689209
world,2022,12.61269950866699
