global,year,cr_3_f
world,2000,35.9
world,2001,36.8
world,2002,37.6
world,2003,38.4
world,2004,39.2
world,2005,40.1
world,2006,40.9
world,2007,41.8
world,2008,42.9
world,2009,44.4
world,2010,46.0
world,2011,47.7
world,2012,49.5
world,2013,51.0
world,2014,52.40000000000001
world,2015,53.7
world,2016,54.90000000000001
world,2017,56.00000000000001
world,2018,56.99999999999999
world,2019,57.9
world,2020,58.8
world,2021,59.59999999999999
world,2022,60.3
world,2023,61.0
