global,year,trtp_3_f
world,2016,91.43100738525392
world,2017,89.93025970458984
world,2018,93.66702270507812
world,2019,87.24246215820312
world,2020,89.23592376708984
world,2021,90.2447509765625
world,2022,87.32552337646484
