global,year,oaepg_1_gpia
world,2012,0.6443399786949158
world,2013,0.9938200116157532
world,2014,0.8986799716949463
world,2015,1.014610052108765
world,2016,1.091889977455139
world,2017,1.17218005657196
world,2018,1.179960012435913
world,2019,1.16609001159668
world,2020,1.228700041770935
world,2021,1.201149940490723
world,2022,1.287580013275146
world,2023,1.043089985847473
