year,trtp_2_f,income_group
2015,83.38672637939453,lower_middle_income
2016,79.3543472290039,lower_middle_income
2017,79.55951690673828,lower_middle_income
2018,77.45162963867188,lower_middle_income
2019,78.25631713867188,lower_middle_income
2020,78.5188217163086,lower_middle_income
2021,81.50833892822266,lower_middle_income
2022,82.09651947021484,lower_middle_income
2023,82.53164672851562,lower_middle_income
