year,trtp_3_f,income_group
2016,88.72785186767578,lower_middle_income
2017,87.02500915527344,lower_middle_income
2019,81.79698944091797,lower_middle_income
2020,85.59308624267578,lower_middle_income
2021,93.38648223876952,lower_middle_income
2022,92.64565277099608,lower_middle_income
2023,92.7700424194336,lower_middle_income
