indicatorId,geoUnit,year,value,qualifier,magnitude
OFST.1.F.CP,AFG,1974,867413,,
OFST.1.F.CP,AFG,1993,957969,,
OFST.1.F.CP,AGO,1982,233536,,
OFST.1.F.CP,AGO,1983,261678,,
OFST.1.F.CP,AGO,1998,480476,,
OFST.1.F.CP,AGO,2008,296965,NAT_EST,
OFST.1.F.CP,AGO,2009,329325,,
OFST.1.F.CP,AGO,2010,358655,NAT_EST,
OFST.1.F.CP,AGO,2011,444338,,
OFST.1.F.CP,AGO,2023,1142017,,
OFST.1.F.CP,AIA,2002,18,,
OFST.1.F.CP,AIA,2005,13,,
OFST.1.F.CP,ALB,2003,3016,,
OFST.1.F.CP,ALB,2004,4513,,
OFST.1.F.CP,ALB,2008,6110,,
OFST.1.F.CP,ALB,2009,6431,,
OFST.1.F.CP,ALB,2010,6356,,
OFST.1.F.CP,ALB,2011,4396,,
OFST.1.F.CP,ALB,2012,2511,,
OFST.1.F.CP,ALB,2013,3184,,
OFST.1.F.CP,ALB,2020,6678,,
OFST.1.F.CP,ALB,2021,7186,,
OFST.1.F.CP,ALB,2022,8802,,
OFST.1.F.CP,ALB,2023,10813,,
OFST.1.F.CP,AND,2014,211,,
OFST.1.F.CP,AND,2015,200,,
OFST.1.F.CP,AND,2016,144,,
OFST.1.F.CP,AND,2017,138,,
OFST.1.F.CP,AND,2018,158,,
OFST.1.F.CP,AND,2019,188,,
OFST.1.F.CP,AND,2020,203,,
OFST.1.F.CP,AND,2021,182,,
OFST.1.F.CP,AND,2022,172,,
OFST.1.F.CP,AND,2024,61,,
OFST.1.F.CP,ARE,2005,5402,UIS_EST,
OFST.1.F.CP,ARE,2006,10702,UIS_EST,
OFST.1.F.CP,ARE,2018,3503,,
OFST.1.F.CP,ARE,2019,584,,
OFST.1.F.CP,ARE,2020,591,,
OFST.1.F.CP,ARE,2021,869,,
OFST.1.F.CP,ARE,2022,3225,,
OFST.1.F.CP,ARE,2023,312,,
OFST.1.F.CP,ARG,1970,73622,,
OFST.1.F.CP,ARG,1974,45270,,
OFST.1.F.CP,ARG,1975,51975,,
OFST.1.F.CP,ARG,1991,79103,,
OFST.1.F.CP,ARM,2002,8307,,
OFST.1.F.CP,ARM,2003,6975,,
OFST.1.F.CP,ARM,2005,5186,,
OFST.1.F.CP,ARM,2006,3489,,
OFST.1.F.CP,ARM,2011,4527,,
OFST.1.F.CP,ARM,2012,4819,UIS_EST,
OFST.1.F.CP,ARM,2013,5326,UIS_EST,
OFST.1.F.CP,ARM,2014,7125,UIS_EST,
OFST.1.F.CP,ARM,2015,6216,UIS_EST,
OFST.1.F.CP,ARM,2016,6831,,
OFST.1.F.CP,ARM,2017,6802,,
OFST.1.F.CP,ARM,2018,6752,,
OFST.1.F.CP,ARM,2019,7312,,
OFST.1.F.CP,ARM,2020,7716,,
OFST.1.F.CP,ARM,2021,6749,,
OFST.1.F.CP,ARM,2022,5470,,
OFST.1.F.CP,ARM,2023,3891,,
OFST.1.F.CP,ATG,2013,16,,
OFST.1.F.CP,ATG,2014,60,,
OFST.1.F.CP,AUS,2000,40463,UIS_EST,
OFST.1.F.CP,AUS,2001,890,,
OFST.1.F.CP,AUS,2003,9412,UIS_EST,
OFST.1.F.CP,AUS,2004,6988,UIS_EST,
OFST.1.F.CP,AUS,2005,2227,UIS_EST,
OFST.1.F.CP,AUS,2006,1847,UIS_EST,
OFST.1.F.CP,AUS,2011,22214,UIS_EST,
OFST.1.F.CP,AUS,2012,18313,UIS_EST,
OFST.1.F.CP,AUS,2018,1206,,
OFST.1.F.CP,AUS,2019,1191,,
OFST.1.F.CP,AUS,2020,5074,,
OFST.1.F.CP,AUS,2021,2619,,
OFST.1.F.CP,AUS,2022,2081,,
OFST.1.F.CP,AUS,2023,1110,,
OFST.1.F.CP,AUT,2000,3946,,
OFST.1.F.CP,AUT,2001,3360,,
OFST.1.F.CP,AUT,2002,3541,,
OFST.1.F.CP,AUT,2003,3610,,
OFST.1.F.CP,AUT,2004,2296,,
OFST.1.F.CP,AUT,2005,2427,,
OFST.1.F.CP,AUT,2006,3749,,
OFST.1.F.CP,AUT,2007,2997,,
OFST.1.F.CP,AUT,2008,2458,,
OFST.1.F.CP,AUT,2009,2208,,
OFST.1.F.CP,AUT,2010,2211,,
OFST.1.F.CP,AUT,2011,3151,,
OFST.1.F.CP,AUT,2012,3293,,
OFST.1.F.CP,AUT,2013,2681,,
OFST.1.F.CP,AUT,2014,2344,,
OFST.1.F.CP,AUT,2015,2210,,
OFST.1.F.CP,AUT,2016,3320,,
OFST.1.F.CP,AUT,2017,2443,,
OFST.1.F.CP,AUT,2018,2280,,
OFST.1.F.CP,AUT,2019,2291,,
OFST.1.F.CP,AUT,2020,2115,,
OFST.1.F.CP,AUT,2021,1792,,
OFST.1.F.CP,AUT,2022,2964,,
OFST.1.F.CP,AUT,2023,2716,,
OFST.1.F.CP,AZE,2000,31351,UIS_EST,
OFST.1.F.CP,AZE,2001,41033,UIS_EST,
OFST.1.F.CP,AZE,2002,42625,,
OFST.1.F.CP,AZE,2003,52165,,
OFST.1.F.CP,AZE,2004,43360,,
OFST.1.F.CP,AZE,2005,45478,,
OFST.1.F.CP,AZE,2006,44302,UIS_EST,
OFST.1.F.CP,AZE,2007,34881,UIS_EST,
OFST.1.F.CP,AZE,2008,34147,UIS_EST,
OFST.1.F.CP,AZE,2009,31015,UIS_EST,
OFST.1.F.CP,AZE,2010,32335,,
OFST.1.F.CP,AZE,2011,27812,,
OFST.1.F.CP,AZE,2012,21254,,
OFST.1.F.CP,AZE,2013,8359,,
OFST.1.F.CP,AZE,2017,3353,,
OFST.1.F.CP,AZE,2018,12040,,
OFST.1.F.CP,AZE,2019,21341,,
OFST.1.F.CP,AZE,2020,21208,,
OFST.1.F.CP,AZE,2021,26041,,
OFST.1.F.CP,AZE,2022,14247,,
OFST.1.F.CP,AZE,2023,5710,,
OFST.1.F.CP,AZE,2024,81,,
OFST.1.F.CP,BDI,1973,249732,,
OFST.1.F.CP,BDI,1978,289665,,
OFST.1.F.CP,BDI,1980,301253,,
OFST.1.F.CP,BDI,1981,303623,,
OFST.1.F.CP,BDI,1982,302292,,
OFST.1.F.CP,BDI,1983,291982,,
OFST.1.F.CP,BDI,1984,283625,,
OFST.1.F.CP,BDI,1985,275217,,
OFST.1.F.CP,BDI,1986,271077,,
OFST.1.F.CP,BDI,1987,261136,,
OFST.1.F.CP,BDI,1988,256309,,
OFST.1.F.CP,BDI,1993,308564,,
OFST.1.F.CP,BDI,2000,364981,UIS_EST,
OFST.1.F.CP,BDI,2001,324080,UIS_EST,
OFST.1.F.CP,BDI,2002,317315,UIS_EST,
OFST.1.F.CP,BDI,2003,298536,UIS_EST,
OFST.1.F.CP,BDI,2004,282697,UIS_EST,
OFST.1.F.CP,BDI,2005,259953,UIS_EST,
OFST.1.F.CP,BDI,2006,143525,UIS_EST,
OFST.1.F.CP,BDI,2007,95807,UIS_EST,
OFST.1.F.CP,BDI,2008,47577,,
OFST.1.F.CP,BDI,2009,56671,UIS_EST,
OFST.1.F.CP,BDI,2010,32412.00854492199,,
OFST.1.F.CP,BDI,2011,27230.00653076172,,
OFST.1.F.CP,BDI,2012,38002.01489257812,,
OFST.1.F.CP,BDI,2013,96360.0015258789,,
OFST.1.F.CP,BDI,2014,60386.00512695312,,
OFST.1.F.CP,BDI,2015,84761.0111694336,,
OFST.1.F.CP,BDI,2016,103926.9888916016,,
OFST.1.F.CP,BDI,2017,153773.9948730469,,
OFST.1.F.CP,BDI,2018,192185.0020751953,,
OFST.1.F.CP,BDI,2019,216027.0081787109,,
OFST.1.F.CP,BDI,2020,218095.9887695312,,
OFST.1.F.CP,BEL,2000,6809,,
OFST.1.F.CP,BEL,2004,1745,,
OFST.1.F.CP,BEL,2005,1455,,
OFST.1.F.CP,BEL,2006,2460,,
OFST.1.F.CP,BEL,2007,3031,,
OFST.1.F.CP,BEL,2008,3764,,
OFST.1.F.CP,BEL,2009,4248,,
OFST.1.F.CP,BEL,2010,4521,,
OFST.1.F.CP,BEL,2011,7467,,
OFST.1.F.CP,BEL,2012,6764,,
OFST.1.F.CP,BEL,2013,6659,,
OFST.1.F.CP,BEL,2014,6865,,
OFST.1.F.CP,BEL,2015,7032,,
OFST.1.F.CP,BEL,2016,7388,,
OFST.1.F.CP,BEL,2017,5342,,
OFST.1.F.CP,BEL,2018,5195,,
OFST.1.F.CP,BEL,2019,5280,,
OFST.1.F.CP,BEL,2020,4892,,
OFST.1.F.CP,BEL,2021,5818,,
OFST.1.F.CP,BEL,2022,4873,,
OFST.1.F.CP,BEL,2023,6554,,
OFST.1.F.CP,BEN,1984,247111,,
OFST.1.F.CP,BEN,1985,251927,,
OFST.1.F.CP,BEN,1986,264057,,
OFST.1.F.CP,BEN,1988,284993,,
OFST.1.F.CP,BEN,1989,294452,,
OFST.1.F.CP,BEN,1990,330865,,
OFST.1.F.CP,BEN,1992,330169,,
OFST.1.F.CP,BEN,1993,325604,,
OFST.1.F.CP,BEN,1994,325884,,
OFST.1.F.CP,BEN,1995,321856,,
OFST.1.F.CP,BEN,1996,317456,,
OFST.1.F.CP,BEN,1997,306478,UIS_EST,
OFST.1.F.CP,BEN,2006,189227,,
OFST.1.F.CP,BEN,2008,156414,,
OFST.1.F.CP,BEN,2009,113332,,
OFST.1.F.CP,BEN,2010,99320,,
OFST.1.F.CP,BEN,2011,94669,,
OFST.1.F.CP,BEN,2017,95714,,
OFST.1.F.CP,BEN,2018,124299,,
OFST.1.F.CP,BEN,2019,174425,,
OFST.1.F.CP,BEN,2020,183238,,
OFST.1.F.CP,BEN,2021,160686,,
OFST.1.F.CP,BEN,2022,136278,,
OFST.1.F.CP,BFA,1971,389391,,
OFST.1.F.CP,BFA,1972,397620,,
OFST.1.F.CP,BFA,1977,445230,,
OFST.1.F.CP,BFA,1978,454783,,
OFST.1.F.CP,BFA,1979,464062,,
OFST.1.F.CP,BFA,1980,472263,,
OFST.1.F.CP,BFA,1981,481794,,
OFST.1.F.CP,BFA,1982,490294,,
OFST.1.F.CP,BFA,1983,499377,,
OFST.1.F.CP,BFA,1984,511121,,
OFST.1.F.CP,BFA,1985,520981,,
OFST.1.F.CP,BFA,1986,531864,,
OFST.1.F.CP,BFA,1987,546526,,
OFST.1.F.CP,BFA,1988,564996,,
OFST.1.F.CP,BFA,1989,583796,,
OFST.1.F.CP,BFA,1991,615485,,
OFST.1.F.CP,BFA,1992,632446,,
OFST.1.F.CP,BFA,1993,646036,,
OFST.1.F.CP,BFA,1994,658163,,
OFST.1.F.CP,BFA,1995,666874,,
OFST.1.F.CP,BFA,1998,689701,,
OFST.1.F.CP,BFA,1999,697750,,
OFST.1.F.CP,BFA,2000,699156,,
OFST.1.F.CP,BFA,2001,701906,,
OFST.1.F.CP,BFA,2002,721578,,
OFST.1.F.CP,BFA,2003,714186,,
OFST.1.F.CP,BFA,2004,705697,,
OFST.1.F.CP,BFA,2005,671354,,
OFST.1.F.CP,BFA,2006,647199,,
OFST.1.F.CP,BFA,2007,603476,,
OFST.1.F.CP,BFA,2008,544598,,
OFST.1.F.CP,BFA,2009,517592,,
OFST.1.F.CP,BFA,2010,577583,,
OFST.1.F.CP,BFA,2011,528618,,
OFST.1.F.CP,BFA,2012,527864,,
OFST.1.F.CP,BFA,2013,527902,,
OFST.1.F.CP,BFA,2014,533023,,
OFST.1.F.CP,BFA,2015,530932,,
OFST.1.F.CP,BFA,2016,461561,,
OFST.1.F.CP,BFA,2017,459926,,
OFST.1.F.CP,BFA,2018,440020,,
OFST.1.F.CP,BFA,2019,470347,,
OFST.1.F.CP,BFA,2020,522928,,
OFST.1.F.CP,BFA,2021,539690,,
OFST.1.F.CP,BFA,2022,606933,,
OFST.1.F.CP,BFA,2023,799663,,
OFST.1.F.CP,BFA,2024,659756,,
OFST.1.F.CP,BGD,1970,3271051,,
OFST.1.F.CP,BGD,1973,2657768,,
OFST.1.F.CP,BGD,1976,2721192,,
OFST.1.F.CP,BGD,1977,2759668,,
OFST.1.F.CP,BGD,1978,2936530,,
OFST.1.F.CP,BGD,1981,3287341,,
OFST.1.F.CP,BGD,1983,3757054,,
OFST.1.F.CP,BGD,1984,3605092,,
OFST.1.F.CP,BGD,1985,3764133,,
OFST.1.F.CP,BGD,1986,3855732,,
OFST.1.F.CP,BGD,1987,3978240,,
OFST.1.F.CP,BGD,1988,3097138,,
OFST.1.F.CP,BGD,1989,3159547,,
OFST.1.F.CP,BGD,1990,2943562,,
OFST.1.F.CP,BGD,2005,384392,,
OFST.1.F.CP,BGD,2006,414833,UIS_EST,
OFST.1.F.CP,BGD,2008,1075896,NAT_EST,
OFST.1.F.CP,BGD,2009,838631,NAT_EST,
OFST.1.F.CP,BGD,2010,993602,,
OFST.1.F.CP,BGD,2017,54511,,
OFST.1.F.CP,BGD,2018,189119,,
OFST.1.F.CP,BGR,2000,3270,,
OFST.1.F.CP,BGR,2001,3810,UIS_EST,
OFST.1.F.CP,BGR,2009,1102,,
OFST.1.F.CP,BGR,2010,931,,
OFST.1.F.CP,BGR,2011,1530,,
OFST.1.F.CP,BGR,2012,2924,,
OFST.1.F.CP,BGR,2013,4307,,
OFST.1.F.CP,BGR,2014,3336,,
OFST.1.F.CP,BGR,2015,3167,,
OFST.1.F.CP,BGR,2016,3832,,
OFST.1.F.CP,BGR,2017,4091,,
OFST.1.F.CP,BGR,2018,4968,,
OFST.1.F.CP,BGR,2019,5374,,
OFST.1.F.CP,BGR,2020,5223,,
OFST.1.F.CP,BGR,2021,6092,,
OFST.1.F.CP,BGR,2022,6211,,
OFST.1.F.CP,BGR,2023,6566,,
OFST.1.F.CP,BHR,1971,6534,,
OFST.1.F.CP,BHR,1972,6340,,
OFST.1.F.CP,BHR,1973,6401,,
OFST.1.F.CP,BHR,1974,6470,,
OFST.1.F.CP,BHR,1975,5608,,
OFST.1.F.CP,BHR,1976,5565,,
OFST.1.F.CP,BHR,1977,5228,,
OFST.1.F.CP,BHR,1978,5304,,
OFST.1.F.CP,BHR,1979,5184,,
OFST.1.F.CP,BHR,1980,5281,,
OFST.1.F.CP,BHR,1981,6321,,
OFST.1.F.CP,BHR,1982,7570,,
OFST.1.F.CP,BHR,1983,7047,,
OFST.1.F.CP,BHR,1984,5873,,
OFST.1.F.CP,BHR,1985,4208,,
OFST.1.F.CP,BHR,1986,2835,,
OFST.1.F.CP,BHR,1987,2337,,
OFST.1.F.CP,BHR,1988,1604,,
OFST.1.F.CP,BHR,1989,1647,,
OFST.1.F.CP,BHR,1991,3051,,
OFST.1.F.CP,BHR,1992,5235,,
OFST.1.F.CP,BHR,1993,5312,,
OFST.1.F.CP,BHR,1994,5043,,
OFST.1.F.CP,BHR,1995,4154,,
OFST.1.F.CP,BHR,1996,3664,,
OFST.1.F.CP,BHR,1997,3150,,
OFST.1.F.CP,BHR,1998,1515,,
OFST.1.F.CP,BHR,1999,789,,
OFST.1.F.CP,BHR,2000,1524,UIS_EST,
OFST.1.F.CP,BHR,2001,2016,UIS_EST,
OFST.1.F.CP,BHR,2002,3274,UIS_EST,
OFST.1.F.CP,BHR,2003,4157,,
OFST.1.F.CP,BHR,2004,4193,,
OFST.1.F.CP,BHR,2005,4314,,
OFST.1.F.CP,BHR,2006,1717,,
OFST.1.F.CP,BHR,2011,2678,,
OFST.1.F.CP,BHR,2012,16,,
OFST.1.F.CP,BHR,2015,573,,
OFST.1.F.CP,BHR,2016,658,,
OFST.1.F.CP,BHR,2017,714,,
OFST.1.F.CP,BHR,2018,1376,,
OFST.1.F.CP,BHR,2019,1514,,
OFST.1.F.CP,BHR,2022,1669,,
OFST.1.F.CP,BHR,2023,3719,,
OFST.1.F.CP,BHR,2024,2504,,
OFST.1.F.CP,BHS,1976,1077,,
OFST.1.F.CP,BHS,1977,943,,
OFST.1.F.CP,BHS,1980,632,,
OFST.1.F.CP,BHS,1993,14,,
OFST.1.F.CP,BHS,1999,2683,,
OFST.1.F.CP,BHS,2004,2209,UIS_EST,
OFST.1.F.CP,BHS,2005,1445,,
OFST.1.F.CP,BHS,2006,1614,,
OFST.1.F.CP,BHS,2007,957,,
OFST.1.F.CP,BHS,2008,796,,
OFST.1.F.CP,BHS,2009,896,,
OFST.1.F.CP,BHS,2010,982,,
OFST.1.F.CP,BHS,2012,318,,
OFST.1.F.CP,BHS,2023,4234,,
OFST.1.F.CP,BHS,2024,2319,,
OFST.1.F.CP,BIH,2009,9675,,
OFST.1.F.CP,BIH,2010,9021,,
OFST.1.F.CP,BIH,2011,8860,,
OFST.1.F.CP,BIH,2012,9791,,
OFST.1.F.CP,BIH,2013,9032,UIS_EST,
OFST.1.F.CP,BIH,2014,7577,UIS_EST,
OFST.1.F.CP,BIH,2015,5678,,
OFST.1.F.CP,BIH,2016,3289,,
OFST.1.F.CP,BIH,2017,830,,
OFST.1.F.CP,BIH,2020,633,,
OFST.1.F.CP,BIH,2021,169,,
OFST.1.F.CP,BIH,2022,413,,
OFST.1.F.CP,BIH,2023,738,,
OFST.1.F.CP,BLR,1995,52545,,
OFST.1.F.CP,BLR,2013,700,,
OFST.1.F.CP,BLR,2014,3937,,
OFST.1.F.CP,BLR,2015,5462,,
OFST.1.F.CP,BLR,2016,5105,,
OFST.1.F.CP,BLR,2017,7148,,
OFST.1.F.CP,BLR,2018,8907,,
OFST.1.F.CP,BLR,2019,11865,,
OFST.1.F.CP,BLR,2020,13201,,
OFST.1.F.CP,BLR,2021,12938,,
OFST.1.F.CP,BLR,2022,16368,,
OFST.1.F.CP,BLR,2023,14689,,
OFST.1.F.CP,BLR,2024,12179,,
OFST.1.F.CP,BLZ,1999,299,UIS_EST,
OFST.1.F.CP,BLZ,2000,332,UIS_EST,
OFST.1.F.CP,BLZ,2001,263,UIS_EST,
OFST.1.F.CP,BLZ,2008,225,,
OFST.1.F.CP,BLZ,2009,306,,
OFST.1.F.CP,BLZ,2010,252,,
OFST.1.F.CP,BLZ,2011,422,,
OFST.1.F.CP,BLZ,2021,741,,
OFST.1.F.CP,BLZ,2022,1669,,
OFST.1.F.CP,BLZ,2023,2377,,
OFST.1.F.CP,BLZ,2024,2317,,
OFST.1.F.CP,BMU,1978,416,,
OFST.1.F.CP,BMU,1979,440,,
OFST.1.F.CP,BMU,2012,39,,
OFST.1.F.CP,BOL,2009,8265,,
OFST.1.F.CP,BOL,2010,27047,,
OFST.1.F.CP,BOL,2011,43987,,
OFST.1.F.CP,BOL,2012,66563,,
OFST.1.F.CP,BOL,2013,74397,,
OFST.1.F.CP,BOL,2014,78810,,
OFST.1.F.CP,BOL,2015,78733,,
OFST.1.F.CP,BOL,2016,72735,,
OFST.1.F.CP,BOL,2017,62618,,
OFST.1.F.CP,BOL,2018,50541,,
OFST.1.F.CP,BOL,2019,41292,,
OFST.1.F.CP,BOL,2020,33501,,
OFST.1.F.CP,BOL,2021,27246,,
OFST.1.F.CP,BOL,2022,21648,,
OFST.1.F.CP,BOL,2023,27126,,
OFST.1.F.CP,BRA,2012,400219,,
OFST.1.F.CP,BRA,2013,304494,,
OFST.1.F.CP,BRA,2014,320958,,
OFST.1.F.CP,BRA,2015,321036,,
OFST.1.F.CP,BRA,2016,301028,,
OFST.1.F.CP,BRA,2017,260722,,
OFST.1.F.CP,BRA,2018,311870,,
OFST.1.F.CP,BRA,2019,290889,,
OFST.1.F.CP,BRA,2020,385978,,
OFST.1.F.CP,BRA,2021,408419,,
OFST.1.F.CP,BRA,2022,265585,,
OFST.1.F.CP,BRB,1971,2375,,
OFST.1.F.CP,BRB,1972,2400,,
OFST.1.F.CP,BRB,1973,2606,,
OFST.1.F.CP,BRB,1976,1897,,
OFST.1.F.CP,BRB,1977,1275,,
OFST.1.F.CP,BRB,1978,684,,
OFST.1.F.CP,BRB,1979,383,,
OFST.1.F.CP,BRB,1989,303,,
OFST.1.F.CP,BRB,1990,751,,
OFST.1.F.CP,BRB,1992,1362,,
OFST.1.F.CP,BRB,2005,302,,
OFST.1.F.CP,BRB,2006,291,,
OFST.1.F.CP,BRB,2007,184,,
OFST.1.F.CP,BRB,2008,206,NAT_EST,
OFST.1.F.CP,BRB,2009,333,NAT_EST,
OFST.1.F.CP,BRB,2010,190,,
OFST.1.F.CP,BRB,2011,345,,
OFST.1.F.CP,BRB,2014,604,,
OFST.1.F.CP,BRB,2015,513,,
OFST.1.F.CP,BRB,2016,375,,
OFST.1.F.CP,BRB,2017,753,,
OFST.1.F.CP,BRB,2018,690,,
OFST.1.F.CP,BRB,2019,711,,
OFST.1.F.CP,BRB,2020,813,,
OFST.1.F.CP,BRB,2021,972,,
OFST.1.F.CP,BRB,2022,1212,,
OFST.1.F.CP,BRB,2023,1437,,
OFST.1.F.CP,BRB,2024,1659,,
OFST.1.F.CP,BRN,1977,646,,
OFST.1.F.CP,BRN,1978,407,,
OFST.1.F.CP,BRN,1979,1511,,
OFST.1.F.CP,BRN,1980,1417,,
OFST.1.F.CP,BRN,1981,1778,,
OFST.1.F.CP,BRN,1982,1986,,
OFST.1.F.CP,BRN,1983,1655,,
OFST.1.F.CP,BRN,1984,1440,,
OFST.1.F.CP,BRN,1986,1115,,
OFST.1.F.CP,BRN,1991,563,,
OFST.1.F.CP,BRN,1992,477,,
OFST.1.F.CP,BRN,1993,73,,
OFST.1.F.CP,BRN,1994,284,,
OFST.1.F.CP,BTN,1978,26474,,
OFST.1.F.CP,BTN,1979,26780,,
OFST.1.F.CP,BTN,1998,24692,,
OFST.1.F.CP,BTN,1999,24368,,
OFST.1.F.CP,BTN,2000,23306,,
OFST.1.F.CP,BTN,2001,22050,,
OFST.1.F.CP,BTN,2005,14002,,
OFST.1.F.CP,BTN,2006,10751,,
OFST.1.F.CP,BTN,2008,6164,,
OFST.1.F.CP,BTN,2009,3409,,
OFST.1.F.CP,BTN,2010,2211,,
OFST.1.F.CP,BTN,2011,2191,,
OFST.1.F.CP,BTN,2012,1875,,
OFST.1.F.CP,BTN,2013,2817,,
OFST.1.F.CP,BTN,2015,3570,,
OFST.1.F.CP,BTN,2016,3826,,
OFST.1.F.CP,BTN,2017,3873,,
OFST.1.F.CP,BTN,2018,2592,UIS_EST,
OFST.1.F.CP,BTN,2020,351,,
OFST.1.F.CP,BTN,2021,4944.999622344971,,
OFST.1.F.CP,BTN,2022,2052.999698638916,,
OFST.1.F.CP,BTN,2023,2949.00020980835,,
OFST.1.F.CP,BTN,2024,2533.000045776367,,
OFST.1.F.CP,BWA,1970,28006,,
OFST.1.F.CP,BWA,1971,29955,,
OFST.1.F.CP,BWA,1972,29372,,
OFST.1.F.CP,BWA,1973,28717,,
OFST.1.F.CP,BWA,1974,26536,,
OFST.1.F.CP,BWA,1975,21697,,
OFST.1.F.CP,BWA,1976,18629,,
OFST.1.F.CP,BWA,1977,15576,,
OFST.1.F.CP,BWA,1978,15393,,
OFST.1.F.CP,BWA,1979,15510,,
OFST.1.F.CP,BWA,1980,12555,,
OFST.1.F.CP,BWA,1981,7485,,
OFST.1.F.CP,BWA,1983,5020,,
OFST.1.F.CP,BWA,1984,5607,,
OFST.1.F.CP,BWA,1985,4433,,
OFST.1.F.CP,BWA,1986,5499,,
OFST.1.F.CP,BWA,1987,6443,,
OFST.1.F.CP,BWA,1988,7130,,
OFST.1.F.CP,BWA,1989,7316,,
OFST.1.F.CP,BWA,1990,8267,,
OFST.1.F.CP,BWA,1991,5863,,
OFST.1.F.CP,BWA,1992,8713,,
OFST.1.F.CP,BWA,1993,11221,,
OFST.1.F.CP,BWA,1994,12533,,
OFST.1.F.CP,BWA,1995,26797,,
OFST.1.F.CP,BWA,1996,26337,,
OFST.1.F.CP,BWA,1998,21777,,
OFST.1.F.CP,BWA,1999,22995,,
OFST.1.F.CP,BWA,2000,21334,UIS_EST,
OFST.1.F.CP,BWA,2001,18854,,
OFST.1.F.CP,BWA,2002,18393,,
OFST.1.F.CP,BWA,2003,16904,,
OFST.1.F.CP,BWA,2004,16739,,
OFST.1.F.CP,BWA,2005,13008,,
OFST.1.F.CP,BWA,2006,11852,,
OFST.1.F.CP,BWA,2007,13295,,
OFST.1.F.CP,BWA,2008,14325,,
OFST.1.F.CP,BWA,2009,15148,,
OFST.1.F.CP,BWA,2012,12589,,
OFST.1.F.CP,BWA,2013,16036,,
OFST.1.F.CP,BWA,2014,18800,,
OFST.1.F.CP,CAF,1971,116166,,
OFST.1.F.CP,CAF,1972,116095,,
OFST.1.F.CP,CAF,1973,115514,,
OFST.1.F.CP,CAF,1977,129583,,
OFST.1.F.CP,CAF,1978,130493,,
OFST.1.F.CP,CAF,1981,119418,,
OFST.1.F.CP,CAF,1982,114372,,
OFST.1.F.CP,CAF,1983,112611,,
OFST.1.F.CP,CAF,1986,95509,,
OFST.1.F.CP,CAF,1987,115760,,
OFST.1.F.CP,CAF,1988,122558,,
OFST.1.F.CP,CAF,1989,126809,,
OFST.1.F.CP,CAF,1990,118314,,
OFST.1.F.CP,CAF,1991,133021,,
OFST.1.F.CP,CAF,2005,228757,,
OFST.1.F.CP,CAF,2006,233861,UIS_EST,
OFST.1.F.CP,CAF,2007,216724,,
OFST.1.F.CP,CAF,2008,190593,,
OFST.1.F.CP,CAF,2009,193713,,
OFST.1.F.CP,CAF,2010,179569,UIS_EST,
OFST.1.F.CP,CAF,2011,188485,,
OFST.1.F.CP,CAF,2012,177758,UIS_EST,
OFST.1.F.CP,CAN,2000,6262,UIS_EST,
OFST.1.F.CP,CAN,2012,3168,UIS_EST,
OFST.1.F.CP,CAN,2013,6376,,
OFST.1.F.CP,CAN,2014,5993,UIS_EST,
OFST.1.F.CP,CAN,2016,24142,UIS_EST,
OFST.1.F.CP,CAN,2017,22259,UIS_EST,
OFST.1.F.CP,CAN,2018,19240,,
OFST.1.F.CP,CAN,2019,34795,UIS_EST,
OFST.1.F.CP,CAN,2020,37082,,
OFST.1.F.CP,CAN,2021,56443,,
OFST.1.F.CP,CAN,2022,62425,,
OFST.1.F.CP,CAN,2023,61693,,
OFST.1.F.CP,CHE,2011,2240,,
OFST.1.F.CP,CHE,2012,3102,,
OFST.1.F.CP,CHE,2015,58,,
OFST.1.F.CP,CHE,2016,183,,
OFST.1.F.CP,CHE,2017,287,,
OFST.1.F.CP,CHE,2018,234,,
OFST.1.F.CP,CHE,2019,164,,
OFST.1.F.CP,CHE,2020,261,,
OFST.1.F.CP,CHE,2021,434,,
OFST.1.F.CP,CHE,2022,591,,
OFST.1.F.CP,CHL,2007,29519,,
OFST.1.F.CP,CHL,2008,29007,,
OFST.1.F.CP,CHL,2009,38466,,
OFST.1.F.CP,CHL,2010,25791,,
OFST.1.F.CP,CHL,2011,27937,,
OFST.1.F.CP,CHL,2012,25976,,
OFST.1.F.CP,CHL,2013,25386,,
OFST.1.F.CP,CHL,2014,22811,,
OFST.1.F.CP,CHL,2015,21550,,
OFST.1.F.CP,CHL,2016,19771,,
OFST.1.F.CP,CHL,2017,18922,,
OFST.1.F.CP,CHL,2018,16412,,
OFST.1.F.CP,CHL,2019,14825,,
OFST.1.F.CP,CHL,2020,21557,,
OFST.1.F.CP,CHL,2021,20885,,
OFST.1.F.CP,CHL,2022,15069,,
OFST.1.F.CP,CHL,2023,16670,,
OFST.1.F.CP,CHN,1989,3886997,,
OFST.1.F.CP,CHN,1990,5286056,,
OFST.1.F.CP,CHN,1991,5476505,,
OFST.1.F.CP,CHN,1992,5956182,,
OFST.1.F.CP,CHN,1993,6127147,,
OFST.1.F.CP,CHN,1994,6196526,,
OFST.1.F.CP,CHN,1995,5410040,,
OFST.1.F.CP,CHN,1996,4822923,,
OFST.1.F.CP,CHN,1997,3912182,,
OFST.1.F.CP,CIV,1977,382100,,
OFST.1.F.CP,CIV,1996,781666,,
OFST.1.F.CP,CIV,1997,800162,,
OFST.1.F.CP,CIV,1999,835335,,
OFST.1.F.CP,CIV,2000,876879,UIS_EST,
OFST.1.F.CP,CIV,2001,844626,,
OFST.1.F.CP,CIV,2002,874489,,
OFST.1.F.CP,CIV,2003,913790,NAT_EST,
OFST.1.F.CP,CIV,2009,1037359,,
OFST.1.F.CP,CIV,2013,636887,,
OFST.1.F.CP,CIV,2014,583842,,
OFST.1.F.CP,CIV,2015,570914,,
OFST.1.F.CP,CIV,2016,448389,,
OFST.1.F.CP,CIV,2017,460520,,
OFST.1.F.CP,CIV,2018,403369,,
OFST.1.F.CP,CIV,2019,381806,,
OFST.1.F.CP,CIV,2020,366370,,
OFST.1.F.CP,CIV,2021,428360,,
OFST.1.F.CP,CIV,2022,474797,,
OFST.1.F.CP,CIV,2023,347655,,
OFST.1.F.CP,CIV,2024,337596,,
OFST.1.F.CP,CMR,1971,219673,,
OFST.1.F.CP,CMR,1972,223145,,
OFST.1.F.CP,CMR,1973,236463,,
OFST.1.F.CP,CMR,1974,247971,,
OFST.1.F.CP,CMR,1975,223790,,
OFST.1.F.CP,CMR,1976,224266,,
OFST.1.F.CP,CMR,1977,239298,,
OFST.1.F.CP,CMR,1978,242129,,
OFST.1.F.CP,CMR,1979,244357,,
OFST.1.F.CP,CMR,1980,251836,,
OFST.1.F.CP,CMR,1988,274067,,
OFST.1.F.CP,CMR,1990,296144,,
OFST.1.F.CP,CMR,1991,319170,UIS_EST,
OFST.1.F.CP,CMR,2011,240816,UIS_EST,
OFST.1.F.CP,CMR,2017,202776,,
OFST.1.F.CP,CMR,2019,251398,,
OFST.1.F.CP,COD,1971,730915,,
OFST.1.F.CP,COD,1972,772155,,
OFST.1.F.CP,COD,1975,790719,,
OFST.1.F.CP,COD,1979,857808,,
OFST.1.F.CP,COD,1983,866567,,
OFST.1.F.CP,COD,1984,859649,,
OFST.1.F.CP,COD,1988,1221443,,
OFST.1.F.CP,COD,1991,1450992,,
OFST.1.F.CP,COD,1992,1531780,,
OFST.1.F.CP,COD,1993,1606865,,
OFST.1.F.CP,COD,1994,1660825,,
OFST.1.F.CP,COD,1995,1630442,,
OFST.1.F.CP,COD,1999,2649499,,
OFST.1.F.CP,COG,1972,34472,,
OFST.1.F.CP,COG,1974,29133,,
OFST.1.F.CP,COG,1976,25971,,
OFST.1.F.CP,COG,1978,20180,,
OFST.1.F.CP,COG,1979,18950,,
OFST.1.F.CP,COG,1980,27585,,
OFST.1.F.CP,COG,1981,27952,,
OFST.1.F.CP,COG,1982,25398,,
OFST.1.F.CP,COG,1983,22559,,
OFST.1.F.CP,COG,1984,19986,,
OFST.1.F.CP,COG,2005,127964,,
OFST.1.F.CP,COG,2006,140812,,
OFST.1.F.CP,COG,2010,50068,NAT_EST,
OFST.1.F.CP,COG,2012,27477,,
OFST.1.F.CP,COG,2018,97788,,
OFST.1.F.CP,COG,2023,84011,UIS_EST,
OFST.1.F.CP,COK,1998,42,UIS_EST,
OFST.1.F.CP,COK,1999,73,,
OFST.1.F.CP,COK,2000,103,UIS_EST,
OFST.1.F.CP,COK,2013,25.99998223781586,,
OFST.1.F.CP,COK,2014,18.00001275539421,,
OFST.1.F.CP,COK,2015,26.00000131130219,,
OFST.1.F.CP,COL,2000,71801,UIS_EST,
OFST.1.F.CP,COL,2001,138784,UIS_EST,
OFST.1.F.CP,COL,2002,144108,UIS_EST,
OFST.1.F.CP,COL,2004,13183,UIS_EST,
OFST.1.F.CP,COL,2012,33539,UIS_EST,
OFST.1.F.CP,COL,2015,56732,UIS_EST,
OFST.1.F.CP,COL,2016,86514,,
OFST.1.F.CP,COL,2017,66417,UIS_EST,
OFST.1.F.CP,COL,2018,79250,,
OFST.1.F.CP,COL,2019,84680,,
OFST.1.F.CP,COL,2020,105882,,
OFST.1.F.CP,COL,2021,126650,,
OFST.1.F.CP,COL,2022,131157,,
OFST.1.F.CP,COM,1987,14321,,
OFST.1.F.CP,COM,1994,18559,,
OFST.1.F.CP,COM,1999,25071,,
OFST.1.F.CP,COM,2000,21832,NAT_EST,
OFST.1.F.CP,COM,2007,14887,,
OFST.1.F.CP,COM,2013,3754,,
OFST.1.F.CP,COM,2014,3772,,
OFST.1.F.CP,COM,2017,4701,,
OFST.1.F.CP,COM,2018,6346,,
OFST.1.F.CP,COM,2021,15690,,
OFST.1.F.CP,COM,2024,10666,,
OFST.1.F.CP,CPV,1981,6111,,
OFST.1.F.CP,CPV,1982,6888,,
OFST.1.F.CP,CPV,1983,7958,,
OFST.1.F.CP,CPV,1984,6180,,
OFST.1.F.CP,CPV,1985,5619,,
OFST.1.F.CP,CPV,1986,5297,UIS_EST,
OFST.1.F.CP,CPV,1987,4920,,
OFST.1.F.CP,CPV,1988,3544,,
OFST.1.F.CP,CPV,1990,3197,,
OFST.1.F.CP,CPV,1994,2383,,
OFST.1.F.CP,CPV,1998,823,,
OFST.1.F.CP,CPV,2000,656,UIS_EST,
OFST.1.F.CP,CPV,2001,1204,,
OFST.1.F.CP,CPV,2002,981,UIS_EST,
OFST.1.F.CP,CPV,2003,1068,,
OFST.1.F.CP,CPV,2004,1483,,
OFST.1.F.CP,CPV,2005,1454,UIS_EST,
OFST.1.F.CP,CPV,2006,1457,,
OFST.1.F.CP,CPV,2007,2027,,
OFST.1.F.CP,CPV,2008,2321,UIS_EST,
OFST.1.F.CP,CPV,2009,2475,UIS_EST,
OFST.1.F.CP,CPV,2010,2345,,
OFST.1.F.CP,CPV,2011,2207,,
OFST.1.F.CP,CPV,2012,1469,,
OFST.1.F.CP,CPV,2013,1197,,
OFST.1.F.CP,CPV,2014,1111,,
OFST.1.F.CP,CPV,2015,984,,
OFST.1.F.CP,CPV,2016,1181,,
OFST.1.F.CP,CPV,2017,1115,,
OFST.1.F.CP,CPV,2018,717,,
OFST.1.F.CP,CPV,2019,636,,
OFST.1.F.CP,CPV,2020,1049,,
OFST.1.F.CP,CPV,2021,872,,
OFST.1.F.CP,CPV,2022,14764,,
OFST.1.F.CP,CRI,2011,8118,,
OFST.1.F.CP,CRI,2012,11758,,
OFST.1.F.CP,CRI,2013,15439,,
OFST.1.F.CP,CRI,2014,21431,,
OFST.1.F.CP,CRI,2015,19987,,
OFST.1.F.CP,CRI,2016,17545,,
OFST.1.F.CP,CRI,2017,22549,,
OFST.1.F.CP,CRI,2018,15152,,
OFST.1.F.CP,CRI,2019,11194,,
OFST.1.F.CP,CRI,2020,12440,,
OFST.1.F.CP,CRI,2021,14237,,
OFST.1.F.CP,CRI,2022,14482,,
OFST.1.F.CP,CRI,2023,10864,,
OFST.1.F.CP,CUB,1972,32436,,
OFST.1.F.CP,CUB,1973,15912,,
OFST.1.F.CP,CUB,1974,10914,,
OFST.1.F.CP,CUB,1979,20593,,
OFST.1.F.CP,CUB,1980,21524,,
OFST.1.F.CP,CUB,1981,24964,,
OFST.1.F.CP,CUB,1982,19082,,
OFST.1.F.CP,CUB,1983,10600,,
OFST.1.F.CP,CUB,1984,10268,,
OFST.1.F.CP,CUB,1985,20453,,
OFST.1.F.CP,CUB,1986,21034,,
OFST.1.F.CP,CUB,1987,15813,,
OFST.1.F.CP,CUB,1988,15348,,
OFST.1.F.CP,CUB,1989,17822,,
OFST.1.F.CP,CUB,1990,18893,,
OFST.1.F.CP,CUB,1991,18899,,
OFST.1.F.CP,CUB,1992,12501,,
OFST.1.F.CP,CUB,1993,15622,,
OFST.1.F.CP,CUB,1994,12900,,
OFST.1.F.CP,CUB,1995,13179,,
OFST.1.F.CP,CUB,1996,3293,,
OFST.1.F.CP,CUB,1997,1290,,
OFST.1.F.CP,CUB,2003,3753,,
OFST.1.F.CP,CUB,2005,5401,,
OFST.1.F.CP,CUB,2006,5054,,
OFST.1.F.CP,CUB,2007,4665,,
OFST.1.F.CP,CUB,2008,8104,,
OFST.1.F.CP,CUB,2009,6643,,
OFST.1.F.CP,CUB,2010,9170,,
OFST.1.F.CP,CUB,2011,12634,,
OFST.1.F.CP,CUB,2012,10609,,
OFST.1.F.CP,CUB,2014,9011,,
OFST.1.F.CP,CUB,2015,10677,,
OFST.1.F.CP,CUB,2016,9925,,
OFST.1.F.CP,CUB,2017,10739,,
OFST.1.F.CP,CUB,2018,10283,,
OFST.1.F.CP,CUB,2019,8555,,
OFST.1.F.CP,CUB,2020,6204,,
OFST.1.F.CP,CUB,2021,4928,,
OFST.1.F.CP,CUB,2022,11213,,
OFST.1.F.CP,CUB,2023,11027,,
OFST.1.F.CP,CUB,2024,14674,,
OFST.1.F.CP,CUW,2023,165,,
OFST.1.F.CP,CYM,2002,26,,
OFST.1.F.CP,CYM,2004,81,,
OFST.1.F.CP,CYM,2005,171,,
OFST.1.F.CP,CYM,2006,112,,
OFST.1.F.CP,CYM,2008,85,,
OFST.1.F.CP,CYM,2011,54,,
OFST.1.F.CP,CYM,2013,59,,
OFST.1.F.CP,CYM,2018,139,,
OFST.1.F.CP,CYM,2019,147,,
OFST.1.F.CP,CYM,2020,94,,
OFST.1.F.CP,CYM,2021,137,,
OFST.1.F.CP,CYM,2022,61,,
OFST.1.F.CP,CYM,2024,92,,
OFST.1.F.CP,CYP,2000,511,,
OFST.1.F.CP,CYP,2001,588,,
OFST.1.F.CP,CYP,2002,294,,
OFST.1.F.CP,CYP,2003,305,,
OFST.1.F.CP,CYP,2004,455,,
OFST.1.F.CP,CYP,2005,285,,
OFST.1.F.CP,CYP,2006,98,,
OFST.1.F.CP,CYP,2007,139,,
OFST.1.F.CP,CYP,2012,349,,
OFST.1.F.CP,CYP,2013,410,,
OFST.1.F.CP,CYP,2014,478,,
OFST.1.F.CP,CYP,2015,332,,
OFST.1.F.CP,CYP,2016,423,,
OFST.1.F.CP,CYP,2017,320,,
OFST.1.F.CP,CYP,2018,229,,
OFST.1.F.CP,CZE,2009,1142,,
OFST.1.F.CP,CZE,2010,2064,,
OFST.1.F.CP,CZE,2011,2812,,
OFST.1.F.CP,CZE,2012,668,,
OFST.1.F.CP,CZE,2013,1594,,
OFST.1.F.CP,CZE,2014,3784,,
OFST.1.F.CP,CZE,2015,5332,,
OFST.1.F.CP,CZE,2016,6834,,
OFST.1.F.CP,CZE,2017,8080,,
OFST.1.F.CP,CZE,2018,5731,,
OFST.1.F.CP,CZE,2019,5044,,
OFST.1.F.CP,CZE,2020,4014,,
OFST.1.F.CP,CZE,2023,2259,,
OFST.1.F.CP,DEU,2002,32644,,
OFST.1.F.CP,DEU,2003,28327,,
OFST.1.F.CP,DEU,2004,30459,,
OFST.1.F.CP,DEU,2005,26061,,
OFST.1.F.CP,DEU,2006,26734,,
OFST.1.F.CP,DEU,2007,22984,,
OFST.1.F.CP,DEU,2008,22343,,
OFST.1.F.CP,DEU,2009,22462,,
OFST.1.F.CP,DEU,2010,15919,,
OFST.1.F.CP,DEU,2011,6991,,
OFST.1.F.CP,DEU,2012,10644,,
OFST.1.F.CP,DEU,2013,11219,,
OFST.1.F.CP,DEU,2014,15234,,
OFST.1.F.CP,DEU,2015,9857,,
OFST.1.F.CP,DEU,2016,20282,,
OFST.1.F.CP,DEU,2017,11219,,
OFST.1.F.CP,DEU,2018,8367,,
OFST.1.F.CP,DEU,2019,9906,,
OFST.1.F.CP,DEU,2020,13442,,
OFST.1.F.CP,DEU,2021,16955,,
OFST.1.F.CP,DEU,2022,22689,,
OFST.1.F.CP,DMA,1975,790,,
OFST.1.F.CP,DMA,1976,909,,
OFST.1.F.CP,DMA,1977,511,,
OFST.1.F.CP,DMA,1979,684,,
OFST.1.F.CP,DMA,1980,966,,
OFST.1.F.CP,DMA,1981,859,,
OFST.1.F.CP,DMA,1982,889,,
OFST.1.F.CP,DMA,2006,104,,
OFST.1.F.CP,DMA,2007,427,UIS_EST,
OFST.1.F.CP,DMA,2008,456,,
OFST.1.F.CP,DMA,2009,150,,
OFST.1.F.CP,DMA,2014,101,,
OFST.1.F.CP,DMA,2016,193,UIS_EST,
OFST.1.F.CP,DMA,2019,289,,
OFST.1.F.CP,DMA,2020,194,,
OFST.1.F.CP,DMA,2021,204,,
OFST.1.F.CP,DMA,2022,170,,
OFST.1.F.CP,DMA,2023,173,,
OFST.1.F.CP,DNK,2000,746,,
OFST.1.F.CP,DNK,2001,517,,
OFST.1.F.CP,DNK,2004,3679,,
OFST.1.F.CP,DNK,2005,3871,,
OFST.1.F.CP,DNK,2006,1871,,
OFST.1.F.CP,DNK,2007,777,,
OFST.1.F.CP,DNK,2008,950,,
OFST.1.F.CP,DNK,2009,790,,
OFST.1.F.CP,DNK,2010,1014,,
OFST.1.F.CP,DNK,2011,863,,
OFST.1.F.CP,DNK,2012,792,,
OFST.1.F.CP,DNK,2013,984,,
OFST.1.F.CP,DNK,2014,892,,
OFST.1.F.CP,DNK,2015,1012,,
OFST.1.F.CP,DNK,2016,1446,,
OFST.1.F.CP,DNK,2017,1144,,
OFST.1.F.CP,DNK,2018,753,,
OFST.1.F.CP,DNK,2019,842,,
OFST.1.F.CP,DNK,2020,643,,
OFST.1.F.CP,DNK,2021,905,,
OFST.1.F.CP,DNK,2022,1150,,
OFST.1.F.CP,DNK,2023,1646,,
OFST.1.F.CP,DOM,2000,70325,,
OFST.1.F.CP,DOM,2002,47175,,
OFST.1.F.CP,DOM,2003,68919,UIS_EST,
OFST.1.F.CP,DOM,2004,79822,UIS_EST,
OFST.1.F.CP,DOM,2005,72373,,
OFST.1.F.CP,DOM,2006,75807,UIS_EST,
OFST.1.F.CP,DOM,2007,44418,,
OFST.1.F.CP,DOM,2008,65737,,
OFST.1.F.CP,DOM,2010,42440,,
OFST.1.F.CP,DOM,2011,33508,,
OFST.1.F.CP,DOM,2012,38288,,
OFST.1.F.CP,DOM,2013,37579,,
OFST.1.F.CP,DOM,2014,46035,,
OFST.1.F.CP,DOM,2015,25447,,
OFST.1.F.CP,DOM,2016,21799,,
OFST.1.F.CP,DOM,2017,26796,,
OFST.1.F.CP,DOM,2018,30018,,
OFST.1.F.CP,DOM,2019,19946,,
OFST.1.F.CP,DOM,2020,18394,,
OFST.1.F.CP,DOM,2021,53688,,
OFST.1.F.CP,DOM,2022,33426,,
OFST.1.F.CP,DOM,2023,27423,,
OFST.1.F.CP,DOM,2024,26967,,
OFST.1.F.CP,DZA,1973,527782,,
OFST.1.F.CP,DZA,1974,478336,,
OFST.1.F.CP,DZA,1975,438401,,
OFST.1.F.CP,DZA,1976,437727,,
OFST.1.F.CP,DZA,1977,458422,,
OFST.1.F.CP,DZA,1978,449221,,
OFST.1.F.CP,DZA,1979,452711,,
OFST.1.F.CP,DZA,1980,445662,,
OFST.1.F.CP,DZA,1981,451077,,
OFST.1.F.CP,DZA,1982,463077,,
OFST.1.F.CP,DZA,1983,464577,,
OFST.1.F.CP,DZA,1984,441334,,
OFST.1.F.CP,DZA,1985,425815,,
OFST.1.F.CP,DZA,1986,398513,,
OFST.1.F.CP,DZA,1987,374461,,
OFST.1.F.CP,DZA,1988,359766,,
OFST.1.F.CP,DZA,1989,357518,,
OFST.1.F.CP,DZA,1990,368480,,
OFST.1.F.CP,DZA,1991,352256,,
OFST.1.F.CP,DZA,1992,341531,,
OFST.1.F.CP,DZA,1993,350955,,
OFST.1.F.CP,DZA,1994,335755,,
OFST.1.F.CP,DZA,1995,312429,,
OFST.1.F.CP,DZA,1996,297216,,
OFST.1.F.CP,DZA,1997,280931,,
OFST.1.F.CP,DZA,1999,151841,,
OFST.1.F.CP,DZA,2000,111555,,
OFST.1.F.CP,DZA,2001,52741,,
OFST.1.F.CP,DZA,2002,11479,UIS_EST,
OFST.1.F.CP,DZA,2006,13620,,
OFST.1.F.CP,DZA,2007,29609,,
OFST.1.F.CP,DZA,2008,24676,,
OFST.1.F.CP,DZA,2017,14091,,
OFST.1.F.CP,DZA,2018,18608,,
OFST.1.F.CP,DZA,2019,46312,,
OFST.1.F.CP,DZA,2021,16681,,
OFST.1.F.CP,DZA,2022,36496,,
OFST.1.F.CP,ECU,2000,52387,,
OFST.1.F.CP,ECU,2001,40840,,
OFST.1.F.CP,ECU,2002,29640,,
OFST.1.F.CP,ECU,2003,26297,,
OFST.1.F.CP,ECU,2005,31044,,
OFST.1.F.CP,ECU,2006,19477,,
OFST.1.F.CP,ECU,2007,5620,,
OFST.1.F.CP,ECU,2008,13363,,
OFST.1.F.CP,ECU,2012,7290,,
OFST.1.F.CP,ECU,2013,8711,,
OFST.1.F.CP,ECU,2015,14668,,
OFST.1.F.CP,ECU,2016,14181,,
OFST.1.F.CP,ECU,2017,10881,,
OFST.1.F.CP,ECU,2021,1703,,
OFST.1.F.CP,ECU,2023,28201,,
OFST.1.F.CP,EGY,1971,1301494,,
OFST.1.F.CP,EGY,1972,1318069,,
OFST.1.F.CP,EGY,1973,1342346,,
OFST.1.F.CP,EGY,1978,1381262,,
OFST.1.F.CP,EGY,1994,969751,,
OFST.1.F.CP,EGY,1997,836191,,
OFST.1.F.CP,EGY,1999,825375,UIS_EST,
OFST.1.F.CP,EGY,2000,752682,UIS_EST,
OFST.1.F.CP,EGY,2001,720916,UIS_EST,
OFST.1.F.CP,EGY,2002,678753,UIS_EST,
OFST.1.F.CP,EGY,2003,640912,UIS_EST,
OFST.1.F.CP,EGY,2004,605597,UIS_EST,
OFST.1.F.CP,EGY,2012,787819,UIS_EST,
OFST.1.F.CP,EGY,2014,890302,,
OFST.1.F.CP,EGY,2016,746588,,
OFST.1.F.CP,EGY,2017,703221,,
OFST.1.F.CP,EGY,2018,533675,,
OFST.1.F.CP,EGY,2019,408913,,
OFST.1.F.CP,EGY,2020,306837,,
OFST.1.F.CP,EGY,2021,225766,,
OFST.1.F.CP,EGY,2023,331741,,
OFST.1.F.CP,EGY,2024,270649,,
OFST.1.F.CP,ERI,1992,72889,,
OFST.1.F.CP,ERI,1994,70919,,
OFST.1.F.CP,ERI,1995,72307,,
OFST.1.F.CP,ERI,1996,74262,,
OFST.1.F.CP,ERI,1997,78313,,
OFST.1.F.CP,ERI,1999,73425,,
OFST.1.F.CP,ERI,2000,63860,,
OFST.1.F.CP,ERI,2001,61912,,
OFST.1.F.CP,ERI,2002,55345,,
OFST.1.F.CP,ERI,2003,48233,,
OFST.1.F.CP,ERI,2004,50783,,
OFST.1.F.CP,ERI,2005,52210,,
OFST.1.F.CP,ERI,2006,58116,,
OFST.1.F.CP,ERI,2007,70472,,
OFST.1.F.CP,ERI,2008,80725,,
OFST.1.F.CP,ERI,2009,85335,UIS_EST,
OFST.1.F.CP,ERI,2010,89624,,
OFST.1.F.CP,ERI,2011,82368,,
OFST.1.F.CP,ERI,2012,77475,,
OFST.1.F.CP,ERI,2013,80188,,
OFST.1.F.CP,ERI,2014,80578,,
OFST.1.F.CP,ERI,2015,83342,,
OFST.1.F.CP,ERI,2017,94112,,
OFST.1.F.CP,ERI,2018,94591,,
OFST.1.F.CP,ERI,2022,95607,,
OFST.1.F.CP,ESP,2008,8225,UIS_EST,
OFST.1.F.CP,ESP,2009,10003,UIS_EST,
OFST.1.F.CP,ESP,2010,21510,UIS_EST,
OFST.1.F.CP,ESP,2011,24104,UIS_EST,
OFST.1.F.CP,ESP,2012,29246,UIS_EST,
OFST.1.F.CP,ESP,2013,34606,,
OFST.1.F.CP,ESP,2014,36981,,
OFST.1.F.CP,ESP,2015,39946,,
OFST.1.F.CP,ESP,2016,38638,,
OFST.1.F.CP,ESP,2017,35358,,
OFST.1.F.CP,ESP,2018,32201,,
OFST.1.F.CP,ESP,2019,27025,,
OFST.1.F.CP,ESP,2020,23953,,
OFST.1.F.CP,ESP,2021,24304,,
OFST.1.F.CP,ESP,2022,23033,,
OFST.1.F.CP,ESP,2023,17903,,
OFST.1.F.CP,EST,2014,926,,
OFST.1.F.CP,EST,2015,966,,
OFST.1.F.CP,EST,2016,988,,
OFST.1.F.CP,EST,2017,1025,,
OFST.1.F.CP,EST,2018,1004,,
OFST.1.F.CP,EST,2019,966,,
OFST.1.F.CP,EST,2020,972,,
OFST.1.F.CP,EST,2021,907,,
OFST.1.F.CP,EST,2022,772,,
OFST.1.F.CP,EST,2023,1120,,
OFST.1.F.CP,ETH,1987,2551166,,
OFST.1.F.CP,ETH,1988,2629569,,
OFST.1.F.CP,ETH,1989,2727826,,
OFST.1.F.CP,ETH,1994,3481031,,
OFST.1.F.CP,ETH,1995,3561735,,
OFST.1.F.CP,ETH,1996,3600712,,
OFST.1.F.CP,ETH,1998,3691796,,
OFST.1.F.CP,ETH,1999,3734806,UIS_EST,
OFST.1.F.CP,ETH,2000,3685683,UIS_EST,
OFST.1.F.CP,ETH,2001,3601254,,
OFST.1.F.CP,ETH,2002,3621117,UIS_EST,
OFST.1.F.CP,ETH,2003,3695738,,
OFST.1.F.CP,ETH,2004,3591861,,
OFST.1.F.CP,ETH,2005,2976621,,
OFST.1.F.CP,ETH,2006,2685712,,
OFST.1.F.CP,ETH,2007,2367662,UIS_EST,
OFST.1.F.CP,ETH,2008,2012157,UIS_EST,
OFST.1.F.CP,ETH,2009,2044283,UIS_EST,
OFST.1.F.CP,ETH,2010,2257939,,
OFST.1.F.CP,ETH,2011,2363325,,
OFST.1.F.CP,ETH,2012,2019759,,
OFST.1.F.CP,ETH,2014,1784252,,
OFST.1.F.CP,ETH,2015,1927172,,
OFST.1.F.CP,ETH,2017,1199649,,
OFST.1.F.CP,ETH,2021,2575384,UIS_EST,
OFST.1.F.CP,ETH,2022,2474048,,
OFST.1.F.CP,ETH,2023,2409915,,
OFST.1.F.CP,ETH,2024,2325465,,
OFST.1.F.CP,FIN,2000,2066,,
OFST.1.F.CP,FIN,2001,2258,,
OFST.1.F.CP,FIN,2002,2275,,
OFST.1.F.CP,FIN,2003,2170,,
OFST.1.F.CP,FIN,2004,2117,,
OFST.1.F.CP,FIN,2005,1947,,
OFST.1.F.CP,FIN,2006,2013,,
OFST.1.F.CP,FIN,2007,2033,,
OFST.1.F.CP,FIN,2008,2005,,
OFST.1.F.CP,FIN,2009,2164,,
OFST.1.F.CP,FIN,2010,2116,,
OFST.1.F.CP,FIN,2011,2078,,
OFST.1.F.CP,FIN,2012,2161,,
OFST.1.F.CP,FIN,2013,2192,,
OFST.1.F.CP,FIN,2014,2179,,
OFST.1.F.CP,FIN,2015,2733,,
OFST.1.F.CP,FIN,2016,2826,,
OFST.1.F.CP,FIN,2017,3087,,
OFST.1.F.CP,FIN,2018,3028,,
OFST.1.F.CP,FIN,2019,3480,,
OFST.1.F.CP,FIN,2020,2973,,
OFST.1.F.CP,FIN,2021,2534,,
OFST.1.F.CP,FIN,2022,3689,,
OFST.1.F.CP,FIN,2023,2800,,
OFST.1.F.CP,FJI,1992,5712,,
OFST.1.F.CP,FJI,1994,5175,,
OFST.1.F.CP,FJI,1995,5997,,
OFST.1.F.CP,FJI,1996,7117,,
OFST.1.F.CP,FJI,1997,6336,,
OFST.1.F.CP,FJI,1998,5287,,
OFST.1.F.CP,FJI,1999,4730,,
OFST.1.F.CP,FJI,2000,3777,UIS_EST,
OFST.1.F.CP,FJI,2001,2718,,
OFST.1.F.CP,FJI,2002,2610,UIS_EST,
OFST.1.F.CP,FJI,2003,4504,,
OFST.1.F.CP,FJI,2004,3153,,
OFST.1.F.CP,FJI,2006,4940,,
OFST.1.F.CP,FJI,2007,5933,,
OFST.1.F.CP,FJI,2008,6259,,
OFST.1.F.CP,FJI,2009,6524,,
OFST.1.F.CP,FJI,2011,5950,,
OFST.1.F.CP,FJI,2012,5350,,
OFST.1.F.CP,FJI,2013,6172,,
OFST.1.F.CP,FJI,2014,4803,,
OFST.1.F.CP,FJI,2015,3527,,
OFST.1.F.CP,FJI,2016,2673,,
OFST.1.F.CP,FRA,2000,64747,,
OFST.1.F.CP,FRA,2001,65122,,
OFST.1.F.CP,FRA,2002,65361,,
OFST.1.F.CP,FRA,2003,69571,,
OFST.1.F.CP,FRA,2004,67803,,
OFST.1.F.CP,FRA,2008,8927,,
OFST.1.F.CP,FRA,2009,16082,,
OFST.1.F.CP,FRA,2010,25808,,
OFST.1.F.CP,FRA,2011,1185,,
OFST.1.F.CP,FRA,2012,249,,
OFST.1.F.CP,FRA,2013,6008,,
OFST.1.F.CP,FRA,2014,23727,,
OFST.1.F.CP,FRA,2015,8912,,
OFST.1.F.CP,FRA,2016,523,,
OFST.1.F.CP,FSM,2014,1150,UIS_EST,
OFST.1.F.CP,FSM,2015,1451,,
OFST.1.F.CP,FSM,2016,1066.000007629395,,
OFST.1.F.CP,FSM,2017,1060.000057220459,,
OFST.1.F.CP,FSM,2018,147.9998579025269,,
OFST.1.F.CP,FSM,2019,690.0000085830688,,
OFST.1.F.CP,FSM,2020,1299.000032424928,,
OFST.1.F.CP,FSM,2021,1268.000091552734,,
OFST.1.F.CP,FSM,2022,1331.999898910522,,
OFST.1.F.CP,FSM,2023,1593.999857902527,,
OFST.1.F.CP,FSM,2024,1499.999942779542,,
OFST.1.F.CP,GAB,1975,2809,,
OFST.1.F.CP,GAB,1997,14330,,
OFST.1.F.CP,GAB,2019,38521,,
OFST.1.F.CP,GBR,2004,11502,,
OFST.1.F.CP,GBR,2005,1233,,
OFST.1.F.CP,GBR,2006,15645,,
OFST.1.F.CP,GBR,2007,44503,,
OFST.1.F.CP,GBR,2008,10278,,
OFST.1.F.CP,GBR,2009,17091,,
OFST.1.F.CP,GBR,2010,12931,,
OFST.1.F.CP,GBR,2011,24448,,
OFST.1.F.CP,GBR,2012,40023,,
OFST.1.F.CP,GBR,2013,41765,,
OFST.1.F.CP,GBR,2014,36540,,
OFST.1.F.CP,GBR,2015,31312,,
OFST.1.F.CP,GBR,2016,27638,,
OFST.1.F.CP,GBR,2017,17424,,
OFST.1.F.CP,GBR,2018,6971,,
OFST.1.F.CP,GEO,1995,34437,,
OFST.1.F.CP,GEO,1996,29537,,
OFST.1.F.CP,GEO,1997,25748,,
OFST.1.F.CP,GEO,2021,2563,,
OFST.1.F.CP,GEO,2022,4885,,
OFST.1.F.CP,GEO,2023,8143,,
OFST.1.F.CP,GEO,2024,9783,,
OFST.1.F.CP,GHA,1999,688955,UIS_EST,
OFST.1.F.CP,GHA,2000,571377,UIS_EST,
OFST.1.F.CP,GHA,2001,651689,UIS_EST,
OFST.1.F.CP,GHA,2002,589540,UIS_EST,
OFST.1.F.CP,GHA,2003,588994,UIS_EST,
OFST.1.F.CP,GHA,2005,508725,UIS_EST,
OFST.1.F.CP,GHA,2006,459643,UIS_EST,
OFST.1.F.CP,GHA,2007,384252,UIS_EST,
OFST.1.F.CP,GHA,2008,302760,UIS_EST,
OFST.1.F.CP,GHA,2009,319132,UIS_EST,
OFST.1.F.CP,GHA,2011,297742.0031738281,,
OFST.1.F.CP,GHA,2012,299163.0212402344,,
OFST.1.F.CP,GHA,2014,208011.0070800781,,
OFST.1.F.CP,GHA,2017,157392.0085449219,,
OFST.1.F.CP,GHA,2018,193991.0168457031,,
OFST.1.F.CP,GHA,2019,136729.0061035156,,
OFST.1.F.CP,GHA,2020,244040.9799804688,,
OFST.1.F.CP,GHA,2021,427902,,
OFST.1.F.CP,GIB,1978,424,,
OFST.1.F.CP,GIB,1979,439,,
OFST.1.F.CP,GIB,1981,441,,
OFST.1.F.CP,GIB,1982,386,,
OFST.1.F.CP,GIN,1984,345157,,
OFST.1.F.CP,GIN,1985,347555,,
OFST.1.F.CP,GIN,1986,360262,,
OFST.1.F.CP,GIN,1987,374478,,
OFST.1.F.CP,GIN,1988,379461,,
OFST.1.F.CP,GIN,1989,387529,,
OFST.1.F.CP,GIN,1990,398889,,
OFST.1.F.CP,GIN,1991,408995,UIS_EST,
OFST.1.F.CP,GIN,1998,423759,,
OFST.1.F.CP,GIN,1999,420658,,
OFST.1.F.CP,GIN,2000,409866,,
OFST.1.F.CP,GIN,2001,399568,,
OFST.1.F.CP,GIN,2002,364140,,
OFST.1.F.CP,GIN,2003,348609,,
OFST.1.F.CP,GIN,2004,334432,,
OFST.1.F.CP,GIN,2005,324998,,
OFST.1.F.CP,GIN,2006,310779,,
OFST.1.F.CP,GIN,2007,299539,,
OFST.1.F.CP,GIN,2008,311275,UIS_EST,
OFST.1.F.CP,GIN,2009,302226,,
OFST.1.F.CP,GIN,2010,287108,,
OFST.1.F.CP,GIN,2011,244376,,
OFST.1.F.CP,GIN,2012,253095,,
OFST.1.F.CP,GIN,2013,243426,,
OFST.1.F.CP,GIN,2014,216862,,
OFST.1.F.CP,GIN,2016,261355,,
OFST.1.F.CP,GIN,2020,217989,,
OFST.1.F.CP,GMB,1971,35557,,
OFST.1.F.CP,GMB,1972,36609,,
OFST.1.F.CP,GMB,1973,37318,,
OFST.1.F.CP,GMB,1974,38166,,
OFST.1.F.CP,GMB,1975,38985,,
OFST.1.F.CP,GMB,1976,39883,,
OFST.1.F.CP,GMB,1977,38941,,
OFST.1.F.CP,GMB,1978,38201,,
OFST.1.F.CP,GMB,1979,38448,,
OFST.1.F.CP,GMB,1980,38285,,
OFST.1.F.CP,GMB,1981,36790,,
OFST.1.F.CP,GMB,1982,36810,,
OFST.1.F.CP,GMB,1983,36831,,
OFST.1.F.CP,GMB,1984,36907,,
OFST.1.F.CP,GMB,1985,37191,,
OFST.1.F.CP,GMB,1986,38416,,
OFST.1.F.CP,GMB,1992,59018,,
OFST.1.F.CP,GMB,1993,59463,,
OFST.1.F.CP,GMB,1996,59201,,
OFST.1.F.CP,GMB,1998,60448,,
OFST.1.F.CP,GMB,1999,52603,,
OFST.1.F.CP,GMB,2000,56336,,
OFST.1.F.CP,GMB,2001,56908,,
OFST.1.F.CP,GMB,2002,60926,,
OFST.1.F.CP,GMB,2003,56252,,
OFST.1.F.CP,GMB,2004,55210,,
OFST.1.F.CP,GMB,2005,57695,,
OFST.1.F.CP,GMB,2006,52424,,
OFST.1.F.CP,GMB,2007,49971,UIS_EST,
OFST.1.F.CP,GMB,2008,54836,,
OFST.1.F.CP,GMB,2010,54594,,
OFST.1.F.CP,GMB,2011,57076,,
OFST.1.F.CP,GMB,2012,52839,,
OFST.1.F.CP,GMB,2013,53233,,
OFST.1.F.CP,GMB,2014,50048,,
OFST.1.F.CP,GMB,2015,45955,,
OFST.1.F.CP,GMB,2016,43725,,
OFST.1.F.CP,GMB,2017,40077,,
OFST.1.F.CP,GMB,2018,37924,,
OFST.1.F.CP,GMB,2019,30922,,
OFST.1.F.CP,GMB,2020,26783,,
OFST.1.F.CP,GMB,2021,28569,,
OFST.1.F.CP,GMB,2022,27946,,
OFST.1.F.CP,GMB,2023,27969,,
OFST.1.F.CP,GMB,2024,27390,,
OFST.1.F.CP,GNB,1981,47216,UIS_EST,
OFST.1.F.CP,GNB,1982,46644,,
OFST.1.F.CP,GNB,1984,50327,,
OFST.1.F.CP,GNB,1985,51070,,
OFST.1.F.CP,GNB,1987,54831,,
OFST.1.F.CP,GNB,1988,55791,,
OFST.1.F.CP,GNB,2000,58173,,
OFST.1.F.CP,GNB,2010,38662,,
OFST.1.F.CP,GNQ,1994,14983,,
OFST.1.F.CP,GNQ,2000,24021,,
OFST.1.F.CP,GNQ,2001,22784,UIS_EST,
OFST.1.F.CP,GNQ,2002,25400,,
OFST.1.F.CP,GNQ,2003,26579,UIS_EST,
OFST.1.F.CP,GNQ,2008,43331,,
OFST.1.F.CP,GNQ,2009,44671,,
OFST.1.F.CP,GNQ,2010,46333,,
OFST.1.F.CP,GNQ,2011,47710,,
OFST.1.F.CP,GNQ,2012,49874,,
OFST.1.F.CP,GNQ,2015,62954,,
OFST.1.F.CP,"GPE: East Asia & Pacific WB FY24, December 2024",2000,4017000,,
OFST.1.F.CP,"GPE: East Asia & Pacific WB FY24, December 2024",2001,3527000,,
OFST.1.F.CP,"GPE: East Asia & Pacific WB FY24, December 2024",2002,3110000,,
OFST.1.F.CP,"GPE: East Asia & Pacific WB FY24, December 2024",2003,2800000,,
OFST.1.F.CP,"GPE: East Asia & Pacific WB FY24, December 2024",2004,2557000,,
OFST.1.F.CP,"GPE: East Asia & Pacific WB FY24, December 2024",2005,2344000,,
OFST.1.F.CP,"GPE: East Asia & Pacific WB FY24, December 2024",2006,2114000,,
OFST.1.F.CP,"GPE: East Asia & Pacific WB FY24, December 2024",2007,1903000,,
OFST.1.F.CP,"GPE: East Asia & Pacific WB FY24, December 2024",2008,1778000,,
OFST.1.F.CP,"GPE: East Asia & Pacific WB FY24, December 2024",2009,1704000,,
OFST.1.F.CP,"GPE: East Asia & Pacific WB FY24, December 2024",2010,1616000,,
OFST.1.F.CP,"GPE: East Asia & Pacific WB FY24, December 2024",2011,1518000,,
OFST.1.F.CP,"GPE: East Asia & Pacific WB FY24, December 2024",2012,1494000,,
OFST.1.F.CP,"GPE: East Asia & Pacific WB FY24, December 2024",2013,1559000,,
OFST.1.F.CP,"GPE: East Asia & Pacific WB FY24, December 2024",2014,1637000,,
OFST.1.F.CP,"GPE: East Asia & Pacific WB FY24, December 2024",2015,1688000,,
OFST.1.F.CP,"GPE: East Asia & Pacific WB FY24, December 2024",2016,1702000,,
OFST.1.F.CP,"GPE: East Asia & Pacific WB FY24, December 2024",2017,1721000,,
OFST.1.F.CP,"GPE: East Asia & Pacific WB FY24, December 2024",2018,1728000,,
OFST.1.F.CP,"GPE: East Asia & Pacific WB FY24, December 2024",2019,1726000,,
OFST.1.F.CP,"GPE: East Asia & Pacific WB FY24, December 2024",2020,1651000,,
OFST.1.F.CP,"GPE: East Asia & Pacific WB FY24, December 2024",2021,1623000,,
OFST.1.F.CP,"GPE: East Asia & Pacific WB FY24, December 2024",2022,1608000,,
OFST.1.F.CP,"GPE: East Asia & Pacific WB FY24, December 2024",2023,1593000,,
OFST.1.F.CP,"GPE: Europe & Central Asia WB FY24, December 2024",2000,274700,,
OFST.1.F.CP,"GPE: Europe & Central Asia WB FY24, December 2024",2001,238900,,
OFST.1.F.CP,"GPE: Europe & Central Asia WB FY24, December 2024",2002,203500,,
OFST.1.F.CP,"GPE: Europe & Central Asia WB FY24, December 2024",2003,183900,,
OFST.1.F.CP,"GPE: Europe & Central Asia WB FY24, December 2024",2004,159100,,
OFST.1.F.CP,"GPE: Europe & Central Asia WB FY24, December 2024",2005,141300,,
OFST.1.F.CP,"GPE: Europe & Central Asia WB FY24, December 2024",2006,127800,,
OFST.1.F.CP,"GPE: Europe & Central Asia WB FY24, December 2024",2007,115000,,
OFST.1.F.CP,"GPE: Europe & Central Asia WB FY24, December 2024",2008,104900,,
OFST.1.F.CP,"GPE: Europe & Central Asia WB FY24, December 2024",2009,107000,,
OFST.1.F.CP,"GPE: Europe & Central Asia WB FY24, December 2024",2010,114700,,
OFST.1.F.CP,"GPE: Europe & Central Asia WB FY24, December 2024",2011,122500,,
OFST.1.F.CP,"GPE: Europe & Central Asia WB FY24, December 2024",2012,126700,,
OFST.1.F.CP,"GPE: Europe & Central Asia WB FY24, December 2024",2013,120900,,
OFST.1.F.CP,"GPE: Europe & Central Asia WB FY24, December 2024",2014,108200,,
OFST.1.F.CP,"GPE: Europe & Central Asia WB FY24, December 2024",2015,98920,,
OFST.1.F.CP,"GPE: Europe & Central Asia WB FY24, December 2024",2016,96560,,
OFST.1.F.CP,"GPE: Europe & Central Asia WB FY24, December 2024",2017,106300,,
OFST.1.F.CP,"GPE: Europe & Central Asia WB FY24, December 2024",2018,121500,,
OFST.1.F.CP,"GPE: Europe & Central Asia WB FY24, December 2024",2019,136800,,
OFST.1.F.CP,"GPE: Europe & Central Asia WB FY24, December 2024",2020,149700,,
OFST.1.F.CP,"GPE: Europe & Central Asia WB FY24, December 2024",2021,158200,,
OFST.1.F.CP,"GPE: Europe & Central Asia WB FY24, December 2024",2022,163000,,
OFST.1.F.CP,"GPE: Europe & Central Asia WB FY24, December 2024",2023,165800,,
OFST.1.F.CP,"GPE: Latin America & Caribbean WB FY24, December 2024",2000,464200,,
OFST.1.F.CP,"GPE: Latin America & Caribbean WB FY24, December 2024",2001,418000,,
OFST.1.F.CP,"GPE: Latin America & Caribbean WB FY24, December 2024",2002,373300,,
OFST.1.F.CP,"GPE: Latin America & Caribbean WB FY24, December 2024",2003,331900,,
OFST.1.F.CP,"GPE: Latin America & Caribbean WB FY24, December 2024",2004,292400,,
OFST.1.F.CP,"GPE: Latin America & Caribbean WB FY24, December 2024",2005,259100,,
OFST.1.F.CP,"GPE: Latin America & Caribbean WB FY24, December 2024",2006,235800,,
OFST.1.F.CP,"GPE: Latin America & Caribbean WB FY24, December 2024",2007,223800,,
OFST.1.F.CP,"GPE: Latin America & Caribbean WB FY24, December 2024",2008,221800,,
OFST.1.F.CP,"GPE: Latin America & Caribbean WB FY24, December 2024",2009,226600,,
OFST.1.F.CP,"GPE: Latin America & Caribbean WB FY24, December 2024",2010,238500,,
OFST.1.F.CP,"GPE: Latin America & Caribbean WB FY24, December 2024",2011,255200,,
OFST.1.F.CP,"GPE: Latin America & Caribbean WB FY24, December 2024",2012,277700,,
OFST.1.F.CP,"GPE: Latin America & Caribbean WB FY24, December 2024",2013,301500,,
OFST.1.F.CP,"GPE: Latin America & Caribbean WB FY24, December 2024",2014,320300,,
OFST.1.F.CP,"GPE: Latin America & Caribbean WB FY24, December 2024",2015,333800,,
OFST.1.F.CP,"GPE: Latin America & Caribbean WB FY24, December 2024",2016,343400,,
OFST.1.F.CP,"GPE: Latin America & Caribbean WB FY24, December 2024",2017,349500,,
OFST.1.F.CP,"GPE: Latin America & Caribbean WB FY24, December 2024",2018,350900,,
OFST.1.F.CP,"GPE: Latin America & Caribbean WB FY24, December 2024",2019,350300,,
OFST.1.F.CP,"GPE: Latin America & Caribbean WB FY24, December 2024",2020,352400,,
OFST.1.F.CP,"GPE: Latin America & Caribbean WB FY24, December 2024",2021,358800,,
OFST.1.F.CP,"GPE: Latin America & Caribbean WB FY24, December 2024",2022,369700,,
OFST.1.F.CP,"GPE: Latin America & Caribbean WB FY24, December 2024",2023,385200,,
OFST.1.F.CP,"GPE: Low income WB FY24, December 2024",2000,15780000,,
OFST.1.F.CP,"GPE: Low income WB FY24, December 2024",2001,15470000,,
OFST.1.F.CP,"GPE: Low income WB FY24, December 2024",2002,15160000,,
OFST.1.F.CP,"GPE: Low income WB FY24, December 2024",2003,14820000,,
OFST.1.F.CP,"GPE: Low income WB FY24, December 2024",2004,14420000,,
OFST.1.F.CP,"GPE: Low income WB FY24, December 2024",2005,14010000,,
OFST.1.F.CP,"GPE: Low income WB FY24, December 2024",2006,13650000,,
OFST.1.F.CP,"GPE: Low income WB FY24, December 2024",2007,13310000,,
OFST.1.F.CP,"GPE: Low income WB FY24, December 2024",2008,12990000,,
OFST.1.F.CP,"GPE: Low income WB FY24, December 2024",2009,12740000,,
OFST.1.F.CP,"GPE: Low income WB FY24, December 2024",2010,12620000,,
OFST.1.F.CP,"GPE: Low income WB FY24, December 2024",2011,12590000,,
OFST.1.F.CP,"GPE: Low income WB FY24, December 2024",2012,12590000,,
OFST.1.F.CP,"GPE: Low income WB FY24, December 2024",2013,12670000,,
OFST.1.F.CP,"GPE: Low income WB FY24, December 2024",2014,12810000,,
OFST.1.F.CP,"GPE: Low income WB FY24, December 2024",2015,13030000,,
OFST.1.F.CP,"GPE: Low income WB FY24, December 2024",2016,13220000,,
OFST.1.F.CP,"GPE: Low income WB FY24, December 2024",2017,13380000,,
OFST.1.F.CP,"GPE: Low income WB FY24, December 2024",2018,13620000,,
OFST.1.F.CP,"GPE: Low income WB FY24, December 2024",2019,13860000,,
OFST.1.F.CP,"GPE: Low income WB FY24, December 2024",2020,14090000,,
OFST.1.F.CP,"GPE: Low income WB FY24, December 2024",2021,14300000,,
OFST.1.F.CP,"GPE: Low income WB FY24, December 2024",2022,14760000,,
OFST.1.F.CP,"GPE: Low income WB FY24, December 2024",2023,15060000,,
OFST.1.F.CP,"GPE: Lower middle Income WB FY24, December 2024",2000,21730000,,
OFST.1.F.CP,"GPE: Lower middle Income WB FY24, December 2024",2001,20620000,,
OFST.1.F.CP,"GPE: Lower middle Income WB FY24, December 2024",2002,19640000,,
OFST.1.F.CP,"GPE: Lower middle Income WB FY24, December 2024",2003,18970000,,
OFST.1.F.CP,"GPE: Lower middle Income WB FY24, December 2024",2004,18480000,,
OFST.1.F.CP,"GPE: Lower middle Income WB FY24, December 2024",2005,18370000,,
OFST.1.F.CP,"GPE: Lower middle Income WB FY24, December 2024",2006,18130000,,
OFST.1.F.CP,"GPE: Lower middle Income WB FY24, December 2024",2007,18080000,,
OFST.1.F.CP,"GPE: Lower middle Income WB FY24, December 2024",2008,17950000,,
OFST.1.F.CP,"GPE: Lower middle Income WB FY24, December 2024",2009,17930000,,
OFST.1.F.CP,"GPE: Lower middle Income WB FY24, December 2024",2010,17860000,,
OFST.1.F.CP,"GPE: Lower middle Income WB FY24, December 2024",2011,17760000,,
OFST.1.F.CP,"GPE: Lower middle Income WB FY24, December 2024",2012,17860000,,
OFST.1.F.CP,"GPE: Lower middle Income WB FY24, December 2024",2013,18020000,,
OFST.1.F.CP,"GPE: Lower middle Income WB FY24, December 2024",2014,18130000,,
OFST.1.F.CP,"GPE: Lower middle Income WB FY24, December 2024",2015,18020000,,
OFST.1.F.CP,"GPE: Lower middle Income WB FY24, December 2024",2016,17770000,,
OFST.1.F.CP,"GPE: Lower middle Income WB FY24, December 2024",2017,17480000,,
OFST.1.F.CP,"GPE: Lower middle Income WB FY24, December 2024",2018,17150000,,
OFST.1.F.CP,"GPE: Lower middle Income WB FY24, December 2024",2019,16850000,,
OFST.1.F.CP,"GPE: Lower middle Income WB FY24, December 2024",2020,16510000,,
OFST.1.F.CP,"GPE: Lower middle Income WB FY24, December 2024",2021,16180000,,
OFST.1.F.CP,"GPE: Lower middle Income WB FY24, December 2024",2022,15830000,,
OFST.1.F.CP,"GPE: Lower middle Income WB FY24, December 2024",2023,15520000,,
OFST.1.F.CP,"GPE: Middle East & North Africa WB FY24, December 2024",2000,1006000,,
OFST.1.F.CP,"GPE: Middle East & North Africa WB FY24, December 2024",2001,1002000,,
OFST.1.F.CP,"GPE: Middle East & North Africa WB FY24, December 2024",2002,985300,,
OFST.1.F.CP,"GPE: Middle East & North Africa WB FY24, December 2024",2003,958500,,
OFST.1.F.CP,"GPE: Middle East & North Africa WB FY24, December 2024",2004,931200,,
OFST.1.F.CP,"GPE: Middle East & North Africa WB FY24, December 2024",2005,910100,,
OFST.1.F.CP,"GPE: Middle East & North Africa WB FY24, December 2024",2006,892400,,
OFST.1.F.CP,"GPE: Middle East & North Africa WB FY24, December 2024",2007,874900,,
OFST.1.F.CP,"GPE: Middle East & North Africa WB FY24, December 2024",2008,860100,,
OFST.1.F.CP,"GPE: Middle East & North Africa WB FY24, December 2024",2009,850600,,
OFST.1.F.CP,"GPE: Middle East & North Africa WB FY24, December 2024",2010,851400,,
OFST.1.F.CP,"GPE: Middle East & North Africa WB FY24, December 2024",2011,852000,,
OFST.1.F.CP,"GPE: Middle East & North Africa WB FY24, December 2024",2012,850600,,
OFST.1.F.CP,"GPE: Middle East & North Africa WB FY24, December 2024",2013,859900,,
OFST.1.F.CP,"GPE: Middle East & North Africa WB FY24, December 2024",2014,875500,,
OFST.1.F.CP,"GPE: Middle East & North Africa WB FY24, December 2024",2015,904500,,
OFST.1.F.CP,"GPE: Middle East & North Africa WB FY24, December 2024",2016,916700,,
OFST.1.F.CP,"GPE: Middle East & North Africa WB FY24, December 2024",2017,915300,,
OFST.1.F.CP,"GPE: Middle East & North Africa WB FY24, December 2024",2018,920200,,
OFST.1.F.CP,"GPE: Middle East & North Africa WB FY24, December 2024",2019,926600,,
OFST.1.F.CP,"GPE: Middle East & North Africa WB FY24, December 2024",2020,938200,,
OFST.1.F.CP,"GPE: Middle East & North Africa WB FY24, December 2024",2021,948900,,
OFST.1.F.CP,"GPE: Middle East & North Africa WB FY24, December 2024",2022,983000,,
OFST.1.F.CP,"GPE: Middle East & North Africa WB FY24, December 2024",2023,1033000,,
OFST.1.F.CP,"GPE: Non Fragile & non Conflict-affected countries (NON-FCAC) FY24, December 2024",2000,10510000,,
OFST.1.F.CP,"GPE: Non Fragile & non Conflict-affected countries (NON-FCAC) FY24, December 2024",2001,9770000,,
OFST.1.F.CP,"GPE: Non Fragile & non Conflict-affected countries (NON-FCAC) FY24, December 2024",2002,9078000,,
OFST.1.F.CP,"GPE: Non Fragile & non Conflict-affected countries (NON-FCAC) FY24, December 2024",2003,8546000,,
OFST.1.F.CP,"GPE: Non Fragile & non Conflict-affected countries (NON-FCAC) FY24, December 2024",2004,8092000,,
OFST.1.F.CP,"GPE: Non Fragile & non Conflict-affected countries (NON-FCAC) FY24, December 2024",2005,7710000,,
OFST.1.F.CP,"GPE: Non Fragile & non Conflict-affected countries (NON-FCAC) FY24, December 2024",2006,7323000,,
OFST.1.F.CP,"GPE: Non Fragile & non Conflict-affected countries (NON-FCAC) FY24, December 2024",2007,7089000,,
OFST.1.F.CP,"GPE: Non Fragile & non Conflict-affected countries (NON-FCAC) FY24, December 2024",2008,6817000,,
OFST.1.F.CP,"GPE: Non Fragile & non Conflict-affected countries (NON-FCAC) FY24, December 2024",2009,6711000,,
OFST.1.F.CP,"GPE: Non Fragile & non Conflict-affected countries (NON-FCAC) FY24, December 2024",2010,6706000,,
OFST.1.F.CP,"GPE: Non Fragile & non Conflict-affected countries (NON-FCAC) FY24, December 2024",2011,6723000,,
OFST.1.F.CP,"GPE: Non Fragile & non Conflict-affected countries (NON-FCAC) FY24, December 2024",2012,6861000,,
OFST.1.F.CP,"GPE: Non Fragile & non Conflict-affected countries (NON-FCAC) FY24, December 2024",2013,7087000,,
OFST.1.F.CP,"GPE: Non Fragile & non Conflict-affected countries (NON-FCAC) FY24, December 2024",2014,7262000,,
OFST.1.F.CP,"GPE: Non Fragile & non Conflict-affected countries (NON-FCAC) FY24, December 2024",2015,7272000,,
OFST.1.F.CP,"GPE: Non Fragile & non Conflict-affected countries (NON-FCAC) FY24, December 2024",2016,7147000,,
OFST.1.F.CP,"GPE: Non Fragile & non Conflict-affected countries (NON-FCAC) FY24, December 2024",2017,6986000,,
OFST.1.F.CP,"GPE: Non Fragile & non Conflict-affected countries (NON-FCAC) FY24, December 2024",2018,6827000,,
OFST.1.F.CP,"GPE: Non Fragile & non Conflict-affected countries (NON-FCAC) FY24, December 2024",2019,6702000,,
OFST.1.F.CP,"GPE: Non Fragile & non Conflict-affected countries (NON-FCAC) FY24, December 2024",2020,6633000,,
OFST.1.F.CP,"GPE: Non Fragile & non Conflict-affected countries (NON-FCAC) FY24, December 2024",2021,6556000,,
OFST.1.F.CP,"GPE: Non Fragile & non Conflict-affected countries (NON-FCAC) FY24, December 2024",2022,6491000,,
OFST.1.F.CP,"GPE: Non Fragile & non Conflict-affected countries (NON-FCAC) FY24, December 2024",2023,6449000,,
OFST.1.F.CP,"GPE: Small island and landlocked developing states, December 2024",2000,74740,,
OFST.1.F.CP,"GPE: Small island and landlocked developing states, December 2024",2001,70450,,
OFST.1.F.CP,"GPE: Small island and landlocked developing states, December 2024",2002,65250,,
OFST.1.F.CP,"GPE: Small island and landlocked developing states, December 2024",2003,58800,,
OFST.1.F.CP,"GPE: Small island and landlocked developing states, December 2024",2004,51810,,
OFST.1.F.CP,"GPE: Small island and landlocked developing states, December 2024",2005,46120,,
OFST.1.F.CP,"GPE: Small island and landlocked developing states, December 2024",2006,41320,,
OFST.1.F.CP,"GPE: Small island and landlocked developing states, December 2024",2007,37250,,
OFST.1.F.CP,"GPE: Small island and landlocked developing states, December 2024",2008,33540,,
OFST.1.F.CP,"GPE: Small island and landlocked developing states, December 2024",2009,30120,,
OFST.1.F.CP,"GPE: Small island and landlocked developing states, December 2024",2010,27350,,
OFST.1.F.CP,"GPE: Small island and landlocked developing states, December 2024",2011,25750,,
OFST.1.F.CP,"GPE: Small island and landlocked developing states, December 2024",2012,24650,,
OFST.1.F.CP,"GPE: Small island and landlocked developing states, December 2024",2013,23220,,
OFST.1.F.CP,"GPE: Small island and landlocked developing states, December 2024",2014,22040,,
OFST.1.F.CP,"GPE: Small island and landlocked developing states, December 2024",2015,21900,,
OFST.1.F.CP,"GPE: Small island and landlocked developing states, December 2024",2016,22570,,
OFST.1.F.CP,"GPE: Small island and landlocked developing states, December 2024",2017,23220,,
OFST.1.F.CP,"GPE: Small island and landlocked developing states, December 2024",2018,23910,,
OFST.1.F.CP,"GPE: Small island and landlocked developing states, December 2024",2019,24670,,
OFST.1.F.CP,"GPE: Small island and landlocked developing states, December 2024",2020,25410,,
OFST.1.F.CP,"GPE: Small island and landlocked developing states, December 2024",2021,26160,,
OFST.1.F.CP,"GPE: Small island and landlocked developing states, December 2024",2022,26690,,
OFST.1.F.CP,"GPE: Small island and landlocked developing states, December 2024",2023,27100,,
OFST.1.F.CP,"GPE: South Asia WB FY24, December 2024",2000,7075000,,
OFST.1.F.CP,"GPE: South Asia WB FY24, December 2024",2001,6963000,,
OFST.1.F.CP,"GPE: South Asia WB FY24, December 2024",2002,6851000,,
OFST.1.F.CP,"GPE: South Asia WB FY24, December 2024",2003,6865000,,
OFST.1.F.CP,"GPE: South Asia WB FY24, December 2024",2004,6839000,,
OFST.1.F.CP,"GPE: South Asia WB FY24, December 2024",2005,6862000,,
OFST.1.F.CP,"GPE: South Asia WB FY24, December 2024",2006,6891000,,
OFST.1.F.CP,"GPE: South Asia WB FY24, December 2024",2007,6963000,,
OFST.1.F.CP,"GPE: South Asia WB FY24, December 2024",2008,7073000,,
OFST.1.F.CP,"GPE: South Asia WB FY24, December 2024",2009,7190000,,
OFST.1.F.CP,"GPE: South Asia WB FY24, December 2024",2010,7307000,,
OFST.1.F.CP,"GPE: South Asia WB FY24, December 2024",2011,7454000,,
OFST.1.F.CP,"GPE: South Asia WB FY24, December 2024",2012,7606000,,
OFST.1.F.CP,"GPE: South Asia WB FY24, December 2024",2013,7640000,,
OFST.1.F.CP,"GPE: South Asia WB FY24, December 2024",2014,7611000,,
OFST.1.F.CP,"GPE: South Asia WB FY24, December 2024",2015,7469000,,
OFST.1.F.CP,"GPE: South Asia WB FY24, December 2024",2016,7180000,,
OFST.1.F.CP,"GPE: South Asia WB FY24, December 2024",2017,6856000,,
OFST.1.F.CP,"GPE: South Asia WB FY24, December 2024",2018,6564000,,
OFST.1.F.CP,"GPE: South Asia WB FY24, December 2024",2019,6304000,,
OFST.1.F.CP,"GPE: South Asia WB FY24, December 2024",2020,6127000,,
OFST.1.F.CP,"GPE: South Asia WB FY24, December 2024",2021,5997000,,
OFST.1.F.CP,"GPE: South Asia WB FY24, December 2024",2022,6084000,,
OFST.1.F.CP,"GPE: South Asia WB FY24, December 2024",2023,6035000,,
OFST.1.F.CP,"GPE: Sub-Saharan Africa WB FY24, December 2024",2000,23470000,,
OFST.1.F.CP,"GPE: Sub-Saharan Africa WB FY24, December 2024",2001,22760000,,
OFST.1.F.CP,"GPE: Sub-Saharan Africa WB FY24, December 2024",2002,22130000,,
OFST.1.F.CP,"GPE: Sub-Saharan Africa WB FY24, December 2024",2003,21580000,,
OFST.1.F.CP,"GPE: Sub-Saharan Africa WB FY24, December 2024",2004,21060000,,
OFST.1.F.CP,"GPE: Sub-Saharan Africa WB FY24, December 2024",2005,20570000,,
OFST.1.F.CP,"GPE: Sub-Saharan Africa WB FY24, December 2024",2006,20220000,,
OFST.1.F.CP,"GPE: Sub-Saharan Africa WB FY24, December 2024",2007,19970000,,
OFST.1.F.CP,"GPE: Sub-Saharan Africa WB FY24, December 2024",2008,19580000,,
OFST.1.F.CP,"GPE: Sub-Saharan Africa WB FY24, December 2024",2009,19270000,,
OFST.1.F.CP,"GPE: Sub-Saharan Africa WB FY24, December 2024",2010,19070000,,
OFST.1.F.CP,"GPE: Sub-Saharan Africa WB FY24, December 2024",2011,18930000,,
OFST.1.F.CP,"GPE: Sub-Saharan Africa WB FY24, December 2024",2012,18960000,,
OFST.1.F.CP,"GPE: Sub-Saharan Africa WB FY24, December 2024",2013,19160000,,
OFST.1.F.CP,"GPE: Sub-Saharan Africa WB FY24, December 2024",2014,19410000,,
OFST.1.F.CP,"GPE: Sub-Saharan Africa WB FY24, December 2024",2015,19710000,,
OFST.1.F.CP,"GPE: Sub-Saharan Africa WB FY24, December 2024",2016,20060000,,
OFST.1.F.CP,"GPE: Sub-Saharan Africa WB FY24, December 2024",2017,20350000,,
OFST.1.F.CP,"GPE: Sub-Saharan Africa WB FY24, December 2024",2018,20590000,,
OFST.1.F.CP,"GPE: Sub-Saharan Africa WB FY24, December 2024",2019,20760000,,
OFST.1.F.CP,"GPE: Sub-Saharan Africa WB FY24, December 2024",2020,20890000,,
OFST.1.F.CP,"GPE: Sub-Saharan Africa WB FY24, December 2024",2021,21000000,,
OFST.1.F.CP,"GPE: Sub-Saharan Africa WB FY24, December 2024",2022,20980000,,
OFST.1.F.CP,"GPE: Sub-Saharan Africa WB FY24, December 2024",2023,20940000,,
OFST.1.F.CP,"GPE: Upper middle Income WB FY24, December 2024",2000,317600,,
OFST.1.F.CP,"GPE: Upper middle Income WB FY24, December 2024",2001,296700,,
OFST.1.F.CP,"GPE: Upper middle Income WB FY24, December 2024",2002,273200,,
OFST.1.F.CP,"GPE: Upper middle Income WB FY24, December 2024",2003,246700,,
OFST.1.F.CP,"GPE: Upper middle Income WB FY24, December 2024",2004,225500,,
OFST.1.F.CP,"GPE: Upper middle Income WB FY24, December 2024",2005,207600,,
OFST.1.F.CP,"GPE: Upper middle Income WB FY24, December 2024",2006,194900,,
OFST.1.F.CP,"GPE: Upper middle Income WB FY24, December 2024",2007,181400,,
OFST.1.F.CP,"GPE: Upper middle Income WB FY24, December 2024",2008,167000,,
OFST.1.F.CP,"GPE: Upper middle Income WB FY24, December 2024",2009,158400,,
OFST.1.F.CP,"GPE: Upper middle Income WB FY24, December 2024",2010,149300,,
OFST.1.F.CP,"GPE: Upper middle Income WB FY24, December 2024",2011,142400,,
OFST.1.F.CP,"GPE: Upper middle Income WB FY24, December 2024",2012,138500,,
OFST.1.F.CP,"GPE: Upper middle Income WB FY24, December 2024",2013,139500,,
OFST.1.F.CP,"GPE: Upper middle Income WB FY24, December 2024",2014,143900,,
OFST.1.F.CP,"GPE: Upper middle Income WB FY24, December 2024",2015,148300,,
OFST.1.F.CP,"GPE: Upper middle Income WB FY24, December 2024",2016,150800,,
OFST.1.F.CP,"GPE: Upper middle Income WB FY24, December 2024",2017,151900,,
OFST.1.F.CP,"GPE: Upper middle Income WB FY24, December 2024",2018,150500,,
OFST.1.F.CP,"GPE: Upper middle Income WB FY24, December 2024",2019,147000,,
OFST.1.F.CP,"GPE: Upper middle Income WB FY24, December 2024",2020,143200,,
OFST.1.F.CP,"GPE: Upper middle Income WB FY24, December 2024",2021,140100,,
OFST.1.F.CP,"GPE: Upper middle Income WB FY24, December 2024",2022,138100,,
OFST.1.F.CP,"GPE: Upper middle Income WB FY24, December 2024",2023,135600,,
OFST.1.F.CP,GRC,2002,23016,,
OFST.1.F.CP,GRC,2003,15672,,
OFST.1.F.CP,GRC,2004,11507,,
OFST.1.F.CP,GRC,2005,10059,,
OFST.1.F.CP,GRC,2006,11233,,
OFST.1.F.CP,GRC,2007,9312,,
OFST.1.F.CP,GRC,2010,6640,,
OFST.1.F.CP,GRC,2011,6918,,
OFST.1.F.CP,GRC,2012,7619,,
OFST.1.F.CP,GRC,2013,8964,,
OFST.1.F.CP,GRC,2014,10433,,
OFST.1.F.CP,GRC,2015,8717,,
OFST.1.F.CP,GRC,2016,6542,,
OFST.1.F.CP,GRC,2017,7985,,
OFST.1.F.CP,GRC,2018,10701,,
OFST.1.F.CP,GRC,2019,10925,,
OFST.1.F.CP,GRC,2020,12186,,
OFST.1.F.CP,GRC,2021,12106,,
OFST.1.F.CP,GRD,1972,866,,
OFST.1.F.CP,GRD,1977,1344,,
OFST.1.F.CP,GRD,1978,1268,,
OFST.1.F.CP,GRD,1979,1057,,
OFST.1.F.CP,GRD,1980,1016,,
OFST.1.F.CP,GRD,1981,992,,
OFST.1.F.CP,GRD,1982,1098,,
OFST.1.F.CP,GRD,1983,905,,
OFST.1.F.CP,GRD,1984,492,,
OFST.1.F.CP,GRD,2002,84,,
OFST.1.F.CP,GRD,2005,278,UIS_EST,
OFST.1.F.CP,GRD,2014,286,,
OFST.1.F.CP,GRD,2016,262,,
OFST.1.F.CP,GRD,2021,271,,
OFST.1.F.CP,GTM,1970,243402,,
OFST.1.F.CP,GTM,1971,244404,,
OFST.1.F.CP,GTM,1972,247084,,
OFST.1.F.CP,GTM,1974,254166,,
OFST.1.F.CP,GTM,1975,254698,,
OFST.1.F.CP,GTM,1978,248199,,
OFST.1.F.CP,GTM,1981,229992,,
OFST.1.F.CP,GTM,1982,247789,,
OFST.1.F.CP,GTM,1983,234566,,
OFST.1.F.CP,GTM,1997,285486,,
OFST.1.F.CP,GTM,1999,192130,UIS_EST,
OFST.1.F.CP,GTM,2000,170626,,
OFST.1.F.CP,GTM,2001,182199,UIS_EST,
OFST.1.F.CP,GTM,2002,148202,,
OFST.1.F.CP,GTM,2004,102806,UIS_EST,
OFST.1.F.CP,GTM,2005,88110,UIS_EST,
OFST.1.F.CP,GTM,2006,73605,UIS_EST,
OFST.1.F.CP,GTM,2007,61002,,
OFST.1.F.CP,GTM,2008,57952,,
OFST.1.F.CP,GTM,2011,32056,,
OFST.1.F.CP,GTM,2012,64018,,
OFST.1.F.CP,GTM,2013,90488,,
OFST.1.F.CP,GTM,2014,115061,,
OFST.1.F.CP,GTM,2015,123247,,
OFST.1.F.CP,GTM,2016,136320,,
OFST.1.F.CP,GTM,2017,128654,,
OFST.1.F.CP,GTM,2018,115636,,
OFST.1.F.CP,GTM,2019,118948,,
OFST.1.F.CP,GTM,2020,114744,,
OFST.1.F.CP,GTM,2021,99809,,
OFST.1.F.CP,GTM,2022,98881,,
OFST.1.F.CP,GTM,2023,97975,,
OFST.1.F.CP,GTM,2024,98449,,
OFST.1.F.CP,GUF,1996,42,,
OFST.1.F.CP,GUY,1971,8008,,
OFST.1.F.CP,GUY,1972,8142,,
OFST.1.F.CP,GUY,1974,7176,,
OFST.1.F.CP,GUY,1976,8318,,
OFST.1.F.CP,GUY,1977,3892,,
OFST.1.F.CP,GUY,1979,4895,,
OFST.1.F.CP,GUY,1982,6101,,
OFST.1.F.CP,GUY,1991,4436,,
OFST.1.F.CP,GUY,1992,5307,,
OFST.1.F.CP,GUY,1993,5627,,
OFST.1.F.CP,GUY,1995,4693,,
OFST.1.F.CP,GUY,1996,6056,,
OFST.1.F.CP,GUY,2003,5191,,
OFST.1.F.CP,GUY,2008,550,UIS_EST,
OFST.1.F.CP,GUY,2009,2962,UIS_EST,
OFST.1.F.CP,GUY,2020,6645,,
OFST.1.F.CP,GUY,2021,7719,,
OFST.1.F.CP,GUY,2023,8815,,
OFST.1.F.CP,HKG,2001,9705,UIS_EST,
OFST.1.F.CP,HKG,2002,9097,UIS_EST,
OFST.1.F.CP,HKG,2003,6093,UIS_EST,
OFST.1.F.CP,HKG,2004,9201,UIS_EST,
OFST.1.F.CP,HKG,2005,6901,UIS_EST,
OFST.1.F.CP,HKG,2006,4754,UIS_EST,
OFST.1.F.CP,HKG,2007,5014,UIS_EST,
OFST.1.F.CP,HND,1979,70052,,
OFST.1.F.CP,HND,1980,71404,,
OFST.1.F.CP,HND,1982,43878,,
OFST.1.F.CP,HND,1983,38836,,
OFST.1.F.CP,HND,1984,36404,,
OFST.1.F.CP,HND,1986,36094,,
OFST.1.F.CP,HND,1991,57443,,
OFST.1.F.CP,HND,1993,52983,,
OFST.1.F.CP,HND,2000,71917,UIS_EST,
OFST.1.F.CP,HND,2003,52050,UIS_EST,
OFST.1.F.CP,HND,2004,43461,UIS_EST,
OFST.1.F.CP,HND,2005,68893,UIS_EST,
OFST.1.F.CP,HND,2006,46628,UIS_EST,
OFST.1.F.CP,HND,2007,82855,,
OFST.1.F.CP,HND,2008,66580,,
OFST.1.F.CP,HND,2009,79310,,
OFST.1.F.CP,HND,2010,77703,,
OFST.1.F.CP,HND,2011,82788,,
OFST.1.F.CP,HND,2012,99364,,
OFST.1.F.CP,HND,2013,124253,,
OFST.1.F.CP,HND,2014,131046,,
OFST.1.F.CP,HND,2015,135802,,
OFST.1.F.CP,HND,2016,129497,,
OFST.1.F.CP,HND,2017,124529,,
OFST.1.F.CP,HND,2019,121339,,
OFST.1.F.CP,HND,2020,128930,,
OFST.1.F.CP,HND,2021,146795,,
OFST.1.F.CP,HND,2022,140128,,
OFST.1.F.CP,HND,2023,145351,,
OFST.1.F.CP,HND,2024,162426,,
OFST.1.F.CP,HRV,2003,847,,
OFST.1.F.CP,HRV,2009,1781,,
OFST.1.F.CP,HTI,1981,282143,,
OFST.1.F.CP,HTI,1982,270576,,
OFST.1.F.CP,HTI,1983,255659,,
OFST.1.F.CP,HTI,1984,275870,,
OFST.1.F.CP,HTI,1985,259308,,
OFST.1.F.CP,HTI,1986,247946,,
OFST.1.F.CP,HTI,1987,287493,,
OFST.1.F.CP,HTI,1997,257455,,
OFST.1.F.CP,HUN,2000,5182,,
OFST.1.F.CP,HUN,2001,3267,,
OFST.1.F.CP,HUN,2006,540,,
OFST.1.F.CP,HUN,2007,1340,,
OFST.1.F.CP,HUN,2008,2482,,
OFST.1.F.CP,HUN,2009,3664,,
OFST.1.F.CP,HUN,2010,4212,,
OFST.1.F.CP,HUN,2011,4536,,
OFST.1.F.CP,HUN,2012,3070,,
OFST.1.F.CP,HUN,2013,4746,,
OFST.1.F.CP,HUN,2014,6747,,
OFST.1.F.CP,HUN,2015,8206,,
OFST.1.F.CP,HUN,2016,9808,,
OFST.1.F.CP,HUN,2017,9958,,
OFST.1.F.CP,HUN,2018,8764,,
OFST.1.F.CP,HUN,2019,8322,,
OFST.1.F.CP,HUN,2020,7955,,
OFST.1.F.CP,HUN,2021,6890,,
OFST.1.F.CP,HUN,2022,6403,,
OFST.1.F.CP,HUN,2023,3789,,
OFST.1.F.CP,IDN,1971,3197783,,
OFST.1.F.CP,IDN,1972,3219633,,
OFST.1.F.CP,IDN,1974,3683738,,
OFST.1.F.CP,IDN,1975,3286995,,
OFST.1.F.CP,IDN,1976,3036725,,
OFST.1.F.CP,IDN,1978,2175598,,
OFST.1.F.CP,IDN,1981,1702817,,
OFST.1.F.CP,IDN,1987,367308,,
OFST.1.F.CP,IDN,1989,464999,,
OFST.1.F.CP,IDN,1990,684131,,
OFST.1.F.CP,IDN,1991,814758,,
OFST.1.F.CP,IDN,1992,914286,,
OFST.1.F.CP,IDN,1993,971773,,
OFST.1.F.CP,IDN,1994,829155,,
OFST.1.F.CP,IDN,1995,811363,,
OFST.1.F.CP,IDN,1996,858949,,
OFST.1.F.CP,IDN,1997,876927,,
OFST.1.F.CP,IDN,2001,485247,,
OFST.1.F.CP,IDN,2002,490105,,
OFST.1.F.CP,IDN,2003,564382,,
OFST.1.F.CP,IDN,2004,674155,,
OFST.1.F.CP,IDN,2005,853624,UIS_EST,
OFST.1.F.CP,IDN,2006,651331,,
OFST.1.F.CP,IDN,2007,432986,,
OFST.1.F.CP,IDN,2008,399442,,
OFST.1.F.CP,IDN,2009,237257,NAT_EST,
OFST.1.F.CP,IDN,2013,218927,,
OFST.1.F.CP,IDN,2014,585629,UIS_EST,
OFST.1.F.CP,IDN,2016,1164854,,
OFST.1.F.CP,IDN,2017,1202305,,
OFST.1.F.CP,IDN,2018,1329649.75,,
OFST.1.F.CP,IND,2000,11067280,UIS_EST,
OFST.1.F.CP,IND,2001,11708128,UIS_EST,
OFST.1.F.CP,IND,2002,11564045,UIS_EST,
OFST.1.F.CP,IND,2003,6027676,UIS_EST,
OFST.1.F.CP,IND,2008,15573,UIS_EST,
OFST.1.F.CP,IND,2009,524536,,
OFST.1.F.CP,IND,2010,323812,,
OFST.1.F.CP,IND,2011,1434953,,
OFST.1.F.CP,IND,2012,680442,UIS_EST,
OFST.1.F.CP,IND,2016,1490636,,
OFST.1.F.CP,IND,2017,2732804,,
OFST.1.F.CP,IND,2018,3089291,,
OFST.1.F.CP,IND,2019,3676609,,
OFST.1.F.CP,IND,2020,1611999,,
OFST.1.F.CP,IND,2021,671480.1232979298,,
OFST.1.F.CP,IND,2023,381512.6639451012,,
OFST.1.F.CP,IRL,2001,17,,
OFST.1.F.CP,IRN,1984,732433,,
OFST.1.F.CP,IRN,1985,742716,,
OFST.1.F.CP,IRN,1986,760151,,
OFST.1.F.CP,IRN,1987,820679,,
OFST.1.F.CP,IRN,1988,817184,,
OFST.1.F.CP,IRN,1989,846117,,
OFST.1.F.CP,IRN,1990,690660,,
OFST.1.F.CP,IRN,1992,577633,,
OFST.1.F.CP,IRN,1997,629689,,
OFST.1.F.CP,IRN,1999,854793,UIS_EST,
OFST.1.F.CP,IRN,2000,785520,UIS_EST,
OFST.1.F.CP,IRN,2002,202050,UIS_EST,
OFST.1.F.CP,IRN,2006,43160,UIS_EST,
OFST.1.F.CP,IRN,2007,120692,UIS_EST,
OFST.1.F.CP,IRN,2009,107473,,
OFST.1.F.CP,IRN,2010,128603,,
OFST.1.F.CP,IRN,2011,112094,,
OFST.1.F.CP,IRN,2012,98146,NAT_EST,
OFST.1.F.CP,IRN,2014,126655,,
OFST.1.F.CP,IRN,2015,128641,,
OFST.1.F.CP,IRN,2016,125142,,
OFST.1.F.CP,IRN,2017,97582,,
OFST.1.F.CP,IRN,2019,54607,UIS_EST,
OFST.1.F.CP,IRN,2020,60444,,
OFST.1.F.CP,IRQ,1971,508955,,
OFST.1.F.CP,IRQ,1972,543623,,
OFST.1.F.CP,IRQ,1973,571389,,
OFST.1.F.CP,IRQ,1974,584812,,
OFST.1.F.CP,IRQ,1975,566731,,
OFST.1.F.CP,IRQ,1976,508778,,
OFST.1.F.CP,IRQ,1977,474197,,
OFST.1.F.CP,IRQ,1978,447427,,
OFST.1.F.CP,IRQ,1980,143093,,
OFST.1.F.CP,IRQ,1981,153956,,
OFST.1.F.CP,IRQ,1983,224595,,
OFST.1.F.CP,IRQ,1985,273299,,
OFST.1.F.CP,IRQ,1986,252755,,
OFST.1.F.CP,IRQ,1987,240031,,
OFST.1.F.CP,IRQ,1988,209439,,
OFST.1.F.CP,IRQ,1989,248762,,
OFST.1.F.CP,IRQ,1993,390381,,
OFST.1.F.CP,IRQ,1996,534933,,
OFST.1.F.CP,IRQ,1999,421112,,
OFST.1.F.CP,IRQ,2000,478300,,
OFST.1.F.CP,IRQ,2003,435976,UIS_EST,
OFST.1.F.CP,IRQ,2004,467212,,
OFST.1.F.CP,IRQ,2007,381552,UIS_EST,
OFST.1.F.CP,ISL,2000,248,,
OFST.1.F.CP,ISL,2002,293,,
OFST.1.F.CP,ISL,2003,263,,
OFST.1.F.CP,ISL,2004,243,,
OFST.1.F.CP,ISL,2005,251,,
OFST.1.F.CP,ISL,2006,285,,
OFST.1.F.CP,ISL,2007,223,,
OFST.1.F.CP,ISL,2008,240,,
OFST.1.F.CP,ISL,2009,243,,
OFST.1.F.CP,ISL,2010,177,,
OFST.1.F.CP,ISL,2011,195,,
OFST.1.F.CP,ISL,2012,171,,
OFST.1.F.CP,ISL,2013,183,,
OFST.1.F.CP,ISL,2014,182,,
OFST.1.F.CP,ISL,2015,162,,
OFST.1.F.CP,ISL,2016,140,,
OFST.1.F.CP,ISL,2017,159,,
OFST.1.F.CP,ISL,2018,195,,
OFST.1.F.CP,ISL,2019,174,,
OFST.1.F.CP,ISL,2020,235,,
OFST.1.F.CP,ISL,2021,221,,
OFST.1.F.CP,ISL,2022,257,,
OFST.1.F.CP,ISL,2023,284,,
OFST.1.F.CP,ISR,2000,11645,,
OFST.1.F.CP,ISR,2001,14170,,
OFST.1.F.CP,ISR,2002,13982,,
OFST.1.F.CP,ISR,2003,16535,,
OFST.1.F.CP,ISR,2004,15642,,
OFST.1.F.CP,ISR,2005,16764,,
OFST.1.F.CP,ISR,2006,16491,,
OFST.1.F.CP,ISR,2007,16260,,
OFST.1.F.CP,ISR,2008,16522,,
OFST.1.F.CP,ISR,2009,9100,,
OFST.1.F.CP,ISR,2010,8362,,
OFST.1.F.CP,ISR,2011,7615,,
OFST.1.F.CP,ISR,2012,7345,,
OFST.1.F.CP,ISR,2013,8769,,
OFST.1.F.CP,ISR,2014,10426,,
OFST.1.F.CP,ISR,2015,11751,,
OFST.1.F.CP,ISR,2016,11440,,
OFST.1.F.CP,ISR,2017,14613,,
OFST.1.F.CP,ISR,2018,15948,,
OFST.1.F.CP,ISR,2019,17272,,
OFST.1.F.CP,ISR,2020,17892,,
OFST.1.F.CP,ISR,2021,17583,,
OFST.1.F.CP,ISR,2022,17822,,
OFST.1.F.CP,ISR,2023,19239,,
OFST.1.F.CP,ITA,2012,5985,,
OFST.1.F.CP,ITA,2013,11843,,
OFST.1.F.CP,ITA,2014,17075,,
OFST.1.F.CP,ITA,2015,21058,,
OFST.1.F.CP,ITA,2016,23721,,
OFST.1.F.CP,ITA,2017,24164,,
OFST.1.F.CP,ITA,2018,23481,,
OFST.1.F.CP,ITA,2019,23460,,
OFST.1.F.CP,ITA,2020,21179,,
OFST.1.F.CP,ITA,2021,27996,,
OFST.1.F.CP,ITA,2022,32597,,
OFST.1.F.CP,ITA,2023,26661,,
OFST.1.F.CP,JAM,1976,2401,,
OFST.1.F.CP,JAM,1977,2796,,
OFST.1.F.CP,JAM,1980,621,,
OFST.1.F.CP,JAM,1981,2864,,
OFST.1.F.CP,JAM,1983,938,,
OFST.1.F.CP,JAM,1984,3845,,
OFST.1.F.CP,JAM,1985,6478,,
OFST.1.F.CP,JAM,1986,7157,,
OFST.1.F.CP,JAM,1987,7687,,
OFST.1.F.CP,JAM,1988,11813,,
OFST.1.F.CP,JAM,1989,5211,,
OFST.1.F.CP,JAM,1990,6207,,
OFST.1.F.CP,JAM,1991,7842,,
OFST.1.F.CP,JAM,1993,15116,,
OFST.1.F.CP,JAM,1999,19758,UIS_EST,
OFST.1.F.CP,JAM,2000,18724,UIS_EST,
OFST.1.F.CP,JAM,2001,19531,UIS_EST,
OFST.1.F.CP,JAM,2002,21599,,
OFST.1.F.CP,JAM,2003,23186,UIS_EST,
OFST.1.F.CP,JAM,2004,18042,,
OFST.1.F.CP,JAM,2005,17974,UIS_EST,
OFST.1.F.CP,JAM,2013,13097,,
OFST.1.F.CP,JAM,2014,14827,,
OFST.1.F.CP,JAM,2015,9530,,
OFST.1.F.CP,JAM,2016,14423,,
OFST.1.F.CP,JAM,2017,13666.2246,,
OFST.1.F.CP,JAM,2018,12408,,
OFST.1.F.CP,JAM,2019,11026,,
OFST.1.F.CP,JAM,2020,13967,UIS_EST,
OFST.1.F.CP,JAM,2021,17799,,
OFST.1.F.CP,JAM,2022,8591,,
OFST.1.F.CP,JAM,2023,13101,,
OFST.1.F.CP,JOR,2002,35687,,
OFST.1.F.CP,JOR,2003,28433,,
OFST.1.F.CP,JOR,2004,22644,,
OFST.1.F.CP,JOR,2005,23910,,
OFST.1.F.CP,JOR,2006,25250,,
OFST.1.F.CP,JOR,2007,32830,,
OFST.1.F.CP,JOR,2008,45452,,
OFST.1.F.CP,JOR,2010,52114,,
OFST.1.F.CP,JOR,2011,49436,,
OFST.1.F.CP,JOR,2012,48865,,
OFST.1.F.CP,JOR,2013,31346,,
OFST.1.F.CP,JOR,2016,19459,,
OFST.1.F.CP,JOR,2017,12516,,
OFST.1.F.CP,JOR,2018,11773,,
OFST.1.F.CP,JOR,2019,12053,,
OFST.1.F.CP,JOR,2020,10821,,
OFST.1.F.CP,JOR,2021,16133,,
OFST.1.F.CP,JOR,2022,12195,,
OFST.1.F.CP,JOR,2023,12698,,
OFST.1.F.CP,JOR,2024,9045,,
OFST.1.F.CP,KAZ,2000,35010,UIS_EST,
OFST.1.F.CP,KAZ,2006,18293,,
OFST.1.F.CP,KAZ,2007,23481,UIS_EST,
OFST.1.F.CP,KAZ,2008,27382,UIS_EST,
OFST.1.F.CP,KAZ,2009,33245,UIS_EST,
OFST.1.F.CP,KAZ,2010,38037,,
OFST.1.F.CP,KAZ,2011,36825,,
OFST.1.F.CP,KAZ,2012,39428,,
OFST.1.F.CP,KAZ,2013,44775,,
OFST.1.F.CP,KAZ,2014,49522,,
OFST.1.F.CP,KAZ,2015,52529,,
OFST.1.F.CP,KAZ,2016,56013,,
OFST.1.F.CP,KAZ,2017,36241,,
OFST.1.F.CP,KAZ,2018,31004,,
OFST.1.F.CP,KAZ,2019,24580,,
OFST.1.F.CP,KAZ,2020,82381,,
OFST.1.F.CP,KAZ,2021,87273,,
OFST.1.F.CP,KAZ,2022,83263,,
OFST.1.F.CP,KAZ,2023,52454,,
OFST.1.F.CP,KAZ,2024,57027,,
OFST.1.F.CP,KEN,1999,977167,UIS_EST,
OFST.1.F.CP,KEN,2000,914802,UIS_EST,
OFST.1.F.CP,KEN,2001,727493,UIS_EST,
OFST.1.F.CP,KEN,2002,892295,,
OFST.1.F.CP,KEN,2003,440350,,
OFST.1.F.CP,KEN,2004,476036,,
OFST.1.F.CP,KEN,2005,445904,,
OFST.1.F.CP,KEN,2006,470827,,
OFST.1.F.CP,KEN,2007,189633,UIS_EST,
OFST.1.F.CP,KEN,2008,314725,UIS_EST,
OFST.1.F.CP,KEN,2009,283464,UIS_EST,
OFST.1.F.CP,KEN,2012,570833,UIS_EST,
OFST.1.F.CP,KEN,2021,1397657,,
OFST.1.F.CP,KEN,2022,1303452,,
OFST.1.F.CP,KEN,2023,17499,,
OFST.1.F.CP,KGZ,1996,44254,,
OFST.1.F.CP,KGZ,1999,26724,UIS_EST,
OFST.1.F.CP,KGZ,2000,29883,UIS_EST,
OFST.1.F.CP,KGZ,2001,30593,UIS_EST,
OFST.1.F.CP,KGZ,2002,31511,UIS_EST,
OFST.1.F.CP,KGZ,2003,32778,UIS_EST,
OFST.1.F.CP,KGZ,2004,19896,UIS_EST,
OFST.1.F.CP,KGZ,2005,24644,,
OFST.1.F.CP,KGZ,2006,21056,,
OFST.1.F.CP,KGZ,2007,18347,,
OFST.1.F.CP,KGZ,2008,15983,UIS_EST,
OFST.1.F.CP,KGZ,2009,13604,,
OFST.1.F.CP,KGZ,2010,11122,,
OFST.1.F.CP,KGZ,2011,12257,,
OFST.1.F.CP,KGZ,2012,12370,,
OFST.1.F.CP,KGZ,2013,12440,,
OFST.1.F.CP,KGZ,2014,10663,,
OFST.1.F.CP,KGZ,2015,12203,,
OFST.1.F.CP,KGZ,2016,7523,,
OFST.1.F.CP,KGZ,2017,7222,,
OFST.1.F.CP,KGZ,2018,6507,,
OFST.1.F.CP,KGZ,2019,8498,,
OFST.1.F.CP,KGZ,2020,14430,,
OFST.1.F.CP,KGZ,2021,11363,,
OFST.1.F.CP,KGZ,2022,9887,,
OFST.1.F.CP,KGZ,2024,9013,,
OFST.1.F.CP,KHM,1997,207287,,
OFST.1.F.CP,KHM,1998,241830,,
OFST.1.F.CP,KHM,1999,223133,,
OFST.1.F.CP,KHM,2000,171099,,
OFST.1.F.CP,KHM,2003,65790,,
OFST.1.F.CP,KHM,2006,57770,NAT_EST,
OFST.1.F.CP,KHM,2007,54945,,
OFST.1.F.CP,KHM,2008,57441,,
OFST.1.F.CP,KHM,2010,62141,,
OFST.1.F.CP,KHM,2012,35178,,
OFST.1.F.CP,KHM,2014,83645,,
OFST.1.F.CP,KHM,2015,62580,UIS_EST,
OFST.1.F.CP,KHM,2016,97285,,
OFST.1.F.CP,KHM,2017,116767,,
OFST.1.F.CP,KHM,2018,111501,,
OFST.1.F.CP,KHM,2019,94591,,
OFST.1.F.CP,KHM,2020,97920,,
OFST.1.F.CP,KHM,2021,108395.9812011719,,
OFST.1.F.CP,KHM,2022,149082.0003662109,,
OFST.1.F.CP,KHM,2023,84300.8250935406,,
OFST.1.F.CP,KHM,2024,46902.0029296875,,
OFST.1.F.CP,KIR,1979,368,,
OFST.1.F.CP,KIR,1981,204,,
OFST.1.F.CP,KIR,1982,78,,
OFST.1.F.CP,KIR,1983,135,,
OFST.1.F.CP,KIR,1984,176,,
OFST.1.F.CP,KIR,1985,88,,
OFST.1.F.CP,KIR,1986,35,,
OFST.1.F.CP,KIR,1987,204,,
OFST.1.F.CP,KIR,1989,72,,
OFST.1.F.CP,KIR,1993,13,,
OFST.1.F.CP,KIR,2022,509,,
OFST.1.F.CP,KIR,2023,925,,
OFST.1.F.CP,KIR,2024,959,,
OFST.1.F.CP,KNA,1985,439,,
OFST.1.F.CP,KNA,1986,235,,
OFST.1.F.CP,KOR,2000,35990,UIS_EST,
OFST.1.F.CP,KOR,2001,37396,UIS_EST,
OFST.1.F.CP,KOR,2002,33011,UIS_EST,
OFST.1.F.CP,KOR,2003,18131,UIS_EST,
OFST.1.F.CP,KOR,2004,23830,UIS_EST,
OFST.1.F.CP,KOR,2005,9161,UIS_EST,
OFST.1.F.CP,KOR,2006,5998,UIS_EST,
OFST.1.F.CP,KOR,2007,1426,UIS_EST,
OFST.1.F.CP,KOR,2009,19242,UIS_EST,
OFST.1.F.CP,KOR,2011,15407,,
OFST.1.F.CP,KOR,2012,18378,,
OFST.1.F.CP,KOR,2013,33024,,
OFST.1.F.CP,KOR,2014,40553,,
OFST.1.F.CP,KOR,2015,2483,,
OFST.1.F.CP,KOR,2016,9493,,
OFST.1.F.CP,KOR,2017,25681,,
OFST.1.F.CP,KOR,2018,25299,,
OFST.1.F.CP,KOR,2019,12669,,
OFST.1.F.CP,KOR,2020,19204,,
OFST.1.F.CP,KOR,2021,21316,,
OFST.1.F.CP,KOR,2022,15928,,
OFST.1.F.CP,KWT,1971,22707,,
OFST.1.F.CP,KWT,1972,21314,,
OFST.1.F.CP,KWT,1973,20490,,
OFST.1.F.CP,KWT,1974,21108,,
OFST.1.F.CP,KWT,1975,21037,,
OFST.1.F.CP,KWT,1976,19981,,
OFST.1.F.CP,KWT,1977,17186,,
OFST.1.F.CP,KWT,1978,14295,,
OFST.1.F.CP,KWT,1979,16506,,
OFST.1.F.CP,KWT,1980,16649,,
OFST.1.F.CP,KWT,1981,17363,,
OFST.1.F.CP,KWT,1982,18151,,
OFST.1.F.CP,KWT,1983,17683,,
OFST.1.F.CP,KWT,1984,18370,,
OFST.1.F.CP,KWT,1985,19962,,
OFST.1.F.CP,KWT,1986,20300,,
OFST.1.F.CP,KWT,1987,25620,,
OFST.1.F.CP,KWT,1988,27300,,
OFST.1.F.CP,KWT,1992,31599,,
OFST.1.F.CP,KWT,1994,21460,,
OFST.1.F.CP,KWT,1996,20605,,
OFST.1.F.CP,KWT,1997,22307,,
OFST.1.F.CP,KWT,1998,13367,,
OFST.1.F.CP,KWT,1999,13362,,
OFST.1.F.CP,KWT,2000,10836,UIS_EST,
OFST.1.F.CP,KWT,2001,6803,UIS_EST,
OFST.1.F.CP,KWT,2002,3655,,
OFST.1.F.CP,KWT,2005,1665,,
OFST.1.F.CP,KWT,2013,98,,
OFST.1.F.CP,KWT,2016,2740,,
OFST.1.F.CP,LAO,1992,146387,,
OFST.1.F.CP,LAO,1993,137542,,
OFST.1.F.CP,LAO,1994,130093,,
OFST.1.F.CP,LAO,1996,126732,,
OFST.1.F.CP,LAO,1997,120566,,
OFST.1.F.CP,LAO,1998,111882,,
OFST.1.F.CP,LAO,1999,110902,,
OFST.1.F.CP,LAO,2000,110358,,
OFST.1.F.CP,LAO,2001,114022,,
OFST.1.F.CP,LAO,2002,109723,,
OFST.1.F.CP,LAO,2003,99559,,
OFST.1.F.CP,LAO,2004,95959,,
OFST.1.F.CP,LAO,2005,92044,,
OFST.1.F.CP,LAO,2006,89690,,
OFST.1.F.CP,LAO,2007,77835,,
OFST.1.F.CP,LAO,2008,66964,,
OFST.1.F.CP,LAO,2009,55501,,
OFST.1.F.CP,LAO,2010,37482,,
OFST.1.F.CP,LAO,2011,34750,,
OFST.1.F.CP,LAO,2012,32607,,
OFST.1.F.CP,LAO,2013,22742,,
OFST.1.F.CP,LAO,2014,18532,,
OFST.1.F.CP,LAO,2015,21040,,
OFST.1.F.CP,LAO,2016,23607,,
OFST.1.F.CP,LAO,2017,26684,,
OFST.1.F.CP,LAO,2018,28985,,
OFST.1.F.CP,LAO,2019,28420,,
OFST.1.F.CP,LAO,2020,28641,,
OFST.1.F.CP,LAO,2021,28948,,
OFST.1.F.CP,LAO,2022,37289,,
OFST.1.F.CP,LAO,2023,37585,,
OFST.1.F.CP,LAO,2024,40714,,
OFST.1.F.CP,LBN,1974,16996,,
OFST.1.F.CP,LBN,1997,105563,,
OFST.1.F.CP,LBN,1998,71914,,
OFST.1.F.CP,LBN,1999,62291,UIS_EST,
OFST.1.F.CP,LBN,2000,56413,UIS_EST,
OFST.1.F.CP,LBN,2001,66174,UIS_EST,
OFST.1.F.CP,LBN,2002,62801,UIS_EST,
OFST.1.F.CP,LBN,2003,57663,UIS_EST,
OFST.1.F.CP,LBN,2004,52834,UIS_EST,
OFST.1.F.CP,LBN,2005,53167,UIS_EST,
OFST.1.F.CP,LBN,2006,56042,,
OFST.1.F.CP,LBN,2007,57625,,
OFST.1.F.CP,LBN,2008,62701,NAT_EST,
OFST.1.F.CP,LBN,2009,66098,,
OFST.1.F.CP,LBN,2010,64891,,
OFST.1.F.CP,LBN,2011,62215,,
OFST.1.F.CP,LBN,2012,58507,,
OFST.1.F.CP,LBN,2013,53979,,
OFST.1.F.CP,LBN,2014,80648,,
OFST.1.F.CP,LBN,2015,93791,,
OFST.1.F.CP,LBN,2016,83039,,
OFST.1.F.CP,LBN,2017,78239,,
OFST.1.F.CP,LBN,2018,81341,,
OFST.1.F.CP,LBN,2019,84944,,
OFST.1.F.CP,LBN,2020,89194,,
OFST.1.F.CP,LBN,2021,94009,,
OFST.1.F.CP,LBN,2022,91309,,
OFST.1.F.CP,LBN,2023,84464,,
OFST.1.F.CP,LBN,2024,71222,,
OFST.1.F.CP,LBR,1999,135529,,
OFST.1.F.CP,LBR,2008,185912,UIS_EST,
OFST.1.F.CP,LBR,2011,22302,,
OFST.1.F.CP,LBR,2014,235861,,
OFST.1.F.CP,LBR,2015,63307,,
OFST.1.F.CP,LBR,2016,80020,,
OFST.1.F.CP,LBR,2017,105378,,
OFST.1.F.CP,LBR,2020,125014,,
OFST.1.F.CP,LBR,2021,148480,,
OFST.1.F.CP,LBR,2022,157569,,
OFST.1.F.CP,LBY,1971,94632,,
OFST.1.F.CP,LBY,1972,79449,,
OFST.1.F.CP,LBY,1973,64046,,
OFST.1.F.CP,LBY,1974,45350,,
OFST.1.F.CP,LBY,1975,39056,,
OFST.1.F.CP,LBY,1976,25459,,
OFST.1.F.CP,LBY,1977,24479,,
OFST.1.F.CP,LBY,1978,26513,,
OFST.1.F.CP,LBY,1981,28450,,
OFST.1.F.CP,LBY,1983,16378,,
OFST.1.F.CP,LCA,1981,156,,
OFST.1.F.CP,LCA,1982,285,,
OFST.1.F.CP,LCA,1990,1283,,
OFST.1.F.CP,LCA,2000,1079,UIS_EST,
OFST.1.F.CP,LCA,2001,946,UIS_EST,
OFST.1.F.CP,LCA,2002,13,UIS_EST,
OFST.1.F.CP,LCA,2003,118,,
OFST.1.F.CP,LCA,2004,660,UIS_EST,
OFST.1.F.CP,LCA,2005,970,,
OFST.1.F.CP,LCA,2006,762,UIS_EST,
OFST.1.F.CP,LCA,2007,748,,
OFST.1.F.CP,LCA,2008,571,,
OFST.1.F.CP,LCA,2009,332,,
OFST.1.F.CP,LCA,2010,467,,
OFST.1.F.CP,LCA,2011,509,,
OFST.1.F.CP,LCA,2012,585,,
OFST.1.F.CP,LCA,2013,620,,
OFST.1.F.CP,LCA,2014,654,,
OFST.1.F.CP,LCA,2015,556,,
OFST.1.F.CP,LCA,2016,632,,
OFST.1.F.CP,LCA,2017,481,,
OFST.1.F.CP,LCA,2018,383,,
OFST.1.F.CP,LCA,2019,271,,
OFST.1.F.CP,LCA,2020,200,,
OFST.1.F.CP,LCA,2023,138,,
OFST.1.F.CP,LCA,2024,466,,
OFST.1.F.CP,LIE,2014,17,,
OFST.1.F.CP,LKA,2001,25083,,
OFST.1.F.CP,LKA,2002,35547,,
OFST.1.F.CP,LKA,2003,48915,,
OFST.1.F.CP,LKA,2004,41495,,
OFST.1.F.CP,LKA,2005,67837,,
OFST.1.F.CP,LKA,2006,67815,,
OFST.1.F.CP,LKA,2007,65221,UIS_EST,
OFST.1.F.CP,LKA,2008,64782,,
OFST.1.F.CP,LKA,2009,77241,,
OFST.1.F.CP,LKA,2010,61863,,
OFST.1.F.CP,LKA,2011,64928,,
OFST.1.F.CP,LKA,2012,68556,,
OFST.1.F.CP,LKA,2013,63482,,
OFST.1.F.CP,LKA,2014,59949,,
OFST.1.F.CP,LKA,2015,39227,,
OFST.1.F.CP,LKA,2016,38181,,
OFST.1.F.CP,LKA,2017,39506,,
OFST.1.F.CP,LKA,2018,42310,,
OFST.1.F.CP,LKA,2022,58361.30146484391,,
OFST.1.F.CP,LKA,2023,72506.00109863281,,
OFST.1.F.CP,LSO,1970,24197,,
OFST.1.F.CP,LSO,1972,29910,,
OFST.1.F.CP,LSO,1973,30701,,
OFST.1.F.CP,LSO,1974,21620,,
OFST.1.F.CP,LSO,1976,21353,,
OFST.1.F.CP,LSO,1977,19527,,
OFST.1.F.CP,LSO,1978,28962,,
OFST.1.F.CP,LSO,1979,27837,,
OFST.1.F.CP,LSO,1980,29741,,
OFST.1.F.CP,LSO,1981,32044,,
OFST.1.F.CP,LSO,1982,28661,,
OFST.1.F.CP,LSO,1983,32403,,
OFST.1.F.CP,LSO,1984,34053,,
OFST.1.F.CP,LSO,1985,34099,,
OFST.1.F.CP,LSO,1986,37906,,
OFST.1.F.CP,LSO,1987,31289,,
OFST.1.F.CP,LSO,1988,32792,,
OFST.1.F.CP,LSO,1989,37375,,
OFST.1.F.CP,LSO,1990,42568,,
OFST.1.F.CP,LSO,1991,42882,,
OFST.1.F.CP,LSO,1992,45628,,
OFST.1.F.CP,LSO,1993,53060,,
OFST.1.F.CP,LSO,1994,55268,,
OFST.1.F.CP,LSO,1995,61425,,
OFST.1.F.CP,LSO,1996,62354,,
OFST.1.F.CP,LSO,1998,77186,,
OFST.1.F.CP,LSO,1999,81957,,
OFST.1.F.CP,LSO,2000,42791,,
OFST.1.F.CP,LSO,2001,37310,,
OFST.1.F.CP,LSO,2002,31868,,
OFST.1.F.CP,LSO,2003,26964,,
OFST.1.F.CP,LSO,2004,27534,,
OFST.1.F.CP,LSO,2005,24504,,
OFST.1.F.CP,LSO,2006,19818,,
OFST.1.F.CP,LSO,2007,23455,,
OFST.1.F.CP,LSO,2008,21782,,
OFST.1.F.CP,LSO,2009,22545,,
OFST.1.F.CP,LSO,2010,22362,,
OFST.1.F.CP,LSO,2011,22502,,
OFST.1.F.CP,LSO,2012,22256,,
OFST.1.F.CP,LSO,2013,21735,,
OFST.1.F.CP,LSO,2014,24633,,
OFST.1.F.CP,LSO,2015,26521,,
OFST.1.F.CP,LSO,2016,25770,,
OFST.1.F.CP,LSO,2017,24148,,
OFST.1.F.CP,LSO,2018,33501,,
OFST.1.F.CP,LSO,2019,35589,,
OFST.1.F.CP,LSO,2020,43338,,
OFST.1.F.CP,LSO,2021,55099,,
OFST.1.F.CP,LSO,2022,54487,,
OFST.1.F.CP,LSO,2023,57586,,
OFST.1.F.CP,LSO,2024,60997,,
OFST.1.F.CP,LTU,2003,155,,
OFST.1.F.CP,LTU,2021,610,,
OFST.1.F.CP,LUX,2000,556,,
OFST.1.F.CP,LUX,2001,477,,
OFST.1.F.CP,LUX,2002,419,,
OFST.1.F.CP,LUX,2003,694,UIS_EST,
OFST.1.F.CP,LUX,2004,778,UIS_EST,
OFST.1.F.CP,LUX,2005,403,,
OFST.1.F.CP,LUX,2006,524,,
OFST.1.F.CP,LUX,2007,470,,
OFST.1.F.CP,LUX,2008,491,,
OFST.1.F.CP,LUX,2010,540,,
OFST.1.F.CP,LUX,2011,754,,
OFST.1.F.CP,LUX,2012,274,,
OFST.1.F.CP,LUX,2013,380,,
OFST.1.F.CP,LUX,2014,520,,
OFST.1.F.CP,LUX,2015,419,,
OFST.1.F.CP,LUX,2016,405,,
OFST.1.F.CP,LUX,2017,571,,
OFST.1.F.CP,LUX,2018,536,,
OFST.1.F.CP,LUX,2019,321,,
OFST.1.F.CP,LUX,2020,327,,
OFST.1.F.CP,LUX,2021,361,,
OFST.1.F.CP,LUX,2022,35,,
OFST.1.F.CP,LUX,2023,85,,
OFST.1.F.CP,LVA,2009,449,,
OFST.1.F.CP,LVA,2010,429,,
OFST.1.F.CP,LVA,2011,391,,
OFST.1.F.CP,LVA,2012,712,,
OFST.1.F.CP,LVA,2013,893,,
OFST.1.F.CP,LVA,2014,921,,
OFST.1.F.CP,LVA,2015,982,,
OFST.1.F.CP,LVA,2016,814,,
OFST.1.F.CP,LVA,2017,667,,
OFST.1.F.CP,LVA,2018,401,,
OFST.1.F.CP,LVA,2019,472,,
OFST.1.F.CP,LVA,2020,561,,
OFST.1.F.CP,LVA,2021,531,,
OFST.1.F.CP,LVA,2022,620,,
OFST.1.F.CP,LVA,2023,978,,
OFST.1.F.CP,MAC,2001,2514,,
OFST.1.F.CP,MAC,2002,1857,,
OFST.1.F.CP,MAC,2003,1702,,
OFST.1.F.CP,MAC,2004,1612,,
OFST.1.F.CP,MAC,2005,1731,,
OFST.1.F.CP,MAC,2006,1827,,
OFST.1.F.CP,MAC,2007,1646,,
OFST.1.F.CP,MAC,2008,1458,,
OFST.1.F.CP,MAC,2009,1267,,
OFST.1.F.CP,MAC,2010,1097,,
OFST.1.F.CP,MAC,2011,685,,
OFST.1.F.CP,MAC,2012,813,,
OFST.1.F.CP,MAC,2013,671,,
OFST.1.F.CP,MAC,2014,303,,
OFST.1.F.CP,MAC,2015,157,,
OFST.1.F.CP,MAC,2016,89,,
OFST.1.F.CP,MAC,2018,31,,
OFST.1.F.CP,MAC,2019,713,,
OFST.1.F.CP,MAC,2020,1453,,
OFST.1.F.CP,MAC,2021,2201,,
OFST.1.F.CP,MAC,2022,2850,,
OFST.1.F.CP,MAC,2023,2717,,
OFST.1.F.CP,MAC,2024,2169,,
OFST.1.F.CP,MAR,1975,806844,,
OFST.1.F.CP,MAR,1976,786156,,
OFST.1.F.CP,MAR,1977,773921,,
OFST.1.F.CP,MAR,1978,758832,,
OFST.1.F.CP,MAR,1979,750199,,
OFST.1.F.CP,MAR,1980,741086,,
OFST.1.F.CP,MAR,1981,732654,,
OFST.1.F.CP,MAR,1982,746195,,
OFST.1.F.CP,MAR,1983,735479,,
OFST.1.F.CP,MAR,1984,724987,,
OFST.1.F.CP,MAR,1985,750597,,
OFST.1.F.CP,MAR,1986,780566,,
OFST.1.F.CP,MAR,1987,812993,,
OFST.1.F.CP,MAR,1988,840879,,
OFST.1.F.CP,MAR,1989,875655,,
OFST.1.F.CP,MAR,1990,869012,,
OFST.1.F.CP,MAR,1991,1042573,,
OFST.1.F.CP,MAR,1992,1026384,,
OFST.1.F.CP,MAR,1993,976799,,
OFST.1.F.CP,MAR,1994,908455,,
OFST.1.F.CP,MAR,1995,834629,,
OFST.1.F.CP,MAR,1996,779091,,
OFST.1.F.CP,MAR,1997,746364,,
OFST.1.F.CP,MAR,1998,742267,,
OFST.1.F.CP,MAR,1999,560918,UIS_EST,
OFST.1.F.CP,MAR,2000,467750,UIS_EST,
OFST.1.F.CP,MAR,2001,393395,UIS_EST,
OFST.1.F.CP,MAR,2002,312968,,
OFST.1.F.CP,MAR,2003,270352,UIS_EST,
OFST.1.F.CP,MAR,2004,271084,UIS_EST,
OFST.1.F.CP,MAR,2005,257967,,
OFST.1.F.CP,MAR,2006,240448,,
OFST.1.F.CP,MAR,2007,221824,,
OFST.1.F.CP,MAR,2008,218386,,
OFST.1.F.CP,MAR,2009,221157,UIS_EST,
OFST.1.F.CP,MAR,2010,151990,,
OFST.1.F.CP,MAR,2011,122866,,
OFST.1.F.CP,MAR,2012,137239,,
OFST.1.F.CP,MAR,2013,120682,,
OFST.1.F.CP,MAR,2014,144082,,
OFST.1.F.CP,MAR,2015,198357,,
OFST.1.F.CP,MAR,2016,159958,,
OFST.1.F.CP,MAR,2017,143928,,
OFST.1.F.CP,MAR,2018,98346,,
OFST.1.F.CP,MAR,2019,55174,,
OFST.1.F.CP,MDA,2010,6288,,
OFST.1.F.CP,MDA,2011,6093,,
OFST.1.F.CP,MDA,2012,5851,,
OFST.1.F.CP,MDA,2013,5680,,
OFST.1.F.CP,MDG,1972,230697,,
OFST.1.F.CP,MDG,1989,325880,,
OFST.1.F.CP,MDG,1990,340333,,
OFST.1.F.CP,MDG,1995,426854,,
OFST.1.F.CP,MDG,1996,445202,,
OFST.1.F.CP,MDG,1999,412553,,
OFST.1.F.CP,MDG,2000,409876,,
OFST.1.F.CP,MDG,2001,415547,,
OFST.1.F.CP,MDG,2002,429869,,
OFST.1.F.CP,MDG,2003,336590,,
OFST.1.F.CP,MDG,2010,3109,,
OFST.1.F.CP,MDG,2016,13400,,
OFST.1.F.CP,MDG,2018,2301,,
OFST.1.F.CP,MDG,2019,118455,,
OFST.1.F.CP,MDG,2020,78735,,
OFST.1.F.CP,MDV,1997,672,,
OFST.1.F.CP,MDV,1999,73,,
OFST.1.F.CP,MDV,2008,56,,
OFST.1.F.CP,MDV,2010,300,,
OFST.1.F.CP,MDV,2011,40,,
OFST.1.F.CP,MDV,2012,370,,
OFST.1.F.CP,MDV,2013,248,,
OFST.1.F.CP,MDV,2022,166,,
OFST.1.F.CP,MDV,2023,380,,
OFST.1.F.CP,MHL,2002,161,,
OFST.1.F.CP,MHL,2015,241,,
OFST.1.F.CP,MHL,2016,108.9999408721924,,
OFST.1.F.CP,MKD,2003,903,,
OFST.1.F.CP,MKD,2004,611,,
OFST.1.F.CP,MKD,2005,563,,
OFST.1.F.CP,MKD,2006,1399,,
OFST.1.F.CP,MKD,2007,873,,
OFST.1.F.CP,MKD,2008,2331,,
OFST.1.F.CP,MKD,2009,1327,,
OFST.1.F.CP,MKD,2012,1472,UIS_EST,
OFST.1.F.CP,MKD,2013,1936,,
OFST.1.F.CP,MKD,2014,2233,,
OFST.1.F.CP,MKD,2015,1195,,
OFST.1.F.CP,MKD,2017,1415,,
OFST.1.F.CP,MKD,2018,1839,,
OFST.1.F.CP,MKD,2019,3773,,
OFST.1.F.CP,MKD,2020,3665,,
OFST.1.F.CP,MKD,2021,3891,,
OFST.1.F.CP,MKD,2022,1401,,
OFST.1.F.CP,MKD,2023,1869,,
OFST.1.F.CP,MLI,1971,397766,,
OFST.1.F.CP,MLI,1999,619485,UIS_EST,
OFST.1.F.CP,MLI,2002,582239,UIS_EST,
OFST.1.F.CP,MLI,2003,591479,UIS_EST,
OFST.1.F.CP,MLI,2004,580276,,
OFST.1.F.CP,MLI,2005,562521,,
OFST.1.F.CP,MLI,2006,560444,,
OFST.1.F.CP,MLI,2007,555312,,
OFST.1.F.CP,MLI,2009,518014,UIS_EST,
OFST.1.F.CP,MLI,2010,524225,,
OFST.1.F.CP,MLI,2011,532675,,
OFST.1.F.CP,MLI,2012,582086,,
OFST.1.F.CP,MLI,2014,669447,,
OFST.1.F.CP,MLI,2015,735566,,
OFST.1.F.CP,MLI,2016,747816,,
OFST.1.F.CP,MLI,2017,684675,,
OFST.1.F.CP,MLI,2018,745214,,
OFST.1.F.CP,MLI,2023,653474,,
OFST.1.F.CP,MLT,2017,154,,
OFST.1.F.CP,MLT,2018,188,,
OFST.1.F.CP,MLT,2019,377,,
OFST.1.F.CP,MLT,2020,555,,
OFST.1.F.CP,MLT,2021,712,,
OFST.1.F.CP,MLT,2022,941,,
OFST.1.F.CP,MLT,2023,358,,
OFST.1.F.CP,MMR,1971,702485,,
OFST.1.F.CP,MMR,1973,602487,,
OFST.1.F.CP,MMR,1974,751286,,
OFST.1.F.CP,MMR,1978,654430,,
OFST.1.F.CP,MMR,2000,148828,,
OFST.1.F.CP,MMR,2001,136076,,
OFST.1.F.CP,MMR,2002,171756,,
OFST.1.F.CP,MMR,2003,109144,,
OFST.1.F.CP,MMR,2004,116039,,
OFST.1.F.CP,MMR,2005,81873,,
OFST.1.F.CP,MMR,2006,76842,,
OFST.1.F.CP,MMR,2008,6653,,
OFST.1.F.CP,MMR,2009,13676,,
OFST.1.F.CP,MNE,2003,515,UIS_EST,
OFST.1.F.CP,MNE,2005,426,UIS_EST,
OFST.1.F.CP,MNE,2006,885,UIS_EST,
OFST.1.F.CP,MNE,2007,979,UIS_EST,
OFST.1.F.CP,MNE,2008,832,UIS_EST,
OFST.1.F.CP,MNE,2012,59,,
OFST.1.F.CP,MNE,2016,339,,
OFST.1.F.CP,MNG,1995,20521,,
OFST.1.F.CP,MNG,1996,18548,,
OFST.1.F.CP,MNG,1997,23098,,
OFST.1.F.CP,MNG,1998,16769,,
OFST.1.F.CP,MNG,1999,12870,,
OFST.1.F.CP,MNG,2000,8688,,
OFST.1.F.CP,MNG,2001,6066,,
OFST.1.F.CP,MNG,2002,7592,,
OFST.1.F.CP,MNG,2003,16031,,
OFST.1.F.CP,MNG,2004,8984,,
OFST.1.F.CP,MNG,2005,12224,,
OFST.1.F.CP,MNG,2006,6331,,
OFST.1.F.CP,MNG,2007,5650,,
OFST.1.F.CP,MNG,2008,2636,,
OFST.1.F.CP,MNG,2012,2200,UIS_EST,
OFST.1.F.CP,MNG,2013,5979,UIS_EST,
OFST.1.F.CP,MNG,2014,6617,UIS_EST,
OFST.1.F.CP,MNG,2015,6453,UIS_EST,
OFST.1.F.CP,MNG,2016,5401,UIS_EST,
OFST.1.F.CP,MNG,2017,8645,UIS_EST,
OFST.1.F.CP,MNG,2018,6507.998596191406,,
OFST.1.F.CP,MNG,2019,8184.999313354492,,
OFST.1.F.CP,MNG,2020,11322.99938964844,,
OFST.1.F.CP,MNG,2021,13103.99987792969,,
OFST.1.F.CP,MNG,2022,11612.99899291992,,
OFST.1.F.CP,MNG,2023,12854.00061035156,,
OFST.1.F.CP,MNG,2024,15550.00186157227,,
OFST.1.F.CP,MOZ,1973,439141,,
OFST.1.F.CP,MOZ,1979,388137,,
OFST.1.F.CP,MOZ,1981,424976,,
OFST.1.F.CP,MOZ,1982,437203,,
OFST.1.F.CP,MOZ,1983,354905,,
OFST.1.F.CP,MOZ,1985,351133,,
OFST.1.F.CP,MOZ,1986,367804,,
OFST.1.F.CP,MOZ,1987,497396,,
OFST.1.F.CP,MOZ,1989,529209,,
OFST.1.F.CP,MOZ,1991,552837,,
OFST.1.F.CP,MOZ,1992,575395,,
OFST.1.F.CP,MOZ,1993,591390,,
OFST.1.F.CP,MOZ,1994,619269,,
OFST.1.F.CP,MOZ,1995,682938,,
OFST.1.F.CP,MOZ,1998,975066,UIS_EST,
OFST.1.F.CP,MOZ,1999,933013,UIS_EST,
OFST.1.F.CP,MOZ,2000,884757,,
OFST.1.F.CP,MOZ,2001,817041,,
OFST.1.F.CP,MOZ,2002,876913,,
OFST.1.F.CP,MOZ,2004,658623,,
OFST.1.F.CP,MOZ,2005,566182,,
OFST.1.F.CP,MOZ,2006,489633,,
OFST.1.F.CP,MOZ,2007,384523,,
OFST.1.F.CP,MOZ,2008,303944,,
OFST.1.F.CP,MOZ,2009,259409,,
OFST.1.F.CP,MOZ,2010,216916,,
OFST.1.F.CP,MOZ,2011,245951,,
OFST.1.F.CP,MOZ,2012,225833,,
OFST.1.F.CP,MOZ,2013,186258,,
OFST.1.F.CP,MOZ,2014,160821,,
OFST.1.F.CP,MOZ,2016,171609,,
OFST.1.F.CP,MOZ,2017,222299,,
OFST.1.F.CP,MOZ,2018,136850,,
OFST.1.F.CP,MRT,1994,105156,,
OFST.1.F.CP,MRT,1995,96554,,
OFST.1.F.CP,MRT,1996,91009,,
OFST.1.F.CP,MRT,1998,84910,,
OFST.1.F.CP,MRT,1999,87202,,
OFST.1.F.CP,MRT,2000,90748,UIS_EST,
OFST.1.F.CP,MRT,2001,88743,UIS_EST,
OFST.1.F.CP,MRT,2002,91917,UIS_EST,
OFST.1.F.CP,MRT,2003,87349,,
OFST.1.F.CP,MRT,2004,71750,,
OFST.1.F.CP,MRT,2005,74719,,
OFST.1.F.CP,MRT,2006,68363,,
OFST.1.F.CP,MRT,2007,64112,,
OFST.1.F.CP,MRT,2008,70979,UIS_EST,
OFST.1.F.CP,MRT,2009,75246,,
OFST.1.F.CP,MRT,2010,77875,UIS_EST,
OFST.1.F.CP,MRT,2011,80906,,
OFST.1.F.CP,MRT,2012,89034,,
OFST.1.F.CP,MRT,2013,90150,,
OFST.1.F.CP,MRT,2014,88391,,
OFST.1.F.CP,MRT,2015,79158,,
OFST.1.F.CP,MRT,2016,107666,,
OFST.1.F.CP,MRT,2017,96370,,
OFST.1.F.CP,MRT,2018,96815,,
OFST.1.F.CP,MRT,2019,109071,,
OFST.1.F.CP,MRT,2020,88525,,
OFST.1.F.CP,MRT,2024,43009,,
OFST.1.F.CP,MSR,1999,131,,
OFST.1.F.CP,MSR,2000,72,,
OFST.1.F.CP,MTQ,1987,68,,
OFST.1.F.CP,MTQ,1990,708,,
OFST.1.F.CP,MTQ,1992,1676,,
OFST.1.F.CP,MTQ,1993,1717,,
OFST.1.F.CP,MTQ,1996,1391,,
OFST.1.F.CP,MUS,2004,1217,,
OFST.1.F.CP,MUS,2005,974,,
OFST.1.F.CP,MUS,2006,847,,
OFST.1.F.CP,MUS,2007,1005,,
OFST.1.F.CP,MUS,2008,1106,,
OFST.1.F.CP,MUS,2009,1412,,
OFST.1.F.CP,MUS,2010,1192,,
OFST.1.F.CP,MUS,2011,1557,,
OFST.1.F.CP,MUS,2012,3951,,
OFST.1.F.CP,MUS,2013,2731,,
OFST.1.F.CP,MUS,2014,2506,,
OFST.1.F.CP,MUS,2015,2340,,
OFST.1.F.CP,MUS,2016,2024,,
OFST.1.F.CP,MUS,2017,1964,,
OFST.1.F.CP,MUS,2018,894,,
OFST.1.F.CP,MUS,2019,1617,,
OFST.1.F.CP,MUS,2020,1731,,
OFST.1.F.CP,MUS,2021,2294,,
OFST.1.F.CP,MUS,2023,527,,
OFST.1.F.CP,MWI,2007,17443,,
OFST.1.F.CP,MYS,1970,105760,,
OFST.1.F.CP,MYS,1971,90446,,
OFST.1.F.CP,MYS,1972,78996,,
OFST.1.F.CP,MYS,1994,36680,,
OFST.1.F.CP,MYS,1998,43293,,
OFST.1.F.CP,MYS,1999,37854,,
OFST.1.F.CP,MYS,2000,19911,,
OFST.1.F.CP,MYS,2001,54935,,
OFST.1.F.CP,MYS,2002,96057,,
OFST.1.F.CP,MYS,2003,94482,,
OFST.1.F.CP,MYS,2004,51769,,
OFST.1.F.CP,MYS,2005,34147,,
OFST.1.F.CP,MYS,2006,48921,,
OFST.1.F.CP,MYS,2007,40470,,
OFST.1.F.CP,MYS,2008,48908,,
OFST.1.F.CP,MYS,2009,24871,,
OFST.1.F.CP,MYS,2010,55835,,
OFST.1.F.CP,MYS,2011,56339,UIS_EST,
OFST.1.F.CP,MYS,2012,62419,,
OFST.1.F.CP,MYS,2013,64936,,
OFST.1.F.CP,MYS,2014,94986,,
OFST.1.F.CP,MYS,2015,99314,,
OFST.1.F.CP,MYS,2016,106312,,
OFST.1.F.CP,MYS,2017,102305,,
OFST.1.F.CP,MYS,2018,101332,,
OFST.1.F.CP,MYS,2019,150870,,
OFST.1.F.CP,MYS,2020,164351,,
OFST.1.F.CP,MYS,2021,169643,,
OFST.1.F.CP,MYS,2022,180569,,
OFST.1.F.CP,MYS,2023,126620,,
OFST.1.F.CP,MYS,2024,181582,,
OFST.1.F.CP,NAM,1989,13637,,
OFST.1.F.CP,NAM,1990,13645,UIS_EST,
OFST.1.F.CP,NAM,1992,7846,,
OFST.1.F.CP,NAM,1998,11922,,
OFST.1.F.CP,NAM,1999,15398,,
OFST.1.F.CP,NAM,2000,17350,,
OFST.1.F.CP,NAM,2001,18064,,
OFST.1.F.CP,NAM,2002,15989,,
OFST.1.F.CP,NAM,2003,15373,,
OFST.1.F.CP,NAM,2004,17666,,
OFST.1.F.CP,NAM,2005,14067,,
OFST.1.F.CP,NAM,2006,16973,,
OFST.1.F.CP,NAM,2007,9866,,
OFST.1.F.CP,NAM,2008,10219,,
OFST.1.F.CP,NAM,2009,8695,UIS_EST,
OFST.1.F.CP,NAM,2010,7162.999984741211,,
OFST.1.F.CP,NAM,2011,5373.999282836914,,
OFST.1.F.CP,NAM,2012,2299.997772216797,,
OFST.1.F.CP,NCL,1982,947,,
OFST.1.F.CP,NCL,1983,732,,
OFST.1.F.CP,NCL,1984,833,,
OFST.1.F.CP,NCL,1985,1537,,
OFST.1.F.CP,NCL,1986,1518,,
OFST.1.F.CP,NCL,1987,1297,,
OFST.1.F.CP,NCL,1988,493,,
OFST.1.F.CP,NCL,1989,338,,
OFST.1.F.CP,NCL,1990,771,,
OFST.1.F.CP,NCL,1991,709,,
OFST.1.F.CP,NER,1973,376581,,
OFST.1.F.CP,NER,1974,382690,,
OFST.1.F.CP,NER,1986,475776,,
OFST.1.F.CP,NER,1989,526056,,
OFST.1.F.CP,NER,1990,540725,,
OFST.1.F.CP,NER,1991,555230,,
OFST.1.F.CP,NER,1992,581082,,
OFST.1.F.CP,NER,1997,651182,,
OFST.1.F.CP,NER,1998,667979,,
OFST.1.F.CP,NER,1999,676897,,
OFST.1.F.CP,NER,2000,694499,,
OFST.1.F.CP,NER,2001,695863,,
OFST.1.F.CP,NER,2002,698243,,
OFST.1.F.CP,NER,2003,695707,,
OFST.1.F.CP,NER,2004,696678,,
OFST.1.F.CP,NER,2005,723342,,
OFST.1.F.CP,NER,2006,743318,UIS_EST,
OFST.1.F.CP,NER,2007,762865,,
OFST.1.F.CP,NER,2008,751159,UIS_EST,
OFST.1.F.CP,NER,2009,737499,UIS_EST,
OFST.1.F.CP,NER,2010,717347,,
OFST.1.F.CP,NER,2011,684583,,
OFST.1.F.CP,NER,2012,683985,,
OFST.1.F.CP,NER,2013,700811,,
OFST.1.F.CP,NER,2014,731438,,
OFST.1.F.CP,NER,2015,733801,,
OFST.1.F.CP,NER,2016,741060,,
OFST.1.F.CP,NER,2017,708747,,
OFST.1.F.CP,NER,2019,874034,,
OFST.1.F.CP,NER,2021,920614,,
OFST.1.F.CP,NER,2022,933827,,
OFST.1.F.CP,NER,2023,913575,,
OFST.1.F.CP,NER,2024,952357,,
OFST.1.F.CP,NGA,1999,4284941,UIS_EST,
OFST.1.F.CP,NGA,2000,4141145,UIS_EST,
OFST.1.F.CP,NGA,2004,4418511,UIS_EST,
OFST.1.F.CP,NGA,2005,4479248,UIS_EST,
OFST.1.F.CP,NGA,2006,4522116,UIS_EST,
OFST.1.F.CP,NGA,2007,4778606,UIS_EST,
OFST.1.F.CP,NGA,2008,5628678,UIS_EST,
OFST.1.F.CP,NGA,2009,5676764,UIS_EST,
OFST.1.F.CP,NGA,2010,5843903,UIS_EST,
OFST.1.F.CP,NGA,2023,4683208,,
OFST.1.F.CP,NIC,1971,90082,,
OFST.1.F.CP,NIC,1973,95910,,
OFST.1.F.CP,NIC,1980,97037,,
OFST.1.F.CP,NIC,1982,107207,,
OFST.1.F.CP,NIC,1983,108419,,
OFST.1.F.CP,NIC,1984,117578,,
OFST.1.F.CP,NIC,1985,103824,,
OFST.1.F.CP,NIC,1986,111414,,
OFST.1.F.CP,NIC,1987,109928,,
OFST.1.F.CP,NIC,1988,110873,,
OFST.1.F.CP,NIC,1989,119948,,
OFST.1.F.CP,NIC,1990,115420,,
OFST.1.F.CP,NIC,1991,108555,,
OFST.1.F.CP,NIC,1992,95498,,
OFST.1.F.CP,NIC,1993,94502,,
OFST.1.F.CP,NIC,1994,93102,,
OFST.1.F.CP,NIC,1995,101849,,
OFST.1.F.CP,NIC,1999,74074,UIS_EST,
OFST.1.F.CP,NIC,2000,61638,,
OFST.1.F.CP,NIC,2001,46577,,
OFST.1.F.CP,NIC,2002,20069,,
OFST.1.F.CP,NIC,2004,7196,UIS_EST,
OFST.1.F.CP,NIC,2006,13635,,
OFST.1.F.CP,NIC,2007,16039,,
OFST.1.F.CP,NIC,2008,13840,,
OFST.1.F.CP,NIC,2010,17348,,
OFST.1.F.CP,NIC,2023,25719,,
OFST.1.F.CP,NLD,2017,745,,
OFST.1.F.CP,NLD,2018,1015,,
OFST.1.F.CP,NLD,2019,140,,
OFST.1.F.CP,NLD,2020,350,,
OFST.1.F.CP,NLD,2021,366,,
OFST.1.F.CP,NLD,2022,1471,,
OFST.1.F.CP,NLD,2023,1931,,
OFST.1.F.CP,NOR,2000,1277,,
OFST.1.F.CP,NOR,2001,849,,
OFST.1.F.CP,NOR,2002,788,UIS_EST,
OFST.1.F.CP,NOR,2003,1354,,
OFST.1.F.CP,NOR,2004,1015,,
OFST.1.F.CP,NOR,2005,1166,,
OFST.1.F.CP,NOR,2006,831,,
OFST.1.F.CP,NOR,2007,730,,
OFST.1.F.CP,NOR,2008,79,,
OFST.1.F.CP,NOR,2009,361,,
OFST.1.F.CP,NOR,2010,475,,
OFST.1.F.CP,NOR,2011,400,,
OFST.1.F.CP,NOR,2012,180,,
OFST.1.F.CP,NOR,2013,650,,
OFST.1.F.CP,NOR,2014,916,,
OFST.1.F.CP,NOR,2015,1156,,
OFST.1.F.CP,NOR,2016,1421,,
OFST.1.F.CP,NOR,2017,1438,,
OFST.1.F.CP,NOR,2018,1693,,
OFST.1.F.CP,NOR,2019,1817,,
OFST.1.F.CP,NOR,2020,2156,,
OFST.1.F.CP,NOR,2021,1890,,
OFST.1.F.CP,NOR,2022,2077,,
OFST.1.F.CP,NOR,2023,3033,,
OFST.1.F.CP,NPL,1983,692486,,
OFST.1.F.CP,NPL,1984,686253,,
OFST.1.F.CP,NPL,1988,679927,,
OFST.1.F.CP,NPL,1999,710322,NAT_EST,
OFST.1.F.CP,NPL,2000,626504,UIS_EST,
OFST.1.F.CP,NPL,2003,515142,NAT_EST,
OFST.1.F.CP,NPL,2004,482171,UIS_EST,
OFST.1.F.CP,NRU,2012,113,,
OFST.1.F.CP,NRU,2014,68,UIS_EST,
OFST.1.F.CP,NRU,2016,51,,
OFST.1.F.CP,NRU,2020,41,,
OFST.1.F.CP,NRU,2022,25,,
OFST.1.F.CP,NZL,2013,942,UIS_EST,
OFST.1.F.CP,NZL,2014,1653,UIS_EST,
OFST.1.F.CP,NZL,2015,2181,UIS_EST,
OFST.1.F.CP,NZL,2016,2108,UIS_EST,
OFST.1.F.CP,NZL,2017,2357,UIS_EST,
OFST.1.F.CP,NZL,2018,2257,UIS_EST,
OFST.1.F.CP,NZL,2019,1706,,
OFST.1.F.CP,NZL,2020,2337,,
OFST.1.F.CP,NZL,2021,2422,,
OFST.1.F.CP,NZL,2022,4572,,
OFST.1.F.CP,NZL,2023,4241,,
OFST.1.F.CP,OMN,2000,26974,UIS_EST,
OFST.1.F.CP,OMN,2001,24331,UIS_EST,
OFST.1.F.CP,OMN,2002,26940,UIS_EST,
OFST.1.F.CP,OMN,2003,19535,UIS_EST,
OFST.1.F.CP,OMN,2009,4837,,
OFST.1.F.CP,OMN,2012,1439,,
OFST.1.F.CP,OMN,2013,1059,,
OFST.1.F.CP,OMN,2014,2598,,
OFST.1.F.CP,OMN,2015,5387,,
OFST.1.F.CP,OMN,2016,6636,,
OFST.1.F.CP,OMN,2017,4304,,
OFST.1.F.CP,OMN,2018,943,,
OFST.1.F.CP,OMN,2019,3559,,
OFST.1.F.CP,OMN,2020,16158,,
OFST.1.F.CP,OMN,2021,17792,,
OFST.1.F.CP,OMN,2022,19469,,
OFST.1.F.CP,PAK,2021,5158601.048828125,,
OFST.1.F.CP,PAK,2022,4936434.98828125,,
OFST.1.F.CP,PAK,2023,4710783.005859375,,
OFST.1.F.CP,PAK,2024,2804357.2265625,,
OFST.1.F.CP,PAN,1970,31112,,
OFST.1.F.CP,PAN,1971,22026,,
OFST.1.F.CP,PAN,1972,19796,,
OFST.1.F.CP,PAN,1973,18036,,
OFST.1.F.CP,PAN,1975,16995,,
OFST.1.F.CP,PAN,1976,17075,,
OFST.1.F.CP,PAN,1978,13918,,
OFST.1.F.CP,PAN,1979,15332,,
OFST.1.F.CP,PAN,1980,16965,,
OFST.1.F.CP,PAN,1981,18478,,
OFST.1.F.CP,PAN,1982,19545,,
OFST.1.F.CP,PAN,1983,21051,,
OFST.1.F.CP,PAN,1984,21127,,
OFST.1.F.CP,PAN,1985,19649,,
OFST.1.F.CP,PAN,1986,20401,,
OFST.1.F.CP,PAN,1987,18871,,
OFST.1.F.CP,PAN,1988,20655,,
OFST.1.F.CP,PAN,1989,19133,,
OFST.1.F.CP,PAN,1990,20704,,
OFST.1.F.CP,PAN,1999,12932,,
OFST.1.F.CP,PAN,2000,10356,,
OFST.1.F.CP,PAN,2001,7799,,
OFST.1.F.CP,PAN,2002,3790,,
OFST.1.F.CP,PAN,2005,1324,,
OFST.1.F.CP,PAN,2008,1438,,
OFST.1.F.CP,PAN,2009,6868,,
OFST.1.F.CP,PAN,2010,6528,,
OFST.1.F.CP,PAN,2011,8438,,
OFST.1.F.CP,PAN,2012,10484,,
OFST.1.F.CP,PAN,2013,12483,,
OFST.1.F.CP,PAN,2014,16526,,
OFST.1.F.CP,PAN,2015,21532,,
OFST.1.F.CP,PAN,2017,27868,,
OFST.1.F.CP,PAN,2019,26856,,
OFST.1.F.CP,PAN,2020,20708,,
OFST.1.F.CP,PAN,2021,7683,,
OFST.1.F.CP,PAN,2022,6112,,
OFST.1.F.CP,PAN,2023,19429,,
OFST.1.F.CP,PER,1970,283552,,
OFST.1.F.CP,PER,1981,182274,,
OFST.1.F.CP,PER,1993,181811,,
OFST.1.F.CP,PER,1995,275177,,
OFST.1.F.CP,PER,1998,58447,,
OFST.1.F.CP,PER,1999,37798,UIS_EST,
OFST.1.F.CP,PER,2000,29812,,
OFST.1.F.CP,PER,2001,17770,,
OFST.1.F.CP,PER,2002,11493,,
OFST.1.F.CP,PER,2003,39928,UIS_EST,
OFST.1.F.CP,PHL,1976,313700,,
OFST.1.F.CP,PHL,1981,467120,,
OFST.1.F.CP,PHL,1982,379023,,
OFST.1.F.CP,PHL,1983,417219,,
OFST.1.F.CP,PHL,1984,554972,,
OFST.1.F.CP,PHL,1986,323040,,
OFST.1.F.CP,PHL,1987,359196,,
OFST.1.F.CP,PHL,1988,220809,,
OFST.1.F.CP,PHL,1989,169238,,
OFST.1.F.CP,PHL,1990,225468,,
OFST.1.F.CP,PHL,1998,777425,,
OFST.1.F.CP,PHL,1999,835997,,
OFST.1.F.CP,PHL,2001,723926,,
OFST.1.F.CP,PHL,2002,678568,,
OFST.1.F.CP,PHL,2003,730731,,
OFST.1.F.CP,PHL,2004,735391,,
OFST.1.F.CP,PHL,2005,691052,,
OFST.1.F.CP,PHL,2006,775186,,
OFST.1.F.CP,PHL,2007,772198,,
OFST.1.F.CP,PHL,2008,731263,,
OFST.1.F.CP,PHL,2009,656571,,
OFST.1.F.CP,PHL,2014,589308,,
OFST.1.F.CP,PHL,2015,647519,,
OFST.1.F.CP,PHL,2016,693480,,
OFST.1.F.CP,PHL,2017,717659,,
OFST.1.F.CP,PHL,2018,760456,,
OFST.1.F.CP,PHL,2019,677713,,
OFST.1.F.CP,PHL,2020,659896,,
OFST.1.F.CP,PHL,2021,906898,,
OFST.1.F.CP,PHL,2022,815464,,
OFST.1.F.CP,PHL,2023,804214,,
OFST.1.F.CP,PHL,2024,872062,,
OFST.1.F.CP,PLW,2014,27,,
OFST.1.F.CP,PLW,2022,105,,
OFST.1.F.CP,PLW,2023,56,,
OFST.1.F.CP,PNG,1989,86946,,
OFST.1.F.CP,PNG,2012,171952,,
OFST.1.F.CP,PNG,2014,187804,,
OFST.1.F.CP,PNG,2016,69341,UIS_EST,
OFST.1.F.CP,PNG,2019,15161.76699681277,,
OFST.1.F.CP,PNG,2020,24839.42800485902,,
OFST.1.F.CP,POL,2000,22448,,
OFST.1.F.CP,POL,2001,15640,,
OFST.1.F.CP,POL,2002,16795,,
OFST.1.F.CP,POL,2003,15754,,
OFST.1.F.CP,POL,2004,16649,,
OFST.1.F.CP,POL,2005,17332,,
OFST.1.F.CP,POL,2006,19352,,
OFST.1.F.CP,POL,2007,25153,,
OFST.1.F.CP,POL,2008,30228,,
OFST.1.F.CP,POL,2009,33657,,
OFST.1.F.CP,POL,2010,31432,,
OFST.1.F.CP,POL,2011,34172,,
OFST.1.F.CP,POL,2012,36300,,
OFST.1.F.CP,POL,2013,39732,,
OFST.1.F.CP,POL,2014,44246,,
OFST.1.F.CP,POL,2017,56307,,
OFST.1.F.CP,POL,2018,50186,,
OFST.1.F.CP,POL,2019,37445,,
OFST.1.F.CP,POL,2020,11415,,
OFST.1.F.CP,PRI,2010,10484,UIS_EST,
OFST.1.F.CP,PRI,2011,12957,,
OFST.1.F.CP,PRI,2012,8769,,
OFST.1.F.CP,PRI,2013,7782,,
OFST.1.F.CP,PRI,2014,4642,,
OFST.1.F.CP,PRI,2015,4852,,
OFST.1.F.CP,PRI,2016,10527,,
OFST.1.F.CP,PRI,2018,8986,,
OFST.1.F.CP,PRI,2023,9967,,
OFST.1.F.CP,PRI,2024,9745,,
OFST.1.F.CP,PRK,2009,2893,UIS_EST,
OFST.1.F.CP,PRT,2014,2444,,
OFST.1.F.CP,PRT,2015,6146,,
OFST.1.F.CP,PRT,2016,8047,,
OFST.1.F.CP,PRT,2017,8468,,
OFST.1.F.CP,PRT,2018,6818,,
OFST.1.F.CP,PRT,2019,3626,,
OFST.1.F.CP,PRY,1970,32208,,
OFST.1.F.CP,PRY,1972,57291,,
OFST.1.F.CP,PRY,1975,41390,,
OFST.1.F.CP,PRY,1976,38273,,
OFST.1.F.CP,PRY,1977,34721,,
OFST.1.F.CP,PRY,1978,29781,,
OFST.1.F.CP,PRY,1979,26212,,
OFST.1.F.CP,PRY,1980,21192,,
OFST.1.F.CP,PRY,1981,17500,,
OFST.1.F.CP,PRY,1983,17498,,
OFST.1.F.CP,PRY,1984,17018,,
OFST.1.F.CP,PRY,1985,15192,,
OFST.1.F.CP,PRY,1986,16679,,
OFST.1.F.CP,PRY,1987,13448,,
OFST.1.F.CP,PRY,1988,9019,,
OFST.1.F.CP,PRY,1989,4157,,
OFST.1.F.CP,PRY,1992,29534,,
OFST.1.F.CP,PRY,1994,14907,,
OFST.1.F.CP,PRY,1996,7165,,
OFST.1.F.CP,PRY,2008,3278,,
OFST.1.F.CP,PRY,2009,6172,,
OFST.1.F.CP,PRY,2010,5311,,
OFST.1.F.CP,PRY,2011,4692,,
OFST.1.F.CP,PRY,2012,4975,,
OFST.1.F.CP,PRY,2016,35988,,
OFST.1.F.CP,PRY,2020,43795,,
OFST.1.F.CP,PRY,2021,45144,,
OFST.1.F.CP,PRY,2022,45662,,
OFST.1.F.CP,PRY,2023,46316,,
OFST.1.F.CP,PRY,2024,52035,,
OFST.1.F.CP,PSE,1999,19261,,
OFST.1.F.CP,PSE,2000,15347,,
OFST.1.F.CP,PSE,2001,16058,UIS_EST,
OFST.1.F.CP,PSE,2002,14011,UIS_EST,
OFST.1.F.CP,PSE,2003,13699,,
OFST.1.F.CP,PSE,2004,15593,,
OFST.1.F.CP,PSE,2005,22670,UIS_EST,
OFST.1.F.CP,PSE,2006,25233,,
OFST.1.F.CP,PSE,2007,27441,,
OFST.1.F.CP,PSE,2008,24549,UIS_EST,
OFST.1.F.CP,PSE,2009,22817,,
OFST.1.F.CP,PSE,2010,22779,,
OFST.1.F.CP,PSE,2011,22071,,
OFST.1.F.CP,PSE,2012,23543,,
OFST.1.F.CP,PSE,2013,17167,,
OFST.1.F.CP,PSE,2014,16451,,
OFST.1.F.CP,PSE,2015,15784,,
OFST.1.F.CP,PSE,2016,15125,,
OFST.1.F.CP,PSE,2017,13632,,
OFST.1.F.CP,PSE,2018,15411,,
OFST.1.F.CP,PSE,2019,17571,,
OFST.1.F.CP,PSE,2020,19991,,
OFST.1.F.CP,PSE,2021,24320,,
OFST.1.F.CP,PSE,2022,26992,,
OFST.1.F.CP,PSE,2023,27289,,
OFST.1.F.CP,PYF,1983,1329,,
OFST.1.F.CP,PYF,1984,1374,,
OFST.1.F.CP,PYF,1985,1472,,
OFST.1.F.CP,PYF,1989,1142,,
OFST.1.F.CP,PYF,1990,932,,
OFST.1.F.CP,PYF,1993,540,,
OFST.1.F.CP,PYF,1995,407,,
OFST.1.F.CP,PYF,1996,603,,
OFST.1.F.CP,QAT,2002,820,,
OFST.1.F.CP,QAT,2003,2120,,
OFST.1.F.CP,QAT,2004,1208,,
OFST.1.F.CP,QAT,2005,400,,
OFST.1.F.CP,QAT,2006,1432,,
OFST.1.F.CP,QAT,2007,416,,
OFST.1.F.CP,QAT,2010,709,,
OFST.1.F.CP,QAT,2011,1725,,
OFST.1.F.CP,QAT,2012,381,,
OFST.1.F.CP,QAT,2013,1036,,
OFST.1.F.CP,QAT,2014,3997,,
OFST.1.F.CP,QAT,2015,2302,,
OFST.1.F.CP,QAT,2016,1134,,
OFST.1.F.CP,QAT,2019,1498,,
OFST.1.F.CP,QAT,2020,1845,,
OFST.1.F.CP,QAT,2021,11014,,
OFST.1.F.CP,QAT,2022,6071,,
OFST.1.F.CP,REU,1985,4982,,
OFST.1.F.CP,REU,1986,5835,,
OFST.1.F.CP,REU,1987,5926,,
OFST.1.F.CP,ROU,2000,3201,,
OFST.1.F.CP,ROU,2001,4378,,
OFST.1.F.CP,ROU,2002,7235,,
OFST.1.F.CP,ROU,2003,21291,,
OFST.1.F.CP,ROU,2004,26190,,
OFST.1.F.CP,ROU,2005,35059,,
OFST.1.F.CP,ROU,2006,28112,,
OFST.1.F.CP,ROU,2007,28217,,
OFST.1.F.CP,ROU,2008,14227,,
OFST.1.F.CP,ROU,2009,4747,,
OFST.1.F.CP,ROU,2010,10296,,
OFST.1.F.CP,ROU,2011,17545,,
OFST.1.F.CP,ROU,2012,26879,,
OFST.1.F.CP,ROU,2015,41599,,
OFST.1.F.CP,ROU,2016,47568,,
OFST.1.F.CP,ROU,2017,50011,,
OFST.1.F.CP,ROU,2018,42831,,
OFST.1.F.CP,ROU,2019,36946,,
OFST.1.F.CP,ROU,2020,39635,,
OFST.1.F.CP,ROU,2021,45600,,
OFST.1.F.CP,ROU,2022,77792,,
OFST.1.F.CP,ROU,2023,78616,,
OFST.1.F.CP,RUS,2006,136514,UIS_EST,
OFST.1.F.CP,RUS,2007,139697,UIS_EST,
OFST.1.F.CP,RUS,2008,104365,UIS_EST,
OFST.1.F.CP,RUS,2009,103554,,
OFST.1.F.CP,RUS,2011,107244,UIS_EST,
OFST.1.F.CP,RUS,2012,60233,,
OFST.1.F.CP,RUS,2013,74461,UIS_EST,
OFST.1.F.CP,RUS,2014,61137,UIS_EST,
OFST.1.F.CP,RUS,2015,41884,UIS_EST,
OFST.1.F.CP,RUS,2016,47764,UIS_EST,
OFST.1.F.CP,RUS,2017,10187,,
OFST.1.F.CP,RUS,2020,15165,,
OFST.1.F.CP,RUS,2021,53427,,
OFST.1.F.CP,RUS,2022,72428,,
OFST.1.F.CP,RUS,2023,78377,,
OFST.1.F.CP,RWA,2002,65321,,
OFST.1.F.CP,RWA,2003,78371,,
OFST.1.F.CP,RWA,2016,4160,,
OFST.1.F.CP,RWA,2017,10377,,
OFST.1.F.CP,RWA,2018,13729,,
OFST.1.F.CP,RWA,2019,16932,,
OFST.1.F.CP,RWA,2022,75157,,
OFST.1.F.CP,SAU,1979,211017,,
OFST.1.F.CP,SAU,2013,61599,,
OFST.1.F.CP,SAU,2014,43957,,
OFST.1.F.CP,SAU,2015,19471,,
OFST.1.F.CP,SAU,2020,23014,,
OFST.1.F.CP,SAU,2021,43160,,
OFST.1.F.CP,SAU,2022,42597,,
OFST.1.F.CP,SAU,2024,4633,,
OFST.1.F.CP,SDG: Australia and New Zealand,2000,12450,,
OFST.1.F.CP,SDG: Australia and New Zealand,2001,10870,,
OFST.1.F.CP,SDG: Australia and New Zealand,2002,9303,,
OFST.1.F.CP,SDG: Australia and New Zealand,2003,7849,,
OFST.1.F.CP,SDG: Australia and New Zealand,2004,6720,,
OFST.1.F.CP,SDG: Australia and New Zealand,2005,5697,,
OFST.1.F.CP,SDG: Australia and New Zealand,2006,4838,,
OFST.1.F.CP,SDG: Australia and New Zealand,2007,4083,,
OFST.1.F.CP,SDG: Australia and New Zealand,2008,3619,,
OFST.1.F.CP,SDG: Australia and New Zealand,2009,3161,,
OFST.1.F.CP,SDG: Australia and New Zealand,2010,2844,,
OFST.1.F.CP,SDG: Australia and New Zealand,2011,2549,,
OFST.1.F.CP,SDG: Australia and New Zealand,2012,2390,,
OFST.1.F.CP,SDG: Australia and New Zealand,2013,2267,,
OFST.1.F.CP,SDG: Australia and New Zealand,2014,2247,,
OFST.1.F.CP,SDG: Australia and New Zealand,2015,2153,,
OFST.1.F.CP,SDG: Australia and New Zealand,2016,2143,,
OFST.1.F.CP,SDG: Australia and New Zealand,2017,2107,,
OFST.1.F.CP,SDG: Australia and New Zealand,2018,2035,,
OFST.1.F.CP,SDG: Australia and New Zealand,2019,1970,,
OFST.1.F.CP,SDG: Australia and New Zealand,2020,1949,,
OFST.1.F.CP,SDG: Australia and New Zealand,2021,1879,,
OFST.1.F.CP,SDG: Australia and New Zealand,2022,1769,,
OFST.1.F.CP,SDG: Australia and New Zealand,2023,1655,,
OFST.1.F.CP,SDG: Central Asia,2000,278600,,
OFST.1.F.CP,SDG: Central Asia,2001,250300,,
OFST.1.F.CP,SDG: Central Asia,2002,216700,,
OFST.1.F.CP,SDG: Central Asia,2003,189300,,
OFST.1.F.CP,SDG: Central Asia,2004,171700,,
OFST.1.F.CP,SDG: Central Asia,2005,159100,,
OFST.1.F.CP,SDG: Central Asia,2006,147600,,
OFST.1.F.CP,SDG: Central Asia,2007,135700,,
OFST.1.F.CP,SDG: Central Asia,2008,126600,,
OFST.1.F.CP,SDG: Central Asia,2009,123900,,
OFST.1.F.CP,SDG: Central Asia,2010,127800,,
OFST.1.F.CP,SDG: Central Asia,2011,133900,,
OFST.1.F.CP,SDG: Central Asia,2012,138700,,
OFST.1.F.CP,SDG: Central Asia,2013,136400,,
OFST.1.F.CP,SDG: Central Asia,2014,131700,,
OFST.1.F.CP,SDG: Central Asia,2015,125800,,
OFST.1.F.CP,SDG: Central Asia,2016,124000,,
OFST.1.F.CP,SDG: Central Asia,2017,132800,,
OFST.1.F.CP,SDG: Central Asia,2018,146300,,
OFST.1.F.CP,SDG: Central Asia,2019,159500,,
OFST.1.F.CP,SDG: Central Asia,2020,192000,,
OFST.1.F.CP,SDG: Central Asia,2021,206800,,
OFST.1.F.CP,SDG: Central Asia,2022,218100,,
OFST.1.F.CP,SDG: Central Asia,2023,223700,,
OFST.1.F.CP,SDG: Central and Southern Asia,2000,28290000,,
OFST.1.F.CP,SDG: Central and Southern Asia,2001,26520000,,
OFST.1.F.CP,SDG: Central and Southern Asia,2002,24720000,,
OFST.1.F.CP,SDG: Central and Southern Asia,2003,23030000,,
OFST.1.F.CP,SDG: Central and Southern Asia,2004,21810000,,
OFST.1.F.CP,SDG: Central and Southern Asia,2005,20750000,,
OFST.1.F.CP,SDG: Central and Southern Asia,2006,19590000,,
OFST.1.F.CP,SDG: Central and Southern Asia,2007,18720000,,
OFST.1.F.CP,SDG: Central and Southern Asia,2008,17820000,,
OFST.1.F.CP,SDG: Central and Southern Asia,2009,17260000,,
OFST.1.F.CP,SDG: Central and Southern Asia,2010,16230000,,
OFST.1.F.CP,SDG: Central and Southern Asia,2011,15280000,,
OFST.1.F.CP,SDG: Central and Southern Asia,2012,14390000,,
OFST.1.F.CP,SDG: Central and Southern Asia,2013,13630000,,
OFST.1.F.CP,SDG: Central and Southern Asia,2014,12800000,,
OFST.1.F.CP,SDG: Central and Southern Asia,2015,12140000,,
OFST.1.F.CP,SDG: Central and Southern Asia,2016,11550000,,
OFST.1.F.CP,SDG: Central and Southern Asia,2017,10960000,,
OFST.1.F.CP,SDG: Central and Southern Asia,2018,10500000,,
OFST.1.F.CP,SDG: Central and Southern Asia,2019,10020000,,
OFST.1.F.CP,SDG: Central and Southern Asia,2020,9589000,,
OFST.1.F.CP,SDG: Central and Southern Asia,2021,9227000,,
OFST.1.F.CP,SDG: Central and Southern Asia,2022,9151000,,
OFST.1.F.CP,SDG: Central and Southern Asia,2023,8830000,,
OFST.1.F.CP,SDG: Eastern Asia,2000,1827000,,
OFST.1.F.CP,SDG: Eastern Asia,2001,1874000,,
OFST.1.F.CP,SDG: Eastern Asia,2002,1876000,,
OFST.1.F.CP,SDG: Eastern Asia,2003,1899000,,
OFST.1.F.CP,SDG: Eastern Asia,2004,2260000,,
OFST.1.F.CP,SDG: Eastern Asia,2005,1959000,,
OFST.1.F.CP,SDG: Eastern Asia,2006,1635000,,
OFST.1.F.CP,SDG: Eastern Asia,2007,1368000,,
OFST.1.F.CP,SDG: Eastern Asia,2008,1114000,,
OFST.1.F.CP,SDG: Eastern Asia,2009,873300,,
OFST.1.F.CP,SDG: Eastern Asia,2010,721200,,
OFST.1.F.CP,SDG: Eastern Asia,2011,670900,,
OFST.1.F.CP,SDG: Eastern Asia,2012,725400,,
OFST.1.F.CP,SDG: Eastern Asia,2013,895900,,
OFST.1.F.CP,SDG: Eastern Asia,2014,1100000,,
OFST.1.F.CP,SDG: Eastern Asia,2015,1315000,,
OFST.1.F.CP,SDG: Eastern Asia,2016,1502000,,
OFST.1.F.CP,SDG: Eastern Asia,2017,1683000,,
OFST.1.F.CP,SDG: Eastern Asia,2018,1827000,,
OFST.1.F.CP,SDG: Eastern Asia,2019,1891000,,
OFST.1.F.CP,SDG: Eastern Asia,2020,1901000,,
OFST.1.F.CP,SDG: Eastern Asia,2021,1914000,,
OFST.1.F.CP,SDG: Eastern Asia,2022,1905000,,
OFST.1.F.CP,SDG: Eastern Asia,2023,1864000,,
OFST.1.F.CP,SDG: Eastern and South-Eastern Asia,2000,6189000,,
OFST.1.F.CP,SDG: Eastern and South-Eastern Asia,2001,5677000,,
OFST.1.F.CP,SDG: Eastern and South-Eastern Asia,2002,5211000,,
OFST.1.F.CP,SDG: Eastern and South-Eastern Asia,2003,4868000,,
OFST.1.F.CP,SDG: Eastern and South-Eastern Asia,2004,4984000,,
OFST.1.F.CP,SDG: Eastern and South-Eastern Asia,2005,4462000,,
OFST.1.F.CP,SDG: Eastern and South-Eastern Asia,2006,3863000,,
OFST.1.F.CP,SDG: Eastern and South-Eastern Asia,2007,3371000,,
OFST.1.F.CP,SDG: Eastern and South-Eastern Asia,2008,2987000,,
OFST.1.F.CP,SDG: Eastern and South-Eastern Asia,2009,2664000,,
OFST.1.F.CP,SDG: Eastern and South-Eastern Asia,2010,2420000,,
OFST.1.F.CP,SDG: Eastern and South-Eastern Asia,2011,2256000,,
OFST.1.F.CP,SDG: Eastern and South-Eastern Asia,2012,2300000,,
OFST.1.F.CP,SDG: Eastern and South-Eastern Asia,2013,2537000,,
OFST.1.F.CP,SDG: Eastern and South-Eastern Asia,2014,2801000,,
OFST.1.F.CP,SDG: Eastern and South-Eastern Asia,2015,3043000,,
OFST.1.F.CP,SDG: Eastern and South-Eastern Asia,2016,3212000,,
OFST.1.F.CP,SDG: Eastern and South-Eastern Asia,2017,3388000,,
OFST.1.F.CP,SDG: Eastern and South-Eastern Asia,2018,3540000,,
OFST.1.F.CP,SDG: Eastern and South-Eastern Asia,2019,3555000,,
OFST.1.F.CP,SDG: Eastern and South-Eastern Asia,2020,3537000,,
OFST.1.F.CP,SDG: Eastern and South-Eastern Asia,2021,3505000,,
OFST.1.F.CP,SDG: Eastern and South-Eastern Asia,2022,3476000,,
OFST.1.F.CP,SDG: Eastern and South-Eastern Asia,2023,3443000,,
OFST.1.F.CP,SDG: Europe,2000,940400,,
OFST.1.F.CP,SDG: Europe,2001,1063000,,
OFST.1.F.CP,SDG: Europe,2002,996300,,
OFST.1.F.CP,SDG: Europe,2003,678700,,
OFST.1.F.CP,SDG: Europe,2004,744100,,
OFST.1.F.CP,SDG: Europe,2005,517000,,
OFST.1.F.CP,SDG: Europe,2006,439400,,
OFST.1.F.CP,SDG: Europe,2007,420600,,
OFST.1.F.CP,SDG: Europe,2008,416600,,
OFST.1.F.CP,SDG: Europe,2009,402600,,
OFST.1.F.CP,SDG: Europe,2010,382800,,
OFST.1.F.CP,SDG: Europe,2011,349100,,
OFST.1.F.CP,SDG: Europe,2012,310400,,
OFST.1.F.CP,SDG: Europe,2013,290100,,
OFST.1.F.CP,SDG: Europe,2014,270400,,
OFST.1.F.CP,SDG: Europe,2015,257500,,
OFST.1.F.CP,SDG: Europe,2016,247100,,
OFST.1.F.CP,SDG: Europe,2017,239100,,
OFST.1.F.CP,SDG: Europe,2018,231800,,
OFST.1.F.CP,SDG: Europe,2019,225000,,
OFST.1.F.CP,SDG: Europe,2020,221400,,
OFST.1.F.CP,SDG: Europe,2021,221600,,
OFST.1.F.CP,SDG: Europe,2022,224300,,
OFST.1.F.CP,SDG: Europe,2023,231000,,
OFST.1.F.CP,SDG: Europe and Northern America,2000,1125000,,
OFST.1.F.CP,SDG: Europe and Northern America,2001,1262000,,
OFST.1.F.CP,SDG: Europe and Northern America,2002,1204000,,
OFST.1.F.CP,SDG: Europe and Northern America,2003,890600,,
OFST.1.F.CP,SDG: Europe and Northern America,2004,953900,,
OFST.1.F.CP,SDG: Europe and Northern America,2005,733500,,
OFST.1.F.CP,SDG: Europe and Northern America,2006,668900,,
OFST.1.F.CP,SDG: Europe and Northern America,2007,665800,,
OFST.1.F.CP,SDG: Europe and Northern America,2008,667800,,
OFST.1.F.CP,SDG: Europe and Northern America,2009,654400,,
OFST.1.F.CP,SDG: Europe and Northern America,2010,635600,,
OFST.1.F.CP,SDG: Europe and Northern America,2011,601000,,
OFST.1.F.CP,SDG: Europe and Northern America,2012,565900,,
OFST.1.F.CP,SDG: Europe and Northern America,2013,545800,,
OFST.1.F.CP,SDG: Europe and Northern America,2014,524400,,
OFST.1.F.CP,SDG: Europe and Northern America,2015,513200,,
OFST.1.F.CP,SDG: Europe and Northern America,2016,509800,,
OFST.1.F.CP,SDG: Europe and Northern America,2017,518400,,
OFST.1.F.CP,SDG: Europe and Northern America,2018,536000,,
OFST.1.F.CP,SDG: Europe and Northern America,2019,562300,,
OFST.1.F.CP,SDG: Europe and Northern America,2020,607900,,
OFST.1.F.CP,SDG: Europe and Northern America,2021,678200,,
OFST.1.F.CP,SDG: Europe and Northern America,2022,752500,,
OFST.1.F.CP,SDG: Europe and Northern America,2023,816900,,
OFST.1.F.CP,SDG: Landlocked Developing Countries,2000,10950000,,
OFST.1.F.CP,SDG: Landlocked Developing Countries,2001,10640000,,
OFST.1.F.CP,SDG: Landlocked Developing Countries,2002,10360000,,
OFST.1.F.CP,SDG: Landlocked Developing Countries,2003,10170000,,
OFST.1.F.CP,SDG: Landlocked Developing Countries,2004,9868000,,
OFST.1.F.CP,SDG: Landlocked Developing Countries,2005,9544000,,
OFST.1.F.CP,SDG: Landlocked Developing Countries,2006,9214000,,
OFST.1.F.CP,SDG: Landlocked Developing Countries,2007,8884000,,
OFST.1.F.CP,SDG: Landlocked Developing Countries,2008,8627000,,
OFST.1.F.CP,SDG: Landlocked Developing Countries,2009,8448000,,
OFST.1.F.CP,SDG: Landlocked Developing Countries,2010,8404000,,
OFST.1.F.CP,SDG: Landlocked Developing Countries,2011,8434000,,
OFST.1.F.CP,SDG: Landlocked Developing Countries,2012,8495000,,
OFST.1.F.CP,SDG: Landlocked Developing Countries,2013,8598000,,
OFST.1.F.CP,SDG: Landlocked Developing Countries,2014,8716000,,
OFST.1.F.CP,SDG: Landlocked Developing Countries,2015,8842000,,
OFST.1.F.CP,SDG: Landlocked Developing Countries,2016,8961000,,
OFST.1.F.CP,SDG: Landlocked Developing Countries,2017,9073000,,
OFST.1.F.CP,SDG: Landlocked Developing Countries,2018,9217000,,
OFST.1.F.CP,SDG: Landlocked Developing Countries,2019,9336000,,
OFST.1.F.CP,SDG: Landlocked Developing Countries,2020,9443000,,
OFST.1.F.CP,SDG: Landlocked Developing Countries,2021,9449000,,
OFST.1.F.CP,SDG: Landlocked Developing Countries,2022,9633000,,
OFST.1.F.CP,SDG: Landlocked Developing Countries,2023,9628000,,
OFST.1.F.CP,SDG: Latin America and the Caribbean,2000,1598000,,
OFST.1.F.CP,SDG: Latin America and the Caribbean,2001,1454000,,
OFST.1.F.CP,SDG: Latin America and the Caribbean,2002,1324000,,
OFST.1.F.CP,SDG: Latin America and the Caribbean,2003,1210000,,
OFST.1.F.CP,SDG: Latin America and the Caribbean,2004,1108000,,
OFST.1.F.CP,SDG: Latin America and the Caribbean,2005,1028000,,
OFST.1.F.CP,SDG: Latin America and the Caribbean,2006,954700,,
OFST.1.F.CP,SDG: Latin America and the Caribbean,2007,890700,,
OFST.1.F.CP,SDG: Latin America and the Caribbean,2008,845900,,
OFST.1.F.CP,SDG: Latin America and the Caribbean,2009,810300,,
OFST.1.F.CP,SDG: Latin America and the Caribbean,2010,829600,,
OFST.1.F.CP,SDG: Latin America and the Caribbean,2011,825400,,
OFST.1.F.CP,SDG: Latin America and the Caribbean,2012,843500,,
OFST.1.F.CP,SDG: Latin America and the Caribbean,2013,868800,,
OFST.1.F.CP,SDG: Latin America and the Caribbean,2014,879100,,
OFST.1.F.CP,SDG: Latin America and the Caribbean,2015,874200,,
OFST.1.F.CP,SDG: Latin America and the Caribbean,2016,863600,,
OFST.1.F.CP,SDG: Latin America and the Caribbean,2017,848200,,
OFST.1.F.CP,SDG: Latin America and the Caribbean,2018,825500,,
OFST.1.F.CP,SDG: Latin America and the Caribbean,2019,815300,,
OFST.1.F.CP,SDG: Latin America and the Caribbean,2020,824200,,
OFST.1.F.CP,SDG: Latin America and the Caribbean,2021,848200,,
OFST.1.F.CP,SDG: Latin America and the Caribbean,2022,883400,,
OFST.1.F.CP,SDG: Latin America and the Caribbean,2023,926000,,
OFST.1.F.CP,SDG: Least Developed Countries,2000,21060000,,
OFST.1.F.CP,SDG: Least Developed Countries,2001,20420000,,
OFST.1.F.CP,SDG: Least Developed Countries,2002,19750000,,
OFST.1.F.CP,SDG: Least Developed Countries,2003,19160000,,
OFST.1.F.CP,SDG: Least Developed Countries,2004,18540000,,
OFST.1.F.CP,SDG: Least Developed Countries,2005,17950000,,
OFST.1.F.CP,SDG: Least Developed Countries,2006,17430000,,
OFST.1.F.CP,SDG: Least Developed Countries,2007,17120000,,
OFST.1.F.CP,SDG: Least Developed Countries,2008,16690000,,
OFST.1.F.CP,SDG: Least Developed Countries,2009,16430000,,
OFST.1.F.CP,SDG: Least Developed Countries,2010,16410000,,
OFST.1.F.CP,SDG: Least Developed Countries,2011,16530000,,
OFST.1.F.CP,SDG: Least Developed Countries,2012,16710000,,
OFST.1.F.CP,SDG: Least Developed Countries,2013,16950000,,
OFST.1.F.CP,SDG: Least Developed Countries,2014,17200000,,
OFST.1.F.CP,SDG: Least Developed Countries,2015,17380000,,
OFST.1.F.CP,SDG: Least Developed Countries,2016,17450000,,
OFST.1.F.CP,SDG: Least Developed Countries,2017,17450000,,
OFST.1.F.CP,SDG: Least Developed Countries,2018,17540000,,
OFST.1.F.CP,SDG: Least Developed Countries,2019,17710000,,
OFST.1.F.CP,SDG: Least Developed Countries,2020,17890000,,
OFST.1.F.CP,SDG: Least Developed Countries,2021,18040000,,
OFST.1.F.CP,SDG: Least Developed Countries,2022,18460000,,
OFST.1.F.CP,SDG: Least Developed Countries,2023,18760000,,
OFST.1.F.CP,SDG: Northern Africa,2000,3840000,,
OFST.1.F.CP,SDG: Northern Africa,2001,3746000,,
OFST.1.F.CP,SDG: Northern Africa,2002,3626000,,
OFST.1.F.CP,SDG: Northern Africa,2003,3504000,,
OFST.1.F.CP,SDG: Northern Africa,2004,3394000,,
OFST.1.F.CP,SDG: Northern Africa,2005,3521000,,
OFST.1.F.CP,SDG: Northern Africa,2006,3443000,,
OFST.1.F.CP,SDG: Northern Africa,2007,3398000,,
OFST.1.F.CP,SDG: Northern Africa,2008,3325000,,
OFST.1.F.CP,SDG: Northern Africa,2009,3245000,,
OFST.1.F.CP,SDG: Northern Africa,2010,3173000,,
OFST.1.F.CP,SDG: Northern Africa,2011,3091000,,
OFST.1.F.CP,SDG: Northern Africa,2012,3008000,,
OFST.1.F.CP,SDG: Northern Africa,2013,2903000,,
OFST.1.F.CP,SDG: Northern Africa,2014,2799000,,
OFST.1.F.CP,SDG: Northern Africa,2015,2677000,,
OFST.1.F.CP,SDG: Northern Africa,2016,2542000,,
OFST.1.F.CP,SDG: Northern Africa,2017,2410000,,
OFST.1.F.CP,SDG: Northern Africa,2018,2306000,,
OFST.1.F.CP,SDG: Northern Africa,2019,2234000,,
OFST.1.F.CP,SDG: Northern Africa,2020,2181000,,
OFST.1.F.CP,SDG: Northern Africa,2021,2167000,,
OFST.1.F.CP,SDG: Northern Africa,2022,2181000,,
OFST.1.F.CP,SDG: Northern Africa,2023,2189000,,
OFST.1.F.CP,SDG: Northern Africa and Western Asia,2000,6694000,,
OFST.1.F.CP,SDG: Northern Africa and Western Asia,2001,6504000,,
OFST.1.F.CP,SDG: Northern Africa and Western Asia,2002,6237000,,
OFST.1.F.CP,SDG: Northern Africa and Western Asia,2003,5890000,,
OFST.1.F.CP,SDG: Northern Africa and Western Asia,2004,5604000,,
OFST.1.F.CP,SDG: Northern Africa and Western Asia,2005,5604000,,
OFST.1.F.CP,SDG: Northern Africa and Western Asia,2006,5428000,,
OFST.1.F.CP,SDG: Northern Africa and Western Asia,2007,5293000,,
OFST.1.F.CP,SDG: Northern Africa and Western Asia,2008,5180000,,
OFST.1.F.CP,SDG: Northern Africa and Western Asia,2009,5078000,,
OFST.1.F.CP,SDG: Northern Africa and Western Asia,2010,4985000,,
OFST.1.F.CP,SDG: Northern Africa and Western Asia,2011,4879000,,
OFST.1.F.CP,SDG: Northern Africa and Western Asia,2012,4780000,,
OFST.1.F.CP,SDG: Northern Africa and Western Asia,2013,4689000,,
OFST.1.F.CP,SDG: Northern Africa and Western Asia,2014,4747000,,
OFST.1.F.CP,SDG: Northern Africa and Western Asia,2015,4699000,,
OFST.1.F.CP,SDG: Northern Africa and Western Asia,2016,4603000,,
OFST.1.F.CP,SDG: Northern Africa and Western Asia,2017,4490000,,
OFST.1.F.CP,SDG: Northern Africa and Western Asia,2018,4432000,,
OFST.1.F.CP,SDG: Northern Africa and Western Asia,2019,4415000,,
OFST.1.F.CP,SDG: Northern Africa and Western Asia,2020,4392000,,
OFST.1.F.CP,SDG: Northern Africa and Western Asia,2021,4389000,,
OFST.1.F.CP,SDG: Northern Africa and Western Asia,2022,4429000,,
OFST.1.F.CP,SDG: Northern Africa and Western Asia,2023,4444000,,
OFST.1.F.CP,SDG: Northern America,2000,180400,,
OFST.1.F.CP,SDG: Northern America,2001,196500,,
OFST.1.F.CP,SDG: Northern America,2002,208800,,
OFST.1.F.CP,SDG: Northern America,2003,211400,,
OFST.1.F.CP,SDG: Northern America,2004,208400,,
OFST.1.F.CP,SDG: Northern America,2005,217300,,
OFST.1.F.CP,SDG: Northern America,2006,229700,,
OFST.1.F.CP,SDG: Northern America,2007,245000,,
OFST.1.F.CP,SDG: Northern America,2008,250300,,
OFST.1.F.CP,SDG: Northern America,2009,251700,,
OFST.1.F.CP,SDG: Northern America,2010,254000,,
OFST.1.F.CP,SDG: Northern America,2011,252400,,
OFST.1.F.CP,SDG: Northern America,2012,254800,,
OFST.1.F.CP,SDG: Northern America,2013,256200,,
OFST.1.F.CP,SDG: Northern America,2014,253600,,
OFST.1.F.CP,SDG: Northern America,2015,255000,,
OFST.1.F.CP,SDG: Northern America,2016,260700,,
OFST.1.F.CP,SDG: Northern America,2017,277500,,
OFST.1.F.CP,SDG: Northern America,2018,302600,,
OFST.1.F.CP,SDG: Northern America,2019,334500,,
OFST.1.F.CP,SDG: Northern America,2020,382900,,
OFST.1.F.CP,SDG: Northern America,2021,453800,,
OFST.1.F.CP,SDG: Northern America,2022,523200,,
OFST.1.F.CP,SDG: Northern America,2023,579400,,
OFST.1.F.CP,SDG: Oceania,2000,123300,,
OFST.1.F.CP,SDG: Oceania,2001,123600,,
OFST.1.F.CP,SDG: Oceania,2002,123700,,
OFST.1.F.CP,SDG: Oceania,2003,124000,,
OFST.1.F.CP,SDG: Oceania,2004,125500,,
OFST.1.F.CP,SDG: Oceania,2005,128000,,
OFST.1.F.CP,SDG: Oceania,2006,127800,,
OFST.1.F.CP,SDG: Oceania,2007,125900,,
OFST.1.F.CP,SDG: Oceania,2008,123100,,
OFST.1.F.CP,SDG: Oceania,2009,119200,,
OFST.1.F.CP,SDG: Oceania,2010,113800,,
OFST.1.F.CP,SDG: Oceania,2011,109400,,
OFST.1.F.CP,SDG: Oceania,2012,107400,,
OFST.1.F.CP,SDG: Oceania,2013,109200,,
OFST.1.F.CP,SDG: Oceania,2014,115600,,
OFST.1.F.CP,SDG: Oceania,2015,125200,,
OFST.1.F.CP,SDG: Oceania,2016,137400,,
OFST.1.F.CP,SDG: Oceania,2017,149600,,
OFST.1.F.CP,SDG: Oceania,2018,159900,,
OFST.1.F.CP,SDG: Oceania,2019,194100,,
OFST.1.F.CP,SDG: Oceania,2020,170100,,
OFST.1.F.CP,SDG: Oceania,2021,183500,,
OFST.1.F.CP,SDG: Oceania,2022,170400,,
OFST.1.F.CP,SDG: Oceania,2023,155600,,
OFST.1.F.CP,SDG: Oceania (excluding Australia and New Zealand),2000,108300,,
OFST.1.F.CP,SDG: Oceania (excluding Australia and New Zealand),2001,110600,,
OFST.1.F.CP,SDG: Oceania (excluding Australia and New Zealand),2002,112600,,
OFST.1.F.CP,SDG: Oceania (excluding Australia and New Zealand),2003,114000,,
OFST.1.F.CP,SDG: Oceania (excluding Australia and New Zealand),2004,118000,,
OFST.1.F.CP,SDG: Oceania (excluding Australia and New Zealand),2005,121100,,
OFST.1.F.CP,SDG: Oceania (excluding Australia and New Zealand),2006,122000,,
OFST.1.F.CP,SDG: Oceania (excluding Australia and New Zealand),2007,121000,,
OFST.1.F.CP,SDG: Oceania (excluding Australia and New Zealand),2008,119200,,
OFST.1.F.CP,SDG: Oceania (excluding Australia and New Zealand),2009,115600,,
OFST.1.F.CP,SDG: Oceania (excluding Australia and New Zealand),2010,110500,,
OFST.1.F.CP,SDG: Oceania (excluding Australia and New Zealand),2011,106500,,
OFST.1.F.CP,SDG: Oceania (excluding Australia and New Zealand),2012,104300,,
OFST.1.F.CP,SDG: Oceania (excluding Australia and New Zealand),2013,106400,,
OFST.1.F.CP,SDG: Oceania (excluding Australia and New Zealand),2014,112700,,
OFST.1.F.CP,SDG: Oceania (excluding Australia and New Zealand),2015,122500,,
OFST.1.F.CP,SDG: Oceania (excluding Australia and New Zealand),2016,134600,,
OFST.1.F.CP,SDG: Oceania (excluding Australia and New Zealand),2017,146900,,
OFST.1.F.CP,SDG: Oceania (excluding Australia and New Zealand),2018,157000,,
OFST.1.F.CP,SDG: Oceania (excluding Australia and New Zealand),2019,191100,,
OFST.1.F.CP,SDG: Oceania (excluding Australia and New Zealand),2020,166800,,
OFST.1.F.CP,SDG: Oceania (excluding Australia and New Zealand),2021,179900,,
OFST.1.F.CP,SDG: Oceania (excluding Australia and New Zealand),2022,167200,,
OFST.1.F.CP,SDG: Oceania (excluding Australia and New Zealand),2023,152300,,
OFST.1.F.CP,SDG: Small Island Developing States,2000,478900,,
OFST.1.F.CP,SDG: Small Island Developing States,2001,465800,,
OFST.1.F.CP,SDG: Small Island Developing States,2002,451900,,
OFST.1.F.CP,SDG: Small Island Developing States,2003,434700,,
OFST.1.F.CP,SDG: Small Island Developing States,2004,407000,,
OFST.1.F.CP,SDG: Small Island Developing States,2005,381000,,
OFST.1.F.CP,SDG: Small Island Developing States,2006,357100,,
OFST.1.F.CP,SDG: Small Island Developing States,2007,334000,,
OFST.1.F.CP,SDG: Small Island Developing States,2008,313400,,
OFST.1.F.CP,SDG: Small Island Developing States,2009,293900,,
OFST.1.F.CP,SDG: Small Island Developing States,2010,279500,,
OFST.1.F.CP,SDG: Small Island Developing States,2011,278900,,
OFST.1.F.CP,SDG: Small Island Developing States,2012,277700,,
OFST.1.F.CP,SDG: Small Island Developing States,2013,282200,,
OFST.1.F.CP,SDG: Small Island Developing States,2014,291900,,
OFST.1.F.CP,SDG: Small Island Developing States,2015,305600,,
OFST.1.F.CP,SDG: Small Island Developing States,2016,322100,,
OFST.1.F.CP,SDG: Small Island Developing States,2017,339200,,
OFST.1.F.CP,SDG: Small Island Developing States,2018,354000,,
OFST.1.F.CP,SDG: Small Island Developing States,2019,394800,,
OFST.1.F.CP,SDG: Small Island Developing States,2020,375400,,
OFST.1.F.CP,SDG: Small Island Developing States,2021,395200,,
OFST.1.F.CP,SDG: Small Island Developing States,2022,387900,,
OFST.1.F.CP,SDG: Small Island Developing States,2023,377000,,
OFST.1.F.CP,SDG: South-Eastern Asia,2000,4317000,,
OFST.1.F.CP,SDG: South-Eastern Asia,2001,3809000,,
OFST.1.F.CP,SDG: South-Eastern Asia,2002,3363000,,
OFST.1.F.CP,SDG: South-Eastern Asia,2003,3012000,,
OFST.1.F.CP,SDG: South-Eastern Asia,2004,2721000,,
OFST.1.F.CP,SDG: South-Eastern Asia,2005,2474000,,
OFST.1.F.CP,SDG: South-Eastern Asia,2006,2222000,,
OFST.1.F.CP,SDG: South-Eastern Asia,2007,1996000,,
OFST.1.F.CP,SDG: South-Eastern Asia,2008,1856000,,
OFST.1.F.CP,SDG: South-Eastern Asia,2009,1781000,,
OFST.1.F.CP,SDG: South-Eastern Asia,2010,1697000,,
OFST.1.F.CP,SDG: South-Eastern Asia,2011,1600000,,
OFST.1.F.CP,SDG: South-Eastern Asia,2012,1576000,,
OFST.1.F.CP,SDG: South-Eastern Asia,2013,1634000,,
OFST.1.F.CP,SDG: South-Eastern Asia,2014,1693000,,
OFST.1.F.CP,SDG: South-Eastern Asia,2015,1724000,,
OFST.1.F.CP,SDG: South-Eastern Asia,2016,1710000,,
OFST.1.F.CP,SDG: South-Eastern Asia,2017,1706000,,
OFST.1.F.CP,SDG: South-Eastern Asia,2018,1699000,,
OFST.1.F.CP,SDG: South-Eastern Asia,2019,1655000,,
OFST.1.F.CP,SDG: South-Eastern Asia,2020,1605000,,
OFST.1.F.CP,SDG: South-Eastern Asia,2021,1564000,,
OFST.1.F.CP,SDG: South-Eastern Asia,2022,1559000,,
OFST.1.F.CP,SDG: South-Eastern Asia,2023,1567000,,
OFST.1.F.CP,SDG: Southern Asia,2000,28020000,,
OFST.1.F.CP,SDG: Southern Asia,2001,26270000,,
OFST.1.F.CP,SDG: Southern Asia,2002,24490000,,
OFST.1.F.CP,SDG: Southern Asia,2003,22840000,,
OFST.1.F.CP,SDG: Southern Asia,2004,21640000,,
OFST.1.F.CP,SDG: Southern Asia,2005,20580000,,
OFST.1.F.CP,SDG: Southern Asia,2006,19440000,,
OFST.1.F.CP,SDG: Southern Asia,2007,18580000,,
OFST.1.F.CP,SDG: Southern Asia,2008,17680000,,
OFST.1.F.CP,SDG: Southern Asia,2009,17130000,,
OFST.1.F.CP,SDG: Southern Asia,2010,16100000,,
OFST.1.F.CP,SDG: Southern Asia,2011,15140000,,
OFST.1.F.CP,SDG: Southern Asia,2012,14260000,,
OFST.1.F.CP,SDG: Southern Asia,2013,13490000,,
OFST.1.F.CP,SDG: Southern Asia,2014,12670000,,
OFST.1.F.CP,SDG: Southern Asia,2015,12010000,,
OFST.1.F.CP,SDG: Southern Asia,2016,11430000,,
OFST.1.F.CP,SDG: Southern Asia,2017,10830000,,
OFST.1.F.CP,SDG: Southern Asia,2018,10350000,,
OFST.1.F.CP,SDG: Southern Asia,2019,9862000,,
OFST.1.F.CP,SDG: Southern Asia,2020,9410000,,
OFST.1.F.CP,SDG: Southern Asia,2021,9011000,,
OFST.1.F.CP,SDG: Southern Asia,2022,8898000,,
OFST.1.F.CP,SDG: Southern Asia,2023,8595000,,
OFST.1.F.CP,SDG: Sub-Saharan Africa,2000,22180000,,
OFST.1.F.CP,SDG: Sub-Saharan Africa,2001,21480000,,
OFST.1.F.CP,SDG: Sub-Saharan Africa,2002,20850000,,
OFST.1.F.CP,SDG: Sub-Saharan Africa,2003,20300000,,
OFST.1.F.CP,SDG: Sub-Saharan Africa,2004,19830000,,
OFST.1.F.CP,SDG: Sub-Saharan Africa,2005,19380000,,
OFST.1.F.CP,SDG: Sub-Saharan Africa,2006,19040000,,
OFST.1.F.CP,SDG: Sub-Saharan Africa,2007,18800000,,
OFST.1.F.CP,SDG: Sub-Saharan Africa,2008,18430000,,
OFST.1.F.CP,SDG: Sub-Saharan Africa,2009,18110000,,
OFST.1.F.CP,SDG: Sub-Saharan Africa,2010,17930000,,
OFST.1.F.CP,SDG: Sub-Saharan Africa,2011,17790000,,
OFST.1.F.CP,SDG: Sub-Saharan Africa,2012,17800000,,
OFST.1.F.CP,SDG: Sub-Saharan Africa,2013,18000000,,
OFST.1.F.CP,SDG: Sub-Saharan Africa,2014,18260000,,
OFST.1.F.CP,SDG: Sub-Saharan Africa,2015,18570000,,
OFST.1.F.CP,SDG: Sub-Saharan Africa,2016,18930000,,
OFST.1.F.CP,SDG: Sub-Saharan Africa,2017,19270000,,
OFST.1.F.CP,SDG: Sub-Saharan Africa,2018,19500000,,
OFST.1.F.CP,SDG: Sub-Saharan Africa,2019,19660000,,
OFST.1.F.CP,SDG: Sub-Saharan Africa,2020,19790000,,
OFST.1.F.CP,SDG: Sub-Saharan Africa,2021,19860000,,
OFST.1.F.CP,SDG: Sub-Saharan Africa,2022,19760000,,
OFST.1.F.CP,SDG: Sub-Saharan Africa,2023,19730000,,
OFST.1.F.CP,SDG: Western Asia,2000,2853000,,
OFST.1.F.CP,SDG: Western Asia,2001,2763000,,
OFST.1.F.CP,SDG: Western Asia,2002,2606000,,
OFST.1.F.CP,SDG: Western Asia,2003,2383000,,
OFST.1.F.CP,SDG: Western Asia,2004,2213000,,
OFST.1.F.CP,SDG: Western Asia,2005,2081000,,
OFST.1.F.CP,SDG: Western Asia,2006,1981000,,
OFST.1.F.CP,SDG: Western Asia,2007,1897000,,
OFST.1.F.CP,SDG: Western Asia,2008,1853000,,
OFST.1.F.CP,SDG: Western Asia,2009,1829000,,
OFST.1.F.CP,SDG: Western Asia,2010,1811000,,
OFST.1.F.CP,SDG: Western Asia,2011,1787000,,
OFST.1.F.CP,SDG: Western Asia,2012,1772000,,
OFST.1.F.CP,SDG: Western Asia,2013,1788000,,
OFST.1.F.CP,SDG: Western Asia,2014,1945000,,
OFST.1.F.CP,SDG: Western Asia,2015,2020000,,
OFST.1.F.CP,SDG: Western Asia,2016,2058000,,
OFST.1.F.CP,SDG: Western Asia,2017,2084000,,
OFST.1.F.CP,SDG: Western Asia,2018,2128000,,
OFST.1.F.CP,SDG: Western Asia,2019,2182000,,
OFST.1.F.CP,SDG: Western Asia,2020,2214000,,
OFST.1.F.CP,SDG: Western Asia,2021,2225000,,
OFST.1.F.CP,SDG: Western Asia,2022,2246000,,
OFST.1.F.CP,SDG: Western Asia,2023,2258000,,
OFST.1.F.CP,SDG: World,2000,66350000,,
OFST.1.F.CP,SDG: World,2001,63080000,,
OFST.1.F.CP,SDG: World,2002,59740000,,
OFST.1.F.CP,SDG: World,2003,56350000,,
OFST.1.F.CP,SDG: World,2004,54490000,,
OFST.1.F.CP,SDG: World,2005,52180000,,
OFST.1.F.CP,SDG: World,2006,49800000,,
OFST.1.F.CP,SDG: World,2007,47940000,,
OFST.1.F.CP,SDG: World,2008,46170000,,
OFST.1.F.CP,SDG: World,2009,44850000,,
OFST.1.F.CP,SDG: World,2010,43250000,,
OFST.1.F.CP,SDG: World,2011,41860000,,
OFST.1.F.CP,SDG: World,2012,40880000,,
OFST.1.F.CP,SDG: World,2013,40480000,,
OFST.1.F.CP,SDG: World,2014,40240000,,
OFST.1.F.CP,SDG: World,2015,40090000,,
OFST.1.F.CP,SDG: World,2016,39930000,,
OFST.1.F.CP,SDG: World,2017,39750000,,
OFST.1.F.CP,SDG: World,2018,39610000,,
OFST.1.F.CP,SDG: World,2019,39390000,,
OFST.1.F.CP,SDG: World,2020,39040000,,
OFST.1.F.CP,SDG: World,2021,38740000,,
OFST.1.F.CP,SDG: World,2022,38690000,,
OFST.1.F.CP,SDG: World,2023,38540000,,
OFST.1.F.CP,SDN,2011,1462804,,
OFST.1.F.CP,SDN,2012,1468198,,
OFST.1.F.CP,SDN,2013,1470565,UIS_EST,
OFST.1.F.CP,SDN,2014,1472979,UIS_EST,
OFST.1.F.CP,SDN,2015,1497243,UIS_EST,
OFST.1.F.CP,SDN,2016,1448259,UIS_EST,
OFST.1.F.CP,SDN,2017,1519882,UIS_EST,
OFST.1.F.CP,SDN,2018,1440632,,
OFST.1.F.CP,SDN,2019,1497615,,
OFST.1.F.CP,SEN,1978,337807,,
OFST.1.F.CP,SEN,1979,340704,,
OFST.1.F.CP,SEN,1980,348988,,
OFST.1.F.CP,SEN,1981,358535,,
OFST.1.F.CP,SEN,1982,365929,,
OFST.1.F.CP,SEN,1983,371978,,
OFST.1.F.CP,SEN,1984,381949,,
OFST.1.F.CP,SEN,1985,391894,,
OFST.1.F.CP,SEN,1986,371706,,
OFST.1.F.CP,SEN,1988,390727,,
OFST.1.F.CP,SEN,1990,415487,,
OFST.1.F.CP,SEN,1992,435961,,
OFST.1.F.CP,SEN,1996,429184,,
OFST.1.F.CP,SEN,1997,401812,,
OFST.1.F.CP,SEN,1998,383231,,
OFST.1.F.CP,SEN,1999,396814,,
OFST.1.F.CP,SEN,2000,367364,UIS_EST,
OFST.1.F.CP,SEN,2003,313694,UIS_EST,
OFST.1.F.CP,SEN,2004,322633,,
OFST.1.F.CP,SEN,2005,314944,,
OFST.1.F.CP,SEN,2006,290755,,
OFST.1.F.CP,SEN,2007,270430,UIS_EST,
OFST.1.F.CP,SEN,2008,260479,,
OFST.1.F.CP,SEN,2009,260886,,
OFST.1.F.CP,SEN,2010,255012,,
OFST.1.F.CP,SEN,2011,252401,,
OFST.1.F.CP,SEN,2012,222150,,
OFST.1.F.CP,SEN,2013,234976,,
OFST.1.F.CP,SEN,2014,232067,,
OFST.1.F.CP,SEN,2015,233651,,
OFST.1.F.CP,SEN,2019,234716,UIS_EST,
OFST.1.F.CP,SEN,2020,206440,UIS_EST,
OFST.1.F.CP,SEN,2021,226319,UIS_EST,
OFST.1.F.CP,SEN,2022,216309,,
OFST.1.F.CP,SEN,2023,195212,,
OFST.1.F.CP,SEN,2024,201790,,
OFST.1.F.CP,SGP,2018,150,,
OFST.1.F.CP,SGP,2021,827,,
OFST.1.F.CP,SGP,2022,920,,
OFST.1.F.CP,SGP,2023,287,,
OFST.1.F.CP,SHN,1998,50,,
OFST.1.F.CP,SLB,2005,10096,UIS_EST,
OFST.1.F.CP,SLB,2006,8045,,
OFST.1.F.CP,SLB,2007,8089,,
OFST.1.F.CP,SLB,2013,661,,
OFST.1.F.CP,SLB,2014,1549,,
OFST.1.F.CP,SLB,2015,1326,,
OFST.1.F.CP,SLB,2017,15534.99923706055,,
OFST.1.F.CP,SLB,2018,4682.998920440674,,
OFST.1.F.CP,SLB,2019,4967.000030517578,,
OFST.1.F.CP,SLB,2020,14450.99926757812,,
OFST.1.F.CP,SLB,2023,18954.00063323975,,
OFST.1.F.CP,SLB,2024,18048.00000762939,,
OFST.1.F.CP,SLE,1983,192133,,
OFST.1.F.CP,SLE,2011,38267,,
OFST.1.F.CP,SLE,2012,13192,,
OFST.1.F.CP,SLV,1970,103686,,
OFST.1.F.CP,SLV,1983,80537,,
OFST.1.F.CP,SLV,1998,69032,UIS_EST,
OFST.1.F.CP,SLV,2000,53106,UIS_EST,
OFST.1.F.CP,SLV,2001,43227,,
OFST.1.F.CP,SLV,2002,29050,UIS_EST,
OFST.1.F.CP,SLV,2003,22883,UIS_EST,
OFST.1.F.CP,SLV,2014,19185,,
OFST.1.F.CP,SLV,2015,21581,,
OFST.1.F.CP,SLV,2016,23176,,
OFST.1.F.CP,SLV,2017,36449,,
OFST.1.F.CP,SLV,2018,33360,,
OFST.1.F.CP,SLV,2019,41748,,
OFST.1.F.CP,SLV,2020,43214,,
OFST.1.F.CP,SLV,2021,46011,,
OFST.1.F.CP,SLV,2022,45532,,
OFST.1.F.CP,SLV,2023,42426,,
OFST.1.F.CP,SMR,2008,57,,
OFST.1.F.CP,SMR,2009,60,,
OFST.1.F.CP,SMR,2010,75,,
OFST.1.F.CP,SMR,2011,80,,
OFST.1.F.CP,SMR,2012,68,,
OFST.1.F.CP,SMR,2018,36,,
OFST.1.F.CP,SMR,2019,44,,
OFST.1.F.CP,SMR,2020,42,,
OFST.1.F.CP,SMR,2021,46,,
OFST.1.F.CP,SMR,2022,42,,
OFST.1.F.CP,SMR,2023,44,,
OFST.1.F.CP,SMR,2024,35,,
OFST.1.F.CP,SOM,1976,300333,,
OFST.1.F.CP,SOM,1977,308278,,
OFST.1.F.CP,SOM,1978,321026,,
OFST.1.F.CP,SOM,1979,357855,,
OFST.1.F.CP,SOM,1980,414337,,
OFST.1.F.CP,SRB,2006,165,,
OFST.1.F.CP,SRB,2007,1818,,
OFST.1.F.CP,SRB,2008,2256,,
OFST.1.F.CP,SRB,2009,5510,,
OFST.1.F.CP,SRB,2010,7666,,
OFST.1.F.CP,SRB,2011,3434,,
OFST.1.F.CP,SRB,2012,4830,,
OFST.1.F.CP,SRB,2013,4381,,
OFST.1.F.CP,SRB,2014,1283,,
OFST.1.F.CP,SRB,2015,934,,
OFST.1.F.CP,SRB,2016,1026,,
OFST.1.F.CP,SRB,2017,1250,,
OFST.1.F.CP,SRB,2018,1625,,
OFST.1.F.CP,SRB,2019,2481,,
OFST.1.F.CP,SRB,2020,3747,,
OFST.1.F.CP,SRB,2021,4546,,
OFST.1.F.CP,SRB,2022,4876,,
OFST.1.F.CP,SSD,2011,497982,UIS_EST,
OFST.1.F.CP,SSD,2015,613714,UIS_EST,
OFST.1.F.CP,SSD,2024,564201,,
OFST.1.F.CP,STP,1983,400,,
OFST.1.F.CP,STP,1984,311,,
OFST.1.F.CP,STP,1999,2342,,
OFST.1.F.CP,STP,2002,656,UIS_EST,
OFST.1.F.CP,STP,2003,482,,
OFST.1.F.CP,STP,2004,300,,
OFST.1.F.CP,STP,2005,252,,
OFST.1.F.CP,STP,2007,882,,
OFST.1.F.CP,STP,2008,959,,
OFST.1.F.CP,STP,2009,792,,
OFST.1.F.CP,STP,2010,981,,
OFST.1.F.CP,STP,2013,1447,,
OFST.1.F.CP,STP,2014,1549,,
OFST.1.F.CP,STP,2015,1788,,
OFST.1.F.CP,STP,2017,627,,
OFST.1.F.CP,SUR,1977,1486,,
OFST.1.F.CP,SUR,1978,1245,,
OFST.1.F.CP,SUR,1985,1399,,
OFST.1.F.CP,SUR,1987,2712,,
OFST.1.F.CP,SUR,1988,2864,,
OFST.1.F.CP,SUR,1989,1642,,
OFST.1.F.CP,SUR,2005,5566,,
OFST.1.F.CP,SUR,2006,5790,UIS_EST,
OFST.1.F.CP,SUR,2007,7363,,
OFST.1.F.CP,SUR,2008,6005,UIS_EST,
OFST.1.F.CP,SUR,2009,5260,UIS_EST,
OFST.1.F.CP,SUR,2010,5960,,
OFST.1.F.CP,SUR,2011,6301,,
OFST.1.F.CP,SUR,2012,5930,,
OFST.1.F.CP,SUR,2013,5834,,
OFST.1.F.CP,SUR,2014,5540,,
OFST.1.F.CP,SUR,2015,5145,,
OFST.1.F.CP,SUR,2016,4787,UIS_EST,
OFST.1.F.CP,SUR,2017,6183,,
OFST.1.F.CP,SUR,2018,5983,,
OFST.1.F.CP,SUR,2019,5345,,
OFST.1.F.CP,SUR,2020,5852,,
OFST.1.F.CP,SUR,2021,6297,,
OFST.1.F.CP,SUR,2023,4385.84364761383,,
OFST.1.F.CP,SVK,2001,1256,UIS_EST,
OFST.1.F.CP,SVK,2002,2855,,
OFST.1.F.CP,SVK,2003,3448,,
OFST.1.F.CP,SVK,2004,3204,,
OFST.1.F.CP,SVK,2005,3186,,
OFST.1.F.CP,SVK,2006,3868,,
OFST.1.F.CP,SVK,2007,3675,,
OFST.1.F.CP,SVK,2008,3776,,
OFST.1.F.CP,SVK,2009,4593,,
OFST.1.F.CP,SVK,2010,4796,,
OFST.1.F.CP,SVK,2011,5370,,
OFST.1.F.CP,SVK,2012,5845,,
OFST.1.F.CP,SVK,2013,5993,,
OFST.1.F.CP,SVK,2014,6448,,
OFST.1.F.CP,SVK,2015,6475,,
OFST.1.F.CP,SVK,2016,7086,,
OFST.1.F.CP,SVK,2017,6547,,
OFST.1.F.CP,SVK,2018,7930,,
OFST.1.F.CP,SVK,2019,6794,,
OFST.1.F.CP,SVK,2020,5583,,
OFST.1.F.CP,SVK,2021,4877,,
OFST.1.F.CP,SVK,2022,3148,,
OFST.1.F.CP,SVK,2023,1370,,
OFST.1.F.CP,SVN,2000,253,,
OFST.1.F.CP,SVN,2001,904,,
OFST.1.F.CP,SVN,2002,1096,,
OFST.1.F.CP,SVN,2003,975,,
OFST.1.F.CP,SVN,2004,1170,,
OFST.1.F.CP,SVN,2005,974,,
OFST.1.F.CP,SVN,2006,698,,
OFST.1.F.CP,SVN,2007,1381,,
OFST.1.F.CP,SVN,2008,1126,,
OFST.1.F.CP,SVN,2009,1142,,
OFST.1.F.CP,SVN,2010,1057,,
OFST.1.F.CP,SVN,2011,1140,,
OFST.1.F.CP,SVN,2012,995,,
OFST.1.F.CP,SVN,2013,1001,,
OFST.1.F.CP,SVN,2014,1015,,
OFST.1.F.CP,SVN,2015,969,,
OFST.1.F.CP,SVN,2016,1218,,
OFST.1.F.CP,SVN,2017,1213,,
OFST.1.F.CP,SVN,2018,918,,
OFST.1.F.CP,SVN,2019,808,,
OFST.1.F.CP,SVN,2020,659,,
OFST.1.F.CP,SVN,2021,940,,
OFST.1.F.CP,SVN,2022,763,,
OFST.1.F.CP,SVN,2023,853,,
OFST.1.F.CP,SWE,2001,2124,,
OFST.1.F.CP,SWE,2002,2293,,
OFST.1.F.CP,SWE,2009,2096,,
OFST.1.F.CP,SWE,2010,3160,,
OFST.1.F.CP,SWE,2011,7425,,
OFST.1.F.CP,SWE,2012,2179,,
OFST.1.F.CP,SWE,2013,2723,,
OFST.1.F.CP,SWE,2014,4016,,
OFST.1.F.CP,SWE,2015,2676,,
OFST.1.F.CP,SWE,2016,1575,,
OFST.1.F.CP,SWE,2018,1851,,
OFST.1.F.CP,SWE,2019,2920,,
OFST.1.F.CP,SWE,2020,2582,,
OFST.1.F.CP,SWE,2021,1898,,
OFST.1.F.CP,SWE,2022,2102,,
OFST.1.F.CP,SWE,2023,1494,,
OFST.1.F.CP,SWZ,1970,19005,,
OFST.1.F.CP,SWZ,1971,19326,,
OFST.1.F.CP,SWZ,1972,18574,,
OFST.1.F.CP,SWZ,1973,17257,,
OFST.1.F.CP,SWZ,1974,16566,,
OFST.1.F.CP,SWZ,1975,15388,,
OFST.1.F.CP,SWZ,1976,15059,,
OFST.1.F.CP,SWZ,1977,14700,,
OFST.1.F.CP,SWZ,1978,14777,,
OFST.1.F.CP,SWZ,1979,14692,,
OFST.1.F.CP,SWZ,1981,13365,,
OFST.1.F.CP,SWZ,1982,14748,,
OFST.1.F.CP,SWZ,1983,16151,,
OFST.1.F.CP,SWZ,1984,17340,,
OFST.1.F.CP,SWZ,1985,17099,,
OFST.1.F.CP,SWZ,1986,19056,,
OFST.1.F.CP,SWZ,1987,19293,,
OFST.1.F.CP,SWZ,1988,20781,,
OFST.1.F.CP,SWZ,1989,21925,,
OFST.1.F.CP,SWZ,1990,21588,,
OFST.1.F.CP,SWZ,1991,22737,UIS_EST,
OFST.1.F.CP,SWZ,1992,23357,,
OFST.1.F.CP,SWZ,1993,25865,,
OFST.1.F.CP,SWZ,1994,25675,,
OFST.1.F.CP,SWZ,1995,24626,,
OFST.1.F.CP,SWZ,1996,27536,,
OFST.1.F.CP,SWZ,2009,20301,,
OFST.1.F.CP,SWZ,2010,13738,,
OFST.1.F.CP,SWZ,2011,10616,,
OFST.1.F.CP,SWZ,2012,13246,,
OFST.1.F.CP,SWZ,2013,14840,,
OFST.1.F.CP,SWZ,2014,12583,,
OFST.1.F.CP,SWZ,2015,12259,,
OFST.1.F.CP,SWZ,2016,11397,,
OFST.1.F.CP,SWZ,2017,11547,,
OFST.1.F.CP,SWZ,2018,10732,,
OFST.1.F.CP,SWZ,2019,9364,,
OFST.1.F.CP,SWZ,2022,4410,,
OFST.1.F.CP,SYC,1979,619,,
OFST.1.F.CP,SYC,1993,296,,
OFST.1.F.CP,SYC,1994,128,,
OFST.1.F.CP,SYC,1995,136,,
OFST.1.F.CP,SYC,1996,185,,
OFST.1.F.CP,SYC,2001,362,,
OFST.1.F.CP,SYC,2002,171,UIS_EST,
OFST.1.F.CP,SYC,2003,108,UIS_EST,
OFST.1.F.CP,SYC,2004,339,UIS_EST,
OFST.1.F.CP,SYC,2005,176,UIS_EST,
OFST.1.F.CP,SYC,2019,68,,
OFST.1.F.CP,SYC,2020,163,,
OFST.1.F.CP,SYC,2021,232,,
OFST.1.F.CP,SYC,2022,83,,
OFST.1.F.CP,SYC,2023,214,,
OFST.1.F.CP,SYC,2024,323,,
OFST.1.F.CP,SYR,1971,257702,,
OFST.1.F.CP,SYR,1973,217642,,
OFST.1.F.CP,SYR,1974,211242,,
OFST.1.F.CP,SYR,1975,217695,,
OFST.1.F.CP,SYR,1976,212427,,
OFST.1.F.CP,SYR,1977,213470,,
OFST.1.F.CP,SYR,1978,228142,,
OFST.1.F.CP,SYR,1979,227842,,
OFST.1.F.CP,SYR,1980,210491,,
OFST.1.F.CP,SYR,1981,204569,,
OFST.1.F.CP,SYR,1982,194016,,
OFST.1.F.CP,SYR,1983,186572,,
OFST.1.F.CP,SYR,1984,167108,,
OFST.1.F.CP,SYR,1985,149796,,
OFST.1.F.CP,SYR,1986,130608,,
OFST.1.F.CP,SYR,1987,91824,,
OFST.1.F.CP,SYR,1988,90660,,
OFST.1.F.CP,SYR,1989,82464,UIS_EST,
OFST.1.F.CP,SYR,1990,86884,,
OFST.1.F.CP,SYR,1995,102372,,
OFST.1.F.CP,SYR,1996,121922,,
OFST.1.F.CP,SYR,1997,136564,,
OFST.1.F.CP,SYR,1998,126863,,
OFST.1.F.CP,SYR,1999,123506,,
OFST.1.F.CP,SYR,2000,122811,,
OFST.1.F.CP,SYR,2001,119079,,
OFST.1.F.CP,SYR,2002,102537,,
OFST.1.F.CP,SYR,2013,380662,,
OFST.1.F.CP,SYR,2020,543555,,
OFST.1.F.CP,SYR,2021,533973,,
OFST.1.F.CP,SYR,2022,452002,,
OFST.1.F.CP,SYR,2023,359030,,
OFST.1.F.CP,SYR,2024,279350,,
OFST.1.F.CP,TCA,1997,114,,
OFST.1.F.CP,TCA,1999,55,UIS_EST,
OFST.1.F.CP,TCA,2000,36,UIS_EST,
OFST.1.F.CP,TCA,2002,27,,
OFST.1.F.CP,TCA,2003,212,,
OFST.1.F.CP,TCA,2004,100,,
OFST.1.F.CP,TCA,2005,106,,
OFST.1.F.CP,TCA,2014,238,,
OFST.1.F.CP,TCA,2015,201,,
OFST.1.F.CP,TCD,1975,280888,,
OFST.1.F.CP,TCD,1977,297102,,
OFST.1.F.CP,TCD,1988,371653,,
OFST.1.F.CP,TCD,1997,444510,,
OFST.1.F.CP,TCD,1998,434317,,
OFST.1.F.CP,TCD,1999,440170,,
OFST.1.F.CP,TCD,2000,446144,,
OFST.1.F.CP,TCD,2001,448871,UIS_EST,
OFST.1.F.CP,TCD,2002,438598,,
OFST.1.F.CP,TCD,2003,440107,UIS_EST,
OFST.1.F.CP,TCD,2011,504919,,
OFST.1.F.CP,TCD,2013,395433,UIS_EST,
OFST.1.F.CP,TCD,2015,414523,,
OFST.1.F.CP,TCD,2016,502093,,
OFST.1.F.CP,TCD,2017,598843,,
OFST.1.F.CP,TCD,2018,534236,,
OFST.1.F.CP,TCD,2019,563800,,
OFST.1.F.CP,TCD,2021,553691,,
OFST.1.F.CP,TCD,2022,563665,,
OFST.1.F.CP,TCD,2023,547558,,
OFST.1.F.CP,TCD,2024,519892,,
OFST.1.F.CP,TGO,1971,132358,,
OFST.1.F.CP,TGO,1972,132536,,
OFST.1.F.CP,TGO,1978,116303,,
OFST.1.F.CP,TGO,1979,114873,,
OFST.1.F.CP,TGO,1980,116461,,
OFST.1.F.CP,TGO,1982,129413,,
OFST.1.F.CP,TGO,1983,134377,,
OFST.1.F.CP,TGO,1984,156593,,
OFST.1.F.CP,TGO,1985,165217,,
OFST.1.F.CP,TGO,1986,179601,,
OFST.1.F.CP,TGO,1987,164177,,
OFST.1.F.CP,TGO,1988,165056,,
OFST.1.F.CP,TGO,1989,167360,,
OFST.1.F.CP,TGO,1990,165059,,
OFST.1.F.CP,TGO,1991,159697,,
OFST.1.F.CP,TGO,1994,155888,,
OFST.1.F.CP,TGO,1995,137071,,
OFST.1.F.CP,TGO,1996,121789,,
OFST.1.F.CP,TGO,1997,134970,,
OFST.1.F.CP,TGO,1999,92459,,
OFST.1.F.CP,TGO,2001,96420,,
OFST.1.F.CP,TGO,2002,80432,,
OFST.1.F.CP,TGO,2003,92920,,
OFST.1.F.CP,TGO,2004,80817,,
OFST.1.F.CP,TGO,2005,81858,,
OFST.1.F.CP,TGO,2006,67684,,
OFST.1.F.CP,TGO,2007,85328,,
OFST.1.F.CP,TGO,2008,78317,,
OFST.1.F.CP,TGO,2014,66754,,
OFST.1.F.CP,TGO,2015,60248,,
OFST.1.F.CP,TGO,2016,109429.317,,
OFST.1.F.CP,TGO,2017,72362,,
OFST.1.F.CP,TGO,2018,74750,,
OFST.1.F.CP,TGO,2019,55434,,
OFST.1.F.CP,TGO,2020,33315,,
OFST.1.F.CP,TGO,2021,31015,,
OFST.1.F.CP,THA,2006,144172,,
OFST.1.F.CP,THA,2007,159639,,
OFST.1.F.CP,THA,2008,194246,,
OFST.1.F.CP,THA,2009,215723,,
OFST.1.F.CP,THA,2024,23928,,
OFST.1.F.CP,TJK,2011,15860,,
OFST.1.F.CP,TJK,2012,29232,,
OFST.1.F.CP,TJK,2013,39312,,
OFST.1.F.CP,TJK,2014,41888,,
OFST.1.F.CP,TJK,2015,40326,,
OFST.1.F.CP,TJK,2016,34953,,
OFST.1.F.CP,TJK,2017,26358,,
OFST.1.F.CP,TKL,2016,20.00000286102295,,
OFST.1.F.CP,TKL,2019,26.99999649822712,,
OFST.1.F.CP,TKL,2020,30.9999978095293,,
OFST.1.F.CP,TKL,2021,26.99999830126762,,
OFST.1.F.CP,TKL,2023,37.99999879300594,,
OFST.1.F.CP,TKL,2024,85.99999912083149,,
OFST.1.F.CP,TKM,2022,7809,,
OFST.1.F.CP,TKM,2023,8836,UIS_EST,
OFST.1.F.CP,TKM,2024,14065,,
OFST.1.F.CP,TLS,2008,9472,,
OFST.1.F.CP,TLS,2009,5982,,
OFST.1.F.CP,TLS,2010,4231,,
OFST.1.F.CP,TLS,2011,2801,,
OFST.1.F.CP,TLS,2012,4901,,
OFST.1.F.CP,TLS,2013,4633,,
OFST.1.F.CP,TLS,2014,3856,,
OFST.1.F.CP,TLS,2015,3441,,
OFST.1.F.CP,TLS,2016,4206,,
OFST.1.F.CP,TLS,2017,2225,,
OFST.1.F.CP,TLS,2018,3311,,
OFST.1.F.CP,TLS,2019,3057,,
OFST.1.F.CP,TLS,2020,2767,,
OFST.1.F.CP,TLS,2023,4375,,
OFST.1.F.CP,TTO,1971,7696,,
OFST.1.F.CP,TTO,1972,7348,,
OFST.1.F.CP,TTO,1973,7281,,
OFST.1.F.CP,TTO,1974,7353,,
OFST.1.F.CP,TTO,1975,7012,,
OFST.1.F.CP,TTO,1976,5196,,
OFST.1.F.CP,TTO,1977,6742,,
OFST.1.F.CP,TTO,1978,8682,,
OFST.1.F.CP,TTO,1979,12469,,
OFST.1.F.CP,TTO,1980,14682,,
OFST.1.F.CP,TTO,1981,9290,,
OFST.1.F.CP,TTO,1982,8200,,
OFST.1.F.CP,TTO,1983,7127,,
OFST.1.F.CP,TTO,1984,8491,,
OFST.1.F.CP,TTO,1985,8461,,
OFST.1.F.CP,TTO,1986,10870,,
OFST.1.F.CP,TTO,1987,10300,,
OFST.1.F.CP,TTO,1988,9688,,
OFST.1.F.CP,TTO,1989,10846,,
OFST.1.F.CP,TTO,1990,10323,,
OFST.1.F.CP,TTO,1991,11548,,
OFST.1.F.CP,TTO,1992,11161,,
OFST.1.F.CP,TTO,1993,11321,,
OFST.1.F.CP,TTO,1996,12018,,
OFST.1.F.CP,TTO,1997,12127,,
OFST.1.F.CP,TTO,1999,3481,,
OFST.1.F.CP,TTO,2000,2534,UIS_EST,
OFST.1.F.CP,TTO,2001,3032,UIS_EST,
OFST.1.F.CP,TTO,2002,6012,UIS_EST,
OFST.1.F.CP,TTO,2003,6090,,
OFST.1.F.CP,TTO,2004,4282,NAT_EST,
OFST.1.F.CP,TTO,2005,6341,NAT_EST,
OFST.1.F.CP,TTO,2007,1978,NAT_EST,
OFST.1.F.CP,TTO,2008,5202,,
OFST.1.F.CP,TTO,2009,5322,NAT_EST,
OFST.1.F.CP,TTO,2010,3538,,
OFST.1.F.CP,TTO,2023,18243,,
OFST.1.F.CP,TUN,1971,152272,,
OFST.1.F.CP,TUN,1975,198697,,
OFST.1.F.CP,TUN,1978,193448,,
OFST.1.F.CP,TUN,1979,178293,,
OFST.1.F.CP,TUN,1980,163499,,
OFST.1.F.CP,TUN,1981,148025,,
OFST.1.F.CP,TUN,1982,129966,,
OFST.1.F.CP,TUN,1983,110840,,
OFST.1.F.CP,TUN,1984,92060,,
OFST.1.F.CP,TUN,1985,88750,,
OFST.1.F.CP,TUN,1986,84062,,
OFST.1.F.CP,TUN,1987,81756,,
OFST.1.F.CP,TUN,1988,82530,,
OFST.1.F.CP,TUN,1989,75465,,
OFST.1.F.CP,TUN,1990,70735,,
OFST.1.F.CP,TUN,1991,63583,,
OFST.1.F.CP,TUN,1992,62923,,
OFST.1.F.CP,TUN,1993,56384,,
OFST.1.F.CP,TUN,1994,53074,,
OFST.1.F.CP,TUN,1995,44103,,
OFST.1.F.CP,TUN,1996,44090,,
OFST.1.F.CP,TUN,1997,41569,,
OFST.1.F.CP,TUN,1999,34465,UIS_EST,
OFST.1.F.CP,TUN,2000,29781,,
OFST.1.F.CP,TUN,2001,22163,,
OFST.1.F.CP,TUN,2002,6831,UIS_EST,
OFST.1.F.CP,TUN,2003,2434,,
OFST.1.F.CP,TUN,2004,698,UIS_EST,
OFST.1.F.CP,TUN,2005,11541,,
OFST.1.F.CP,TUN,2006,11753,,
OFST.1.F.CP,TUN,2007,18962,,
OFST.1.F.CP,TUN,2008,19228,,
OFST.1.F.CP,TUN,2009,17432,,
OFST.1.F.CP,TUN,2010,12572,,
OFST.1.F.CP,TUN,2011,11653,,
OFST.1.F.CP,TUN,2020,4396,,
OFST.1.F.CP,TUN,2021,4451,,
OFST.1.F.CP,TUN,2022,4862,,
OFST.1.F.CP,TUN,2023,2882,,
OFST.1.F.CP,TUR,2014,4981,,
OFST.1.F.CP,TUR,2015,29975,,
OFST.1.F.CP,TUR,2016,39850,,
OFST.1.F.CP,TUR,2017,12296,,
OFST.1.F.CP,TUV,2016,22,,
OFST.1.F.CP,TUV,2019,58,,
OFST.1.F.CP,TZA,1981,597046,,
OFST.1.F.CP,TZA,1982,715267,,
OFST.1.F.CP,TZA,1983,769051,,
OFST.1.F.CP,TZA,1985,964769,,
OFST.1.F.CP,TZA,1986,1023227,,
OFST.1.F.CP,TZA,1987,1100594,,
OFST.1.F.CP,TZA,1988,1170904,,
OFST.1.F.CP,TZA,1989,1208634,,
OFST.1.F.CP,TZA,1990,1258528,,
OFST.1.F.CP,TZA,1991,1303594,,
OFST.1.F.CP,TZA,1992,1323764,,
OFST.1.F.CP,TZA,1993,1354613,,
OFST.1.F.CP,TZA,1994,1400622,,
OFST.1.F.CP,TZA,1995,1429270,,
OFST.1.F.CP,TZA,1996,1449162,,
OFST.1.F.CP,TZA,1997,1452978,,
OFST.1.F.CP,TZA,1998,1486736,,
OFST.1.F.CP,TZA,1999,1496045,,
OFST.1.F.CP,TZA,2000,1414789,UIS_EST,
OFST.1.F.CP,TZA,2001,1310149,UIS_EST,
OFST.1.F.CP,TZA,2002,862126,,
OFST.1.F.CP,TZA,2003,613897,UIS_EST,
OFST.1.F.CP,TZA,2004,487579,,
OFST.1.F.CP,TZA,2005,359834,,
OFST.1.F.CP,TZA,2006,186134,,
OFST.1.F.CP,TZA,2008,159106,,
OFST.1.F.CP,TZA,2010,384331,,
OFST.1.F.CP,TZA,2011,405823,,
OFST.1.F.CP,TZA,2012,552867,,
OFST.1.F.CP,TZA,2013,692505,,
OFST.1.F.CP,TZA,2014,756416,,
OFST.1.F.CP,TZA,2015,875026,,
OFST.1.F.CP,TZA,2016,963728,,
OFST.1.F.CP,TZA,2017,1017305,,
OFST.1.F.CP,TZA,2018,825676,,
OFST.1.F.CP,TZA,2019,701792,,
OFST.1.F.CP,TZA,2020,658248,,
OFST.1.F.CP,TZA,2021,613026,,
OFST.1.F.CP,TZA,2022,620835,,
OFST.1.F.CP,TZA,2023,684198,,
OFST.1.F.CP,TZA,2024,822227,,
OFST.1.F.CP,UGA,1979,907519,,
OFST.1.F.CP,UGA,1981,912187,,
OFST.1.F.CP,UGA,1982,893327,,
OFST.1.F.CP,UGA,1986,748751,,
OFST.1.F.CP,UGA,2009,159889,UIS_EST,
OFST.1.F.CP,UGA,2010,284257,,
OFST.1.F.CP,UGA,2011,178564,,
OFST.1.F.CP,UGA,2013,128991,,
OFST.1.F.CP,UKR,2002,15749,UIS_EST,
OFST.1.F.CP,UKR,2003,77888,UIS_EST,
OFST.1.F.CP,UKR,2004,76792,NAT_EST,
OFST.1.F.CP,UKR,2005,69087,NAT_EST,
OFST.1.F.CP,UKR,2006,65686,NAT_EST,
OFST.1.F.CP,UKR,2007,60205,NAT_EST,
OFST.1.F.CP,UKR,2008,56536,NAT_EST,
OFST.1.F.CP,UKR,2009,57632,NAT_EST,
OFST.1.F.CP,UKR,2010,59679,,
OFST.1.F.CP,UKR,2011,65642,,
OFST.1.F.CP,UKR,2012,75633,,
OFST.1.F.CP,UKR,2013,84042,,
OFST.1.F.CP,UKR,2014,91208,,
OFST.1.F.CP,UKR,2015,129363,,
OFST.1.F.CP,UKR,2016,140291,,
OFST.1.F.CP,UKR,2017,144994,,
OFST.1.F.CP,UKR,2018,150378,,
OFST.1.F.CP,UKR,2019,149653,,
OFST.1.F.CP,UKR,2020,148817,,
OFST.1.F.CP,UKR,2021,144742,,
OFST.1.F.CP,URY,2005,741,,
OFST.1.F.CP,URY,2006,3957,,
OFST.1.F.CP,URY,2007,7670,,
OFST.1.F.CP,URY,2008,5485,,
OFST.1.F.CP,URY,2009,4582,,
OFST.1.F.CP,URY,2010,2891,UIS_EST,
OFST.1.F.CP,URY,2011,1859,,
OFST.1.F.CP,URY,2012,2341,,
OFST.1.F.CP,URY,2013,668,,
OFST.1.F.CP,URY,2014,6663,,
OFST.1.F.CP,URY,2015,883,,
OFST.1.F.CP,USA,2005,31482,,
OFST.1.F.CP,USA,2013,377311,,
OFST.1.F.CP,USA,2015,231900,,
OFST.1.F.CP,USA,2016,52078,,
OFST.1.F.CP,USA,2018,76669,,
OFST.1.F.CP,USA,2019,101961,,
OFST.1.F.CP,USA,2020,243827,,
OFST.1.F.CP,USA,2021,495363,,
OFST.1.F.CP,USA,2022,448218,,
OFST.1.F.CP,UZB,2007,65775,,
OFST.1.F.CP,UZB,2008,35126,,
OFST.1.F.CP,UZB,2009,29646,,
OFST.1.F.CP,UZB,2010,38394,,
OFST.1.F.CP,UZB,2011,50242,,
OFST.1.F.CP,UZB,2012,54151,,
OFST.1.F.CP,UZB,2013,51724,,
OFST.1.F.CP,UZB,2014,31847,,
OFST.1.F.CP,UZB,2015,30142,,
OFST.1.F.CP,UZB,2016,23964,,
OFST.1.F.CP,UZB,2017,27454,,
OFST.1.F.CP,UZB,2019,20611,,
OFST.1.F.CP,UZB,2020,17423,,
OFST.1.F.CP,UZB,2021,17498,,
OFST.1.F.CP,UZB,2022,53023,,
OFST.1.F.CP,UZB,2023,61295,,
OFST.1.F.CP,VCT,1984,779,,
OFST.1.F.CP,VCT,1986,624,,
OFST.1.F.CP,VCT,1994,18,,
OFST.1.F.CP,VCT,2000,138,UIS_EST,
OFST.1.F.CP,VCT,2004,60,,
OFST.1.F.CP,VCT,2005,340,,
OFST.1.F.CP,VCT,2007,58,,
OFST.1.F.CP,VEN,1999,181421,UIS_EST,
OFST.1.F.CP,VEN,2000,139587,UIS_EST,
OFST.1.F.CP,VEN,2001,106277,UIS_EST,
OFST.1.F.CP,VEN,2002,52837,UIS_EST,
OFST.1.F.CP,VEN,2003,81019,UIS_EST,
OFST.1.F.CP,VEN,2004,81206,UIS_EST,
OFST.1.F.CP,VEN,2005,93819,UIS_EST,
OFST.1.F.CP,VEN,2006,95436,UIS_EST,
OFST.1.F.CP,VEN,2007,74006,UIS_EST,
OFST.1.F.CP,VEN,2008,110468,,
OFST.1.F.CP,VEN,2009,85470,,
OFST.1.F.CP,VEN,2010,73719,,
OFST.1.F.CP,VEN,2011,70965,,
OFST.1.F.CP,VEN,2012,94611,,
OFST.1.F.CP,VEN,2013,109200,,
OFST.1.F.CP,VEN,2014,101284,,
OFST.1.F.CP,VEN,2015,113170,,
OFST.1.F.CP,VEN,2016,156199,,
OFST.1.F.CP,VEN,2017,192258,,
OFST.1.F.CP,VGB,1983,103,,
OFST.1.F.CP,VGB,1984,155,,
OFST.1.F.CP,VGB,1985,46,,
OFST.1.F.CP,VGB,1990,65,,
OFST.1.F.CP,VGB,1991,46,,
OFST.1.F.CP,VGB,1994,10,,
OFST.1.F.CP,VGB,2000,173,,
OFST.1.F.CP,VGB,2001,19,,
OFST.1.F.CP,VGB,2003,65,,
OFST.1.F.CP,VGB,2005,111,UIS_EST,
OFST.1.F.CP,VGB,2006,144,,
OFST.1.F.CP,VGB,2012,66,,
OFST.1.F.CP,VGB,2013,111,,
OFST.1.F.CP,VGB,2014,107,,
OFST.1.F.CP,VGB,2015,190,,
OFST.1.F.CP,VGB,2016,242,,
OFST.1.F.CP,VGB,2017,74,,
OFST.1.F.CP,VGB,2018,393,,
OFST.1.F.CP,VGB,2019,334,,
OFST.1.F.CP,VGB,2020,80,,
OFST.1.F.CP,VGB,2021,129,,
OFST.1.F.CP,VGB,2022,398,,
OFST.1.F.CP,VGB,2023,208,,
OFST.1.F.CP,VGB,2024,555,,
OFST.1.F.CP,VNM,2021,105509,,
OFST.1.F.CP,VUT,1981,1149,,
OFST.1.F.CP,VUT,1989,1595,,
OFST.1.F.CP,VUT,1999,1593,UIS_EST,
OFST.1.F.CP,VUT,2000,1237,UIS_EST,
OFST.1.F.CP,VUT,2001,774,UIS_EST,
OFST.1.F.CP,VUT,2002,458,UIS_EST,
OFST.1.F.CP,VUT,2003,532,UIS_EST,
OFST.1.F.CP,VUT,2004,771,UIS_EST,
OFST.1.F.CP,VUT,2022,400.000186920166,,
OFST.1.F.CP,VUT,2023,601.0000057220459,,
OFST.1.F.CP,VUT,2024,495.0001811981201,,
OFST.1.F.CP,WB: High income (July 2025),2000,1541000,,
OFST.1.F.CP,WB: High income (July 2025),2001,1634000,,
OFST.1.F.CP,WB: High income (July 2025),2002,1526000,,
OFST.1.F.CP,WB: High income (July 2025),2003,1143000,,
OFST.1.F.CP,WB: High income (July 2025),2004,1164000,,
OFST.1.F.CP,WB: High income (July 2025),2005,912400,,
OFST.1.F.CP,WB: High income (July 2025),2006,825400,,
OFST.1.F.CP,WB: High income (July 2025),2007,810700,,
OFST.1.F.CP,WB: High income (July 2025),2008,808100,,
OFST.1.F.CP,WB: High income (July 2025),2009,788700,,
OFST.1.F.CP,WB: High income (July 2025),2010,764000,,
OFST.1.F.CP,WB: High income (July 2025),2011,720500,,
OFST.1.F.CP,WB: High income (July 2025),2012,678300,,
OFST.1.F.CP,WB: High income (July 2025),2013,655200,,
OFST.1.F.CP,WB: High income (July 2025),2014,631100,,
OFST.1.F.CP,WB: High income (July 2025),2015,616100,,
OFST.1.F.CP,WB: High income (July 2025),2016,608300,,
OFST.1.F.CP,WB: High income (July 2025),2017,614300,,
OFST.1.F.CP,WB: High income (July 2025),2018,628800,,
OFST.1.F.CP,WB: High income (July 2025),2019,652100,,
OFST.1.F.CP,WB: High income (July 2025),2020,698700,,
OFST.1.F.CP,WB: High income (July 2025),2021,771800,,
OFST.1.F.CP,WB: High income (July 2025),2022,847000,,
OFST.1.F.CP,WB: High income (July 2025),2023,912500,,
OFST.1.F.CP,WB: Low income (July 2025),2000,16230000,,
OFST.1.F.CP,WB: Low income (July 2025),2001,15880000,,
OFST.1.F.CP,WB: Low income (July 2025),2002,15520000,,
OFST.1.F.CP,WB: Low income (July 2025),2003,15080000,,
OFST.1.F.CP,WB: Low income (July 2025),2004,14650000,,
OFST.1.F.CP,WB: Low income (July 2025),2005,14220000,,
OFST.1.F.CP,WB: Low income (July 2025),2006,13870000,,
OFST.1.F.CP,WB: Low income (July 2025),2007,13530000,,
OFST.1.F.CP,WB: Low income (July 2025),2008,13210000,,
OFST.1.F.CP,WB: Low income (July 2025),2009,12970000,,
OFST.1.F.CP,WB: Low income (July 2025),2010,12880000,,
OFST.1.F.CP,WB: Low income (July 2025),2011,12890000,,
OFST.1.F.CP,WB: Low income (July 2025),2012,12930000,,
OFST.1.F.CP,WB: Low income (July 2025),2013,13050000,,
OFST.1.F.CP,WB: Low income (July 2025),2014,13350000,,
OFST.1.F.CP,WB: Low income (July 2025),2015,13630000,,
OFST.1.F.CP,WB: Low income (July 2025),2016,13880000,,
OFST.1.F.CP,WB: Low income (July 2025),2017,14090000,,
OFST.1.F.CP,WB: Low income (July 2025),2018,14360000,,
OFST.1.F.CP,WB: Low income (July 2025),2019,14630000,,
OFST.1.F.CP,WB: Low income (July 2025),2020,14840000,,
OFST.1.F.CP,WB: Low income (July 2025),2021,15020000,,
OFST.1.F.CP,WB: Low income (July 2025),2022,15400000,,
OFST.1.F.CP,WB: Low income (July 2025),2023,15630000,,
OFST.1.F.CP,WB: Lower middle income (July 2025),2000,41100000,,
OFST.1.F.CP,WB: Lower middle income (July 2025),2001,38590000,,
OFST.1.F.CP,WB: Lower middle income (July 2025),2002,36200000,,
OFST.1.F.CP,WB: Lower middle income (July 2025),2003,34030000,,
OFST.1.F.CP,WB: Lower middle income (July 2025),2004,32460000,,
OFST.1.F.CP,WB: Lower middle income (July 2025),2005,31380000,,
OFST.1.F.CP,WB: Lower middle income (July 2025),2006,30080000,,
OFST.1.F.CP,WB: Lower middle income (July 2025),2007,29100000,,
OFST.1.F.CP,WB: Lower middle income (July 2025),2008,28080000,,
OFST.1.F.CP,WB: Lower middle income (July 2025),2009,27360000,,
OFST.1.F.CP,WB: Lower middle income (July 2025),2010,26050000,,
OFST.1.F.CP,WB: Lower middle income (July 2025),2011,24860000,,
OFST.1.F.CP,WB: Lower middle income (July 2025),2012,23890000,,
OFST.1.F.CP,WB: Lower middle income (July 2025),2013,23090000,,
OFST.1.F.CP,WB: Lower middle income (July 2025),2014,22280000,,
OFST.1.F.CP,WB: Lower middle income (July 2025),2015,21650000,,
OFST.1.F.CP,WB: Lower middle income (July 2025),2016,21170000,,
OFST.1.F.CP,WB: Lower middle income (July 2025),2017,20630000,,
OFST.1.F.CP,WB: Lower middle income (July 2025),2018,20110000,,
OFST.1.F.CP,WB: Lower middle income (July 2025),2019,19570000,,
OFST.1.F.CP,WB: Lower middle income (July 2025),2020,19000000,,
OFST.1.F.CP,WB: Lower middle income (July 2025),2021,18480000,,
OFST.1.F.CP,WB: Lower middle income (July 2025),2022,17890000,,
OFST.1.F.CP,WB: Lower middle income (July 2025),2023,17400000,,
OFST.1.F.CP,WB: Upper middle income (July 2025),2000,7342000,,
OFST.1.F.CP,WB: Upper middle income (July 2025),2001,6894000,,
OFST.1.F.CP,WB: Upper middle income (July 2025),2002,6438000,,
OFST.1.F.CP,WB: Upper middle income (July 2025),2003,6055000,,
OFST.1.F.CP,WB: Upper middle income (July 2025),2004,6073000,,
OFST.1.F.CP,WB: Upper middle income (July 2025),2005,5520000,,
OFST.1.F.CP,WB: Upper middle income (July 2025),2006,4924000,,
OFST.1.F.CP,WB: Upper middle income (July 2025),2007,4399000,,
OFST.1.F.CP,WB: Upper middle income (July 2025),2008,3966000,,
OFST.1.F.CP,WB: Upper middle income (July 2025),2009,3654000,,
OFST.1.F.CP,WB: Upper middle income (July 2025),2010,3464000,,
OFST.1.F.CP,WB: Upper middle income (July 2025),2011,3310000,,
OFST.1.F.CP,WB: Upper middle income (July 2025),2012,3330000,,
OFST.1.F.CP,WB: Upper middle income (July 2025),2013,3570000,,
OFST.1.F.CP,WB: Upper middle income (July 2025),2014,3848000,,
OFST.1.F.CP,WB: Upper middle income (July 2025),2015,4072000,,
OFST.1.F.CP,WB: Upper middle income (July 2025),2016,4199000,,
OFST.1.F.CP,WB: Upper middle income (July 2025),2017,4314000,,
OFST.1.F.CP,WB: Upper middle income (July 2025),2018,4423000,,
OFST.1.F.CP,WB: Upper middle income (July 2025),2019,4452000,,
OFST.1.F.CP,WB: Upper middle income (July 2025),2020,4457000,,
OFST.1.F.CP,WB: Upper middle income (July 2025),2021,4465000,,
OFST.1.F.CP,WB: Upper middle income (July 2025),2022,4471000,,
OFST.1.F.CP,WB: Upper middle income (July 2025),2023,4470000,,
OFST.1.F.CP,WSM,1994,1036,,
OFST.1.F.CP,WSM,1998,524,UIS_EST,
OFST.1.F.CP,WSM,1999,1173,,
OFST.1.F.CP,WSM,2007,514,,
OFST.1.F.CP,WSM,2009,547,,
OFST.1.F.CP,WSM,2012,203.9998874664288,,
OFST.1.F.CP,WSM,2018,71.99969863891602,,
OFST.1.F.CP,WSM,2019,395.9998531341553,,
OFST.1.F.CP,WSM,2020,1118.999830245972,,
OFST.1.F.CP,WSM,2022,93.00014305114746,,
OFST.1.F.CP,WSM,2023,719.9997005462646,,
OFST.1.F.CP,WSM,2024,508.9997577667236,,
OFST.1.F.CP,YEM,1999,1120431,,
OFST.1.F.CP,YEM,2003,902428,UIS_EST,
OFST.1.F.CP,YEM,2004,853313,UIS_EST,
OFST.1.F.CP,YEM,2005,805973,,
OFST.1.F.CP,YEM,2008,812216,,
OFST.1.F.CP,YEM,2010,783333,,
OFST.1.F.CP,YEM,2012,772703,,
OFST.1.F.CP,YEM,2013,774446,,
OFST.1.F.CP,YEM,2016,863289,,
OFST.1.F.CP,ZAF,1970,602672,,
OFST.1.F.CP,ZAF,1991,401034,,
OFST.1.F.CP,ZAF,1994,579257,,
OFST.1.F.CP,ZAF,1995,660684,,
OFST.1.F.CP,ZAF,1998,660625,,
OFST.1.F.CP,ZAF,1999,603533,,
OFST.1.F.CP,ZAF,2000,650414,UIS_EST,
OFST.1.F.CP,ZAF,2001,585074,UIS_EST,
OFST.1.F.CP,ZAF,2002,509888,UIS_EST,
OFST.1.F.CP,ZAF,2003,471652,UIS_EST,
OFST.1.F.CP,ZAF,2004,446721,UIS_EST,
OFST.1.F.CP,ZAF,2005,427553,UIS_EST,
OFST.1.F.CP,ZAF,2015,431554,,
OFST.1.F.CP,ZAF,2017,419438,,
OFST.1.F.CP,ZAF,2018,307057,,
OFST.1.F.CP,ZAF,2019,274819,,
OFST.1.F.CP,ZAF,2020,274011,,
OFST.1.F.CP,ZAF,2021,11889,,
OFST.1.F.CP,ZAF,2022,208918,,
OFST.1.F.CP,ZAF,2023,218959,,
OFST.1.F.CP,ZMB,1972,126073,,
OFST.1.F.CP,ZMB,1976,127804,,
OFST.1.F.CP,ZMB,1977,131169,,
OFST.1.F.CP,ZMB,1978,139480,,
OFST.1.F.CP,ZMB,1979,144478,,
OFST.1.F.CP,ZMB,1980,148412,,
OFST.1.F.CP,ZMB,1981,151767,,
OFST.1.F.CP,ZMB,1982,156505,,
OFST.1.F.CP,ZMB,1983,152134,,
OFST.1.F.CP,ZMB,1984,150637,,
OFST.1.F.CP,ZMB,1986,144753,,
OFST.1.F.CP,ZMB,1988,156767,,
OFST.1.F.CP,ZMB,1994,233770,,
OFST.1.F.CP,ZMB,1995,257837,,
OFST.1.F.CP,ZMB,1998,306733,,
OFST.1.F.CP,ZMB,1999,330000,UIS_EST,
OFST.1.F.CP,ZMB,2000,335081,UIS_EST,
OFST.1.F.CP,ZMB,2001,342409,UIS_EST,
OFST.1.F.CP,ZMB,2002,322709,UIS_EST,
OFST.1.F.CP,ZMB,2004,191539,UIS_EST,
OFST.1.F.CP,ZMB,2005,92835,UIS_EST,
OFST.1.F.CP,ZMB,2006,110828,,
OFST.1.F.CP,ZMB,2007,95749,,
OFST.1.F.CP,ZMB,2009,116739,UIS_EST,
OFST.1.F.CP,ZMB,2010,153718,,
OFST.1.F.CP,ZMB,2011,104536,,
OFST.1.F.CP,ZMB,2012,81634,UIS_EST,
OFST.1.F.CP,ZMB,2013,137596,,
OFST.1.F.CP,ZMB,2017,229960,,
OFST.1.F.CP,ZWE,1998,154817,UIS_EST,
OFST.1.F.CP,ZWE,1999,98380,,
OFST.1.F.CP,ZWE,2000,54673,UIS_EST,
OFST.1.F.CP,ZWE,2001,10188,,
OFST.1.F.CP,ZWE,2002,40088,,
OFST.1.F.CP,ZWE,2003,50467,,
OFST.1.F.CP,ZWE,2012,105880,,
OFST.1.F.CP,ZWE,2013,122430,,
OFST.1.F.CP,ZWE,2014,130509,,
OFST.1.F.CP,ZWE,2015,146134,,
OFST.1.F.CP,ZWE,2016,133035,,
OFST.1.F.CP,ZWE,2017,128758,,
OFST.1.F.CP,ZWE,2018,123909,,
OFST.1.F.CP,ZWE,2019,116034,,
OFST.1.F.CP,ZWE,2020,111365,,
OFST.1.F.CP,ZWE,2021,129944,,
OFST.1.F.CP,ZWE,2022,112810,,
OFST.1.F.CP,ZWE,2023,127695,,
OFST.1.F.CP,ZWE,2024,151054,,