indicatorId,geoUnit,year,value,qualifier,magnitude
OFST.1.M.CP,ABW,1999,297,,
OFST.1.M.CP,ABW,2000,126,,
OFST.1.M.CP,AFG,1974,528840,,
OFST.1.M.CP,AFG,1993,635040,,
OFST.1.M.CP,AGO,1982,213225,,
OFST.1.M.CP,AGO,1983,233994,,
OFST.1.M.CP,AGO,1998,420031,,
OFST.1.M.CP,AGO,2008,91362,NAT_EST,
OFST.1.M.CP,AGO,2009,116894,,
OFST.1.M.CP,AGO,2010,85083,NAT_EST,
OFST.1.M.CP,AGO,2011,39402,,
OFST.1.M.CP,AGO,2023,1139895,,
OFST.1.M.CP,AIA,2002,11,,
OFST.1.M.CP,AIA,2005,22,,
OFST.1.M.CP,ALB,2003,130,,
OFST.1.M.CP,ALB,2004,3715,,
OFST.1.M.CP,ALB,2008,7271,,
OFST.1.M.CP,ALB,2009,6742,,
OFST.1.M.CP,ALB,2010,7639,,
OFST.1.M.CP,ALB,2011,5162,,
OFST.1.M.CP,ALB,2012,3225,,
OFST.1.M.CP,ALB,2013,3006,,
OFST.1.M.CP,ALB,2020,3681,,
OFST.1.M.CP,ALB,2021,3695,,
OFST.1.M.CP,ALB,2022,4758,,
OFST.1.M.CP,ALB,2023,6226,,
OFST.1.M.CP,AND,2014,226,,
OFST.1.M.CP,AND,2015,209,,
OFST.1.M.CP,AND,2016,168,,
OFST.1.M.CP,AND,2017,163,,
OFST.1.M.CP,AND,2018,129,,
OFST.1.M.CP,AND,2019,141,,
OFST.1.M.CP,AND,2020,186,,
OFST.1.M.CP,AND,2021,146,,
OFST.1.M.CP,AND,2022,134,,
OFST.1.M.CP,AND,2024,41,,
OFST.1.M.CP,ARE,1978,9535,,
OFST.1.M.CP,ARE,1980,13877,,
OFST.1.M.CP,ARE,1981,17977,,
OFST.1.M.CP,ARE,1982,14715,,
OFST.1.M.CP,ARE,1983,18033,,
OFST.1.M.CP,ARE,1984,20613,,
OFST.1.M.CP,ARE,1985,24341,,
OFST.1.M.CP,ARE,1986,27336,,
OFST.1.M.CP,ARE,1987,22018,,
OFST.1.M.CP,ARE,1988,20765,,
OFST.1.M.CP,ARE,1989,16930,,
OFST.1.M.CP,ARE,1990,12966,,
OFST.1.M.CP,ARE,1991,11110,,
OFST.1.M.CP,ARE,1992,12485,,
OFST.1.M.CP,ARE,1993,17185,,
OFST.1.M.CP,ARE,1994,18922,,
OFST.1.M.CP,ARE,1995,17320,,
OFST.1.M.CP,ARE,1996,21732,,
OFST.1.M.CP,ARE,1997,29696,,
OFST.1.M.CP,ARE,1998,24888,,
OFST.1.M.CP,ARE,2006,2127,UIS_EST,
OFST.1.M.CP,ARE,2018,2053,,
OFST.1.M.CP,ARE,2019,697,,
OFST.1.M.CP,ARE,2020,1,,
OFST.1.M.CP,ARE,2021,564,,
OFST.1.M.CP,ARE,2023,607,,
OFST.1.M.CP,ARG,1970,100358,,
OFST.1.M.CP,ARG,1974,48405,,
OFST.1.M.CP,ARG,1975,55920,,
OFST.1.M.CP,ARG,1991,114426,,
OFST.1.M.CP,ARM,2002,4700,,
OFST.1.M.CP,ARM,2003,3321,,
OFST.1.M.CP,ARM,2005,3257,,
OFST.1.M.CP,ARM,2006,1584,,
OFST.1.M.CP,ARM,2011,2400,,
OFST.1.M.CP,ARM,2012,2842,UIS_EST,
OFST.1.M.CP,ARM,2013,3385,UIS_EST,
OFST.1.M.CP,ARM,2014,5331,UIS_EST,
OFST.1.M.CP,ARM,2015,4694,UIS_EST,
OFST.1.M.CP,ARM,2016,5003,,
OFST.1.M.CP,ARM,2017,4869,,
OFST.1.M.CP,ARM,2018,5717,,
OFST.1.M.CP,ARM,2019,6746,,
OFST.1.M.CP,ARM,2020,7086,,
OFST.1.M.CP,ARM,2021,5097,,
OFST.1.M.CP,ARM,2022,3144,,
OFST.1.M.CP,ARM,2023,1698,,
OFST.1.M.CP,ATG,2013,247,,
OFST.1.M.CP,ATG,2014,45,,
OFST.1.M.CP,AUS,2000,47841,UIS_EST,
OFST.1.M.CP,AUS,2001,8088,NAT_EST,
OFST.1.M.CP,AUS,2003,16588,UIS_EST,
OFST.1.M.CP,AUS,2004,13978,UIS_EST,
OFST.1.M.CP,AUS,2005,8489,UIS_EST,
OFST.1.M.CP,AUS,2006,7176,UIS_EST,
OFST.1.M.CP,AUS,2011,30270,UIS_EST,
OFST.1.M.CP,AUS,2012,27116,UIS_EST,
OFST.1.M.CP,AUS,2018,3085,NAT_EST,
OFST.1.M.CP,AUS,2019,3645,NAT_EST,
OFST.1.M.CP,AUS,2020,8118,NAT_EST,
OFST.1.M.CP,AUS,2021,5729,NAT_EST,
OFST.1.M.CP,AUS,2022,4640,NAT_EST,
OFST.1.M.CP,AUS,2023,3609,NAT_EST,
OFST.1.M.CP,AUT,2001,3255,NAT_EST,
OFST.1.M.CP,AUT,2002,3647,NAT_EST,
OFST.1.M.CP,AUT,2003,3820,NAT_EST,
OFST.1.M.CP,AUT,2004,3220,NAT_EST,
OFST.1.M.CP,AUT,2005,3253,NAT_EST,
OFST.1.M.CP,AUT,2006,3051,NAT_EST,
OFST.1.M.CP,AUT,2007,2218,NAT_EST,
OFST.1.M.CP,AUT,2008,2167,NAT_EST,
OFST.1.M.CP,AUT,2009,2430,NAT_EST,
OFST.1.M.CP,AUT,2010,2021,NAT_EST,
OFST.1.M.CP,AUT,2011,3533,NAT_EST,
OFST.1.M.CP,AUT,2012,2986,NAT_EST,
OFST.1.M.CP,AUT,2013,2126,NAT_EST,
OFST.1.M.CP,AUT,2014,1856,NAT_EST,
OFST.1.M.CP,AUT,2015,2141,NAT_EST,
OFST.1.M.CP,AUT,2016,3226,NAT_EST,
OFST.1.M.CP,AUT,2017,1967,NAT_EST,
OFST.1.M.CP,AUT,2018,1929,NAT_EST,
OFST.1.M.CP,AUT,2019,1855,NAT_EST,
OFST.1.M.CP,AUT,2020,1864,NAT_EST,
OFST.1.M.CP,AUT,2021,1441,NAT_EST,
OFST.1.M.CP,AUT,2022,2817,NAT_EST,
OFST.1.M.CP,AUT,2023,2629,NAT_EST,
OFST.1.M.CP,AUT,2024,2601,NAT_EST,
OFST.1.M.CP,AZE,2000,29822,UIS_EST,
OFST.1.M.CP,AZE,2001,38105,UIS_EST,
OFST.1.M.CP,AZE,2002,37274,,
OFST.1.M.CP,AZE,2003,36573,,
OFST.1.M.CP,AZE,2004,34765,,
OFST.1.M.CP,AZE,2005,31950,,
OFST.1.M.CP,AZE,2006,28984,UIS_EST,
OFST.1.M.CP,AZE,2007,36402,UIS_EST,
OFST.1.M.CP,AZE,2008,36214,UIS_EST,
OFST.1.M.CP,AZE,2009,30733,UIS_EST,
OFST.1.M.CP,AZE,2010,33168,,
OFST.1.M.CP,AZE,2011,25498,,
OFST.1.M.CP,AZE,2012,18185,,
OFST.1.M.CP,AZE,2013,185,,
OFST.1.M.CP,AZE,2017,8613,,
OFST.1.M.CP,AZE,2018,12764,,
OFST.1.M.CP,AZE,2019,34346,,
OFST.1.M.CP,AZE,2020,33109,,
OFST.1.M.CP,AZE,2021,26875,,
OFST.1.M.CP,AZE,2022,12748,,
OFST.1.M.CP,AZE,2023,3747,,
OFST.1.M.CP,AZE,2024,71,,
OFST.1.M.CP,BDI,1973,222587,,
OFST.1.M.CP,BDI,1978,268682,,
OFST.1.M.CP,BDI,1980,278585,,
OFST.1.M.CP,BDI,1981,278636,,
OFST.1.M.CP,BDI,1982,269515,,
OFST.1.M.CP,BDI,1983,252971,,
OFST.1.M.CP,BDI,1984,241888,,
OFST.1.M.CP,BDI,1985,232281,,
OFST.1.M.CP,BDI,1986,230212,,
OFST.1.M.CP,BDI,1987,221044,,
OFST.1.M.CP,BDI,1988,222401,,
OFST.1.M.CP,BDI,1993,271043,,
OFST.1.M.CP,BDI,2000,321261,UIS_EST,
OFST.1.M.CP,BDI,2001,267818,UIS_EST,
OFST.1.M.CP,BDI,2002,256552,UIS_EST,
OFST.1.M.CP,BDI,2003,241722,UIS_EST,
OFST.1.M.CP,BDI,2004,245604,UIS_EST,
OFST.1.M.CP,BDI,2005,226157,UIS_EST,
OFST.1.M.CP,BDI,2006,128407,UIS_EST,
OFST.1.M.CP,BDI,2007,84803,UIS_EST,
OFST.1.M.CP,BDI,2008,42190,,
OFST.1.M.CP,BDI,2009,66765,UIS_EST,
OFST.1.M.CP,BDI,2010,47464.98645019531,,
OFST.1.M.CP,BDI,2011,48169.99298095703,,
OFST.1.M.CP,BDI,2012,59385.98571777344,,
OFST.1.M.CP,BDI,2013,93972.0112915039,,
OFST.1.M.CP,BDI,2014,90099.99255371105,,
OFST.1.M.CP,BDI,2015,113109.0213012695,,
OFST.1.M.CP,BDI,2016,133784.0269775391,,
OFST.1.M.CP,BDI,2017,180752.0249023438,,
OFST.1.M.CP,BDI,2018,216440.9957275393,,
OFST.1.M.CP,BDI,2019,244756.9947509766,,
OFST.1.M.CP,BDI,2020,248925.9985351562,,
OFST.1.M.CP,BEL,2004,2534,NAT_EST,
OFST.1.M.CP,BEL,2005,2483,NAT_EST,
OFST.1.M.CP,BEL,2006,2989,NAT_EST,
OFST.1.M.CP,BEL,2007,3593,NAT_EST,
OFST.1.M.CP,BEL,2008,4080,NAT_EST,
OFST.1.M.CP,BEL,2009,4544,NAT_EST,
OFST.1.M.CP,BEL,2010,4751,NAT_EST,
OFST.1.M.CP,BEL,2011,7804,NAT_EST,
OFST.1.M.CP,BEL,2012,7002,NAT_EST,
OFST.1.M.CP,BEL,2013,6728,NAT_EST,
OFST.1.M.CP,BEL,2014,6873,NAT_EST,
OFST.1.M.CP,BEL,2015,7138,NAT_EST,
OFST.1.M.CP,BEL,2016,7606,NAT_EST,
OFST.1.M.CP,BEL,2017,5621,NAT_EST,
OFST.1.M.CP,BEL,2018,5528,NAT_EST,
OFST.1.M.CP,BEL,2019,5578,NAT_EST,
OFST.1.M.CP,BEL,2020,5029,NAT_EST,
OFST.1.M.CP,BEL,2021,6030,NAT_EST,
OFST.1.M.CP,BEL,2022,4898,NAT_EST,
OFST.1.M.CP,BEL,2023,6672,NAT_EST,
OFST.1.M.CP,BEN,1984,136605,,
OFST.1.M.CP,BEN,1985,137207,,
OFST.1.M.CP,BEN,1986,152706,,
OFST.1.M.CP,BEN,1988,168673,,
OFST.1.M.CP,BEN,1989,174235,,
OFST.1.M.CP,BEN,1990,233812,,
OFST.1.M.CP,BEN,1992,194040,,
OFST.1.M.CP,BEN,1993,178293,,
OFST.1.M.CP,BEN,1994,183851,,
OFST.1.M.CP,BEN,1995,177022,,
OFST.1.M.CP,BEN,1996,172982,,
OFST.1.M.CP,BEN,1997,160820,UIS_EST,
OFST.1.M.CP,BEN,2006,86234,,
OFST.1.M.CP,BEN,2008,72189,,
OFST.1.M.CP,BEN,2009,32849,,
OFST.1.M.CP,BEN,2010,26060,,
OFST.1.M.CP,BEN,2011,18403,,
OFST.1.M.CP,BEN,2017,42055,,
OFST.1.M.CP,BEN,2018,74178,,
OFST.1.M.CP,BEN,2019,119945,,
OFST.1.M.CP,BEN,2020,131313,,
OFST.1.M.CP,BEN,2021,101191,,
OFST.1.M.CP,BEN,2022,77007,,
OFST.1.M.CP,BFA,1971,367427,,
OFST.1.M.CP,BFA,1972,375460,,
OFST.1.M.CP,BFA,1977,414592,,
OFST.1.M.CP,BFA,1978,422240,,
OFST.1.M.CP,BFA,1979,430242,,
OFST.1.M.CP,BFA,1980,437334,,
OFST.1.M.CP,BFA,1981,443144,,
OFST.1.M.CP,BFA,1982,446266,,
OFST.1.M.CP,BFA,1983,453527,,
OFST.1.M.CP,BFA,1984,458688,,
OFST.1.M.CP,BFA,1985,460531,,
OFST.1.M.CP,BFA,1986,465468,,
OFST.1.M.CP,BFA,1987,471495,,
OFST.1.M.CP,BFA,1988,488085,,
OFST.1.M.CP,BFA,1989,506987,,
OFST.1.M.CP,BFA,1991,540238,,
OFST.1.M.CP,BFA,1992,554795,,
OFST.1.M.CP,BFA,1993,564684,,
OFST.1.M.CP,BFA,1994,570633,,
OFST.1.M.CP,BFA,1995,571405,,
OFST.1.M.CP,BFA,1998,586623,,
OFST.1.M.CP,BFA,1999,595335,,
OFST.1.M.CP,BFA,2000,595465,,
OFST.1.M.CP,BFA,2001,597764,,
OFST.1.M.CP,BFA,2002,625092,,
OFST.1.M.CP,BFA,2003,613648,,
OFST.1.M.CP,BFA,2004,607799,,
OFST.1.M.CP,BFA,2005,568390,,
OFST.1.M.CP,BFA,2006,544211,,
OFST.1.M.CP,BFA,2007,498158,,
OFST.1.M.CP,BFA,2008,445316,,
OFST.1.M.CP,BFA,2009,428458,,
OFST.1.M.CP,BFA,2010,522039,,
OFST.1.M.CP,BFA,2011,480403,,
OFST.1.M.CP,BFA,2012,489570,,
OFST.1.M.CP,BFA,2013,499426,,
OFST.1.M.CP,BFA,2014,502655,,
OFST.1.M.CP,BFA,2015,502149,,
OFST.1.M.CP,BFA,2016,433522,,
OFST.1.M.CP,BFA,2017,436909,,
OFST.1.M.CP,BFA,2018,416556,,
OFST.1.M.CP,BFA,2019,458876,,
OFST.1.M.CP,BFA,2020,530908,,
OFST.1.M.CP,BFA,2021,558850,,
OFST.1.M.CP,BFA,2022,637776,,
OFST.1.M.CP,BFA,2023,847639,,
OFST.1.M.CP,BFA,2024,703431,,
OFST.1.M.CP,BGD,1970,1789896,,
OFST.1.M.CP,BGD,1973,605207,,
OFST.1.M.CP,BGD,1976,196650,,
OFST.1.M.CP,BGD,1977,850454,,
OFST.1.M.CP,BGD,1978,1024260,,
OFST.1.M.CP,BGD,1981,1925246,,
OFST.1.M.CP,BGD,1983,1981028,,
OFST.1.M.CP,BGD,1984,2359514,,
OFST.1.M.CP,BGD,1985,2493286,,
OFST.1.M.CP,BGD,1986,2594123,,
OFST.1.M.CP,BGD,1987,2695299,,
OFST.1.M.CP,BGD,1988,2229014,,
OFST.1.M.CP,BGD,1989,2303120,,
OFST.1.M.CP,BGD,1990,2213168,,
OFST.1.M.CP,BGD,2005,764152,,
OFST.1.M.CP,BGD,2006,875089,UIS_EST,
OFST.1.M.CP,BGD,2008,1241532,NAT_EST,
OFST.1.M.CP,BGD,2009,1470568,NAT_EST,
OFST.1.M.CP,BGD,2010,1284442,,
OFST.1.M.CP,BGD,2017,481700,,
OFST.1.M.CP,BGD,2018,354030,,
OFST.1.M.CP,BGR,2001,1762,UIS_EST,
OFST.1.M.CP,BGR,2009,1580,NAT_EST,
OFST.1.M.CP,BGR,2010,1240,NAT_EST,
OFST.1.M.CP,BGR,2011,2210,NAT_EST,
OFST.1.M.CP,BGR,2012,3380,NAT_EST,
OFST.1.M.CP,BGR,2013,5193,NAT_EST,
OFST.1.M.CP,BGR,2014,5150,NAT_EST,
OFST.1.M.CP,BGR,2015,4725,NAT_EST,
OFST.1.M.CP,BGR,2016,5146,NAT_EST,
OFST.1.M.CP,BGR,2017,5489,NAT_EST,
OFST.1.M.CP,BGR,2018,5984,NAT_EST,
OFST.1.M.CP,BGR,2019,5762,NAT_EST,
OFST.1.M.CP,BGR,2020,5612,NAT_EST,
OFST.1.M.CP,BGR,2021,6442,NAT_EST,
OFST.1.M.CP,BGR,2022,6688,NAT_EST,
OFST.1.M.CP,BGR,2023,7371,NAT_EST,
OFST.1.M.CP,BGR,2024,7586,NAT_EST,
OFST.1.M.CP,BHR,1971,5842,,
OFST.1.M.CP,BHR,1972,6263,,
OFST.1.M.CP,BHR,1973,6602,,
OFST.1.M.CP,BHR,1974,5925,,
OFST.1.M.CP,BHR,1975,4642,,
OFST.1.M.CP,BHR,1976,4414,,
OFST.1.M.CP,BHR,1977,3536,,
OFST.1.M.CP,BHR,1978,3656,,
OFST.1.M.CP,BHR,1979,3723,,
OFST.1.M.CP,BHR,1980,4075,,
OFST.1.M.CP,BHR,1981,5278,,
OFST.1.M.CP,BHR,1982,6053,,
OFST.1.M.CP,BHR,1983,5875,,
OFST.1.M.CP,BHR,1984,5429,,
OFST.1.M.CP,BHR,1985,4589,,
OFST.1.M.CP,BHR,1986,3048,,
OFST.1.M.CP,BHR,1987,3409,,
OFST.1.M.CP,BHR,1988,2391,,
OFST.1.M.CP,BHR,1989,2398,,
OFST.1.M.CP,BHR,1991,3820,,
OFST.1.M.CP,BHR,1992,5959,,
OFST.1.M.CP,BHR,1993,5871,,
OFST.1.M.CP,BHR,1994,6037,,
OFST.1.M.CP,BHR,1995,5529,,
OFST.1.M.CP,BHR,1996,5140,,
OFST.1.M.CP,BHR,1997,5016,,
OFST.1.M.CP,BHR,1998,3791,,
OFST.1.M.CP,BHR,1999,2969,,
OFST.1.M.CP,BHR,2000,4046,UIS_EST,
OFST.1.M.CP,BHR,2001,3825,UIS_EST,
OFST.1.M.CP,BHR,2002,4221,UIS_EST,
OFST.1.M.CP,BHR,2003,5038,,
OFST.1.M.CP,BHR,2004,4649,,
OFST.1.M.CP,BHR,2005,4408,,
OFST.1.M.CP,BHR,2006,2170,,
OFST.1.M.CP,BHR,2011,3523,,
OFST.1.M.CP,BHR,2012,474,,
OFST.1.M.CP,BHR,2015,1130,,
OFST.1.M.CP,BHR,2016,1224,,
OFST.1.M.CP,BHR,2017,1346,,
OFST.1.M.CP,BHR,2018,1925,,
OFST.1.M.CP,BHR,2019,2068,,
OFST.1.M.CP,BHR,2022,2169,,
OFST.1.M.CP,BHR,2023,4680,,
OFST.1.M.CP,BHR,2024,3489,,
OFST.1.M.CP,BHS,1976,1457,,
OFST.1.M.CP,BHS,1977,1458,,
OFST.1.M.CP,BHS,1980,1141,,
OFST.1.M.CP,BHS,1993,158,,
OFST.1.M.CP,BHS,1999,2579,,
OFST.1.M.CP,BHS,2004,2489,UIS_EST,
OFST.1.M.CP,BHS,2005,1753,,
OFST.1.M.CP,BHS,2006,1906,,
OFST.1.M.CP,BHS,2007,1198,,
OFST.1.M.CP,BHS,2008,887,,
OFST.1.M.CP,BHS,2009,1518,,
OFST.1.M.CP,BHS,2010,1357,,
OFST.1.M.CP,BHS,2012,745,,
OFST.1.M.CP,BHS,2023,4365,,
OFST.1.M.CP,BHS,2024,2266,,
OFST.1.M.CP,BIH,2009,12075,,
OFST.1.M.CP,BIH,2010,11698,,
OFST.1.M.CP,BIH,2011,10909,,
OFST.1.M.CP,BIH,2012,11784,,
OFST.1.M.CP,BIH,2013,11240,UIS_EST,
OFST.1.M.CP,BIH,2014,9858,UIS_EST,
OFST.1.M.CP,BIH,2015,7933,,
OFST.1.M.CP,BIH,2016,4894,,
OFST.1.M.CP,BIH,2017,2406,,
OFST.1.M.CP,BIH,2020,2165,,
OFST.1.M.CP,BIH,2021,2094,,
OFST.1.M.CP,BIH,2022,1706,,
OFST.1.M.CP,BIH,2023,2195,,
OFST.1.M.CP,BLR,1995,40998,,
OFST.1.M.CP,BLR,2013,1198,,
OFST.1.M.CP,BLR,2014,1822,,
OFST.1.M.CP,BLR,2015,3108,,
OFST.1.M.CP,BLR,2016,3787,,
OFST.1.M.CP,BLR,2017,4618,,
OFST.1.M.CP,BLR,2018,6491,,
OFST.1.M.CP,BLR,2019,8478,,
OFST.1.M.CP,BLR,2020,9840,,
OFST.1.M.CP,BLR,2021,10591,,
OFST.1.M.CP,BLR,2022,8769,,
OFST.1.M.CP,BLR,2023,11182,,
OFST.1.M.CP,BLR,2024,8421,,
OFST.1.M.CP,BLZ,1999,621,UIS_EST,
OFST.1.M.CP,BLZ,2000,612,UIS_EST,
OFST.1.M.CP,BLZ,2001,670,UIS_EST,
OFST.1.M.CP,BLZ,2008,225,UIS_EST,
OFST.1.M.CP,BLZ,2009,365,,
OFST.1.M.CP,BLZ,2010,459,,
OFST.1.M.CP,BLZ,2011,286,,
OFST.1.M.CP,BLZ,2021,1059,,
OFST.1.M.CP,BLZ,2022,1967,,
OFST.1.M.CP,BLZ,2023,2945,,
OFST.1.M.CP,BLZ,2024,2636,,
OFST.1.M.CP,BMU,1978,567,,
OFST.1.M.CP,BMU,1979,592,,
OFST.1.M.CP,BMU,2012,103,,
OFST.1.M.CP,BOL,2009,11340,,
OFST.1.M.CP,BOL,2010,31303,,
OFST.1.M.CP,BOL,2011,49292,,
OFST.1.M.CP,BOL,2012,69026,,
OFST.1.M.CP,BOL,2013,73337,,
OFST.1.M.CP,BOL,2014,76804,,
OFST.1.M.CP,BOL,2015,77225,,
OFST.1.M.CP,BOL,2016,72984,,
OFST.1.M.CP,BOL,2017,62511,,
OFST.1.M.CP,BOL,2018,51077,,
OFST.1.M.CP,BOL,2019,43184,,
OFST.1.M.CP,BOL,2020,37699,,
OFST.1.M.CP,BOL,2021,31479,,
OFST.1.M.CP,BOL,2022,26027,,
OFST.1.M.CP,BOL,2023,31471,,
OFST.1.M.CP,BOL,2024,69066,,
OFST.1.M.CP,BRA,2012,557081,NAT_EST,
OFST.1.M.CP,BRA,2013,352691,NAT_EST,
OFST.1.M.CP,BRA,2014,322995,NAT_EST,
OFST.1.M.CP,BRA,2015,375929,NAT_EST,
OFST.1.M.CP,BRA,2016,353510,NAT_EST,
OFST.1.M.CP,BRA,2017,372116,NAT_EST,
OFST.1.M.CP,BRA,2018,402911,NAT_EST,
OFST.1.M.CP,BRA,2019,314277,NAT_EST,
OFST.1.M.CP,BRA,2020,257588,NAT_EST,
OFST.1.M.CP,BRA,2021,337888,NAT_EST,
OFST.1.M.CP,BRA,2022,279970,NAT_EST,
OFST.1.M.CP,BRA,2024,187992,NAT_EST,
OFST.1.M.CP,BRB,1971,2162,,
OFST.1.M.CP,BRB,1972,1761,,
OFST.1.M.CP,BRB,1973,2069,,
OFST.1.M.CP,BRB,1976,2067,,
OFST.1.M.CP,BRB,1977,1442,,
OFST.1.M.CP,BRB,1978,846,,
OFST.1.M.CP,BRB,1979,582,,
OFST.1.M.CP,BRB,1989,184,,
OFST.1.M.CP,BRB,1990,368,,
OFST.1.M.CP,BRB,1992,1076,,
OFST.1.M.CP,BRB,2005,277,,
OFST.1.M.CP,BRB,2006,126,,
OFST.1.M.CP,BRB,2007,263,,
OFST.1.M.CP,BRB,2008,233,NAT_EST,
OFST.1.M.CP,BRB,2009,441,NAT_EST,
OFST.1.M.CP,BRB,2010,212,,
OFST.1.M.CP,BRB,2011,107,,
OFST.1.M.CP,BRB,2014,559,,
OFST.1.M.CP,BRB,2015,509,,
OFST.1.M.CP,BRB,2016,482,,
OFST.1.M.CP,BRB,2017,718,,
OFST.1.M.CP,BRB,2018,689,,
OFST.1.M.CP,BRB,2019,622,,
OFST.1.M.CP,BRB,2020,749,,
OFST.1.M.CP,BRB,2021,892,,
OFST.1.M.CP,BRB,2022,1173,,
OFST.1.M.CP,BRB,2023,1395,,
OFST.1.M.CP,BRB,2024,1761,,
OFST.1.M.CP,BRN,1977,1572,,
OFST.1.M.CP,BRN,1978,1289,,
OFST.1.M.CP,BRN,1979,2475,,
OFST.1.M.CP,BRN,1980,2326,,
OFST.1.M.CP,BRN,1981,2888,,
OFST.1.M.CP,BRN,1982,3157,,
OFST.1.M.CP,BRN,1983,2908,,
OFST.1.M.CP,BRN,1984,2782,,
OFST.1.M.CP,BRN,1986,2323,,
OFST.1.M.CP,BRN,1991,1388,,
OFST.1.M.CP,BRN,1992,1570,,
OFST.1.M.CP,BRN,1993,1415,,
OFST.1.M.CP,BRN,1994,1578,,
OFST.1.M.CP,BRN,2024,781,,
OFST.1.M.CP,BTN,1978,21794,,
OFST.1.M.CP,BTN,1979,21672,,
OFST.1.M.CP,BTN,1998,22027,,
OFST.1.M.CP,BTN,1999,22073,,
OFST.1.M.CP,BTN,2000,21591,,
OFST.1.M.CP,BTN,2001,20898,,
OFST.1.M.CP,BTN,2005,16879,,
OFST.1.M.CP,BTN,2006,14233,,
OFST.1.M.CP,BTN,2008,10852,,
OFST.1.M.CP,BTN,2009,8283,,
OFST.1.M.CP,BTN,2010,7081,,
OFST.1.M.CP,BTN,2011,6512,,
OFST.1.M.CP,BTN,2012,5571,,
OFST.1.M.CP,BTN,2013,6106,,
OFST.1.M.CP,BTN,2015,6876,,
OFST.1.M.CP,BTN,2016,7103,,
OFST.1.M.CP,BTN,2017,7182,,
OFST.1.M.CP,BTN,2018,6167,UIS_EST,
OFST.1.M.CP,BTN,2020,4603,,
OFST.1.M.CP,BTN,2021,9196.999927520752,,
OFST.1.M.CP,BTN,2022,6599.999683380142,,
OFST.1.M.CP,BTN,2023,6855.999202728271,,
OFST.1.M.CP,BTN,2024,5852.000099182136,,
OFST.1.M.CP,BWA,1970,32458,,
OFST.1.M.CP,BWA,1971,34447,,
OFST.1.M.CP,BWA,1972,34905,,
OFST.1.M.CP,BWA,1973,35479,,
OFST.1.M.CP,BWA,1974,33714,,
OFST.1.M.CP,BWA,1975,30359,,
OFST.1.M.CP,BWA,1976,28177,,
OFST.1.M.CP,BWA,1977,25935,,
OFST.1.M.CP,BWA,1978,26060,,
OFST.1.M.CP,BWA,1979,26103,,
OFST.1.M.CP,BWA,1980,23749,,
OFST.1.M.CP,BWA,1981,19090,,
OFST.1.M.CP,BWA,1983,16581,,
OFST.1.M.CP,BWA,1984,16533,,
OFST.1.M.CP,BWA,1985,14454,,
OFST.1.M.CP,BWA,1986,13632,,
OFST.1.M.CP,BWA,1987,14196,,
OFST.1.M.CP,BWA,1988,15181,,
OFST.1.M.CP,BWA,1989,14972,,
OFST.1.M.CP,BWA,1990,17041,,
OFST.1.M.CP,BWA,1991,14704,,
OFST.1.M.CP,BWA,1992,15938,,
OFST.1.M.CP,BWA,1993,17323,,
OFST.1.M.CP,BWA,1994,18281,,
OFST.1.M.CP,BWA,1995,32619,,
OFST.1.M.CP,BWA,1996,32228,,
OFST.1.M.CP,BWA,1998,28464,,
OFST.1.M.CP,BWA,1999,29146,,
OFST.1.M.CP,BWA,2000,27606,UIS_EST,
OFST.1.M.CP,BWA,2001,24891,,
OFST.1.M.CP,BWA,2002,23727,,
OFST.1.M.CP,BWA,2003,22604,,
OFST.1.M.CP,BWA,2004,17769,,
OFST.1.M.CP,BWA,2005,18233,,
OFST.1.M.CP,BWA,2006,15411,,
OFST.1.M.CP,BWA,2007,16860,,
OFST.1.M.CP,BWA,2008,17877,,
OFST.1.M.CP,BWA,2009,17762,,
OFST.1.M.CP,BWA,2012,15793,,
OFST.1.M.CP,BWA,2013,18643,,
OFST.1.M.CP,BWA,2014,20817,,
OFST.1.M.CP,CAF,1971,76261,,
OFST.1.M.CP,CAF,1972,73887,,
OFST.1.M.CP,CAF,1973,73090,,
OFST.1.M.CP,CAF,1977,91554,,
OFST.1.M.CP,CAF,1978,91106,,
OFST.1.M.CP,CAF,1981,75358,,
OFST.1.M.CP,CAF,1982,65904,,
OFST.1.M.CP,CAF,1983,53588,,
OFST.1.M.CP,CAF,1986,50197,,
OFST.1.M.CP,CAF,1987,74915,,
OFST.1.M.CP,CAF,1988,83981,,
OFST.1.M.CP,CAF,1989,88452,,
OFST.1.M.CP,CAF,1990,70338,,
OFST.1.M.CP,CAF,1991,89849,,
OFST.1.M.CP,CAF,2005,186292,,
OFST.1.M.CP,CAF,2006,189034,UIS_EST,
OFST.1.M.CP,CAF,2007,161321,,
OFST.1.M.CP,CAF,2008,131347,,
OFST.1.M.CP,CAF,2009,132276,,
OFST.1.M.CP,CAF,2010,118772,UIS_EST,
OFST.1.M.CP,CAF,2011,133961,,
OFST.1.M.CP,CAF,2012,128576,UIS_EST,
OFST.1.M.CP,CAN,2000,8255,UIS_EST,
OFST.1.M.CP,CAN,2012,8003,UIS_EST,
OFST.1.M.CP,CAN,2013,7239,NAT_EST,
OFST.1.M.CP,CAN,2014,4735,UIS_EST,
OFST.1.M.CP,CAN,2016,9976,UIS_EST,
OFST.1.M.CP,CAN,2017,10532,UIS_EST,
OFST.1.M.CP,CAN,2018,13408,NAT_EST,
OFST.1.M.CP,CAN,2019,34881,UIS_EST,
OFST.1.M.CP,CAN,2020,40357,NAT_EST,
OFST.1.M.CP,CAN,2021,63136,NAT_EST,
OFST.1.M.CP,CAN,2022,70137,NAT_EST,
OFST.1.M.CP,CAN,2023,66718,NAT_EST,
OFST.1.M.CP,CHE,2011,2336,NAT_EST,
OFST.1.M.CP,CHE,2012,3413,NAT_EST,
OFST.1.M.CP,CHE,2015,99,NAT_EST,
OFST.1.M.CP,CHE,2016,242,NAT_EST,
OFST.1.M.CP,CHE,2017,342,NAT_EST,
OFST.1.M.CP,CHE,2018,427,NAT_EST,
OFST.1.M.CP,CHE,2019,378,NAT_EST,
OFST.1.M.CP,CHE,2020,452,NAT_EST,
OFST.1.M.CP,CHE,2021,802,NAT_EST,
OFST.1.M.CP,CHE,2022,808,NAT_EST,
OFST.1.M.CP,CHE,2024,435,NAT_EST,
OFST.1.M.CP,CHL,2007,23315,NAT_EST,
OFST.1.M.CP,CHL,2008,21169,NAT_EST,
OFST.1.M.CP,CHL,2009,34893,NAT_EST,
OFST.1.M.CP,CHL,2010,24073,NAT_EST,
OFST.1.M.CP,CHL,2011,24888,NAT_EST,
OFST.1.M.CP,CHL,2012,23406,NAT_EST,
OFST.1.M.CP,CHL,2013,22990,NAT_EST,
OFST.1.M.CP,CHL,2014,19821,NAT_EST,
OFST.1.M.CP,CHL,2015,18009,NAT_EST,
OFST.1.M.CP,CHL,2016,16703,NAT_EST,
OFST.1.M.CP,CHL,2017,15476,NAT_EST,
OFST.1.M.CP,CHL,2018,12457,NAT_EST,
OFST.1.M.CP,CHL,2019,9833,NAT_EST,
OFST.1.M.CP,CHL,2020,13629,NAT_EST,
OFST.1.M.CP,CHL,2021,12692,NAT_EST,
OFST.1.M.CP,CHL,2022,4869,NAT_EST,
OFST.1.M.CP,CHL,2023,3563,NAT_EST,
OFST.1.M.CP,CHL,2024,9892,NAT_EST,
OFST.1.M.CP,CHN,1989,641096,,
OFST.1.M.CP,CHN,1990,2588523,,
OFST.1.M.CP,CHN,1991,3178295,,
OFST.1.M.CP,CHN,1992,4028119,,
OFST.1.M.CP,CHN,1993,4491961,,
OFST.1.M.CP,CHN,1994,4922003,,
OFST.1.M.CP,CHN,1995,4692913,,
OFST.1.M.CP,CHN,1996,4641645,,
OFST.1.M.CP,CHN,1997,4336219,,
OFST.1.M.CP,CIV,1977,248894,,
OFST.1.M.CP,CIV,1996,595487,,
OFST.1.M.CP,CIV,1997,604571,,
OFST.1.M.CP,CIV,1999,627488,,
OFST.1.M.CP,CIV,2000,648726,UIS_EST,
OFST.1.M.CP,CIV,2001,611379,,
OFST.1.M.CP,CIV,2002,611485,,
OFST.1.M.CP,CIV,2003,736017,NAT_EST,
OFST.1.M.CP,CIV,2009,886635,,
OFST.1.M.CP,CIV,2013,644512,,
OFST.1.M.CP,CIV,2014,537463,,
OFST.1.M.CP,CIV,2015,505444,,
OFST.1.M.CP,CIV,2016,380929,,
OFST.1.M.CP,CIV,2017,412339,,
OFST.1.M.CP,CIV,2018,351630,,
OFST.1.M.CP,CIV,2019,351707,,
OFST.1.M.CP,CIV,2020,326998,,
OFST.1.M.CP,CIV,2021,388760,,
OFST.1.M.CP,CIV,2022,390029,,
OFST.1.M.CP,CIV,2023,316365,,
OFST.1.M.CP,CIV,2024,313204,,
OFST.1.M.CP,CMR,1971,137934,,
OFST.1.M.CP,CMR,1972,150825,,
OFST.1.M.CP,CMR,1973,163452,,
OFST.1.M.CP,CMR,1974,186601,,
OFST.1.M.CP,CMR,1975,151564,,
OFST.1.M.CP,CMR,1976,153375,,
OFST.1.M.CP,CMR,1977,171446,,
OFST.1.M.CP,CMR,1978,169716,,
OFST.1.M.CP,CMR,1979,173298,,
OFST.1.M.CP,CMR,1980,180655,,
OFST.1.M.CP,CMR,1988,177722,,
OFST.1.M.CP,CMR,1990,194548,,
OFST.1.M.CP,CMR,1991,219251,UIS_EST,
OFST.1.M.CP,CMR,2011,37600,UIS_EST,
OFST.1.M.CP,CMR,2017,23958,,
OFST.1.M.CP,CMR,2019,55869,,
OFST.1.M.CP,COD,1971,244813,,
OFST.1.M.CP,COD,1972,301294,,
OFST.1.M.CP,COD,1975,335245,,
OFST.1.M.CP,COD,1979,319889,,
OFST.1.M.CP,COD,1983,344673,,
OFST.1.M.CP,COD,1984,352515,,
OFST.1.M.CP,COD,1988,808018,,
OFST.1.M.CP,COD,1991,1037161,,
OFST.1.M.CP,COD,1992,1145366,,
OFST.1.M.CP,COD,1993,1226690,,
OFST.1.M.CP,COD,1994,1196992,,
OFST.1.M.CP,COD,1995,833132,,
OFST.1.M.CP,COD,1999,2580650,,
OFST.1.M.CP,COG,1972,20495,,
OFST.1.M.CP,COG,1974,14376,,
OFST.1.M.CP,COG,1976,14511,,
OFST.1.M.CP,COG,1978,11083,,
OFST.1.M.CP,COG,1979,10435,,
OFST.1.M.CP,COG,1980,23780,,
OFST.1.M.CP,COG,1981,24790,,
OFST.1.M.CP,COG,1982,23519,,
OFST.1.M.CP,COG,1983,22753,,
OFST.1.M.CP,COG,1984,19322,,
OFST.1.M.CP,COG,2005,154328,,
OFST.1.M.CP,COG,2006,125588,,
OFST.1.M.CP,COG,2010,39588,NAT_EST,
OFST.1.M.CP,COG,2012,53609,,
OFST.1.M.CP,COG,2018,92494,,
OFST.1.M.CP,COG,2023,87114,UIS_EST,
OFST.1.M.CP,COK,1998,22,UIS_EST,
OFST.1.M.CP,COK,1999,55,,
OFST.1.M.CP,COK,2000,132,UIS_EST,
OFST.1.M.CP,COK,2013,29.00002825260162,,
OFST.1.M.CP,COK,2014,17.99997675418831,,
OFST.1.M.CP,COK,2015,2.000023484229928,,
OFST.1.M.CP,COL,2000,31627,UIS_EST,
OFST.1.M.CP,COL,2001,86445,UIS_EST,
OFST.1.M.CP,COL,2002,91899,UIS_EST,
OFST.1.M.CP,COL,2004,4587,UIS_EST,
OFST.1.M.CP,COL,2012,34710,UIS_EST,
OFST.1.M.CP,COL,2015,75009,UIS_EST,
OFST.1.M.CP,COL,2016,114789,NAT_EST,
OFST.1.M.CP,COL,2017,90074,UIS_EST,
OFST.1.M.CP,COL,2018,101669,NAT_EST,
OFST.1.M.CP,COL,2019,111149,NAT_EST,
OFST.1.M.CP,COL,2020,133436,NAT_EST,
OFST.1.M.CP,COL,2021,148304,NAT_EST,
OFST.1.M.CP,COL,2022,158138,NAT_EST,
OFST.1.M.CP,COM,1987,9411,,
OFST.1.M.CP,COM,1994,13247,,
OFST.1.M.CP,COM,1999,20881,,
OFST.1.M.CP,COM,2000,17505,NAT_EST,
OFST.1.M.CP,COM,2007,13487,,
OFST.1.M.CP,COM,2013,1501,,
OFST.1.M.CP,COM,2014,2885,,
OFST.1.M.CP,COM,2017,5444,,
OFST.1.M.CP,COM,2018,7510,,
OFST.1.M.CP,COM,2021,15216,,
OFST.1.M.CP,COM,2022,10723,,
OFST.1.M.CP,COM,2024,11077,,
OFST.1.M.CP,CPV,1981,5465,,
OFST.1.M.CP,CPV,1982,6360,,
OFST.1.M.CP,CPV,1983,7461,,
OFST.1.M.CP,CPV,1984,6400,,
OFST.1.M.CP,CPV,1985,5750,,
OFST.1.M.CP,CPV,1986,5497,UIS_EST,
OFST.1.M.CP,CPV,1987,5226,,
OFST.1.M.CP,CPV,1988,3907,,
OFST.1.M.CP,CPV,1990,2930,,
OFST.1.M.CP,CPV,1994,2278,,
OFST.1.M.CP,CPV,1998,1578,,
OFST.1.M.CP,CPV,2000,2067,UIS_EST,
OFST.1.M.CP,CPV,2001,2357,,
OFST.1.M.CP,CPV,2002,2213,UIS_EST,
OFST.1.M.CP,CPV,2003,1997,,
OFST.1.M.CP,CPV,2004,2664,,
OFST.1.M.CP,CPV,2005,2358,UIS_EST,
OFST.1.M.CP,CPV,2006,2339,,
OFST.1.M.CP,CPV,2007,2866,,
OFST.1.M.CP,CPV,2008,3079,UIS_EST,
OFST.1.M.CP,CPV,2009,3127,UIS_EST,
OFST.1.M.CP,CPV,2010,3127,,
OFST.1.M.CP,CPV,2011,2841,,
OFST.1.M.CP,CPV,2012,2148,,
OFST.1.M.CP,CPV,2013,2152,,
OFST.1.M.CP,CPV,2014,2029,,
OFST.1.M.CP,CPV,2015,1984,,
OFST.1.M.CP,CPV,2016,1979,,
OFST.1.M.CP,CPV,2017,1933,,
OFST.1.M.CP,CPV,2018,1491,,
OFST.1.M.CP,CPV,2019,1608,,
OFST.1.M.CP,CPV,2020,2110,,
OFST.1.M.CP,CPV,2021,1960,,
OFST.1.M.CP,CPV,2022,10087,,
OFST.1.M.CP,CRI,2011,6027,NAT_EST,
OFST.1.M.CP,CRI,2012,9840,NAT_EST,
OFST.1.M.CP,CRI,2013,14583,NAT_EST,
OFST.1.M.CP,CRI,2014,20319,NAT_EST,
OFST.1.M.CP,CRI,2015,18945,NAT_EST,
OFST.1.M.CP,CRI,2016,17788,NAT_EST,
OFST.1.M.CP,CRI,2017,22758,NAT_EST,
OFST.1.M.CP,CRI,2018,14863,NAT_EST,
OFST.1.M.CP,CRI,2019,10363,NAT_EST,
OFST.1.M.CP,CRI,2020,11691,NAT_EST,
OFST.1.M.CP,CRI,2021,13579,NAT_EST,
OFST.1.M.CP,CRI,2022,12697,NAT_EST,
OFST.1.M.CP,CRI,2023,10267,NAT_EST,
OFST.1.M.CP,CRI,2024,9280,NAT_EST,
OFST.1.M.CP,CUB,1972,45642,,
OFST.1.M.CP,CUB,1973,24353,,
OFST.1.M.CP,CUB,1974,18681,,
OFST.1.M.CP,CUB,1979,26578,,
OFST.1.M.CP,CUB,1980,23378,,
OFST.1.M.CP,CUB,1981,32790,,
OFST.1.M.CP,CUB,1982,26721,,
OFST.1.M.CP,CUB,1983,14359,,
OFST.1.M.CP,CUB,1984,20451,,
OFST.1.M.CP,CUB,1985,26368,,
OFST.1.M.CP,CUB,1986,25784,,
OFST.1.M.CP,CUB,1987,19663,,
OFST.1.M.CP,CUB,1988,16593,,
OFST.1.M.CP,CUB,1989,19846,,
OFST.1.M.CP,CUB,1990,25145,,
OFST.1.M.CP,CUB,1991,25693,,
OFST.1.M.CP,CUB,1992,21968,,
OFST.1.M.CP,CUB,1993,25243,,
OFST.1.M.CP,CUB,1994,23532,,
OFST.1.M.CP,CUB,1995,25476,,
OFST.1.M.CP,CUB,1996,10033,,
OFST.1.M.CP,CUB,1997,6240,,
OFST.1.M.CP,CUB,2003,59,,
OFST.1.M.CP,CUB,2005,1468,,
OFST.1.M.CP,CUB,2006,5644,,
OFST.1.M.CP,CUB,2007,507,,
OFST.1.M.CP,CUB,2008,5400,,
OFST.1.M.CP,CUB,2009,3408,,
OFST.1.M.CP,CUB,2010,4043,,
OFST.1.M.CP,CUB,2011,6877,,
OFST.1.M.CP,CUB,2012,5338,,
OFST.1.M.CP,CUB,2014,6273,,
OFST.1.M.CP,CUB,2015,6750,,
OFST.1.M.CP,CUB,2016,6288,,
OFST.1.M.CP,CUB,2017,6673,,
OFST.1.M.CP,CUB,2018,5736,,
OFST.1.M.CP,CUB,2019,5278,,
OFST.1.M.CP,CUB,2020,3624,,
OFST.1.M.CP,CUB,2021,4562,,
OFST.1.M.CP,CUB,2022,13894,,
OFST.1.M.CP,CUB,2023,13542,,
OFST.1.M.CP,CUB,2024,18654,,
OFST.1.M.CP,CUW,2023,201,,
OFST.1.M.CP,CUW,2024,1920,,
OFST.1.M.CP,CYM,2002,13,,
OFST.1.M.CP,CYM,2004,47,,
OFST.1.M.CP,CYM,2005,162,,
OFST.1.M.CP,CYM,2006,73,,
OFST.1.M.CP,CYM,2008,78,,
OFST.1.M.CP,CYM,2011,16,,
OFST.1.M.CP,CYM,2013,29,,
OFST.1.M.CP,CYM,2018,135,,
OFST.1.M.CP,CYM,2019,128,,
OFST.1.M.CP,CYM,2020,85,,
OFST.1.M.CP,CYM,2021,113,,
OFST.1.M.CP,CYM,2022,59,,
OFST.1.M.CP,CYM,2024,142,,
OFST.1.M.CP,CYP,2001,759,NAT_EST,
OFST.1.M.CP,CYP,2002,430,NAT_EST,
OFST.1.M.CP,CYP,2003,359,NAT_EST,
OFST.1.M.CP,CYP,2004,382,NAT_EST,
OFST.1.M.CP,CYP,2005,320,NAT_EST,
OFST.1.M.CP,CYP,2006,91,NAT_EST,
OFST.1.M.CP,CYP,2007,137,NAT_EST,
OFST.1.M.CP,CYP,2012,361,NAT_EST,
OFST.1.M.CP,CYP,2013,474,NAT_EST,
OFST.1.M.CP,CYP,2014,843,NAT_EST,
OFST.1.M.CP,CYP,2015,666,NAT_EST,
OFST.1.M.CP,CYP,2016,646,NAT_EST,
OFST.1.M.CP,CYP,2017,606,NAT_EST,
OFST.1.M.CP,CZE,2009,1390,NAT_EST,
OFST.1.M.CP,CZE,2010,2659,NAT_EST,
OFST.1.M.CP,CZE,2011,3564,NAT_EST,
OFST.1.M.CP,CZE,2012,1452,NAT_EST,
OFST.1.M.CP,CZE,2013,3259,NAT_EST,
OFST.1.M.CP,CZE,2014,4951,NAT_EST,
OFST.1.M.CP,CZE,2015,6351,NAT_EST,
OFST.1.M.CP,CZE,2016,7591,NAT_EST,
OFST.1.M.CP,CZE,2017,9139,NAT_EST,
OFST.1.M.CP,CZE,2018,6588,NAT_EST,
OFST.1.M.CP,CZE,2019,5877,NAT_EST,
OFST.1.M.CP,CZE,2020,4725,NAT_EST,
OFST.1.M.CP,CZE,2023,2441,NAT_EST,
OFST.1.M.CP,DEU,2002,40532,NAT_EST,
OFST.1.M.CP,DEU,2003,39516,NAT_EST,
OFST.1.M.CP,DEU,2004,32783,NAT_EST,
OFST.1.M.CP,DEU,2005,29034,NAT_EST,
OFST.1.M.CP,DEU,2006,34670,NAT_EST,
OFST.1.M.CP,DEU,2007,28133,NAT_EST,
OFST.1.M.CP,DEU,2008,24402,NAT_EST,
OFST.1.M.CP,DEU,2009,25571,NAT_EST,
OFST.1.M.CP,DEU,2010,15862,NAT_EST,
OFST.1.M.CP,DEU,2011,10068,NAT_EST,
OFST.1.M.CP,DEU,2012,14479,NAT_EST,
OFST.1.M.CP,DEU,2013,14217,NAT_EST,
OFST.1.M.CP,DEU,2014,19107,NAT_EST,
OFST.1.M.CP,DEU,2015,14191,NAT_EST,
OFST.1.M.CP,DEU,2016,29575,NAT_EST,
OFST.1.M.CP,DEU,2017,20137,NAT_EST,
OFST.1.M.CP,DEU,2018,16978,NAT_EST,
OFST.1.M.CP,DEU,2019,18047,NAT_EST,
OFST.1.M.CP,DEU,2020,21627,NAT_EST,
OFST.1.M.CP,DEU,2021,26897,NAT_EST,
OFST.1.M.CP,DEU,2022,36131,NAT_EST,
OFST.1.M.CP,DMA,1975,499,,
OFST.1.M.CP,DMA,1976,543,,
OFST.1.M.CP,DMA,1977,478,,
OFST.1.M.CP,DMA,1979,1012,,
OFST.1.M.CP,DMA,1980,969,,
OFST.1.M.CP,DMA,1981,1376,,
OFST.1.M.CP,DMA,1982,791,,
OFST.1.M.CP,DMA,2006,71,,
OFST.1.M.CP,DMA,2007,222,UIS_EST,
OFST.1.M.CP,DMA,2008,241,,
OFST.1.M.CP,DMA,2009,79,,
OFST.1.M.CP,DMA,2014,112,,
OFST.1.M.CP,DMA,2016,95,UIS_EST,
OFST.1.M.CP,DMA,2019,150,,
OFST.1.M.CP,DMA,2020,41,,
OFST.1.M.CP,DMA,2021,45,,
OFST.1.M.CP,DMA,2022,29,,
OFST.1.M.CP,DMA,2023,57,,
OFST.1.M.CP,DNK,2001,515,NAT_EST,
OFST.1.M.CP,DNK,2004,6631,NAT_EST,
OFST.1.M.CP,DNK,2005,4366,NAT_EST,
OFST.1.M.CP,DNK,2006,2560,NAT_EST,
OFST.1.M.CP,DNK,2007,1332,NAT_EST,
OFST.1.M.CP,DNK,2008,1536,NAT_EST,
OFST.1.M.CP,DNK,2009,1208,NAT_EST,
OFST.1.M.CP,DNK,2010,1437,NAT_EST,
OFST.1.M.CP,DNK,2011,1395,NAT_EST,
OFST.1.M.CP,DNK,2012,1132,NAT_EST,
OFST.1.M.CP,DNK,2013,1312,NAT_EST,
OFST.1.M.CP,DNK,2014,1958,NAT_EST,
OFST.1.M.CP,DNK,2015,1892,NAT_EST,
OFST.1.M.CP,DNK,2016,1714,NAT_EST,
OFST.1.M.CP,DNK,2017,1490,NAT_EST,
OFST.1.M.CP,DNK,2018,1019,NAT_EST,
OFST.1.M.CP,DNK,2019,1012,NAT_EST,
OFST.1.M.CP,DNK,2020,956,NAT_EST,
OFST.1.M.CP,DNK,2021,1173,NAT_EST,
OFST.1.M.CP,DNK,2022,1398,NAT_EST,
OFST.1.M.CP,DNK,2023,2061,NAT_EST,
OFST.1.M.CP,DNK,2024,2210,NAT_EST,
OFST.1.M.CP,DOM,1999,102189,,
OFST.1.M.CP,DOM,2000,79230,,
OFST.1.M.CP,DOM,2002,22264,,
OFST.1.M.CP,DOM,2003,40987,UIS_EST,
OFST.1.M.CP,DOM,2004,92799,UIS_EST,
OFST.1.M.CP,DOM,2005,85475,,
OFST.1.M.CP,DOM,2006,95185,UIS_EST,
OFST.1.M.CP,DOM,2007,54003,,
OFST.1.M.CP,DOM,2008,75799,,
OFST.1.M.CP,DOM,2010,11911,,
OFST.1.M.CP,DOM,2011,18869,,
OFST.1.M.CP,DOM,2012,26587,,
OFST.1.M.CP,DOM,2013,29871,,
OFST.1.M.CP,DOM,2014,41384,,
OFST.1.M.CP,DOM,2015,20572,,
OFST.1.M.CP,DOM,2016,22314,,
OFST.1.M.CP,DOM,2017,28497,,
OFST.1.M.CP,DOM,2018,34056,,
OFST.1.M.CP,DOM,2019,24771,,
OFST.1.M.CP,DOM,2020,24758,,
OFST.1.M.CP,DOM,2021,64016,,
OFST.1.M.CP,DOM,2022,35690,,
OFST.1.M.CP,DOM,2023,29581,,
OFST.1.M.CP,DOM,2024,29367,,
OFST.1.M.CP,DZA,1973,276157,,
OFST.1.M.CP,DZA,1974,192399,,
OFST.1.M.CP,DZA,1975,135239,,
OFST.1.M.CP,DZA,1976,156002,,
OFST.1.M.CP,DZA,1977,224491,,
OFST.1.M.CP,DZA,1978,228597,,
OFST.1.M.CP,DZA,1979,244005,,
OFST.1.M.CP,DZA,1980,234557,,
OFST.1.M.CP,DZA,1981,238820,,
OFST.1.M.CP,DZA,1982,250018,,
OFST.1.M.CP,DZA,1983,254796,,
OFST.1.M.CP,DZA,1984,209477,,
OFST.1.M.CP,DZA,1985,182869,,
OFST.1.M.CP,DZA,1986,147155,,
OFST.1.M.CP,DZA,1987,111373,,
OFST.1.M.CP,DZA,1988,83283,,
OFST.1.M.CP,DZA,1989,73123,,
OFST.1.M.CP,DZA,1990,91030,,
OFST.1.M.CP,DZA,1991,84780,,
OFST.1.M.CP,DZA,1992,89279,,
OFST.1.M.CP,DZA,1993,143372,,
OFST.1.M.CP,DZA,1994,166300,,
OFST.1.M.CP,DZA,1995,171254,,
OFST.1.M.CP,DZA,1996,192017,,
OFST.1.M.CP,DZA,1997,209588,,
OFST.1.M.CP,DZA,1999,147481,,
OFST.1.M.CP,DZA,2000,122776,,
OFST.1.M.CP,DZA,2001,68352,,
OFST.1.M.CP,DZA,2002,37474,UIS_EST,
OFST.1.M.CP,DZA,2006,19670,,
OFST.1.M.CP,DZA,2007,30623,,
OFST.1.M.CP,DZA,2008,19223,,
OFST.1.M.CP,DZA,2017,2428,,
OFST.1.M.CP,DZA,2018,11590,,
OFST.1.M.CP,DZA,2019,36373,,
OFST.1.M.CP,DZA,2021,24035,,
OFST.1.M.CP,DZA,2022,65258,,
OFST.1.M.CP,ECU,2000,62616,NAT_EST,
OFST.1.M.CP,ECU,2001,52959,NAT_EST,
OFST.1.M.CP,ECU,2012,29477,,
OFST.1.M.CP,ECU,2013,30182,,
OFST.1.M.CP,ECU,2015,37387,,
OFST.1.M.CP,ECU,2016,39308,,
OFST.1.M.CP,ECU,2017,37471,,
OFST.1.M.CP,ECU,2021,29093,,
OFST.1.M.CP,ECU,2023,57889,,
OFST.1.M.CP,EGY,1971,607747,,
OFST.1.M.CP,EGY,1972,600412,,
OFST.1.M.CP,EGY,1973,611184,,
OFST.1.M.CP,EGY,1978,692888,,
OFST.1.M.CP,EGY,1994,501117,,
OFST.1.M.CP,EGY,1997,456909,,
OFST.1.M.CP,EGY,1999,670572,UIS_EST,
OFST.1.M.CP,EGY,2000,637217,UIS_EST,
OFST.1.M.CP,EGY,2001,646311,UIS_EST,
OFST.1.M.CP,EGY,2002,640552,UIS_EST,
OFST.1.M.CP,EGY,2003,616125,UIS_EST,
OFST.1.M.CP,EGY,2004,610767,UIS_EST,
OFST.1.M.CP,EGY,2012,774849,UIS_EST,
OFST.1.M.CP,EGY,2014,839384,,
OFST.1.M.CP,EGY,2016,716522,,
OFST.1.M.CP,EGY,2017,694217,,
OFST.1.M.CP,EGY,2018,571956,,
OFST.1.M.CP,EGY,2019,449810,,
OFST.1.M.CP,EGY,2020,345394,,
OFST.1.M.CP,EGY,2021,254318,,
OFST.1.M.CP,EGY,2023,359372,,
OFST.1.M.CP,EGY,2024,289060,,
OFST.1.M.CP,ERI,1992,67701,,
OFST.1.M.CP,ERI,1994,64764,,
OFST.1.M.CP,ERI,1995,65732,,
OFST.1.M.CP,ERI,1996,67450,,
OFST.1.M.CP,ERI,1997,70781,,
OFST.1.M.CP,ERI,1999,61120,,
OFST.1.M.CP,ERI,2000,49658,,
OFST.1.M.CP,ERI,2001,46551,,
OFST.1.M.CP,ERI,2002,36317,,
OFST.1.M.CP,ERI,2003,27356,,
OFST.1.M.CP,ERI,2004,28519,,
OFST.1.M.CP,ERI,2005,30489,,
OFST.1.M.CP,ERI,2006,38931,,
OFST.1.M.CP,ERI,2007,54526,,
OFST.1.M.CP,ERI,2008,64628,,
OFST.1.M.CP,ERI,2009,70530,UIS_EST,
OFST.1.M.CP,ERI,2010,74774,,
OFST.1.M.CP,ERI,2011,64455,,
OFST.1.M.CP,ERI,2012,57573,,
OFST.1.M.CP,ERI,2013,62723,,
OFST.1.M.CP,ERI,2014,63128,,
OFST.1.M.CP,ERI,2015,67271,,
OFST.1.M.CP,ERI,2017,80226,,
OFST.1.M.CP,ERI,2018,80211,,
OFST.1.M.CP,ERI,2022,83559,,
OFST.1.M.CP,ESP,2008,6160,UIS_EST,
OFST.1.M.CP,ESP,2009,13180,UIS_EST,
OFST.1.M.CP,ESP,2010,26713,UIS_EST,
OFST.1.M.CP,ESP,2011,29846,UIS_EST,
OFST.1.M.CP,ESP,2012,34865,UIS_EST,
OFST.1.M.CP,ESP,2013,38263,NAT_EST,
OFST.1.M.CP,ESP,2014,40831,NAT_EST,
OFST.1.M.CP,ESP,2015,43019,NAT_EST,
OFST.1.M.CP,ESP,2016,40828,NAT_EST,
OFST.1.M.CP,ESP,2017,37319,NAT_EST,
OFST.1.M.CP,ESP,2018,31586,NAT_EST,
OFST.1.M.CP,ESP,2019,24912,NAT_EST,
OFST.1.M.CP,ESP,2020,20869,NAT_EST,
OFST.1.M.CP,ESP,2021,20675,NAT_EST,
OFST.1.M.CP,ESP,2022,18101,NAT_EST,
OFST.1.M.CP,ESP,2023,17903,NAT_EST,
OFST.1.M.CP,ESP,2024,16814,NAT_EST,
OFST.1.M.CP,EST,2014,1007,NAT_EST,
OFST.1.M.CP,EST,2015,1069,NAT_EST,
OFST.1.M.CP,EST,2016,1103,NAT_EST,
OFST.1.M.CP,EST,2017,1099,NAT_EST,
OFST.1.M.CP,EST,2018,1138,NAT_EST,
OFST.1.M.CP,EST,2019,1101,NAT_EST,
OFST.1.M.CP,EST,2020,1051,NAT_EST,
OFST.1.M.CP,EST,2021,1005,NAT_EST,
OFST.1.M.CP,EST,2022,841,NAT_EST,
OFST.1.M.CP,EST,2023,1144,NAT_EST,
OFST.1.M.CP,EST,2024,1564,NAT_EST,
OFST.1.M.CP,ETH,1987,2215533,,
OFST.1.M.CP,ETH,1988,2284666,,
OFST.1.M.CP,ETH,1989,2447526,,
OFST.1.M.CP,ETH,1994,3289477,,
OFST.1.M.CP,ETH,1995,3266206,,
OFST.1.M.CP,ETH,1996,3178405,,
OFST.1.M.CP,ETH,1998,3142914,,
OFST.1.M.CP,ETH,1999,3222584,,
OFST.1.M.CP,ETH,2000,3204293,UIS_EST,
OFST.1.M.CP,ETH,2001,3148015,,
OFST.1.M.CP,ETH,2002,3187617,UIS_EST,
OFST.1.M.CP,ETH,2003,3293328,,
OFST.1.M.CP,ETH,2004,3286991,,
OFST.1.M.CP,ETH,2005,2715555,,
OFST.1.M.CP,ETH,2006,2492979,,
OFST.1.M.CP,ETH,2007,2164474,UIS_EST,
OFST.1.M.CP,ETH,2008,1783563,UIS_EST,
OFST.1.M.CP,ETH,2009,1893344,UIS_EST,
OFST.1.M.CP,ETH,2010,2082649,,
OFST.1.M.CP,ETH,2011,2205232,,
OFST.1.M.CP,ETH,2012,1814076,,
OFST.1.M.CP,ETH,2014,1448757,,
OFST.1.M.CP,ETH,2015,1553456,,
OFST.1.M.CP,ETH,2017,627982,,
OFST.1.M.CP,ETH,2021,2109059,UIS_EST,
OFST.1.M.CP,ETH,2022,2045724,,
OFST.1.M.CP,ETH,2023,2014038,,
OFST.1.M.CP,ETH,2024,1911317,,
OFST.1.M.CP,FIN,2001,2177,NAT_EST,
OFST.1.M.CP,FIN,2002,2102,NAT_EST,
OFST.1.M.CP,FIN,2003,1871,NAT_EST,
OFST.1.M.CP,FIN,2004,1758,NAT_EST,
OFST.1.M.CP,FIN,2005,1921,NAT_EST,
OFST.1.M.CP,FIN,2006,2347,NAT_EST,
OFST.1.M.CP,FIN,2007,2241,NAT_EST,
OFST.1.M.CP,FIN,2008,2017,NAT_EST,
OFST.1.M.CP,FIN,2009,2191,NAT_EST,
OFST.1.M.CP,FIN,2010,2095,NAT_EST,
OFST.1.M.CP,FIN,2011,1833,NAT_EST,
OFST.1.M.CP,FIN,2012,2235,NAT_EST,
OFST.1.M.CP,FIN,2013,2487,NAT_EST,
OFST.1.M.CP,FIN,2014,2541,NAT_EST,
OFST.1.M.CP,FIN,2015,2984,NAT_EST,
OFST.1.M.CP,FIN,2016,3064,NAT_EST,
OFST.1.M.CP,FIN,2017,3608,NAT_EST,
OFST.1.M.CP,FIN,2018,3710,NAT_EST,
OFST.1.M.CP,FIN,2019,4824,NAT_EST,
OFST.1.M.CP,FIN,2020,4097,NAT_EST,
OFST.1.M.CP,FIN,2021,2554,NAT_EST,
OFST.1.M.CP,FIN,2022,3664,NAT_EST,
OFST.1.M.CP,FIN,2023,2914,NAT_EST,
OFST.1.M.CP,FIN,2024,3315,NAT_EST,
OFST.1.M.CP,FJI,1992,4907,,
OFST.1.M.CP,FJI,1994,4589,,
OFST.1.M.CP,FJI,1995,5691,,
OFST.1.M.CP,FJI,1996,6328,,
OFST.1.M.CP,FJI,1997,5580,,
OFST.1.M.CP,FJI,1998,4917,,
OFST.1.M.CP,FJI,1999,4744,,
OFST.1.M.CP,FJI,2000,3497,UIS_EST,
OFST.1.M.CP,FJI,2001,2579,,
OFST.1.M.CP,FJI,2002,3204,UIS_EST,
OFST.1.M.CP,FJI,2003,4960,,
OFST.1.M.CP,FJI,2004,2989,,
OFST.1.M.CP,FJI,2006,5006,,
OFST.1.M.CP,FJI,2007,6142,,
OFST.1.M.CP,FJI,2008,6797,,
OFST.1.M.CP,FJI,2009,6450,,
OFST.1.M.CP,FJI,2011,5921,,
OFST.1.M.CP,FJI,2012,5323,,
OFST.1.M.CP,FJI,2013,5956,,
OFST.1.M.CP,FJI,2014,3970,,
OFST.1.M.CP,FJI,2015,2073,,
OFST.1.M.CP,FJI,2016,455,,
OFST.1.M.CP,FRA,2001,73823,NAT_EST,
OFST.1.M.CP,FRA,2002,75192,NAT_EST,
OFST.1.M.CP,FRA,2003,79580,NAT_EST,
OFST.1.M.CP,FRA,2004,81089,NAT_EST,
OFST.1.M.CP,FRA,2008,11188,NAT_EST,
OFST.1.M.CP,FRA,2009,19927,NAT_EST,
OFST.1.M.CP,FRA,2010,25514,NAT_EST,
OFST.1.M.CP,FRA,2011,8639,NAT_EST,
OFST.1.M.CP,FRA,2012,14744,NAT_EST,
OFST.1.M.CP,FRA,2013,17614,NAT_EST,
OFST.1.M.CP,FRA,2014,32595,NAT_EST,
OFST.1.M.CP,FRA,2015,12578,NAT_EST,
OFST.1.M.CP,FRA,2016,6482,NAT_EST,
OFST.1.M.CP,FSM,2014,760,UIS_EST,
OFST.1.M.CP,FSM,2015,1140,,
OFST.1.M.CP,FSM,2016,636.9996452331561,,
OFST.1.M.CP,FSM,2017,831.9999389648447,,
OFST.1.M.CP,FSM,2018,751.0000905990601,,
OFST.1.M.CP,FSM,2019,890.9999723434448,,
OFST.1.M.CP,FSM,2020,1493.000041961668,,
OFST.1.M.CP,FSM,2021,1519.000177383424,,
OFST.1.M.CP,FSM,2022,1573.000257492066,,
OFST.1.M.CP,FSM,2023,1852.000050544739,,
OFST.1.M.CP,FSM,2024,1801.000280380249,,
OFST.1.M.CP,GAB,1975,1907,,
OFST.1.M.CP,GAB,1997,13007,,
OFST.1.M.CP,GAB,2019,38917,,
OFST.1.M.CP,GBR,2004,14465,NAT_EST,
OFST.1.M.CP,GBR,2005,2253,NAT_EST,
OFST.1.M.CP,GBR,2006,29279,NAT_EST,
OFST.1.M.CP,GBR,2007,56538,NAT_EST,
OFST.1.M.CP,GBR,2008,6089,NAT_EST,
OFST.1.M.CP,GBR,2009,14335,NAT_EST,
OFST.1.M.CP,GBR,2010,10431,NAT_EST,
OFST.1.M.CP,GBR,2011,21822,NAT_EST,
OFST.1.M.CP,GBR,2012,41936,NAT_EST,
OFST.1.M.CP,GBR,2013,42427,NAT_EST,
OFST.1.M.CP,GBR,2014,38860,NAT_EST,
OFST.1.M.CP,GBR,2015,35874,NAT_EST,
OFST.1.M.CP,GBR,2016,32449,NAT_EST,
OFST.1.M.CP,GBR,2017,20211,NAT_EST,
OFST.1.M.CP,GBR,2018,8643,NAT_EST,
OFST.1.M.CP,GEO,1995,27301,,
OFST.1.M.CP,GEO,1996,24597,,
OFST.1.M.CP,GEO,1997,16191,,
OFST.1.M.CP,GEO,2021,186,,
OFST.1.M.CP,GEO,2022,5358,,
OFST.1.M.CP,GEO,2023,8304,,
OFST.1.M.CP,GEO,2024,11458,,
OFST.1.M.CP,GHA,1999,653949,UIS_EST,
OFST.1.M.CP,GHA,2000,533159,UIS_EST,
OFST.1.M.CP,GHA,2001,630318,UIS_EST,
OFST.1.M.CP,GHA,2002,567736,UIS_EST,
OFST.1.M.CP,GHA,2003,577801,UIS_EST,
OFST.1.M.CP,GHA,2005,480053,UIS_EST,
OFST.1.M.CP,GHA,2006,460506,UIS_EST,
OFST.1.M.CP,GHA,2007,374466,UIS_EST,
OFST.1.M.CP,GHA,2008,291016,UIS_EST,
OFST.1.M.CP,GHA,2009,305505,UIS_EST,
OFST.1.M.CP,GHA,2011,140461.9938964844,,
OFST.1.M.CP,GHA,2012,230166.0378417969,,
OFST.1.M.CP,GHA,2014,184752.9260253906,,
OFST.1.M.CP,GHA,2017,141786.0383300781,,
OFST.1.M.CP,GHA,2018,170449.0114746094,,
OFST.1.M.CP,GHA,2019,114501.9870605469,,
OFST.1.M.CP,GHA,2020,248002.0366210938,,
OFST.1.M.CP,GHA,2021,427311,,
OFST.1.M.CP,GHA,2024,135989,,
OFST.1.M.CP,GIB,1978,510,,
OFST.1.M.CP,GIB,1979,516,,
OFST.1.M.CP,GIB,1981,494,,
OFST.1.M.CP,GIB,1982,452,,
OFST.1.M.CP,GIN,1984,282235,,
OFST.1.M.CP,GIN,1985,270827,,
OFST.1.M.CP,GIN,1986,289564,,
OFST.1.M.CP,GIN,1987,306369,,
OFST.1.M.CP,GIN,1988,308217,,
OFST.1.M.CP,GIN,1989,316364,,
OFST.1.M.CP,GIN,1990,328665,,
OFST.1.M.CP,GIN,1991,333403,UIS_EST,
OFST.1.M.CP,GIN,1998,323091,,
OFST.1.M.CP,GIN,1999,323389,,
OFST.1.M.CP,GIN,2000,322854,,
OFST.1.M.CP,GIN,2001,315310,,
OFST.1.M.CP,GIN,2002,271845,,
OFST.1.M.CP,GIN,2003,259843,,
OFST.1.M.CP,GIN,2004,248645,,
OFST.1.M.CP,GIN,2005,246283,,
OFST.1.M.CP,GIN,2006,240230,,
OFST.1.M.CP,GIN,2007,229812,,
OFST.1.M.CP,GIN,2008,239825,UIS_EST,
OFST.1.M.CP,GIN,2009,227601,,
OFST.1.M.CP,GIN,2010,190731,,
OFST.1.M.CP,GIN,2011,160109,,
OFST.1.M.CP,GIN,2012,165245,,
OFST.1.M.CP,GIN,2013,149618,,
OFST.1.M.CP,GIN,2014,118306,,
OFST.1.M.CP,GIN,2016,130613,,
OFST.1.M.CP,GIN,2020,90958,,
OFST.1.M.CP,GMB,1971,29934,,
OFST.1.M.CP,GMB,1972,31088,,
OFST.1.M.CP,GMB,1973,31460,,
OFST.1.M.CP,GMB,1974,32222,,
OFST.1.M.CP,GMB,1975,32719,,
OFST.1.M.CP,GMB,1976,32965,,
OFST.1.M.CP,GMB,1977,30457,,
OFST.1.M.CP,GMB,1978,29032,,
OFST.1.M.CP,GMB,1979,27696,,
OFST.1.M.CP,GMB,1980,26337,,
OFST.1.M.CP,GMB,1981,23024,,
OFST.1.M.CP,GMB,1982,22076,,
OFST.1.M.CP,GMB,1983,21624,,
OFST.1.M.CP,GMB,1984,22649,,
OFST.1.M.CP,GMB,1985,22055,,
OFST.1.M.CP,GMB,1986,23547,,
OFST.1.M.CP,GMB,1992,47563,,
OFST.1.M.CP,GMB,1993,47462,,
OFST.1.M.CP,GMB,1996,47613,,
OFST.1.M.CP,GMB,1998,51047,,
OFST.1.M.CP,GMB,1999,43099,,
OFST.1.M.CP,GMB,2000,49252,,
OFST.1.M.CP,GMB,2001,52141,,
OFST.1.M.CP,GMB,2002,56232,,
OFST.1.M.CP,GMB,2003,55912,,
OFST.1.M.CP,GMB,2004,57846,,
OFST.1.M.CP,GMB,2005,62078,,
OFST.1.M.CP,GMB,2006,57016,,
OFST.1.M.CP,GMB,2007,55289,UIS_EST,
OFST.1.M.CP,GMB,2008,62138,,
OFST.1.M.CP,GMB,2010,59712,,
OFST.1.M.CP,GMB,2011,63168,,
OFST.1.M.CP,GMB,2012,60820,,
OFST.1.M.CP,GMB,2013,61467,,
OFST.1.M.CP,GMB,2014,60602,,
OFST.1.M.CP,GMB,2015,57523,,
OFST.1.M.CP,GMB,2016,56853,,
OFST.1.M.CP,GMB,2017,54212,,
OFST.1.M.CP,GMB,2018,52625,,
OFST.1.M.CP,GMB,2019,48942,,
OFST.1.M.CP,GMB,2020,48014,,
OFST.1.M.CP,GMB,2021,50693,,
OFST.1.M.CP,GMB,2022,52087,,
OFST.1.M.CP,GMB,2023,53459,,
OFST.1.M.CP,GMB,2024,55288,,
OFST.1.M.CP,GNB,1981,34548,UIS_EST,
OFST.1.M.CP,GNB,1982,27434,,
OFST.1.M.CP,GNB,1984,30586,,
OFST.1.M.CP,GNB,1985,30943,,
OFST.1.M.CP,GNB,1987,38395,,
OFST.1.M.CP,GNB,1988,39242,,
OFST.1.M.CP,GNB,2000,42693,,
OFST.1.M.CP,GNB,2010,36435,,
OFST.1.M.CP,GNQ,1994,14739,,
OFST.1.M.CP,GNQ,2000,19343,,
OFST.1.M.CP,GNQ,2001,19693,UIS_EST,
OFST.1.M.CP,GNQ,2002,21794,,
OFST.1.M.CP,GNQ,2003,24322,UIS_EST,
OFST.1.M.CP,GNQ,2008,45505,,
OFST.1.M.CP,GNQ,2009,47800,,
OFST.1.M.CP,GNQ,2010,50238,,
OFST.1.M.CP,GNQ,2011,52171,,
OFST.1.M.CP,GNQ,2012,54455,,
OFST.1.M.CP,GNQ,2015,65892,,
OFST.1.M.CP,"GPE: East Asia & Pacific WB FY24, December 2024",2000,4496000,,
OFST.1.M.CP,"GPE: East Asia & Pacific WB FY24, December 2024",2001,4049000,,
OFST.1.M.CP,"GPE: East Asia & Pacific WB FY24, December 2024",2002,3655000,,
OFST.1.M.CP,"GPE: East Asia & Pacific WB FY24, December 2024",2003,3350000,,
OFST.1.M.CP,"GPE: East Asia & Pacific WB FY24, December 2024",2004,3090000,,
OFST.1.M.CP,"GPE: East Asia & Pacific WB FY24, December 2024",2005,2860000,,
OFST.1.M.CP,"GPE: East Asia & Pacific WB FY24, December 2024",2006,2612000,,
OFST.1.M.CP,"GPE: East Asia & Pacific WB FY24, December 2024",2007,2392000,,
OFST.1.M.CP,"GPE: East Asia & Pacific WB FY24, December 2024",2008,2254000,,
OFST.1.M.CP,"GPE: East Asia & Pacific WB FY24, December 2024",2009,2159000,,
OFST.1.M.CP,"GPE: East Asia & Pacific WB FY24, December 2024",2010,2027000,,
OFST.1.M.CP,"GPE: East Asia & Pacific WB FY24, December 2024",2011,1870000,,
OFST.1.M.CP,"GPE: East Asia & Pacific WB FY24, December 2024",2012,1777000,,
OFST.1.M.CP,"GPE: East Asia & Pacific WB FY24, December 2024",2013,1733000,,
OFST.1.M.CP,"GPE: East Asia & Pacific WB FY24, December 2024",2014,1661000,,
OFST.1.M.CP,"GPE: East Asia & Pacific WB FY24, December 2024",2015,1567000,,
OFST.1.M.CP,"GPE: East Asia & Pacific WB FY24, December 2024",2016,1507000,,
OFST.1.M.CP,"GPE: East Asia & Pacific WB FY24, December 2024",2017,1483000,,
OFST.1.M.CP,"GPE: East Asia & Pacific WB FY24, December 2024",2018,1442000,,
OFST.1.M.CP,"GPE: East Asia & Pacific WB FY24, December 2024",2019,1423000,,
OFST.1.M.CP,"GPE: East Asia & Pacific WB FY24, December 2024",2020,1377000,,
OFST.1.M.CP,"GPE: East Asia & Pacific WB FY24, December 2024",2021,1402000,,
OFST.1.M.CP,"GPE: East Asia & Pacific WB FY24, December 2024",2022,1403000,,
OFST.1.M.CP,"GPE: East Asia & Pacific WB FY24, December 2024",2023,1406000,,
OFST.1.M.CP,"GPE: East Asia & Pacific WB FY24, December 2024",2024,1414000,,
OFST.1.M.CP,"GPE: Europe & Central Asia WB FY24, December 2024",2000,202100,,
OFST.1.M.CP,"GPE: Europe & Central Asia WB FY24, December 2024",2001,169000,,
OFST.1.M.CP,"GPE: Europe & Central Asia WB FY24, December 2024",2002,138900,,
OFST.1.M.CP,"GPE: Europe & Central Asia WB FY24, December 2024",2003,129100,,
OFST.1.M.CP,"GPE: Europe & Central Asia WB FY24, December 2024",2004,110500,,
OFST.1.M.CP,"GPE: Europe & Central Asia WB FY24, December 2024",2005,99340,,
OFST.1.M.CP,"GPE: Europe & Central Asia WB FY24, December 2024",2006,92350,,
OFST.1.M.CP,"GPE: Europe & Central Asia WB FY24, December 2024",2007,85740,,
OFST.1.M.CP,"GPE: Europe & Central Asia WB FY24, December 2024",2008,82690,,
OFST.1.M.CP,"GPE: Europe & Central Asia WB FY24, December 2024",2009,89410,,
OFST.1.M.CP,"GPE: Europe & Central Asia WB FY24, December 2024",2010,100100,,
OFST.1.M.CP,"GPE: Europe & Central Asia WB FY24, December 2024",2011,109100,,
OFST.1.M.CP,"GPE: Europe & Central Asia WB FY24, December 2024",2012,111900,,
OFST.1.M.CP,"GPE: Europe & Central Asia WB FY24, December 2024",2013,103600,,
OFST.1.M.CP,"GPE: Europe & Central Asia WB FY24, December 2024",2014,91430,,
OFST.1.M.CP,"GPE: Europe & Central Asia WB FY24, December 2024",2015,83260,,
OFST.1.M.CP,"GPE: Europe & Central Asia WB FY24, December 2024",2016,81750,,
OFST.1.M.CP,"GPE: Europe & Central Asia WB FY24, December 2024",2017,89280,,
OFST.1.M.CP,"GPE: Europe & Central Asia WB FY24, December 2024",2018,98160,,
OFST.1.M.CP,"GPE: Europe & Central Asia WB FY24, December 2024",2019,104000,,
OFST.1.M.CP,"GPE: Europe & Central Asia WB FY24, December 2024",2020,110300,,
OFST.1.M.CP,"GPE: Europe & Central Asia WB FY24, December 2024",2021,116200,,
OFST.1.M.CP,"GPE: Europe & Central Asia WB FY24, December 2024",2022,122700,,
OFST.1.M.CP,"GPE: Europe & Central Asia WB FY24, December 2024",2023,129100,,
OFST.1.M.CP,"GPE: Europe & Central Asia WB FY24, December 2024",2024,138600,,
OFST.1.M.CP,"GPE: Fragile or Conflict-affected countries (FCAC) FY24, December 2024",2000,23380000,,
OFST.1.M.CP,"GPE: Fragile or Conflict-affected countries (FCAC) FY24, December 2024",2001,22840000,,
OFST.1.M.CP,"GPE: Fragile or Conflict-affected countries (FCAC) FY24, December 2024",2002,22420000,,
OFST.1.M.CP,"GPE: Fragile or Conflict-affected countries (FCAC) FY24, December 2024",2003,22200000,,
OFST.1.M.CP,"GPE: Fragile or Conflict-affected countries (FCAC) FY24, December 2024",2004,22030000,,
OFST.1.M.CP,"GPE: Fragile or Conflict-affected countries (FCAC) FY24, December 2024",2005,22090000,,
OFST.1.M.CP,"GPE: Fragile or Conflict-affected countries (FCAC) FY24, December 2024",2006,22030000,,
OFST.1.M.CP,"GPE: Fragile or Conflict-affected countries (FCAC) FY24, December 2024",2007,22010000,,
OFST.1.M.CP,"GPE: Fragile or Conflict-affected countries (FCAC) FY24, December 2024",2008,21920000,,
OFST.1.M.CP,"GPE: Fragile or Conflict-affected countries (FCAC) FY24, December 2024",2009,21750000,,
OFST.1.M.CP,"GPE: Fragile or Conflict-affected countries (FCAC) FY24, December 2024",2010,21630000,,
OFST.1.M.CP,"GPE: Fragile or Conflict-affected countries (FCAC) FY24, December 2024",2011,21530000,,
OFST.1.M.CP,"GPE: Fragile or Conflict-affected countries (FCAC) FY24, December 2024",2012,21530000,,
OFST.1.M.CP,"GPE: Fragile or Conflict-affected countries (FCAC) FY24, December 2024",2013,21600000,,
OFST.1.M.CP,"GPE: Fragile or Conflict-affected countries (FCAC) FY24, December 2024",2014,21770000,,
OFST.1.M.CP,"GPE: Fragile or Conflict-affected countries (FCAC) FY24, December 2024",2015,22020000,,
OFST.1.M.CP,"GPE: Fragile or Conflict-affected countries (FCAC) FY24, December 2024",2016,22310000,,
OFST.1.M.CP,"GPE: Fragile or Conflict-affected countries (FCAC) FY24, December 2024",2017,22610000,,
OFST.1.M.CP,"GPE: Fragile or Conflict-affected countries (FCAC) FY24, December 2024",2018,23050000,,
OFST.1.M.CP,"GPE: Fragile or Conflict-affected countries (FCAC) FY24, December 2024",2019,23730000,,
OFST.1.M.CP,"GPE: Fragile or Conflict-affected countries (FCAC) FY24, December 2024",2020,24350000,,
OFST.1.M.CP,"GPE: Fragile or Conflict-affected countries (FCAC) FY24, December 2024",2021,24870000,,
OFST.1.M.CP,"GPE: Fragile or Conflict-affected countries (FCAC) FY24, December 2024",2022,25550000,,
OFST.1.M.CP,"GPE: Fragile or Conflict-affected countries (FCAC) FY24, December 2024",2023,25870000,,
OFST.1.M.CP,"GPE: Fragile or Conflict-affected countries (FCAC) FY24, December 2024",2024,25880000,,
OFST.1.M.CP,"GPE: Latin America & Caribbean WB FY24, December 2024",2000,434800,,
OFST.1.M.CP,"GPE: Latin America & Caribbean WB FY24, December 2024",2001,392000,,
OFST.1.M.CP,"GPE: Latin America & Caribbean WB FY24, December 2024",2002,353900,,
OFST.1.M.CP,"GPE: Latin America & Caribbean WB FY24, December 2024",2003,324000,,
OFST.1.M.CP,"GPE: Latin America & Caribbean WB FY24, December 2024",2004,290300,,
OFST.1.M.CP,"GPE: Latin America & Caribbean WB FY24, December 2024",2005,260400,,
OFST.1.M.CP,"GPE: Latin America & Caribbean WB FY24, December 2024",2006,238500,,
OFST.1.M.CP,"GPE: Latin America & Caribbean WB FY24, December 2024",2007,229000,,
OFST.1.M.CP,"GPE: Latin America & Caribbean WB FY24, December 2024",2008,229600,,
OFST.1.M.CP,"GPE: Latin America & Caribbean WB FY24, December 2024",2009,236000,,
OFST.1.M.CP,"GPE: Latin America & Caribbean WB FY24, December 2024",2010,250400,,
OFST.1.M.CP,"GPE: Latin America & Caribbean WB FY24, December 2024",2011,270200,,
OFST.1.M.CP,"GPE: Latin America & Caribbean WB FY24, December 2024",2012,297000,,
OFST.1.M.CP,"GPE: Latin America & Caribbean WB FY24, December 2024",2013,325300,,
OFST.1.M.CP,"GPE: Latin America & Caribbean WB FY24, December 2024",2014,347100,,
OFST.1.M.CP,"GPE: Latin America & Caribbean WB FY24, December 2024",2015,364800,,
OFST.1.M.CP,"GPE: Latin America & Caribbean WB FY24, December 2024",2016,379900,,
OFST.1.M.CP,"GPE: Latin America & Caribbean WB FY24, December 2024",2017,391600,,
OFST.1.M.CP,"GPE: Latin America & Caribbean WB FY24, December 2024",2018,398500,,
OFST.1.M.CP,"GPE: Latin America & Caribbean WB FY24, December 2024",2019,404800,,
OFST.1.M.CP,"GPE: Latin America & Caribbean WB FY24, December 2024",2020,412800,,
OFST.1.M.CP,"GPE: Latin America & Caribbean WB FY24, December 2024",2021,422500,,
OFST.1.M.CP,"GPE: Latin America & Caribbean WB FY24, December 2024",2022,437700,,
OFST.1.M.CP,"GPE: Latin America & Caribbean WB FY24, December 2024",2023,456500,,
OFST.1.M.CP,"GPE: Latin America & Caribbean WB FY24, December 2024",2024,477100,,
OFST.1.M.CP,"GPE: Low income WB FY24, December 2024",2000,13240000,,
OFST.1.M.CP,"GPE: Low income WB FY24, December 2024",2001,12990000,,
OFST.1.M.CP,"GPE: Low income WB FY24, December 2024",2002,12780000,,
OFST.1.M.CP,"GPE: Low income WB FY24, December 2024",2003,12610000,,
OFST.1.M.CP,"GPE: Low income WB FY24, December 2024",2004,12410000,,
OFST.1.M.CP,"GPE: Low income WB FY24, December 2024",2005,12180000,,
OFST.1.M.CP,"GPE: Low income WB FY24, December 2024",2006,11950000,,
OFST.1.M.CP,"GPE: Low income WB FY24, December 2024",2007,11670000,,
OFST.1.M.CP,"GPE: Low income WB FY24, December 2024",2008,11400000,,
OFST.1.M.CP,"GPE: Low income WB FY24, December 2024",2009,11200000,,
OFST.1.M.CP,"GPE: Low income WB FY24, December 2024",2010,11150000,,
OFST.1.M.CP,"GPE: Low income WB FY24, December 2024",2011,11160000,,
OFST.1.M.CP,"GPE: Low income WB FY24, December 2024",2012,11200000,,
OFST.1.M.CP,"GPE: Low income WB FY24, December 2024",2013,11330000,,
OFST.1.M.CP,"GPE: Low income WB FY24, December 2024",2014,11540000,,
OFST.1.M.CP,"GPE: Low income WB FY24, December 2024",2015,11820000,,
OFST.1.M.CP,"GPE: Low income WB FY24, December 2024",2016,12150000,,
OFST.1.M.CP,"GPE: Low income WB FY24, December 2024",2017,12470000,,
OFST.1.M.CP,"GPE: Low income WB FY24, December 2024",2018,12810000,,
OFST.1.M.CP,"GPE: Low income WB FY24, December 2024",2019,13080000,,
OFST.1.M.CP,"GPE: Low income WB FY24, December 2024",2020,13220000,,
OFST.1.M.CP,"GPE: Low income WB FY24, December 2024",2021,13260000,,
OFST.1.M.CP,"GPE: Low income WB FY24, December 2024",2022,13560000,,
OFST.1.M.CP,"GPE: Low income WB FY24, December 2024",2023,13570000,,
OFST.1.M.CP,"GPE: Low income WB FY24, December 2024",2024,13660000,,
OFST.1.M.CP,"GPE: Lower middle Income WB FY24, December 2024",2000,20060000,,
OFST.1.M.CP,"GPE: Lower middle Income WB FY24, December 2024",2001,19120000,,
OFST.1.M.CP,"GPE: Lower middle Income WB FY24, December 2024",2002,18280000,,
OFST.1.M.CP,"GPE: Lower middle Income WB FY24, December 2024",2003,17780000,,
OFST.1.M.CP,"GPE: Lower middle Income WB FY24, December 2024",2004,17420000,,
OFST.1.M.CP,"GPE: Lower middle Income WB FY24, December 2024",2005,17450000,,
OFST.1.M.CP,"GPE: Lower middle Income WB FY24, December 2024",2006,17320000,,
OFST.1.M.CP,"GPE: Lower middle Income WB FY24, December 2024",2007,17310000,,
OFST.1.M.CP,"GPE: Lower middle Income WB FY24, December 2024",2008,17300000,,
OFST.1.M.CP,"GPE: Lower middle Income WB FY24, December 2024",2009,17330000,,
OFST.1.M.CP,"GPE: Lower middle Income WB FY24, December 2024",2010,17250000,,
OFST.1.M.CP,"GPE: Lower middle Income WB FY24, December 2024",2011,17150000,,
OFST.1.M.CP,"GPE: Lower middle Income WB FY24, December 2024",2012,17300000,,
OFST.1.M.CP,"GPE: Lower middle Income WB FY24, December 2024",2013,17370000,,
OFST.1.M.CP,"GPE: Lower middle Income WB FY24, December 2024",2014,17420000,,
OFST.1.M.CP,"GPE: Lower middle Income WB FY24, December 2024",2015,17330000,,
OFST.1.M.CP,"GPE: Lower middle Income WB FY24, December 2024",2016,17200000,,
OFST.1.M.CP,"GPE: Lower middle Income WB FY24, December 2024",2017,17030000,,
OFST.1.M.CP,"GPE: Lower middle Income WB FY24, December 2024",2018,17010000,,
OFST.1.M.CP,"GPE: Lower middle Income WB FY24, December 2024",2019,17420000,,
OFST.1.M.CP,"GPE: Lower middle Income WB FY24, December 2024",2020,17790000,,
OFST.1.M.CP,"GPE: Lower middle Income WB FY24, December 2024",2021,18180000,,
OFST.1.M.CP,"GPE: Lower middle Income WB FY24, December 2024",2022,18510000,,
OFST.1.M.CP,"GPE: Lower middle Income WB FY24, December 2024",2023,18760000,,
OFST.1.M.CP,"GPE: Lower middle Income WB FY24, December 2024",2024,18810000,,
OFST.1.M.CP,"GPE: Middle East & North Africa WB FY24, December 2024",2000,564400,,
OFST.1.M.CP,"GPE: Middle East & North Africa WB FY24, December 2024",2001,585600,,
OFST.1.M.CP,"GPE: Middle East & North Africa WB FY24, December 2024",2002,595600,,
OFST.1.M.CP,"GPE: Middle East & North Africa WB FY24, December 2024",2003,596500,,
OFST.1.M.CP,"GPE: Middle East & North Africa WB FY24, December 2024",2004,592700,,
OFST.1.M.CP,"GPE: Middle East & North Africa WB FY24, December 2024",2005,590600,,
OFST.1.M.CP,"GPE: Middle East & North Africa WB FY24, December 2024",2006,592800,,
OFST.1.M.CP,"GPE: Middle East & North Africa WB FY24, December 2024",2007,591700,,
OFST.1.M.CP,"GPE: Middle East & North Africa WB FY24, December 2024",2008,597500,,
OFST.1.M.CP,"GPE: Middle East & North Africa WB FY24, December 2024",2009,610000,,
OFST.1.M.CP,"GPE: Middle East & North Africa WB FY24, December 2024",2010,622000,,
OFST.1.M.CP,"GPE: Middle East & North Africa WB FY24, December 2024",2011,628500,,
OFST.1.M.CP,"GPE: Middle East & North Africa WB FY24, December 2024",2012,636400,,
OFST.1.M.CP,"GPE: Middle East & North Africa WB FY24, December 2024",2013,661900,,
OFST.1.M.CP,"GPE: Middle East & North Africa WB FY24, December 2024",2014,683000,,
OFST.1.M.CP,"GPE: Middle East & North Africa WB FY24, December 2024",2015,699400,,
OFST.1.M.CP,"GPE: Middle East & North Africa WB FY24, December 2024",2016,707000,,
OFST.1.M.CP,"GPE: Middle East & North Africa WB FY24, December 2024",2017,708700,,
OFST.1.M.CP,"GPE: Middle East & North Africa WB FY24, December 2024",2018,714400,,
OFST.1.M.CP,"GPE: Middle East & North Africa WB FY24, December 2024",2019,717000,,
OFST.1.M.CP,"GPE: Middle East & North Africa WB FY24, December 2024",2020,721700,,
OFST.1.M.CP,"GPE: Middle East & North Africa WB FY24, December 2024",2021,735200,,
OFST.1.M.CP,"GPE: Middle East & North Africa WB FY24, December 2024",2022,765600,,
OFST.1.M.CP,"GPE: Middle East & North Africa WB FY24, December 2024",2023,800900,,
OFST.1.M.CP,"GPE: Middle East & North Africa WB FY24, December 2024",2024,834900,,
OFST.1.M.CP,"GPE: Non Fragile & non Conflict-affected countries (NON-FCAC) FY24, December 2024",2000,10110000,,
OFST.1.M.CP,"GPE: Non Fragile & non Conflict-affected countries (NON-FCAC) FY24, December 2024",2001,9461000,,
OFST.1.M.CP,"GPE: Non Fragile & non Conflict-affected countries (NON-FCAC) FY24, December 2024",2002,8829000,,
OFST.1.M.CP,"GPE: Non Fragile & non Conflict-affected countries (NON-FCAC) FY24, December 2024",2003,8373000,,
OFST.1.M.CP,"GPE: Non Fragile & non Conflict-affected countries (NON-FCAC) FY24, December 2024",2004,7990000,,
OFST.1.M.CP,"GPE: Non Fragile & non Conflict-affected countries (NON-FCAC) FY24, December 2024",2005,7682000,,
OFST.1.M.CP,"GPE: Non Fragile & non Conflict-affected countries (NON-FCAC) FY24, December 2024",2006,7375000,,
OFST.1.M.CP,"GPE: Non Fragile & non Conflict-affected countries (NON-FCAC) FY24, December 2024",2007,7147000,,
OFST.1.M.CP,"GPE: Non Fragile & non Conflict-affected countries (NON-FCAC) FY24, December 2024",2008,6963000,,
OFST.1.M.CP,"GPE: Non Fragile & non Conflict-affected countries (NON-FCAC) FY24, December 2024",2009,6937000,,
OFST.1.M.CP,"GPE: Non Fragile & non Conflict-affected countries (NON-FCAC) FY24, December 2024",2010,6949000,,
OFST.1.M.CP,"GPE: Non Fragile & non Conflict-affected countries (NON-FCAC) FY24, December 2024",2011,6941000,,
OFST.1.M.CP,"GPE: Non Fragile & non Conflict-affected countries (NON-FCAC) FY24, December 2024",2012,7063000,,
OFST.1.M.CP,"GPE: Non Fragile & non Conflict-affected countries (NON-FCAC) FY24, December 2024",2013,7229000,,
OFST.1.M.CP,"GPE: Non Fragile & non Conflict-affected countries (NON-FCAC) FY24, December 2024",2014,7313000,,
OFST.1.M.CP,"GPE: Non Fragile & non Conflict-affected countries (NON-FCAC) FY24, December 2024",2015,7271000,,
OFST.1.M.CP,"GPE: Non Fragile & non Conflict-affected countries (NON-FCAC) FY24, December 2024",2016,7164000,,
OFST.1.M.CP,"GPE: Non Fragile & non Conflict-affected countries (NON-FCAC) FY24, December 2024",2017,7055000,,
OFST.1.M.CP,"GPE: Non Fragile & non Conflict-affected countries (NON-FCAC) FY24, December 2024",2018,6945000,,
OFST.1.M.CP,"GPE: Non Fragile & non Conflict-affected countries (NON-FCAC) FY24, December 2024",2019,6866000,,
OFST.1.M.CP,"GPE: Non Fragile & non Conflict-affected countries (NON-FCAC) FY24, December 2024",2020,6822000,,
OFST.1.M.CP,"GPE: Non Fragile & non Conflict-affected countries (NON-FCAC) FY24, December 2024",2021,6776000,,
OFST.1.M.CP,"GPE: Non Fragile & non Conflict-affected countries (NON-FCAC) FY24, December 2024",2022,6756000,,
OFST.1.M.CP,"GPE: Non Fragile & non Conflict-affected countries (NON-FCAC) FY24, December 2024",2023,6774000,,
OFST.1.M.CP,"GPE: Non Fragile & non Conflict-affected countries (NON-FCAC) FY24, December 2024",2024,6829000,,
OFST.1.M.CP,"GPE: Overall FY24, all 90 countries, December 2024",2000,33530000,,
OFST.1.M.CP,"GPE: Overall FY24, all 90 countries, December 2024",2001,32330000,,
OFST.1.M.CP,"GPE: Overall FY24, all 90 countries, December 2024",2002,31270000,,
OFST.1.M.CP,"GPE: Overall FY24, all 90 countries, December 2024",2003,30570000,,
OFST.1.M.CP,"GPE: Overall FY24, all 90 countries, December 2024",2004,30040000,,
OFST.1.M.CP,"GPE: Overall FY24, all 90 countries, December 2024",2005,29800000,,
OFST.1.M.CP,"GPE: Overall FY24, all 90 countries, December 2024",2006,29440000,,
OFST.1.M.CP,"GPE: Overall FY24, all 90 countries, December 2024",2007,29150000,,
OFST.1.M.CP,"GPE: Overall FY24, all 90 countries, December 2024",2008,28880000,,
OFST.1.M.CP,"GPE: Overall FY24, all 90 countries, December 2024",2009,28700000,,
OFST.1.M.CP,"GPE: Overall FY24, all 90 countries, December 2024",2010,28590000,,
OFST.1.M.CP,"GPE: Overall FY24, all 90 countries, December 2024",2011,28480000,,
OFST.1.M.CP,"GPE: Overall FY24, all 90 countries, December 2024",2012,28620000,,
OFST.1.M.CP,"GPE: Overall FY24, all 90 countries, December 2024",2013,28870000,,
OFST.1.M.CP,"GPE: Overall FY24, all 90 countries, December 2024",2014,29090000,,
OFST.1.M.CP,"GPE: Overall FY24, all 90 countries, December 2024",2015,29310000,,
OFST.1.M.CP,"GPE: Overall FY24, all 90 countries, December 2024",2016,29490000,,
OFST.1.M.CP,"GPE: Overall FY24, all 90 countries, December 2024",2017,29680000,,
OFST.1.M.CP,"GPE: Overall FY24, all 90 countries, December 2024",2018,29970000,,
OFST.1.M.CP,"GPE: Overall FY24, all 90 countries, December 2024",2019,30580000,,
OFST.1.M.CP,"GPE: Overall FY24, all 90 countries, December 2024",2020,31210000,,
OFST.1.M.CP,"GPE: Overall FY24, all 90 countries, December 2024",2021,31670000,,
OFST.1.M.CP,"GPE: Overall FY24, all 90 countries, December 2024",2022,32300000,,
OFST.1.M.CP,"GPE: Overall FY24, all 90 countries, December 2024",2023,32610000,,
OFST.1.M.CP,"GPE: Overall FY24, all 90 countries, December 2024",2024,32690000,,
OFST.1.M.CP,"GPE: Small island and landlocked developing states, December 2024",2000,70590,,
OFST.1.M.CP,"GPE: Small island and landlocked developing states, December 2024",2001,68030,,
OFST.1.M.CP,"GPE: Small island and landlocked developing states, December 2024",2002,64940,,
OFST.1.M.CP,"GPE: Small island and landlocked developing states, December 2024",2003,60410,,
OFST.1.M.CP,"GPE: Small island and landlocked developing states, December 2024",2004,55100,,
OFST.1.M.CP,"GPE: Small island and landlocked developing states, December 2024",2005,50840,,
OFST.1.M.CP,"GPE: Small island and landlocked developing states, December 2024",2006,46820,,
OFST.1.M.CP,"GPE: Small island and landlocked developing states, December 2024",2007,43190,,
OFST.1.M.CP,"GPE: Small island and landlocked developing states, December 2024",2008,39900,,
OFST.1.M.CP,"GPE: Small island and landlocked developing states, December 2024",2009,36880,,
OFST.1.M.CP,"GPE: Small island and landlocked developing states, December 2024",2010,34640,,
OFST.1.M.CP,"GPE: Small island and landlocked developing states, December 2024",2011,33610,,
OFST.1.M.CP,"GPE: Small island and landlocked developing states, December 2024",2012,33360,,
OFST.1.M.CP,"GPE: Small island and landlocked developing states, December 2024",2013,32800,,
OFST.1.M.CP,"GPE: Small island and landlocked developing states, December 2024",2014,32370,,
OFST.1.M.CP,"GPE: Small island and landlocked developing states, December 2024",2015,32670,,
OFST.1.M.CP,"GPE: Small island and landlocked developing states, December 2024",2016,33650,,
OFST.1.M.CP,"GPE: Small island and landlocked developing states, December 2024",2017,34830,,
OFST.1.M.CP,"GPE: Small island and landlocked developing states, December 2024",2018,36150,,
OFST.1.M.CP,"GPE: Small island and landlocked developing states, December 2024",2019,37620,,
OFST.1.M.CP,"GPE: Small island and landlocked developing states, December 2024",2020,39120,,
OFST.1.M.CP,"GPE: Small island and landlocked developing states, December 2024",2021,40970,,
OFST.1.M.CP,"GPE: Small island and landlocked developing states, December 2024",2022,42900,,
OFST.1.M.CP,"GPE: Small island and landlocked developing states, December 2024",2023,44700,,
OFST.1.M.CP,"GPE: Small island and landlocked developing states, December 2024",2024,46030,,
OFST.1.M.CP,"GPE: South Asia WB FY24, December 2024",2000,6222000,,
OFST.1.M.CP,"GPE: South Asia WB FY24, December 2024",2001,6164000,,
OFST.1.M.CP,"GPE: South Asia WB FY24, December 2024",2002,6117000,,
OFST.1.M.CP,"GPE: South Asia WB FY24, December 2024",2003,6273000,,
OFST.1.M.CP,"GPE: South Asia WB FY24, December 2024",2004,6352000,,
OFST.1.M.CP,"GPE: South Asia WB FY24, December 2024",2005,6473000,,
OFST.1.M.CP,"GPE: South Asia WB FY24, December 2024",2006,6631000,,
OFST.1.M.CP,"GPE: South Asia WB FY24, December 2024",2007,6728000,,
OFST.1.M.CP,"GPE: South Asia WB FY24, December 2024",2008,6822000,,
OFST.1.M.CP,"GPE: South Asia WB FY24, December 2024",2009,6860000,,
OFST.1.M.CP,"GPE: South Asia WB FY24, December 2024",2010,6840000,,
OFST.1.M.CP,"GPE: South Asia WB FY24, December 2024",2011,6839000,,
OFST.1.M.CP,"GPE: South Asia WB FY24, December 2024",2012,6875000,,
OFST.1.M.CP,"GPE: South Asia WB FY24, December 2024",2013,6863000,,
OFST.1.M.CP,"GPE: South Asia WB FY24, December 2024",2014,6789000,,
OFST.1.M.CP,"GPE: South Asia WB FY24, December 2024",2015,6592000,,
OFST.1.M.CP,"GPE: South Asia WB FY24, December 2024",2016,6287000,,
OFST.1.M.CP,"GPE: South Asia WB FY24, December 2024",2017,5978000,,
OFST.1.M.CP,"GPE: South Asia WB FY24, December 2024",2018,5921000,,
OFST.1.M.CP,"GPE: South Asia WB FY24, December 2024",2019,6249000,,
OFST.1.M.CP,"GPE: South Asia WB FY24, December 2024",2020,6721000,,
OFST.1.M.CP,"GPE: South Asia WB FY24, December 2024",2021,7223000,,
OFST.1.M.CP,"GPE: South Asia WB FY24, December 2024",2022,7992000,,
OFST.1.M.CP,"GPE: South Asia WB FY24, December 2024",2023,8365000,,
OFST.1.M.CP,"GPE: South Asia WB FY24, December 2024",2024,8478000,,
OFST.1.M.CP,"GPE: Sub-Saharan Africa WB FY24, December 2024",2000,19990000,,
OFST.1.M.CP,"GPE: Sub-Saharan Africa WB FY24, December 2024",2001,19410000,,
OFST.1.M.CP,"GPE: Sub-Saharan Africa WB FY24, December 2024",2002,18880000,,
OFST.1.M.CP,"GPE: Sub-Saharan Africa WB FY24, December 2024",2003,18460000,,
OFST.1.M.CP,"GPE: Sub-Saharan Africa WB FY24, December 2024",2004,18180000,,
OFST.1.M.CP,"GPE: Sub-Saharan Africa WB FY24, December 2024",2005,17920000,,
OFST.1.M.CP,"GPE: Sub-Saharan Africa WB FY24, December 2024",2006,17730000,,
OFST.1.M.CP,"GPE: Sub-Saharan Africa WB FY24, December 2024",2007,17560000,,
OFST.1.M.CP,"GPE: Sub-Saharan Africa WB FY24, December 2024",2008,17360000,,
OFST.1.M.CP,"GPE: Sub-Saharan Africa WB FY24, December 2024",2009,17250000,,
OFST.1.M.CP,"GPE: Sub-Saharan Africa WB FY24, December 2024",2010,17260000,,
OFST.1.M.CP,"GPE: Sub-Saharan Africa WB FY24, December 2024",2011,17330000,,
OFST.1.M.CP,"GPE: Sub-Saharan Africa WB FY24, December 2024",2012,17570000,,
OFST.1.M.CP,"GPE: Sub-Saharan Africa WB FY24, December 2024",2013,17950000,,
OFST.1.M.CP,"GPE: Sub-Saharan Africa WB FY24, December 2024",2014,18430000,,
OFST.1.M.CP,"GPE: Sub-Saharan Africa WB FY24, December 2024",2015,19010000,,
OFST.1.M.CP,"GPE: Sub-Saharan Africa WB FY24, December 2024",2016,19650000,,
OFST.1.M.CP,"GPE: Sub-Saharan Africa WB FY24, December 2024",2017,20250000,,
OFST.1.M.CP,"GPE: Sub-Saharan Africa WB FY24, December 2024",2018,20720000,,
OFST.1.M.CP,"GPE: Sub-Saharan Africa WB FY24, December 2024",2019,21050000,,
OFST.1.M.CP,"GPE: Sub-Saharan Africa WB FY24, December 2024",2020,21200000,,
OFST.1.M.CP,"GPE: Sub-Saharan Africa WB FY24, December 2024",2021,21150000,,
OFST.1.M.CP,"GPE: Sub-Saharan Africa WB FY24, December 2024",2022,20970000,,
OFST.1.M.CP,"GPE: Sub-Saharan Africa WB FY24, December 2024",2023,20840000,,
OFST.1.M.CP,"GPE: Sub-Saharan Africa WB FY24, December 2024",2024,20760000,,
OFST.1.M.CP,"GPE: Upper middle Income WB FY24, December 2024",2000,239000,,
OFST.1.M.CP,"GPE: Upper middle Income WB FY24, December 2024",2001,208000,,
OFST.1.M.CP,"GPE: Upper middle Income WB FY24, December 2024",2002,182800,,
OFST.1.M.CP,"GPE: Upper middle Income WB FY24, December 2024",2003,160400,,
OFST.1.M.CP,"GPE: Upper middle Income WB FY24, December 2024",2004,146500,,
OFST.1.M.CP,"GPE: Upper middle Income WB FY24, December 2024",2005,138600,,
OFST.1.M.CP,"GPE: Upper middle Income WB FY24, December 2024",2006,134600,,
OFST.1.M.CP,"GPE: Upper middle Income WB FY24, December 2024",2007,130000,,
OFST.1.M.CP,"GPE: Upper middle Income WB FY24, December 2024",2008,125400,,
OFST.1.M.CP,"GPE: Upper middle Income WB FY24, December 2024",2009,124900,,
OFST.1.M.CP,"GPE: Upper middle Income WB FY24, December 2024",2010,124100,,
OFST.1.M.CP,"GPE: Upper middle Income WB FY24, December 2024",2011,124000,,
OFST.1.M.CP,"GPE: Upper middle Income WB FY24, December 2024",2012,124500,,
OFST.1.M.CP,"GPE: Upper middle Income WB FY24, December 2024",2013,127700,,
OFST.1.M.CP,"GPE: Upper middle Income WB FY24, December 2024",2014,132900,,
OFST.1.M.CP,"GPE: Upper middle Income WB FY24, December 2024",2015,138100,,
OFST.1.M.CP,"GPE: Upper middle Income WB FY24, December 2024",2016,142100,,
OFST.1.M.CP,"GPE: Upper middle Income WB FY24, December 2024",2017,145000,,
OFST.1.M.CP,"GPE: Upper middle Income WB FY24, December 2024",2018,145400,,
OFST.1.M.CP,"GPE: Upper middle Income WB FY24, December 2024",2019,144000,,
OFST.1.M.CP,"GPE: Upper middle Income WB FY24, December 2024",2020,142400,,
OFST.1.M.CP,"GPE: Upper middle Income WB FY24, December 2024",2021,141300,,
OFST.1.M.CP,"GPE: Upper middle Income WB FY24, December 2024",2022,139200,,
OFST.1.M.CP,"GPE: Upper middle Income WB FY24, December 2024",2023,136000,,
OFST.1.M.CP,"GPE: Upper middle Income WB FY24, December 2024",2024,133900,,
OFST.1.M.CP,GRC,2002,19254,NAT_EST,
OFST.1.M.CP,GRC,2003,12373,NAT_EST,
OFST.1.M.CP,GRC,2004,4309,NAT_EST,
OFST.1.M.CP,GRC,2005,4320,NAT_EST,
OFST.1.M.CP,GRC,2006,7184,NAT_EST,
OFST.1.M.CP,GRC,2007,5859,NAT_EST,
OFST.1.M.CP,GRC,2010,2932,NAT_EST,
OFST.1.M.CP,GRC,2011,3209,NAT_EST,
OFST.1.M.CP,GRC,2012,4769,NAT_EST,
OFST.1.M.CP,GRC,2013,5551,NAT_EST,
OFST.1.M.CP,GRC,2014,7997,NAT_EST,
OFST.1.M.CP,GRC,2015,5337,NAT_EST,
OFST.1.M.CP,GRC,2016,2727,NAT_EST,
OFST.1.M.CP,GRC,2017,4958,NAT_EST,
OFST.1.M.CP,GRC,2018,8905,NAT_EST,
OFST.1.M.CP,GRC,2019,9885,NAT_EST,
OFST.1.M.CP,GRC,2020,11780,NAT_EST,
OFST.1.M.CP,GRC,2021,12031,NAT_EST,
OFST.1.M.CP,GRD,1972,1039,,
OFST.1.M.CP,GRD,1977,1576,,
OFST.1.M.CP,GRD,1978,1346,,
OFST.1.M.CP,GRD,1979,1124,,
OFST.1.M.CP,GRD,1980,1082,,
OFST.1.M.CP,GRD,1981,1297,,
OFST.1.M.CP,GRD,1982,1394,,
OFST.1.M.CP,GRD,1983,1178,,
OFST.1.M.CP,GRD,1984,777,,
OFST.1.M.CP,GRD,2002,298,,
OFST.1.M.CP,GRD,2005,676,UIS_EST,
OFST.1.M.CP,GRD,2014,255,,
OFST.1.M.CP,GRD,2016,234,,
OFST.1.M.CP,GRD,2021,68,,
OFST.1.M.CP,GTM,1970,215236,,
OFST.1.M.CP,GTM,1971,213573,,
OFST.1.M.CP,GTM,1972,215588,,
OFST.1.M.CP,GTM,1974,223913,,
OFST.1.M.CP,GTM,1975,222261,,
OFST.1.M.CP,GTM,1978,214665,,
OFST.1.M.CP,GTM,1981,189735,,
OFST.1.M.CP,GTM,1982,216970,,
OFST.1.M.CP,GTM,1983,193826,,
OFST.1.M.CP,GTM,1997,229035,,
OFST.1.M.CP,GTM,1999,136469,UIS_EST,
OFST.1.M.CP,GTM,2000,122199,,
OFST.1.M.CP,GTM,2001,136179,UIS_EST,
OFST.1.M.CP,GTM,2002,108736,,
OFST.1.M.CP,GTM,2004,65901,UIS_EST,
OFST.1.M.CP,GTM,2005,53679,UIS_EST,
OFST.1.M.CP,GTM,2006,40632,UIS_EST,
OFST.1.M.CP,GTM,2007,31773,,
OFST.1.M.CP,GTM,2008,30850,,
OFST.1.M.CP,GTM,2011,23209,,
OFST.1.M.CP,GTM,2012,53908,,
OFST.1.M.CP,GTM,2013,79865,,
OFST.1.M.CP,GTM,2014,103916,,
OFST.1.M.CP,GTM,2015,110703,,
OFST.1.M.CP,GTM,2016,124279,,
OFST.1.M.CP,GTM,2017,116736,,
OFST.1.M.CP,GTM,2018,105920,,
OFST.1.M.CP,GTM,2019,108993,,
OFST.1.M.CP,GTM,2020,111354,,
OFST.1.M.CP,GTM,2021,98826,,
OFST.1.M.CP,GTM,2022,99891,,
OFST.1.M.CP,GTM,2023,99979,,
OFST.1.M.CP,GTM,2024,102893,,
OFST.1.M.CP,GUF,1996,132,,
OFST.1.M.CP,GUY,1971,7624,,
OFST.1.M.CP,GUY,1972,7594,,
OFST.1.M.CP,GUY,1974,7258,,
OFST.1.M.CP,GUY,1976,8352,,
OFST.1.M.CP,GUY,1977,3555,,
OFST.1.M.CP,GUY,1979,4850,,
OFST.1.M.CP,GUY,1982,5520,,
OFST.1.M.CP,GUY,1991,3828,,
OFST.1.M.CP,GUY,1992,4592,,
OFST.1.M.CP,GUY,1993,5380,,
OFST.1.M.CP,GUY,1995,4589,,
OFST.1.M.CP,GUY,1996,6134,,
OFST.1.M.CP,GUY,2003,4282,,
OFST.1.M.CP,GUY,2008,125,UIS_EST,
OFST.1.M.CP,GUY,2009,2463,UIS_EST,
OFST.1.M.CP,GUY,2020,6363,,
OFST.1.M.CP,GUY,2021,7754,,
OFST.1.M.CP,GUY,2023,8547,,
OFST.1.M.CP,HKG,2001,10075,UIS_EST,
OFST.1.M.CP,HKG,2002,8930,UIS_EST,
OFST.1.M.CP,HKG,2003,3588,UIS_EST,
OFST.1.M.CP,HKG,2004,5472,UIS_EST,
OFST.1.M.CP,HKG,2005,2614,UIS_EST,
OFST.1.M.CP,HKG,2006,847,UIS_EST,
OFST.1.M.CP,HKG,2007,2452,UIS_EST,
OFST.1.M.CP,HND,1979,73286,,
OFST.1.M.CP,HND,1980,74373,,
OFST.1.M.CP,HND,1982,44943,,
OFST.1.M.CP,HND,1983,43865,,
OFST.1.M.CP,HND,1984,43093,,
OFST.1.M.CP,HND,1986,51270,,
OFST.1.M.CP,HND,1991,65574,,
OFST.1.M.CP,HND,1993,61517,,
OFST.1.M.CP,HND,2000,84149,UIS_EST,
OFST.1.M.CP,HND,2003,62981,UIS_EST,
OFST.1.M.CP,HND,2004,62118,UIS_EST,
OFST.1.M.CP,HND,2005,88271,UIS_EST,
OFST.1.M.CP,HND,2006,64636,UIS_EST,
OFST.1.M.CP,HND,2007,99245,,
OFST.1.M.CP,HND,2008,84166,,
OFST.1.M.CP,HND,2009,96780,,
OFST.1.M.CP,HND,2010,96600,,
OFST.1.M.CP,HND,2011,98259,,
OFST.1.M.CP,HND,2012,117206,,
OFST.1.M.CP,HND,2013,142331,,
OFST.1.M.CP,HND,2014,146294,,
OFST.1.M.CP,HND,2015,156366,,
OFST.1.M.CP,HND,2016,150118,,
OFST.1.M.CP,HND,2017,144651,,
OFST.1.M.CP,HND,2019,141586,,
OFST.1.M.CP,HND,2020,150493,,
OFST.1.M.CP,HND,2021,172110,,
OFST.1.M.CP,HND,2022,162724,,
OFST.1.M.CP,HND,2023,164164,,
OFST.1.M.CP,HND,2024,184026,,
OFST.1.M.CP,HRV,2003,35,NAT_EST,
OFST.1.M.CP,HRV,2009,2073,NAT_EST,
OFST.1.M.CP,HTI,1981,275933,,
OFST.1.M.CP,HTI,1982,255540,,
OFST.1.M.CP,HTI,1983,245350,,
OFST.1.M.CP,HTI,1984,265178,,
OFST.1.M.CP,HTI,1985,241226,,
OFST.1.M.CP,HTI,1986,235254,,
OFST.1.M.CP,HTI,1987,287121,,
OFST.1.M.CP,HTI,1997,242980,,
OFST.1.M.CP,HUN,2001,3880,NAT_EST,
OFST.1.M.CP,HUN,2006,123,NAT_EST,
OFST.1.M.CP,HUN,2007,390,NAT_EST,
OFST.1.M.CP,HUN,2008,928,NAT_EST,
OFST.1.M.CP,HUN,2009,2698,NAT_EST,
OFST.1.M.CP,HUN,2010,3813,NAT_EST,
OFST.1.M.CP,HUN,2011,4681,NAT_EST,
OFST.1.M.CP,HUN,2012,3360,NAT_EST,
OFST.1.M.CP,HUN,2013,4688,NAT_EST,
OFST.1.M.CP,HUN,2014,6199,NAT_EST,
OFST.1.M.CP,HUN,2015,6916,NAT_EST,
OFST.1.M.CP,HUN,2016,7413,NAT_EST,
OFST.1.M.CP,HUN,2017,6365,NAT_EST,
OFST.1.M.CP,HUN,2018,5095,NAT_EST,
OFST.1.M.CP,HUN,2019,4419,NAT_EST,
OFST.1.M.CP,HUN,2020,3981,NAT_EST,
OFST.1.M.CP,HUN,2021,3207,NAT_EST,
OFST.1.M.CP,HUN,2022,3175,NAT_EST,
OFST.1.M.CP,HUN,2023,4196,NAT_EST,
OFST.1.M.CP,HUN,2024,5614,NAT_EST,
OFST.1.M.CP,IDN,1971,2258830,,
OFST.1.M.CP,IDN,1972,2251037,,
OFST.1.M.CP,IDN,1974,2242300,,
OFST.1.M.CP,IDN,1975,2313586,,
OFST.1.M.CP,IDN,1976,2107626,,
OFST.1.M.CP,IDN,1978,1178055,,
OFST.1.M.CP,IDN,1981,660920,,
OFST.1.M.CP,IDN,1987,35989,,
OFST.1.M.CP,IDN,1989,63406,,
OFST.1.M.CP,IDN,1990,324907,,
OFST.1.M.CP,IDN,1991,491697,,
OFST.1.M.CP,IDN,1992,580162,,
OFST.1.M.CP,IDN,1993,712760,,
OFST.1.M.CP,IDN,1994,555347,,
OFST.1.M.CP,IDN,1995,536797,,
OFST.1.M.CP,IDN,1996,790565,,
OFST.1.M.CP,IDN,1997,825135,,
OFST.1.M.CP,IDN,2001,597159,,
OFST.1.M.CP,IDN,2002,658620,,
OFST.1.M.CP,IDN,2003,618172,,
OFST.1.M.CP,IDN,2004,695512,,
OFST.1.M.CP,IDN,2005,705581,UIS_EST,
OFST.1.M.CP,IDN,2006,465989,,
OFST.1.M.CP,IDN,2007,121094,,
OFST.1.M.CP,IDN,2008,291404,,
OFST.1.M.CP,IDN,2009,27648,NAT_EST,
OFST.1.M.CP,IDN,2013,271149,,
OFST.1.M.CP,IDN,2014,374050,UIS_EST,
OFST.1.M.CP,IDN,2016,520653,,
OFST.1.M.CP,IDN,2017,594151,,
OFST.1.M.CP,IDN,2018,859416.6953125,,
OFST.1.M.CP,IND,1971,10084574,,
OFST.1.M.CP,IND,1990,7117510,,
OFST.1.M.CP,IND,2000,2855373,UIS_EST,
OFST.1.M.CP,IND,2001,4409162,UIS_EST,
OFST.1.M.CP,IND,2002,4974548,UIS_EST,
OFST.1.M.CP,IND,2003,4630338,UIS_EST,
OFST.1.M.CP,IND,2008,498149,UIS_EST,
OFST.1.M.CP,IND,2009,1701285,,
OFST.1.M.CP,IND,2010,1073979,,
OFST.1.M.CP,IND,2011,1982625,,
OFST.1.M.CP,IND,2012,183925,UIS_EST,
OFST.1.M.CP,IND,2016,3294559,,
OFST.1.M.CP,IND,2017,4380744,,
OFST.1.M.CP,IND,2018,4453745,,
OFST.1.M.CP,IND,2019,5009873,,
OFST.1.M.CP,IND,2020,2868354,,
OFST.1.M.CP,IND,2021,1627908,,
OFST.1.M.CP,IND,2023,815164.9424768537,,
OFST.1.M.CP,IRL,2001,778,NAT_EST,
OFST.1.M.CP,IRL,2022,8853,NAT_EST,
OFST.1.M.CP,IRN,1984,270297,,
OFST.1.M.CP,IRN,1985,326479,,
OFST.1.M.CP,IRN,1986,368834,,
OFST.1.M.CP,IRN,1987,404564,,
OFST.1.M.CP,IRN,1988,422732,,
OFST.1.M.CP,IRN,1989,472329,,
OFST.1.M.CP,IRN,1990,221062,,
OFST.1.M.CP,IRN,1992,159706,,
OFST.1.M.CP,IRN,1997,346074,,
OFST.1.M.CP,IRN,1999,657918,UIS_EST,
OFST.1.M.CP,IRN,2000,631770,UIS_EST,
OFST.1.M.CP,IRN,2002,4167,UIS_EST,
OFST.1.M.CP,IRN,2006,22606,UIS_EST,
OFST.1.M.CP,IRN,2007,193051,UIS_EST,
OFST.1.M.CP,IRN,2009,159911,,
OFST.1.M.CP,IRN,2010,186616,,
OFST.1.M.CP,IRN,2011,164425,,
OFST.1.M.CP,IRN,2012,147103,NAT_EST,
OFST.1.M.CP,IRN,2014,158790,,
OFST.1.M.CP,IRN,2015,153298,,
OFST.1.M.CP,IRN,2016,139349,,
OFST.1.M.CP,IRN,2017,107924,,
OFST.1.M.CP,IRN,2019,71024,UIS_EST,
OFST.1.M.CP,IRN,2020,91080,,
OFST.1.M.CP,IRQ,1971,180561,,
OFST.1.M.CP,IRQ,1972,179797,,
OFST.1.M.CP,IRQ,1973,178479,,
OFST.1.M.CP,IRQ,1974,168039,,
OFST.1.M.CP,IRQ,1975,186509,,
OFST.1.M.CP,IRQ,1976,80092,,
OFST.1.M.CP,IRQ,1977,77978,,
OFST.1.M.CP,IRQ,1978,76236,,
OFST.1.M.CP,IRQ,1980,273,,
OFST.1.M.CP,IRQ,1981,48543,,
OFST.1.M.CP,IRQ,1983,119918,,
OFST.1.M.CP,IRQ,1985,124278,,
OFST.1.M.CP,IRQ,1986,100751,,
OFST.1.M.CP,IRQ,1987,76390,,
OFST.1.M.CP,IRQ,1988,67549,,
OFST.1.M.CP,IRQ,1989,60895,,
OFST.1.M.CP,IRQ,1993,254180,,
OFST.1.M.CP,IRQ,1996,383790,,
OFST.1.M.CP,IRQ,1999,175675,,
OFST.1.M.CP,IRQ,2000,234280,,
OFST.1.M.CP,IRQ,2003,186786,UIS_EST,
OFST.1.M.CP,IRQ,2004,203201,,
OFST.1.M.CP,IRQ,2007,117141,UIS_EST,
OFST.1.M.CP,ISL,1994,68,,
OFST.1.M.CP,ISL,1997,127,,
OFST.1.M.CP,ISL,1998,99,,
OFST.1.M.CP,ISL,1999,113,,
OFST.1.M.CP,ISL,2000,24,,
OFST.1.M.CP,ISL,2002,80,,
OFST.1.M.CP,ISL,2003,35,,
OFST.1.M.CP,ISL,2004,48,,
OFST.1.M.CP,ISL,2005,14,,
OFST.1.M.CP,ISL,2006,50,,
OFST.1.M.CP,ISL,2007,213,,
OFST.1.M.CP,ISL,2008,233,,
OFST.1.M.CP,ISL,2009,235,,
OFST.1.M.CP,ISL,2010,174,,
OFST.1.M.CP,ISL,2011,180,,
OFST.1.M.CP,ISL,2012,166,,
OFST.1.M.CP,ISL,2013,176,,
OFST.1.M.CP,ISL,2014,174,,
OFST.1.M.CP,ISL,2015,227,,
OFST.1.M.CP,ISL,2016,187,,
OFST.1.M.CP,ISL,2017,186,,
OFST.1.M.CP,ISL,2018,166,,
OFST.1.M.CP,ISL,2019,221,,
OFST.1.M.CP,ISL,2020,239,,
OFST.1.M.CP,ISL,2021,255,,
OFST.1.M.CP,ISL,2022,246,,
OFST.1.M.CP,ISL,2023,315,,
OFST.1.M.CP,ISR,2001,7894,NAT_EST,
OFST.1.M.CP,ISR,2002,7002,NAT_EST,
OFST.1.M.CP,ISR,2003,9893,NAT_EST,
OFST.1.M.CP,ISR,2004,8678,NAT_EST,
OFST.1.M.CP,ISR,2005,9336,NAT_EST,
OFST.1.M.CP,ISR,2006,9833,NAT_EST,
OFST.1.M.CP,ISR,2007,7253,NAT_EST,
OFST.1.M.CP,ISR,2008,9775,NAT_EST,
OFST.1.M.CP,ISR,2009,8908,NAT_EST,
OFST.1.M.CP,ISR,2012,330,NAT_EST,
OFST.1.M.CP,ISR,2013,786,NAT_EST,
OFST.1.M.CP,ISR,2014,1621,NAT_EST,
OFST.1.M.CP,ISR,2015,1956,NAT_EST,
OFST.1.M.CP,ISR,2016,2783,NAT_EST,
OFST.1.M.CP,ISR,2017,3616,NAT_EST,
OFST.1.M.CP,ISR,2018,4972,NAT_EST,
OFST.1.M.CP,ISR,2019,7626,NAT_EST,
OFST.1.M.CP,ISR,2020,9328,NAT_EST,
OFST.1.M.CP,ISR,2021,8797,NAT_EST,
OFST.1.M.CP,ISR,2022,10907,NAT_EST,
OFST.1.M.CP,ISR,2023,11665,NAT_EST,
OFST.1.M.CP,ISR,2024,15104,NAT_EST,
OFST.1.M.CP,ITA,2012,3497,NAT_EST,
OFST.1.M.CP,ITA,2013,13207,NAT_EST,
OFST.1.M.CP,ITA,2014,17897,NAT_EST,
OFST.1.M.CP,ITA,2015,21466,NAT_EST,
OFST.1.M.CP,ITA,2016,23515,NAT_EST,
OFST.1.M.CP,ITA,2017,22079,NAT_EST,
OFST.1.M.CP,ITA,2018,20351,NAT_EST,
OFST.1.M.CP,ITA,2019,20511,NAT_EST,
OFST.1.M.CP,ITA,2020,18733,NAT_EST,
OFST.1.M.CP,ITA,2021,27644,NAT_EST,
OFST.1.M.CP,ITA,2022,32310,NAT_EST,
OFST.1.M.CP,ITA,2023,25456,NAT_EST,
OFST.1.M.CP,JAM,1976,4947,,
OFST.1.M.CP,JAM,1977,6069,,
OFST.1.M.CP,JAM,1980,4489,,
OFST.1.M.CP,JAM,1981,4485,,
OFST.1.M.CP,JAM,1983,3944,,
OFST.1.M.CP,JAM,1984,7053,,
OFST.1.M.CP,JAM,1985,9400,,
OFST.1.M.CP,JAM,1986,10173,,
OFST.1.M.CP,JAM,1987,6266,,
OFST.1.M.CP,JAM,1988,13516,,
OFST.1.M.CP,JAM,1989,8547,,
OFST.1.M.CP,JAM,1990,8866,,
OFST.1.M.CP,JAM,1991,11029,,
OFST.1.M.CP,JAM,1993,14665,,
OFST.1.M.CP,JAM,1999,21977,UIS_EST,
OFST.1.M.CP,JAM,2000,20087,UIS_EST,
OFST.1.M.CP,JAM,2001,20410,UIS_EST,
OFST.1.M.CP,JAM,2002,22535,,
OFST.1.M.CP,JAM,2003,24029,UIS_EST,
OFST.1.M.CP,JAM,2004,17889,,
OFST.1.M.CP,JAM,2005,17308,UIS_EST,
OFST.1.M.CP,JAM,2013,12121,,
OFST.1.M.CP,JAM,2014,15449,,
OFST.1.M.CP,JAM,2015,19637,,
OFST.1.M.CP,JAM,2016,15743,,
OFST.1.M.CP,JAM,2017,14164.513823,,
OFST.1.M.CP,JAM,2018,14279,,
OFST.1.M.CP,JAM,2019,11944,,
OFST.1.M.CP,JAM,2020,16467,UIS_EST,
OFST.1.M.CP,JAM,2021,17502,,
OFST.1.M.CP,JAM,2022,6834,,
OFST.1.M.CP,JAM,2023,14503,,
OFST.1.M.CP,JAM,2024,4815,,
OFST.1.M.CP,JOR,1972,18346,,
OFST.1.M.CP,JOR,1973,10061,,
OFST.1.M.CP,JOR,1974,3602,,
OFST.1.M.CP,JOR,1980,4773,,
OFST.1.M.CP,JOR,1981,8481,,
OFST.1.M.CP,JOR,1982,8028,,
OFST.1.M.CP,JOR,1983,17836,,
OFST.1.M.CP,JOR,1984,21966,,
OFST.1.M.CP,JOR,1985,27729,,
OFST.1.M.CP,JOR,1999,61627,UIS_EST,
OFST.1.M.CP,JOR,2000,67946,,
OFST.1.M.CP,JOR,2002,42998,,
OFST.1.M.CP,JOR,2003,36985,,
OFST.1.M.CP,JOR,2004,33489,,
OFST.1.M.CP,JOR,2005,32089,,
OFST.1.M.CP,JOR,2006,36105,,
OFST.1.M.CP,JOR,2007,43574,,
OFST.1.M.CP,JOR,2008,54517,,
OFST.1.M.CP,JOR,2010,53458,,
OFST.1.M.CP,JOR,2011,49882,,
OFST.1.M.CP,JOR,2012,47307,,
OFST.1.M.CP,JOR,2013,33300,,
OFST.1.M.CP,JOR,2016,19872,,
OFST.1.M.CP,JOR,2017,11318,,
OFST.1.M.CP,JOR,2018,7622,,
OFST.1.M.CP,JOR,2019,7703,,
OFST.1.M.CP,JOR,2020,7165,,
OFST.1.M.CP,JOR,2021,12835,,
OFST.1.M.CP,JOR,2022,9144,,
OFST.1.M.CP,JOR,2023,18039,,
OFST.1.M.CP,JOR,2024,12306,,
OFST.1.M.CP,JPN,2013,40473,NAT_EST,
OFST.1.M.CP,KAZ,2000,18172,UIS_EST,
OFST.1.M.CP,KAZ,2006,4863,,
OFST.1.M.CP,KAZ,2007,14782,UIS_EST,
OFST.1.M.CP,KAZ,2008,24959,UIS_EST,
OFST.1.M.CP,KAZ,2009,34191,UIS_EST,
OFST.1.M.CP,KAZ,2010,40540,,
OFST.1.M.CP,KAZ,2011,38885,,
OFST.1.M.CP,KAZ,2012,40614,,
OFST.1.M.CP,KAZ,2013,46920,,
OFST.1.M.CP,KAZ,2014,50699,,
OFST.1.M.CP,KAZ,2015,52540,,
OFST.1.M.CP,KAZ,2016,57402,,
OFST.1.M.CP,KAZ,2017,44567,,
OFST.1.M.CP,KAZ,2018,41942,,
OFST.1.M.CP,KAZ,2019,33953,,
OFST.1.M.CP,KAZ,2020,83367,,
OFST.1.M.CP,KAZ,2021,83026,,
OFST.1.M.CP,KAZ,2022,79662,,
OFST.1.M.CP,KAZ,2023,40756,,
OFST.1.M.CP,KAZ,2024,45739,,
OFST.1.M.CP,KEN,1999,986634,UIS_EST,
OFST.1.M.CP,KEN,2000,952352,UIS_EST,
OFST.1.M.CP,KEN,2001,742799,UIS_EST,
OFST.1.M.CP,KEN,2002,721966,,
OFST.1.M.CP,KEN,2003,397175,,
OFST.1.M.CP,KEN,2004,432599,,
OFST.1.M.CP,KEN,2005,415252,,
OFST.1.M.CP,KEN,2006,443747,,
OFST.1.M.CP,KEN,2007,121976,UIS_EST,
OFST.1.M.CP,KEN,2008,287042,UIS_EST,
OFST.1.M.CP,KEN,2009,222137,UIS_EST,
OFST.1.M.CP,KEN,2012,678224,UIS_EST,
OFST.1.M.CP,KEN,2021,1599092,,
OFST.1.M.CP,KEN,2022,1400982,,
OFST.1.M.CP,KEN,2023,386718,,
OFST.1.M.CP,KGZ,1996,17576,,
OFST.1.M.CP,KGZ,1999,5587,UIS_EST,
OFST.1.M.CP,KGZ,2000,9373,UIS_EST,
OFST.1.M.CP,KGZ,2001,7519,UIS_EST,
OFST.1.M.CP,KGZ,2002,8744,UIS_EST,
OFST.1.M.CP,KGZ,2003,11140,UIS_EST,
OFST.1.M.CP,KGZ,2004,1809,UIS_EST,
OFST.1.M.CP,KGZ,2005,8371,,
OFST.1.M.CP,KGZ,2006,4952,,
OFST.1.M.CP,KGZ,2007,10405,,
OFST.1.M.CP,KGZ,2008,12523,UIS_EST,
OFST.1.M.CP,KGZ,2009,12976,,
OFST.1.M.CP,KGZ,2010,10070,,
OFST.1.M.CP,KGZ,2011,11879,,
OFST.1.M.CP,KGZ,2012,11407,,
OFST.1.M.CP,KGZ,2013,11152,,
OFST.1.M.CP,KGZ,2014,9595,,
OFST.1.M.CP,KGZ,2015,10593,,
OFST.1.M.CP,KGZ,2016,5464,,
OFST.1.M.CP,KGZ,2017,6241,,
OFST.1.M.CP,KGZ,2018,5658,,
OFST.1.M.CP,KGZ,2019,6977,,
OFST.1.M.CP,KGZ,2020,16506,,
OFST.1.M.CP,KGZ,2021,14568,,
OFST.1.M.CP,KGZ,2022,11525,,
OFST.1.M.CP,KGZ,2024,9735,,
OFST.1.M.CP,KHM,1997,83501,,
OFST.1.M.CP,KHM,1998,120568,,
OFST.1.M.CP,KHM,1999,114389,,
OFST.1.M.CP,KHM,2000,55916,,
OFST.1.M.CP,KHM,2003,23495,,
OFST.1.M.CP,KHM,2006,46083,NAT_EST,
OFST.1.M.CP,KHM,2007,26815,,
OFST.1.M.CP,KHM,2008,35862,,
OFST.1.M.CP,KHM,2010,62088,,
OFST.1.M.CP,KHM,2012,12607,,
OFST.1.M.CP,KHM,2014,82397,,
OFST.1.M.CP,KHM,2015,98196,UIS_EST,
OFST.1.M.CP,KHM,2016,102101,,
OFST.1.M.CP,KHM,2017,112858,,
OFST.1.M.CP,KHM,2018,110855,,
OFST.1.M.CP,KHM,2019,94344,,
OFST.1.M.CP,KHM,2020,92963,,
OFST.1.M.CP,KHM,2021,115400.0168457032,,
OFST.1.M.CP,KHM,2022,171353.0123291016,,
OFST.1.M.CP,KHM,2023,75614.78356284997,,
OFST.1.M.CP,KHM,2024,29839.04272460938,,
OFST.1.M.CP,KIR,1979,454,,
OFST.1.M.CP,KIR,1981,278,,
OFST.1.M.CP,KIR,1982,189,,
OFST.1.M.CP,KIR,1983,223,,
OFST.1.M.CP,KIR,1984,232,,
OFST.1.M.CP,KIR,1985,78,,
OFST.1.M.CP,KIR,1986,129,,
OFST.1.M.CP,KIR,1987,224,,
OFST.1.M.CP,KIR,1989,20,,
OFST.1.M.CP,KIR,1993,67,,
OFST.1.M.CP,KIR,2022,285,,
OFST.1.M.CP,KIR,2023,622,,
OFST.1.M.CP,KIR,2024,637,,
OFST.1.M.CP,KNA,1985,92,,
OFST.1.M.CP,KNA,1986,123,,
OFST.1.M.CP,KOR,2000,62037,UIS_EST,
OFST.1.M.CP,KOR,2001,55035,UIS_EST,
OFST.1.M.CP,KOR,2002,52198,UIS_EST,
OFST.1.M.CP,KOR,2003,32299,UIS_EST,
OFST.1.M.CP,KOR,2004,35801,UIS_EST,
OFST.1.M.CP,KOR,2005,19505,UIS_EST,
OFST.1.M.CP,KOR,2006,16145,UIS_EST,
OFST.1.M.CP,KOR,2007,7655,UIS_EST,
OFST.1.M.CP,KOR,2009,23944,UIS_EST,
OFST.1.M.CP,KOR,2011,15256,NAT_EST,
OFST.1.M.CP,KOR,2012,17643,NAT_EST,
OFST.1.M.CP,KOR,2013,32742,NAT_EST,
OFST.1.M.CP,KOR,2014,40484,NAT_EST,
OFST.1.M.CP,KOR,2015,1956,NAT_EST,
OFST.1.M.CP,KOR,2016,9913,NAT_EST,
OFST.1.M.CP,KOR,2017,25692,NAT_EST,
OFST.1.M.CP,KOR,2018,26049,NAT_EST,
OFST.1.M.CP,KOR,2019,12418,NAT_EST,
OFST.1.M.CP,KOR,2020,18502,NAT_EST,
OFST.1.M.CP,KOR,2021,19853,NAT_EST,
OFST.1.M.CP,KOR,2022,13881,NAT_EST,
OFST.1.M.CP,KWT,1971,21019,,
OFST.1.M.CP,KWT,1972,22087,,
OFST.1.M.CP,KWT,1973,21611,,
OFST.1.M.CP,KWT,1974,21567,,
OFST.1.M.CP,KWT,1975,21652,,
OFST.1.M.CP,KWT,1976,21623,,
OFST.1.M.CP,KWT,1977,20399,,
OFST.1.M.CP,KWT,1978,12959,,
OFST.1.M.CP,KWT,1979,13532,,
OFST.1.M.CP,KWT,1980,16518,,
OFST.1.M.CP,KWT,1981,16878,,
OFST.1.M.CP,KWT,1982,16231,,
OFST.1.M.CP,KWT,1983,16520,,
OFST.1.M.CP,KWT,1984,18504,,
OFST.1.M.CP,KWT,1985,19506,,
OFST.1.M.CP,KWT,1986,21432,,
OFST.1.M.CP,KWT,1987,27833,,
OFST.1.M.CP,KWT,1988,29363,,
OFST.1.M.CP,KWT,1992,31923,,
OFST.1.M.CP,KWT,1994,21420,,
OFST.1.M.CP,KWT,1996,21225,,
OFST.1.M.CP,KWT,1997,23427,,
OFST.1.M.CP,KWT,1998,13697,,
OFST.1.M.CP,KWT,1999,13266,,
OFST.1.M.CP,KWT,2000,11976,UIS_EST,
OFST.1.M.CP,KWT,2001,9245,UIS_EST,
OFST.1.M.CP,KWT,2002,4523,,
OFST.1.M.CP,KWT,2005,3490,,
OFST.1.M.CP,KWT,2013,4177,,
OFST.1.M.CP,KWT,2016,18443,,
OFST.1.M.CP,LAO,1992,125006,,
OFST.1.M.CP,LAO,1993,112295,,
OFST.1.M.CP,LAO,1994,102200,,
OFST.1.M.CP,LAO,1996,103041,,
OFST.1.M.CP,LAO,1997,97123,,
OFST.1.M.CP,LAO,1998,86857,,
OFST.1.M.CP,LAO,1999,87587,,
OFST.1.M.CP,LAO,2000,86465,,
OFST.1.M.CP,LAO,2001,91191,,
OFST.1.M.CP,LAO,2002,86116,,
OFST.1.M.CP,LAO,2003,75882,,
OFST.1.M.CP,LAO,2004,76846,,
OFST.1.M.CP,LAO,2005,74630,,
OFST.1.M.CP,LAO,2006,71516,,
OFST.1.M.CP,LAO,2007,61187,,
OFST.1.M.CP,LAO,2008,52660,,
OFST.1.M.CP,LAO,2009,44784,,
OFST.1.M.CP,LAO,2010,25677,,
OFST.1.M.CP,LAO,2011,25526,,
OFST.1.M.CP,LAO,2012,23252,,
OFST.1.M.CP,LAO,2013,14201,,
OFST.1.M.CP,LAO,2014,10949,,
OFST.1.M.CP,LAO,2015,14867,,
OFST.1.M.CP,LAO,2016,15804,,
OFST.1.M.CP,LAO,2017,20497,,
OFST.1.M.CP,LAO,2018,22290,,
OFST.1.M.CP,LAO,2019,21842,,
OFST.1.M.CP,LAO,2020,23525,,
OFST.1.M.CP,LAO,2021,24741,,
OFST.1.M.CP,LAO,2022,35252,,
OFST.1.M.CP,LAO,2023,36341,,
OFST.1.M.CP,LAO,2024,40792,,
OFST.1.M.CP,LBN,1974,12803,,
OFST.1.M.CP,LBN,1997,106152,,
OFST.1.M.CP,LBN,1998,75562,,
OFST.1.M.CP,LBN,1999,61428,UIS_EST,
OFST.1.M.CP,LBN,2000,59485,UIS_EST,
OFST.1.M.CP,LBN,2001,70117,UIS_EST,
OFST.1.M.CP,LBN,2002,66418,UIS_EST,
OFST.1.M.CP,LBN,2003,61177,UIS_EST,
OFST.1.M.CP,LBN,2004,56078,UIS_EST,
OFST.1.M.CP,LBN,2005,55247,UIS_EST,
OFST.1.M.CP,LBN,2006,57394,,
OFST.1.M.CP,LBN,2007,58518,,
OFST.1.M.CP,LBN,2008,63366,NAT_EST,
OFST.1.M.CP,LBN,2009,64922,,
OFST.1.M.CP,LBN,2010,64897,,
OFST.1.M.CP,LBN,2011,62212,,
OFST.1.M.CP,LBN,2012,58091,,
OFST.1.M.CP,LBN,2013,52979,,
OFST.1.M.CP,LBN,2014,80309,,
OFST.1.M.CP,LBN,2015,92638,,
OFST.1.M.CP,LBN,2016,84063,,
OFST.1.M.CP,LBN,2017,80895,,
OFST.1.M.CP,LBN,2018,84747,,
OFST.1.M.CP,LBN,2019,88850,,
OFST.1.M.CP,LBN,2020,92968,,
OFST.1.M.CP,LBN,2021,96986,,
OFST.1.M.CP,LBN,2022,93604,,
OFST.1.M.CP,LBN,2023,87574,,
OFST.1.M.CP,LBN,2024,75674,,
OFST.1.M.CP,LBR,1999,109527,,
OFST.1.M.CP,LBR,2008,177884,UIS_EST,
OFST.1.M.CP,LBR,2011,4136,,
OFST.1.M.CP,LBR,2014,227814,,
OFST.1.M.CP,LBR,2015,40231,,
OFST.1.M.CP,LBR,2016,79221,,
OFST.1.M.CP,LBR,2017,105696,,
OFST.1.M.CP,LBR,2020,138300,,
OFST.1.M.CP,LBR,2021,151789,,
OFST.1.M.CP,LBR,2022,169711,,
OFST.1.M.CP,LBY,1971,48335,,
OFST.1.M.CP,LBY,1972,38028,,
OFST.1.M.CP,LBY,1973,31816,,
OFST.1.M.CP,LBY,1974,18827,,
OFST.1.M.CP,LBY,1975,13586,,
OFST.1.M.CP,LBY,1976,4406,,
OFST.1.M.CP,LBY,1977,5088,,
OFST.1.M.CP,LBY,1978,12315,,
OFST.1.M.CP,LBY,1981,12711,,
OFST.1.M.CP,LBY,1983,13957,,
OFST.1.M.CP,LCA,1981,1297,,
OFST.1.M.CP,LCA,1982,1111,,
OFST.1.M.CP,LCA,1990,1205,,
OFST.1.M.CP,LCA,2000,1044,UIS_EST,
OFST.1.M.CP,LCA,2001,736,UIS_EST,
OFST.1.M.CP,LCA,2002,67,UIS_EST,
OFST.1.M.CP,LCA,2003,132,,
OFST.1.M.CP,LCA,2004,610,UIS_EST,
OFST.1.M.CP,LCA,2005,926,,
OFST.1.M.CP,LCA,2006,749,UIS_EST,
OFST.1.M.CP,LCA,2007,771,,
OFST.1.M.CP,LCA,2008,751,,
OFST.1.M.CP,LCA,2009,618,,
OFST.1.M.CP,LCA,2010,678,,
OFST.1.M.CP,LCA,2011,808,,
OFST.1.M.CP,LCA,2012,791,,
OFST.1.M.CP,LCA,2013,600,,
OFST.1.M.CP,LCA,2014,788,,
OFST.1.M.CP,LCA,2015,634,,
OFST.1.M.CP,LCA,2016,772,,
OFST.1.M.CP,LCA,2017,817,,
OFST.1.M.CP,LCA,2018,761,,
OFST.1.M.CP,LCA,2019,693,,
OFST.1.M.CP,LCA,2020,711,,
OFST.1.M.CP,LCA,2023,166,,
OFST.1.M.CP,LCA,2024,567,,
OFST.1.M.CP,LIE,2014,27,,
OFST.1.M.CP,LKA,2001,29051,,
OFST.1.M.CP,LKA,2002,37570,,
OFST.1.M.CP,LKA,2003,50033,,
OFST.1.M.CP,LKA,2004,92223,,
OFST.1.M.CP,LKA,2005,69317,,
OFST.1.M.CP,LKA,2006,67412,,
OFST.1.M.CP,LKA,2007,65868,UIS_EST,
OFST.1.M.CP,LKA,2008,67108,,
OFST.1.M.CP,LKA,2009,79581,,
OFST.1.M.CP,LKA,2010,63591,,
OFST.1.M.CP,LKA,2011,63977,,
OFST.1.M.CP,LKA,2012,66077,,
OFST.1.M.CP,LKA,2013,59820,,
OFST.1.M.CP,LKA,2014,55999,,
OFST.1.M.CP,LKA,2015,32693,,
OFST.1.M.CP,LKA,2016,30752,,
OFST.1.M.CP,LKA,2017,34823,,
OFST.1.M.CP,LKA,2018,41065,,
OFST.1.M.CP,LKA,2022,77020.3014648438,,
OFST.1.M.CP,LKA,2023,84993.33283691423,,
OFST.1.M.CP,LSO,1970,52056,,
OFST.1.M.CP,LSO,1972,56180,,
OFST.1.M.CP,LSO,1973,55793,,
OFST.1.M.CP,LSO,1974,49017,,
OFST.1.M.CP,LSO,1976,49412,,
OFST.1.M.CP,LSO,1977,49371,,
OFST.1.M.CP,LSO,1978,56563,,
OFST.1.M.CP,LSO,1979,57277,,
OFST.1.M.CP,LSO,1980,58255,,
OFST.1.M.CP,LSO,1981,59486,,
OFST.1.M.CP,LSO,1982,56736,,
OFST.1.M.CP,LSO,1983,60139,,
OFST.1.M.CP,LSO,1984,62288,,
OFST.1.M.CP,LSO,1985,62431,,
OFST.1.M.CP,LSO,1986,65748,,
OFST.1.M.CP,LSO,1987,60470,,
OFST.1.M.CP,LSO,1988,60802,,
OFST.1.M.CP,LSO,1989,63798,,
OFST.1.M.CP,LSO,1990,67502,,
OFST.1.M.CP,LSO,1991,67886,,
OFST.1.M.CP,LSO,1992,69405,,
OFST.1.M.CP,LSO,1993,75057,,
OFST.1.M.CP,LSO,1994,75512,,
OFST.1.M.CP,LSO,1995,78937,,
OFST.1.M.CP,LSO,1996,80546,,
OFST.1.M.CP,LSO,1998,91448,,
OFST.1.M.CP,LSO,1999,94257,,
OFST.1.M.CP,LSO,2000,53296,,
OFST.1.M.CP,LSO,2001,47981,,
OFST.1.M.CP,LSO,2002,41401,,
OFST.1.M.CP,LSO,2003,36015,,
OFST.1.M.CP,LSO,2004,34983,,
OFST.1.M.CP,LSO,2005,31360,,
OFST.1.M.CP,LSO,2006,25912,,
OFST.1.M.CP,LSO,2007,28107,,
OFST.1.M.CP,LSO,2008,27314,,
OFST.1.M.CP,LSO,2009,29139,,
OFST.1.M.CP,LSO,2010,27419,,
OFST.1.M.CP,LSO,2011,26421,,
OFST.1.M.CP,LSO,2012,26619,,
OFST.1.M.CP,LSO,2013,26926,,
OFST.1.M.CP,LSO,2014,29463,,
OFST.1.M.CP,LSO,2015,30740,,
OFST.1.M.CP,LSO,2016,30119,,
OFST.1.M.CP,LSO,2017,27481,,
OFST.1.M.CP,LSO,2018,38124,,
OFST.1.M.CP,LSO,2019,46973,,
OFST.1.M.CP,LSO,2020,46140,,
OFST.1.M.CP,LSO,2021,58058,,
OFST.1.M.CP,LSO,2022,56441,,
OFST.1.M.CP,LSO,2023,59728,,
OFST.1.M.CP,LSO,2024,63178,,
OFST.1.M.CP,LTU,2003,42,NAT_EST,
OFST.1.M.CP,LUX,2001,590,NAT_EST,
OFST.1.M.CP,LUX,2002,515,NAT_EST,
OFST.1.M.CP,LUX,2003,823,UIS_EST,
OFST.1.M.CP,LUX,2004,792,UIS_EST,
OFST.1.M.CP,LUX,2005,514,NAT_EST,
OFST.1.M.CP,LUX,2006,522,NAT_EST,
OFST.1.M.CP,LUX,2007,614,NAT_EST,
OFST.1.M.CP,LUX,2008,659,NAT_EST,
OFST.1.M.CP,LUX,2010,846,NAT_EST,
OFST.1.M.CP,LUX,2011,1055,NAT_EST,
OFST.1.M.CP,LUX,2012,421,NAT_EST,
OFST.1.M.CP,LUX,2013,600,NAT_EST,
OFST.1.M.CP,LUX,2014,580,NAT_EST,
OFST.1.M.CP,LUX,2015,550,NAT_EST,
OFST.1.M.CP,LUX,2016,580,NAT_EST,
OFST.1.M.CP,LUX,2017,709,NAT_EST,
OFST.1.M.CP,LUX,2018,424,NAT_EST,
OFST.1.M.CP,LUX,2019,268,NAT_EST,
OFST.1.M.CP,LUX,2020,320,NAT_EST,
OFST.1.M.CP,LUX,2021,320,NAT_EST,
OFST.1.M.CP,LUX,2022,109,NAT_EST,
OFST.1.M.CP,LUX,2023,169,NAT_EST,
OFST.1.M.CP,LVA,2009,523,NAT_EST,
OFST.1.M.CP,LVA,2010,529,NAT_EST,
OFST.1.M.CP,LVA,2011,461,NAT_EST,
OFST.1.M.CP,LVA,2012,927,NAT_EST,
OFST.1.M.CP,LVA,2013,1222,NAT_EST,
OFST.1.M.CP,LVA,2014,1341,NAT_EST,
OFST.1.M.CP,LVA,2015,1424,NAT_EST,
OFST.1.M.CP,LVA,2016,1293,NAT_EST,
OFST.1.M.CP,LVA,2017,1187,NAT_EST,
OFST.1.M.CP,LVA,2018,981,NAT_EST,
OFST.1.M.CP,LVA,2019,949,NAT_EST,
OFST.1.M.CP,LVA,2020,1005,NAT_EST,
OFST.1.M.CP,LVA,2021,994,NAT_EST,
OFST.1.M.CP,LVA,2022,1104,NAT_EST,
OFST.1.M.CP,LVA,2023,1449,NAT_EST,
OFST.1.M.CP,LVA,2024,2111,NAT_EST,
OFST.1.M.CP,MAC,2001,2948,,
OFST.1.M.CP,MAC,2002,2073,,
OFST.1.M.CP,MAC,2003,2054,,
OFST.1.M.CP,MAC,2004,1804,,
OFST.1.M.CP,MAC,2005,1966,,
OFST.1.M.CP,MAC,2006,2240,,
OFST.1.M.CP,MAC,2007,1843,,
OFST.1.M.CP,MAC,2008,1547,,
OFST.1.M.CP,MAC,2009,1446,,
OFST.1.M.CP,MAC,2010,1276,,
OFST.1.M.CP,MAC,2011,956,,
OFST.1.M.CP,MAC,2012,1227,,
OFST.1.M.CP,MAC,2013,1057,,
OFST.1.M.CP,MAC,2014,808,,
OFST.1.M.CP,MAC,2015,875,,
OFST.1.M.CP,MAC,2016,550,,
OFST.1.M.CP,MAC,2018,625,,
OFST.1.M.CP,MAC,2019,1361,,
OFST.1.M.CP,MAC,2020,2138,,
OFST.1.M.CP,MAC,2021,2866,,
OFST.1.M.CP,MAC,2022,4222,,
OFST.1.M.CP,MAC,2023,3504,,
OFST.1.M.CP,MAC,2024,2439,,
OFST.1.M.CP,MAR,1975,565167,,
OFST.1.M.CP,MAR,1976,541946,,
OFST.1.M.CP,MAR,1977,491811,,
OFST.1.M.CP,MAR,1978,456945,,
OFST.1.M.CP,MAR,1979,437007,,
OFST.1.M.CP,MAR,1980,414910,,
OFST.1.M.CP,MAR,1981,398558,,
OFST.1.M.CP,MAR,1982,421495,,
OFST.1.M.CP,MAR,1983,405273,,
OFST.1.M.CP,MAR,1984,376413,,
OFST.1.M.CP,MAR,1985,407225,,
OFST.1.M.CP,MAR,1986,443008,,
OFST.1.M.CP,MAR,1987,487160,,
OFST.1.M.CP,MAR,1988,528610,,
OFST.1.M.CP,MAR,1989,581434,,
OFST.1.M.CP,MAR,1990,582737,,
OFST.1.M.CP,MAR,1991,708521,,
OFST.1.M.CP,MAR,1992,703467,,
OFST.1.M.CP,MAR,1993,653806,,
OFST.1.M.CP,MAR,1994,593753,,
OFST.1.M.CP,MAR,1995,527301,,
OFST.1.M.CP,MAR,1996,478424,,
OFST.1.M.CP,MAR,1997,457546,,
OFST.1.M.CP,MAR,1998,524267,,
OFST.1.M.CP,MAR,1999,294441,UIS_EST,
OFST.1.M.CP,MAR,2000,264465,UIS_EST,
OFST.1.M.CP,MAR,2001,243672,UIS_EST,
OFST.1.M.CP,MAR,2002,225732,,
OFST.1.M.CP,MAR,2003,204990,UIS_EST,
OFST.1.M.CP,MAR,2004,219360,UIS_EST,
OFST.1.M.CP,MAR,2005,214611,,
OFST.1.M.CP,MAR,2006,204120,,
OFST.1.M.CP,MAR,2007,201934,,
OFST.1.M.CP,MAR,2008,214887,,
OFST.1.M.CP,MAR,2009,249225,UIS_EST,
OFST.1.M.CP,MAR,2010,175560,,
OFST.1.M.CP,MAR,2011,144383,,
OFST.1.M.CP,MAR,2012,155617,,
OFST.1.M.CP,MAR,2013,131588,,
OFST.1.M.CP,MAR,2014,149698,,
OFST.1.M.CP,MAR,2015,196383,,
OFST.1.M.CP,MAR,2016,160096,,
OFST.1.M.CP,MAR,2017,140503,,
OFST.1.M.CP,MAR,2018,106244,,
OFST.1.M.CP,MAR,2019,71553,,
OFST.1.M.CP,MDA,2010,6466,,
OFST.1.M.CP,MDA,2011,5847,,
OFST.1.M.CP,MDA,2012,6067,,
OFST.1.M.CP,MDA,2013,6010,,
OFST.1.M.CP,MDG,1972,192738,,
OFST.1.M.CP,MDG,1989,322788,,
OFST.1.M.CP,MDG,1990,345116,,
OFST.1.M.CP,MDG,1995,498674,,
OFST.1.M.CP,MDG,1996,466724,,
OFST.1.M.CP,MDG,1999,440958,,
OFST.1.M.CP,MDG,2000,441108,,
OFST.1.M.CP,MDG,2001,449472,,
OFST.1.M.CP,MDG,2002,465628,,
OFST.1.M.CP,MDG,2003,367698,,
OFST.1.M.CP,MDG,2010,60405,,
OFST.1.M.CP,MDG,2016,87367,,
OFST.1.M.CP,MDG,2018,85739,,
OFST.1.M.CP,MDG,2019,212563,,
OFST.1.M.CP,MDG,2020,173136,,
OFST.1.M.CP,MDV,1997,2229,,
OFST.1.M.CP,MDV,1999,1921,,
OFST.1.M.CP,MDV,2008,2364,,
OFST.1.M.CP,MDV,2010,2263,,
OFST.1.M.CP,MDV,2011,2040,,
OFST.1.M.CP,MDV,2012,2118,,
OFST.1.M.CP,MDV,2013,2381,,
OFST.1.M.CP,MDV,2022,2328,,
OFST.1.M.CP,MDV,2023,2709,,
OFST.1.M.CP,MHL,2002,128,,
OFST.1.M.CP,MHL,2015,449,,
OFST.1.M.CP,MHL,2016,343,,
OFST.1.M.CP,MKD,1998,5322,,
OFST.1.M.CP,MKD,1999,6882,,
OFST.1.M.CP,MKD,2003,942,,
OFST.1.M.CP,MKD,2004,413,,
OFST.1.M.CP,MKD,2005,574,,
OFST.1.M.CP,MKD,2006,1660,,
OFST.1.M.CP,MKD,2007,892,,
OFST.1.M.CP,MKD,2008,2973,,
OFST.1.M.CP,MKD,2009,1680,,
OFST.1.M.CP,MKD,2012,1196,UIS_EST,
OFST.1.M.CP,MKD,2013,1933,,
OFST.1.M.CP,MKD,2014,2136,,
OFST.1.M.CP,MKD,2015,1365,,
OFST.1.M.CP,MKD,2017,1917,,
OFST.1.M.CP,MKD,2018,2003,,
OFST.1.M.CP,MKD,2019,4642,,
OFST.1.M.CP,MKD,2020,4296,,
OFST.1.M.CP,MKD,2021,4648,,
OFST.1.M.CP,MKD,2022,1831,,
OFST.1.M.CP,MKD,2023,2282,,
OFST.1.M.CP,MLI,1971,356835,,
OFST.1.M.CP,MLI,1999,508640,UIS_EST,
OFST.1.M.CP,MLI,2002,466757,UIS_EST,
OFST.1.M.CP,MLI,2003,472816,UIS_EST,
OFST.1.M.CP,MLI,2004,503090,,
OFST.1.M.CP,MLI,2005,441192,,
OFST.1.M.CP,MLI,2006,445348,,
OFST.1.M.CP,MLI,2007,440622,,
OFST.1.M.CP,MLI,2009,391085,UIS_EST,
OFST.1.M.CP,MLI,2010,401457,,
OFST.1.M.CP,MLI,2011,414946,,
OFST.1.M.CP,MLI,2012,469968,,
OFST.1.M.CP,MLI,2014,570500,,
OFST.1.M.CP,MLI,2015,636028,,
OFST.1.M.CP,MLI,2016,631605,,
OFST.1.M.CP,MLI,2017,573198,,
OFST.1.M.CP,MLI,2018,645009,,
OFST.1.M.CP,MLI,2023,533418,,
OFST.1.M.CP,MLT,2017,130,NAT_EST,
OFST.1.M.CP,MLT,2018,30,NAT_EST,
OFST.1.M.CP,MLT,2019,154,NAT_EST,
OFST.1.M.CP,MLT,2020,274,NAT_EST,
OFST.1.M.CP,MLT,2021,376,NAT_EST,
OFST.1.M.CP,MLT,2022,433,NAT_EST,
OFST.1.M.CP,MLT,2023,380,NAT_EST,
OFST.1.M.CP,MMR,1971,673429,,
OFST.1.M.CP,MMR,1973,516931,,
OFST.1.M.CP,MMR,1974,743851,,
OFST.1.M.CP,MMR,1978,632658,,
OFST.1.M.CP,MMR,2000,196105,,
OFST.1.M.CP,MMR,2001,184840,,
OFST.1.M.CP,MMR,2002,248600,,
OFST.1.M.CP,MMR,2003,188738,,
OFST.1.M.CP,MMR,2004,195231,,
OFST.1.M.CP,MMR,2005,177477,,
OFST.1.M.CP,MMR,2006,145080,,
OFST.1.M.CP,MMR,2008,83241,,
OFST.1.M.CP,MMR,2009,65562,,
OFST.1.M.CP,MNE,2003,415,UIS_EST,
OFST.1.M.CP,MNE,2005,316,UIS_EST,
OFST.1.M.CP,MNE,2006,765,UIS_EST,
OFST.1.M.CP,MNE,2007,976,UIS_EST,
OFST.1.M.CP,MNE,2008,896,UIS_EST,
OFST.1.M.CP,MNE,2012,276,,
OFST.1.M.CP,MNE,2016,134,,
OFST.1.M.CP,MNG,1995,20266,,
OFST.1.M.CP,MNG,1996,17222,,
OFST.1.M.CP,MNG,1997,22309,,
OFST.1.M.CP,MNG,1998,16491,,
OFST.1.M.CP,MNG,1999,11583,,
OFST.1.M.CP,MNG,2000,7612,,
OFST.1.M.CP,MNG,2001,6260,,
OFST.1.M.CP,MNG,2002,7436,,
OFST.1.M.CP,MNG,2003,15217,,
OFST.1.M.CP,MNG,2004,7179,,
OFST.1.M.CP,MNG,2005,12141,,
OFST.1.M.CP,MNG,2006,6774,,
OFST.1.M.CP,MNG,2007,5093,,
OFST.1.M.CP,MNG,2008,1691,,
OFST.1.M.CP,MNG,2012,1657,UIS_EST,
OFST.1.M.CP,MNG,2013,4985,UIS_EST,
OFST.1.M.CP,MNG,2014,6416,UIS_EST,
OFST.1.M.CP,MNG,2015,6461,UIS_EST,
OFST.1.M.CP,MNG,2016,5990,UIS_EST,
OFST.1.M.CP,MNG,2017,10312,UIS_EST,
OFST.1.M.CP,MNG,2018,9055.996673583984,,
OFST.1.M.CP,MNG,2019,12320.00114440918,,
OFST.1.M.CP,MNG,2020,17224.00646972656,,
OFST.1.M.CP,MNG,2021,19236.99047851562,,
OFST.1.M.CP,MNG,2022,17977.99984741211,,
OFST.1.M.CP,MNG,2023,18924.99377441406,,
OFST.1.M.CP,MNG,2024,19658.99752807617,,
OFST.1.M.CP,MOZ,1973,322491,,
OFST.1.M.CP,MOZ,1979,386911,,
OFST.1.M.CP,MOZ,1981,420440,,
OFST.1.M.CP,MOZ,1982,420106,,
OFST.1.M.CP,MOZ,1983,299876,,
OFST.1.M.CP,MOZ,1985,280141,,
OFST.1.M.CP,MOZ,1986,291859,,
OFST.1.M.CP,MOZ,1987,408203,,
OFST.1.M.CP,MOZ,1989,436361,,
OFST.1.M.CP,MOZ,1991,445707,,
OFST.1.M.CP,MOZ,1992,472822,,
OFST.1.M.CP,MOZ,1993,481367,,
OFST.1.M.CP,MOZ,1994,499358,,
OFST.1.M.CP,MOZ,1995,554571,,
OFST.1.M.CP,MOZ,1998,769388,UIS_EST,
OFST.1.M.CP,MOZ,1999,729212,UIS_EST,
OFST.1.M.CP,MOZ,2000,684562,,
OFST.1.M.CP,MOZ,2001,619228,,
OFST.1.M.CP,MOZ,2002,733022,,
OFST.1.M.CP,MOZ,2004,504370,,
OFST.1.M.CP,MOZ,2005,412759,,
OFST.1.M.CP,MOZ,2006,341215,,
OFST.1.M.CP,MOZ,2007,229160,,
OFST.1.M.CP,MOZ,2008,152735,,
OFST.1.M.CP,MOZ,2009,126331,,
OFST.1.M.CP,MOZ,2010,79317,,
OFST.1.M.CP,MOZ,2011,121829,,
OFST.1.M.CP,MOZ,2012,99968,,
OFST.1.M.CP,MOZ,2013,55248,,
OFST.1.M.CP,MOZ,2014,32876,,
OFST.1.M.CP,MOZ,2016,65664,,
OFST.1.M.CP,MOZ,2017,134764,,
OFST.1.M.CP,MOZ,2018,57562,,
OFST.1.M.CP,MRT,1994,90234,,
OFST.1.M.CP,MRT,1995,79712,,
OFST.1.M.CP,MRT,1996,76855,,
OFST.1.M.CP,MRT,1998,77148,,
OFST.1.M.CP,MRT,1999,82121,,
OFST.1.M.CP,MRT,2000,85634,UIS_EST,
OFST.1.M.CP,MRT,2001,82020,UIS_EST,
OFST.1.M.CP,MRT,2002,89326,UIS_EST,
OFST.1.M.CP,MRT,2003,86176,,
OFST.1.M.CP,MRT,2004,72630,,
OFST.1.M.CP,MRT,2005,77941,,
OFST.1.M.CP,MRT,2006,70893,,
OFST.1.M.CP,MRT,2007,68409,,
OFST.1.M.CP,MRT,2008,77683,UIS_EST,
OFST.1.M.CP,MRT,2009,77116,,
OFST.1.M.CP,MRT,2010,77528,UIS_EST,
OFST.1.M.CP,MRT,2011,80916,,
OFST.1.M.CP,MRT,2012,90994,,
OFST.1.M.CP,MRT,2013,87622,,
OFST.1.M.CP,MRT,2014,88434,,
OFST.1.M.CP,MRT,2015,81607,,
OFST.1.M.CP,MRT,2016,114237,,
OFST.1.M.CP,MRT,2017,106172,,
OFST.1.M.CP,MRT,2018,102680,,
OFST.1.M.CP,MRT,2019,122873,,
OFST.1.M.CP,MRT,2020,107394,,
OFST.1.M.CP,MRT,2024,149176,,
OFST.1.M.CP,MSR,1999,111,,
OFST.1.M.CP,MSR,2000,45,,
OFST.1.M.CP,MTQ,1987,122,,
OFST.1.M.CP,MTQ,1990,708,,
OFST.1.M.CP,MTQ,1992,1968,,
OFST.1.M.CP,MTQ,1993,2344,,
OFST.1.M.CP,MTQ,1996,1644,,
OFST.1.M.CP,MUS,1972,12094,,
OFST.1.M.CP,MUS,1973,12662,,
OFST.1.M.CP,MUS,1974,12932,,
OFST.1.M.CP,MUS,1975,12546,,
OFST.1.M.CP,MUS,1976,11961,,
OFST.1.M.CP,MUS,1977,7733,,
OFST.1.M.CP,MUS,1978,7204,,
OFST.1.M.CP,MUS,1979,7205,,
OFST.1.M.CP,MUS,1980,5684,,
OFST.1.M.CP,MUS,1981,4429,,
OFST.1.M.CP,MUS,1983,2537,,
OFST.1.M.CP,MUS,1984,3835,,
OFST.1.M.CP,MUS,1985,3443,,
OFST.1.M.CP,MUS,1986,7159,,
OFST.1.M.CP,MUS,1987,6759,,
OFST.1.M.CP,MUS,1988,7185,,
OFST.1.M.CP,MUS,1989,7157,,
OFST.1.M.CP,MUS,1990,7808,,
OFST.1.M.CP,MUS,1991,9093,,
OFST.1.M.CP,MUS,1993,7095,,
OFST.1.M.CP,MUS,1994,6615,,
OFST.1.M.CP,MUS,1995,6431,,
OFST.1.M.CP,MUS,1996,5469,,
OFST.1.M.CP,MUS,1997,4848,,
OFST.1.M.CP,MUS,1998,1565,UIS_EST,
OFST.1.M.CP,MUS,2004,1162,,
OFST.1.M.CP,MUS,2005,1127,,
OFST.1.M.CP,MUS,2006,1339,,
OFST.1.M.CP,MUS,2007,1763,,
OFST.1.M.CP,MUS,2008,1641,,
OFST.1.M.CP,MUS,2009,2315,,
OFST.1.M.CP,MUS,2010,2432,,
OFST.1.M.CP,MUS,2011,2651,,
OFST.1.M.CP,MUS,2012,4813,,
OFST.1.M.CP,MUS,2013,3825,,
OFST.1.M.CP,MUS,2014,3464,,
OFST.1.M.CP,MUS,2015,3180,,
OFST.1.M.CP,MUS,2016,3011,,
OFST.1.M.CP,MUS,2017,2561,,
OFST.1.M.CP,MUS,2018,1365,,
OFST.1.M.CP,MUS,2019,2153,,
OFST.1.M.CP,MUS,2020,1431,,
OFST.1.M.CP,MUS,2021,2833,,
OFST.1.M.CP,MUS,2023,872,,
OFST.1.M.CP,MWI,2007,57701,,
OFST.1.M.CP,MYS,1970,32414,,
OFST.1.M.CP,MYS,1971,34082,,
OFST.1.M.CP,MYS,1972,17881,,
OFST.1.M.CP,MYS,1994,75275,,
OFST.1.M.CP,MYS,1998,78104,,
OFST.1.M.CP,MYS,1999,59544,,
OFST.1.M.CP,MYS,2000,67145,,
OFST.1.M.CP,MYS,2001,99161,,
OFST.1.M.CP,MYS,2002,133132,,
OFST.1.M.CP,MYS,2003,130336,,
OFST.1.M.CP,MYS,2004,90269,,
OFST.1.M.CP,MYS,2005,73132,,
OFST.1.M.CP,MYS,2006,129263,,
OFST.1.M.CP,MYS,2007,106466,,
OFST.1.M.CP,MYS,2008,89488,,
OFST.1.M.CP,MYS,2009,105866,,
OFST.1.M.CP,MYS,2010,95389,,
OFST.1.M.CP,MYS,2011,109873,UIS_EST,
OFST.1.M.CP,MYS,2012,112605,,
OFST.1.M.CP,MYS,2013,114878,,
OFST.1.M.CP,MYS,2014,134169,,
OFST.1.M.CP,MYS,2015,155646,,
OFST.1.M.CP,MYS,2016,152429,,
OFST.1.M.CP,MYS,2017,152059,,
OFST.1.M.CP,MYS,2018,148887,,
OFST.1.M.CP,MYS,2019,203610,,
OFST.1.M.CP,MYS,2020,224803,,
OFST.1.M.CP,MYS,2021,234773,,
OFST.1.M.CP,MYS,2022,239206,,
OFST.1.M.CP,MYS,2023,182367,,
OFST.1.M.CP,MYS,2024,223142,,
OFST.1.M.CP,NAM,1989,20579,,
OFST.1.M.CP,NAM,1990,20306,UIS_EST,
OFST.1.M.CP,NAM,1992,12897,,
OFST.1.M.CP,NAM,1998,15815,,
OFST.1.M.CP,NAM,1999,20035,,
OFST.1.M.CP,NAM,2000,20756,,
OFST.1.M.CP,NAM,2001,21029,,
OFST.1.M.CP,NAM,2002,19648,,
OFST.1.M.CP,NAM,2003,19194,,
OFST.1.M.CP,NAM,2004,21783,,
OFST.1.M.CP,NAM,2005,18503,,
OFST.1.M.CP,NAM,2006,19974,,
OFST.1.M.CP,NAM,2007,14425,,
OFST.1.M.CP,NAM,2008,13575,,
OFST.1.M.CP,NAM,2009,11979,UIS_EST,
OFST.1.M.CP,NAM,2010,9846.00178527835,,
OFST.1.M.CP,NAM,2011,7441.003372192383,,
OFST.1.M.CP,NAM,2012,4618.999114990234,,
OFST.1.M.CP,NCL,1982,992,,
OFST.1.M.CP,NCL,1983,819,,
OFST.1.M.CP,NCL,1984,963,,
OFST.1.M.CP,NCL,1985,1686,,
OFST.1.M.CP,NCL,1986,1685,,
OFST.1.M.CP,NCL,1987,1535,,
OFST.1.M.CP,NCL,1988,592,,
OFST.1.M.CP,NCL,1989,160,,
OFST.1.M.CP,NCL,1990,870,,
OFST.1.M.CP,NCL,1991,700,,
OFST.1.M.CP,NER,1973,365040,,
OFST.1.M.CP,NER,1974,371044,,
OFST.1.M.CP,NER,1986,417540,,
OFST.1.M.CP,NER,1989,472886,,
OFST.1.M.CP,NER,1990,485285,,
OFST.1.M.CP,NER,1991,495930,,
OFST.1.M.CP,NER,1992,530747,,
OFST.1.M.CP,NER,1997,588872,,
OFST.1.M.CP,NER,1998,607137,,
OFST.1.M.CP,NER,1999,611061,,
OFST.1.M.CP,NER,2000,626594,,
OFST.1.M.CP,NER,2001,610772,,
OFST.1.M.CP,NER,2002,596100,,
OFST.1.M.CP,NER,2003,581575,,
OFST.1.M.CP,NER,2004,563674,,
OFST.1.M.CP,NER,2005,594956,,
OFST.1.M.CP,NER,2006,610176,UIS_EST,
OFST.1.M.CP,NER,2007,629504,,
OFST.1.M.CP,NER,2008,622201,UIS_EST,
OFST.1.M.CP,NER,2009,599183,UIS_EST,
OFST.1.M.CP,NER,2010,567115,,
OFST.1.M.CP,NER,2011,523102,,
OFST.1.M.CP,NER,2012,535524,,
OFST.1.M.CP,NER,2013,554030,,
OFST.1.M.CP,NER,2014,591486,,
OFST.1.M.CP,NER,2015,580893,,
OFST.1.M.CP,NER,2016,582963,,
OFST.1.M.CP,NER,2017,550370,,
OFST.1.M.CP,NER,2019,751752,,
OFST.1.M.CP,NER,2021,839084,,
OFST.1.M.CP,NER,2022,866920,,
OFST.1.M.CP,NER,2023,866250,,
OFST.1.M.CP,NER,2024,924422,,
OFST.1.M.CP,NGA,1999,3259250,UIS_EST,
OFST.1.M.CP,NGA,2000,3067888,UIS_EST,
OFST.1.M.CP,NGA,2004,3484493,UIS_EST,
OFST.1.M.CP,NGA,2005,3568517,UIS_EST,
OFST.1.M.CP,NGA,2006,3718970,UIS_EST,
OFST.1.M.CP,NGA,2007,3125710,UIS_EST,
OFST.1.M.CP,NGA,2008,4180272,UIS_EST,
OFST.1.M.CP,NGA,2009,4223597,UIS_EST,
OFST.1.M.CP,NGA,2010,4449536,UIS_EST,
OFST.1.M.CP,NGA,2023,4387494,,
OFST.1.M.CP,NIC,1971,93904,,
OFST.1.M.CP,NIC,1973,100325,,
OFST.1.M.CP,NIC,1980,100389,,
OFST.1.M.CP,NIC,1982,109852,,
OFST.1.M.CP,NIC,1983,112044,,
OFST.1.M.CP,NIC,1984,118936,,
OFST.1.M.CP,NIC,1985,113860,,
OFST.1.M.CP,NIC,1986,121323,,
OFST.1.M.CP,NIC,1987,119078,,
OFST.1.M.CP,NIC,1988,122391,,
OFST.1.M.CP,NIC,1989,130204,,
OFST.1.M.CP,NIC,1990,121143,,
OFST.1.M.CP,NIC,1991,112111,,
OFST.1.M.CP,NIC,1992,102576,,
OFST.1.M.CP,NIC,1993,100394,,
OFST.1.M.CP,NIC,1994,98047,,
OFST.1.M.CP,NIC,1995,107993,,
OFST.1.M.CP,NIC,1999,74196,UIS_EST,
OFST.1.M.CP,NIC,2000,62419,,
OFST.1.M.CP,NIC,2001,46083,,
OFST.1.M.CP,NIC,2002,15924,,
OFST.1.M.CP,NIC,2004,1283,UIS_EST,
OFST.1.M.CP,NIC,2006,10104,,
OFST.1.M.CP,NIC,2007,13583,,
OFST.1.M.CP,NIC,2008,11194,,
OFST.1.M.CP,NIC,2010,17062,,
OFST.1.M.CP,NIC,2023,27762,,
OFST.1.M.CP,NLD,2017,1529,NAT_EST,
OFST.1.M.CP,NLD,2018,1913,NAT_EST,
OFST.1.M.CP,NLD,2019,1276,NAT_EST,
OFST.1.M.CP,NLD,2020,1587,NAT_EST,
OFST.1.M.CP,NLD,2021,1748,NAT_EST,
OFST.1.M.CP,NLD,2022,2975,NAT_EST,
OFST.1.M.CP,NLD,2023,3767,NAT_EST,
OFST.1.M.CP,NOR,2001,1418,NAT_EST,
OFST.1.M.CP,NOR,2002,1573,UIS_EST,
OFST.1.M.CP,NOR,2003,1790,NAT_EST,
OFST.1.M.CP,NOR,2004,1831,NAT_EST,
OFST.1.M.CP,NOR,2005,2038,NAT_EST,
OFST.1.M.CP,NOR,2006,1944,NAT_EST,
OFST.1.M.CP,NOR,2007,1125,NAT_EST,
OFST.1.M.CP,NOR,2008,622,NAT_EST,
OFST.1.M.CP,NOR,2009,417,NAT_EST,
OFST.1.M.CP,NOR,2010,601,NAT_EST,
OFST.1.M.CP,NOR,2011,427,NAT_EST,
OFST.1.M.CP,NOR,2012,970,NAT_EST,
OFST.1.M.CP,NOR,2013,472,NAT_EST,
OFST.1.M.CP,NOR,2014,858,NAT_EST,
OFST.1.M.CP,NOR,2015,1151,NAT_EST,
OFST.1.M.CP,NOR,2016,1663,NAT_EST,
OFST.1.M.CP,NOR,2017,1480,NAT_EST,
OFST.1.M.CP,NOR,2018,1701,NAT_EST,
OFST.1.M.CP,NOR,2019,1952,NAT_EST,
OFST.1.M.CP,NOR,2020,2506,NAT_EST,
OFST.1.M.CP,NOR,2021,2326,NAT_EST,
OFST.1.M.CP,NOR,2022,2143,NAT_EST,
OFST.1.M.CP,NOR,2023,2792,NAT_EST,
OFST.1.M.CP,NOR,2024,3126,NAT_EST,
OFST.1.M.CP,NPL,1983,219705,,
OFST.1.M.CP,NPL,1984,216874,,
OFST.1.M.CP,NPL,1988,170207,,
OFST.1.M.CP,NPL,1999,462972,NAT_EST,
OFST.1.M.CP,NPL,2000,396530,UIS_EST,
OFST.1.M.CP,NPL,2003,324857,NAT_EST,
OFST.1.M.CP,NPL,2004,285940,UIS_EST,
OFST.1.M.CP,NRU,2012,134,,
OFST.1.M.CP,NRU,2014,47,UIS_EST,
OFST.1.M.CP,NRU,2016,81,,
OFST.1.M.CP,NRU,2020,109,,
OFST.1.M.CP,NRU,2022,67,,
OFST.1.M.CP,NZL,2013,1322,UIS_EST,
OFST.1.M.CP,NZL,2014,1726,UIS_EST,
OFST.1.M.CP,NZL,2015,2205,UIS_EST,
OFST.1.M.CP,NZL,2016,2467,UIS_EST,
OFST.1.M.CP,NZL,2017,2561,UIS_EST,
OFST.1.M.CP,NZL,2018,2809,UIS_EST,
OFST.1.M.CP,NZL,2019,2145,NAT_EST,
OFST.1.M.CP,NZL,2020,2793,NAT_EST,
OFST.1.M.CP,NZL,2021,2884,NAT_EST,
OFST.1.M.CP,NZL,2022,5341,NAT_EST,
OFST.1.M.CP,NZL,2023,4757,NAT_EST,
OFST.1.M.CP,NZL,2024,5551,NAT_EST,
OFST.1.M.CP,OMN,1973,47027,,
OFST.1.M.CP,OMN,1974,44615,,
OFST.1.M.CP,OMN,1975,39837,,
OFST.1.M.CP,OMN,1976,41786,,
OFST.1.M.CP,OMN,1978,38469,,
OFST.1.M.CP,OMN,1979,37989,,
OFST.1.M.CP,OMN,1981,37226,,
OFST.1.M.CP,OMN,1982,36905,,
OFST.1.M.CP,OMN,1983,37325,,
OFST.1.M.CP,OMN,1984,32404,,
OFST.1.M.CP,OMN,1985,33732,,
OFST.1.M.CP,OMN,1986,34604,,
OFST.1.M.CP,OMN,1987,34808,,
OFST.1.M.CP,OMN,1988,40917,,
OFST.1.M.CP,OMN,1989,43697,,
OFST.1.M.CP,OMN,1990,45985,,
OFST.1.M.CP,OMN,1991,47337,,
OFST.1.M.CP,OMN,1992,47149,,
OFST.1.M.CP,OMN,1993,42479,,
OFST.1.M.CP,OMN,1994,40316,,
OFST.1.M.CP,OMN,1995,38156,,
OFST.1.M.CP,OMN,1996,36124,,
OFST.1.M.CP,OMN,1997,35720,,
OFST.1.M.CP,OMN,1998,34265,,
OFST.1.M.CP,OMN,1999,32967,UIS_EST,
OFST.1.M.CP,OMN,2000,27278,UIS_EST,
OFST.1.M.CP,OMN,2001,26140,UIS_EST,
OFST.1.M.CP,OMN,2002,23080,UIS_EST,
OFST.1.M.CP,OMN,2003,19892,UIS_EST,
OFST.1.M.CP,OMN,2009,721,,
OFST.1.M.CP,OMN,2012,3003,,
OFST.1.M.CP,OMN,2013,2211,,
OFST.1.M.CP,OMN,2014,3520,,
OFST.1.M.CP,OMN,2015,6704,,
OFST.1.M.CP,OMN,2016,8379,,
OFST.1.M.CP,OMN,2017,5689,,
OFST.1.M.CP,OMN,2018,2802,,
OFST.1.M.CP,OMN,2019,4410,,
OFST.1.M.CP,OMN,2020,17917,,
OFST.1.M.CP,OMN,2021,20147,,
OFST.1.M.CP,OMN,2022,21136,,
OFST.1.M.CP,OMN,2024,11567,,
OFST.1.M.CP,PAK,2021,3977835.705078125,,
OFST.1.M.CP,PAK,2022,3688618.1953125,,
OFST.1.M.CP,PAK,2023,3678690.318359375,,
OFST.1.M.CP,PAK,2024,2630638.58984375,,
OFST.1.M.CP,PAN,1970,32122,,
OFST.1.M.CP,PAN,1971,22865,,
OFST.1.M.CP,PAN,1972,20384,,
OFST.1.M.CP,PAN,1973,18279,,
OFST.1.M.CP,PAN,1975,16793,,
OFST.1.M.CP,PAN,1976,18008,,
OFST.1.M.CP,PAN,1978,14524,,
OFST.1.M.CP,PAN,1979,16891,,
OFST.1.M.CP,PAN,1980,17736,,
OFST.1.M.CP,PAN,1981,19414,,
OFST.1.M.CP,PAN,1982,20447,,
OFST.1.M.CP,PAN,1983,21558,,
OFST.1.M.CP,PAN,1984,21210,,
OFST.1.M.CP,PAN,1985,20114,,
OFST.1.M.CP,PAN,1986,19299,,
OFST.1.M.CP,PAN,1987,18645,,
OFST.1.M.CP,PAN,1988,21219,,
OFST.1.M.CP,PAN,1989,20177,,
OFST.1.M.CP,PAN,1990,21404,,
OFST.1.M.CP,PAN,1999,13028,,
OFST.1.M.CP,PAN,2000,10858,,
OFST.1.M.CP,PAN,2001,7539,,
OFST.1.M.CP,PAN,2002,2571,,
OFST.1.M.CP,PAN,2005,676,,
OFST.1.M.CP,PAN,2008,734,,
OFST.1.M.CP,PAN,2009,6635,,
OFST.1.M.CP,PAN,2010,5473,,
OFST.1.M.CP,PAN,2011,8835,,
OFST.1.M.CP,PAN,2012,10422,,
OFST.1.M.CP,PAN,2013,12637,,
OFST.1.M.CP,PAN,2014,17674,,
OFST.1.M.CP,PAN,2015,22265,,
OFST.1.M.CP,PAN,2017,28001,,
OFST.1.M.CP,PAN,2019,27569,,
OFST.1.M.CP,PAN,2020,23831,,
OFST.1.M.CP,PAN,2021,8187,,
OFST.1.M.CP,PAN,2022,7945,,
OFST.1.M.CP,PAN,2023,21941,,
OFST.1.M.CP,PAN,2024,19402,,
OFST.1.M.CP,PER,1970,202524,,
OFST.1.M.CP,PER,1981,116747,,
OFST.1.M.CP,PER,1993,170186,,
OFST.1.M.CP,PER,1995,269327,,
OFST.1.M.CP,PER,1998,54042,,
OFST.1.M.CP,PER,1999,35079,UIS_EST,
OFST.1.M.CP,PER,2000,27618,,
OFST.1.M.CP,PER,2001,17582,,
OFST.1.M.CP,PER,2002,4715,,
OFST.1.M.CP,PER,2003,30543,UIS_EST,
OFST.1.M.CP,PHL,1976,604901,,
OFST.1.M.CP,PHL,1981,510664,,
OFST.1.M.CP,PHL,1982,542086,,
OFST.1.M.CP,PHL,1983,574453,,
OFST.1.M.CP,PHL,1984,436243,,
OFST.1.M.CP,PHL,1986,410508,,
OFST.1.M.CP,PHL,1987,376110,,
OFST.1.M.CP,PHL,1988,365331,,
OFST.1.M.CP,PHL,1989,316686,,
OFST.1.M.CP,PHL,1990,234732,,
OFST.1.M.CP,PHL,1998,747114,,
OFST.1.M.CP,PHL,1999,1027502,,
OFST.1.M.CP,PHL,2001,998273,,
OFST.1.M.CP,PHL,2002,1012737,,
OFST.1.M.CP,PHL,2003,1024187,,
OFST.1.M.CP,PHL,2004,1053109,,
OFST.1.M.CP,PHL,2005,1040397,,
OFST.1.M.CP,PHL,2006,1132988,,
OFST.1.M.CP,PHL,2007,1129558,,
OFST.1.M.CP,PHL,2008,1085875,,
OFST.1.M.CP,PHL,2009,954066,,
OFST.1.M.CP,PHL,2014,783658,,
OFST.1.M.CP,PHL,2015,828030,,
OFST.1.M.CP,PHL,2016,814660,,
OFST.1.M.CP,PHL,2017,776766,,
OFST.1.M.CP,PHL,2018,758505,,
OFST.1.M.CP,PHL,2019,607302,,
OFST.1.M.CP,PHL,2020,538533,,
OFST.1.M.CP,PHL,2021,824530,,
OFST.1.M.CP,PHL,2022,716222,,
OFST.1.M.CP,PHL,2023,666580,,
OFST.1.M.CP,PHL,2024,744103,,
OFST.1.M.CP,PLW,2014,1,,
OFST.1.M.CP,PLW,2022,96,,
OFST.1.M.CP,PLW,2023,58,,
OFST.1.M.CP,PNG,1989,82338,,
OFST.1.M.CP,PNG,2012,167480,,
OFST.1.M.CP,PNG,2014,196550,,
OFST.1.M.CP,PNG,2016,62195,UIS_EST,
OFST.1.M.CP,PNG,2019,5796.156924991636,,
OFST.1.M.CP,PNG,2020,16604.12297718332,,
OFST.1.M.CP,POL,2001,13538,NAT_EST,
OFST.1.M.CP,POL,2002,13898,NAT_EST,
OFST.1.M.CP,POL,2003,13052,NAT_EST,
OFST.1.M.CP,POL,2004,14062,NAT_EST,
OFST.1.M.CP,POL,2005,14576,NAT_EST,
OFST.1.M.CP,POL,2006,17472,NAT_EST,
OFST.1.M.CP,POL,2007,23724,NAT_EST,
OFST.1.M.CP,POL,2008,28701,NAT_EST,
OFST.1.M.CP,POL,2009,32488,NAT_EST,
OFST.1.M.CP,POL,2010,31396,NAT_EST,
OFST.1.M.CP,POL,2011,35091,NAT_EST,
OFST.1.M.CP,POL,2012,37680,NAT_EST,
OFST.1.M.CP,POL,2013,41683,NAT_EST,
OFST.1.M.CP,POL,2014,45772,NAT_EST,
OFST.1.M.CP,POL,2017,58388,NAT_EST,
OFST.1.M.CP,POL,2018,60129,NAT_EST,
OFST.1.M.CP,POL,2019,45584,NAT_EST,
OFST.1.M.CP,POL,2020,12442,NAT_EST,
OFST.1.M.CP,PRI,2010,14722,UIS_EST,
OFST.1.M.CP,PRI,2011,17098,,
OFST.1.M.CP,PRI,2012,12861,,
OFST.1.M.CP,PRI,2013,9617,,
OFST.1.M.CP,PRI,2014,9148,,
OFST.1.M.CP,PRI,2015,8897,,
OFST.1.M.CP,PRI,2016,14061,,
OFST.1.M.CP,PRI,2018,12612,,
OFST.1.M.CP,PRI,2023,12207,,
OFST.1.M.CP,PRI,2024,12040,,
OFST.1.M.CP,PRK,2009,4834,UIS_EST,
OFST.1.M.CP,PRT,2014,2280,NAT_EST,
OFST.1.M.CP,PRT,2015,5894,NAT_EST,
OFST.1.M.CP,PRT,2016,7159,NAT_EST,
OFST.1.M.CP,PRT,2017,6426,NAT_EST,
OFST.1.M.CP,PRT,2018,5198,NAT_EST,
OFST.1.M.CP,PRT,2019,2168,NAT_EST,
OFST.1.M.CP,PRY,1970,29440,,
OFST.1.M.CP,PRY,1972,60880,,
OFST.1.M.CP,PRY,1975,38823,,
OFST.1.M.CP,PRY,1976,34397,,
OFST.1.M.CP,PRY,1977,30752,,
OFST.1.M.CP,PRY,1978,25334,,
OFST.1.M.CP,PRY,1979,21421,,
OFST.1.M.CP,PRY,1980,16120,,
OFST.1.M.CP,PRY,1981,13040,,
OFST.1.M.CP,PRY,1983,12556,,
OFST.1.M.CP,PRY,1984,12860,,
OFST.1.M.CP,PRY,1985,11615,,
OFST.1.M.CP,PRY,1986,13198,,
OFST.1.M.CP,PRY,1987,10573,,
OFST.1.M.CP,PRY,1988,5810,,
OFST.1.M.CP,PRY,1989,2202,,
OFST.1.M.CP,PRY,1992,32007,,
OFST.1.M.CP,PRY,1994,18661,,
OFST.1.M.CP,PRY,1996,13048,,
OFST.1.M.CP,PRY,2008,6215,,
OFST.1.M.CP,PRY,2009,9507,,
OFST.1.M.CP,PRY,2010,6532,,
OFST.1.M.CP,PRY,2011,6393,,
OFST.1.M.CP,PRY,2012,5876,,
OFST.1.M.CP,PRY,2016,38179,,
OFST.1.M.CP,PRY,2020,46001,,
OFST.1.M.CP,PRY,2021,47868,,
OFST.1.M.CP,PRY,2022,48167,,
OFST.1.M.CP,PRY,2023,50967,,
OFST.1.M.CP,PRY,2024,53824,,
OFST.1.M.CP,PSE,1999,20218,,
OFST.1.M.CP,PSE,2000,14690,,
OFST.1.M.CP,PSE,2001,16565,UIS_EST,
OFST.1.M.CP,PSE,2002,13892,UIS_EST,
OFST.1.M.CP,PSE,2003,13951,,
OFST.1.M.CP,PSE,2004,14001,,
OFST.1.M.CP,PSE,2005,18522,UIS_EST,
OFST.1.M.CP,PSE,2006,21847,,
OFST.1.M.CP,PSE,2007,24444,,
OFST.1.M.CP,PSE,2008,20977,UIS_EST,
OFST.1.M.CP,PSE,2009,18148,,
OFST.1.M.CP,PSE,2010,14656,,
OFST.1.M.CP,PSE,2011,15476,,
OFST.1.M.CP,PSE,2012,10390,,
OFST.1.M.CP,PSE,2013,12697,,
OFST.1.M.CP,PSE,2014,8871,,
OFST.1.M.CP,PSE,2015,9173,,
OFST.1.M.CP,PSE,2016,8185,,
OFST.1.M.CP,PSE,2017,4654,,
OFST.1.M.CP,PSE,2018,8094,,
OFST.1.M.CP,PSE,2019,11235,,
OFST.1.M.CP,PSE,2020,14355,,
OFST.1.M.CP,PSE,2021,20129,,
OFST.1.M.CP,PSE,2022,25390,,
OFST.1.M.CP,PSE,2023,26504,,
OFST.1.M.CP,PYF,1983,1207,,
OFST.1.M.CP,PYF,1984,1336,,
OFST.1.M.CP,PYF,1985,1405,,
OFST.1.M.CP,PYF,1989,868,,
OFST.1.M.CP,PYF,1990,1049,,
OFST.1.M.CP,PYF,1993,598,,
OFST.1.M.CP,PYF,1995,311,,
OFST.1.M.CP,PYF,1996,500,,
OFST.1.M.CP,QAT,1971,1971,,
OFST.1.M.CP,QAT,1972,3415,,
OFST.1.M.CP,QAT,1973,4440,,
OFST.1.M.CP,QAT,1974,5221,,
OFST.1.M.CP,QAT,1976,5992,,
OFST.1.M.CP,QAT,1977,5291,,
OFST.1.M.CP,QAT,1978,4800,,
OFST.1.M.CP,QAT,1979,4533,,
OFST.1.M.CP,QAT,1980,3959,,
OFST.1.M.CP,QAT,1981,3652,,
OFST.1.M.CP,QAT,1982,2928,,
OFST.1.M.CP,QAT,1983,3263,,
OFST.1.M.CP,QAT,1984,2864,,
OFST.1.M.CP,QAT,1985,3067,,
OFST.1.M.CP,QAT,1986,3277,,
OFST.1.M.CP,QAT,1987,2974,,
OFST.1.M.CP,QAT,1988,2781,,
OFST.1.M.CP,QAT,1991,2053,,
OFST.1.M.CP,QAT,1992,2274,,
OFST.1.M.CP,QAT,1993,3114,,
OFST.1.M.CP,QAT,1994,2562,,
OFST.1.M.CP,QAT,2002,5846,,
OFST.1.M.CP,QAT,2003,6623,,
OFST.1.M.CP,QAT,2004,4025,,
OFST.1.M.CP,QAT,2005,3464,,
OFST.1.M.CP,QAT,2006,4308,,
OFST.1.M.CP,QAT,2007,2685,,
OFST.1.M.CP,QAT,2010,2090,,
OFST.1.M.CP,QAT,2011,1889,,
OFST.1.M.CP,QAT,2012,846,,
OFST.1.M.CP,QAT,2013,2101,,
OFST.1.M.CP,QAT,2014,3544,,
OFST.1.M.CP,QAT,2015,2791,,
OFST.1.M.CP,QAT,2016,1134,,
OFST.1.M.CP,QAT,2019,1389,,
OFST.1.M.CP,QAT,2020,2074,,
OFST.1.M.CP,QAT,2021,11982,,
OFST.1.M.CP,QAT,2022,7867,,
OFST.1.M.CP,QAT,2023,6935,,
OFST.1.M.CP,QAT,2024,5331,,
OFST.1.M.CP,REU,1985,4917,,
OFST.1.M.CP,REU,1986,5860,,
OFST.1.M.CP,REU,1987,5839,,
OFST.1.M.CP,ROU,2001,2162,NAT_EST,
OFST.1.M.CP,ROU,2002,6325,NAT_EST,
OFST.1.M.CP,ROU,2003,19738,NAT_EST,
OFST.1.M.CP,ROU,2004,24618,NAT_EST,
OFST.1.M.CP,ROU,2005,33460,NAT_EST,
OFST.1.M.CP,ROU,2006,28828,NAT_EST,
OFST.1.M.CP,ROU,2007,29570,NAT_EST,
OFST.1.M.CP,ROU,2008,14537,NAT_EST,
OFST.1.M.CP,ROU,2009,5331,NAT_EST,
OFST.1.M.CP,ROU,2010,9944,NAT_EST,
OFST.1.M.CP,ROU,2011,17308,NAT_EST,
OFST.1.M.CP,ROU,2012,26154,NAT_EST,
OFST.1.M.CP,ROU,2015,42280,NAT_EST,
OFST.1.M.CP,ROU,2016,48364,NAT_EST,
OFST.1.M.CP,ROU,2017,49945,NAT_EST,
OFST.1.M.CP,ROU,2018,44760,NAT_EST,
OFST.1.M.CP,ROU,2019,39314,NAT_EST,
OFST.1.M.CP,ROU,2020,41697,NAT_EST,
OFST.1.M.CP,ROU,2021,46951,NAT_EST,
OFST.1.M.CP,ROU,2022,81626,NAT_EST,
OFST.1.M.CP,ROU,2023,81630,NAT_EST,
OFST.1.M.CP,RUS,1994,165652,,
OFST.1.M.CP,RUS,1995,336225,,
OFST.1.M.CP,RUS,2006,170188,UIS_EST,
OFST.1.M.CP,RUS,2007,175306,UIS_EST,
OFST.1.M.CP,RUS,2008,130689,UIS_EST,
OFST.1.M.CP,RUS,2009,144423,,
OFST.1.M.CP,RUS,2011,138754,UIS_EST,
OFST.1.M.CP,RUS,2012,95426,,
OFST.1.M.CP,RUS,2013,109157,UIS_EST,
OFST.1.M.CP,RUS,2014,100394,UIS_EST,
OFST.1.M.CP,RUS,2015,81178,UIS_EST,
OFST.1.M.CP,RUS,2016,82579,UIS_EST,
OFST.1.M.CP,RUS,2017,14016,,
OFST.1.M.CP,RUS,2020,59255,,
OFST.1.M.CP,RUS,2021,99271,,
OFST.1.M.CP,RUS,2022,127688,,
OFST.1.M.CP,RUS,2023,109598,,
OFST.1.M.CP,RWA,1973,165818,,
OFST.1.M.CP,RWA,1974,172517,,
OFST.1.M.CP,RWA,1975,183645,,
OFST.1.M.CP,RWA,1977,177727,,
OFST.1.M.CP,RWA,1978,173678,,
OFST.1.M.CP,RWA,1999,273124,,
OFST.1.M.CP,RWA,2002,30613,,
OFST.1.M.CP,RWA,2003,86538,,
OFST.1.M.CP,RWA,2016,10410,,
OFST.1.M.CP,RWA,2017,10775,,
OFST.1.M.CP,RWA,2018,11472,,
OFST.1.M.CP,RWA,2019,11421,,
OFST.1.M.CP,SAU,1979,55625,,
OFST.1.M.CP,SAU,2013,143472,,
OFST.1.M.CP,SAU,2014,122146,,
OFST.1.M.CP,SAU,2015,87623,,
OFST.1.M.CP,SAU,2020,46732,,
OFST.1.M.CP,SAU,2021,65970,,
OFST.1.M.CP,SAU,2022,50270,,
OFST.1.M.CP,SAU,2024,12825,,
OFST.1.M.CP,SDG: Australia and New Zealand,2000,14770,,
OFST.1.M.CP,SDG: Australia and New Zealand,2001,13230,,
OFST.1.M.CP,SDG: Australia and New Zealand,2002,11580,,
OFST.1.M.CP,SDG: Australia and New Zealand,2003,10240,,
OFST.1.M.CP,SDG: Australia and New Zealand,2004,8971,,
OFST.1.M.CP,SDG: Australia and New Zealand,2005,7920,,
OFST.1.M.CP,SDG: Australia and New Zealand,2006,7104,,
OFST.1.M.CP,SDG: Australia and New Zealand,2007,6564,,
OFST.1.M.CP,SDG: Australia and New Zealand,2008,6013,,
OFST.1.M.CP,SDG: Australia and New Zealand,2009,5694,,
OFST.1.M.CP,SDG: Australia and New Zealand,2010,5403,,
OFST.1.M.CP,SDG: Australia and New Zealand,2011,5212,,
OFST.1.M.CP,SDG: Australia and New Zealand,2012,4968,,
OFST.1.M.CP,SDG: Australia and New Zealand,2013,4742,,
OFST.1.M.CP,SDG: Australia and New Zealand,2014,4587,,
OFST.1.M.CP,SDG: Australia and New Zealand,2015,4461,,
OFST.1.M.CP,SDG: Australia and New Zealand,2016,4328,,
OFST.1.M.CP,SDG: Australia and New Zealand,2017,4140,,
OFST.1.M.CP,SDG: Australia and New Zealand,2018,4016,,
OFST.1.M.CP,SDG: Australia and New Zealand,2019,3952,,
OFST.1.M.CP,SDG: Australia and New Zealand,2020,3874,,
OFST.1.M.CP,SDG: Australia and New Zealand,2021,3778,,
OFST.1.M.CP,SDG: Australia and New Zealand,2022,3662,,
OFST.1.M.CP,SDG: Australia and New Zealand,2023,3623,,
OFST.1.M.CP,SDG: Australia and New Zealand,2024,3492,,
OFST.1.M.CP,SDG: Central Asia,2000,205500,,
OFST.1.M.CP,SDG: Central Asia,2001,182800,,
OFST.1.M.CP,SDG: Central Asia,2002,158800,,
OFST.1.M.CP,SDG: Central Asia,2003,140800,,
OFST.1.M.CP,SDG: Central Asia,2004,130900,,
OFST.1.M.CP,SDG: Central Asia,2005,123500,,
OFST.1.M.CP,SDG: Central Asia,2006,114500,,
OFST.1.M.CP,SDG: Central Asia,2007,104800,,
OFST.1.M.CP,SDG: Central Asia,2008,99240,,
OFST.1.M.CP,SDG: Central Asia,2009,99730,,
OFST.1.M.CP,SDG: Central Asia,2010,105300,,
OFST.1.M.CP,SDG: Central Asia,2011,108200,,
OFST.1.M.CP,SDG: Central Asia,2012,107900,,
OFST.1.M.CP,SDG: Central Asia,2013,98900,,
OFST.1.M.CP,SDG: Central Asia,2014,91030,,
OFST.1.M.CP,SDG: Central Asia,2015,83900,,
OFST.1.M.CP,SDG: Central Asia,2016,84730,,
OFST.1.M.CP,SDG: Central Asia,2017,93440,,
OFST.1.M.CP,SDG: Central Asia,2018,102300,,
OFST.1.M.CP,SDG: Central Asia,2019,107500,,
OFST.1.M.CP,SDG: Central Asia,2020,128700,,
OFST.1.M.CP,SDG: Central Asia,2021,137500,,
OFST.1.M.CP,SDG: Central Asia,2022,151100,,
OFST.1.M.CP,SDG: Central Asia,2023,164200,,
OFST.1.M.CP,SDG: Central Asia,2024,173000,,
OFST.1.M.CP,SDG: Central and Southern Asia,2000,26720000,,
OFST.1.M.CP,SDG: Central and Southern Asia,2001,25350000,,
OFST.1.M.CP,SDG: Central and Southern Asia,2002,24340000,,
OFST.1.M.CP,SDG: Central and Southern Asia,2003,23580000,,
OFST.1.M.CP,SDG: Central and Southern Asia,2004,22860000,,
OFST.1.M.CP,SDG: Central and Southern Asia,2005,22140000,,
OFST.1.M.CP,SDG: Central and Southern Asia,2006,21220000,,
OFST.1.M.CP,SDG: Central and Southern Asia,2007,20030000,,
OFST.1.M.CP,SDG: Central and Southern Asia,2008,18810000,,
OFST.1.M.CP,SDG: Central and Southern Asia,2009,17650000,,
OFST.1.M.CP,SDG: Central and Southern Asia,2010,16380000,,
OFST.1.M.CP,SDG: Central and Southern Asia,2011,15190000,,
OFST.1.M.CP,SDG: Central and Southern Asia,2012,14260000,,
OFST.1.M.CP,SDG: Central and Southern Asia,2013,13480000,,
OFST.1.M.CP,SDG: Central and Southern Asia,2014,12720000,,
OFST.1.M.CP,SDG: Central and Southern Asia,2015,12140000,,
OFST.1.M.CP,SDG: Central and Southern Asia,2016,11570000,,
OFST.1.M.CP,SDG: Central and Southern Asia,2017,11110000,,
OFST.1.M.CP,SDG: Central and Southern Asia,2018,10940000,,
OFST.1.M.CP,SDG: Central and Southern Asia,2019,11180000,,
OFST.1.M.CP,SDG: Central and Southern Asia,2020,11560000,,
OFST.1.M.CP,SDG: Central and Southern Asia,2021,11930000,,
OFST.1.M.CP,SDG: Central and Southern Asia,2022,12520000,,
OFST.1.M.CP,SDG: Central and Southern Asia,2023,12760000,,
OFST.1.M.CP,SDG: Central and Southern Asia,2024,12800000,,
OFST.1.M.CP,SDG: Eastern Asia,2000,1967000,,
OFST.1.M.CP,SDG: Eastern Asia,2001,2128000,,
OFST.1.M.CP,SDG: Eastern Asia,2002,2272000,,
OFST.1.M.CP,SDG: Eastern Asia,2003,2446000,,
OFST.1.M.CP,SDG: Eastern Asia,2004,3301000,,
OFST.1.M.CP,SDG: Eastern Asia,2005,3058000,,
OFST.1.M.CP,SDG: Eastern Asia,2006,2736000,,
OFST.1.M.CP,SDG: Eastern Asia,2007,2431000,,
OFST.1.M.CP,SDG: Eastern Asia,2008,2093000,,
OFST.1.M.CP,SDG: Eastern Asia,2009,1720000,,
OFST.1.M.CP,SDG: Eastern Asia,2010,1455000,,
OFST.1.M.CP,SDG: Eastern Asia,2011,1382000,,
OFST.1.M.CP,SDG: Eastern Asia,2012,1429000,,
OFST.1.M.CP,SDG: Eastern Asia,2013,1567000,,
OFST.1.M.CP,SDG: Eastern Asia,2014,1774000,,
OFST.1.M.CP,SDG: Eastern Asia,2015,1974000,,
OFST.1.M.CP,SDG: Eastern Asia,2016,2182000,,
OFST.1.M.CP,SDG: Eastern Asia,2017,2364000,,
OFST.1.M.CP,SDG: Eastern Asia,2018,2527000,,
OFST.1.M.CP,SDG: Eastern Asia,2019,2601000,,
OFST.1.M.CP,SDG: Eastern Asia,2020,2639000,,
OFST.1.M.CP,SDG: Eastern Asia,2021,2676000,,
OFST.1.M.CP,SDG: Eastern Asia,2022,2701000,,
OFST.1.M.CP,SDG: Eastern Asia,2023,2719000,,
OFST.1.M.CP,SDG: Eastern Asia,2024,2689000,,
OFST.1.M.CP,SDG: Eastern and South-Eastern Asia,2000,6809000,,
OFST.1.M.CP,SDG: Eastern and South-Eastern Asia,2001,6481000,,
OFST.1.M.CP,SDG: Eastern and South-Eastern Asia,2002,6202000,,
OFST.1.M.CP,SDG: Eastern and South-Eastern Asia,2003,6053000,,
OFST.1.M.CP,SDG: Eastern and South-Eastern Asia,2004,6570000,,
OFST.1.M.CP,SDG: Eastern and South-Eastern Asia,2005,6073000,,
OFST.1.M.CP,SDG: Eastern and South-Eastern Asia,2006,5460000,,
OFST.1.M.CP,SDG: Eastern and South-Eastern Asia,2007,4937000,,
OFST.1.M.CP,SDG: Eastern and South-Eastern Asia,2008,4432000,,
OFST.1.M.CP,SDG: Eastern and South-Eastern Asia,2009,3985000,,
OFST.1.M.CP,SDG: Eastern and South-Eastern Asia,2010,3599000,,
OFST.1.M.CP,SDG: Eastern and South-Eastern Asia,2011,3374000,,
OFST.1.M.CP,SDG: Eastern and South-Eastern Asia,2012,3328000,,
OFST.1.M.CP,SDG: Eastern and South-Eastern Asia,2013,3410000,,
OFST.1.M.CP,SDG: Eastern and South-Eastern Asia,2014,3522000,,
OFST.1.M.CP,SDG: Eastern and South-Eastern Asia,2015,3632000,,
OFST.1.M.CP,SDG: Eastern and South-Eastern Asia,2016,3747000,,
OFST.1.M.CP,SDG: Eastern and South-Eastern Asia,2017,3881000,,
OFST.1.M.CP,SDG: Eastern and South-Eastern Asia,2018,3983000,,
OFST.1.M.CP,SDG: Eastern and South-Eastern Asia,2019,4013000,,
OFST.1.M.CP,SDG: Eastern and South-Eastern Asia,2020,4040000,,
OFST.1.M.CP,SDG: Eastern and South-Eastern Asia,2021,4076000,,
OFST.1.M.CP,SDG: Eastern and South-Eastern Asia,2022,4115000,,
OFST.1.M.CP,SDG: Eastern and South-Eastern Asia,2023,4181000,,
OFST.1.M.CP,SDG: Eastern and South-Eastern Asia,2024,4171000,,
OFST.1.M.CP,SDG: Europe,2000,608700,,
OFST.1.M.CP,SDG: Europe,2001,637100,,
OFST.1.M.CP,SDG: Europe,2002,598300,,
OFST.1.M.CP,SDG: Europe,2003,474900,,
OFST.1.M.CP,SDG: Europe,2004,515200,,
OFST.1.M.CP,SDG: Europe,2005,427000,,
OFST.1.M.CP,SDG: Europe,2006,399700,,
OFST.1.M.CP,SDG: Europe,2007,403600,,
OFST.1.M.CP,SDG: Europe,2008,415300,,
OFST.1.M.CP,SDG: Europe,2009,418800,,
OFST.1.M.CP,SDG: Europe,2010,418700,,
OFST.1.M.CP,SDG: Europe,2011,401900,,
OFST.1.M.CP,SDG: Europe,2012,377100,,
OFST.1.M.CP,SDG: Europe,2013,367200,,
OFST.1.M.CP,SDG: Europe,2014,349300,,
OFST.1.M.CP,SDG: Europe,2015,330600,,
OFST.1.M.CP,SDG: Europe,2016,311500,,
OFST.1.M.CP,SDG: Europe,2017,292400,,
OFST.1.M.CP,SDG: Europe,2018,275300,,
OFST.1.M.CP,SDG: Europe,2019,262400,,
OFST.1.M.CP,SDG: Europe,2020,255400,,
OFST.1.M.CP,SDG: Europe,2021,251900,,
OFST.1.M.CP,SDG: Europe,2022,253700,,
OFST.1.M.CP,SDG: Europe,2023,260800,,
OFST.1.M.CP,SDG: Europe,2024,270200,,
OFST.1.M.CP,SDG: Europe and Northern America,2000,862500,,
OFST.1.M.CP,SDG: Europe and Northern America,2001,897100,,
OFST.1.M.CP,SDG: Europe and Northern America,2002,863100,,
OFST.1.M.CP,SDG: Europe and Northern America,2003,735300,,
OFST.1.M.CP,SDG: Europe and Northern America,2004,772000,,
OFST.1.M.CP,SDG: Europe and Northern America,2005,692400,,
OFST.1.M.CP,SDG: Europe and Northern America,2006,676800,,
OFST.1.M.CP,SDG: Europe and Northern America,2007,687200,,
OFST.1.M.CP,SDG: Europe and Northern America,2008,698900,,
OFST.1.M.CP,SDG: Europe and Northern America,2009,701500,,
OFST.1.M.CP,SDG: Europe and Northern America,2010,703400,,
OFST.1.M.CP,SDG: Europe and Northern America,2011,687300,,
OFST.1.M.CP,SDG: Europe and Northern America,2012,660900,,
OFST.1.M.CP,SDG: Europe and Northern America,2013,647400,,
OFST.1.M.CP,SDG: Europe and Northern America,2014,626100,,
OFST.1.M.CP,SDG: Europe and Northern America,2015,605600,,
OFST.1.M.CP,SDG: Europe and Northern America,2016,588700,,
OFST.1.M.CP,SDG: Europe and Northern America,2017,581200,,
OFST.1.M.CP,SDG: Europe and Northern America,2018,592700,,
OFST.1.M.CP,SDG: Europe and Northern America,2019,625800,,
OFST.1.M.CP,SDG: Europe and Northern America,2020,682200,,
OFST.1.M.CP,SDG: Europe and Northern America,2021,755400,,
OFST.1.M.CP,SDG: Europe and Northern America,2022,828800,,
OFST.1.M.CP,SDG: Europe and Northern America,2023,888400,,
OFST.1.M.CP,SDG: Europe and Northern America,2024,932800,,
OFST.1.M.CP,SDG: Landlocked Developing Countries,2000,9652000,,
OFST.1.M.CP,SDG: Landlocked Developing Countries,2001,9389000,,
OFST.1.M.CP,SDG: Landlocked Developing Countries,2002,9184000,,
OFST.1.M.CP,SDG: Landlocked Developing Countries,2003,9116000,,
OFST.1.M.CP,SDG: Landlocked Developing Countries,2004,8905000,,
OFST.1.M.CP,SDG: Landlocked Developing Countries,2005,8636000,,
OFST.1.M.CP,SDG: Landlocked Developing Countries,2006,8349000,,
OFST.1.M.CP,SDG: Landlocked Developing Countries,2007,8057000,,
OFST.1.M.CP,SDG: Landlocked Developing Countries,2008,7790000,,
OFST.1.M.CP,SDG: Landlocked Developing Countries,2009,7578000,,
OFST.1.M.CP,SDG: Landlocked Developing Countries,2010,7528000,,
OFST.1.M.CP,SDG: Landlocked Developing Countries,2011,7546000,,
OFST.1.M.CP,SDG: Landlocked Developing Countries,2012,7622000,,
OFST.1.M.CP,SDG: Landlocked Developing Countries,2013,7719000,,
OFST.1.M.CP,SDG: Landlocked Developing Countries,2014,7828000,,
OFST.1.M.CP,SDG: Landlocked Developing Countries,2015,7965000,,
OFST.1.M.CP,SDG: Landlocked Developing Countries,2016,8114000,,
OFST.1.M.CP,SDG: Landlocked Developing Countries,2017,8245000,,
OFST.1.M.CP,SDG: Landlocked Developing Countries,2018,8409000,,
OFST.1.M.CP,SDG: Landlocked Developing Countries,2019,8524000,,
OFST.1.M.CP,SDG: Landlocked Developing Countries,2020,8598000,,
OFST.1.M.CP,SDG: Landlocked Developing Countries,2021,8558000,,
OFST.1.M.CP,SDG: Landlocked Developing Countries,2022,8730000,,
OFST.1.M.CP,SDG: Landlocked Developing Countries,2023,8610000,,
OFST.1.M.CP,SDG: Landlocked Developing Countries,2024,8523000,,
OFST.1.M.CP,SDG: Latin America and the Caribbean,2000,1661000,,
OFST.1.M.CP,SDG: Latin America and the Caribbean,2001,1502000,,
OFST.1.M.CP,SDG: Latin America and the Caribbean,2002,1365000,,
OFST.1.M.CP,SDG: Latin America and the Caribbean,2003,1262000,,
OFST.1.M.CP,SDG: Latin America and the Caribbean,2004,1169000,,
OFST.1.M.CP,SDG: Latin America and the Caribbean,2005,1094000,,
OFST.1.M.CP,SDG: Latin America and the Caribbean,2006,1016000,,
OFST.1.M.CP,SDG: Latin America and the Caribbean,2007,947800,,
OFST.1.M.CP,SDG: Latin America and the Caribbean,2008,900100,,
OFST.1.M.CP,SDG: Latin America and the Caribbean,2009,862400,,
OFST.1.M.CP,SDG: Latin America and the Caribbean,2010,892900,,
OFST.1.M.CP,SDG: Latin America and the Caribbean,2011,896800,,
OFST.1.M.CP,SDG: Latin America and the Caribbean,2012,919800,,
OFST.1.M.CP,SDG: Latin America and the Caribbean,2013,950400,,
OFST.1.M.CP,SDG: Latin America and the Caribbean,2014,974200,,
OFST.1.M.CP,SDG: Latin America and the Caribbean,2015,983100,,
OFST.1.M.CP,SDG: Latin America and the Caribbean,2016,975100,,
OFST.1.M.CP,SDG: Latin America and the Caribbean,2017,960200,,
OFST.1.M.CP,SDG: Latin America and the Caribbean,2018,937200,,
OFST.1.M.CP,SDG: Latin America and the Caribbean,2019,928700,,
OFST.1.M.CP,SDG: Latin America and the Caribbean,2020,940400,,
OFST.1.M.CP,SDG: Latin America and the Caribbean,2021,971400,,
OFST.1.M.CP,SDG: Latin America and the Caribbean,2022,1013000,,
OFST.1.M.CP,SDG: Latin America and the Caribbean,2023,1064000,,
OFST.1.M.CP,SDG: Latin America and the Caribbean,2024,1123000,,
OFST.1.M.CP,SDG: Least Developed Countries,2000,18430000,,
OFST.1.M.CP,SDG: Least Developed Countries,2001,17880000,,
OFST.1.M.CP,SDG: Least Developed Countries,2002,17380000,,
OFST.1.M.CP,SDG: Least Developed Countries,2003,17050000,,
OFST.1.M.CP,SDG: Least Developed Countries,2004,16700000,,
OFST.1.M.CP,SDG: Least Developed Countries,2005,16350000,,
OFST.1.M.CP,SDG: Least Developed Countries,2006,16060000,,
OFST.1.M.CP,SDG: Least Developed Countries,2007,15800000,,
OFST.1.M.CP,SDG: Least Developed Countries,2008,15490000,,
OFST.1.M.CP,SDG: Least Developed Countries,2009,15320000,,
OFST.1.M.CP,SDG: Least Developed Countries,2010,15320000,,
OFST.1.M.CP,SDG: Least Developed Countries,2011,15440000,,
OFST.1.M.CP,SDG: Least Developed Countries,2012,15640000,,
OFST.1.M.CP,SDG: Least Developed Countries,2013,15950000,,
OFST.1.M.CP,SDG: Least Developed Countries,2014,16260000,,
OFST.1.M.CP,SDG: Least Developed Countries,2015,16590000,,
OFST.1.M.CP,SDG: Least Developed Countries,2016,16860000,,
OFST.1.M.CP,SDG: Least Developed Countries,2017,17060000,,
OFST.1.M.CP,SDG: Least Developed Countries,2018,17290000,,
OFST.1.M.CP,SDG: Least Developed Countries,2019,17480000,,
OFST.1.M.CP,SDG: Least Developed Countries,2020,17540000,,
OFST.1.M.CP,SDG: Least Developed Countries,2021,17530000,,
OFST.1.M.CP,SDG: Least Developed Countries,2022,17830000,,
OFST.1.M.CP,SDG: Least Developed Countries,2023,17920000,,
OFST.1.M.CP,SDG: Least Developed Countries,2024,18090000,,
OFST.1.M.CP,SDG: Northern Africa,2000,3741000,,
OFST.1.M.CP,SDG: Northern Africa,2001,3636000,,
OFST.1.M.CP,SDG: Northern Africa,2002,3505000,,
OFST.1.M.CP,SDG: Northern Africa,2003,3377000,,
OFST.1.M.CP,SDG: Northern Africa,2004,3262000,,
OFST.1.M.CP,SDG: Northern Africa,2005,3381000,,
OFST.1.M.CP,SDG: Northern Africa,2006,3322000,,
OFST.1.M.CP,SDG: Northern Africa,2007,3289000,,
OFST.1.M.CP,SDG: Northern Africa,2008,3226000,,
OFST.1.M.CP,SDG: Northern Africa,2009,3176000,,
OFST.1.M.CP,SDG: Northern Africa,2010,3134000,,
OFST.1.M.CP,SDG: Northern Africa,2011,3078000,,
OFST.1.M.CP,SDG: Northern Africa,2012,2991000,,
OFST.1.M.CP,SDG: Northern Africa,2013,2877000,,
OFST.1.M.CP,SDG: Northern Africa,2014,2783000,,
OFST.1.M.CP,SDG: Northern Africa,2015,2687000,,
OFST.1.M.CP,SDG: Northern Africa,2016,2598000,,
OFST.1.M.CP,SDG: Northern Africa,2017,2538000,,
OFST.1.M.CP,SDG: Northern Africa,2018,2527000,,
OFST.1.M.CP,SDG: Northern Africa,2019,2503000,,
OFST.1.M.CP,SDG: Northern Africa,2020,2462000,,
OFST.1.M.CP,SDG: Northern Africa,2021,2435000,,
OFST.1.M.CP,SDG: Northern Africa,2022,2413000,,
OFST.1.M.CP,SDG: Northern Africa,2023,2358000,,
OFST.1.M.CP,SDG: Northern Africa,2024,2293000,,
OFST.1.M.CP,SDG: Northern Africa and Western Asia,2000,5780000,,
OFST.1.M.CP,SDG: Northern Africa and Western Asia,2001,5658000,,
OFST.1.M.CP,SDG: Northern Africa and Western Asia,2002,5423000,,
OFST.1.M.CP,SDG: Northern Africa and Western Asia,2003,5110000,,
OFST.1.M.CP,SDG: Northern Africa and Western Asia,2004,4853000,,
OFST.1.M.CP,SDG: Northern Africa and Western Asia,2005,4872000,,
OFST.1.M.CP,SDG: Northern Africa and Western Asia,2006,4759000,,
OFST.1.M.CP,SDG: Northern Africa and Western Asia,2007,4680000,,
OFST.1.M.CP,SDG: Northern Africa and Western Asia,2008,4614000,,
OFST.1.M.CP,SDG: Northern Africa and Western Asia,2009,4576000,,
OFST.1.M.CP,SDG: Northern Africa and Western Asia,2010,4541000,,
OFST.1.M.CP,SDG: Northern Africa and Western Asia,2011,4482000,,
OFST.1.M.CP,SDG: Northern Africa and Western Asia,2012,4397000,,
OFST.1.M.CP,SDG: Northern Africa and Western Asia,2013,4339000,,
OFST.1.M.CP,SDG: Northern Africa and Western Asia,2014,4423000,,
OFST.1.M.CP,SDG: Northern Africa and Western Asia,2015,4413000,,
OFST.1.M.CP,SDG: Northern Africa and Western Asia,2016,4385000,,
OFST.1.M.CP,SDG: Northern Africa and Western Asia,2017,4380000,,
OFST.1.M.CP,SDG: Northern Africa and Western Asia,2018,4436000,,
OFST.1.M.CP,SDG: Northern Africa and Western Asia,2019,4476000,,
OFST.1.M.CP,SDG: Northern Africa and Western Asia,2020,4475000,,
OFST.1.M.CP,SDG: Northern Africa and Western Asia,2021,4474000,,
OFST.1.M.CP,SDG: Northern Africa and Western Asia,2022,4468000,,
OFST.1.M.CP,SDG: Northern Africa and Western Asia,2023,4404000,,
OFST.1.M.CP,SDG: Northern Africa and Western Asia,2024,4308000,,
OFST.1.M.CP,SDG: Northern America,2000,254300,,
OFST.1.M.CP,SDG: Northern America,2001,260600,,
OFST.1.M.CP,SDG: Northern America,2002,261900,,
OFST.1.M.CP,SDG: Northern America,2003,260000,,
OFST.1.M.CP,SDG: Northern America,2004,254400,,
OFST.1.M.CP,SDG: Northern America,2005,263600,,
OFST.1.M.CP,SDG: Northern America,2006,277000,,
OFST.1.M.CP,SDG: Northern America,2007,282000,,
OFST.1.M.CP,SDG: Northern America,2008,282300,,
OFST.1.M.CP,SDG: Northern America,2009,282600,,
OFST.1.M.CP,SDG: Northern America,2010,285300,,
OFST.1.M.CP,SDG: Northern America,2011,286700,,
OFST.1.M.CP,SDG: Northern America,2012,284400,,
OFST.1.M.CP,SDG: Northern America,2013,278000,,
OFST.1.M.CP,SDG: Northern America,2014,274700,,
OFST.1.M.CP,SDG: Northern America,2015,273200,,
OFST.1.M.CP,SDG: Northern America,2016,275000,,
OFST.1.M.CP,SDG: Northern America,2017,285900,,
OFST.1.M.CP,SDG: Northern America,2018,313100,,
OFST.1.M.CP,SDG: Northern America,2019,357500,,
OFST.1.M.CP,SDG: Northern America,2020,421500,,
OFST.1.M.CP,SDG: Northern America,2021,497500,,
OFST.1.M.CP,SDG: Northern America,2022,569100,,
OFST.1.M.CP,SDG: Northern America,2023,626900,,
OFST.1.M.CP,SDG: Northern America,2024,661900,,
OFST.1.M.CP,SDG: Oceania,2000,138500,,
OFST.1.M.CP,SDG: Oceania,2001,138400,,
OFST.1.M.CP,SDG: Oceania,2002,136200,,
OFST.1.M.CP,SDG: Oceania,2003,131600,,
OFST.1.M.CP,SDG: Oceania,2004,125000,,
OFST.1.M.CP,SDG: Oceania,2005,117200,,
OFST.1.M.CP,SDG: Oceania,2006,108300,,
OFST.1.M.CP,SDG: Oceania,2007,101300,,
OFST.1.M.CP,SDG: Oceania,2008,96750,,
OFST.1.M.CP,SDG: Oceania,2009,93540,,
OFST.1.M.CP,SDG: Oceania,2010,93150,,
OFST.1.M.CP,SDG: Oceania,2011,94930,,
OFST.1.M.CP,SDG: Oceania,2012,101400,,
OFST.1.M.CP,SDG: Oceania,2013,110200,,
OFST.1.M.CP,SDG: Oceania,2014,120500,,
OFST.1.M.CP,SDG: Oceania,2015,133400,,
OFST.1.M.CP,SDG: Oceania,2016,148100,,
OFST.1.M.CP,SDG: Oceania,2017,161000,,
OFST.1.M.CP,SDG: Oceania,2018,170300,,
OFST.1.M.CP,SDG: Oceania,2019,213200,,
OFST.1.M.CP,SDG: Oceania,2020,185900,,
OFST.1.M.CP,SDG: Oceania,2021,208400,,
OFST.1.M.CP,SDG: Oceania,2022,197200,,
OFST.1.M.CP,SDG: Oceania,2023,184600,,
OFST.1.M.CP,SDG: Oceania,2024,173800,,
OFST.1.M.CP,SDG: Oceania (excluding Australia and New Zealand),2000,121200,,
OFST.1.M.CP,SDG: Oceania (excluding Australia and New Zealand),2001,122800,,
OFST.1.M.CP,SDG: Oceania (excluding Australia and New Zealand),2002,122200,,
OFST.1.M.CP,SDG: Oceania (excluding Australia and New Zealand),2003,119600,,
OFST.1.M.CP,SDG: Oceania (excluding Australia and New Zealand),2004,115300,,
OFST.1.M.CP,SDG: Oceania (excluding Australia and New Zealand),2005,108100,,
OFST.1.M.CP,SDG: Oceania (excluding Australia and New Zealand),2006,99700,,
OFST.1.M.CP,SDG: Oceania (excluding Australia and New Zealand),2007,93410,,
OFST.1.M.CP,SDG: Oceania (excluding Australia and New Zealand),2008,89730,,
OFST.1.M.CP,SDG: Oceania (excluding Australia and New Zealand),2009,86320,,
OFST.1.M.CP,SDG: Oceania (excluding Australia and New Zealand),2010,86480,,
OFST.1.M.CP,SDG: Oceania (excluding Australia and New Zealand),2011,88900,,
OFST.1.M.CP,SDG: Oceania (excluding Australia and New Zealand),2012,95540,,
OFST.1.M.CP,SDG: Oceania (excluding Australia and New Zealand),2013,104000,,
OFST.1.M.CP,SDG: Oceania (excluding Australia and New Zealand),2014,114700,,
OFST.1.M.CP,SDG: Oceania (excluding Australia and New Zealand),2015,127800,,
OFST.1.M.CP,SDG: Oceania (excluding Australia and New Zealand),2016,142700,,
OFST.1.M.CP,SDG: Oceania (excluding Australia and New Zealand),2017,155700,,
OFST.1.M.CP,SDG: Oceania (excluding Australia and New Zealand),2018,165000,,
OFST.1.M.CP,SDG: Oceania (excluding Australia and New Zealand),2019,207600,,
OFST.1.M.CP,SDG: Oceania (excluding Australia and New Zealand),2020,179700,,
OFST.1.M.CP,SDG: Oceania (excluding Australia and New Zealand),2021,202100,,
OFST.1.M.CP,SDG: Oceania (excluding Australia and New Zealand),2022,191000,,
OFST.1.M.CP,SDG: Oceania (excluding Australia and New Zealand),2023,178100,,
OFST.1.M.CP,SDG: Oceania (excluding Australia and New Zealand),2024,168300,,
OFST.1.M.CP,SDG: Small Island Developing States,2000,501600,,
OFST.1.M.CP,SDG: Small Island Developing States,2001,483100,,
OFST.1.M.CP,SDG: Small Island Developing States,2002,467000,,
OFST.1.M.CP,SDG: Small Island Developing States,2003,445800,,
OFST.1.M.CP,SDG: Small Island Developing States,2004,413200,,
OFST.1.M.CP,SDG: Small Island Developing States,2005,375900,,
OFST.1.M.CP,SDG: Small Island Developing States,2006,341000,,
OFST.1.M.CP,SDG: Small Island Developing States,2007,313000,,
OFST.1.M.CP,SDG: Small Island Developing States,2008,288900,,
OFST.1.M.CP,SDG: Small Island Developing States,2009,269500,,
OFST.1.M.CP,SDG: Small Island Developing States,2010,262300,,
OFST.1.M.CP,SDG: Small Island Developing States,2011,273700,,
OFST.1.M.CP,SDG: Small Island Developing States,2012,284200,,
OFST.1.M.CP,SDG: Small Island Developing States,2013,298800,,
OFST.1.M.CP,SDG: Small Island Developing States,2014,316600,,
OFST.1.M.CP,SDG: Small Island Developing States,2015,337400,,
OFST.1.M.CP,SDG: Small Island Developing States,2016,359000,,
OFST.1.M.CP,SDG: Small Island Developing States,2017,378100,,
OFST.1.M.CP,SDG: Small Island Developing States,2018,396000,,
OFST.1.M.CP,SDG: Small Island Developing States,2019,447000,,
OFST.1.M.CP,SDG: Small Island Developing States,2020,427500,,
OFST.1.M.CP,SDG: Small Island Developing States,2021,459100,,
OFST.1.M.CP,SDG: Small Island Developing States,2022,458800,,
OFST.1.M.CP,SDG: Small Island Developing States,2023,456400,,
OFST.1.M.CP,SDG: Small Island Developing States,2024,454100,,
OFST.1.M.CP,SDG: South-Eastern Asia,2000,4798000,,
OFST.1.M.CP,SDG: South-Eastern Asia,2001,4333000,,
OFST.1.M.CP,SDG: South-Eastern Asia,2002,3903000,,
OFST.1.M.CP,SDG: South-Eastern Asia,2003,3567000,,
OFST.1.M.CP,SDG: South-Eastern Asia,2004,3267000,,
OFST.1.M.CP,SDG: South-Eastern Asia,2005,3004000,,
OFST.1.M.CP,SDG: South-Eastern Asia,2006,2734000,,
OFST.1.M.CP,SDG: South-Eastern Asia,2007,2501000,,
OFST.1.M.CP,SDG: South-Eastern Asia,2008,2356000,,
OFST.1.M.CP,SDG: South-Eastern Asia,2009,2263000,,
OFST.1.M.CP,SDG: South-Eastern Asia,2010,2140000,,
OFST.1.M.CP,SDG: South-Eastern Asia,2011,1986000,,
OFST.1.M.CP,SDG: South-Eastern Asia,2012,1892000,,
OFST.1.M.CP,SDG: South-Eastern Asia,2013,1839000,,
OFST.1.M.CP,SDG: South-Eastern Asia,2014,1749000,,
OFST.1.M.CP,SDG: South-Eastern Asia,2015,1634000,,
OFST.1.M.CP,SDG: South-Eastern Asia,2016,1550000,,
OFST.1.M.CP,SDG: South-Eastern Asia,2017,1505000,,
OFST.1.M.CP,SDG: South-Eastern Asia,2018,1444000,,
OFST.1.M.CP,SDG: South-Eastern Asia,2019,1391000,,
OFST.1.M.CP,SDG: South-Eastern Asia,2020,1380000,,
OFST.1.M.CP,SDG: South-Eastern Asia,2021,1393000,,
OFST.1.M.CP,SDG: South-Eastern Asia,2022,1413000,,
OFST.1.M.CP,SDG: South-Eastern Asia,2023,1439000,,
OFST.1.M.CP,SDG: South-Eastern Asia,2024,1461000,,
OFST.1.M.CP,SDG: Southern Asia,2000,26520000,,
OFST.1.M.CP,SDG: Southern Asia,2001,25190000,,
OFST.1.M.CP,SDG: Southern Asia,2002,24170000,,
OFST.1.M.CP,SDG: Southern Asia,2003,23450000,,
OFST.1.M.CP,SDG: Southern Asia,2004,22720000,,
OFST.1.M.CP,SDG: Southern Asia,2005,22020000,,
OFST.1.M.CP,SDG: Southern Asia,2006,21120000,,
OFST.1.M.CP,SDG: Southern Asia,2007,19930000,,
OFST.1.M.CP,SDG: Southern Asia,2008,18710000,,
OFST.1.M.CP,SDG: Southern Asia,2009,17550000,,
OFST.1.M.CP,SDG: Southern Asia,2010,16260000,,
OFST.1.M.CP,SDG: Southern Asia,2011,15080000,,
OFST.1.M.CP,SDG: Southern Asia,2012,14150000,,
OFST.1.M.CP,SDG: Southern Asia,2013,13390000,,
OFST.1.M.CP,SDG: Southern Asia,2014,12630000,,
OFST.1.M.CP,SDG: Southern Asia,2015,12050000,,
OFST.1.M.CP,SDG: Southern Asia,2016,11490000,,
OFST.1.M.CP,SDG: Southern Asia,2017,11010000,,
OFST.1.M.CP,SDG: Southern Asia,2018,10840000,,
OFST.1.M.CP,SDG: Southern Asia,2019,11070000,,
OFST.1.M.CP,SDG: Southern Asia,2020,11420000,,
OFST.1.M.CP,SDG: Southern Asia,2021,11790000,,
OFST.1.M.CP,SDG: Southern Asia,2022,12360000,,
OFST.1.M.CP,SDG: Southern Asia,2023,12600000,,
OFST.1.M.CP,SDG: Southern Asia,2024,12620000,,
OFST.1.M.CP,SDG: Sub-Saharan Africa,2000,18940000,,
OFST.1.M.CP,SDG: Sub-Saharan Africa,2001,18360000,,
OFST.1.M.CP,SDG: Sub-Saharan Africa,2002,17850000,,
OFST.1.M.CP,SDG: Sub-Saharan Africa,2003,17410000,,
OFST.1.M.CP,SDG: Sub-Saharan Africa,2004,17140000,,
OFST.1.M.CP,SDG: Sub-Saharan Africa,2005,16900000,,
OFST.1.M.CP,SDG: Sub-Saharan Africa,2006,16720000,,
OFST.1.M.CP,SDG: Sub-Saharan Africa,2007,16590000,,
OFST.1.M.CP,SDG: Sub-Saharan Africa,2008,16370000,,
OFST.1.M.CP,SDG: Sub-Saharan Africa,2009,16260000,,
OFST.1.M.CP,SDG: Sub-Saharan Africa,2010,16260000,,
OFST.1.M.CP,SDG: Sub-Saharan Africa,2011,16330000,,
OFST.1.M.CP,SDG: Sub-Saharan Africa,2012,16540000,,
OFST.1.M.CP,SDG: Sub-Saharan Africa,2013,16930000,,
OFST.1.M.CP,SDG: Sub-Saharan Africa,2014,17430000,,
OFST.1.M.CP,SDG: Sub-Saharan Africa,2015,18000000,,
OFST.1.M.CP,SDG: Sub-Saharan Africa,2016,18620000,,
OFST.1.M.CP,SDG: Sub-Saharan Africa,2017,19170000,,
OFST.1.M.CP,SDG: Sub-Saharan Africa,2018,19550000,,
OFST.1.M.CP,SDG: Sub-Saharan Africa,2019,19830000,,
OFST.1.M.CP,SDG: Sub-Saharan Africa,2020,19950000,,
OFST.1.M.CP,SDG: Sub-Saharan Africa,2021,19840000,,
OFST.1.M.CP,SDG: Sub-Saharan Africa,2022,19650000,,
OFST.1.M.CP,SDG: Sub-Saharan Africa,2023,19540000,,
OFST.1.M.CP,SDG: Sub-Saharan Africa,2024,19500000,,
OFST.1.M.CP,SDG: Western Asia,2000,2042000,,
OFST.1.M.CP,SDG: Western Asia,2001,2020000,,
OFST.1.M.CP,SDG: Western Asia,2002,1905000,,
OFST.1.M.CP,SDG: Western Asia,2003,1726000,,
OFST.1.M.CP,SDG: Western Asia,2004,1584000,,
OFST.1.M.CP,SDG: Western Asia,2005,1489000,,
OFST.1.M.CP,SDG: Western Asia,2006,1434000,,
OFST.1.M.CP,SDG: Western Asia,2007,1391000,,
OFST.1.M.CP,SDG: Western Asia,2008,1384000,,
OFST.1.M.CP,SDG: Western Asia,2009,1399000,,
OFST.1.M.CP,SDG: Western Asia,2010,1409000,,
OFST.1.M.CP,SDG: Western Asia,2011,1405000,,
OFST.1.M.CP,SDG: Western Asia,2012,1409000,,
OFST.1.M.CP,SDG: Western Asia,2013,1462000,,
OFST.1.M.CP,SDG: Western Asia,2014,1642000,,
OFST.1.M.CP,SDG: Western Asia,2015,1727000,,
OFST.1.M.CP,SDG: Western Asia,2016,1785000,,
OFST.1.M.CP,SDG: Western Asia,2017,1839000,,
OFST.1.M.CP,SDG: Western Asia,2018,1909000,,
OFST.1.M.CP,SDG: Western Asia,2019,1973000,,
OFST.1.M.CP,SDG: Western Asia,2020,2012000,,
OFST.1.M.CP,SDG: Western Asia,2021,2036000,,
OFST.1.M.CP,SDG: Western Asia,2022,2049000,,
OFST.1.M.CP,SDG: Western Asia,2023,2040000,,
OFST.1.M.CP,SDG: Western Asia,2024,2009000,,
OFST.1.M.CP,SDG: World,2000,61000000,,
OFST.1.M.CP,SDG: World,2001,58530000,,
OFST.1.M.CP,SDG: World,2002,56320000,,
OFST.1.M.CP,SDG: World,2003,54440000,,
OFST.1.M.CP,SDG: World,2004,53660000,,
OFST.1.M.CP,SDG: World,2005,52060000,,
OFST.1.M.CP,SDG: World,2006,50170000,,
OFST.1.M.CP,SDG: World,2007,48190000,,
OFST.1.M.CP,SDG: World,2008,46110000,,
OFST.1.M.CP,SDG: World,2009,44270000,,
OFST.1.M.CP,SDG: World,2010,42570000,,
OFST.1.M.CP,SDG: World,2011,41150000,,
OFST.1.M.CP,SDG: World,2012,40360000,,
OFST.1.M.CP,SDG: World,2013,40010000,,
OFST.1.M.CP,SDG: World,2014,39920000,,
OFST.1.M.CP,SDG: World,2015,39990000,,
OFST.1.M.CP,SDG: World,2016,40120000,,
OFST.1.M.CP,SDG: World,2017,40370000,,
OFST.1.M.CP,SDG: World,2018,40720000,,
OFST.1.M.CP,SDG: World,2019,41380000,,
OFST.1.M.CP,SDG: World,2020,41870000,,
OFST.1.M.CP,SDG: World,2021,42290000,,
OFST.1.M.CP,SDG: World,2022,42930000,,
OFST.1.M.CP,SDG: World,2023,43180000,,
OFST.1.M.CP,SDG: World,2024,43260000,,
OFST.1.M.CP,SDN,2011,1297914,,
OFST.1.M.CP,SDN,2012,1579590,,
OFST.1.M.CP,SDN,2013,1598630,UIS_EST,
OFST.1.M.CP,SDN,2014,1651212,UIS_EST,
OFST.1.M.CP,SDN,2015,1660908,UIS_EST,
OFST.1.M.CP,SDN,2016,1656524,UIS_EST,
OFST.1.M.CP,SDN,2017,1507762,UIS_EST,
OFST.1.M.CP,SDN,2018,1312888,,
OFST.1.M.CP,SDN,2019,1671741,,
OFST.1.M.CP,SEN,1978,296140,,
OFST.1.M.CP,SEN,1979,293541,,
OFST.1.M.CP,SEN,1980,298611,,
OFST.1.M.CP,SEN,1981,303043,,
OFST.1.M.CP,SEN,1982,304419,,
OFST.1.M.CP,SEN,1983,304198,,
OFST.1.M.CP,SEN,1984,310869,,
OFST.1.M.CP,SEN,1985,318637,,
OFST.1.M.CP,SEN,1986,287899,,
OFST.1.M.CP,SEN,1988,306383,,
OFST.1.M.CP,SEN,1990,338385,,
OFST.1.M.CP,SEN,1992,358646,,
OFST.1.M.CP,SEN,1996,350425,,
OFST.1.M.CP,SEN,1997,324251,,
OFST.1.M.CP,SEN,1998,312510,,
OFST.1.M.CP,SEN,1999,322670,,
OFST.1.M.CP,SEN,2000,308920,UIS_EST,
OFST.1.M.CP,SEN,2003,269327,UIS_EST,
OFST.1.M.CP,SEN,2004,306729,,
OFST.1.M.CP,SEN,2005,305777,,
OFST.1.M.CP,SEN,2006,292828,,
OFST.1.M.CP,SEN,2007,282566,UIS_EST,
OFST.1.M.CP,SEN,2008,287303,,
OFST.1.M.CP,SEN,2009,298400,,
OFST.1.M.CP,SEN,2010,302528,,
OFST.1.M.CP,SEN,2011,307806,,
OFST.1.M.CP,SEN,2012,290717,,
OFST.1.M.CP,SEN,2013,307187,,
OFST.1.M.CP,SEN,2014,314336,,
OFST.1.M.CP,SEN,2015,331292,,
OFST.1.M.CP,SEN,2019,408977,UIS_EST,
OFST.1.M.CP,SEN,2020,403806,UIS_EST,
OFST.1.M.CP,SEN,2021,445793,UIS_EST,
OFST.1.M.CP,SEN,2022,462877,,
OFST.1.M.CP,SEN,2023,463457,,
OFST.1.M.CP,SEN,2024,473825,,
OFST.1.M.CP,SGP,2018,326,,
OFST.1.M.CP,SGP,2021,693,,
OFST.1.M.CP,SGP,2022,1281,,
OFST.1.M.CP,SGP,2023,217,,
OFST.1.M.CP,SHN,1998,37,,
OFST.1.M.CP,SLB,2005,9966,UIS_EST,
OFST.1.M.CP,SLB,2006,8373,,
OFST.1.M.CP,SLB,2007,8263,,
OFST.1.M.CP,SLB,2013,931,,
OFST.1.M.CP,SLB,2014,1053,,
OFST.1.M.CP,SLB,2015,1402,,
OFST.1.M.CP,SLB,2017,17176.00175476074,,
OFST.1.M.CP,SLB,2018,5629.999263763428,,
OFST.1.M.CP,SLB,2019,8222.999374389648,,
OFST.1.M.CP,SLB,2020,14052.00128173828,,
OFST.1.M.CP,SLB,2023,19755.99845123292,,
OFST.1.M.CP,SLB,2024,18391.99631500244,,
OFST.1.M.CP,SLE,1983,143748,,
OFST.1.M.CP,SLE,2011,23315,,
OFST.1.M.CP,SLE,2012,20233,,
OFST.1.M.CP,SLV,1970,110096,,
OFST.1.M.CP,SLV,1998,114438,UIS_EST,
OFST.1.M.CP,SLV,2000,47057,UIS_EST,
OFST.1.M.CP,SLV,2001,40099,,
OFST.1.M.CP,SLV,2002,28317,UIS_EST,
OFST.1.M.CP,SLV,2003,22210,UIS_EST,
OFST.1.M.CP,SLV,2014,27294,,
OFST.1.M.CP,SLV,2015,30307,,
OFST.1.M.CP,SLV,2016,34036,,
OFST.1.M.CP,SLV,2017,48288,,
OFST.1.M.CP,SLV,2018,45911,,
OFST.1.M.CP,SLV,2019,56069,,
OFST.1.M.CP,SLV,2020,57218,,
OFST.1.M.CP,SLV,2021,60124,,
OFST.1.M.CP,SLV,2022,59565,,
OFST.1.M.CP,SLV,2023,53487,,
OFST.1.M.CP,SLV,2024,56007,,
OFST.1.M.CP,SMR,1979,45,,
OFST.1.M.CP,SMR,1980,31,,
OFST.1.M.CP,SMR,1981,32,,
OFST.1.M.CP,SMR,1982,18,,
OFST.1.M.CP,SMR,1983,32,,
OFST.1.M.CP,SMR,1984,39,,
OFST.1.M.CP,SMR,1985,26,,
OFST.1.M.CP,SMR,1986,38,,
OFST.1.M.CP,SMR,1991,11,,
OFST.1.M.CP,SMR,1996,29,,
OFST.1.M.CP,SMR,1997,41,,
OFST.1.M.CP,SMR,2000,50,,
OFST.1.M.CP,SMR,2008,102,,
OFST.1.M.CP,SMR,2009,26,,
OFST.1.M.CP,SMR,2010,75,,
OFST.1.M.CP,SMR,2011,79,,
OFST.1.M.CP,SMR,2012,70,,
OFST.1.M.CP,SMR,2018,52,,
OFST.1.M.CP,SMR,2019,53,,
OFST.1.M.CP,SMR,2020,53,,
OFST.1.M.CP,SMR,2021,59,,
OFST.1.M.CP,SMR,2022,59,,
OFST.1.M.CP,SMR,2023,60,,
OFST.1.M.CP,SMR,2024,56,,
OFST.1.M.CP,SOM,1976,279143,,
OFST.1.M.CP,SOM,1977,291392,,
OFST.1.M.CP,SOM,1978,307391,,
OFST.1.M.CP,SOM,1979,341637,,
OFST.1.M.CP,SOM,1980,388894,,
OFST.1.M.CP,SRB,2008,2730,,
OFST.1.M.CP,SRB,2009,3655,,
OFST.1.M.CP,SRB,2010,5238,,
OFST.1.M.CP,SRB,2011,2905,,
OFST.1.M.CP,SRB,2012,5781,,
OFST.1.M.CP,SRB,2013,5844,,
OFST.1.M.CP,SRB,2014,2984,,
OFST.1.M.CP,SRB,2016,2227,,
OFST.1.M.CP,SRB,2017,1936,,
OFST.1.M.CP,SRB,2018,2142,,
OFST.1.M.CP,SRB,2019,2730,,
OFST.1.M.CP,SRB,2020,3870,,
OFST.1.M.CP,SRB,2021,5267,,
OFST.1.M.CP,SRB,2022,7345,,
OFST.1.M.CP,SRB,2024,1025,,
OFST.1.M.CP,SSD,2011,389793,UIS_EST,
OFST.1.M.CP,SSD,2015,540931,UIS_EST,
OFST.1.M.CP,SSD,2024,634882,,
OFST.1.M.CP,STP,1983,293,,
OFST.1.M.CP,STP,1984,183,,
OFST.1.M.CP,STP,1999,2417,,
OFST.1.M.CP,STP,2002,510,UIS_EST,
OFST.1.M.CP,STP,2003,510,,
OFST.1.M.CP,STP,2004,355,,
OFST.1.M.CP,STP,2005,225,,
OFST.1.M.CP,STP,2007,1138,,
OFST.1.M.CP,STP,2008,1042,,
OFST.1.M.CP,STP,2009,1162,,
OFST.1.M.CP,STP,2010,1084,,
OFST.1.M.CP,STP,2013,1250,,
OFST.1.M.CP,STP,2014,1231,,
OFST.1.M.CP,STP,2015,1234,,
OFST.1.M.CP,STP,2017,342,,
OFST.1.M.CP,SUR,1977,2325,,
OFST.1.M.CP,SUR,1978,1469,,
OFST.1.M.CP,SUR,1985,2213,,
OFST.1.M.CP,SUR,1987,3476,,
OFST.1.M.CP,SUR,1988,3380,,
OFST.1.M.CP,SUR,1989,2245,,
OFST.1.M.CP,SUR,2005,5776,,
OFST.1.M.CP,SUR,2006,5876,UIS_EST,
OFST.1.M.CP,SUR,2007,7099,,
OFST.1.M.CP,SUR,2008,6037,UIS_EST,
OFST.1.M.CP,SUR,2009,5615,UIS_EST,
OFST.1.M.CP,SUR,2010,6406,,
OFST.1.M.CP,SUR,2011,6622,,
OFST.1.M.CP,SUR,2012,6170,,
OFST.1.M.CP,SUR,2013,6016,,
OFST.1.M.CP,SUR,2014,5902,,
OFST.1.M.CP,SUR,2015,4768,,
OFST.1.M.CP,SUR,2016,4706,,
OFST.1.M.CP,SUR,2017,5745,,
OFST.1.M.CP,SUR,2018,5378,,
OFST.1.M.CP,SUR,2019,5597,,
OFST.1.M.CP,SUR,2020,6130,,
OFST.1.M.CP,SUR,2021,6626,,
OFST.1.M.CP,SUR,2022,8442.738945505007,,
OFST.1.M.CP,SUR,2023,13498.81185680072,,
OFST.1.M.CP,SUR,2024,5255.542904987276,,
OFST.1.M.CP,SVK,2001,602,UIS_EST,
OFST.1.M.CP,SVK,2002,2663,NAT_EST,
OFST.1.M.CP,SVK,2003,2776,NAT_EST,
OFST.1.M.CP,SVK,2004,2969,NAT_EST,
OFST.1.M.CP,SVK,2005,3309,NAT_EST,
OFST.1.M.CP,SVK,2006,3992,NAT_EST,
OFST.1.M.CP,SVK,2007,3675,NAT_EST,
OFST.1.M.CP,SVK,2008,4261,NAT_EST,
OFST.1.M.CP,SVK,2009,4926,NAT_EST,
OFST.1.M.CP,SVK,2010,5221,NAT_EST,
OFST.1.M.CP,SVK,2011,5887,NAT_EST,
OFST.1.M.CP,SVK,2012,6238,NAT_EST,
OFST.1.M.CP,SVK,2013,6585,NAT_EST,
OFST.1.M.CP,SVK,2014,7318,NAT_EST,
OFST.1.M.CP,SVK,2015,7288,NAT_EST,
OFST.1.M.CP,SVK,2016,7998,NAT_EST,
OFST.1.M.CP,SVK,2017,7090,NAT_EST,
OFST.1.M.CP,SVK,2018,8631,NAT_EST,
OFST.1.M.CP,SVK,2019,7397,NAT_EST,
OFST.1.M.CP,SVK,2020,6024,NAT_EST,
OFST.1.M.CP,SVK,2021,5183,NAT_EST,
OFST.1.M.CP,SVK,2022,3503,NAT_EST,
OFST.1.M.CP,SVK,2023,1519,NAT_EST,
OFST.1.M.CP,SVK,2024,1405,NAT_EST,
OFST.1.M.CP,SVN,2001,1021,NAT_EST,
OFST.1.M.CP,SVN,2002,1251,NAT_EST,
OFST.1.M.CP,SVN,2003,1098,NAT_EST,
OFST.1.M.CP,SVN,2004,1464,NAT_EST,
OFST.1.M.CP,SVN,2005,861,NAT_EST,
OFST.1.M.CP,SVN,2006,769,NAT_EST,
OFST.1.M.CP,SVN,2007,1556,NAT_EST,
OFST.1.M.CP,SVN,2008,1292,NAT_EST,
OFST.1.M.CP,SVN,2009,1200,NAT_EST,
OFST.1.M.CP,SVN,2010,1198,NAT_EST,
OFST.1.M.CP,SVN,2011,1254,NAT_EST,
OFST.1.M.CP,SVN,2012,1193,NAT_EST,
OFST.1.M.CP,SVN,2013,1206,NAT_EST,
OFST.1.M.CP,SVN,2014,1160,NAT_EST,
OFST.1.M.CP,SVN,2015,1042,NAT_EST,
OFST.1.M.CP,SVN,2016,1476,NAT_EST,
OFST.1.M.CP,SVN,2017,1393,NAT_EST,
OFST.1.M.CP,SVN,2018,1044,NAT_EST,
OFST.1.M.CP,SVN,2019,897,NAT_EST,
OFST.1.M.CP,SVN,2020,679,NAT_EST,
OFST.1.M.CP,SVN,2021,1071,NAT_EST,
OFST.1.M.CP,SVN,2022,833,NAT_EST,
OFST.1.M.CP,SVN,2023,1051,NAT_EST,
OFST.1.M.CP,SWE,2001,892,NAT_EST,
OFST.1.M.CP,SWE,2002,213,NAT_EST,
OFST.1.M.CP,SWE,2009,445,NAT_EST,
OFST.1.M.CP,SWE,2010,1538,NAT_EST,
OFST.1.M.CP,SWE,2011,6498,NAT_EST,
OFST.1.M.CP,SWE,2012,1101,NAT_EST,
OFST.1.M.CP,SWE,2013,2725,NAT_EST,
OFST.1.M.CP,SWE,2014,4211,NAT_EST,
OFST.1.M.CP,SWE,2015,2629,NAT_EST,
OFST.1.M.CP,SWE,2016,1184,NAT_EST,
OFST.1.M.CP,SWE,2018,1524,NAT_EST,
OFST.1.M.CP,SWE,2019,2665,NAT_EST,
OFST.1.M.CP,SWE,2020,2524,NAT_EST,
OFST.1.M.CP,SWE,2021,1913,NAT_EST,
OFST.1.M.CP,SWE,2022,2172,NAT_EST,
OFST.1.M.CP,SWE,2023,1716,NAT_EST,
OFST.1.M.CP,SWE,2024,2203,NAT_EST,
OFST.1.M.CP,SWZ,1970,19382,,
OFST.1.M.CP,SWZ,1971,19780,,
OFST.1.M.CP,SWZ,1972,19041,,
OFST.1.M.CP,SWZ,1973,17638,,
OFST.1.M.CP,SWZ,1974,17422,,
OFST.1.M.CP,SWZ,1975,16508,,
OFST.1.M.CP,SWZ,1976,16209,,
OFST.1.M.CP,SWZ,1977,15746,,
OFST.1.M.CP,SWZ,1978,16244,,
OFST.1.M.CP,SWZ,1979,16506,,
OFST.1.M.CP,SWZ,1981,15503,,
OFST.1.M.CP,SWZ,1982,16651,,
OFST.1.M.CP,SWZ,1983,19001,,
OFST.1.M.CP,SWZ,1984,19593,,
OFST.1.M.CP,SWZ,1985,19729,,
OFST.1.M.CP,SWZ,1986,21812,,
OFST.1.M.CP,SWZ,1987,22657,,
OFST.1.M.CP,SWZ,1988,23506,,
OFST.1.M.CP,SWZ,1989,25421,,
OFST.1.M.CP,SWZ,1990,24841,,
OFST.1.M.CP,SWZ,1991,25974,UIS_EST,
OFST.1.M.CP,SWZ,1992,26301,,
OFST.1.M.CP,SWZ,1993,28511,,
OFST.1.M.CP,SWZ,1994,29058,,
OFST.1.M.CP,SWZ,1995,27722,,
OFST.1.M.CP,SWZ,1996,30496,,
OFST.1.M.CP,SWZ,2009,19102,,
OFST.1.M.CP,SWZ,2010,12435,,
OFST.1.M.CP,SWZ,2011,5525,,
OFST.1.M.CP,SWZ,2012,10918,,
OFST.1.M.CP,SWZ,2013,13818,,
OFST.1.M.CP,SWZ,2014,11303,,
OFST.1.M.CP,SWZ,2015,10087,,
OFST.1.M.CP,SWZ,2016,8930,,
OFST.1.M.CP,SWZ,2017,9962,,
OFST.1.M.CP,SWZ,2018,7693,,
OFST.1.M.CP,SWZ,2019,6789,,
OFST.1.M.CP,SWZ,2022,2865,,
OFST.1.M.CP,SYC,1979,958,,
OFST.1.M.CP,SYC,1993,483,,
OFST.1.M.CP,SYC,1994,427,,
OFST.1.M.CP,SYC,1995,435,,
OFST.1.M.CP,SYC,1996,369,,
OFST.1.M.CP,SYC,2002,41,UIS_EST,
OFST.1.M.CP,SYC,2022,105,,
OFST.1.M.CP,SYC,2023,115,,
OFST.1.M.CP,SYC,2024,376,,
OFST.1.M.CP,SYR,1971,73436,,
OFST.1.M.CP,SYR,1973,32073,,
OFST.1.M.CP,SYR,1974,21210,,
OFST.1.M.CP,SYR,1975,21147,,
OFST.1.M.CP,SYR,1976,15016,,
OFST.1.M.CP,SYR,1977,21701,,
OFST.1.M.CP,SYR,1978,41168,,
OFST.1.M.CP,SYR,1979,48904,,
OFST.1.M.CP,SYR,1980,54051,,
OFST.1.M.CP,SYR,1981,59603,,
OFST.1.M.CP,SYR,1982,66770,,
OFST.1.M.CP,SYR,1983,67471,,
OFST.1.M.CP,SYR,1984,57291,,
OFST.1.M.CP,SYR,1985,50651,,
OFST.1.M.CP,SYR,1986,41555,,
OFST.1.M.CP,SYR,1987,11241,,
OFST.1.M.CP,SYR,1988,10641,,
OFST.1.M.CP,SYR,1989,5388,UIS_EST,
OFST.1.M.CP,SYR,1990,4800,,
OFST.1.M.CP,SYR,1995,18600,,
OFST.1.M.CP,SYR,1996,35888,,
OFST.1.M.CP,SYR,1997,55190,,
OFST.1.M.CP,SYR,1998,51751,,
OFST.1.M.CP,SYR,1999,38836,,
OFST.1.M.CP,SYR,2000,45843,,
OFST.1.M.CP,SYR,2001,57356,,
OFST.1.M.CP,SYR,2002,37565,,
OFST.1.M.CP,SYR,2013,386237,,
OFST.1.M.CP,SYR,2020,574745,,
OFST.1.M.CP,SYR,2021,570035,,
OFST.1.M.CP,SYR,2022,482933,,
OFST.1.M.CP,SYR,2023,386144,,
OFST.1.M.CP,SYR,2024,302495,,
OFST.1.M.CP,TCA,1997,150,,
OFST.1.M.CP,TCA,1999,114,UIS_EST,
OFST.1.M.CP,TCA,2000,54,UIS_EST,
OFST.1.M.CP,TCA,2002,59,,
OFST.1.M.CP,TCA,2003,231,,
OFST.1.M.CP,TCA,2004,163,,
OFST.1.M.CP,TCA,2005,122,,
OFST.1.M.CP,TCA,2014,109,,
OFST.1.M.CP,TCA,2015,44,,
OFST.1.M.CP,TCD,1975,215170,,
OFST.1.M.CP,TCD,1977,227375,,
OFST.1.M.CP,TCD,1988,254379,,
OFST.1.M.CP,TCD,1997,298039,,
OFST.1.M.CP,TCD,1998,276529,,
OFST.1.M.CP,TCD,1999,288795,,
OFST.1.M.CP,TCD,2000,301290,,
OFST.1.M.CP,TCD,2001,307992,UIS_EST,
OFST.1.M.CP,TCD,2002,284845,,
OFST.1.M.CP,TCD,2003,285601,UIS_EST,
OFST.1.M.CP,TCD,2011,348269,,
OFST.1.M.CP,TCD,2013,175581,UIS_EST,
OFST.1.M.CP,TCD,2015,200580,,
OFST.1.M.CP,TCD,2016,305261,,
OFST.1.M.CP,TCD,2017,395533,,
OFST.1.M.CP,TCD,2018,331685,,
OFST.1.M.CP,TCD,2019,357109,,
OFST.1.M.CP,TCD,2021,347888,,
OFST.1.M.CP,TCD,2022,360473,,
OFST.1.M.CP,TCD,2023,346252,,
OFST.1.M.CP,TCD,2024,335149,,
OFST.1.M.CP,TGO,1971,65124,,
OFST.1.M.CP,TGO,1972,67384,,
OFST.1.M.CP,TGO,1978,45734,,
OFST.1.M.CP,TGO,1979,46414,,
OFST.1.M.CP,TGO,1980,49092,,
OFST.1.M.CP,TGO,1982,62094,,
OFST.1.M.CP,TGO,1983,75233,,
OFST.1.M.CP,TGO,1984,95363,,
OFST.1.M.CP,TGO,1985,104085,,
OFST.1.M.CP,TGO,1986,121998,,
OFST.1.M.CP,TGO,1987,90625,,
OFST.1.M.CP,TGO,1988,91951,,
OFST.1.M.CP,TGO,1989,92528,,
OFST.1.M.CP,TGO,1990,92485,,
OFST.1.M.CP,TGO,1991,87626,,
OFST.1.M.CP,TGO,1994,85126,,
OFST.1.M.CP,TGO,1995,60926,,
OFST.1.M.CP,TGO,1996,35611,,
OFST.1.M.CP,TGO,1997,52556,,
OFST.1.M.CP,TGO,1999,8392,,
OFST.1.M.CP,TGO,2001,26123,,
OFST.1.M.CP,TGO,2002,10759,,
OFST.1.M.CP,TGO,2003,27948,,
OFST.1.M.CP,TGO,2004,18814,,
OFST.1.M.CP,TGO,2005,24786,,
OFST.1.M.CP,TGO,2006,12935,,
OFST.1.M.CP,TGO,2007,36766,,
OFST.1.M.CP,TGO,2008,33056,,
OFST.1.M.CP,TGO,2014,37962,,
OFST.1.M.CP,TGO,2015,32092,,
OFST.1.M.CP,TGO,2016,75879.90599999996,,
OFST.1.M.CP,TGO,2017,45416,,
OFST.1.M.CP,TGO,2018,52342,,
OFST.1.M.CP,TGO,2019,53035,,
OFST.1.M.CP,TGO,2020,26260,,
OFST.1.M.CP,TGO,2021,18194,,
OFST.1.M.CP,THA,1973,862383,,
OFST.1.M.CP,THA,1974,871755,,
OFST.1.M.CP,THA,2006,148044,,
OFST.1.M.CP,THA,2007,149903,,
OFST.1.M.CP,THA,2008,164709,,
OFST.1.M.CP,THA,2009,193094,,
OFST.1.M.CP,THA,2024,660,,
OFST.1.M.CP,TJK,2011,5386,,
OFST.1.M.CP,TJK,2012,22451,,
OFST.1.M.CP,TJK,2013,26883,,
OFST.1.M.CP,TJK,2014,26912,,
OFST.1.M.CP,TJK,2015,21623,,
OFST.1.M.CP,TJK,2016,15602,,
OFST.1.M.CP,TJK,2017,7060,,
OFST.1.M.CP,TKL,2016,15.99999940395355,,
OFST.1.M.CP,TKL,2019,20.00000290572643,,
OFST.1.M.CP,TKL,2020,26.00000323355198,,
OFST.1.M.CP,TKL,2021,22.00000613927838,,
OFST.1.M.CP,TKL,2023,42.00000329315661,,
OFST.1.M.CP,TKL,2024,73.00000126659869,,
OFST.1.M.CP,TKM,2022,5819,,
OFST.1.M.CP,TKM,2023,8458,UIS_EST,
OFST.1.M.CP,TKM,2024,14350,,
OFST.1.M.CP,TLS,2008,10095,,
OFST.1.M.CP,TLS,2009,6595,,
OFST.1.M.CP,TLS,2010,6432,,
OFST.1.M.CP,TLS,2011,4661,,
OFST.1.M.CP,TLS,2012,7296,,
OFST.1.M.CP,TLS,2013,7721,,
OFST.1.M.CP,TLS,2014,9159,,
OFST.1.M.CP,TLS,2015,9369,,
OFST.1.M.CP,TLS,2016,9634,,
OFST.1.M.CP,TLS,2017,6970,,
OFST.1.M.CP,TLS,2018,7164,,
OFST.1.M.CP,TLS,2019,7497,,
OFST.1.M.CP,TLS,2020,6710,,
OFST.1.M.CP,TLS,2023,8710,,
OFST.1.M.CP,TON,1970,274,,
OFST.1.M.CP,TON,1971,13,,
OFST.1.M.CP,TON,1974,398,,
OFST.1.M.CP,TON,1975,171,,
OFST.1.M.CP,TON,1978,121,,
OFST.1.M.CP,TON,1982,1080,,
OFST.1.M.CP,TON,1983,2134,,
OFST.1.M.CP,TON,1984,1007,,
OFST.1.M.CP,TON,1985,1174,,
OFST.1.M.CP,TON,1986,1049,,
OFST.1.M.CP,TON,1990,1147,,
OFST.1.M.CP,TON,1993,1084,,
OFST.1.M.CP,TON,1998,807,NAT_EST,
OFST.1.M.CP,TON,1999,435,UIS_EST,
OFST.1.M.CP,TTO,1971,10082,,
OFST.1.M.CP,TTO,1972,9173,,
OFST.1.M.CP,TTO,1973,9044,,
OFST.1.M.CP,TTO,1974,8937,,
OFST.1.M.CP,TTO,1975,8474,,
OFST.1.M.CP,TTO,1976,6884,,
OFST.1.M.CP,TTO,1977,6753,,
OFST.1.M.CP,TTO,1978,9680,,
OFST.1.M.CP,TTO,1979,14190,,
OFST.1.M.CP,TTO,1980,16330,,
OFST.1.M.CP,TTO,1981,12058,,
OFST.1.M.CP,TTO,1982,9732,,
OFST.1.M.CP,TTO,1983,10377,,
OFST.1.M.CP,TTO,1984,10552,,
OFST.1.M.CP,TTO,1985,10715,,
OFST.1.M.CP,TTO,1986,13237,,
OFST.1.M.CP,TTO,1987,12011,,
OFST.1.M.CP,TTO,1988,11656,,
OFST.1.M.CP,TTO,1989,12423,,
OFST.1.M.CP,TTO,1990,14627,,
OFST.1.M.CP,TTO,1991,12431,,
OFST.1.M.CP,TTO,1992,11958,,
OFST.1.M.CP,TTO,1993,12477,,
OFST.1.M.CP,TTO,1996,12713,,
OFST.1.M.CP,TTO,1997,13277,,
OFST.1.M.CP,TTO,1999,4456,,
OFST.1.M.CP,TTO,2000,3081,UIS_EST,
OFST.1.M.CP,TTO,2001,3609,UIS_EST,
OFST.1.M.CP,TTO,2002,7966,UIS_EST,
OFST.1.M.CP,TTO,2003,6634,,
OFST.1.M.CP,TTO,2004,4989,NAT_EST,
OFST.1.M.CP,TTO,2005,6983,NAT_EST,
OFST.1.M.CP,TTO,2007,1583,NAT_EST,
OFST.1.M.CP,TTO,2008,5556,,
OFST.1.M.CP,TTO,2009,4023,NAT_EST,
OFST.1.M.CP,TTO,2010,3752,,
OFST.1.M.CP,TTO,2023,19862,,
OFST.1.M.CP,TTO,2024,5296.764223411439,,
OFST.1.M.CP,TUN,1971,29096,,
OFST.1.M.CP,TUN,1975,62942,,
OFST.1.M.CP,TUN,1978,73652,,
OFST.1.M.CP,TUN,1979,70493,,
OFST.1.M.CP,TUN,1980,61041,,
OFST.1.M.CP,TUN,1981,56885,,
OFST.1.M.CP,TUN,1982,51528,,
OFST.1.M.CP,TUN,1983,41762,,
OFST.1.M.CP,TUN,1984,32143,,
OFST.1.M.CP,TUN,1985,34698,,
OFST.1.M.CP,TUN,1986,35274,,
OFST.1.M.CP,TUN,1987,36839,,
OFST.1.M.CP,TUN,1988,39708,,
OFST.1.M.CP,TUN,1989,36516,,
OFST.1.M.CP,TUN,1990,41335,,
OFST.1.M.CP,TUN,1991,35518,,
OFST.1.M.CP,TUN,1992,34018,,
OFST.1.M.CP,TUN,1993,29578,,
OFST.1.M.CP,TUN,1994,28910,,
OFST.1.M.CP,TUN,1995,25172,,
OFST.1.M.CP,TUN,1996,28115,,
OFST.1.M.CP,TUN,1997,33021,,
OFST.1.M.CP,TUN,1999,32790,UIS_EST,
OFST.1.M.CP,TUN,2000,29607,,
OFST.1.M.CP,TUN,2001,26867,,
OFST.1.M.CP,TUN,2002,13043,UIS_EST,
OFST.1.M.CP,TUN,2003,9991,,
OFST.1.M.CP,TUN,2004,9073,UIS_EST,
OFST.1.M.CP,TUN,2005,18458,,
OFST.1.M.CP,TUN,2006,20096,,
OFST.1.M.CP,TUN,2007,25109,,
OFST.1.M.CP,TUN,2008,24909,,
OFST.1.M.CP,TUN,2009,24676,,
OFST.1.M.CP,TUN,2010,20412,,
OFST.1.M.CP,TUN,2011,20079,,
OFST.1.M.CP,TUN,2020,17156,,
OFST.1.M.CP,TUN,2021,16963,,
OFST.1.M.CP,TUN,2022,15074,,
OFST.1.M.CP,TUN,2023,11133,,
OFST.1.M.CP,TUR,1974,511375,,
OFST.1.M.CP,TUR,1994,319453,,
OFST.1.M.CP,TUR,1995,367871,,
OFST.1.M.CP,TUR,1997,315407,,
OFST.1.M.CP,TUR,2014,8934,,
OFST.1.M.CP,TUR,2015,37939,,
OFST.1.M.CP,TUR,2016,52329,,
OFST.1.M.CP,TUR,2017,23713,,
OFST.1.M.CP,TUV,2016,14,,
OFST.1.M.CP,TUV,2019,59,,
OFST.1.M.CP,TZA,1981,582320,,
OFST.1.M.CP,TZA,1982,723757,,
OFST.1.M.CP,TZA,1983,799032,,
OFST.1.M.CP,TZA,1985,1026114,,
OFST.1.M.CP,TZA,1986,1116464,,
OFST.1.M.CP,TZA,1987,1179566,,
OFST.1.M.CP,TZA,1988,1261678,,
OFST.1.M.CP,TZA,1989,1280095,,
OFST.1.M.CP,TZA,1990,1314172,,
OFST.1.M.CP,TZA,1991,1347795,,
OFST.1.M.CP,TZA,1992,1357403,,
OFST.1.M.CP,TZA,1993,1397610,,
OFST.1.M.CP,TZA,1994,1456694,,
OFST.1.M.CP,TZA,1995,1483749,,
OFST.1.M.CP,TZA,1996,1503672,,
OFST.1.M.CP,TZA,1997,1513169,,
OFST.1.M.CP,TZA,1998,1556281,,
OFST.1.M.CP,TZA,1999,1570976,,
OFST.1.M.CP,TZA,2000,1481855,UIS_EST,
OFST.1.M.CP,TZA,2001,1338874,UIS_EST,
OFST.1.M.CP,TZA,2002,844450,,
OFST.1.M.CP,TZA,2003,566307,UIS_EST,
OFST.1.M.CP,TZA,2004,444602,,
OFST.1.M.CP,TZA,2005,311246,,
OFST.1.M.CP,TZA,2006,147393,,
OFST.1.M.CP,TZA,2008,137784,,
OFST.1.M.CP,TZA,2010,440289,,
OFST.1.M.CP,TZA,2011,507182,,
OFST.1.M.CP,TZA,2012,654000,,
OFST.1.M.CP,TZA,2013,810447,,
OFST.1.M.CP,TZA,2014,917805,,
OFST.1.M.CP,TZA,2015,1049822,,
OFST.1.M.CP,TZA,2016,1134515,,
OFST.1.M.CP,TZA,2017,1207013,,
OFST.1.M.CP,TZA,2018,977071,,
OFST.1.M.CP,TZA,2019,855929,,
OFST.1.M.CP,TZA,2020,826417,,
OFST.1.M.CP,TZA,2021,826124,,
OFST.1.M.CP,TZA,2022,893024,,
OFST.1.M.CP,TZA,2023,997845,,
OFST.1.M.CP,TZA,2024,1189153,,
OFST.1.M.CP,UGA,1979,796560,,
OFST.1.M.CP,UGA,1981,790055,,
OFST.1.M.CP,UGA,1982,796567,,
OFST.1.M.CP,UGA,1986,624005,,
OFST.1.M.CP,UGA,2009,198562,UIS_EST,
OFST.1.M.CP,UGA,2010,328821,,
OFST.1.M.CP,UGA,2011,219438,,
OFST.1.M.CP,UGA,2013,181019,,
OFST.1.M.CP,UKR,2002,16408,UIS_EST,
OFST.1.M.CP,UKR,2003,81786,UIS_EST,
OFST.1.M.CP,UKR,2004,76081,NAT_EST,
OFST.1.M.CP,UKR,2005,67742,NAT_EST,
OFST.1.M.CP,UKR,2006,64771,NAT_EST,
OFST.1.M.CP,UKR,2007,61051,NAT_EST,
OFST.1.M.CP,UKR,2008,62053,NAT_EST,
OFST.1.M.CP,UKR,2009,66280,NAT_EST,
OFST.1.M.CP,UKR,2010,70319,,
OFST.1.M.CP,UKR,2011,78670,,
OFST.1.M.CP,UKR,2012,91311,,
OFST.1.M.CP,UKR,2013,98211,,
OFST.1.M.CP,UKR,2014,108659,,
OFST.1.M.CP,UKR,2015,149916,,
OFST.1.M.CP,UKR,2016,157214,,
OFST.1.M.CP,UKR,2017,161828,,
OFST.1.M.CP,UKR,2018,167700,,
OFST.1.M.CP,UKR,2019,161934,,
OFST.1.M.CP,UKR,2020,160632,,
OFST.1.M.CP,UKR,2021,155113,,
OFST.1.M.CP,UKR,2023,101956,,
OFST.1.M.CP,UKR,2024,102653,,
OFST.1.M.CP,URY,1984,21605,,
OFST.1.M.CP,URY,1991,10574,,
OFST.1.M.CP,URY,1992,7705,,
OFST.1.M.CP,URY,1993,7086,,
OFST.1.M.CP,URY,1994,9435,,
OFST.1.M.CP,URY,1995,9580,,
OFST.1.M.CP,URY,1996,10186,,
OFST.1.M.CP,URY,1997,9401,,
OFST.1.M.CP,URY,2005,297,,
OFST.1.M.CP,URY,2006,3807,,
OFST.1.M.CP,URY,2007,8198,,
OFST.1.M.CP,URY,2008,5274,,
OFST.1.M.CP,URY,2009,4194,,
OFST.1.M.CP,URY,2010,2935,UIS_EST,
OFST.1.M.CP,URY,2011,1686,,
OFST.1.M.CP,URY,2012,1926,,
OFST.1.M.CP,URY,2013,502,,
OFST.1.M.CP,URY,2014,6874,,
OFST.1.M.CP,URY,2015,820,,
OFST.1.M.CP,USA,2005,104076,,
OFST.1.M.CP,USA,2013,334205,,
OFST.1.M.CP,USA,2015,214356,,
OFST.1.M.CP,USA,2016,36772,,
OFST.1.M.CP,USA,2018,64864,,
OFST.1.M.CP,USA,2019,123016,,
OFST.1.M.CP,USA,2020,245238,,
OFST.1.M.CP,USA,2021,500796,,
OFST.1.M.CP,USA,2022,517634,,
OFST.1.M.CP,UZB,2007,59128,,
OFST.1.M.CP,UZB,2008,29543,,
OFST.1.M.CP,UZB,2009,22035,,
OFST.1.M.CP,UZB,2010,29466,,
OFST.1.M.CP,UZB,2011,40426,,
OFST.1.M.CP,UZB,2012,45910,,
OFST.1.M.CP,UZB,2013,45657,,
OFST.1.M.CP,UZB,2014,25252,,
OFST.1.M.CP,UZB,2015,21481,,
OFST.1.M.CP,UZB,2016,14788,,
OFST.1.M.CP,UZB,2017,17502,,
OFST.1.M.CP,UZB,2019,19827,,
OFST.1.M.CP,UZB,2020,14157,,
OFST.1.M.CP,UZB,2021,19703,,
OFST.1.M.CP,UZB,2022,54815,,
OFST.1.M.CP,UZB,2023,69541,,
OFST.1.M.CP,VCT,1984,1169,,
OFST.1.M.CP,VCT,1986,962,,
OFST.1.M.CP,VCT,1994,292,,
OFST.1.M.CP,VCT,2000,94,UIS_EST,
OFST.1.M.CP,VCT,2004,290,,
OFST.1.M.CP,VCT,2005,550,,
OFST.1.M.CP,VCT,2007,224,,
OFST.1.M.CP,VEN,1999,220987,UIS_EST,
OFST.1.M.CP,VEN,2000,183008,UIS_EST,
OFST.1.M.CP,VEN,2001,152422,UIS_EST,
OFST.1.M.CP,VEN,2002,92763,UIS_EST,
OFST.1.M.CP,VEN,2003,123018,UIS_EST,
OFST.1.M.CP,VEN,2004,120428,UIS_EST,
OFST.1.M.CP,VEN,2005,136742,UIS_EST,
OFST.1.M.CP,VEN,2006,134452,UIS_EST,
OFST.1.M.CP,VEN,2007,108691,UIS_EST,
OFST.1.M.CP,VEN,2008,149943,,
OFST.1.M.CP,VEN,2009,121824,,
OFST.1.M.CP,VEN,2010,112731,,
OFST.1.M.CP,VEN,2011,108928,,
OFST.1.M.CP,VEN,2012,89555,,
OFST.1.M.CP,VEN,2013,101841,,
OFST.1.M.CP,VEN,2014,131064,,
OFST.1.M.CP,VEN,2015,131583,,
OFST.1.M.CP,VEN,2016,173728,,
OFST.1.M.CP,VEN,2017,207433,,
OFST.1.M.CP,VGB,1983,135,,
OFST.1.M.CP,VGB,1984,121,,
OFST.1.M.CP,VGB,1985,60,,
OFST.1.M.CP,VGB,1990,21,,
OFST.1.M.CP,VGB,1991,13,,
OFST.1.M.CP,VGB,1994,28,,
OFST.1.M.CP,VGB,2000,185,,
OFST.1.M.CP,VGB,2001,117,,
OFST.1.M.CP,VGB,2003,10,,
OFST.1.M.CP,VGB,2005,117,UIS_EST,
OFST.1.M.CP,VGB,2006,149,,
OFST.1.M.CP,VGB,2012,67,,
OFST.1.M.CP,VGB,2013,111,,
OFST.1.M.CP,VGB,2014,119,,
OFST.1.M.CP,VGB,2015,150,,
OFST.1.M.CP,VGB,2016,189,,
OFST.1.M.CP,VGB,2017,33,,
OFST.1.M.CP,VGB,2018,407,,
OFST.1.M.CP,VGB,2019,290,,
OFST.1.M.CP,VGB,2020,57,,
OFST.1.M.CP,VGB,2021,138,,
OFST.1.M.CP,VGB,2022,369,,
OFST.1.M.CP,VGB,2023,233,,
OFST.1.M.CP,VGB,2024,525,,
OFST.1.M.CP,VNM,2021,6253,,
OFST.1.M.CP,VUT,1981,2583,,
OFST.1.M.CP,VUT,1989,1891,,
OFST.1.M.CP,VUT,1999,1381,UIS_EST,
OFST.1.M.CP,VUT,2000,984,UIS_EST,
OFST.1.M.CP,VUT,2001,836,UIS_EST,
OFST.1.M.CP,VUT,2002,626,UIS_EST,
OFST.1.M.CP,VUT,2003,585,UIS_EST,
OFST.1.M.CP,VUT,2004,686,UIS_EST,
OFST.1.M.CP,VUT,2022,378.0000839233398,,
OFST.1.M.CP,VUT,2023,805.9998226165771,,
OFST.1.M.CP,VUT,2024,765.9997005462646,,
OFST.1.M.CP,WB: High income (July 2025),2000,1310000,,
OFST.1.M.CP,WB: High income (July 2025),2001,1345000,,
OFST.1.M.CP,WB: High income (July 2025),2002,1269000,,
OFST.1.M.CP,WB: High income (July 2025),2003,1052000,,
OFST.1.M.CP,WB: High income (July 2025),2004,1019000,,
OFST.1.M.CP,WB: High income (July 2025),2005,892000,,
OFST.1.M.CP,WB: High income (July 2025),2006,848100,,
OFST.1.M.CP,WB: High income (July 2025),2007,840500,,
OFST.1.M.CP,WB: High income (July 2025),2008,847700,,
OFST.1.M.CP,WB: High income (July 2025),2009,848200,,
OFST.1.M.CP,WB: High income (July 2025),2010,844600,,
OFST.1.M.CP,WB: High income (July 2025),2011,822800,,
OFST.1.M.CP,WB: High income (July 2025),2012,788500,,
OFST.1.M.CP,WB: High income (July 2025),2013,764600,,
OFST.1.M.CP,WB: High income (July 2025),2014,735500,,
OFST.1.M.CP,WB: High income (July 2025),2015,707600,,
OFST.1.M.CP,WB: High income (July 2025),2016,690200,,
OFST.1.M.CP,WB: High income (July 2025),2017,684300,,
OFST.1.M.CP,WB: High income (July 2025),2018,695200,,
OFST.1.M.CP,WB: High income (July 2025),2019,731400,,
OFST.1.M.CP,WB: High income (July 2025),2020,790400,,
OFST.1.M.CP,WB: High income (July 2025),2021,865500,,
OFST.1.M.CP,WB: High income (July 2025),2022,942600,,
OFST.1.M.CP,WB: High income (July 2025),2023,1007000,,
OFST.1.M.CP,WB: High income (July 2025),2024,1051000,,
OFST.1.M.CP,WB: Low income (July 2025),2000,13580000,,
OFST.1.M.CP,WB: Low income (July 2025),2001,13300000,,
OFST.1.M.CP,WB: Low income (July 2025),2002,13060000,,
OFST.1.M.CP,WB: Low income (July 2025),2003,12830000,,
OFST.1.M.CP,WB: Low income (July 2025),2004,12610000,,
OFST.1.M.CP,WB: Low income (July 2025),2005,12370000,,
OFST.1.M.CP,WB: Low income (July 2025),2006,12140000,,
OFST.1.M.CP,WB: Low income (July 2025),2007,11880000,,
OFST.1.M.CP,WB: Low income (July 2025),2008,11610000,,
OFST.1.M.CP,WB: Low income (July 2025),2009,11440000,,
OFST.1.M.CP,WB: Low income (July 2025),2010,11410000,,
OFST.1.M.CP,WB: Low income (July 2025),2011,11450000,,
OFST.1.M.CP,WB: Low income (July 2025),2012,11530000,,
OFST.1.M.CP,WB: Low income (July 2025),2013,11730000,,
OFST.1.M.CP,WB: Low income (July 2025),2014,12090000,,
OFST.1.M.CP,WB: Low income (July 2025),2015,12450000,,
OFST.1.M.CP,WB: Low income (July 2025),2016,12850000,,
OFST.1.M.CP,WB: Low income (July 2025),2017,13220000,,
OFST.1.M.CP,WB: Low income (July 2025),2018,13610000,,
OFST.1.M.CP,WB: Low income (July 2025),2019,13900000,,
OFST.1.M.CP,WB: Low income (July 2025),2020,14030000,,
OFST.1.M.CP,WB: Low income (July 2025),2021,14040000,,
OFST.1.M.CP,WB: Low income (July 2025),2022,14270000,,
OFST.1.M.CP,WB: Low income (July 2025),2023,14220000,,
OFST.1.M.CP,WB: Low income (July 2025),2024,14250000,,
OFST.1.M.CP,WB: Lower middle income (July 2025),2000,46050000,,
OFST.1.M.CP,WB: Lower middle income (July 2025),2001,43840000,,
OFST.1.M.CP,WB: Lower middle income (July 2025),2002,41900000,,
OFST.1.M.CP,WB: Lower middle income (July 2025),2003,40490000,,
OFST.1.M.CP,WB: Lower middle income (July 2025),2004,40000000,,
OFST.1.M.CP,WB: Lower middle income (July 2025),2005,38790000,,
OFST.1.M.CP,WB: Lower middle income (July 2025),2006,37190000,,
OFST.1.M.CP,WB: Lower middle income (July 2025),2007,35460000,,
OFST.1.M.CP,WB: Lower middle income (July 2025),2008,33680000,,
OFST.1.M.CP,WB: Lower middle income (July 2025),2009,32000000,,
OFST.1.M.CP,WB: Lower middle income (July 2025),2010,30340000,,
OFST.1.M.CP,WB: Lower middle income (July 2025),2011,28920000,,
OFST.1.M.CP,WB: Lower middle income (July 2025),2012,28090000,,
OFST.1.M.CP,WB: Lower middle income (July 2025),2013,27480000,,
OFST.1.M.CP,WB: Lower middle income (July 2025),2014,27090000,,
OFST.1.M.CP,WB: Lower middle income (July 2025),2015,26850000,,
OFST.1.M.CP,WB: Lower middle income (July 2025),2016,26640000,,
OFST.1.M.CP,WB: Lower middle income (July 2025),2017,26470000,,
OFST.1.M.CP,WB: Lower middle income (July 2025),2018,26410000,,
OFST.1.M.CP,WB: Lower middle income (July 2025),2019,26700000,,
OFST.1.M.CP,WB: Lower middle income (July 2025),2020,27020000,,
OFST.1.M.CP,WB: Lower middle income (July 2025),2021,27380000,,
OFST.1.M.CP,WB: Lower middle income (July 2025),2022,27680000,,
OFST.1.M.CP,WB: Lower middle income (July 2025),2023,27810000,,
OFST.1.M.CP,WB: Lower middle income (July 2025),2024,27850000,,
OFST.1.M.CP,WB: Middle income (July 2025),2000,38630000,,
OFST.1.M.CP,WB: Middle income (July 2025),2001,36660000,,
OFST.1.M.CP,WB: Middle income (July 2025),2002,35090000,,
OFST.1.M.CP,WB: Middle income (July 2025),2003,33780000,,
OFST.1.M.CP,WB: Middle income (July 2025),2004,32760000,,
OFST.1.M.CP,WB: Middle income (July 2025),2005,32050000,,
OFST.1.M.CP,WB: Middle income (July 2025),2006,31030000,,
OFST.1.M.CP,WB: Middle income (July 2025),2007,29830000,,
OFST.1.M.CP,WB: Middle income (July 2025),2008,28540000,,
OFST.1.M.CP,WB: Middle income (July 2025),2009,27360000,,
OFST.1.M.CP,WB: Middle income (July 2025),2010,25960000,,
OFST.1.M.CP,WB: Middle income (July 2025),2011,24740000,,
OFST.1.M.CP,WB: Middle income (July 2025),2012,23930000,,
OFST.1.M.CP,WB: Middle income (July 2025),2013,23220000,,
OFST.1.M.CP,WB: Middle income (July 2025),2014,22670000,,
OFST.1.M.CP,WB: Middle income (July 2025),2015,22240000,,
OFST.1.M.CP,WB: Middle income (July 2025),2016,21910000,,
OFST.1.M.CP,WB: Middle income (July 2025),2017,21600000,,
OFST.1.M.CP,WB: Middle income (July 2025),2018,21480000,,
OFST.1.M.CP,WB: Middle income (July 2025),2019,21720000,,
OFST.1.M.CP,WB: Middle income (July 2025),2020,21950000,,
OFST.1.M.CP,WB: Middle income (July 2025),2021,22210000,,
OFST.1.M.CP,WB: Middle income (July 2025),2022,22430000,,
OFST.1.M.CP,WB: Middle income (July 2025),2023,22470000,,
OFST.1.M.CP,WB: Middle income (July 2025),2024,22460000,,
OFST.1.M.CP,WB: Upper middle income (July 2025),2000,7430000,,
OFST.1.M.CP,WB: Upper middle income (July 2025),2001,7124000,,
OFST.1.M.CP,WB: Upper middle income (July 2025),2002,6816000,,
OFST.1.M.CP,WB: Upper middle income (July 2025),2003,6626000,,
OFST.1.M.CP,WB: Upper middle income (July 2025),2004,7118000,,
OFST.1.M.CP,WB: Upper middle income (July 2025),2005,6586000,,
OFST.1.M.CP,WB: Upper middle income (July 2025),2006,6001000,,
OFST.1.M.CP,WB: Upper middle income (July 2025),2007,5453000,,
OFST.1.M.CP,WB: Upper middle income (July 2025),2008,4941000,,
OFST.1.M.CP,WB: Upper middle income (July 2025),2009,4509000,,
OFST.1.M.CP,WB: Upper middle income (July 2025),2010,4234000,,
OFST.1.M.CP,WB: Upper middle income (July 2025),2011,4042000,,
OFST.1.M.CP,WB: Upper middle income (July 2025),2012,4022000,,
OFST.1.M.CP,WB: Upper middle income (July 2025),2013,4166000,,
OFST.1.M.CP,WB: Upper middle income (July 2025),2014,4355000,,
OFST.1.M.CP,WB: Upper middle income (July 2025),2015,4507000,,
OFST.1.M.CP,WB: Upper middle income (July 2025),2016,4626000,,
OFST.1.M.CP,WB: Upper middle income (July 2025),2017,4736000,,
OFST.1.M.CP,WB: Upper middle income (July 2025),2018,4849000,,
OFST.1.M.CP,WB: Upper middle income (July 2025),2019,4925000,,
OFST.1.M.CP,WB: Upper middle income (July 2025),2020,5022000,,
OFST.1.M.CP,WB: Upper middle income (July 2025),2021,5129000,,
OFST.1.M.CP,WB: Upper middle income (July 2025),2022,5205000,,
OFST.1.M.CP,WB: Upper middle income (July 2025),2023,5294000,,
OFST.1.M.CP,WB: Upper middle income (July 2025),2024,5315000,,
OFST.1.M.CP,WSM,1994,872,,
OFST.1.M.CP,WSM,1998,987,UIS_EST,
OFST.1.M.CP,WSM,1999,1051,,
OFST.1.M.CP,WSM,2007,757,,
OFST.1.M.CP,WSM,2009,424,,
OFST.1.M.CP,WSM,2012,451.000150680542,,
OFST.1.M.CP,WSM,2018,168.0000457763672,,
OFST.1.M.CP,WSM,2019,356.9996967315674,,
OFST.1.M.CP,WSM,2020,900.9994678497314,,
OFST.1.M.CP,WSM,2022,64.99999809265137,,
OFST.1.M.CP,WSM,2023,526.0013523101807,,
OFST.1.M.CP,WSM,2024,116.9995975494385,,
OFST.1.M.CP,YEM,1999,689080,,
OFST.1.M.CP,YEM,2003,505114,UIS_EST,
OFST.1.M.CP,YEM,2004,468038,UIS_EST,
OFST.1.M.CP,YEM,2005,467897,,
OFST.1.M.CP,YEM,2008,593002,,
OFST.1.M.CP,YEM,2010,531228,,
OFST.1.M.CP,YEM,2012,521889,,
OFST.1.M.CP,YEM,2013,540871,,
OFST.1.M.CP,YEM,2016,688200,,
OFST.1.M.CP,ZAF,1970,682053,,
OFST.1.M.CP,ZAF,1991,588708,,
OFST.1.M.CP,ZAF,1994,704586,,
OFST.1.M.CP,ZAF,1995,787398,,
OFST.1.M.CP,ZAF,1998,831246,,
OFST.1.M.CP,ZAF,1999,773365,,
OFST.1.M.CP,ZAF,2000,780173,UIS_EST,
OFST.1.M.CP,ZAF,2001,740150,UIS_EST,
OFST.1.M.CP,ZAF,2002,670425,UIS_EST,
OFST.1.M.CP,ZAF,2003,609168,UIS_EST,
OFST.1.M.CP,ZAF,2004,567042,UIS_EST,
OFST.1.M.CP,ZAF,2005,548716,UIS_EST,
OFST.1.M.CP,ZAF,2015,245162,,
OFST.1.M.CP,ZAF,2017,341718,,
OFST.1.M.CP,ZAF,2018,394221,,
OFST.1.M.CP,ZAF,2019,356001,,
OFST.1.M.CP,ZAF,2020,346726,,
OFST.1.M.CP,ZAF,2021,276591,,
OFST.1.M.CP,ZAF,2022,221622,,
OFST.1.M.CP,ZAF,2023,229187,,
OFST.1.M.CP,ZMB,1972,73193,,
OFST.1.M.CP,ZMB,1976,79312,,
OFST.1.M.CP,ZMB,1977,85422,,
OFST.1.M.CP,ZMB,1978,97725,,
OFST.1.M.CP,ZMB,1979,106802,,
OFST.1.M.CP,ZMB,1980,112043,,
OFST.1.M.CP,ZMB,1981,116078,,
OFST.1.M.CP,ZMB,1982,119831,,
OFST.1.M.CP,ZMB,1983,112789,,
OFST.1.M.CP,ZMB,1984,107833,,
OFST.1.M.CP,ZMB,1986,106142,,
OFST.1.M.CP,ZMB,1988,123640,,
OFST.1.M.CP,ZMB,1994,190437,,
OFST.1.M.CP,ZMB,1995,214835,,
OFST.1.M.CP,ZMB,1998,262679,,
OFST.1.M.CP,ZMB,1999,282379,UIS_EST,
OFST.1.M.CP,ZMB,2000,296407,UIS_EST,
OFST.1.M.CP,ZMB,2001,310654,UIS_EST,
OFST.1.M.CP,ZMB,2002,285923,UIS_EST,
OFST.1.M.CP,ZMB,2004,167682,UIS_EST,
OFST.1.M.CP,ZMB,2005,84952,UIS_EST,
OFST.1.M.CP,ZMB,2006,115886,,
OFST.1.M.CP,ZMB,2007,75567,,
OFST.1.M.CP,ZMB,2009,118258,UIS_EST,
OFST.1.M.CP,ZMB,2010,154530,,
OFST.1.M.CP,ZMB,2011,104322,,
OFST.1.M.CP,ZMB,2012,92108,UIS_EST,
OFST.1.M.CP,ZMB,2013,133805,,
OFST.1.M.CP,ZMB,2017,263055,,
OFST.1.M.CP,ZWE,1998,157416,UIS_EST,
OFST.1.M.CP,ZWE,1999,103833,,
OFST.1.M.CP,ZWE,2000,61472,UIS_EST,
OFST.1.M.CP,ZWE,2001,21887,,
OFST.1.M.CP,ZWE,2002,52217,,
OFST.1.M.CP,ZWE,2003,70172,,
OFST.1.M.CP,ZWE,2012,132617,,
OFST.1.M.CP,ZWE,2013,144513,,
OFST.1.M.CP,ZWE,2014,150481,,
OFST.1.M.CP,ZWE,2015,169954,,
OFST.1.M.CP,ZWE,2016,149568,,
OFST.1.M.CP,ZWE,2017,156277,,
OFST.1.M.CP,ZWE,2018,154691,,
OFST.1.M.CP,ZWE,2019,149066,,
OFST.1.M.CP,ZWE,2020,138593,,
OFST.1.M.CP,ZWE,2021,164595,,
OFST.1.M.CP,ZWE,2022,145410,,
OFST.1.M.CP,ZWE,2023,161725,,
OFST.1.M.CP,ZWE,2024,181260,,